mtllib ancient+sword+3d+model.mtl
o tripo_node_e24e666a-5464-465f-8f56-d3aa0e59ffcb
g tripo_node_e24e666a-5464-465f-8f56-d3aa0e59ffcb
usemtl tripo_material_e24e666a_5464_465f_8f56_d3aa0e59ffcb
v -0.490661621 0.012908906 0.011765555
vt 0.286865234 0.022216797
vn -0.489084333 0.796734154 0.354980618
v -0.500000000 0.013336152 -0.020086212
vt 0.284179688 0.005371094
vn -0.666794896 0.596193075 -0.447144717
v -0.500000000 0.000762910 -0.019948883
vt 0.289550781 0.000244141
vn -0.702072680 -0.709961236 -0.055219077
v -0.489349365 0.000549287 0.011241988
vt 0.291992188 0.021484375
vn -0.149195150 -0.910876215 0.384766728
v -0.475128174 0.000488251 -0.027805256
vt 0.271484375 0.000244141
vn -0.062914148 -0.975169599 -0.212335259
v -0.483276367 0.015350312 -0.025447771
vt 0.277099609 0.006591797
vn 0.031450205 0.974958539 -0.220151976
v -0.467651367 0.014495820 0.007077290
vt 0.272949219 0.022460938
vn 0.157499880 0.858374238 0.488249511
v -0.475006104 0.002441376 -0.027406620
vt 0.271484375 0.001708984
vn 0.157285318 0.943712413 -0.290978044
v -0.468170166 0.015167207 -0.005477833
vt 0.271240234 0.016357422
vn 0.821448088 0.489709526 -0.292246133
v -0.468627930 0.003570527 0.006990506
vt 0.267578125 0.022460938
vn 0.166128710 0.735712588 0.656603634
v -0.465301514 0.006347626 0.001541091
vt 0.266601562 0.018310547
vn -0.292382836 0.956170738 0.015804473
vt 0.840087891 0.707031250
vt 0.829833984 0.709228516
vt 0.823730469 0.701416016
v -0.466979980 0.001556367 0.015136791
vt 0.843505859 0.697998047
vn -0.094761744 -0.994998753 0.031587318
v -0.464111328 0.000396699 -0.062183309
vt 0.812255859 0.687255859
vn -0.007873483 -0.999938011 0.007873572
v -0.388488770 0.000396699 -0.010301528
vt 0.839599609 0.651611328
vn 0.000000044 -1.000000000 0.000000044
v -0.297760010 0.000396729 -0.044082593
vt 0.844238281 0.605468750
v -0.311370850 0.000488281 -0.112892099
vt 0.802490234 0.604492188
v -0.393524170 0.000335664 -0.089507990
vt 0.801025391 0.647949219
v -0.366119385 0.000457734 -0.159698427
vt 0.771240234 0.625000000
v -0.414947510 0.000366181 -0.153991625
vt 0.769531250 0.653564453
vn -0.015744086 -0.999752104 -0.015744083
v -0.474517822 0.001373261 -0.042323992
vt 0.818603516 0.699707031
vn -0.457430929 0.883314788 -0.102527581
vt 0.822753906 0.703125000
v -0.462768555 0.000701874 -0.078895494
vt 0.801757812 0.684570312
vn -0.055027734 -0.998361051 -0.015722170
v -0.476593018 0.001525849 -0.044902727
vt 0.815185547 0.695556641
vn -0.339288086 -0.931069732 -0.134137079
v -0.465545654 0.001556367 -0.066688463
vt 0.805908203 0.689697266
vn -0.462933868 0.870943248 -0.164773032
v -0.455047607 0.009796113 -0.029104162
vt 0.813476562 0.709228516
vn -0.701091886 0.685336828 -0.196935847
vt 0.824707031 0.715820312
v -0.461151123 0.014007539 -0.003024030
vt 0.821289062 0.717041016
vn -0.710691214 0.702794611 0.031586338
v -0.449981689 0.013153046 0.007135462
vt 0.825439453 0.722900391
vn -0.723848701 0.479943186 0.495679080
v -0.445007324 0.014312714 -0.043758322
vt 0.803466797 0.704833984
vn -0.534357429 0.840827167 0.086440206
v -0.435791016 0.020233139 -0.039031915
vt 0.799804688 0.708984375
vn -0.590661168 0.732419729 -0.338645607
v -0.452789307 0.008880585 -0.055004049
vt 0.803222656 0.697509766
vn -0.533912539 0.832275331 -0.149181396
v -0.454620361 0.017868027 -0.053691793
vt 0.799804688 0.699951172
vn -0.765251815 0.607467890 0.213008314
v -0.442840576 0.010620087 -0.071792535
vt 0.793212891 0.692871094
vn -0.738260448 0.596891344 -0.314153284
v -0.432464600 0.030670151 -0.063575678
vt 0.787841797 0.704101562
vn -0.102549970 0.993945599 0.039442256
v -0.425628662 0.026092514 -0.058299951
vt 0.784912109 0.707275391
vn -0.631942332 0.671438694 -0.387064606
v -0.427795410 0.019836411 -0.068794183
vt 0.777343750 0.700683594
vn 0.031410426 0.981577873 -0.188462988
v -0.449829102 0.025466904 -0.067741327
vt 0.791992188 0.698486328
vn -0.726552367 0.544914126 -0.418557256
v -0.441223145 0.020111069 -0.073829584
vt 0.785888672 0.697998047
vn -0.487358779 0.848947465 -0.204376191
v -0.461395264 0.002319306 -0.084030077
vt 0.797363281 0.683837891
vn -0.379319310 0.908785701 -0.173854664
v -0.414337158 0.025909409 -0.085441530
vt 0.773437500 0.693847656
vn -0.039339650 0.999225974 -0.000000039
v -0.408264160 0.022994980 -0.084808290
vt 0.770996094 0.693847656
vn -0.552966774 0.710957229 -0.434473842
v -0.442504883 0.006622285 -0.092163011
vt 0.788085938 0.686279297
vn -0.587715924 0.689586580 -0.423155338
v -0.446197510 0.018249497 -0.093032770
vt 0.784179688 0.690917969
vn -0.503687263 0.826361895 -0.251843572
v -0.456237793 0.000640839 -0.094932482
vt 0.793212891 0.679931641
vn -0.094782434 -0.995215952 -0.023695560
v -0.421569824 0.023498520 -0.102317750
vt 0.776123047 0.687255859
vn -0.117986083 0.574198246 -0.810170114
v -0.412963867 0.017028794 -0.093795717
vt 0.771484375 0.687744141
vn -0.039334834 0.888964951 -0.456282943
v -0.418884277 0.013000458 -0.102737367
vt 0.774902344 0.682861328
vn -0.283394396 0.755718112 -0.590404809
v -0.394409180 0.021545395 -0.107871950
vt 0.762207031 0.685302734
vn -0.620950997 0.778153718 -0.094321616
v -0.394622803 0.030792221 -0.089027345
vt 0.762939453 0.694824219
vn -0.402173758 0.678175211 -0.615089118
v -0.406127930 0.014495820 -0.110977113
vt 0.767822266 0.680419922
vn -0.582875967 0.795546889 0.165410787
v -0.430297852 0.006347626 -0.110687181
vt 0.777832031 0.677978516
vn -0.267286062 0.943362474 -0.196533859
v -0.383666992 0.032913193 -0.098594606
vt 0.755859375 0.692382812
vn -0.509902000 0.855066359 -0.094135709
v -0.381072998 0.043090805 -0.077636659
vt 0.754882812 0.699462891
vn -0.544710517 0.702597499 -0.457872480
v -0.370727539 0.039321885 -0.108772218
vt 0.746093750 0.694091797
vn -0.795645773 0.567192912 -0.212697297
v -0.374023438 0.033172593 -0.113769472
vt 0.748046875 0.689941406
vn -0.575374305 0.725129128 -0.378328204
v -0.394989014 0.036239609 -0.110847414
vt 0.755859375 0.686523438
vn -0.731512904 0.652855515 0.196643293
v -0.384643555 0.037155136 -0.113456666
vt 0.751708984 0.688232422
vn 0.078995168 0.940043509 -0.331780076
v -0.395477295 0.029830918 -0.110626161
vt 0.757080078 0.684570312
vn -0.292282492 0.947943091 0.126392409
v -0.375854492 0.039291367 -0.118308961
vt 0.745117188 0.692382812
vn -0.972257555 -0.227382854 -0.054885369
v -0.364990234 0.034820542 -0.133666933
vt 0.737060547 0.691894531
vn -0.836958170 -0.378999949 -0.394791394
v -0.364715576 0.029159531 -0.140441835
vt 0.736816406 0.689208984
vn -0.637281895 0.684487879 -0.354045421
v -0.381927490 0.024917588 -0.121818483
vt 0.747558594 0.683837891
vn 0.015809329 0.948564768 -0.316188276
v -0.386810303 0.028015122 -0.117683351
vt 0.751464844 0.683837891
vn 0.165313259 0.944647670 -0.283394337
v -0.385070801 0.028533921 -0.117996156
vt 0.750488281 0.685302734
vn -0.409132004 0.448471427 -0.794659972
v -0.385925293 0.028533921 -0.117683351
vt 0.750976562 0.685302734
vn -0.290861219 0.455944389 -0.841138780
v -0.385925293 0.028396592 -0.117759645
vt 0.750976562 0.684814453
vn -0.267319202 0.353804648 -0.896305144
vt 0.750732422 0.684814453
vn -0.308081627 0.552966714 -0.774153411
v -0.391723633 0.030273423 -0.146926820
vt 0.747070312 0.670898438
vn -0.000000059 0.992988288 -0.118212938
v -0.413696289 0.023025498 -0.135848925
vt 0.758789062 0.669677734
vn -0.376751751 0.926181257 -0.015697978
v -0.410308838 0.023910508 -0.150039598
vt 0.754882812 0.664306641
vn -0.465115309 0.212849274 -0.859280586
v -0.407073975 0.025405869 -0.111984193
vt 0.761962891 0.679931641
vn -0.550430834 0.723423421 0.416754812
v -0.415618896 0.021499619 -0.122642457
vt 0.762939453 0.673828125
vn -0.981941283 -0.125688523 0.141399667
v -0.413574219 0.021102890 -0.137557909
vt 0.759033203 0.668457031
vn -0.901607335 -0.313602597 -0.297922313
v -0.411102295 0.010742158 -0.118797243
vt 0.769042969 0.674804688
vn -0.596799433 0.785262287 -0.164905027
v -0.413696289 0.020751938 -0.135833666
vt 0.759765625 0.668945312
vn -0.919551075 -0.377251774 -0.110031620
v -0.413574219 0.020751938 -0.136688158
vt 0.759521484 0.668701172
vn -0.919607878 -0.369415164 -0.133618101
v -0.406066895 0.006408662 -0.141647264
vt 0.764892578 0.663085938
vn -0.897972047 0.307200909 -0.315077752
v -0.402191162 0.006713837 -0.147979662
vt 0.763183594 0.659912109
vn -0.284596175 0.893315554 -0.347839713
v -0.416839600 0.002410859 -0.154388353
vt 0.769287109 0.655273438
vn -0.323235780 0.930288196 -0.173443571
v -0.421539307 0.003784150 -0.139419481
vt 0.770996094 0.664550781
vn -0.220890597 0.962451637 -0.157778978
v -0.429077148 0.002716035 -0.142990038
vt 0.773437500 0.662109375
vn -0.440399200 0.849341154 -0.290977955
v -0.425048828 0.005187958 -0.124343805
vt 0.774902344 0.670410156
vn -0.259963483 0.945321560 -0.196941987
v -0.428527832 0.000396699 -0.143524095
vt 0.773925781 0.661376953
vn -0.070688814 -0.997498453 0.000000053
v -0.432281494 0.001556367 -0.128967211
vt 0.778808594 0.666015625
vn -0.141992182 -0.986057103 -0.086772971
v -0.439666748 0.004150361 -0.119110033
vt 0.781005859 0.672119141
vn -0.276785880 0.933163643 -0.229336858
v -0.447967529 0.000518769 -0.114219591
vt 0.785156250 0.673583984
vn -0.054926001 -0.996515274 -0.062772565
v -0.449584961 0.002807587 -0.105079576
vt 0.786376953 0.677490234
vn -0.292309880 0.932231307 -0.213307172
v -0.458251953 0.002777070 -0.102432176
vt 0.789794922 0.680175781
vn -0.385707289 0.920974374 -0.055101022
vt 0.333984375 0.264160156
vt 0.326904297 0.260742188
vt 0.333251953 0.257568359
vt 0.326904297 0.265625000
vt 0.328613281 0.269775391
v -0.454254150 0.008636445 0.014246058
vt 0.319091797 0.270019531
vn -0.511684120 0.834438801 0.204673693
vt 0.324462891 0.263427734
vt 0.315185547 0.266601562
v -0.435363770 0.020492539 0.019714424
vt 0.305908203 0.272705078
vn -0.622491241 0.661889434 0.417620808
v -0.452514648 0.026611313 0.007291863
vt 0.309570312 0.262695312
vn -0.772996604 0.496926427 0.394386113
v -0.438507080 0.030075058 0.010964462
vt 0.302734375 0.266357422
vn -0.346984178 0.883232474 0.315440178
v -0.437011689 0.012634248 0.043899603
vt 0.308593750 0.284667969
vn -0.560429275 0.813017190 0.157867461
v -0.425079346 0.030075058 0.022607870
vt 0.298095703 0.274169922
vn -0.510845959 0.793776095 0.330085099
v -0.418518066 0.036453232 0.008325642
vt 0.291503906 0.265869141
vn -0.417932212 0.883177519 0.212908879
v -0.412750244 0.039932236 0.011129444
vt 0.288330078 0.267578125
vn -0.965099335 0.258929044 -0.039231565
v -0.419799775 0.026702866 0.040012427
vt 0.295410156 0.285400391
vn -0.726212740 0.663063705 0.181553245
v -0.405639648 0.041381821 0.023439471
vt 0.286376953 0.273193359
vn -0.842389166 0.527477205 -0.110219046
v -0.407714844 0.048248276 0.021598879
vt 0.280273438 0.271240234
vn -0.574340343 -0.196691930 0.794635475
v -0.420013428 0.073196396 0.014729563
vt 0.273925781 0.258789062
vn -0.960749149 -0.157499909 -0.228374675
v -0.414733887 0.051269516 0.025838915
vt 0.281250000 0.276123047
vn -0.788968503 0.599615991 -0.134124562
v -0.416107178 0.076232895 0.023983063
vt 0.268798828 0.261230469
vn -0.669021666 0.070837595 0.739859462
v -0.415924072 0.080764756 0.004714551
vt 0.268554688 0.253173828
vn -0.951753378 -0.007865785 -0.306763351
v -0.410766602 0.081939682 0.018802704
vt 0.264404297 0.258056641
vn -0.759849429 0.482821047 0.435330510
v -0.387390137 0.092514023 0.041481078
vt 0.251464844 0.271484375
vn -0.487629890 -0.007864983 0.873015046
v -0.391113281 0.048400864 0.028608384
vt 0.268798828 0.279785156
vn -0.369620621 0.519041896 0.770698607
v -0.394836426 0.094863877 0.030738890
vt 0.251953125 0.265625000
vn -0.433973193 0.860055983 0.268274367
v -0.416259766 0.094665512 0.001905146
vt 0.257568359 0.249023438
vn -0.528263748 0.835760593 0.149806187
v -0.379302979 0.100723252 0.038303431
vt 0.245605469 0.271728516
vn -0.528198004 0.827773035 0.189205304
v -0.382171631 0.099685654 0.002659378
vt 0.239013672 0.254394531
vn -0.361846000 0.928213537 0.086528391
v -0.372924805 0.107559189 0.011877116
vt 0.237548828 0.260253906
vn -0.227768242 0.950343311 0.212060064
v -0.376953125 0.087753281 0.045204218
vt 0.249267578 0.278320312
vn -0.449236810 -0.181271002 0.874829888
v -0.378143311 0.098922715 0.047412928
vt 0.244873047 0.276367188
vn -0.290753305 0.903692722 0.314327896
v -0.340545654 0.105606064 0.050731711
vt 0.229248047 0.289306641
vn 0.157110631 0.840541780 0.518464923
v -0.324279785 0.114135727 0.013119747
vt 0.212890625 0.274169922
vn -0.133199155 0.564137995 0.814865947
v -0.360839844 0.100616440 0.055961665
vt 0.239501953 0.284912109
vn -0.196109965 -0.007844370 0.980550528
v -0.374359131 0.050430283 0.037281096
vt 0.260253906 0.288574219
vn -0.558138788 0.361611098 0.746805549
v -0.352508515 0.069549546 0.052146964
vt 0.244384766 0.297851562
vn -0.063133098 0.378799260 0.923323095
v -0.331634521 0.087127671 0.048027091
vt 0.232421875 0.299072266
vn -0.627108753 0.729013920 0.274360120
v -0.363250703 0.066558823 0.047149714
vt 0.252197266 0.291748047
vn -0.535948277 -0.039407957 0.843330681
v -0.342437714 0.070754990 0.064949088
vt 0.241455078 0.308593750
vn -0.738967240 0.636769593 0.220117986
v -0.369140595 0.053375229 0.052825984
vt 0.260498047 0.299316406
vn -0.361845940 0.794487834 0.487705469
v -0.381378144 0.056304917 0.057628687
vt 0.264648438 0.296630859
vn 0.244306624 0.961464882 0.126093671
v -0.361053437 0.059814438 0.054607447
vt 0.254638672 0.297363281
vn -0.958049595 0.282703102 0.047117312
v -0.361267060 0.072204575 0.056785639
vt 0.248779297 0.300537109
vn -0.730925262 0.675909281 -0.094312869
v -0.365356416 0.058349594 0.072235160
vt 0.254882812 0.307128906
vn -0.920290291 0.196643203 0.338226497
v -0.350982636 0.073440537 0.073967032
vt 0.246826172 0.309814453
vn -0.229057595 0.726665676 0.647680283
v -0.360504121 0.047653183 0.073135428
vt 0.260253906 0.311523438
vn -0.653847337 0.472660780 0.590826035
v -0.341247529 0.062164292 0.079216056
vt 0.247802734 0.317626953
vn -0.401948690 0.606863916 0.685677350
v -0.330779999 0.069595322 0.079193167
vt 0.241455078 0.318359375
vn -0.749683321 0.339330375 0.568181217
v -0.344329804 0.050872788 0.091316275
vt 0.254394531 0.323730469
vn -0.654497623 0.654497623 0.378504694
v -0.366790742 0.040390000 0.074363761
vt 0.266357422 0.311767578
vn -0.505885363 0.766732514 0.395222992
v -0.329132050 0.063461289 0.099037223
vt 0.246337891 0.331054688
vn -0.843435466 0.520249784 -0.134003669
v -0.315582246 0.076980576 0.094146781
vt 0.235351562 0.329589844
vn -0.804622650 0.197211444 0.560080588
v -0.348876923 0.039764389 0.102371268
vt 0.261230469 0.329589844
vn -0.590807676 0.716846645 0.370239526
v -0.341430634 0.040466294 0.115509085
vt 0.260253906 0.338623047
vn -0.850710273 0.496247590 -0.173292741
v -0.359710664 0.032424912 0.103836112
vt 0.268066406 0.329345703
vn -0.479527771 0.833277762 0.275138885
v -0.379333466 0.034759507 0.072731078
vt 0.272949219 0.308837891
vn 0.062865652 0.605081260 0.793677926
v -0.383148164 0.022171006 0.094245970
vt 0.281005859 0.321289062
vn -0.464898527 0.827361882 0.315185487
v -0.375640839 0.034622177 0.078079283
vt 0.272949219 0.312255859
vn -0.417206466 0.826541126 0.377847403
v -0.386535615 0.032714829 0.068321288
vt 0.277832031 0.305908203
vn -0.489480376 0.078948475 0.868433177
v -0.398223847 0.055084214 0.068290770
vt 0.274169922 0.296142578
vn -0.440167725 0.448027939 0.778153837
v -0.401336640 0.058303818 0.050334990
vt 0.273193359 0.289794922
vn -0.062865622 0.997991085 0.007858162
v -0.404602051 0.054977402 0.041877806
vt 0.275634766 0.284423828
vn -0.408739954 0.911804378 -0.039301902
v -0.411468476 0.037139878 0.056106631
vt 0.285400391 0.292968750
vn -0.818187714 0.165210992 0.550703406
v -0.399536103 0.029785141 0.060157839
vt 0.285888672 0.300048828
vn -0.512112737 0.677564561 0.527870178
v -0.392364472 0.032134995 0.074104369
vt 0.281494141 0.307128906
vn -0.449572086 0.780835748 0.433797687
v -0.390441865 0.024993882 0.078178465
vt 0.282714844 0.311279297
vn -0.451287895 0.791733205 0.411701292
v -0.387298554 0.026855454 0.084213316
vt 0.281005859 0.314697266
vn -0.496741027 0.788477838 0.362699836
v -0.391418427 0.020324692 0.087448180
vt 0.285156250 0.316650391
vn -0.425144136 0.818796098 0.385778964
v -0.414611787 0.014251679 0.078857481
vt 0.296386719 0.308837891
vn -0.212066606 0.911100924 0.353444338
v -0.416961640 0.022109970 0.063720763
vt 0.295654297 0.299072266
vn -0.323860317 0.876792669 0.355456471
v -0.430175751 0.019851670 0.060165472
vt 0.301757812 0.293701172
vn -0.465187460 0.835760593 0.291727781
v -0.425506562 0.013519257 0.068946898
vt 0.302734375 0.298095703
vn -0.204300568 0.974356353 -0.094292559
v -0.434600800 0.017456040 0.048809119
vt 0.305664062 0.288085938
vn -0.716313481 0.684827089 0.133816868
v -0.439331025 0.007751435 0.060024329
vt 0.312011719 0.290039062
vn -0.493984789 0.862513065 -0.109774359
v -0.424835175 0.023391709 0.071350157
vt 0.303955078 0.302978516
vn 0.457658619 0.757504106 -0.465549469
v -0.438171357 0.018280014 0.060916968
vt 0.309570312 0.295898438
vn 0.236948669 0.418609530 -0.876710594
v -0.416442841 0.018890366 0.084045470
vt 0.302001953 0.309326172
vn 0.252211034 0.906383336 0.338908494
v -0.444244355 0.025527939 0.069717474
vt 0.312011719 0.299072266
vn -0.481916279 0.782126248 -0.395013243
v -0.461669892 0.002777070 0.054077219
vt 0.326660156 0.289306641
vn -0.268424809 0.963171303 0.015789686
v -0.456085175 0.002838105 0.080314711
vt 0.324462891 0.301269531
vn -0.734358072 0.592224181 -0.331645489
v -0.461883515 0.000610322 0.054824900
vt 0.329345703 0.290283203
vn -0.102626562 -0.994688690 -0.007894297
v -0.463043183 0.003356904 0.063644484
vt 0.327392578 0.293945312
vn -0.897304177 0.409296602 0.165292963
v -0.433502167 0.000366181 0.046279974
vt 0.345947266 0.291503906
vn -0.007873728 -0.999969006 0.000000045
vt 0.377685547 0.266601562
v -0.457977265 0.000457734 0.079673842
vt 0.328369141 0.301757812
vn -0.149066582 -0.988547087 0.023536898
v -0.338592499 0.000457764 0.077003539
vt 0.383544922 0.340576172
vt 0.429931641 0.276367188
v -0.276885957 0.000427246 0.050495196
vt 0.417724609 0.353759766
v -0.331115693 0.000427246 0.148788512
vt 0.356689453 0.377929688
v -0.377899140 0.000488251 0.164856017
vt 0.327148438 0.369384766
v -0.425720185 0.000427216 0.120407172
vt 0.330810547 0.334716797
v -0.409698457 0.000244111 0.161773756
vt 0.316162109 0.357666016
vn -0.015741643 -0.999597251 0.023612577
v -0.457611054 0.000457734 0.093544081
vt 0.324462891 0.312255859
vn -0.031479433 -0.999473393 0.007869917
v -0.455474824 0.002258271 0.088707045
vt 0.323974609 0.309082031
vn -0.556353986 0.830612957 0.023507949
v -0.445739716 0.000518769 0.114646986
vt 0.323242188 0.325927734
vn -0.157163888 -0.982274711 0.102156632
v -0.455413789 0.002532929 0.101936415
vt 0.322509766 0.317382812
vn -0.259737879 0.960243046 0.102320969
v -0.453124970 0.002990693 0.085838392
vt 0.322753906 0.308837891
vn -0.628442347 0.424198657 0.652009070
v -0.442779511 0.002654999 0.120910719
vt 0.321044922 0.329345703
vn -0.276130378 0.946732700 0.165678188
v -0.455902070 0.023300156 0.083938666
vt 0.316406250 0.305175781
vn -0.418714076 0.845328391 0.331811160
v -0.440917939 0.017623886 0.095535345
vt 0.312011719 0.312500000
vn -0.300519645 0.577314198 0.759207666
v -0.431976289 0.005310029 0.102317885
vt 0.310791016 0.320800781
vn -0.196509555 0.958966613 0.204369903
v -0.430602998 0.012390107 0.101013251
vt 0.306884766 0.315673828
vn 0.431894332 0.518273175 0.738146484
v -0.414855927 0.010772675 0.084701598
vt 0.298095703 0.312500000
vn 0.023566619 0.864108324 0.502753854
v -0.422424287 0.007568330 0.093895026
vt 0.302978516 0.317382812
vn 0.251843661 0.826361954 0.503687143
v -0.416259736 0.008117646 0.100730963
vt 0.302001953 0.322021484
vn -0.141890749 0.985352337 0.094593793
v -0.405487031 0.009521455 0.097190924
vt 0.295654297 0.321289062
vn -0.315508842 0.922863364 0.220856190
v -0.391509980 0.014709443 0.101173460
vt 0.287353516 0.324707031
vn -0.464078069 0.873095989 0.149448887
v -0.407073945 0.008361787 0.110542364
vt 0.300537109 0.329101562
vn -0.832249820 0.541747391 -0.117771104
v -0.406860322 0.006256074 0.139938429
vt 0.308105469 0.346191406
vn -0.487630039 0.857285023 0.165165007
v -0.398529023 0.011810273 0.107544005
vt 0.292968750 0.326660156
vn -0.282825381 0.432094127 -0.856332004
v -0.399230927 0.013885468 0.100380003
vt 0.291992188 0.323730469
vn -0.353531629 0.934894562 0.031425033
v -0.373138398 0.026779160 0.106247008
vt 0.275634766 0.329589844
vn -0.447365105 0.879033148 0.164818719
v -0.381378144 0.021774277 0.106811583
vt 0.280761719 0.328857422
vn -0.180738658 0.691521347 -0.699379623
v -0.360565156 0.028808579 0.114357047
vt 0.270263672 0.336425781
vn -0.448582590 0.873555601 0.188876912
v -0.375335664 0.022628769 0.114227355
vt 0.277832031 0.336669922
vn 0.094234362 0.989461064 0.109940059
v -0.392425507 0.031219468 0.108696043
vt 0.284667969 0.334472656
vn 0.227389723 0.940923333 -0.250912935
v -0.355071992 0.029632553 0.131179869
vt 0.271240234 0.346191406
vn -0.904558957 0.369689286 -0.212374598
v -0.367004365 0.021331772 0.140945494
vt 0.279541016 0.350097656
vn -0.449236870 0.874829710 0.181271031
v -0.377868623 0.022003159 0.146560729
vt 0.287353516 0.352783203
vn 0.472572893 0.771868944 0.425315470
v -0.373413056 0.016494736 0.144409239
vt 0.284667969 0.354003906
vn -0.180465728 0.918021262 0.353085130
v -0.358123749 0.023834214 0.148513854
vt 0.276855469 0.354248047
vn -0.583129287 0.772252262 0.252164066
v -0.370025605 0.012634248 0.159790099
vt 0.287109375 0.369628906
vn -0.419028044 0.869680822 0.260904253
v -0.382842988 0.011596650 0.147369444
vt 0.294677734 0.361328125
vn -0.228615910 0.827747405 0.512415051
v -0.383727998 0.006530732 0.166534483
vt 0.299560547 0.366699219
vn -0.276483417 0.947943091 0.157990485
v -0.404174775 0.003173798 0.161850050
vt 0.309326172 0.358642578
vn -0.197408080 0.963351429 0.181615412
v -0.352569550 0.031204209 0.145813048
vt 0.272949219 0.355224609
vn -0.907426715 -0.236720070 0.347189486
v -0.348083466 0.029815659 0.157608092
vt 0.274658203 0.361572266
vn -0.842180371 0.448638111 0.299092174
v -0.348693818 0.037490830 0.153991759
vt 0.269531250 0.362060547
vn -0.782199323 -0.134317070 0.608377457
v -0.366058320 0.053268418 0.143356383
vt 0.262695312 0.355468750
vn -0.956260383 -0.181768551 -0.229186222
v -0.352233857 0.051406845 0.127304137
vt 0.258789062 0.348388672
vn -0.772324383 0.126093701 -0.622587860
v -0.363220185 0.052200302 0.152374327
vt 0.263183594 0.359375000
vn -0.668586910 0.133717403 0.731512964
v -0.358489960 0.058456406 0.136764586
vt 0.259033203 0.354736328
vn -0.228615999 0.969646931 -0.086716406
v -0.349548310 0.041763291 0.155654967
vt 0.266357422 0.364013672
vn -0.692999244 0.267749727 0.669374406
v -0.346923798 0.050933823 0.169525206
vt 0.261718750 0.371582031
vn -0.858453989 -0.031502914 0.511922240
v -0.348052949 0.056793198 0.154098570
vt 0.259033203 0.363525391
vn -0.243273810 0.776906848 0.580718279
v -0.338775605 0.059234604 0.156936705
vt 0.257080078 0.367431641
vn -0.434473872 0.837349653 0.331780046
v -0.345916718 0.057296738 0.141372740
vt 0.254394531 0.355957031
vn -0.512510598 0.851556063 0.110386930
v -0.350463837 0.060684189 0.129730284
vt 0.254638672 0.349609375
vn -0.784996092 0.612296939 0.094199613
v -0.344238251 0.063201889 0.117767386
vt 0.250976562 0.344726562
vn -0.871426344 0.314027429 -0.376832873
v -0.332977265 0.075485215 0.122711234
vt 0.242431641 0.348388672
vn -0.529979706 0.806834817 0.261034817
v -0.334594697 0.079238877 0.104003958
vt 0.242675781 0.339599609
vn -0.322465092 0.833689988 -0.448304981
v -0.321563691 0.067504868 0.103958182
vt 0.239746094 0.333740234
vn -0.361980468 0.763306439 -0.535101414
v -0.316070527 0.080108628 0.128158629
vt 0.233886719 0.349365234
vn -0.197162375 0.970038831 0.141956881
v -0.311065644 0.077148423 0.141571105
vt 0.235107422 0.359130859
vn -0.346242100 0.889212668 0.299027294
v -0.319000214 0.080978379 0.104202323
vt 0.233642578 0.334716797
vn -0.748008430 0.661396801 0.055116475
v -0.308288544 0.086288437 0.102478072
vt 0.228759766 0.333740234
vn -0.535167634 0.472206831 0.700440168
v -0.317474335 0.075515732 0.116127066
vt 0.234130859 0.340576172
vn -0.299509943 0.930056930 -0.212809637
v -0.302154511 0.087127671 0.114059493
vt 0.224609375 0.340820312
vn -0.370296925 0.906045735 0.204845116
v -0.308990449 0.086181626 0.126388609
vt 0.229980469 0.347656250
vn -0.391991198 0.917259336 0.070558421
v -0.304840058 0.079666123 0.132492125
vt 0.229248047 0.354003906
vn -0.267013907 0.918841958 0.290573955
v -0.291870087 0.085998520 0.136703551
vt 0.223388672 0.356445312
vn -0.377065450 0.903385997 0.204243779
v -0.280395478 0.090499863 0.130981490
vt 0.216552734 0.354003906
vn -0.702181935 0.694292247 0.157793760
v -0.279083222 0.088256821 0.146484420
vt 0.219238281 0.363769531
vn -0.803149521 0.425196856 0.417322934
v -0.293518037 0.082641587 0.147888243
vt 0.227294922 0.363525391
vn -0.212302461 0.802031636 0.558276832
v -0.279968232 0.076705918 0.156677291
vt 0.219970703 0.369140625
vn -0.541280508 0.431455553 0.721707463
v -0.315093964 0.060211182 0.176544249
vt 0.244384766 0.378906250
vn -0.228672728 0.796412110 0.559854031
vt 0.733642578 0.126708984
v -0.456420898 0.027542099 -0.015205313
vt 0.721679688 0.124511719
vn -0.613356173 0.770626962 0.172997937
v -0.457092285 0.027908310 -0.029155660
vt 0.728027344 0.120605469
vn -0.669021904 0.306962878 -0.676892519
vt 0.735107422 0.109863281
v -0.434936523 0.033737168 -0.038326196
vt 0.727539062 0.109375000
vn -0.283359230 0.897304058 -0.338456780
v -0.428161621 0.035232529 -0.033847742
vt 0.726806641 0.104736328
vn -0.831430197 0.415715009 -0.368652880
v -0.429595947 0.034423813 -0.020669872
vt 0.718505859 0.112792969
vn -0.472031444 0.857523739 0.204546958
v -0.452484131 0.019744858 -0.007477690
vt 0.717773438 0.128906250
vn -0.891950905 0.434135377 0.126294032
vt 0.718505859 0.133544922
vt 0.711425781 0.135498047
vt 0.708251953 0.130859375
v -0.444030762 0.029479966 -0.008492401
vt 0.714843750 0.122070312
vn -0.362081349 0.928817272 0.078713335
vt 0.706054688 0.121826172
vt 0.702880859 0.109619141
v -0.426025391 0.035018906 -0.004772120
vt 0.709960938 0.112304688
vn -0.551044524 0.834438801 0.007872100
v -0.412658691 0.040527329 -0.012002881
vt 0.710693359 0.104248047
vn -0.440712690 0.810596585 0.385623664
v -0.423919678 0.042648301 -0.002366001
vt 0.706787109 0.107666016
vn -0.346413791 0.936891675 0.047238242
vt 0.699218750 0.107666016
v -0.402130127 0.042968735 -0.011036810
vt 0.707031250 0.099853516
vn -0.386186153 0.922117889 0.023644058
v -0.402313232 0.051940903 -0.014920172
vt 0.707275391 0.094238281
vn -0.889625967 0.370021373 -0.267674953
vt 0.685546875 0.095214844
v -0.428466797 0.045425400 -0.019176418
vt 0.717773438 0.106445312
vn -0.401375800 0.865712523 0.299064338
v -0.433197021 0.041900620 -0.029802257
vt 0.722412109 0.105957031
vn -0.998114347 0.039295793 -0.047154877
v -0.428375244 0.045349106 -0.035461359
vt 0.723144531 0.102783203
vn -0.630939186 0.741353512 -0.228715375
v -0.408233643 0.051116928 -0.049053129
vt 0.720214844 0.092041016
vn -0.007847607 0.988790512 -0.149103373
v -0.390808105 0.059005722 -0.043888032
vt 0.713378906 0.075195312
vn -0.936891735 -0.047238294 -0.346413642
vt 0.684570312 0.086914062
v -0.395111084 0.046813950 -0.029870925
vt 0.712890625 0.086914062
vn -0.236985832 0.868947744 -0.434473872
v -0.420593262 0.046951279 -0.051845483
vt 0.724365234 0.094238281
vn -0.497546047 0.473853230 -0.726574957
v -0.408294678 0.041671738 -0.051502164
vt 0.724365234 0.088134766
vn -0.702838540 0.655456066 -0.276397079
v -0.392150879 0.047683701 -0.044856962
vt 0.716308594 0.082519531
vn -0.670581400 0.402348876 0.623246372
v -0.419128418 0.038604721 -0.049796991
vt 0.727539062 0.093994141
vn -0.630077660 0.590697706 -0.504061937
v -0.412750244 0.055816635 -0.054695066
vt 0.724609375 0.081298828
vn -0.738761783 0.573719263 0.353662640
v -0.405426025 0.040054306 -0.074188173
vt 0.737060547 0.081542969
vn -0.786524415 0.070787124 -0.613488853
v -0.427032471 0.040618882 -0.036468439
vt 0.725585938 0.102783203
vn -0.827670336 -0.102473512 -0.551779985
v -0.426544189 0.040618882 -0.037330560
vt 0.725585938 0.102050781
vn -0.851847529 -0.165637031 -0.496910870
v -0.426208496 0.039764389 -0.037330560
vt 0.726074219 0.102294922
vn -0.862645686 -0.062737919 -0.501902759
v -0.424896240 0.034881577 -0.056838922
vt 0.731201172 0.094482422
vn -0.698948205 0.612561166 -0.369107366
v -0.410125732 0.035430893 -0.067680299
vt 0.734619141 0.085937500
vn -0.553571641 0.719643116 -0.419132769
vt 0.734375000 0.095947266
v -0.407287598 0.034439072 -0.074470460
vt 0.738037109 0.084472656
vn -0.755086839 0.566314995 -0.330350369
vt 0.747558594 0.085449219
vt 0.742431641 0.097900391
v -0.411499023 0.032546982 -0.087470949
vt 0.743896484 0.082031250
vn -0.637301743 0.409131825 -0.653037369
vt 0.746093750 0.074707031
v -0.397399902 0.036087021 -0.087158144
vt 0.743408203 0.075439453
vn -0.189517751 0.837036312 -0.513277054
vt 0.739501953 0.065185547
v -0.391723633 0.043426499 -0.072044313
vt 0.737548828 0.072021484
vn -0.188608512 0.628694534 -0.754433572
v -0.387207031 0.051666245 -0.076621950
vt 0.734619141 0.068603516
vn 0.015759625 0.118198164 -0.992864966
v -0.410797119 0.056976303 -0.071884096
vt 0.729980469 0.076904297
vn -0.441781163 0.741561115 -0.504892647
v -0.379669189 0.063491806 -0.059379522
vt 0.719970703 0.064941406
vn -0.244763166 0.963261306 -0.110538192
v -0.381469727 0.062973008 -0.072059572
vt 0.727294922 0.065185547
vn 0.086624794 0.771749198 -0.629999399
v -0.377410889 0.050720200 -0.070335329
vt 0.733154297 0.062988281
vn -0.456085443 0.613356173 -0.644810259
v -0.368499756 0.054489121 -0.090347238
vt 0.739990234 0.054199219
vn -0.802031696 0.558276832 -0.212302431
vt 0.751464844 0.053710938
v -0.375915527 0.059143052 -0.067855775
vt 0.727294922 0.061523438
vn -0.266660631 0.792138577 -0.549006939
v -0.364776611 0.062988266 -0.078147836
vt 0.732177734 0.053710938
vn -0.714302540 0.643657088 -0.274731666
v -0.364440918 0.065689072 -0.065353341
vt 0.726074219 0.055419922
vn -0.576863468 0.742810369 -0.339796156
v -0.365325928 0.053070053 -0.102134652
vt 0.747314453 0.050048828
vn -0.879276872 0.471041173 0.070656270
vt 0.754150391 0.054687500
vt 0.756347656 0.051757812
v -0.376434326 0.052062973 -0.122787416
vt 0.758544922 0.046875000
vn -0.781346381 0.615606129 -0.102600954
v -0.361663818 0.040618882 -0.154876649
vt 0.772216797 0.045898438
vn -0.635729373 -0.251152396 -0.729911387
v -0.362731934 0.054794297 -0.121253915
vt 0.754638672 0.045166016
vn -0.291320592 0.952696860 -0.086608812
v -0.360290527 0.062332138 -0.109695382
vt 0.748535156 0.044677734
vn -0.898390114 -0.070925586 -0.433433682
v -0.347381592 0.057556137 -0.121124215
vt 0.755126953 0.041015625
vn -0.796560705 0.157734722 -0.583618641
v -0.356231689 0.069564804 -0.121139474
vt 0.753173828 0.039550781
vn -0.684509158 -0.503547013 -0.527150571
v -0.357421875 0.070861802 -0.120880075
vt 0.752685547 0.039550781
vn -0.700961351 -0.488310158 -0.519813836
v -0.363952637 0.064529404 -0.095474191
vt 0.740722656 0.047607422
vn -0.875700533 0.481240809 -0.039445877
v -0.376220703 0.086379990 -0.110076845
vt 0.738281250 0.029785156
vn -0.978047073 0.102537133 -0.181411818
v -0.345428467 0.083785996 -0.149703920
vt 0.765869141 0.030029297
vn -0.703650832 -0.482277542 -0.521808267
v -0.361053467 0.067001328 -0.104453988
vt 0.742919922 0.042724609
vn -0.670185208 -0.039422665 0.741146207
v -0.354858398 0.069641098 -0.090179391
vt 0.735351562 0.045654297
vn -0.666466892 0.744874716 -0.031363089
v -0.357971191 0.070358261 -0.083007760
vt 0.731689453 0.048095703
vn -0.597610712 0.794193029 -0.110086121
v -0.344177246 0.076751694 -0.091300912
vt 0.730957031 0.040283203
vn -0.733147562 0.386282057 0.559714913
v -0.353607178 0.100616440 -0.092445321
vt 0.728759766 0.028076172
vn -0.552071691 -0.149848074 0.820221007
v -0.356872559 0.103729233 -0.096366830
vt 0.731201172 0.023925781
vn -0.589492321 0.793849528 -0.149337992
v -0.344360352 0.096542343 -0.161651567
vt 0.756835938 0.004150391
vn -0.685975790 0.630782247 -0.362699777
v -0.350708008 0.074951157 -0.072235055
vt 0.724365234 0.046386719
vn -0.551403403 0.819227874 -0.157543778
v -0.333465576 0.086791977 -0.083000131
vt 0.722412109 0.034912109
vn -0.929854751 0.252163976 0.267924368
v -0.353271484 0.107406601 -0.090583749
vt 0.726562500 0.022949219
vn -0.754573405 0.542349577 0.369426638
v -0.335937500 0.110031113 -0.128066972
vt 0.733886719 0.005615234
vn -0.542903423 0.818289101 -0.188835919
v -0.341522217 0.117462143 -0.083320566
vt 0.718750000 0.018066406
vn -0.181530699 0.315705299 -0.931330681
v -0.336730957 0.106765732 -0.081161447
vt 0.716308594 0.024414062
vn -0.661028087 -0.739721954 -0.125909999
v -0.359222412 0.074996933 -0.068489023
vt 0.723388672 0.051025391
vn -0.643974721 0.620414615 -0.447640836
v -0.362304688 0.072235093 -0.059364263
vt 0.719726562 0.053710938
vn -0.434027344 0.852271676 -0.291981936
v -0.345367432 0.083084092 -0.053577371
vt 0.712158203 0.043457031
vn -0.684678733 0.661069036 -0.306924880
v -0.341583252 0.090118393 -0.060436197
vt 0.712402344 0.037353516
vn -0.841841578 -0.275368750 -0.464192837
v -0.383880615 0.064971909 -0.054367006
vt 0.715820312 0.066406250
vn -0.276535273 0.355545193 -0.892813504
v -0.369445801 0.072830185 -0.046035711
vt 0.712402344 0.057373047
vn 0.039422538 0.670185268 -0.741146147
v -0.392272949 0.091003403 -0.053436220
vt 0.699951172 0.063476562
vn -0.000000138 0.244390115 -0.969677091
v -0.352844238 0.085815415 -0.033306070
vt 0.703125000 0.047119141
vn -0.000000138 0.306772947 -0.951782823
v -0.348052979 0.095214829 -0.055694528
vt 0.707031250 0.035888672
vn -0.918841958 -0.290574014 -0.267013788
v -0.351196289 0.107116684 -0.065376230
vt 0.705078125 0.028808594
vn -0.417815298 -0.875047147 -0.244382426
v -0.355224609 0.107559189 -0.031734411
vt 0.695556641 0.040527344
vn -0.707850099 -0.432575047 -0.558414876
v -0.369689941 0.107467636 -0.068443239
vt 0.696289062 0.023193359
vn -0.713862717 -0.690328836 -0.117669553
v -0.362701416 0.108184800 -0.083244272
vt 0.702880859 0.016601562
vn -0.267849505 -0.480553418 -0.835059941
v -0.370178223 0.128128037 -0.082733095
vt 0.689941406 0.016845703
vn -0.939750373 -0.039485365 -0.339573532
v -0.370025635 0.107330307 -0.054637853
vt 0.694091797 0.029785156
vn -0.417815238 -0.875047147 0.244382635
v -0.355133057 0.106658921 -0.046367589
vt 0.694824219 0.035644531
vn -0.550907850 -0.834232092 -0.023610231
v -0.370269775 0.121231064 -0.047317449
vt 0.685302734 0.035644531
vn -0.998854995 -0.047190044 -0.007864867
v -0.369781494 0.148559555 -0.043651529
vt 0.675537109 0.030517578
vn -0.997991085 0.062865533 0.007858326
v -0.370635986 0.166564927 -0.056610055
vt 0.669677734 0.020996094
vn -0.770198584 0.636592627 0.039295919
v -0.370147705 0.151092514 -0.083145082
vt 0.681152344 0.010742188
vn -0.370792240 0.102559462 -0.923035622
v -0.370208740 0.108383164 -0.037963811
vt 0.687988281 0.042968750
vn -0.236653835 -0.181434572 -0.954503238
v -0.370666504 0.109054551 -0.016990606
vt 0.679931641 0.047851562
vn -0.899284184 0.433865160 0.055219308
v -0.378601074 0.110061631 -0.041644994
vt 0.689941406 0.051025391
vn -0.054973565 0.769628227 -0.636121333
vt 0.671875000 0.062744141
v -0.381530762 0.109268174 0.002278385
vt 0.669433594 0.057617188
vn -0.512176394 0.858880401 0.000000030
v -0.390533447 0.101852402 -0.023101749
vt 0.683837891 0.062011719
vn -0.440412790 0.896554530 0.047187101
v -0.392089844 0.101867661 -0.036636293
vt 0.689697266 0.060058594
vn -0.792138755 0.549006939 -0.266660482
v -0.392669678 0.091079697 -0.038967073
vt 0.693847656 0.064697266
vn -0.718453467 0.623712242 -0.307908535
v -0.403839111 0.097396836 -0.012630402
vt 0.683349609 0.072265625
vn -0.346274316 0.936514437 -0.055089083
vt 0.679199219 0.080322266
v -0.401763916 0.092636093 -0.029689729
vt 0.690917969 0.070068359
vn -0.549480379 0.745723307 -0.376786530
v -0.397491455 0.089218125 -0.040264070
vt 0.695800781 0.067871094
vn -0.917289913 -0.047446087 -0.395383447
v -0.409088135 0.091033921 -0.013885437
vt 0.686523438 0.076660156
vn -0.911804438 -0.039301973 -0.408739775
vt 0.679199219 0.089599609
v -0.430877656 0.000854462 0.139801100
vt 0.319580078 0.340332031
vn -0.173621655 -0.978595138 0.110486612
v -0.432556123 0.002746552 0.138305739
vt 0.318847656 0.339599609
vn -0.188323677 0.973005533 0.133395895
v -0.422149628 0.000427216 0.149948195
vt 0.318115234 0.347167969
vn -0.180543482 -0.973365247 0.141295016
v -0.412414521 0.002288789 0.161377028
vt 0.314453125 0.353271484
vn -0.276164740 0.938960135 0.205150932
v -0.412292451 0.001251191 0.170013502
vt 0.313964844 0.356933594
vn -0.424093872 -0.620433748 0.659701765
v -0.408050507 0.004608124 0.166992262
vt 0.312011719 0.357910156
vn -0.062990196 0.984221458 0.165349171
v -0.402801484 0.001922578 0.167205885
vt 0.311523438 0.360351562
vn -0.267352074 0.857099473 0.440344661
v -0.399291962 0.000518769 0.168853834
vt 0.309814453 0.362060547
vn -0.078818336 -0.993111670 0.086700276
v -0.401794404 0.007110566 0.143386915
vt 0.303955078 0.354492188
vn -0.329810143 0.808820248 0.486862689
v -0.403167695 0.011657685 0.148544386
vt 0.299804688 0.354736328
vn -0.102279671 -0.149485826 0.983459711
v -0.393463105 0.029617295 0.147491515
vt 0.292480469 0.349121094
vn -0.110007972 0.942925513 0.314308465
v -0.413421601 0.023117051 0.146164015
vt 0.300048828 0.348388672
vn -0.869083345 0.221221194 0.442442566
v -0.404968232 0.026626572 0.108726561
vt 0.291503906 0.333740234
vn -0.448305070 0.833689988 -0.322464973
v -0.414092988 0.022521958 0.122833312
vt 0.297363281 0.338867188
vn -0.534357488 0.840827167 -0.086440146
v -0.413818330 0.017227158 0.117652953
vt 0.299316406 0.336669922
vn -0.919437528 -0.392922074 -0.015716743
v -0.408935517 0.014434785 0.109474242
vt 0.297607422 0.331298828
vn -0.647458255 0.078958251 -0.757999718
vt 0.653564453 0.818847656
vt 0.655761719 0.817626953
v -0.412017822 0.000335664 -0.167663500
vt 0.658203125 0.826904297
vn -0.054973409 -0.997375369 -0.047120042
vt 0.649414062 0.848144531
v -0.412261963 0.002136201 -0.170455858
vt 0.659423828 0.825927734
vn -0.165165067 0.959529996 -0.228085026
vt 0.667724609 0.814697266
v -0.397521973 0.000854462 -0.175292909
vt 0.663818359 0.831542969
vn -0.692077339 0.141561180 -0.707806110
v -0.385192871 0.001312226 -0.182693422
vt 0.670410156 0.839599609
vn -0.015687330 -0.996147394 -0.086280443
v -0.370971680 0.000488251 -0.191039979
vt 0.667724609 0.848144531
vn -0.055019233 -0.998206854 -0.023579638
v -0.389953613 0.000671357 -0.188293397
vt 0.669189453 0.834960938
vn -0.235346645 -0.862937629 -0.447158515
v -0.393920898 0.004119843 -0.183517396
vt 0.670410156 0.833251953
vn -0.204496399 0.943829238 -0.259553045
v -0.377471924 0.002532929 -0.185516298
vt 0.672607422 0.841064453
vn -0.236948892 0.876710534 -0.418609560
v -0.378875732 0.008117646 -0.167465150
vt 0.680908203 0.825927734
vn -0.316059977 0.916573703 -0.244946435
v -0.369506836 0.003692597 -0.191513002
vt 0.677246094 0.842285156
vn -0.726212680 -0.686744630 -0.031574339
v -0.369354248 0.009979218 -0.175674379
vt 0.683105469 0.833251953
vn -0.915431380 -0.189399645 0.355124384
v -0.367034912 0.013122529 -0.173187196
vt 0.687255859 0.833007812
vn -0.370239466 0.858640432 0.354484618
v -0.368286133 0.016738877 -0.161636293
vt 0.689208984 0.824462891
vn -0.580664635 0.729754150 -0.360953599
v -0.353271484 0.017745942 -0.178115785
vt 0.696044922 0.837646484
vn -0.307908654 0.939516068 0.150006771
v -0.374176025 0.016311631 -0.148208559
vt 0.685791016 0.815429688
vn -0.244603172 0.796932578 -0.552329481
v -0.353485107 0.028564438 -0.165252626
vt 0.700927734 0.827880859
vn -0.527003944 0.731512904 -0.432615101
v -0.401580811 0.011077851 -0.149810717
vt 0.668945312 0.812988281
vn 0.031401657 -0.070654050 -0.997006595
vt 0.664062500 0.806396484
v -0.380249023 0.023696885 -0.148452699
vt 0.681396484 0.810546875
vn 0.393639714 0.511731684 -0.763661325
vt 0.676513672 0.806396484
vt 0.687011719 0.802490234
vt 0.695800781 0.812255859
v -0.370483398 0.016738877 -0.153274477
vt 0.687988281 0.818359375
vn -0.645269394 0.723960757 -0.243943229
v -0.365570068 0.023406968 -0.153610170
vt 0.694091797 0.819335938
vn -0.607581437 0.741722703 -0.284063965
v -0.355651855 0.032501206 -0.149581850
vt 0.702880859 0.816406250
vn -0.678175330 0.402173579 -0.615089118
vt 0.695556641 0.808593750
v -0.343811035 0.033630356 -0.162918031
vt 0.707763672 0.827392578
vn -0.496494234 0.756562531 -0.425566405
v -0.342254639 0.022781342 -0.181869447
vt 0.703857422 0.841308594
vn -0.330268741 0.927897871 0.172997907
vt 0.704345703 0.808837891
vt 0.697021484 0.798828125
v -0.346099854 0.039001450 -0.149841249
vt 0.710205078 0.818359375
vn -0.142249301 0.616413057 -0.774467707
v -0.332427979 0.030975312 -0.180129945
vt 0.711914062 0.840820312
vn -0.669270694 0.480300009 -0.566911459
v -0.323883057 0.028381318 -0.188323915
vt 0.714355469 0.847900391
vn -0.204048663 0.737714589 0.643538177
v -0.324951172 0.039230317 -0.189071596
vt 0.719238281 0.846679688
vn -0.847378254 0.439381272 -0.298151493
v -0.331756592 0.038955659 -0.179580629
vt 0.716064453 0.839843750
vn -0.622471988 0.748542130 -0.228502303
v -0.316589355 0.042678803 -0.184661806
vt 0.724609375 0.844482422
vn -0.377566814 0.810195208 -0.448360443
v -0.334716797 0.037429795 -0.168624818
vt 0.713867188 0.832519531
vn -0.503624916 0.810521245 -0.299027234
v -0.324829102 0.050857529 -0.147262514
vt 0.724121094 0.821533203
vn -0.751675606 0.569690824 -0.332319617
v -0.328826904 0.054946885 -0.140045106
vt 0.725097656 0.816406250
vn -0.047185760 0.369620681 -0.927983880
v -0.348175049 0.057296738 -0.145706117
vt 0.720703125 0.810791016
vn 0.023530941 0.894179523 -0.447089791
v -0.336822510 0.059600815 -0.138458192
vt 0.726562500 0.811767578
vn -0.765466273 -0.252525002 -0.591855228
vt 0.732666016 0.803466797
vt 0.729248047 0.797851562
vt 0.723876953 0.794433594
v -0.365020752 0.054855332 -0.152206361
vt 0.715087891 0.806152344
vn -0.528411627 0.694033086 -0.488977820
v -0.395446748 0.001892060 0.176956236
vt 0.905273438 0.254150391
vn -0.314921618 0.889653563 0.330667675
vt 0.898681641 0.252929688
vt 0.900634766 0.252685547
v -0.388763398 0.005737275 0.170761168
vt 0.905761719 0.259521484
vn -0.259184539 0.934635103 0.243476376
vt 0.905761719 0.262695312
v -0.375854462 0.011505097 0.166275084
vt 0.909423828 0.265136719
vn -0.252148390 0.953436017 0.165472344
vt 0.909179688 0.269042969
v -0.369140595 0.009551972 0.171371520
vt 0.913818359 0.264892578
vn -0.843881249 0.536298275 -0.015773395
v -0.392974824 0.000427216 0.178497374
vt 0.906494141 0.252685547
vn -0.063031159 -0.992741704 0.102425776
vt 0.902099609 0.243164062
vt 0.895019531 0.249267578
v -0.382110566 0.002532929 0.187820494
vt 0.913574219 0.251464844
vn -0.292309821 0.932231247 0.213307172
v -0.383270234 0.001556367 0.192077696
vt 0.914794922 0.248291016
vn -0.251812369 -0.952165782 0.173121125
v -0.373992890 0.000579804 0.201294005
vt 0.919921875 0.240966797
vn -0.055019226 -0.998206854 0.023579739
v -0.329315156 0.000488281 0.224105895
vt 0.936035156 0.216308594
v -0.373535126 0.004516572 0.194168150
vt 0.918945312 0.251953125
vn -0.973245323 0.227613762 -0.031394895
v -0.371734589 0.003509492 0.205734313
vt 0.922607422 0.241455078
vn -0.694833040 -0.679041445 0.236875027
v -0.369262666 0.000854462 0.221908629
vt 0.931640625 0.235351562
vn -0.165262073 -0.983703256 0.070826694
v -0.360382050 0.000640839 0.233123839
vt 0.939941406 0.231201172
vn -0.165164933 -0.983125031 0.078650065
v -0.364105195 0.004730195 0.229950011
vt 0.937255859 0.234130859
vn -0.410685599 -0.884553730 0.221138537
v -0.383483857 0.008850068 0.221374571
vt 0.929199219 0.244873047
vn -0.826233983 -0.550822675 -0.118033297
v -0.357788056 0.000732392 0.245483458
vt 0.949707031 0.231201172
vn -0.298851460 -0.943741679 0.141561329
v -0.348174989 0.000427216 0.258758605
vt 0.957031250 0.228759766
vn -0.023612486 -0.999597251 0.015741736
v -0.349151552 0.002441376 0.258270323
vt 0.956542969 0.229492188
vn -0.323235750 0.930288196 0.173443571
v -0.360076874 0.006011933 0.235137999
vt 0.945312500 0.234863281
vn -0.638091981 -0.259963453 0.724746644
v -0.351165742 0.007659882 0.246261656
vt 0.954345703 0.235351562
vn -0.426295042 0.149992764 0.892062128
v -0.342040986 0.006317109 0.244094908
vt 0.958251953 0.234619141
vn 0.291836679 0.725647807 0.623110473
v -0.343749970 0.026336670 0.249450743
vt 0.973388672 0.249511719
vn 0.408323914 0.133490533 0.903023779
v -0.366546601 0.006957978 0.238479674
vt 0.944091797 0.237548828
vn -0.181705967 -0.616220653 0.766325712
v -0.363067597 0.018692017 0.241409361
vt 0.955810547 0.243164062
vn -0.418088108 -0.047330718 0.907172620
v -0.380218476 0.008514374 0.232391417
vt 0.939208984 0.239990234
vn -0.711579144 -0.229286641 0.664140701
v -0.354614228 0.036499023 0.246139586
vt 0.962402344 0.253417969
vn 0.062664732 0.806807816 0.587481380
v -0.332183808 0.028945923 0.228347838
vt 0.967041016 0.270019531
vn 0.781419396 0.355190694 0.513053000
v -0.339691132 0.036758423 0.222549498
vt 0.960449219 0.271728516
vn 0.086514972 0.990989983 0.102244936
v -0.360961884 0.035675049 0.235382140
vt 0.955566406 0.254638672
vn -0.071137942 0.995930731 0.055329449
v -0.367736787 0.035690308 0.239517272
vt 0.951904297 0.249511719
vn -0.266660422 0.549006999 0.792138636
v -0.379974335 0.035324097 0.233779967
vt 0.943847656 0.249023438
vn -0.802627206 0.354100287 0.480002701
v -0.351501435 0.035964966 0.193710387
vt 0.941894531 0.274414062
vn -0.031479523 0.999473393 -0.007869910
v -0.324645966 0.036560059 0.215148985
vt 0.959472656 0.284667969
vn -0.251625538 0.927869081 0.275215417
v -0.381439179 0.035095215 0.210510314
vt 0.938476562 0.256347656
vn -0.392922074 0.919437528 -0.015716869
v -0.386077851 0.027206421 0.215011656
vt 0.935058594 0.250976562
vn -0.987132728 0.086867645 0.134250179
v -0.381530732 0.034744263 0.182556212
vt 0.928710938 0.265380859
vn -0.292282492 0.947942972 -0.126392394
v -0.384368867 0.026153564 0.198318541
vt 0.930419922 0.257324219
vn -0.966230154 -0.157110646 -0.204243615
v -0.374969453 0.020431519 0.178070128
vt 0.920410156 0.265136719
vn -0.836932003 -0.244763151 -0.489526093
v -0.366912812 0.035232544 0.173080504
vt 0.926269531 0.273437500
vn -0.126471460 0.750923634 -0.648165703
v -0.364349335 0.026184082 0.170867980
vt 0.921630859 0.272949219
vn -0.086700357 0.078818336 -0.993111670
v -0.364929169 0.011474580 0.170974791
vt 0.914306641 0.270751953
vn -0.488871545 0.662341952 -0.567721605
v -0.352203339 0.020248413 0.176132262
vt 0.919677734 0.280761719
vn 0.196899116 0.393798470 -0.897860587
v -0.352203339 0.021240219 0.167190611
vt 0.916015625 0.281738281
vn -0.560132742 0.781030178 0.276121795
vt 0.907470703 0.282226562
v -0.353088349 0.035873413 0.176895201
vt 0.930175781 0.278564453
vn 0.346984059 0.693968356 -0.630880415
v -0.351257294 0.026565537 0.164260924
vt 0.915283203 0.284912109
vn -0.624354780 0.695483804 0.355645180
vt 0.913330078 0.288085938
v -0.348693818 0.031478882 0.178863585
vt 0.930908203 0.281494141
vn 0.315833122 0.300041556 -0.900124788
v -0.341217011 0.024673462 0.180725157
vt 0.927246094 0.286132812
vn -0.228085056 0.959529996 -0.165165007
v -0.344879121 0.026702866 0.166244566
vt 0.918212891 0.286865234
vn -0.714368463 0.510263205 0.478862524
v -0.344970673 0.036254883 0.182052672
vt 0.935546875 0.281005859
vn -0.181530640 0.931330681 -0.315705329
v -0.346984833 0.035858139 0.165573180
vt 0.916748047 0.291992188
vn -0.869472444 0.125329345 0.477818340
vt 0.911621094 0.296386719
v -0.337402314 0.028213501 0.176223814
vt 0.925048828 0.289062500
vn -0.543812990 0.212796435 0.811779022
v -0.337005585 0.037887573 0.177230895
vt 0.923583984 0.293945312
vn -0.486937732 0.691137433 0.534060717
v -0.328582734 0.040100098 0.176849425
vt 0.927978516 0.297851562
vn -0.496601999 -0.204946890 0.843435466
vt 0.918457031 0.304687500
v -0.327606171 0.028823853 0.178283751
vt 0.930419922 0.292236328
vn -0.299147606 0.582550764 0.755741537
v -0.322357148 0.025909424 0.187225401
vt 0.936523438 0.290771484
vn 0.015728412 0.637005866 -0.770698488
v -0.317657441 0.031021118 0.182067931
vt 0.936767578 0.294189453
vn -0.898167014 0.259995729 0.354539752
v -0.335601777 0.051025391 0.180664122
vt 0.928466797 0.302490234
vn -0.355113059 0.536615491 0.765466213
vt 0.920654297 0.312744141
vt 0.940429688 0.307128906
v -0.316986054 0.043640137 0.181381285
vt 0.942626953 0.297851562
vn -0.228339404 0.921231389 0.314950883
v -0.324310273 0.039443970 0.191253722
vt 0.944824219 0.291992188
vn -0.883232534 0.346984148 -0.315440059
v -0.324340791 0.039474487 0.215576231
vt 0.958984375 0.285644531
vn -0.647458136 0.757999778 0.078958362
v -0.319519013 0.038818359 0.242401183
vt 0.970703125 0.286865234
vn -0.219738021 0.965277612 0.141260117
v -0.325592011 0.036727905 0.200805724
vt 0.949707031 0.287353516
vn -0.110089630 0.990806222 -0.078635439
v -0.331481904 0.036849976 0.184799254
vt 0.939453125 0.284667969
vn 0.291972786 0.860136271 -0.418231457
vt 0.607666016 0.012939453
vt 0.618164062 0.016601562
vt 0.610107422 0.025634766
v -0.384094268 0.023513764 -0.204650819
vt 0.065429688 0.939697266
vn -0.947233975 -0.252595752 0.197340548
v -0.382171661 0.035110444 -0.206817567
vt 0.070556641 0.934570312
vn -0.283017486 0.959114790 -0.000000005
v -0.385559112 0.026626557 -0.220443666
vt 0.073730469 0.942626953
vn -0.987286627 0.071084581 -0.142169133
v -0.383270293 0.009063691 -0.222991884
vt 0.071044922 0.951171875
vn -0.685719907 -0.725129247 0.063054837
v -0.380279571 0.034744233 -0.234420717
vt 0.083007812 0.940185547
vn -0.646230519 0.622587919 -0.441328079
v -0.379577667 0.007659882 -0.235092103
vt 0.080078125 0.952148438
vn -0.694833219 -0.110541694 -0.710624695
v -0.359222442 0.036041230 -0.235275209
vt 0.090087891 0.931396484
vn -0.047185667 0.998762369 -0.015728578
v -0.364959747 0.034896821 -0.242462099
vt 0.093261719 0.939208984
vn -0.457303047 0.228651404 -0.859414101
v -0.363006622 0.015106171 -0.243392885
vt 0.093261719 0.953857422
vn -0.432254434 -0.102169253 -0.895945191
v -0.354583770 0.036239594 -0.247787416
vt 0.100830078 0.931640625
vn -0.023612622 0.928759634 -0.369929731
v -0.366394073 0.006744355 -0.240981996
vt 0.083496094 0.958251953
vn -0.157110617 -0.895530462 -0.416343063
v -0.358490020 0.004241914 -0.235610902
vt 0.083007812 0.965087891
vn -0.393847346 -0.874341130 -0.283569992
v -0.353057891 0.036148041 -0.194030702
vt 0.069335938 0.916748047
vn -0.031476595 0.999380589 0.015738238
v -0.331390411 0.036941499 -0.219955385
vt 0.089599609 0.909912109
vn 0.102172293 0.990285814 -0.094312996
v -0.364135772 0.003082246 -0.216613710
vt 0.067626953 0.957519531
vn -0.534522533 -0.833226323 -0.141491145
v -0.362426788 0.000579804 -0.229995668
vt 0.075683594 0.963623047
vn -0.062850021 -0.997744679 -0.023568721
vt 0.051025391 0.948242188
vt 0.051269531 0.947021484
vt 0.047363281 0.948486328
vt 0.044921875 0.952880859
vt 0.048095703 0.935791016
v -0.383239746 0.034805268 -0.185546815
vt 0.061767578 0.930419922
vn -0.668442249 0.621258140 0.408929437
v -0.364746094 0.030761689 -0.173644960
vt 0.054931641 0.924560547
vn -0.110304512 0.220609307 0.969105005
vt 0.047119141 0.932617188
v -0.354278564 0.036132783 -0.178543031
vt 0.058837891 0.918212891
vn 0.078603826 0.951106310 0.298694521
vt 0.049072266 0.921630859
v -0.348480225 0.030548066 -0.180923402
vt 0.056640625 0.914794922
vn 0.355456531 0.323860347 0.876792490
vt 0.051269531 0.913574219
v -0.343505859 0.036315888 -0.183776796
vt 0.061523438 0.911865234
vn 0.047187101 0.896554530 0.440412730
vt 0.056640625 0.902587891
v -0.332275391 0.036666840 -0.186920106
vt 0.062744141 0.907714844
vn 0.157597601 0.969225407 0.189117104
v -0.324279815 0.035980195 -0.215408266
vt 0.085937500 0.907470703
vn -0.770698547 0.519041777 -0.369620651
v -0.324432403 0.039489716 -0.208679140
vt 0.060058594 0.893554688
vn -0.227613866 0.973245323 -0.031395022
vt 0.054443359 0.896972656
vt 0.736328125 0.986083984
vt 0.737304688 0.980957031
vt 0.739501953 0.985107422
v -0.362182617 0.111694321 0.006316239
vt 0.740722656 0.978027344
vn -0.353607893 0.337892026 0.872232974
vt 0.733154297 0.968750000
vt 0.747802734 0.987304688
v -0.348937988 0.131851181 0.008945516
vt 0.743896484 0.969238281
vn -0.275650233 -0.126011565 0.952962816
v -0.370880127 0.126708969 0.009180124
vt 0.746826172 0.976562500
vn -0.709983051 -0.118330531 0.694205940
v -0.341003418 0.136596665 0.018211415
vt 0.742431641 0.964355469
vn -0.252148241 -0.165472329 0.953436077
v -0.370361328 0.137771592 0.002452905
vt 0.751464844 0.975585938
vn -0.992495358 0.031507749 0.118154339
vt 0.760986328 0.992187500
v -0.340545654 0.150276169 0.015212108
vt 0.747558594 0.960937500
vn -0.102616884 0.015787272 0.994595706
vt 0.770751953 0.984619141
v -0.369873047 0.156066880 0.008536392
vt 0.754638672 0.968750000
vn -0.560080290 0.015776925 0.828288078
v -0.370025635 0.165199265 -0.038948007
vt 0.769042969 0.977539062
vn -0.927553833 0.345867485 -0.141491145
v -0.354278564 0.165390000 -0.036983442
vt 0.773193359 0.973144531
vn -0.747267544 0.660741687 -0.070793688
v -0.368652344 0.165931687 -0.007954544
vt 0.761474609 0.970703125
vn -0.745241404 0.666794837 0.000000069
v -0.368957520 0.166053757 0.002378755
vt 0.759033203 0.968505859
vn -0.235753193 0.840853155 0.487223327
vt 0.777343750 0.980468750
v -0.355010986 0.165969834 -0.001383492
vt 0.761474609 0.964599609
vn -0.825518608 0.534621537 0.180827975
vt 0.783935547 0.987792969
v -0.359344482 0.165771469 -0.082725473
vt 0.785888672 0.985351562
vn -0.362305939 0.803373814 -0.472572833
v -0.339569092 0.164947495 -0.083068796
vt 0.790039062 0.978027344
vn 0.070784852 0.298869967 -0.951665044
v -0.344848633 0.165924057 -0.075218149
vt 0.786865234 0.976806641
vn -0.330903679 0.874530971 -0.354539603
v -0.322906494 0.167762741 -0.073417611
vt 0.794189453 0.974853516
vn -0.236103550 0.149532109 -0.960153818
v -0.353485107 0.174171433 -0.075714059
vt 0.785888672 0.972900391
vn -0.708837330 0.078759633 -0.700961173
v -0.356018066 0.176567063 -0.045444436
vt 0.777587891 0.968505859
vn -0.874097168 0.456735402 -0.165369615
v -0.337615967 0.198532090 -0.071876481
vt 0.790527344 0.963867188
vn -0.300407171 0.521759510 -0.798450232
v -0.330566406 0.198089585 -0.070228532
vt 0.792724609 0.960693359
vn -0.919522703 0.078591630 -0.385099113
v -0.339447021 0.201080307 -0.040145826
vt 0.781250000 0.956787109
vn -0.890620112 0.409842819 -0.197039723
v -0.345336914 0.189231858 -0.062385511
vt 0.785400391 0.965332031
vn -0.817884147 0.566227376 -0.102235429
v -0.344299316 0.203475937 -0.014752341
vt 0.771972656 0.951904297
vn -0.813017190 0.560429215 0.157867491
v -0.360992432 0.175170884 -0.024436900
vt 0.770751953 0.966796875
vn -0.984679520 -0.165426195 -0.055141915
v -0.358703613 0.187271103 -0.000304410
vt 0.765625000 0.959228516
vn -0.834361315 0.550993204 -0.015742581
v -0.359161377 0.179733261 -0.009682604
vt 0.766357422 0.962646484
vn -0.969405890 -0.181271061 0.165508464
v -0.356597900 0.175712571 0.001626900
vt 0.761230469 0.959472656
vn -0.267285913 0.636769652 0.723244548
v -0.353057861 0.166488633 0.015684178
vt 0.755371094 0.961669922
vn -0.503812015 0.275522262 0.818694770
v -0.336059570 0.174362168 0.017982531
vt 0.754394531 0.955322266
vn -0.015728466 0.637005925 0.770698428
v -0.332550049 0.188743576 -0.010954809
vt 0.763671875 0.951171875
vn -0.599001050 0.386198074 0.701461911
v -0.343658447 0.211799607 -0.012553168
vt 0.772705078 0.948242188
vn -0.819304109 -0.559332728 0.126046941
v -0.323669434 0.176147446 0.008179711
vt 0.753173828 0.949951172
vn -0.393749505 0.157499880 0.905624211
v -0.313842773 0.142387375 0.019954728
vt 0.742187500 0.951416016
vn -0.855382264 -0.007847559 0.517938018
v -0.323944092 0.184432968 0.021654176
vt 0.753173828 0.943359375
vn -0.851423740 -0.386294127 0.354760051
v -0.337860107 0.209568009 0.026815461
vt 0.761962891 0.937500000
vn -0.548804402 -0.784006417 0.290082455
v -0.371093750 0.406555176 0.037838023
vt 0.775634766 0.392822266
vn -0.961255908 0.236374348 0.141824737
v -0.368865967 0.416458130 0.016309779
vt 0.777587891 0.383056641
v -0.370147705 0.384742737 0.040527388
vt 0.783447266 0.398681641
vn -0.691222548 0.000000001 0.722641945
v -0.363952637 0.416336060 0.030485194
vt 0.772460938 0.387695312
vn -0.954978943 0.260448754 -0.142062858
v -0.371368408 0.321216583 0.029668855
vt 0.806640625 0.405029297
vn -0.995340228 -0.055296730 -0.078995124
v -0.350982666 0.416091919 -0.039932214
vt 0.785156250 0.359375000
vn -0.954176843 0.094629042 -0.283887178
v -0.362884521 0.309101105 -0.018522216
vt 0.816162109 0.387939453
vn -0.979327261 -0.126364857 -0.157955870
v -0.363220215 0.308876038 0.025602387
vt 0.814453125 0.403808594
vn -0.400966167 -0.912001610 0.086483009
v -0.360778809 0.416534424 -0.031280477
vt 0.785888672 0.364501953
vn -0.843645155 0.465187430 -0.268074036
v -0.358489990 0.399932861 -0.044597585
vt 0.792724609 0.361816406
vn -0.955484927 0.078965627 -0.284276336
v -0.345275879 0.397583008 -0.043930016
vt 0.791503906 0.357910156
vn -0.495449185 0.581956029 -0.644870102
v -0.330383301 0.412918091 -0.054328881
vt 0.787841797 0.350341797
vn -0.979174554 0.047379378 0.197414353
v -0.352020264 0.392883301 -0.060062367
vt 0.798095703 0.357666016
vn -0.956021607 0.292337149 0.023703128
v -0.354797363 0.405883789 -0.061912499
vt 0.797363281 0.353515625
vn -0.726756215 0.347579092 0.592464507
v -0.358093262 0.386024475 -0.068458520
vt 0.802490234 0.355712891
vn -0.996914387 -0.000000047 -0.078497060
v -0.356353760 0.335502625 -0.058788255
vt 0.813232422 0.367919922
vn -0.965842962 -0.000000054 -0.259128451
v -0.351318359 0.334960938 -0.059501607
vt 0.814941406 0.366699219
vn -0.955216885 -0.205253243 0.213147715
v -0.357147217 0.309738129 -0.071731523
vt 0.825683594 0.365722656
vn -0.984862804 -0.173335910 0.000000137
v -0.349395782 0.310920686 -0.120216325
vt 0.833740234 0.349853516
vn -0.987163544 -0.023691976 -0.157946035
v -0.345855743 0.308513612 -0.119407609
vt 0.834960938 0.351074219
vn -0.981820107 -0.172800392 -0.078545474
v -0.351409912 0.311000794 -0.061572988
vt 0.824462891 0.368652344
vn -0.575141907 -0.393932849 0.716957927
v -0.346466064 0.308132142 -0.067375138
vt 0.828857422 0.368164062
vn -0.913499117 -0.299249768 0.275624871
v -0.347198486 0.281546563 -0.058837846
vt 0.835937500 0.375976562
vn -0.999690175 0.023614686 -0.007871446
v -0.345214874 0.266378790 -0.148071244
vt 0.853271484 0.348388672
vn -0.770793915 -0.000000062 -0.637084603
v -0.327178955 0.304565400 -0.055377916
vt 0.827148438 0.374023438
vn -0.874639571 0.063037075 0.480657965
v -0.337554932 0.317962617 -0.052032430
vt 0.822265625 0.373535156
vn -0.510893285 -0.856728733 -0.070738964
v -0.358978271 0.311817139 -0.043704942
vt 0.818359375 0.377929688
vn -0.574714124 -0.582586884 -0.574714005
v -0.332244873 0.312824219 -0.050777394
vt 0.824462891 0.375488281
vn -0.613945007 0.228261486 -0.755624413
v -0.348541260 0.288816422 -0.051929429
vt 0.832763672 0.378906250
vn -0.889212728 0.204597533 -0.409195065
v -0.350128174 0.309036255 -0.035549123
vt 0.822998047 0.382324219
vn -0.970038831 -0.197162390 -0.141956732
v -0.348449707 0.224750504 -0.050132707
vt 0.852783203 0.387451172
vn -0.994874716 -0.063166693 -0.078958184
v -0.345336944 0.223106354 -0.147872880
vt 0.867431641 0.358642578
vn -0.994224012 -0.031562716 -0.102578536
v -0.329315215 0.214450806 -0.148071244
vt 0.872802734 0.357910156
vn -0.086458944 -0.558052659 -0.825289130
v -0.296875030 0.211944565 -0.148605302
vt 0.881347656 0.353515625
vn -0.031610068 -0.086927384 -0.995713115
v -0.346984863 0.212093338 -0.064865068
vt 0.860107422 0.383789062
vn -0.986149132 -0.165673092 0.007889330
v -0.345306396 0.212326020 -0.127990678
vt 0.869140625 0.365966797
vn -0.425091416 -0.897415280 -0.118080869
v -0.325775146 0.211280808 -0.119262651
vt 0.877441406 0.369140625
vn -0.441259652 -0.843121111 -0.307305723
v -0.300109893 0.211360902 -0.133422807
vt 0.885986328 0.360595703
vn -0.739790738 -0.275454015 -0.613868773
v -0.310302734 0.192359895 -0.126922563
vt 0.884521484 0.372558594
vn -0.967395008 -0.110110052 -0.228084862
v -0.327728271 0.190353379 -0.078498796
vt 0.871826172 0.385253906
vn -0.866921484 -0.409817457 -0.283719599
v -0.338958740 0.211372361 -0.092330888
vt 0.867187500 0.377441406
vn -0.423976302 -0.902912557 -0.070662625
v -0.310913086 0.156158417 -0.087860063
vt 0.883789062 0.387939453
vn -0.954028547 -0.134037122 -0.268074006
vt 0.877441406 0.388916016
vt 0.867919922 0.386962891
v -0.332214355 0.211383805 -0.080871537
vt 0.866455078 0.382080078
vn -0.723848641 -0.684509158 0.086547256
v -0.334503174 0.211166367 -0.059291791
vt 0.861328125 0.388183594
vn -0.936949790 -0.322814673 -0.133849829
vt 0.861328125 0.394287109
v -0.335449219 0.221103653 -0.055381726
vt 0.857666016 0.388427734
vn -0.581955969 -0.770698547 0.259521037
v -0.341461182 0.217140183 -0.037425946
vt 0.855712891 0.394042969
vn -0.835786521 -0.449432403 -0.315390974
vt 0.859130859 0.402343750
vt 0.855957031 0.404541016
v -0.350891113 0.212230667 -0.022708844
vt 0.853759766 0.400390625
vn -0.975682557 -0.204578638 -0.078683943
vt 0.853027344 0.418945312
v -0.353424072 0.213222489 0.031715441
vt 0.847412109 0.419677734
vn -0.969556570 -0.244359821 0.015765285
v -0.353393555 0.291690826 0.019557998
vt 0.823486328 0.404052734
vn -0.999721229 0.023615420 0.000000130
v -0.343505859 0.288722992 0.029972119
vt 0.825683594 0.409179688
vn -0.723983169 0.613811791 0.314775348
v -0.337280273 0.308139801 0.024684949
vt 0.819091797 0.409912109
vn -0.826233923 -0.267542422 0.495740503
v -0.353271484 0.308521271 0.028196380
vt 0.817382812 0.405029297
vn -0.667864263 -0.730722189 0.141430214
v -0.359130859 0.328338623 -0.042514756
vt 0.814453125 0.376953125
vn -0.987440705 -0.000000050 -0.157990366
v -0.361755371 0.352531433 -0.026702838
vt 0.805908203 0.377685547
v -0.360015869 0.340431213 -0.037330583
vt 0.811279297 0.376220703
vn -0.986179948 -0.000000050 -0.165678084
v -0.360015869 0.341728210 -0.037330583
vt 0.810546875 0.375976562
vn -0.986149251 0.007889143 -0.165672928
v -0.370635986 0.429382324 0.067741439
vt 0.546386719 0.682373047
vn -0.567192852 -0.307229519 0.764135063
v -0.369995117 0.452285767 0.057193797
vt 0.542480469 0.674316406
vn -0.987317502 -0.015797131 -0.157970667
v -0.365814209 0.412460327 0.042877238
vt 0.557617188 0.683837891
vn -0.598128498 -0.629609108 0.495817274
v -0.367950439 0.467636108 0.067977943
vt 0.534912109 0.675537109
vn -0.924446285 0.213333741 0.316050172
vt 0.557861328 0.679199219
vt 0.561279297 0.681152344
vt 0.569335938 0.682617188
v -0.366485596 0.484298706 0.042289771
vt 0.530273438 0.667724609
vn -0.983368337 0.180939734 -0.015733773
v -0.363769531 0.477172852 0.017576257
vt 0.530761719 0.659423828
vn -0.979999900 0.023709621 -0.197580487
v -0.361602783 0.470886230 0.069198646
vt 0.531250000 0.677734375
vn -0.276612729 0.094838731 0.956290305
v -0.328613281 0.415832520 0.074943580
vt 0.547119141 0.697753906
vn -0.180962056 -0.590094030 0.786792099
v -0.323974609 0.415237427 0.049831424
vt 0.555908203 0.701416016
vn -0.149084851 -0.125545204 0.980822265
v -0.357330322 0.489273071 0.056663550
vt 0.525390625 0.672119141
vn -0.795226336 0.370055825 0.480285317
v -0.363433838 0.498657227 0.045105018
vt 0.523437500 0.666015625
vn -0.552071810 0.820220947 0.149848104
v -0.342285156 0.499420166 0.070495643
vt 0.519775391 0.678222656
vn 0.086643763 0.834930480 0.543492377
v -0.349029541 0.498382568 0.028493918
vt 0.510986328 0.670654297
vn 0.259120554 0.965813160 -0.007852215
v -0.337860107 0.489349365 0.046268497
vt 0.512695312 0.682861328
vn 0.495127618 0.864508629 0.086450756
v -0.319458008 0.474349976 0.076667823
vt 0.523925781 0.691894531
vn -0.063178383 0.639681995 0.766038835
v -0.311920166 0.488449097 0.018358262
vt 0.502197266 0.692871094
vn -0.149569228 0.976135910 0.157441244
v -0.319061279 0.420074463 0.076759376
vt 0.544433594 0.700927734
vn -0.149434879 -0.416845024 0.896610081
v -0.288818359 0.489044189 0.042583492
vt 0.506103516 0.705566406
vn -0.314804554 0.912933171 0.259713739
v -0.283874512 0.477951050 0.085136443
vt 0.520507812 0.706054688
vn 0.165549532 0.559714854 0.811980605
v -0.269226074 0.501693726 0.038234733
vt 0.508544922 0.720947266
vn 0.857285023 0.424710035 0.291004866
v -0.309051514 0.446701050 0.079322845
vt 0.533203125 0.699951172
vn -0.212730229 -0.015757771 0.976983905
v -0.277465820 0.435043335 0.085311919
vt 0.532958984 0.711914062
vn 0.795029223 -0.023614667 0.606111228
v -0.266082764 0.455764771 0.023576764
vt 0.529785156 0.734863281
vn 0.983490169 0.000000051 0.180962056
v -0.270965576 0.433746338 0.049942046
vt 0.535644531 0.725097656
vn 0.981033683 -0.070634365 0.180510059
v -0.268646240 0.415115356 0.029380828
vt 0.544189453 0.731445312
vn 0.820706069 -0.481375635 0.307764679
v -0.278900146 0.415878296 0.077018768
vt 0.539306641 0.714599609
vn 0.363889545 -0.870170474 0.332246840
v -0.301696777 0.414566040 0.043441806
vt 0.552734375 0.712402344
vn 0.133507028 -0.934548557 0.329840660
v -0.297241211 0.403457642 0.037620574
vt 0.554443359 0.718017578
vn 0.635123372 0.078410342 0.768420637
v -0.275054932 0.399627686 0.031909972
vt 0.553466797 0.727783203
vn 0.566595614 -0.393469065 0.723983109
v -0.284118652 0.390129089 0.027719529
vt 0.558349609 0.724853516
vn 0.928990006 -0.007872740 0.370021313
v -0.294097900 0.394409180 0.055645019
vt 0.561035156 0.714843750
vn 0.583183646 0.315234423 0.748681545
v -0.288635254 0.362640381 0.052886996
vt 0.572265625 0.721679688
vn 0.960749090 0.031500019 0.275624573
v -0.282836914 0.376106262 0.016050370
vt 0.562500000 0.730224609
vn 0.926038742 0.023543414 0.376693577
v -0.282806396 0.352058411 0.027896915
vt 0.573242188 0.730224609
vn 0.558156192 0.141504422 0.817580700
v -0.283569336 0.314170837 0.023220098
vt 0.588378906 0.734619141
vn 0.843959928 0.157749563 0.512685776
v -0.293762207 0.362915039 0.055686984
vt 0.572753906 0.718994141
vn -0.149107799 0.000000037 0.988820970
v -0.289398193 0.319183350 0.056449924
vt 0.588378906 0.722656250
vn 0.474995375 -0.126665339 0.870824575
v -0.296722412 0.309001923 0.051445041
vt 0.593261719 0.722656250
vn -0.047138870 0.047139041 0.997775495
v -0.329925537 0.311782837 0.048454326
vt 0.594238281 0.708251953
vn -0.227613688 -0.031394981 0.973245382
v -0.349060059 0.282867432 0.046737716
vt 0.606933594 0.710449219
vn -0.550703168 0.165210992 0.818187833
vt 0.614257812 0.707031250
vt 0.608886719 0.706787109
vt 0.603515625 0.703125000
v -0.356597900 0.309215546 0.043972060
vt 0.597412109 0.694580078
vn -0.237460300 -0.237460405 0.941926420
vt 0.603027344 0.693115234
vt 0.601562500 0.685791016
v -0.361907959 0.320060730 0.027824447
vt 0.598388672 0.686035156
vn -0.759207666 -0.577314258 0.300519854
vt 0.599365234 0.681640625
v -0.368988037 0.324844360 0.041706130
vt 0.593261719 0.687255859
vn -0.369472086 -0.055027749 0.927611113
vt 0.720703125 0.881103516
vt 0.706298828 0.869628906
v -0.318908691 0.000549316 -0.188018739
vt 0.727294922 0.852294922
vt 0.691162109 0.858886719
vt 0.758300781 0.882324219
v -0.238967910 0.000335693 -0.219879106
vt 0.754394531 0.813232422
vt 0.700683594 0.786376953
vt 0.694824219 0.793212891
v -0.360076904 0.498718262 0.010623969
vt 0.691650391 0.781738281
vn -0.687151551 0.710846364 -0.150067508
vt 0.686035156 0.790283203
v -0.351104736 0.494812012 -0.030687295
vt 0.689941406 0.767089844
vn -0.856120825 0.471259087 -0.212066501
vt 0.703125000 0.776367188
v -0.353729248 0.455215454 -0.024383506
vt 0.698974609 0.753906250
vn -0.982062519 -0.000000051 -0.188555866
vt 0.718750000 0.771484375
v -0.331512451 0.492919922 -0.012030568
vt 0.679931641 0.774658203
vn 0.055101022 0.968203902 0.244018823
v -0.360015869 0.427261353 0.009314577
vt 0.714111328 0.752197266
vn -0.982032180 -0.007856308 -0.188550040
vt 0.722412109 0.754882812
v -0.360015869 0.425964355 0.009326022
vt 0.714111328 0.751708984
vn -0.983490169 -0.000000051 -0.180962056
vt 0.701171875 0.739746094
v -0.344757110 0.454940796 -0.073638879
vt 0.683593750 0.737304688
vn -0.855909586 0.345504731 -0.384766579
v -0.345916778 0.416732788 -0.068069421
vt 0.695068359 0.730224609
vn -0.986057103 -0.086773068 0.141992345
v -0.345794708 0.498001099 -0.065414391
vt 0.681884766 0.752929688
vn -0.939047873 0.181496590 -0.291972756
v -0.344604492 0.493164062 -0.032302823
vt 0.686279297 0.766845703
vn -0.472792834 0.795867920 0.378234297
v -0.331115752 0.496536255 -0.072494470
vt 0.676025391 0.747070312
vn 0.031562537 0.102578633 -0.994224131
v -0.309478790 0.456039429 -0.067558259
vt 0.667724609 0.733154297
vn 0.189541176 0.442263007 -0.876628518
v -0.336181670 0.517791748 -0.059020963
vt 0.676269531 0.756347656
vn -0.674494326 0.737237930 -0.039214727
v -0.287475616 0.520935059 -0.063957185
vt 0.659179688 0.754394531
vn 0.355956435 0.245214492 -0.901756644
v -0.324737579 0.518280029 -0.065246545
vt 0.672363281 0.754882812
vn -0.117760427 0.816471457 -0.565249503
v -0.318725616 0.519195557 -0.049598664
vt 0.671142578 0.760009766
v -0.291076660 0.509155273 -0.006538840
vt 0.662597656 0.775634766
vn -0.329820275 0.659640670 0.675346434
v -0.292327911 0.523193359 -0.046520207
vt 0.659667969 0.760009766
vn 0.063117407 0.978320897 -0.197242171
v -0.296081573 0.532470703 -0.026622744
vt 0.660644531 0.766357422
v -0.286468536 0.517486572 -0.041744206
vt 0.654785156 0.761230469
vn 0.558156073 0.817580879 -0.141504481
v -0.274078399 0.480758667 -0.060398076
vt 0.651611328 0.744140625
vn 0.291320413 0.086608775 -0.952696919
v -0.292511016 0.448822021 -0.063873261
vt 0.659667969 0.731445312
vn 0.433649212 0.512494624 -0.741146147
v -0.264251709 0.436859131 -0.056667302
vt 0.646240234 0.730468750
vn 0.614687860 0.291582763 -0.732897282
v -0.277130157 0.492691040 -0.049823735
vt 0.650390625 0.751220703
vn 0.599690616 0.520784020 -0.607581437
v -0.251800567 0.472259521 -0.056095097
vt 0.642333984 0.744873047
vn 0.640882075 -0.015824258 -0.767476261
v -0.253723145 0.455474854 -0.042926762
vt 0.634277344 0.746093750
vn 0.993852854 -0.007887673 0.110427968
v -0.252685547 0.420578003 -0.047946904
vt 0.638427734 0.731201172
vn 0.867244780 0.488810718 0.094608389
v -0.253204376 0.491073608 -0.048404671
vt 0.642822266 0.752685547
vn 0.653948784 0.441218525 -0.614554465
v -0.259887695 0.413848877 -0.011339160
vt 0.618896484 0.746582031
vn 0.975894094 0.094441414 0.196752712
v -0.254486114 0.503234863 -0.040908791
vt 0.644042969 0.759765625
vn 0.982062519 0.188556045 -0.000000137
vt 0.627929688 0.776855469
v -0.264129639 0.422515869 0.014507322
vt 0.620605469 0.763671875
vn 0.976620197 -0.031503826 0.212651029
vt 0.618652344 0.770751953
v -0.261352539 0.515808105 -0.017898537
vt 0.647460938 0.769287109
vn 0.078786574 0.953317583 0.291510314
v -0.265045166 0.497802734 0.016632106
vt 0.641601562 0.780761719
vn 0.906383336 0.338908583 0.252210915
vt 0.645751953 0.791748047
v -0.281524658 0.498489380 -0.018217059
vt 0.653076172 0.776611328
vn 0.149857372 0.922805905 0.354925305
v -0.282440186 0.504394531 0.003674534
vt 0.655029297 0.782958984
vn -0.385862708 0.921345592 0.047248505
vt 0.656982422 0.791503906
vt 0.670898438 0.787841797
v -0.300567627 0.486877441 -0.004936188
vt 0.666503906 0.781250000
v -0.320709229 0.487960815 0.017133746
vt 0.674560547 0.786865234
vn 0.253069222 0.964826524 0.071175642
vt 0.680664062 0.796142578
v -0.355316192 0.000976533 -0.235275209
vt 0.844238281 0.896972656
vn -0.023644060 -0.922117889 -0.386186093
vt 0.848632812 0.894775391
vt 0.847656250 0.896972656
v -0.355499297 0.004882783 -0.245208681
vt 0.848876953 0.901367188
vn -0.118308514 -0.717738032 -0.686188936
vt 0.853515625 0.902343750
v -0.341583282 0.000488251 -0.231841981
vt 0.837158203 0.893798828
vn -0.023603724 -0.999225974 -0.031471636
vt 0.843505859 0.864257812
v -0.320892364 0.000457764 -0.266662568
vt 0.814697266 0.892822266
v -0.231887847 0.000335693 -0.286346406
vt 0.775878906 0.862792969
v -0.333923370 0.001220703 -0.248443544
vt 0.826660156 0.895019531
vn -0.936166704 -0.267476231 0.228141621
v -0.340271026 0.000610352 -0.254913300
vt 0.823242188 0.898437500
vn -0.039334688 -0.999102235 0.015733942
v -0.320495635 0.000976562 -0.273193330
vt 0.812988281 0.896728516
vn -0.196448892 -0.872233033 -0.447903395
v -0.335815459 0.001770020 -0.274169892
vt 0.814453125 0.903808594
vn -0.298731446 -0.935501158 -0.188672423
vt 0.251708984 0.977294922
vt 0.244628906 0.972412109
v -0.355743438 0.415832520 -0.081420861
vt 0.244628906 0.963867188
vn -0.981941283 0.125688434 -0.141399398
v -0.342224151 0.371017426 -0.163787797
vt 0.275390625 0.947265625
vn -0.726575136 -0.000000062 -0.687087059
vt 0.283447266 0.974609375
vt 0.284667969 0.975341797
v -0.346038848 0.309429139 -0.144515947
vt 0.289794922 0.965576172
vn -0.894895673 -0.345398366 -0.282598466
vt 0.238281250 0.974853516
vt 0.240722656 0.968750000
vt 0.232421875 0.971679688
v -0.351196319 0.416870117 -0.075340234
vt 0.241943359 0.965576172
vn -0.991880059 0.118080914 -0.047232255
vt 0.228759766 0.970214844
v -0.351196319 0.450622559 -0.074584924
vt 0.231201172 0.968261719
vn -0.985689163 0.165595725 -0.031541929
v -0.340576202 0.416625977 -0.142990068
vt 0.252441406 0.943115234
vn -0.867865384 0.362925470 -0.339256346
v -0.343658477 0.393127441 -0.154846147
vt 0.264160156 0.947753906
vn -0.983368337 0.015733844 -0.180939645
v -0.340637237 0.403381348 -0.163162187
vt 0.263671875 0.944335938
vn -0.708310366 0.267583787 -0.653219283
v -0.345275909 0.410369873 -0.144271806
vt 0.255615234 0.946289062
vn -0.920461297 0.298953205 -0.251749963
v -0.329589874 0.416091919 -0.160781816
vt 0.260498047 0.940673828
vn 0.015728405 0.487584770 -0.872934043
v -0.296081573 0.415725708 -0.153976396
vt 0.262695312 0.931884766
vn 0.213094324 0.110493384 -0.970763624
v -0.324218780 0.417709351 -0.142578080
vt 0.254638672 0.938232422
vn 0.086440042 0.534357369 -0.840827167
v -0.275573760 0.419723511 -0.138000458
vt 0.260498047 0.923583984
vn 0.369792163 0.660905361 -0.653037488
vt 0.046142578 0.595703125
vt 0.061279297 0.589355469
vt 0.068847656 0.600341797
vt 0.053466797 0.586914062
vt 0.045654297 0.589355469
vt 0.069335938 0.611328125
vt 0.060058594 0.616455078
v -0.318145752 0.146697983 -0.081542917
vt 0.044677734 0.615234375
vn -0.181412071 0.102537118 -0.978046954
vt 0.052490234 0.623291016
v -0.321105957 0.116546616 -0.082359262
vt 0.039306641 0.601806641
vn -0.212796569 0.543813050 -0.811778963
vt 0.039550781 0.621337891
v -0.323333740 0.126281723 -0.093856759
vt 0.033447266 0.598144531
vn -0.346628726 0.937472939 0.031511702
vt 0.025146484 0.586425781
v -0.312347412 0.127014145 -0.123664811
vt 0.020751953 0.600830078
vn -0.662712872 0.717938960 -0.213014796
v -0.310821533 0.129104599 -0.105461076
vt 0.026123047 0.604248047
vn -0.995215952 0.094782427 0.023695745
vt 0.021972656 0.640136719
vt 0.042724609 0.640869141
v -0.312347412 0.115676865 -0.092086747
vt 0.034667969 0.603759766
vt 0.807617188 0.183349609
vt 0.807373047 0.184082031
vt 0.789550781 0.179443359
vt 0.808837891 0.174560547
vt 0.799072266 0.167236328
v -0.322601318 0.054412827 -0.152099550
vt 0.790771484 0.157958984
vn -0.847639263 -0.259000927 -0.463062018
vt 0.797607422 0.160644531
vt 0.795654297 0.157714844
v -0.326232910 0.053817719 -0.181426942
vt 0.787109375 0.144775391
vn -0.810195267 0.448360413 -0.377566636
vt 0.791259766 0.132812500
v -0.317535400 0.059234604 -0.162658632
vt 0.781494141 0.156250000
vn -0.742810488 0.134337991 -0.655885637
v -0.301147491 0.062469453 -0.184341371
vt 0.778320312 0.142333984
vn -0.134124756 0.788968444 -0.599616110
v -0.333679199 0.086761460 -0.168167055
vt 0.777587891 0.174316406
vn -0.457303017 -0.228651524 -0.859414101
v -0.305450439 0.063522324 -0.164398134
vt 0.770507812 0.150390625
vn 0.149195105 0.384766638 -0.910876215
vt 0.778320312 0.183105469
vt 0.804199219 0.197021484
v -0.327362090 0.099502549 -0.170394853
vt 0.769287109 0.176025391
vn 0.070857219 0.204698980 -0.976256907
v -0.332031250 0.106231675 -0.157531694
vt 0.767822266 0.184326172
vn -0.550822675 0.731807232 -0.401313603
vt 0.763916016 0.201171875
vt 0.771728516 0.219726562
v -0.318084717 0.114273056 -0.161346391
vt 0.758056641 0.178955078
vn 0.164854139 0.541664004 -0.824271441
vt 0.744140625 0.196533203
v -0.299896240 0.129913315 -0.147476152
vt 0.739990234 0.180419922
v -0.289428711 0.080902085 -0.150726259
vt 0.754150391 0.149658203
vn 0.063062415 0.591211319 -0.804047465
v -0.291198730 0.056655854 -0.182220399
vt 0.777099609 0.135498047
vn 0.204243645 0.157110572 -0.966230273
v -0.284393340 0.068450898 -0.181030214
vt 0.771972656 0.131835938
vn -0.709630132 0.599243104 -0.370584518
v -0.296600342 0.045745820 -0.176498353
vt 0.782226562 0.129638672
vn -0.157681003 0.331129789 -0.930317104
v -0.259429932 0.089736924 -0.157272294
vt 0.731689453 0.134765625
vn -0.889405429 0.456508934 -0.023612436
v -0.275299102 0.048339814 -0.187942460
vt 0.777832031 0.119140625
vn -0.583636940 0.709828615 -0.394349128
v -0.289733917 0.079299897 -0.192581117
vt 0.764160156 0.127685547
vn -0.997498453 -0.070688903 0.000000134
v -0.263183624 0.046859711 -0.206176713
vt 0.776367188 0.106689453
vn -0.708573639 -0.133841723 -0.692827404
v -0.280700713 0.045654267 -0.217544511
vt 0.784179688 0.105224609
vn 0.125657409 0.989552617 -0.070682384
v -0.278015137 0.096328720 -0.141403168
vt 0.743164062 0.155273438
vn 0.118396744 0.402549326 -0.907709360
v -0.297790557 0.044021577 -0.201980531
vt 0.787841797 0.116210938
vn -0.149974078 0.986671269 -0.063146979
v -0.267639190 0.046508759 -0.244201615
vt 0.791992188 0.088134766
vn -0.086751491 0.993698299 -0.070978478
vt 0.799316406 0.120361328
vt 0.795166016 0.130371094
v -0.289642334 0.122787461 -0.142272905
vt 0.736328125 0.174804688
vn 0.692999244 -0.078749925 -0.716624439
v -0.284667969 0.126922593 -0.147232011
vt 0.730468750 0.174560547
vn -0.039373867 -0.118121266 -0.992218256
v -0.267791748 0.160728425 -0.147735566
vt 0.714843750 0.183105469
vn -0.000000131 -0.007873815 -0.999969006
v -0.292297363 0.121795639 -0.121818498
vt 0.731689453 0.166015625
vn 0.431561708 -0.384482324 -0.816044152
v -0.266235352 0.123458847 -0.147918671
vt 0.719726562 0.166503906
vn -0.213367194 -0.158049747 -0.964103103
v -0.223968521 0.143928513 -0.147613496
vt 0.697265625 0.167968750
v -0.268127441 0.122085556 -0.130538911
vt 0.727294922 0.160888672
vn -0.829553783 0.237015292 -0.505632579
v -0.274505615 0.100906357 -0.160995454
vt 0.726074219 0.146972656
vn -0.852935970 0.157951042 -0.497545809
v -0.260894775 0.115158066 -0.160858124
vt 0.716796875 0.147460938
vn -0.353139549 0.886772454 -0.298206627
v -0.259613037 0.127258286 -0.155502290
vt 0.717041016 0.154785156
vn 0.110086046 0.597610652 -0.794193149
v -0.246490493 0.122940049 -0.147659272
vt 0.710205078 0.155029297
vn 0.142169133 0.071084596 -0.987286627
v -0.244583145 0.099029526 -0.153091401
vt 0.708007812 0.146240234
vn 0.494532257 0.816370785 -0.298289448
vt 0.066650391 0.128173828
vt 0.053955078 0.135742188
v -0.343994170 0.015716523 -0.252227724
vt 0.061523438 0.123046875
vn 0.495740294 -0.267542422 -0.826234043
v -0.339569122 0.006500244 -0.239074647
vt 0.071044922 0.118896484
vn 0.315028936 -0.716691017 -0.622182250
v -0.343902618 0.025390595 -0.252624452
vt 0.055419922 0.121337891
vn 0.204496190 0.259553015 -0.943829238
vt 0.044677734 0.124267578
v -0.341003448 0.030258149 -0.240371644
vt 0.054687500 0.113769531
vn 0.558708727 0.692484260 -0.456410170
vt 0.053710938 0.101318359
v -0.331512481 0.029907197 -0.229034364
vt 0.059570312 0.104492188
vn 0.850789428 0.118165225 -0.512049317
v -0.336761504 0.003662109 -0.234695375
vt 0.074462891 0.116699219
vn -0.094485380 -0.149601713 -0.984221458
vt 0.070312500 0.128417969
v -0.338409454 0.007324219 -0.239501894
vt 0.070800781 0.117919922
vn 0.844353914 -0.086802728 -0.528707743
vt 0.074218750 0.121093750
v -0.337554961 0.002563477 -0.244140565
vt 0.082763672 0.114746094
vn -0.473263294 0.843986094 -0.252407014
vt 0.087402344 0.113037109
v -0.331848174 0.007995605 -0.231262147
vt 0.073242188 0.109619141
vn 0.528971076 0.607922137 -0.592131972
v -0.324890167 0.004974365 -0.248275697
vt 0.083496094 0.109130859
vn -0.314648718 0.936079741 -0.157324329
v -0.324096709 0.012481689 -0.216735780
vt 0.068359375 0.097167969
vn 0.537100554 0.608187556 -0.584491968
v -0.319885284 0.021987885 -0.208663881
vt 0.061523438 0.089111328
vn 0.410723895 -0.078985415 -0.908332050
v -0.317810088 0.014404297 -0.219192445
vt 0.069824219 0.093017578
vn -0.881370902 0.409207851 -0.236081377
v -0.320404083 0.006439209 -0.242553651
vt 0.082519531 0.105224609
vn -0.243973598 0.944413662 -0.220363200
v -0.321289092 0.007202148 -0.259338349
vt 0.091064453 0.106933594
vn 0.142062947 0.954978883 0.260448724
v -0.318725616 0.003662109 -0.262756318
vt 0.095214844 0.104248047
vn 0.204698980 0.936891794 -0.283429503
v -0.337219268 0.003570557 -0.254333466
vt 0.093750000 0.114257812
vn -0.322464973 0.833689988 0.448304981
vt 0.091552734 0.118896484
v -0.333465606 0.010375977 -0.255340546
vt 0.094482422 0.111572266
vn -0.094744049 0.923754573 0.371080875
v -0.347869903 0.001495332 -0.254791200
vt 0.095703125 0.116210938
vn -0.481195897 0.844064891 0.236653745
v -0.328979522 0.009063721 -0.265869111
vt 0.098876953 0.110595703
vn -0.086376287 0.934433341 -0.345504820
v -0.348938018 0.001190156 -0.269744813
vt 0.101318359 0.117187500
vn -0.788477898 -0.362699866 -0.496740907
vt 0.106445312 0.119628906
v -0.336822540 0.005035400 -0.263671845
vt 0.101562500 0.112792969
vn -0.300041646 0.947499752 -0.110541642
v -0.330657989 0.003997803 -0.272796601
vt 0.104736328 0.110595703
vn 0.071111172 0.956051350 -0.284445047
vt 0.104736328 0.106689453
v -0.329589874 0.005462646 -0.280975312
vt 0.110107422 0.110107422
vn -0.007900568 0.995464504 -0.094806194
v -0.322143584 0.002410889 -0.287384003
vt 0.114990234 0.106933594
vn 0.614687920 0.732897222 -0.291582882
vt 0.381835938 0.480712891
vt 0.390380859 0.473144531
v -0.354827881 0.224956498 0.045993850
vt 0.406005859 0.494628906
vn -0.299166113 -0.055109542 0.952608347
vt 0.410888672 0.489746094
vt 0.361083984 0.490722656
v -0.256988525 0.216514587 0.055236854
vt 0.380615234 0.522949219
vn -0.055007249 -0.031432748 0.997991085
v -0.299560547 0.208168015 0.050258681
vt 0.394042969 0.520996094
vn -0.322814524 -0.322814614 0.889708698
v -0.295654297 0.204921722 0.055660289
vt 0.394042969 0.522949219
vn -0.094794184 0.126392454 0.987440705
v -0.312591553 0.185867295 0.034339949
vt 0.411132812 0.525878906
vn -0.920974314 0.055101011 0.385707349
v -0.267120361 0.210998535 0.050601996
vt 0.384033203 0.526123047
vn 0.133552372 0.133552298 0.982001901
v -0.268188477 0.203437790 0.055015601
vt 0.385742188 0.530273438
vn 0.000000128 0.070688903 0.997498453
v -0.271362305 0.122283921 0.055675551
vt 0.412353516 0.546142578
vn 0.023589298 -0.047178283 0.998607934
v -0.254516602 0.214416504 0.044830360
vt 0.378906250 0.528564453
vn 0.164905190 0.157052502 0.973725259
v -0.221740708 0.211544037 0.055500064
vt 0.373291016 0.539794922
vn -0.031609815 0.086927384 0.995713115
v -0.256347656 0.256502151 0.055221591
vt 0.368164062 0.517822266
vn 0.834232152 0.023610404 0.550907791
v -0.240570053 0.240470871 0.048393279
vt 0.366699219 0.528076172
vn -0.606731892 -0.244268730 0.756445169
v -0.227249131 0.212585449 0.058105502
vt 0.371093750 0.538818359
vn -0.432160735 -0.345728695 0.832891941
v -0.238708481 0.238996491 0.058105499
vt 0.363525391 0.532714844
vn -0.039338257 -0.007867635 0.999195039
v -0.254241943 0.263853073 0.048812900
vt 0.363037109 0.519042969
vn 0.000000135 -0.118212849 0.992988288
v -0.262573242 0.270998955 0.054485355
vt 0.364257812 0.511718750
vn 0.117916793 0.070750043 0.990499973
v -0.257904053 0.281879425 0.058391605
vt 0.353759766 0.515625000
vn -0.788502276 -0.000000008 0.615031958
v -0.246063232 0.306602478 0.057029758
vt 0.342041016 0.512207031
vn -0.149485737 -0.102279767 0.983459711
v -0.268585205 0.297180176 0.053760562
vt 0.357910156 0.502197266
vn 0.487841368 0.409157246 0.771103919
v -0.258697510 0.281919479 0.041820560
vt 0.357421875 0.510742188
vn 0.369838148 0.424920380 0.826233923
v -0.256225586 0.306026459 0.031658206
vt 0.349853516 0.504638672
vn -0.866921425 0.157622054 0.472866416
v -0.265228271 0.308349609 0.036144290
vt 0.349853516 0.498779297
vn 0.393749684 0.629999399 0.669374287
vt 0.353027344 0.490966797
v -0.263488770 0.314857483 0.024702106
vt 0.348876953 0.494628906
vn -0.592519820 0.110603727 0.797926843
v -0.219863892 0.309585571 0.055812862
vt 0.337646484 0.524902344
vn -0.031536039 -0.110376559 0.993389487
v -0.268005371 0.307945251 0.052906070
vt 0.343505859 0.502441406
vn -0.820118845 -0.070971847 0.567774773
v -0.262695312 0.367477417 0.019176513
vt 0.324462891 0.481201172
vn -0.799711049 0.454737693 0.392015338
v -0.217971802 0.326698303 0.061443355
vt 0.330322266 0.515869141
vn -0.165657476 -0.015776880 0.986057222
v -0.268280029 0.368560791 0.052913696
vt 0.321777344 0.493896484
vn -0.503687143 0.251843631 0.826362073
v -0.249221802 0.369338989 0.045261413
vt 0.314941406 0.491455078
vn -0.553312123 0.822063744 0.134375840
v -0.223587036 0.365928650 0.058197048
vt 0.314453125 0.508789062
vn -0.157149285 0.267154008 0.950753927
v -0.221908569 0.370773315 0.048538234
vt 0.310546875 0.505615234
vn -0.133453369 0.573064923 0.808570862
v -0.216842651 0.369163513 0.061382320
vt 0.312255859 0.511962891
vn -0.157553494 0.354495645 0.921688557
v -0.185836792 0.308464050 0.067787193
vt 0.323486328 0.525634766
vn 0.094359703 -0.235898897 0.967185616
v -0.175186157 0.308967590 0.057060260
vt 0.322509766 0.530029297
vn 0.221186802 0.229086265 0.947942972
v -0.198669434 0.342559814 0.064254783
vt 0.319335938 0.518310547
vn -0.141403764 0.015711583 0.989827394
v -0.174285889 0.326686859 0.051383991
vt 0.313476562 0.528564453
vn 0.971490145 -0.007898240 0.236948669
v -0.163223267 0.310775757 -0.006144981
vt 0.306884766 0.541259766
vn 0.893399358 0.395309478 0.213466972
v -0.181655884 0.337776184 0.065856956
vt 0.315673828 0.523193359
vn 0.416987032 -0.086544402 0.904782832
v -0.176895142 0.351242065 0.067764305
vt 0.312011719 0.521728516
vn 0.833819032 -0.039331023 0.550634980
v -0.172470093 0.362342834 0.041652698
vt 0.301513672 0.523925781
vn 0.958345056 0.243513957 0.149250329
v -0.164810181 0.361938477 0.001342552
vt 0.287109375 0.530029297
vn 0.912594080 0.401226729 0.078671768
v -0.187332153 0.368995667 0.056015037
vt 0.301513672 0.517822266
vn 0.369472265 0.809694469 0.455944389
v -0.186355591 0.351669312 0.066368118
vt 0.313476562 0.519287109
vn -0.149066493 -0.023536799 0.988547087
v -0.186355591 0.352531433 0.066352859
vt 0.313232422 0.519287109
vn -0.165678084 0.000000036 0.986179948
v -0.186279297 0.353393555 0.066352859
vt 0.312744141 0.519287109
vn -0.055306911 0.229129151 0.971823514
v -0.176437378 0.368927002 0.062980667
vt 0.305175781 0.519531250
vn 0.362699866 0.630782306 0.685975611
v -0.179412842 0.369583130 0.020832082
vt 0.290283203 0.525634766
vn 0.922261119 -0.362598330 0.134003639
v -0.184310913 0.381317139 0.056541461
vt 0.296142578 0.516845703
vn 0.763542950 0.464423031 0.448679715
v -0.222396851 0.384788513 0.050113704
vt 0.304931641 0.503417969
vn -0.173903435 0.094856523 0.980183661
v -0.196777344 0.388877869 0.052139305
vt 0.297607422 0.510742188
vn 0.102027476 0.981033683 0.164813593
v -0.185104370 0.388824463 0.002104540
vt 0.280273438 0.501708984
vn 0.133671880 0.990744889 0.023589104
v -0.236297607 0.388771057 0.044750240
vt 0.304443359 0.497314453
vn -0.023579726 0.998206854 0.055019233
v -0.250244141 0.381774902 0.045879394
vt 0.307861328 0.494384766
vn -0.399793983 0.203816622 0.893657446
v -0.247741699 0.388900757 0.030969646
vt 0.303955078 0.489746094
vn -0.732738018 0.677585542 -0.063031152
v -0.246810913 0.368888855 0.017721204
vt 0.306396484 0.484130859
vn -0.739310026 0.621334910 0.259545058
v -0.353240907 0.001037568 0.265655577
vt 0.882812500 0.097412109
vn -0.306924850 -0.944384336 0.118048124
vt 0.885253906 0.089355469
vt 0.885986328 0.090087891
v -0.339477479 0.005493164 0.273864776
vt 0.878906250 0.092041016
vn -0.149107978 0.988820970 -0.000000024
v -0.344940126 0.000976533 0.278076231
vt 0.878417969 0.099365234
vn -0.432722181 -0.841841519 0.322574854
v -0.338287294 0.005096436 0.257202178
vt 0.882324219 0.083251953
vn -0.142169297 0.987286627 0.071084604
vt 0.891601562 0.081298828
v -0.334014833 0.007476807 0.283050567
vt 0.875000000 0.097412109
vn 0.063219853 0.987810552 0.142244652
v -0.332794130 0.001556396 0.290710479
vt 0.870849609 0.105712891
vn -0.031464733 -0.574233770 0.818086505
v -0.319793642 0.001007080 0.279052764
vt 0.869873047 0.097900391
vn 0.173767924 -0.979418874 0.102681026
v -0.327667177 0.002105713 0.268157989
vt 0.875000000 0.088378906
vn 0.133937150 0.984832287 0.110301159
v -0.318756044 0.000488281 0.267303497
vt 0.870117188 0.089843750
v -0.327117860 0.010131836 0.260650665
vt 0.875000000 0.081298828
vn -0.205310792 0.947588265 0.244793624
v -0.326080292 0.005737305 0.247390807
vt 0.880615234 0.073730469
vn -0.243513942 0.958345056 0.149250448
v -0.336120576 0.011291504 0.235534728
vt 0.896240234 0.076171875
vn 0.590167165 0.550822616 0.590167046
vt 0.904052734 0.084228516
vt 0.908691406 0.069335938
v -0.316009492 0.013793945 0.234954894
vt 0.892089844 0.065673828
vn -0.433044016 0.858214498 0.275573492
v -0.319488496 0.012695312 0.250000030
vt 0.884521484 0.065673828
vn -0.488249600 0.858374238 0.157499865
v -0.310882539 0.018341064 0.249282897
vt 0.886230469 0.059814453
vn -0.861021340 0.347568274 0.371266186
v -0.310272187 0.011779785 0.251586944
vt 0.882812500 0.062255859
vn -0.466057390 0.766230047 0.442359626
v -0.320617646 0.014465332 0.231765807
vt 0.895019531 0.064697266
vn -0.921259880 0.204724401 0.330708802
v -0.320953339 0.017532349 0.209472716
vt 0.902343750 0.063476562
vn -0.418088138 0.354980588 0.836176515
vt 0.907714844 0.057617188
vt 0.913330078 0.067626953
v -0.323730439 0.031250000 0.238998473
vt 0.894775391 0.051513672
vn -0.959589303 -0.125847802 0.251695663
vt 0.908935547 0.055908203
v -0.312927216 0.031585693 0.251068145
vt 0.885009766 0.049560547
vn -0.361622185 0.283008724 0.888333023
vt 0.895263672 0.045654297
v -0.298828095 0.041793823 0.242477477
vt 0.881591797 0.036621094
vn -0.165962562 0.972066402 0.165962517
v -0.278533906 0.046386719 0.216644332
vt 0.886230469 0.014892578
vn -0.063125364 0.994224012 0.086797297
vt 0.916503906 0.014160156
v -0.268310517 0.045196533 0.238708541
vt 0.874023438 0.016601562
vn -0.181683481 0.979510546 -0.086892091
v -0.266815156 0.046112061 0.240875289
vt 0.873046875 0.016113281
v -0.266143769 0.039825439 0.235931441
vt 0.873535156 0.011718750
vn 0.804747820 0.591726422 0.047337979
v -0.266815156 0.041015625 0.211364791
vt 0.883056641 0.006347656
vn 0.244147480 0.905708373 0.346531868
v -0.264129609 0.035995483 0.236022994
vt 0.871826172 0.009765625
vn -0.945732534 -0.204908773 -0.252195209
v -0.261535615 0.044082642 0.228775069
vt 0.869384766 0.010253906
vn -0.831455767 -0.125502810 -0.541230440
v -0.264465302 0.034439087 0.235321090
vt 0.870849609 0.008789062
vn -0.353009135 0.933512866 -0.062757164
v -0.259307832 0.033370972 0.246124312
vt 0.868408203 0.003906250
vn -0.607619166 0.370884448 0.702313185
vt 0.871582031 0.006591797
v -0.329986572 0.216293320 0.040573169
vt 0.215576172 0.984375000
vn -0.290753186 -0.793677926 0.534357548
vt 0.214599609 0.969726562
vt 0.222167969 0.967529297
vt 0.209716797 0.998291016
vt 0.226074219 0.979492188
v -0.316741943 0.201705918 0.035633132
vt 0.234130859 0.991210938
vn -0.519491732 -0.440780997 0.732011318
vt 0.241943359 0.980468750
vt 0.243408203 0.986083984
vt 0.246337891 0.997558594
vt 0.690429688 0.427490234
v -0.342742950 0.455963135 -0.125808686
vt 0.705810547 0.416992188
vn -0.423454612 0.901801348 -0.086259246
vt 0.708251953 0.438720703
vt 0.687988281 0.424072266
vt 0.677734375 0.412841797
v -0.297119170 0.455200195 -0.078788728
vt 0.678710938 0.406738281
vn 0.212756738 0.977105200 -0.000000071
vt 0.671875000 0.406738281
v -0.339965850 0.446716309 -0.143646210
vt 0.714111328 0.408935547
vn -0.845117450 0.118474342 -0.521287203
vt 0.725585938 0.406005859
vt 0.719726562 0.397949219
v -0.318695098 0.455184937 -0.140518159
vt 0.707519531 0.405029297
vn 0.094628982 0.283887297 -0.954176903
v -0.304290801 0.428253174 -0.138610795
vt 0.706787109 0.394042969
vn 0.149360970 0.110055514 -0.982638836
v -0.300201446 0.456024170 -0.137084931
vt 0.701660156 0.402343750
vn 0.330903530 0.874531090 -0.354539692
vt 0.696289062 0.383789062
v -0.284118682 0.430328369 -0.135070756
vt 0.697998047 0.390625000
vn 0.464077920 0.542735279 -0.700050056
v -0.292388946 0.455612183 -0.115188569
vt 0.691894531 0.401611328
vn 0.339743167 0.940219581 -0.023703100
v -0.252777129 0.430389404 -0.121444680
vt 0.686767578 0.384277344
vn 0.556695759 0.689989269 -0.462606519
v -0.293365508 0.449493408 -0.098701447
vt 0.683837891 0.402099609
vn 0.628035605 0.777194142 0.039252114
v -0.288208038 0.441726685 -0.118759125
vt 0.690673828 0.396728516
vn 0.588294089 0.768704295 -0.251005620
v -0.263122588 0.431289673 -0.111724824
vt 0.686279297 0.389648438
vn 0.370619029 0.851635456 -0.370619208
v -0.294525176 0.445220947 -0.087020844
vt 0.679687500 0.402832031
vn 0.498152137 0.853975177 -0.150236472
v -0.274383575 0.441726685 -0.079650849
vt 0.672851562 0.396972656
vn 0.440903842 0.897554338 -0.000000097
v -0.271392852 0.440628052 -0.097068757
vt 0.680419922 0.395751953
vn 0.267285943 0.943362474 -0.196533918
vt 0.662353516 0.397216797
v -0.249343887 0.443603516 -0.094322182
vt 0.679199219 0.390136719
vn 0.575427830 0.804022491 -0.149768993
v -0.255493194 0.427810669 -0.071517922
vt 0.663818359 0.389892578
vn 0.534621596 0.825518668 0.180827782
v -0.266143829 0.437545776 -0.084304780
vt 0.672851562 0.392578125
vn 0.393651962 0.881780446 0.259810209
vt 0.655029297 0.391357422
v -0.249008194 0.424148560 -0.096267678
vt 0.678222656 0.381835938
vn 0.667102814 0.698495984 -0.258993000
v -0.250091583 0.418045044 -0.117538430
vt 0.685058594 0.378662109
vn 0.768609703 0.415676713 -0.486263424
v -0.248458892 0.402832031 -0.130172700
vt 0.688964844 0.373046875
vn 0.134036988 0.954028547 -0.268074185
v -0.255340606 0.399383545 -0.142532319
vt 0.697753906 0.377929688
vn 0.063078105 0.709630013 -0.701745331
v -0.241683975 0.406082153 -0.112876870
vt 0.680908203 0.372314453
vn 0.401375651 0.865712404 -0.299064398
v -0.235000625 0.408340454 -0.096412636
vt 0.673828125 0.371826172
vn 0.700158238 0.676557481 -0.228141576
v -0.211441055 0.409210205 -0.091514565
vt 0.670654297 0.363281250
vn 0.007849445 0.996883690 0.078494735
v -0.203338653 0.398361206 -0.158126801
vt 0.689697266 0.352783203
vn 0.344740242 0.744325757 -0.571955740
v -0.259277374 0.433746338 -0.084854096
vt 0.675048828 0.389892578
vn 0.568553090 -0.300069600 0.765967250
v -0.258911163 0.434616089 -0.084854096
vt 0.674804688 0.390380859
vn 0.039241478 -0.070634373 0.996730208
v -0.258911163 0.434616089 -0.084846467
vt 0.675048828 0.390136719
vn 0.773405910 -0.205189243 0.599784017
v -0.259002715 0.434616089 -0.084823579
vn -0.872044504 0.157125115 0.463519275
v -0.258911163 0.435470581 -0.084739655
vt 0.675048828 0.390625000
vn 0.275096446 0.542332888 0.793849468
v -0.196029678 0.403778076 -0.124069199
vt 0.679687500 0.353515625
vn 0.473498970 0.860189915 -0.189399719
v -0.196975723 0.406860352 -0.093246445
vt 0.670410156 0.356201172
vn 0.924417555 0.292337209 0.244931027
v -0.197265640 0.381851196 -0.118637070
vt 0.677246094 0.343017578
vn 0.995371222 -0.094797216 -0.015799670
v -0.200698882 0.375831604 -0.139404267
vt 0.685791016 0.334228516
vn 0.440031767 0.062861681 -0.895779252
v -0.198013321 0.377136230 -0.101272568
vt 0.669189453 0.345458984
vn 0.599392176 0.796560764 -0.078867517
v -0.211715713 0.397247314 -0.086585976
vt 0.665283203 0.361328125
vn 0.086547196 0.723848820 0.684509039
v -0.175811782 0.375511169 -0.119216904
vt 0.668212891 0.334960938
vn 0.802627206 0.590167165 -0.086557977
v -0.228317276 0.393341064 -0.086135842
vt 0.664306641 0.367675781
vn 0.330636948 0.834464669 0.440849185
v -0.173995987 0.374290466 -0.090896592
vt 0.660400391 0.340820312
vn 0.621392608 0.778707206 -0.086523153
v -0.178024307 0.361038208 -0.103607163
vt 0.663574219 0.332519531
vn 0.889488041 0.086587355 -0.448679954
v -0.199432388 0.386901855 -0.079757668
vt 0.661621094 0.355224609
vn 0.597610652 0.794193029 0.110086046
v -0.181091323 0.379409790 -0.073921189
vt 0.657470703 0.349853516
vn 0.471739531 0.872718215 -0.125797316
v -0.219650283 0.393615723 -0.070610024
vt 0.658203125 0.365478516
vn 0.204902306 0.977226615 0.055165950
v -0.241058365 0.408950806 -0.077827431
vt 0.662353516 0.375488281
vn 0.908162117 0.244808972 0.339573532
v -0.231811538 0.396148682 -0.063163735
vt 0.656250000 0.372070312
vn 0.553312123 0.822063863 -0.134375915
v -0.224700943 0.411804199 -0.089057900
vt 0.670166016 0.375732422
vn 0.825825095 -0.558414936 0.078649908
v -0.231018081 0.417480469 -0.073867775
vt 0.666015625 0.379150391
vn 0.576719463 0.260708779 0.774225831
v -0.227569595 0.426513672 -0.093788125
vt 0.672363281 0.379394531
vn 0.457302868 0.859414160 -0.228651568
v -0.246841446 0.418243408 -0.060535405
vt 0.658203125 0.384521484
vn 0.627378583 0.768538833 -0.125475839
v -0.196807876 0.388267517 -0.055374123
vt 0.650146484 0.359130859
vn 0.418753237 0.892813563 0.165920988
v -0.227706924 0.405502319 -0.060691811
vt 0.654052734 0.375732422
vn 0.725467145 0.654497623 -0.212908983
v -0.224761978 0.393676758 -0.044071171
vt 0.647460938 0.369628906
vn 0.676389992 0.731445014 0.086514883
v -0.240249649 0.416244507 -0.021560645
vt 0.644287109 0.384033203
vn 0.478877187 0.847848177 0.227662832
v -0.219787613 0.395950317 -0.044662453
vt 0.647705078 0.372314453
vn 0.805023372 0.591929138 -0.039462067
v -0.252319336 0.404953003 -0.020372363
vt 0.638183594 0.386474609
vn 0.519427538 0.550907910 0.653219342
v -0.219192520 0.396697998 -0.023294427
vt 0.641845703 0.375732422
vn 0.645269454 0.031476617 0.763306379
vt 0.634765625 0.395263672
v -0.229888931 0.388771057 -0.025663352
vt 0.637695312 0.374023438
vn 0.094453044 0.991757214 0.086581923
v -0.248046875 0.400375366 0.004018333
vt 0.630859375 0.390136719
vn 0.824703515 0.447696209 0.345589876
v -0.270843506 0.412872314 0.013477354
vt 0.627929688 0.397460938
vn 0.699120700 0.015710635 0.714831054
vt 0.626220703 0.401855469
v -0.253723145 0.388214111 0.007163553
vt 0.626953125 0.386718750
vn 0.409741163 0.307305872 0.858880341
v -0.275146484 0.391921997 0.014082939
vt 0.621337891 0.395263672
vn 0.888827503 -0.353957832 0.291031927
vt 0.619628906 0.401855469
vt 0.616699219 0.399414062
vt 0.615478516 0.395019531
v -0.270965576 0.386222839 0.005890400
vt 0.621582031 0.391601562
vn 0.173121169 0.251812458 0.952165782
vt 0.607177734 0.396484375
vt 0.616455078 0.390136719
vt 0.597412109 0.396240234
vt 0.595703125 0.401855469
vt 0.620849609 0.385986328
vt 0.609130859 0.386474609
v -0.241989136 0.387832642 -0.006014321
vt 0.629638672 0.380371094
vn -0.125859454 0.888882458 0.440508127
vt 0.616455078 0.381591797
v -0.239410400 0.395812988 -0.012467358
vt 0.634033203 0.380371094
vn 0.598573744 0.693085372 0.401674330
vt 0.612548828 0.376708984
vt 0.627197266 0.357666016
v -0.207214370 0.388809204 -0.020940758
vt 0.636230469 0.364990234
vn 0.110099718 0.959441066 -0.259520948
v -0.213256851 0.387039185 -0.034400914
vt 0.642089844 0.365722656
vn 0.423689097 0.878762603 0.219690546
v -0.201873794 0.375709534 -0.025102595
vt 0.639160156 0.356933594
vn 0.432254136 0.455831736 -0.778057694
v -0.189178482 0.389175415 -0.022140484
vt 0.634277344 0.357666016
vn 0.196315467 0.832378030 -0.518273175
v -0.173095718 0.381668091 -0.019588454
vt 0.631103516 0.352539062
vn 0.853042305 0.331738651 -0.402825654
v -0.192474380 0.372932434 -0.034412362
vt 0.642333984 0.354248047
vn 0.716846645 0.590807736 0.370239347
v -0.176406860 0.368759155 -0.021162014
vt 0.632568359 0.348388672
vn 0.884498477 0.023691945 -0.465941310
v -0.187728897 0.361068726 -0.028419474
vt 0.638671875 0.349609375
vn 0.504061937 0.850604653 -0.149643511
v -0.177276626 0.360366821 -0.061614972
vt 0.649414062 0.343750000
vn 0.298289329 0.949816108 0.094196558
v -0.170272827 0.360694885 -0.020381909
vt 0.634521484 0.343750000
vn 0.323275864 0.946173429 0.015769472
v -0.180969253 0.374885559 -0.063179001
vt 0.652343750 0.351318359
vn 0.845143795 0.442318261 0.300144374
v -0.184173584 0.365135193 0.010585804
vt 0.622558594 0.342529297
vn 0.588475168 0.808172643 0.023538897
v -0.164520279 0.359115601 -0.100151047
vt 0.660156250 0.333007812
vn 0.512033224 0.638072312 -0.575052917
vt 0.621826172 0.332763672
vt 0.609375000 0.333007812
vt 0.621093750 0.343994141
v -0.176284790 0.377723694 0.002528447
vt 0.626220703 0.350341797
vn 0.922806025 0.354925424 0.149857253
vt 0.613037109 0.343750000
v -0.182159424 0.384498596 0.006733913
vt 0.625488281 0.354003906
vn 0.779672623 0.622163057 0.070879191
v -0.182022095 0.384498596 0.005869884
vt 0.625976562 0.354248047
vn 0.773068905 0.623188198 0.118326738
v -0.182022095 0.384658813 0.005005855
vt 0.626220703 0.354492188
vn 0.779213607 0.621796787 0.078708313
v -0.191909805 0.384498596 -0.074485764
vt 0.658447266 0.354003906
vn 0.400966167 0.912001610 -0.086483009
v -0.192398086 0.384498596 -0.075347885
vt 0.658935547 0.353759766
vn 0.423689038 0.878762603 -0.219690755
vt 0.659179688 0.354003906
vn 0.433057398 0.873988688 -0.220465705
v -0.192398086 0.384300232 -0.076210007
vt 0.659423828 0.353515625
vn 0.423467517 0.886145115 -0.188207909
v -0.192276016 0.384445190 -0.075347885
vn -0.860189915 0.473499000 0.189399719
vt 0.516113281 0.842529297
vt 0.526855469 0.836181641
v -0.345428497 0.294113129 -0.134948686
vt 0.524414062 0.839843750
vn -0.778514743 0.385325372 -0.495418370
v -0.344512969 0.286834687 -0.148071244
vt 0.522949219 0.843017578
vn -0.592095196 0.457886755 -0.663146377
v -0.326293975 0.307140321 -0.141494706
vt 0.531982422 0.842529297
vn -0.441492766 -0.528214514 -0.725309372
v -0.337615997 0.290266007 -0.138244584
vt 0.526367188 0.842529297
vn -0.591101289 0.669914663 -0.449236870
vt 0.534912109 0.837646484
v -0.318878204 0.307834595 -0.149002030
vt 0.531005859 0.850097656
vn -0.102311604 -0.078701191 -0.991634309
v -0.341613799 0.326423615 -0.163360551
vt 0.539794922 0.842041016
vn -0.173335969 -0.275761604 -0.945468307
vt 0.551513672 0.833740234
vt 0.504150391 0.874267578
v -0.318176299 0.309223145 -0.157852128
vt 0.535888672 0.850830078
vn -0.055358969 -0.648489952 -0.759207726
v -0.295898467 0.311557740 -0.153762773
vt 0.540771484 0.859130859
vn 0.205055118 -0.039433733 -0.977955818
vt 0.575927734 0.851806641
v -0.296386749 0.308814973 -0.148803666
vt 0.538574219 0.860839844
vn -0.000000130 -0.031480499 -0.999504447
v -0.257415801 0.296258897 -0.149185151
vt 0.534423828 0.881347656
vn -0.007861973 0.055032831 -0.998453617
v -0.268585235 0.307075471 -0.147659272
vt 0.540039062 0.869384766
vn 0.628035545 -0.039252236 -0.777194142
v -0.255859405 0.325569123 -0.145294160
vt 0.549804688 0.872558594
vn 0.189807758 -0.047452003 -0.980674028
v -0.257141143 0.295913666 -0.130996674
vt 0.540039062 0.877197266
vn 0.455227554 0.745631456 -0.486622751
v -0.253997833 0.368209839 -0.145263642
vt 0.564453125 0.869384766
vn 0.094806015 0.007900472 -0.995464504
v -0.258392364 0.311088562 -0.127456635
vt 0.543457031 0.875732422
vn 0.299091995 -0.448638171 -0.842180431
v -0.255279571 0.306739777 -0.135833710
vt 0.542480469 0.878662109
vn -0.947588325 0.244793579 -0.205310673
v -0.250122100 0.310150117 -0.146591157
vt 0.545410156 0.880859375
vn 0.039241213 0.070634373 -0.996730208
vt 0.573486328 0.870117188
v -0.263122588 0.413696289 -0.146667451
vt 0.577636719 0.863525391
vn 0.425104499 0.582550764 -0.692763150
vt 0.583496094 0.860107422
v -0.247848541 0.371177673 -0.145187348
vt 0.566650391 0.873291016
vn 0.134036943 -0.268074155 -0.954028547
vt 0.576171875 0.889892578
v -0.173507705 0.355865479 -0.135879487
vt 0.572021484 0.897216797
vn 0.502335489 0.047093950 -0.863389432
vt 0.583007812 0.900878906
v -0.188537613 0.309226990 -0.138000458
vt 0.554199219 0.899169922
vn 0.251835734 0.243965954 -0.936514556
v -0.176086441 0.308891296 -0.148925751
vt 0.550537109 0.904785156
vn 0.047380757 0.315872610 -0.947617888
v -0.214126602 0.243286118 -0.148941010
vt 0.524414062 0.899169922
vn -0.000000131 0.007873728 -0.999969006
v -0.251953155 0.257082909 -0.149169892
vt 0.519775391 0.888671875
vn 0.062818922 -0.039261945 -0.997252405
v -0.236572281 0.240688309 -0.148391694
vt 0.519287109 0.897216797
vn -0.440167934 -0.212223843 -0.872475445
v -0.251129180 0.223442063 -0.149215668
vt 0.508544922 0.890869141
vn 0.384849668 -0.086394869 -0.918927014
v -0.246063247 0.253772706 -0.140304536
vt 0.517089844 0.893310547
vn -0.545527041 -0.387403280 -0.743181646
v -0.233596817 0.214000687 -0.140136689
vt 0.508789062 0.904785156
vn -0.488871574 0.189240515 -0.851582468
v -0.251220733 0.240009293 -0.137329072
vt 0.513427734 0.893554688
vn 0.542232275 -0.110018186 -0.832994819
v -0.252227813 0.214164719 -0.136154145
vt 0.507568359 0.895507812
vn 0.511035204 0.133655399 -0.849104941
vt 0.562255859 0.350585938
vt 0.521484375 0.347167969
vt 0.531494141 0.325195312
v -0.249053925 0.000305176 0.156326339
vt 0.565429688 0.294921875
v -0.233367875 0.000305176 0.234268233
vt 0.603271484 0.319824219
v -0.183227494 0.000396729 0.204849288
vt 0.612304688 0.290527344
v -0.188644379 0.000457764 0.099105872
vt 0.565673828 0.251464844
vt 0.582275391 0.366699219
v -0.247451752 0.000396729 0.121460006
vt 0.551757812 0.280029297
vt 0.517089844 0.266845703
v -0.224655136 0.000305176 0.042064708
vt 0.534179688 0.241210938
v -0.112770066 0.000396729 0.030620601
vt 0.561035156 0.198974609
vt 0.569824219 0.369628906
v -0.282501161 0.000457764 0.299163848
vt 0.606445312 0.370117188
vn -0.007872751 -0.999845147 0.015745638
vt 0.583984375 0.370849609
vt 0.570312500 0.373779297
vt 0.576171875 0.377197266
vt 0.583740234 0.378906250
v -0.308654726 0.000549316 0.284423858
vt 0.591552734 0.371826172
vn -0.078916445 -0.994347930 0.071024902
v -0.313049257 0.001739502 0.281951934
vt 0.589111328 0.373046875
vn -0.723960757 0.621661901 0.299027324
v -0.305969179 0.001617432 0.298736602
vt 0.598144531 0.377197266
vn -0.458115250 0.655578792 0.600289106
v -0.346008271 0.084136948 0.074279837
vt 0.513671875 0.920410156
vn -0.866652369 -0.181209162 0.464840949
v -0.345428437 0.095397934 0.077179007
vt 0.514160156 0.927490234
vn -0.890980005 0.425778002 -0.157695457
v -0.337066621 0.092086777 0.059040122
vt 0.505126953 0.927246094
vn -0.858880460 0.196990848 -0.472778082
vt 0.515625000 0.908447266
vt 0.507324219 0.913818359
v -0.338623017 0.096679673 0.080566458
vt 0.517822266 0.929687500
vn -0.369654953 0.637064993 0.676390052
vt 0.498779297 0.925292969
v -0.329528809 0.097808823 0.026290944
vt 0.488037109 0.929199219
vn 0.645589292 0.511747539 0.566858768
vt 0.493652344 0.917236328
v -0.318756104 0.097015366 0.029020358
vt 0.489746094 0.935302734
vn -0.691286683 0.706997693 0.149255142
v -0.317687988 0.108016953 0.032646228
vt 0.492431641 0.941406250
vn -0.875401020 0.228708297 -0.425870627
v -0.330413818 0.110244736 0.055954032
vt 0.506591797 0.940185547
vn -0.866786897 0.425513536 -0.260035962
v -0.314178467 0.122848496 0.035171557
vt 0.494384766 0.952148438
vn -0.777553558 0.102102913 -0.620471895
v -0.321716309 0.118743882 0.064079337
vt 0.513427734 0.945556641
vn -0.449642062 0.702072740 0.552192032
v -0.293670624 0.121902451 0.071281478
vt 0.526855469 0.955566406
v -0.319152832 0.133728012 0.049728442
vt 0.507080078 0.954589844
vn -0.504140198 0.677438438 0.535649061
v -0.299530029 0.131195053 0.055130053
vt 0.517822266 0.961181641
vn 0.078545727 0.172800392 0.981820107
v -0.280731171 0.122390732 0.070198104
vt 0.532714844 0.960449219
vn 0.715648532 0.692055881 -0.094371378
v -0.314086914 0.135421738 0.042968798
vt 0.502929688 0.955566406
vn -0.981759489 0.117811091 -0.149227321
v -0.314331055 0.123504624 0.020959901
vt 0.491455078 0.960693359
vn -0.850789428 -0.118165225 0.512049317
v -0.296905518 0.119277939 0.031787917
vt 0.483886719 0.959228516
vn -0.307573199 -0.796535909 0.520508707
v -0.301696777 0.120056137 0.043903399
vt 0.485595703 0.952636719
vn 0.766325593 0.181706086 -0.616220713
v -0.308441162 0.107604966 0.025543261
vt 0.486572266 0.965332031
vn -0.047086731 0.980973184 0.188346803
v -0.272399902 0.119354233 0.037963912
vt 0.472167969 0.962890625
vn -0.526580393 0.047156483 0.848816514
vt 0.281005859 0.994384766
vt 0.270507812 0.993652344
v -0.339721709 0.001037598 -0.281677216
vt 0.277099609 0.990966797
vn -0.386282086 -0.922347069 -0.007883218
vt 0.281982422 0.980468750
v -0.332428008 0.001281738 -0.292541474
vt 0.271972656 0.989013672
vn -0.236653864 0.654741943 -0.717849612
v -0.326263458 0.000427246 -0.286651582
vt 0.268798828 0.982666016
vn 0.110004596 -0.974326313 -0.196436718
vt 0.266357422 0.980468750
vt 0.692871094 0.670166016
vt 0.676757812 0.671386719
vt 0.674072266 0.667968750
v -0.316772461 0.107131943 0.021617938
vt 0.669189453 0.671386719
vn -0.645589173 0.566858828 0.511747599
vt 0.673339844 0.675781250
vt 0.669921875 0.665527344
vt 0.667724609 0.674804688
vt 0.661865234 0.666992188
vt 0.657714844 0.672607422
vt 0.648925781 0.670166016
v -0.275665283 0.110061631 0.060192153
vt 0.635009766 0.656250000
vn 0.015728490 0.998762369 -0.047185671
vt 0.630615234 0.660644531
vt 0.639892578 0.673095703
v -0.278717011 0.103927597 0.077224776
vt 0.625488281 0.649902344
vn 0.616009235 0.710779905 0.339594722
v -0.281738251 0.112853989 0.086059615
vt 0.620117188 0.656494141
vn 0.362925559 0.646954119 0.670623124
vt 0.621582031 0.669433594
v -0.283477753 0.097686753 0.094841048
vt 0.613525391 0.648925781
vn -0.133560479 0.895640969 0.424251020
v -0.293304414 0.101516709 0.092735335
vt 0.610107422 0.654541016
vn -0.229415685 0.688247263 0.688247204
vt 0.589355469 0.674072266
v -0.287719697 0.096374497 0.099632308
vt 0.609375000 0.648193359
vn -0.275070876 0.809494376 0.518705130
v -0.280273408 0.094360337 0.114929244
vt 0.606201172 0.635986328
vn -0.596578717 0.800671399 0.054948084
vt 0.594482422 0.650634766
vt 0.597167969 0.644042969
vt 0.599609375 0.626708984
vt 0.579345703 0.676757812
vt 0.585449219 0.651367188
vt 0.574707031 0.661132812
v -0.320678651 0.009063721 0.260192901
vt 0.954589844 0.363037109
vn -0.252352148 0.914776504 0.315440148
vt 0.947753906 0.363525391
vt 0.953125000 0.359863281
vt 0.949951172 0.368164062
v -0.319763124 0.002105713 0.268127471
vt 0.960693359 0.359375000
vn -0.314337581 0.762268782 0.565807700
vt 0.958496094 0.355957031
v -0.311675966 0.010284424 0.262329131
vt 0.957275391 0.366699219
vn -0.818872333 0.511795163 0.259834588
vt 0.961181641 0.357910156
vt 0.952392578 0.372802734
vt 0.969238281 0.359863281
vt 0.952392578 0.377441406
v -0.308349550 0.006195068 0.273040801
vt 0.965820312 0.364501953
vn -0.726212680 0.386787236 0.568340480
v -0.315460145 0.017211914 0.268615752
vt 0.960693359 0.370117188
vn -0.993760109 0.015773933 0.110417917
v -0.303405702 0.010009766 0.275665313
vt 0.969970703 0.368164062
vn -0.361354321 0.722708762 0.589164734
vt 0.981445312 0.362304688
v -0.310241640 0.024490356 0.273254424
vt 0.964111328 0.373535156
vn -0.322255731 0.825289130 0.463733882
v -0.286804140 0.008666992 0.281402618
vt 0.979492188 0.374267578
vn -0.007899219 0.718834460 0.695136487
v -0.288238496 0.031066895 0.253265411
vt 0.962890625 0.390136719
vn -0.149066553 0.611957729 0.776715577
vt 0.948730469 0.384033203
v -0.289611757 0.021423340 0.281341583
vt 0.974121094 0.377929688
vn 0.251571178 0.707543731 0.660374045
v -0.278137147 0.022644043 0.263092071
vt 0.975097656 0.389404297
vn 0.117771238 0.832249820 0.541747451
v -0.298767030 0.002044678 0.302124053
vt 0.984863281 0.362060547
vn -0.204679981 0.881698489 0.425104618
vt 0.991210938 0.354980469
v -0.294372499 0.002532959 0.308624297
vt 0.989257812 0.360839844
vn -0.352824450 -0.070564888 0.933025002
v -0.287109315 0.003784180 0.297668487
vt 0.986328125 0.365722656
vn -0.055205472 0.970038831 0.236594796
v -0.287719667 0.002136230 0.306304961
vt 0.990966797 0.364257812
vn -0.133916318 0.590807736 0.795620918
v -0.281249940 0.008087158 0.283905059
vt 0.984130859 0.372314453
vn 0.125781685 0.825442195 0.550294697
v -0.268829286 0.008636475 0.285125762
vt 0.990722656 0.374023438
vn -0.126011595 0.952962756 0.275650352
v -0.281463563 0.014495850 0.280487090
vt 0.981933594 0.377197266
vn -0.259064674 0.910651565 0.321868241
v -0.268279970 0.015838623 0.276031524
vt 0.984863281 0.385742188
vn 0.094865479 0.387366951 0.917031884
v -0.261474550 0.010009766 0.270233184
vt 0.989257812 0.384521484
vn -0.125937372 0.779237807 0.613944888
v -0.277709901 0.015655518 0.265502959
vt 0.978759766 0.385253906
vn -0.345589995 0.824703515 0.447696179
v -0.267639101 0.019454956 0.276306182
vt 0.984619141 0.388183594
vn -0.645529151 0.188935384 0.739997029
v -0.263244569 0.028045654 0.276916534
vt 0.985351562 0.393554688
vn -0.346553385 0.708859265 0.614344716
v -0.272643983 0.028396606 0.262847930
vt 0.976562500 0.394287109
vn -0.299612314 0.954028547 0.007884530
v -0.254455507 0.031372070 0.267883331
vt 0.984375000 0.401123047
vn 0.456735402 0.874097109 0.165369615
v -0.255645722 0.027542114 0.256408721
vt 0.975830078 0.403564453
vn 0.110548519 0.939662397 0.323749214
v -0.278137177 0.022796631 0.253723174
vt 0.970703125 0.393798828
vn -0.039334726 0.928299665 0.369746476
v -0.282318085 0.028961182 0.258667022
vt 0.968994141 0.390625000
vn 0.632297456 0.774564505 0.015807323
v -0.266021699 0.028839111 0.254028350
vt 0.971191406 0.400634766
vn 0.305903584 0.611807108 0.729462206
vt 0.973876953 0.407470703
v -0.254089326 0.032943726 0.256988555
vt 0.979248047 0.406494141
vn -0.141640022 0.590167165 0.794758379
v -0.243026689 0.043411255 0.248291060
vt 0.978515625 0.416015625
vn 0.007865353 0.330340236 0.943829238
v -0.261901826 0.045913696 0.247406051
vt 0.971679688 0.414306641
vn -0.337610722 0.800844133 0.494639039
v -0.235794023 0.055877686 0.244583175
vt 0.978027344 0.423095703
vn -0.094277985 0.911354005 0.400681466
vt 0.971435547 0.410156250
vt 0.968505859 0.409912109
vt 0.963623047 0.407958984
v -0.285675019 0.043365479 0.253967315
vt 0.958984375 0.395751953
vn -0.023632968 0.653847456 0.756257236
vt 0.948242188 0.394287109
vt 0.412109375 0.474609375
vt 0.429443359 0.485351562
vt 0.418945312 0.487060547
vt 0.429443359 0.479492188
vt 0.410888672 0.480957031
vt 0.400878906 0.468994141
vt 0.427246094 0.460205078
vt 0.435058594 0.463867188
v -0.314025879 0.187156662 0.055259749
vt 0.416992188 0.450683594
vn -0.969225287 0.189117089 0.157597736
vt 0.422119141 0.435058594
v -0.313842773 0.162048325 0.055450484
vt 0.404296875 0.456787109
vn -0.425038695 0.000000021 0.905175269
vt 0.370849609 0.449707031
v -0.314147949 0.139266953 0.055721328
vt 0.394287109 0.465332031
vn -0.645269215 -0.031476550 0.763306499
vt 0.394042969 0.468994141
vt 0.381103516 0.465820312
v -0.291564941 0.122741684 0.048271224
vt 0.372314453 0.462158203
vn 0.227768317 -0.887510657 0.400557905
vt 0.375244141 0.467529297
vt 0.359375000 0.463867188
v -0.267639160 0.141021714 0.054958381
vt 0.364501953 0.448242188
vn -0.007853942 -0.070686631 0.997467637
vt 0.356933594 0.435058594
v -0.261291504 0.123794541 0.056945842
vt 0.349853516 0.454101562
vn -0.745241344 0.588348389 0.313785911
v -0.245910630 0.131454453 0.055748027
vt 0.345458984 0.442138672
vn -0.094856381 0.347807139 0.932755411
vt 0.356445312 0.482177734
vt 0.343994141 0.470458984
v -0.248428330 0.128280625 0.071937598
vt 0.336181641 0.445556641
vn 0.007873728 0.999969006 -0.000000045
v -0.235229477 0.132308945 0.067092933
vt 0.335449219 0.438232422
vn -0.165740147 0.962871253 0.213094428
v -0.271636933 0.108901963 0.075218245
vt 0.335937500 0.467773438
vn -0.940131605 0.244908169 -0.237007856
vt 0.331787109 0.471679688
v -0.266265869 0.131408677 0.062362712
vt 0.341064453 0.454833984
vn -0.599784136 0.773405731 -0.205189228
v -0.241546616 0.125717148 0.089874305
vt 0.322998047 0.444824219
vn -0.062768765 0.957223535 0.282459348
v -0.228851303 0.125839218 0.098526038
vt 0.316162109 0.439697266
vn -0.385814786 0.826746047 0.409436136
v -0.255950898 0.130111679 0.090210006
vt 0.325195312 0.451660156
vn -0.228936255 0.899956405 0.371034652
v -0.279266328 0.114501938 0.087699935
vt 0.326660156 0.464111328
vn -0.805374682 0.442166537 0.394791633
v -0.272125214 0.106033310 0.090721175
vt 0.323242188 0.468017578
vn -0.770698488 0.519041777 0.369620770
vt 0.319580078 0.474365234
v -0.255004853 0.118316635 0.097778358
vt 0.316894531 0.454345703
vn -0.393639684 0.511731744 0.763661206
v -0.262115449 0.106994614 0.094924971
vt 0.316650391 0.462158203
vn -0.510090292 0.612108409 0.604260921
v -0.257293671 0.108200058 0.102829024
vt 0.311767578 0.459228516
vn -0.566227436 0.715648651 0.408942074
v -0.270751923 0.099609360 0.108970687
vt 0.309082031 0.468261719
vn -0.450202763 0.860913992 -0.236948788
vt 0.306152344 0.475830078
v -0.244918808 0.111724839 0.110427894
vt 0.305908203 0.452880859
vn -0.354848057 0.717581749 0.599299014
v -0.241088852 0.123840317 0.100196876
vt 0.315917969 0.446533203
vn -0.219792098 0.800671399 0.557330012
v -0.231796250 0.114776596 0.109687842
vt 0.306396484 0.444824219
vn -0.188835919 0.818289101 0.542903304
v -0.204238877 0.123168930 0.108490027
vt 0.303222656 0.428222656
vn -0.118220195 0.732965529 0.669914603
v -0.201477021 0.111663803 0.125686675
vt 0.291015625 0.429199219
vn -0.220356300 0.857815742 0.464322269
v -0.219512910 0.107803330 0.132629424
vt 0.290771484 0.439941406
vn -0.197039843 0.890620172 0.409842908
v -0.235336274 0.102920517 0.127700835
vt 0.293212891 0.448486328
vn -0.290861070 0.841138840 0.455944419
v -0.246307358 0.106475815 0.116462745
vt 0.298339844 0.454589844
vn 0.267949253 0.937822342 0.220664024
v -0.248580903 0.101974472 0.125259429
vt 0.292968750 0.454345703
vn 0.417426437 0.756093144 0.504061937
v -0.236984223 0.097579941 0.137405425
vt 0.285888672 0.450927734
vn -0.275240928 0.880771041 0.385337323
v -0.251800507 0.092590317 0.144378707
vt 0.281494141 0.456542969
vn -0.181271091 0.969406009 -0.165508345
v -0.257934541 0.093261704 0.148819014
vt 0.277587891 0.459472656
vn 0.291836709 0.504798532 0.812409997
v -0.274932832 0.108657822 0.156417876
vt 0.284667969 0.466796875
vn 0.156917110 0.768893659 0.619822383
vt 0.282958984 0.481689453
v -0.274841279 0.116439804 0.124061629
vt 0.296142578 0.471435547
vn -0.636907458 0.770579338 0.023589214
vt 0.296386719 0.483398438
v -0.264709443 0.115631089 0.115493819
vt 0.299804688 0.466064453
vt 0.086181641 0.752685547
vt 0.079101562 0.751220703
vt 0.083007812 0.749755859
vt 0.081054688 0.760498047
v -0.320495635 0.017379731 -0.224456728
vt 0.089843750 0.763427734
vn -0.959767520 -0.275343150 0.055068765
vt 0.086669922 0.765625000
vt 0.084716797 0.748291016
vt 0.073730469 0.740722656
v -0.323883086 0.033981293 -0.231216371
vt 0.095947266 0.757568359
vn -0.998762369 0.015728496 -0.047185492
v -0.321411163 0.039306611 -0.225875795
vt 0.096191406 0.753906250
vn -0.236690596 0.970431209 -0.047338121
vt 0.118896484 0.734375000
v -0.301940948 0.041229218 -0.241241395
vt 0.112304688 0.751953125
vn -0.173632577 0.970763624 -0.165740147
v -0.321807891 0.038848847 -0.245208681
vt 0.103515625 0.759521484
vn -0.566788614 0.732101917 -0.377859026
v -0.281280547 0.043121308 -0.256896943
vt 0.124023438 0.753417969
vn 0.031476431 0.645269334 -0.763306558
v -0.293304473 0.040878266 -0.255279511
vt 0.119873047 0.757324219
vn -0.244809076 0.339573652 -0.908162117
v -0.310363799 0.033065766 -0.253478974
vt 0.111816406 0.761474609
vn -0.196991041 0.472778171 -0.858880401
v -0.277954131 0.024063081 -0.256195039
vt 0.126708984 0.761962891
vn -0.031503994 0.756093025 -0.653705478
v -0.297729522 0.026031464 -0.253540009
vt 0.118652344 0.766113281
vn -0.394091994 0.740892828 -0.543846846
v -0.311157256 0.019607514 -0.251159638
vt 0.111816406 0.769531250
vn -0.963291347 0.126333222 -0.236874789
v -0.315094024 0.031112641 -0.252471894
vt 0.109130859 0.763183594
vn -0.456353664 0.330462843 -0.826157272
v -0.308929473 0.025268525 -0.275634736
vt 0.119873047 0.782470703
vn -0.275547922 0.866007507 -0.417258173
v -0.286651641 0.031707734 -0.258087128
vt 0.125244141 0.767578125
vn 0.125688419 0.981941283 -0.141399592
v -0.314971954 0.030258149 -0.252471894
vt 0.109375000 0.763916016
vn -0.236308545 -0.189046800 -0.953110576
v -0.315216094 0.030685395 -0.252258271
vt 0.109130859 0.763671875
vn -0.749147177 -0.000000062 -0.662403643
v -0.315734893 0.030258149 -0.251617402
vt 0.108886719 0.763916016
vn -0.749870300 -0.221014440 -0.623576164
vn -0.745815337 -0.094208308 -0.659457624
v -0.322143584 0.023941010 -0.241531312
vt 0.100830078 0.765869141
vn -0.863150120 -0.353106916 -0.360953510
v -0.314392120 0.019515961 -0.272644013
vt 0.114746094 0.781005859
vn -0.998731434 -0.031456154 -0.039320003
v -0.321990997 0.023330659 -0.230438173
vt 0.094238281 0.762451172
vn -0.980275512 -0.197636232 0.000000137
v -0.321990997 0.023345917 -0.229141176
vt 0.093505859 0.761962891
vn -0.983124912 -0.165165022 0.078650124
v -0.320190459 0.016448945 -0.235519350
vt 0.094970703 0.767822266
vn -0.694227457 -0.646893799 -0.315557808
v -0.307800323 0.014282227 -0.242401063
vt 0.102050781 0.771972656
vn -0.855171740 -0.329515725 -0.400126070
v -0.317108184 0.013031006 -0.231750429
vt 0.092773438 0.770507812
vn -0.727210343 0.561216533 -0.395222902
vt 0.094482422 0.777343750
v -0.308990508 0.006317139 -0.257842988
vt 0.105957031 0.778564453
vn -0.849472582 0.519122005 -0.094385743
vt 0.104736328 0.784423828
vt 0.107910156 0.790771484
v -0.309845001 0.005706787 -0.274749726
vt 0.112548828 0.788574219
vn -0.821678877 0.410839349 -0.395037800
v -0.304382354 0.009216309 -0.277038544
vt 0.115722656 0.791503906
vn -0.402161360 0.465245277 -0.788551390
v -0.289703399 0.020034760 -0.283660859
vt 0.121582031 0.792236328
vn 0.055029340 0.440235764 -0.896194339
v -0.308959991 0.002960205 -0.288604707
vt 0.113281250 0.796386719
vn -0.431934267 0.863868415 -0.259160489
v -0.294555694 0.005218506 -0.293243378
vt 0.118896484 0.800048828
vn -0.110332102 0.977226615 -0.181259796
v -0.311218292 0.000549316 -0.282318085
vt 0.111572266 0.794433594
vn -0.227662891 -0.965604842 -0.125607058
v -0.308746368 0.001068115 -0.299438447
vt 0.114013672 0.802978516
vn -0.345953047 -0.912057996 -0.220151842
vt 0.105957031 0.791748047
v -0.279602081 0.000488281 -0.306091279
vt 0.115478516 0.813232422
vn -0.007864962 -0.998854995 -0.047189955
vt 0.271484375 0.515625000
vt 0.281494141 0.520263672
v -0.299896210 0.062103271 0.183242857
vt 0.269775391 0.521240234
vn 0.204300597 0.722909570 0.660047829
v -0.297088593 0.052474976 0.183044493
vt 0.270751953 0.525146484
vn 0.482096851 -0.197580576 0.853548229
v -0.300079316 0.065261826 0.161865294
vt 0.260742188 0.516601562
vn 0.653442085 0.677060485 0.338530123
vt 0.245605469 0.510498047
v -0.288085908 0.053146347 0.167266905
vt 0.261962891 0.525878906
vn 0.638171315 0.732715189 0.236359641
v -0.294769257 0.056396469 0.152221739
vt 0.256591797 0.520019531
vn -0.219825923 0.533863246 0.816496611
vt 0.247070312 0.521240234
v -0.299133271 0.047500610 0.179397643
vt 0.270996094 0.528808594
vn 0.055111319 0.787303925 0.614097059
v -0.278167695 0.052413940 0.174972579
vt 0.258789062 0.532226562
vn -0.880798280 0.471856207 0.039321445
v -0.284149140 0.048965454 0.183761656
vt 0.267578125 0.536621094
vn -0.715892196 0.582154036 0.385480434
vt 0.281982422 0.549316406
v -0.263946503 0.048675537 0.204437301
vt 0.275390625 0.556152344
vn -0.669685781 -0.055150606 0.740593910
vt 0.282714844 0.555908203
v -0.250335664 0.043670654 0.212783858
vt 0.282226562 0.564697266
vn -0.699703753 0.652532578 0.290888131
v -0.254150361 0.052169800 0.216781661
vt 0.274902344 0.568115234
vn -0.850710332 0.456862897 0.259939343
v -0.270019501 0.077301010 0.166229293
vt 0.241699219 0.531005859
vn -0.883562326 0.252446294 -0.394447327
v -0.288543671 0.080703735 0.188446105
vt 0.252685547 0.545166016
vn -0.912904978 0.133787736 -0.385623515
v -0.283508271 0.084777832 0.202377364
vt 0.254394531 0.554443359
vn -0.566490233 0.605829954 0.558622420
v -0.257781953 0.068511963 0.221908614
vt 0.265136719 0.568847656
vn -0.700700462 -0.267683357 0.661335468
v -0.241455033 0.055755615 0.231796309
vt 0.268310547 0.579345703
vn -0.456508845 -0.023612514 0.889405489
vt 0.268554688 0.586425781
v -0.252868623 0.068267822 0.227050826
vt 0.265136719 0.572021484
vn -0.672530591 -0.356045693 0.648794413
v -0.246322587 0.077270508 0.238632247
vt 0.260009766 0.577148438
vn 0.141399652 0.125688523 0.981941283
v -0.233093217 0.058807373 0.225372359
vt 0.261230469 0.586425781
vn 0.661889434 0.480657846 0.575213373
v -0.231964067 0.075744629 0.223007247
vt 0.251708984 0.582763672
vn 0.598351061 0.307048619 0.740065634
v -0.222427338 0.065933228 0.213104293
vt 0.249511719 0.588867188
vn 0.480881870 0.480881840 0.733147562
v -0.257080048 0.080322266 0.228942916
vt 0.256347656 0.573242188
vn -0.181632355 0.671250284 0.718632638
v -0.226943940 0.089111328 0.218734786
vt 0.239501953 0.583007812
vn 0.165410802 0.795547009 0.582875967
v -0.261413544 0.083114624 0.218765303
vt 0.254638672 0.567626953
vn -0.425038785 0.724140167 0.543105125
v -0.226699799 0.100341797 0.189697295
vt 0.223144531 0.567138672
vn 0.133775353 0.975773275 0.173121005
v -0.216125458 0.088928223 0.205825850
vt 0.229003906 0.582031250
vn 0.804172397 0.551883101 0.220753074
v -0.208770722 0.071899414 0.195175216
vt 0.219726562 0.580322266
vn 0.227613941 0.345345169 0.910455287
v -0.262115449 0.098556519 0.176528960
vt 0.235839844 0.548583984
vn -0.260351479 0.915174901 0.307688117
v -0.270965546 0.094726548 0.168457076
vt 0.237548828 0.541259766
vn -0.766972244 0.593019664 -0.245114744
v -0.261047333 0.106628403 0.156494170
vt 0.227294922 0.541503906
vn -0.094464868 0.921031535 -0.377859145
vt 0.221679688 0.532470703
vt 0.223876953 0.529052734
v -0.234390229 0.089172348 0.157638595
vt 0.213134766 0.548583984
vn 0.078603737 0.951106191 -0.298694551
v -0.277923554 0.087493882 0.157760665
vt 0.238037109 0.521484375
vn -0.236653656 0.654741943 0.717849612
vt 0.235595703 0.518310547
vt 0.212890625 0.533203125
v -0.222885102 0.096054077 0.183853179
vt 0.214111328 0.567138672
vn -0.842389166 -0.228311107 0.488113493
v -0.215774506 0.103683472 0.199432403
vt 0.210937500 0.577148438
vn -0.790322423 -0.308225781 0.529516160
v -0.217971772 0.132354736 0.214874297
vt 0.199707031 0.583740234
vn -0.819227815 -0.204806969 0.535649121
v -0.229675263 0.144783020 0.198944122
vt 0.193359375 0.575439453
vn -0.852510571 -0.134191498 0.505191565
v -0.217651337 0.150726318 0.206787139
vt 0.186767578 0.586181641
vn -0.157543808 0.819227993 0.551403344
v -0.234085053 0.156127930 0.189331084
vt 0.187744141 0.574218750
vn -0.560080469 0.828288019 -0.015776876
v -0.192733735 0.169158936 0.165863067
vt 0.162597656 0.573486328
vn -0.353837520 0.927840412 -0.117945813
v -0.240264863 0.134811401 0.174316436
vt 0.191162109 0.562011719
vn -0.808570921 0.416060686 -0.416060656
v -0.169982880 0.163444519 0.143585220
vt 0.152343750 0.551025391
vn -0.557381690 0.533830225 -0.635885954
v -0.185424775 0.140792832 0.137268096
vt 0.168945312 0.536621094
vn -0.505553961 0.560848773 -0.655640066
v -0.243850678 0.104537949 0.150115997
vt 0.202880859 0.548095703
vn -0.819533169 0.299444735 -0.488567710
v -0.187866181 0.123779282 0.124527007
vt 0.183837891 0.531005859
vn -0.417219520 0.220417723 -0.881671071
v -0.226882905 0.101409897 0.143676788
vt 0.205078125 0.540039062
vn -0.582010150 0.070784934 -0.810094893
vt 0.204345703 0.532470703
vt 0.210449219 0.530517578
v -0.209411591 0.103317246 0.139572173
vt 0.199218750 0.533203125
v -0.181686372 0.119094834 0.128784209
vt 0.181640625 0.527343750
vn -0.448985994 0.882218003 -0.141785011
vt 0.194580078 0.527099609
vt 0.300292969 0.840820312
vt 0.338623047 0.843017578
v -0.310821533 0.161674470 -0.147140458
vt 0.324218750 0.857177734
vn -0.795226455 0.007873468 -0.606261551
v -0.310546905 0.189094514 -0.147888139
vt 0.337890625 0.853027344
vn -0.837846577 0.308264226 -0.450539976
v -0.310791016 0.139755234 -0.147628739
vt 0.314208984 0.863037109
vn -0.638965130 -0.078884631 -0.765180230
vt 0.303955078 0.853271484
vt 0.309814453 0.871093750
vt 0.333496094 0.879150391
v -0.298675567 0.193519562 -0.147781327
vt 0.344238281 0.856445312
vn -0.142169401 0.071084581 -0.987286627
v -0.299346924 0.195068330 -0.135406449
vt 0.343750000 0.849121094
vn -0.842180550 0.299092054 -0.448638082
vt 0.350585938 0.845703125
vt 0.354003906 0.854003906
v -0.261627227 0.212577805 -0.148101777
vt 0.362548828 0.869140625
vn 0.031418107 0.062836438 -0.997529209
v -0.226669326 0.211956009 -0.148132294
vt 0.366210938 0.889892578
vn -0.055007517 0.031432740 -0.997991085
vt 0.370605469 0.870605469
vt 0.368164062 0.874511719
vt 0.478027344 0.980224609
vt 0.474121094 0.968505859
vt 0.480957031 0.971923828
vt 0.142333984 0.559082031
v -0.305084258 0.004394531 -0.301177949
vt 0.138916016 0.561035156
vn -0.235716879 0.966438949 -0.102143958
v -0.299438506 0.002655029 -0.306274384
vt 0.135009766 0.560546875
vn -0.078762233 0.850631058 -0.519830108
vt 0.136962891 0.567138672
vt 0.145263672 0.562988281
vt 0.126220703 0.557128906
vt 0.146484375 0.551757812
v -0.276519805 0.005615234 -0.297546357
vt 0.126220703 0.566650391
vn -0.023592880 0.975169480 -0.220199600
v -0.271911651 0.002441406 -0.307250947
vt 0.123046875 0.559326172
vn -0.031539217 0.867325604 -0.496741056
vt 0.108398438 0.546142578
vt 0.137695312 0.530273438
v -0.254455596 0.000488281 -0.309295624
vt 0.114501953 0.560302734
vn -0.039338343 -0.999195039 0.007867726
v -0.220733672 0.000457764 -0.321929902
vt 0.099365234 0.551025391
vn 0.133605897 -0.990255177 0.039295867
v -0.254608184 0.003021240 -0.309356660
vt 0.114746094 0.560791016
vn -0.282459438 0.957223535 -0.062768765
v -0.262146026 0.008514404 -0.316711396
vt 0.112060547 0.559082031
vn -0.789263248 0.370953768 0.489343315
v -0.247726470 0.010681152 -0.304840058
vt 0.111816406 0.560302734
vn -0.244450822 0.504672885 0.827979028
v -0.267578155 0.005889893 -0.294586152
vt 0.122558594 0.570068359
vn -0.055301923 0.963832259 -0.260708749
v -0.277893096 0.007385254 -0.285613984
vt 0.131103516 0.572509766
vn -0.047322001 0.930664241 -0.362801343
v -0.265625030 0.009674072 -0.279296845
vt 0.125976562 0.576904297
vn -0.094385937 0.849472523 -0.519122124
v -0.290313751 0.007080078 -0.284057587
vt 0.139404297 0.570800781
vn -0.070916831 0.717046797 -0.693408012
vt 0.146972656 0.568603516
vt 0.145751953 0.574218750
v -0.283966094 0.009460449 -0.279296845
vt 0.138183594 0.574218750
vn 0.331253260 0.583636880 -0.741376698
v -0.277648956 0.014465332 -0.285400361
vt 0.132568359 0.575683594
vn -0.134003833 0.843435287 -0.520249844
v -0.281219512 0.021377534 -0.270873994
vt 0.141845703 0.581054688
vn 0.478862375 0.745769322 -0.463162124
vt 0.156005859 0.578125000
vt 0.147949219 0.589355469
v -0.277130157 0.015533447 -0.267852753
vt 0.138183594 0.582275391
vn -0.495449185 0.644870162 -0.581955969
vt 0.144775391 0.592285156
vt 0.151367188 0.595703125
v -0.266754180 0.015289307 -0.276977509
vt 0.130371094 0.581787109
vn 0.023603631 0.574358225 -0.818263769
v -0.261657745 0.010253906 -0.272582978
vt 0.126708984 0.580566406
vn -0.536348462 0.228736743 -0.812409997
v -0.260070831 0.017211884 -0.280792207
vt 0.122802734 0.585205078
vn -0.047226649 0.755624473 -0.653300345
v -0.262512237 0.020599335 -0.282165498
vt 0.126464844 0.585693359
vn -0.323276013 0.378469318 -0.867325544
v -0.273040801 0.029373139 -0.269561738
vt 0.136230469 0.590087891
vn -0.621335030 0.637064993 -0.456169933
v -0.256683379 0.032440156 -0.271881074
vt 0.130859375 0.596435547
vn 0.197162285 0.970038831 -0.141956970
v -0.250732452 0.020431489 -0.277343720
vt 0.123535156 0.591796875
vn 0.733079195 0.362598360 -0.575428009
v -0.261413604 0.026229829 -0.252380341
vt 0.138671875 0.604736328
vn -0.015695201 0.808296978 -0.588565826
vt 0.147949219 0.600585938
vt 0.151855469 0.600830078
v -0.266326934 0.035675019 -0.254882783
vt 0.142089844 0.606201172
vn 0.766014934 0.386956006 -0.513309121
vt 0.145263672 0.610595703
vt 0.156738281 0.613037109
v -0.253906280 0.029190034 -0.259979218
vt 0.130371094 0.602294922
vn 0.181722984 0.703189373 -0.687387466
v -0.258636504 0.032684296 -0.255950898
vt 0.133544922 0.605224609
vn -0.465071917 0.804022491 -0.370480925
v -0.249099761 0.032897919 -0.260559052
vt 0.128417969 0.605468750
vn 0.211903155 0.667102814 -0.714192510
v -0.241210967 0.025604218 -0.261169404
vt 0.123046875 0.604980469
vn -0.765657008 0.623576224 -0.157867342
v -0.245910674 0.017944306 -0.261535615
vt 0.122558594 0.599853516
vn 0.716490984 0.559020519 -0.417297095
v -0.241745025 0.017242402 -0.263488740
vt 0.120605469 0.599853516
vn -0.873988748 0.314950794 -0.370067149
v -0.242233306 0.028701752 -0.277679414
vt 0.113769531 0.604736328
vn -0.895061195 0.196285278 -0.400421947
v -0.248870879 0.016052246 -0.272674531
vt 0.120849609 0.592529297
vn 0.353892058 0.880798221 -0.314570874
v -0.234954864 0.013580322 -0.276702851
vt 0.115234375 0.593261719
vn -0.355113238 0.765466154 -0.536615431
v -0.249725372 0.011413574 -0.288604707
vt 0.118164062 0.583007812
vn 0.181615323 0.813321233 -0.552742660
v -0.249359161 0.006988525 -0.292266816
vt 0.117187500 0.579589844
vn -0.118330628 0.946644366 -0.299770713
v -0.256927520 0.010314941 -0.288696259
vt 0.120605469 0.579589844
vn -0.275624841 0.787499130 -0.551249444
vt 0.153808594 0.505371094
vt 0.150146484 0.509277344
vt 0.152343750 0.502441406
v -0.266296327 0.001312256 0.309845001
vt 0.160644531 0.496582031
vn -0.125874996 -0.991266012 0.039336011
v -0.273620546 0.002593994 0.308013946
vt 0.159179688 0.500000000
vn -0.023638906 0.937676728 0.346703976
v -0.270385683 0.003753662 0.303009063
vt 0.164062500 0.500000000
vn -0.039387189 0.968924582 0.244200453
vt 0.160156250 0.510009766
vt 0.173583984 0.502685547
v -0.257141054 0.003112793 0.309906036
vt 0.163574219 0.493896484
vn -0.493802696 0.768137395 -0.407583058
v -0.261413515 0.009429932 0.314788848
vt 0.158203125 0.491455078
vn -0.778057694 0.455831677 -0.432254195
v -0.251983583 0.015625000 0.307373077
vt 0.165039062 0.488525391
vn -0.197211578 0.560080409 -0.804622710
v -0.246200517 0.005523682 0.297790557
vt 0.173583984 0.489501953
vn -0.172800407 0.981820107 -0.078545630
v -0.246536210 0.008056641 0.288330108
vt 0.178955078 0.489990234
vn -0.086911052 0.924417555 0.371347189
v -0.238800004 0.010040283 0.294891387
vt 0.174804688 0.479980469
vn -0.205112666 0.915118039 0.347113758
v -0.226638749 0.011138916 0.294525176
vt 0.178710938 0.472900391
vn -0.307229489 0.764135003 0.567192972
v -0.261077821 0.016174316 0.277862579
vt 0.179931641 0.499267578
vn -0.156892866 0.713862836 0.682484090
vt 0.167968750 0.507568359
vt 0.177246094 0.507324219
vt 0.180908203 0.501953125
v -0.248687699 0.013031006 0.285766631
vt 0.181396484 0.492187500
vn 0.157110602 0.919097006 0.361354351
v -0.239898637 0.016448975 0.267730743
vt 0.194335938 0.489746094
vn -0.541931212 0.667596519 0.510515034
v -0.246566728 0.016830444 0.266052276
vt 0.193603516 0.495361328
vn 0.455972672 0.754713356 0.471695781
v -0.256866395 0.020416260 0.279876739
vt 0.185791016 0.501464844
vn 0.504062116 0.189023301 0.842728674
v -0.267578065 0.018157959 0.276092559
vt 0.180908203 0.504150391
vn -0.313833982 -0.015691677 0.949348271
vt 0.180664062 0.505859375
vt 0.186035156 0.507812500
vt 0.194335938 0.505859375
vt 0.201904297 0.500732422
v -0.240341142 0.026519775 0.258209258
vt 0.206542969 0.491455078
vn -0.707499981 0.636749923 0.306583375
vt 0.205810547 0.501464844
v -0.226028398 0.015869141 0.284210235
vt 0.186523438 0.474609375
vn -0.780083954 0.063037083 0.622491360
v -0.226638749 0.018875122 0.292785674
vt 0.184082031 0.468505859
vn -0.787011385 0.535167634 0.306934506
v -0.222427323 0.022842407 0.285003692
vt 0.188964844 0.464843750
vn -0.393847287 0.283570081 0.874341190
v -0.242156938 0.029403687 0.276519805
vt 0.198974609 0.480712891
vn -0.873014927 0.298869997 0.385385126
v -0.233383134 0.034164429 0.251190215
vt 0.215576172 0.488769531
vn -0.235491544 0.784971952 0.573029578
vt 0.218017578 0.498291016
v -0.223922685 0.048233032 0.258453399
vt 0.217773438 0.476074219
vn -0.663477361 0.734564185 -0.142173648
v -0.232131913 0.036254883 0.278930694
vt 0.200683594 0.473388672
vn -0.694205761 0.496988237 0.520654440
v -0.222030595 0.052169800 0.281585723
vt 0.207763672 0.465332031
vn -0.512685895 0.536348343 0.670435488
v -0.227569535 0.040130615 0.242218062
vt 0.224853516 0.487304688
vn 0.765370965 0.418192416 0.489206016
v -0.226394609 0.048248291 0.247726485
vt 0.225830078 0.494628906
vn 0.472192287 0.118048102 0.873555422
vt 0.228271484 0.501953125
v -0.215667680 0.032302856 0.286254913
vt 0.197509766 0.460449219
vn -0.314269572 0.204275310 0.927095592
v -0.218307450 0.051208496 0.233795211
vt 0.233398438 0.494628906
vn 0.890979946 0.425778061 0.157695428
vt 0.242675781 0.503662109
vt 0.237060547 0.507080078
v -0.204803422 0.030578613 0.292175323
vt 0.197509766 0.453369141
vn -0.078884453 0.228765294 0.970280230
v -0.207168534 0.017242432 0.291564971
vt 0.191406250 0.450683594
vn 0.007868010 0.527150750 0.849735498
v -0.197662309 0.024856567 0.287109405
vt 0.203613281 0.447998047
vn 0.723960757 0.621662021 0.299027145
v -0.210113481 0.038238525 0.285827667
vt 0.204101562 0.455566406
vn 0.597167730 0.675742388 0.432160735
v -0.195602372 0.020156860 0.276397735
vt 0.211425781 0.443359375
vn 0.141992182 0.986057103 0.086772971
v -0.188079789 0.025863647 0.255065948
vt 0.227783203 0.446044922
vn 0.393469155 0.723983228 0.566595376
v -0.198944047 0.039978027 0.254638702
vt 0.230712891 0.457519531
vn -0.550822496 0.118033439 0.826234043
v -0.207611039 0.046310425 0.260894805
vt 0.223876953 0.461181641
vn 0.556439281 0.830740452 -0.015674457
v -0.210205033 0.035675049 0.237716720
vt 0.235595703 0.475341797
vn -0.769628286 0.636121213 -0.054973371
v -0.219314530 0.054382324 0.270111114
vt 0.215576172 0.467285156
vn 0.496910959 0.851847470 0.165636897
v -0.217483476 0.050903320 0.264251739
vt 0.218505859 0.468750000
vn 0.173013851 0.872934043 -0.456127763
v -0.220062211 0.035171509 0.233276412
vt 0.232666016 0.482421875
vn 0.110520907 0.986794353 -0.118415385
v -0.201766923 0.045074463 0.227966353
vt 0.245117188 0.480224609
vn -0.721729636 0.658970416 0.211812019
v -0.225250199 0.041915894 0.223724410
vt 0.236328125 0.489257812
vn 0.581291318 0.416330278 0.699120522
v -0.224410966 0.052963257 0.219253585
vt 0.243652344 0.495605469
vn 0.125707969 0.487118036 0.864241660
vt 0.255371094 0.496826172
v -0.211608842 0.065170288 0.219482467
vt 0.254638672 0.491210938
vn -0.245061114 0.561269224 0.790520012
v -0.188980058 0.061782837 0.227890059
vt 0.260009766 0.481689453
vn -0.543492436 0.795546889 0.267807901
v -0.196990937 0.072647095 0.208114669
vt 0.270019531 0.491943359
vn -0.533435881 0.400076956 0.745241404
v -0.179016083 0.075515747 0.209808394
vt 0.276855469 0.486816406
vn -0.274867147 0.706801474 0.651827991
v -0.188583344 0.075988770 0.204513595
vt 0.275878906 0.492919922
vn 0.322584867 -0.220301732 0.920546710
v -0.160430878 0.103790298 0.202682510
vt 0.298828125 0.489013672
vn 0.409436226 -0.385814756 0.826745987
vt 0.272460938 0.498291016
vt 0.264648438 0.508789062
vt 0.273193359 0.507568359
v -0.282135040 0.084335297 -0.205963090
vt 0.803955078 0.913574219
vn -0.583691478 0.520589590 -0.623129904
vt 0.810791016 0.914794922
v -0.276184112 0.095901459 -0.184219331
vt 0.806640625 0.927490234
vn -0.290861189 0.841138899 -0.455944419
vt 0.802246094 0.891601562
v -0.275360137 0.098037690 -0.176528901
vt 0.810058594 0.930664062
vn -0.817101181 0.172848344 0.549972117
vt 0.811035156 0.945556641
v -0.243057266 0.115951508 -0.172759980
vt 0.801757812 0.949218750
vn 0.071077920 0.979296744 -0.189541370
vt 0.823730469 0.937255859
vt 0.823242188 0.915527344
vt 0.085693359 0.134277344
vt 0.129394531 0.117919922
v -0.236938462 0.000274658 -0.031310994
vt 0.127197266 0.147949219
v -0.219360352 0.000366211 -0.111099198
vt 0.166259766 0.150878906
v -0.227691665 0.088760346 -0.219741777
vt 0.408935547 0.778808594
vn 0.086557731 0.802627265 -0.590167165
vt 0.429687500 0.760986328
vt 0.436523438 0.772705078
v -0.230194107 0.101516694 -0.193252534
vt 0.419921875 0.787841797
vn -0.203873083 0.799809396 -0.564571321
vt 0.431396484 0.794433594
v -0.262329131 0.081497163 -0.224838212
vt 0.412597656 0.761230469
vn -0.659640789 0.141351506 -0.738169253
v -0.211776748 0.106811494 -0.196578950
vt 0.413330078 0.793212891
vn 0.585387409 0.806885302 0.079106286
vt 0.412597656 0.746582031
v -0.216171280 0.094009370 -0.206588700
vt 0.408935547 0.786865234
vn 0.620625079 0.322096616 -0.714897454
v -0.221969619 0.068222016 -0.213348344
vt 0.397705078 0.779296875
vn 0.535101295 0.361980379 -0.763306499
v -0.200714126 0.083831757 -0.186996415
vt 0.401367188 0.797363281
vn 0.031378474 0.807998538 -0.588348508
v -0.228698745 0.056442231 -0.220031694
vt 0.394775391 0.772460938
vn 0.519089878 0.385385007 -0.762905061
v -0.247314483 0.076675385 -0.238067582
vt 0.405273438 0.765869141
vn 0.329840541 0.274867177 -0.903135240
v -0.240951553 0.055343598 -0.234725907
vt 0.397705078 0.760986328
vn -0.520654500 0.378657669 -0.765204132
v -0.229782134 0.058547944 -0.245025590
vt 0.391845703 0.762207031
vn 0.142195791 0.900573969 -0.410788149
v -0.219512954 0.048446625 -0.225662187
vt 0.391113281 0.770507812
vn 0.503671587 0.432842880 -0.747637689
v -0.254608184 0.049194306 -0.240402177
vt 0.394042969 0.755371094
vn -0.291836679 0.891284704 -0.347048908
v -0.253662139 0.051620454 -0.219299272
vt 0.402832031 0.752929688
vn -0.837846577 0.023712575 -0.545390487
v -0.265228301 0.046630830 -0.236663774
vt 0.394775391 0.749511719
vn -0.776978672 0.510137439 0.368868709
v -0.263702422 0.046096772 -0.248199418
vt 0.391601562 0.750732422
vn -0.126325548 0.544778287 -0.829010546
vt 0.392578125 0.748779297
v -0.249893203 0.045074433 -0.213226274
vt 0.405517578 0.748291016
vn -0.880498767 0.471695781 0.047169670
v -0.265289336 0.035095185 -0.238784745
vt 0.395019531 0.744140625
vn -0.519106090 0.825850606 0.220226869
v -0.264556915 0.039092988 -0.217559770
vt 0.406738281 0.742919922
vn 0.134153798 0.946968555 -0.291982025
vt 0.412109375 0.736572266
v -0.266418487 0.039550751 -0.236495927
vt 0.398193359 0.740966797
vn 0.702597558 0.710491955 0.039471649
vt 0.396972656 0.736572266
vt 0.395507812 0.738281250
vt 0.681884766 0.615234375
vt 0.677001953 0.564208984
vt 0.716064453 0.612548828
v -0.184783950 0.000427246 -0.189285234
vt 0.679687500 0.643798828
vt 0.621337891 0.644531250
v -0.152450591 0.000335693 -0.267517060
vt 0.725341797 0.644042969
v -0.175079376 0.000335693 -0.330810517
vt 0.751953125 0.634765625
vn 0.000000041 -0.999721229 -0.023615420
v -0.121643096 0.000335693 -0.330078095
vt 0.762451172 0.653076172
v -0.207962066 0.000488281 -0.323791474
vt 0.740722656 0.619873047
vn -0.031432752 -0.997991085 -0.055007335
v -0.206176788 0.001159668 -0.330932587
vt 0.743896484 0.620605469
vn -0.252211154 0.338908523 -0.906383276
v -0.215789825 0.004730225 -0.320007294
vt 0.742431641 0.615966797
vn -0.212796524 0.811778843 -0.543813109
vt 0.187744141 0.036865234
vt 0.135253906 0.055908203
vt 0.141601562 0.018066406
vt 0.220214844 0.003906250
v -0.268127471 0.000518799 -0.322570771
vt 0.310546875 0.989013672
vn -0.558414996 -0.825825036 -0.078649886
vt 0.304687500 0.987548828
v -0.265777618 0.009979248 -0.329406708
vt 0.311279297 0.985107422
vn -0.873096049 0.149448812 -0.464077920
vt 0.311767578 0.997070312
v -0.245620757 0.000366181 -0.349243134
vt 0.320800781 0.984863281
vn -0.078439251 -0.847143650 -0.525542736
v -0.258087188 0.013885498 -0.332672089
vt 0.313232422 0.980712891
vn -0.439421892 0.870996892 -0.219710901
v -0.257019073 0.019744843 -0.316284150
vt 0.308593750 0.977294922
vn -0.582550824 0.755741537 0.299147755
vt 0.303222656 0.973876953
v -0.246734649 0.020385712 -0.316925019
vt 0.315673828 0.971191406
vn 0.228900582 0.970854402 0.071038045
v -0.253448516 0.010864228 -0.343505830
vt 0.317382812 0.981201172
vn -0.142049789 0.804948211 -0.576090515
v -0.229370147 0.014709473 -0.335052460
vt 0.333496094 0.976806641
vn 0.433003724 0.810898006 -0.393639922
v -0.229446441 0.007934570 -0.319732636
vt 0.330322266 0.965820312
vn 0.599299014 0.717581749 0.354847997
v -0.228179961 0.000579834 -0.334716767
vt 0.337158203 0.986083984
vn 0.149782866 -0.953880250 -0.260149151
vt 0.337158203 0.993652344
v -0.220657378 0.000427246 -0.338928193
vt 0.341308594 0.989990234
vn 0.220281303 -0.731648743 -0.645109594
v -0.223266631 0.008422852 -0.331756562
vt 0.343750000 0.987792969
vn 0.488567740 0.819533110 -0.299444884
v -0.267455995 0.000457764 0.320068389
vt 0.182373047 0.980712891
vn -0.125937372 -0.991757214 0.023613328
v -0.267639101 0.007019043 0.323761016
vt 0.188232422 0.976074219
vn -0.888662517 0.047185607 0.456127822
vt 0.196289062 0.978271484
v -0.260253847 0.014343262 0.328704864
vt 0.188476562 0.969238281
vn -0.479350060 0.840827167 0.251462340
v -0.255523622 0.021301270 0.311553985
vt 0.195312500 0.964111328
vn -0.559714913 0.811980724 -0.165549427
vt 0.199218750 0.961669922
vt 0.191162109 0.987304688
v -0.246398881 0.019866943 0.315490752
vt 0.190673828 0.956787109
vn 0.291836560 0.954384625 -0.063099891
v -0.217178300 0.000335693 0.303283721
vt 0.162841797 0.992919922
vt 0.203613281 0.993164062
v -0.226852357 0.000366211 0.331878692
vt 0.156982422 0.972167969
vn 0.039501376 -0.995433331 0.086902946
v -0.237869203 0.000854522 0.342071563
vt 0.168701172 0.968261719
vn 0.125859529 -0.975410879 0.180923000
v -0.233886659 0.008026123 0.337219268
vt 0.167236328 0.961669922
vn 0.441396773 0.283755064 0.851264954
v -0.245910585 0.000488311 0.346344024
vt 0.175537109 0.968750000
vn -0.400681376 -0.471390009 0.785650015
v -0.252593935 0.010192901 0.342285186
vt 0.180664062 0.966552734
vn -0.197334215 0.749870241 0.631469607
v -0.230941713 0.014282227 0.333679229
vt 0.174072266 0.955810547
vn 0.172800362 0.903274477 0.392727971
v -0.223815858 0.009643555 0.330932647
vt 0.170898438 0.948242188
vn 0.668194354 0.738944471 -0.086472347
v -0.223297060 0.003814697 0.319580108
vt 0.178955078 0.943603516
vn 0.393249929 0.904474974 -0.165165082
v -0.237060502 0.006622314 0.305267364
vt 0.197509766 0.949707031
vn 0.290573865 0.918841958 -0.267013967
vt 0.205078125 0.952148438
v -0.235061601 0.006652832 0.298828155
vt 0.200927734 0.946289062
vn -0.102203928 0.935558975 0.338059098
vt 0.205566406 0.946289062
vt 0.052978516 0.447265625
vt 0.057128906 0.447998047
vt 0.053955078 0.453125000
vt 0.053710938 0.455078125
vt 0.055175781 0.445800781
v -0.263977081 0.033401459 -0.241348222
vt 0.056152344 0.444335938
vn 0.299444705 0.819533110 -0.488567889
vt 0.051025391 0.448486328
vt 0.061767578 0.443847656
vt 0.053222656 0.445556641
v -0.258239776 0.032791108 -0.250579804
vt 0.057617188 0.438720703
vn -0.552966893 0.308081448 -0.774153471
vt 0.060791016 0.438964844
vt 0.050781250 0.438232422
v -0.244018584 0.033706635 -0.255920380
vt 0.060302734 0.431396484
vn -0.062914290 0.652734399 -0.754969954
v -0.240737945 0.043075532 -0.250244111
vt 0.055908203 0.427490234
vn -0.079005249 0.474030644 -0.876956761
vt 0.048828125 0.432373047
vt 0.047363281 0.420898438
v -0.226593047 0.048660249 -0.249359086
vt 0.052246094 0.420166016
vn 0.741722584 0.102578677 -0.662816167
vt 0.043701172 0.410888672
v -0.227600113 0.041061372 -0.245361283
vt 0.055175781 0.418457031
vn 0.549734414 0.824601710 0.133506835
v -0.226699844 0.033920258 -0.233032182
vt 0.051269531 0.412109375
vn 0.236161828 0.873799086 -0.425091505
v -0.201522842 0.033279389 -0.239730790
vt 0.053222656 0.405273438
vn -0.502816021 0.848501921 -0.164986446
v -0.208557159 0.037765473 -0.246978715
vt 0.058349609 0.408203125
vn -0.047296900 0.914406955 0.402023703
v -0.198562652 0.039108247 -0.256103486
vt 0.066894531 0.402099609
vn 0.165395260 0.882108510 -0.441054314
v -0.231979400 0.035858124 -0.253631562
vt 0.060546875 0.423339844
vn -0.552553177 0.734106362 -0.394680798
v -0.223968536 0.048477143 -0.260925263
vt 0.065673828 0.416748047
vn -0.456806242 0.834852815 0.307162851
v -0.240081817 0.029327363 -0.251800507
vt 0.062500000 0.429199219
vn 0.189428955 0.584073007 -0.789287865
vt 0.067138672 0.429931641
v -0.244216949 0.032852143 -0.256774873
vt 0.061279297 0.431640625
vn 0.718050599 0.378752053 -0.583909512
vt 0.063720703 0.434082031
v -0.244232208 0.031982392 -0.257293671
vt 0.062011719 0.431884766
vn 0.568464279 -0.371080905 -0.734266520
vt 0.079833984 0.428710938
v -0.237258941 0.035736054 -0.277984589
vt 0.078369141 0.423583984
vn -0.671711206 0.727028549 -0.142244652
v -0.230423003 0.040420502 -0.273864716
vt 0.074951172 0.419677734
vn -0.732351720 0.677228332 -0.070872672
v -0.232009917 0.037185639 -0.280212373
vt 0.079589844 0.420654297
vn -0.534357548 0.290753245 -0.793677866
v -0.223449737 0.021270722 -0.286621064
vt 0.086914062 0.419189453
vn -0.638032794 0.393847227 -0.661663413
vt 0.088134766 0.427490234
v -0.224350005 0.028518647 -0.285278291
vt 0.084228516 0.418945312
vn -0.394226789 0.149806082 -0.906721294
v -0.217422515 0.031372041 -0.287994355
vt 0.086181641 0.413574219
vn -0.266865909 0.204073772 -0.941879272
v -0.210357696 0.022430390 -0.292633027
vt 0.092041016 0.411376953
vn 0.015810760 0.545475781 -0.837977469
v -0.199554473 0.024764985 -0.292846650
vt 0.092041016 0.403564453
vn 0.696005583 0.545731723 -0.466640264
v -0.205627471 0.031921357 -0.292877167
vt 0.087646484 0.407226562
vn 0.062714607 0.689861953 -0.721219420
v -0.205947906 0.036361665 -0.282287568
vt 0.082519531 0.406250000
vn 0.645989716 0.653867722 -0.393896312
v -0.185333282 0.025039643 -0.257781953
vt 0.070312500 0.394042969
vn 0.047041707 0.674266160 -0.736988723
v -0.212783843 0.041091889 -0.288818330
vt 0.081054688 0.409423828
vn 0.489694059 0.592372000 -0.639761806
v -0.219528228 0.054763764 -0.272003144
vt 0.072265625 0.412109375
vn 0.346757829 0.937822342 -0.015761806
v -0.220855743 0.051620454 -0.283325166
vt 0.076660156 0.412597656
vn -0.314804673 0.574518263 -0.755530834
v -0.223464996 0.050125092 -0.277526826
vt 0.074707031 0.413818359
v -0.223495513 0.050125092 -0.276672333
vt 0.074218750 0.413818359
vn -0.795029283 0.606111348 -0.023614654
v -0.223495513 0.050155610 -0.275787324
vt 0.073974609 0.413818359
vn -0.796041071 0.599001110 0.086697616
vt 0.656005859 0.980957031
vt 0.650390625 0.989990234
vt 0.646240234 0.990234375
vt 0.649414062 0.973632812
vt 0.642333984 0.978515625
vt 0.642089844 0.985351562
vt 0.636230469 0.988281250
vt 0.629638672 0.985107422
vt 0.626953125 0.970458984
vt 0.634277344 0.988037109
vt 0.626464844 0.991210938
vt 0.458984375 0.959960938
vt 0.468017578 0.956542969
vt 0.462646484 0.964599609
v -0.250030547 0.005828857 -0.305145234
vt 0.458251953 0.962890625
vn -0.204908729 0.945732594 0.252195328
vt 0.456054688 0.963378906
v -0.236633331 0.006042480 -0.306304902
vt 0.454101562 0.969482422
vn 0.236066878 0.936398566 0.259673506
vt 0.450683594 0.960937500
vt 0.446533203 0.971679688
v -0.235458404 0.010681152 -0.295745820
vt 0.459960938 0.971435547
vn -0.164864480 0.957783759 -0.235520631
vt 0.469970703 0.972900391
v -0.231033355 0.005279541 -0.311492890
vt 0.450683594 0.972900391
vn 0.047338035 0.970431209 -0.236690596
v -0.227417022 0.010406494 -0.294738740
vt 0.460449219 0.975830078
vn -0.418088317 0.836176455 -0.354980558
vt 0.468505859 0.980468750
v -0.226150542 0.020507783 -0.296874970
vt 0.462646484 0.980224609
vn -0.691350758 0.526369154 -0.494944155
v -0.214279205 0.022384614 -0.300292939
vt 0.461425781 0.985595703
vn 0.039456896 0.686552107 -0.726009250
vt 0.462890625 0.989501953
v -0.222763091 0.010559082 -0.299011201
vt 0.457519531 0.979492188
vn -0.220966309 0.094699740 -0.970672905
v -0.209579498 0.014190674 -0.297698945
vt 0.457275391 0.986816406
vn -0.133787930 0.558760703 -0.818466485
v -0.203231841 0.019348115 -0.291809052
vt 0.460205078 0.990966797
vn -0.094359688 0.802056372 -0.589747369
v -0.208328277 0.015960693 -0.307250947
vt 0.454345703 0.989746094
vn -0.173767969 0.845143676 -0.505506575
v -0.219421417 0.006652832 -0.302764863
vt 0.454589844 0.979980469
vn -0.133507028 0.934548557 -0.329840660
v -0.208465606 0.008819580 -0.305114716
vt 0.452392578 0.985839844
vn -0.337527603 0.855593085 -0.392473906
v -0.195846587 0.007141113 -0.314208955
vt 0.446289062 0.991210938
v -0.222167999 0.007385254 -0.311798066
vt 0.449218750 0.978027344
vn -0.102027550 0.981033564 -0.164813668
v -0.203689605 0.006042480 -0.317352265
vt 0.445556641 0.985839844
vn -0.079037257 0.964253664 -0.252919018
v -0.199081451 0.004943848 -0.329193085
vt 0.441894531 0.989990234
vn -0.078786656 0.953317583 -0.291510373
vt 0.440673828 0.985107422
vt 0.444091797 0.979980469
vt 0.441894531 0.977294922
vt 0.440429688 0.981933594
vt 0.426757812 0.974609375
vt 0.437011719 0.967529297
vt 0.436767578 0.970214844
vt 0.433593750 0.969238281
v -0.211868316 0.001129150 -0.329803437
vt 0.437011719 0.974121094
vn 0.951782823 0.306772977 -0.000000138
vt 0.433349609 0.975097656
v -0.256225616 0.372688264 -0.157562226
vt 0.705078125 0.362304688
vn -0.448097259 -0.361622334 -0.817580700
vt 0.707763672 0.363281250
vt 0.709960938 0.358642578
v -0.252899200 0.397460938 -0.152252167
vt 0.699218750 0.367919922
vn -0.747660875 0.346284926 -0.566648006
v -0.241882354 0.397766113 -0.161422700
vt 0.697998047 0.362304688
vn -0.157246649 0.636848330 -0.754783332
v -0.233016998 0.390548706 -0.159133881
vt 0.697998047 0.355957031
vn 0.102143824 -0.235716864 -0.966438949
v -0.222991973 0.374443054 -0.153594941
vt 0.698730469 0.350341797
vn 0.063070312 -0.693774283 -0.717425525
v -0.203460723 0.369255066 -0.152328461
vt 0.691406250 0.344726562
vn 0.480285138 -0.527526379 -0.700744033
vt 0.964111328 0.834960938
v -0.202102646 0.167098999 0.055385619
vt 0.970703125 0.809326172
vn 0.094797388 0.015799589 0.995371222
vt 0.989257812 0.834228516
vt 0.988037109 0.814453125
vt 0.958984375 0.826904297
v -0.201080307 0.185348511 0.053051025
vt 0.977783203 0.806640625
vn 0.723334014 0.094347961 0.684022188
v -0.216354355 0.209278107 0.046138797
vt 0.988037109 0.811279297
vn -0.094251692 -0.164940640 0.981789827
v -0.199935898 0.212440491 0.057804137
vt 0.988281250 0.806152344
vn 0.047220822 -0.173142463 0.983764231
v -0.200286865 0.210887909 0.037937194
vt 0.987548828 0.799316406
vn 0.416690528 -0.589656174 0.691863239
v -0.200759873 0.180847168 0.044902831
vt 0.975830078 0.802978516
vn 0.283429563 0.110222630 0.952637851
v -0.198699936 0.141082749 0.055686980
vt 0.958496094 0.809570312
vn -0.102308266 0.857815742 0.503671587
vt 0.953857422 0.823974609
v -0.199554428 0.140457138 0.045528442
vt 0.960937500 0.805908203
vn 0.267849505 0.480553418 0.835059941
v -0.179138169 0.193870544 0.037101772
vt 0.980712891 0.791992188
vn -0.125595391 0.259040773 0.957665801
v -0.157302842 0.211643219 0.042018916
vt 0.984130859 0.780517578
vn -0.015799409 -0.521384835 0.853175342
v -0.205612168 0.131591782 0.088447608
vt 0.946044922 0.812744141
vn -0.086773053 0.986057103 0.141992182
v -0.161178574 0.198593140 0.046390560
vt 0.978515625 0.783447266
vn -0.236550584 0.220780686 0.946202874
v -0.143753037 0.215198517 0.048126243
vt 0.982910156 0.774169922
vn -0.346703887 -0.543694854 0.764324784
v -0.180374131 0.188842773 0.045909908
vt 0.977050781 0.792968750
vn -0.102712937 0.118515119 0.987625599
vt 0.940185547 0.824707031
v -0.147201523 0.176445007 0.047607444
vt 0.967773438 0.778564453
vn -0.141312227 0.039253473 0.989186585
v -0.168518052 0.151176453 0.045600917
vt 0.961914062 0.793212891
vn -0.062906265 0.172992602 0.982912242
v -0.177886948 0.144515991 0.063186675
vt 0.954101562 0.799560547
vn -0.204680011 0.960421562 0.188935369
v -0.157974228 0.148727417 0.044872310
vt 0.960205078 0.789306641
vn -0.276121706 0.717916667 0.639024675
v -0.131866440 0.190002441 0.050682090
vt 0.969238281 0.771484375
vn -0.417776287 0.134003773 0.898613453
v -0.124237053 0.218090057 0.049354572
vt 0.980468750 0.766113281
vn 0.574003100 0.165124208 0.802031457
v -0.115936264 0.196846008 0.064422622
vt 0.967773438 0.763671875
vn -0.377812117 0.228261575 0.897304118
v -0.114791855 0.184997559 0.061756153
vt 0.963134766 0.765869141
vn -0.307697564 0.094676234 0.946762145
v -0.129898056 0.158760071 0.062713645
vt 0.955078125 0.776123047
vn -0.337693930 0.204187140 0.918842018
v -0.137115464 0.178016663 0.050849937
vt 0.965576172 0.775390625
vn -0.527395487 0.196789399 0.826515555
v -0.138122544 0.152496338 0.055450462
vt 0.955810547 0.780273438
vn -0.481675684 0.363230884 0.797528744
v -0.132034287 0.147712708 0.072448753
vt 0.948974609 0.779296875
vn -0.196643233 0.920290351 0.338226378
v -0.148300156 0.161178589 0.053855918
vt 0.961425781 0.781982422
vn -0.482398003 0.102806166 0.869898319
v -0.138824448 0.148689270 0.064620994
vt 0.951904297 0.781982422
vn -0.244808912 0.908162057 0.339573652
v -0.139694199 0.148628235 0.064620994
vt 0.951904297 0.782470703
vn -0.133618221 0.919607878 0.369415134
v -0.139694199 0.148620605 0.064620994
vn -0.181074321 0.928989947 0.322784632
v -0.139694199 0.148643494 0.064506553
vn -0.243513778 -0.149250433 0.958345115
v -0.140548691 0.148628235 0.064163230
vt 0.952148438 0.782714844
vn -0.252312899 0.938288569 0.236543342
v -0.149307236 0.138427734 0.088096648
vt 0.942138672 0.787597656
vn -0.094664432 0.938755631 0.331325471
v -0.151245102 0.146804810 0.064132720
vt 0.952148438 0.787841797
vn -0.055068646 0.983368337 0.173072785
v -0.163070664 0.147560120 0.069206268
vt 0.950683594 0.793457031
vn -0.000000011 0.971520424 0.236956164
v -0.167922959 0.140304565 0.091217071
vt 0.942138672 0.796386719
vn -0.086837903 0.939428151 0.331562847
v -0.146148667 0.132476807 0.105850250
vt 0.934326172 0.787597656
vn -0.409436196 0.826746047 -0.385814786
v -0.173095688 0.131408677 0.109725982
vt 0.935058594 0.799804688
vn -0.102156557 0.880118251 0.463633657
v -0.184478745 0.135162339 0.092041045
vt 0.943359375 0.803710938
vn -0.235782340 0.919551075 0.314376444
v -0.181503281 0.124099717 0.118011504
vt 0.931640625 0.804199219
vn -0.282764137 0.848292589 0.447709948
vt 0.934570312 0.812011719
vt 0.927734375 0.813232422
v -0.204284653 0.136535630 0.108253516
vt 0.939941406 0.813964844
vn 0.416484535 0.880118251 0.227887645
v -0.219039902 0.130920395 0.115715064
vt 0.938720703 0.816894531
vn -0.449348420 0.244382560 0.859280586
v -0.225067124 0.136749253 0.093902625
vt 0.942382812 0.817138672
vn -0.345472902 0.926495254 -0.149181455
vt 0.439453125 0.799804688
vt 0.433349609 0.806884766
v -0.228164688 0.101333588 -0.175384492
vt 0.421630859 0.801757812
vn 0.479587018 0.856966972 0.188689858
v -0.215255752 0.087051362 -0.176727250
vt 0.411132812 0.802490234
vn 0.353444278 0.911100924 -0.212066695
v -0.192611709 0.103729218 -0.173721284
vt 0.404541016 0.809814453
vn -0.291032165 0.668587029 -0.684318483
v -0.175704971 0.097427338 -0.185928315
vt 0.395996094 0.809570312
vn -0.274537355 0.800079942 -0.533386648
v -0.207717910 0.102676377 -0.167755097
vt 0.413574219 0.809570312
vn -0.094138771 0.753109217 -0.651125669
v -0.232269302 0.107116684 -0.154678315
vt 0.427490234 0.811035156
vn -0.244626015 0.812789261 -0.528707623
v -0.234939590 0.115234360 -0.146377534
vt 0.431152344 0.815673828
vn -0.047279425 0.496432513 -0.866786957
v -0.196609512 0.113861069 -0.158920258
vt 0.411621094 0.817138672
vn -0.251711279 0.684339583 -0.684339643
v -0.186553970 0.114273056 -0.162597626
vt 0.404296875 0.815429688
vn -0.472206950 0.440726310 -0.763400972
v -0.170806900 0.108215302 -0.176818818
vt 0.396728516 0.816162109
vn -0.149857506 0.354925334 -0.922805905
v -0.153060928 0.105972275 -0.181076035
vt 0.391113281 0.819335938
vn -0.031465940 0.881043553 -0.471987635
v -0.188705459 0.121978745 -0.166488618
vt 0.403320312 0.819824219
vn -0.518465102 0.534176052 -0.667719960
v -0.209030166 0.124053940 -0.148513764
vt 0.418212891 0.824462891
vn -0.330801100 0.236286372 -0.913640738
v -0.216049209 0.113128647 -0.153228730
vt 0.420654297 0.816162109
vn -0.251462460 0.652230382 -0.715095997
v -0.219970718 0.121551499 -0.142730683
vt 0.424560547 0.820556641
vn -0.134287864 0.150086254 -0.979510546
vt 0.438720703 0.822021484
v -0.198974624 0.130676255 -0.147521943
vt 0.414306641 0.827392578
vn 0.086581849 0.094453037 -0.991757214
vt 0.430908203 0.832031250
vt 0.445800781 0.822021484
vt 0.885498047 0.191406250
vt 0.874023438 0.199462891
vt 0.875488281 0.195556641
vt 0.891113281 0.189697266
vt 0.874023438 0.184082031
vt 0.884033203 0.175781250
v -0.202148452 0.211776718 -0.148162812
vt 0.902587891 0.182617188
vn 0.071137778 -0.055329528 -0.995930731
vt 0.904785156 0.222656250
vt 0.931396484 0.210937500
v -0.154693618 0.225349411 -0.149002060
vt 0.905761719 0.153564453
vn 0.141780511 -0.102397159 -0.984587789
v -0.152877823 0.252196312 -0.149215683
vt 0.898193359 0.135009766
vn -0.220794514 0.102511615 -0.969918132
v -0.199752823 0.162033066 -0.147552460
vt 0.928955078 0.196533203
vn 0.402461499 0.007891382 -0.915402949
vt 0.937500000 0.204833984
v -0.173843399 0.213096604 -0.148315400
vt 0.907958984 0.166015625
vn 0.023603631 0.031471640 -0.999225974
v -0.198532119 0.210021958 -0.135070771
vt 0.908447266 0.179199219
vn 0.196893007 -0.086633019 -0.976589918
v -0.198440567 0.170089707 -0.134796113
vt 0.927490234 0.191406250
vn -0.575088620 0.220581815 -0.787792325
v -0.196746841 0.170104966 -0.147476166
vt 0.933593750 0.190673828
vn -0.370021552 0.007872740 -0.928989887
v -0.197494522 0.201957688 -0.147811860
vt 0.916748047 0.178466797
vn -0.228275836 0.102330431 -0.968203843
v -0.161743179 0.172531113 -0.147827134
vt 0.937500000 0.168945312
vn -0.000000131 -0.000000044 -1.000000000
v -0.151580825 0.213973984 -0.133850083
vt 0.912109375 0.153564453
vn 0.266267598 0.274099082 -0.924105644
v -0.136535659 0.212276444 -0.147674546
vt 0.920898438 0.150878906
vn -0.023597317 -0.039328694 -0.998947680
v -0.101371780 0.212875351 -0.147842392
vt 0.931396484 0.139404297
vn 0.062906250 0.172992513 -0.982912242
v -0.151245132 0.225334153 -0.138275132
vt 0.909667969 0.149414062
vn -0.820220947 -0.552071869 -0.149847925
v -0.150161758 0.212345108 -0.162689194
vt 0.912841797 0.139160156
vn -0.797205627 -0.449908167 -0.402549237
v -0.151290908 0.245107636 -0.162826523
vt 0.903564453 0.125732422
vn -0.315430462 0.070971765 -0.946290970
v -0.124412559 0.213233933 -0.163131699
vt 0.917968750 0.133789062
vn 0.504296660 -0.401861459 -0.764324784
v -0.124519363 0.221660599 -0.131866440
vt 0.925781250 0.136474609
vn 0.958049536 -0.047117166 -0.282703251
v -0.126098648 0.236167893 -0.162582383
vt 0.920410156 0.125732422
vn 0.889047503 0.149485901 -0.432722390
v -0.136444107 0.268440962 -0.163421616
vt 0.899414062 0.118164062
vn 0.047226410 0.755624473 -0.653300345
v -0.130233780 0.267684340 -0.134155259
vt 0.932128906 0.118164062
vn 0.717916548 0.433905661 -0.544354498
vt 0.026367188 0.268798828
vt 0.009765625 0.245849609
vt 0.058349609 0.245117188
vt 0.850585938 0.452148438
vt 0.845458984 0.446044922
vt 0.847656250 0.444824219
v -0.226684526 0.008148193 0.296295196
vt 0.851562500 0.449462891
vn 0.047261678 0.945233583 0.322954774
v -0.226684526 0.008117676 0.303497344
vt 0.853271484 0.444580078
vn -0.007867715 0.999195039 0.039338343
vt 0.848632812 0.439453125
v -0.219573930 0.006652832 0.296722442
vt 0.855712891 0.451171875
vn -0.118095577 0.881780446 0.456636280
v -0.217864946 0.007324219 0.307647735
vt 0.859130859 0.444824219
vn -0.023536859 0.988547087 0.149066582
vt 0.857421875 0.428955078
v -0.210021928 0.014465332 0.296234161
vt 0.859130859 0.459228516
vn -0.432722121 0.479928285 0.763164639
v -0.210021928 0.008178711 0.301452667
vt 0.861083984 0.452636719
vn -0.473101348 0.615031838 0.630801916
v -0.217147768 0.007843018 0.316375762
vt 0.862060547 0.436279297
vn 0.063041016 0.929854870 0.362485766
v -0.217788652 0.021453857 0.295532256
vt 0.853759766 0.458984375
vn 0.023691986 0.694963157 0.718654931
vt 0.848876953 0.455566406
vt 0.849365234 0.461425781
vt 0.859130859 0.464111328
v -0.198394731 0.022430420 0.291839629
vt 0.862792969 0.468750000
vn -0.086544439 0.904782891 0.416986883
vt 0.861816406 0.472656250
v -0.207611039 0.018112183 0.298736602
vt 0.861816406 0.461181641
vn -0.532649755 0.838140070 0.117496304
v -0.206390336 0.015289307 0.306976348
vt 0.865478516 0.458496094
vn -0.205618665 0.695940435 0.688031852
v -0.186538652 0.022460938 0.290832549
vt 0.869384766 0.475585938
vn -0.502831578 0.864241660 0.015713513
vt 0.857421875 0.478759766
v -0.188903764 0.017196655 0.296722442
vt 0.871826172 0.469970703
vn -0.133916363 0.795621037 0.590807676
v -0.181747392 0.023483276 0.277008086
vt 0.864990234 0.483886719
vn -0.866007507 0.417258143 0.275547922
vt 0.850830078 0.489990234
v -0.177368119 0.022277832 0.266418487
vt 0.861572266 0.490966797
vn -0.961375356 0.063040979 0.267924398
v -0.177139238 0.035766602 0.290557891
vt 0.875732422 0.486083984
vn -0.808296978 0.549327970 0.211883754
v -0.181365922 0.028564453 0.302490264
vt 0.878173828 0.478027344
vn -0.386102110 0.527935684 0.756445169
v -0.170242265 0.032592788 0.293945342
vt 0.882568359 0.489257812
vn 0.267088085 0.730564356 0.628442287
v -0.195007280 0.012084961 0.309112579
vt 0.872802734 0.458740234
vn 0.007857498 0.864321709 0.502878010
v -0.171951249 0.017181396 0.303558379
vt 0.885742188 0.471191406
vn -0.149992630 0.426295191 0.892062068
v -0.182113588 0.010101318 0.315368682
vt 0.882812500 0.458251953
vn 0.039473031 0.852616847 0.521043539
v -0.191726625 0.008422852 0.311828643
vt 0.875732422 0.456054688
vn -0.276552349 0.679528773 0.679528832
v -0.171432450 0.010864258 0.303558379
vt 0.888916016 0.467041016
vn 0.094385877 0.849472642 0.519122064
v -0.182693422 0.002471924 0.328460723
vt 0.886474609 0.447509766
vn -0.007873022 0.897526622 0.440890253
v -0.170562685 0.005096436 0.322753936
vt 0.894775391 0.455566406
vn -0.062751368 0.917738914 0.392196089
v -0.165084779 0.003143311 0.322692901
vt 0.899414062 0.455566406
vn 0.007866203 0.975410879 0.220254019
v -0.163177446 0.013183594 0.306518584
vt 0.894042969 0.469970703
vn -0.181632355 0.718632638 0.671250165
v -0.157684267 0.005462646 0.312500030
vt 0.900146484 0.465576172
vn -0.126035005 0.677438438 0.724701583
v -0.156066835 0.012329102 0.315643340
vt 0.901123047 0.469726562
vn -0.251812339 0.432802647 0.865605295
v -0.141509950 0.007446289 0.315673858
vt 0.911376953 0.471679688
vn -0.181271017 0.874829829 0.449236929
v -0.157394364 0.017410293 0.306610137
vt 0.898193359 0.474365234
vn 0.204452097 0.676264524 0.707718670
v -0.140914872 0.014556885 0.303070098
vt 0.912109375 0.484619141
vn -0.101980396 0.941357553 0.321630448
v -0.147430375 0.017761245 0.295990020
vt 0.903808594 0.482910156
vn 0.597186148 0.801486731 0.031430740
v -0.154602006 0.024459854 0.309143096
vt 0.894531250 0.478027344
vn 0.283746272 0.748774707 0.599019706
v -0.152038530 0.026519790 0.285614043
vt 0.895751953 0.493896484
vn 0.370021462 0.747915626 0.551095605
v -0.155227616 0.030120865 0.276855499
vt 0.893798828 0.497558594
vn 0.518977702 0.542567492 0.660516918
v -0.134124711 0.017227188 0.296112090
vt 0.915771484 0.493652344
vn -0.031578414 0.971035898 0.236837983
v -0.126815751 0.030212417 0.270416290
vt 0.910156250 0.509765625
vn 0.157329217 0.912509322 0.377590030
v -0.140792802 0.034240738 0.264007598
vt 0.901123047 0.507812500
vn 0.590807796 0.133916453 0.795620859
v -0.136444047 0.025436416 0.293579131
vt 0.908935547 0.496582031
vn 0.173013970 0.872934043 0.456127644
v -0.126327470 0.021270767 0.283782989
vt 0.918457031 0.500244141
vn 0.173292860 0.850710213 0.496247560
v -0.145187333 0.012817383 0.280395538
vt 0.905273438 0.489990234
vn -0.646370947 0.417776406 0.638488472
v -0.151245072 0.012908936 0.281524688
vt 0.903076172 0.489257812
vn 0.892729998 0.450315148 -0.015800668
vt 0.619140625 0.833007812
vt 0.624267578 0.787841797
vt 0.658691406 0.805908203
v -0.131988481 0.000366211 0.260131866
vt 0.568603516 0.795898438
vt 0.583007812 0.839843750
v -0.103004418 0.000488281 0.217346221
vt 0.543212891 0.812255859
v -0.172958314 0.000366211 0.329223663
vt 0.604248047 0.763427734
vn 0.000000046 -0.999876022 0.015746122
v -0.119651742 0.000396729 0.327301055
vt 0.575927734 0.755615234
vt 0.863037109 0.417480469
vt 0.868652344 0.425048828
v -0.222885072 0.005096436 0.329711944
vt 0.862060547 0.422607422
vn 0.447365195 0.659274876 0.604335308
vt 0.859863281 0.420654297
v -0.223068178 0.002044678 0.337371856
vt 0.866210938 0.425537109
vn -0.449432284 0.315391123 0.835786581
v -0.216354311 0.003936768 0.336212188
vt 0.864990234 0.427734375
vn 0.385099262 0.919522762 0.078591600
v -0.215240419 0.000335693 0.335662872
vt 0.867187500 0.427734375
vn 0.220780730 -0.946202815 0.236550719
v -0.213821352 0.000854492 0.323699981
vt 0.871826172 0.433349609
vn 0.417374730 -0.818999231 0.393749595
vt 0.878173828 0.423095703
v -0.205596864 0.000823975 0.324493438
vt 0.875244141 0.437988281
vn -0.102397069 -0.984587789 0.141780689
v -0.208770692 0.004791260 0.314544708
vt 0.866210938 0.443115234
vn 0.062906377 0.959322333 0.275215387
vt 0.892333984 0.447753906
v -0.200103715 0.005584717 0.309845001
vt 0.869384766 0.451904297
vn -0.117934912 0.974928439 0.188695803
v -0.204360902 0.005249023 0.320922881
vt 0.871337891 0.444335938
vn -0.204496324 0.943829238 0.259553045
v -0.192474306 0.007110596 0.321319610
vt 0.876708984 0.449462891
vn -0.070774056 0.967245400 0.243777260
v -0.195739686 0.001312256 0.328125030
vt 0.880371094 0.444091797
vn 0.070872791 0.677228332 0.732351542
v -0.202667177 0.001525879 0.332061797
vt 0.875976562 0.441650391
vn -0.290888011 0.652532697 0.699703753
vt 0.131835938 0.617431641
vt 0.137695312 0.627197266
vt 0.116699219 0.618652344
vt 0.134765625 0.618408203
vt 0.138183594 0.619384766
v -0.153686509 0.252377510 0.057605762
vt 0.128173828 0.648193359
vn -0.094620153 0.063080221 0.993512928
v -0.173889145 0.212047577 0.057441738
vt 0.141845703 0.635742188
vn 0.173201650 -0.621950865 0.763661265
vt 0.149658203 0.626464844
vt 0.148437500 0.644775391
v -0.151275620 0.234821320 0.055702228
vt 0.139648438 0.645019531
vn -0.637439609 -0.432829440 0.637439787
vt 0.149658203 0.650634766
v -0.150009140 0.212810516 0.073410057
vt 0.142822266 0.651367188
vn -0.730248809 -0.541797578 0.416163474
v -0.124420151 0.212905884 0.074302688
vt 0.144531250 0.657714844
vn 0.362699926 -0.630782187 0.685975611
v -0.150665268 0.244192123 0.073959373
vt 0.133544922 0.651611328
vn -0.480404228 0.070879340 0.874178469
vt 0.151611328 0.662109375
v -0.125976548 0.235832214 0.073753372
vt 0.138183594 0.660400391
vn 0.899536133 0.126250744 0.418205291
v -0.135452256 0.267148435 0.074256912
vt 0.128662109 0.659667969
vn -0.157680795 0.614955425 0.772636235
v -0.129089355 0.264072895 0.037395496
vt 0.134277344 0.671142578
vn 0.951106250 0.078603879 0.298694402
v -0.119636528 0.228954315 0.043544784
vt 0.145751953 0.667968750
vn -0.173443466 0.323235750 0.930288196
v -0.130187973 0.266668081 0.058143634
vt 0.125000000 0.667480469
vn 0.221124738 -0.260611117 0.939779580
v -0.151702881 0.267843723 0.046710987
vt 0.119140625 0.657470703
vn 0.007872893 0.456622154 0.889625907
v -0.164703369 0.278242111 0.057842277
vt 0.114746094 0.651855469
vn 0.062865712 0.007858244 0.997991085
v -0.153610229 0.289005280 0.058303852
vt 0.110839844 0.657958984
vt 0.099365234 0.653076172
vt 0.090576172 0.638916016
v -0.152359009 0.290344238 0.046642322
vt 0.111083984 0.663818359
vn 0.015730111 0.306735039 0.951665044
v -0.153289795 0.308460236 0.045082111
vt 0.103515625 0.660888672
vn 0.762551308 0.581740260 0.283008605
v -0.152465820 0.309406281 0.008114832
vt 0.090820312 0.662109375
vn 0.282589853 0.957665801 0.054947961
v -0.152038574 0.301448822 0.010399836
vt 0.096435547 0.667480469
vn 0.450991184 0.870333850 0.197803050
v -0.142211914 0.300277710 0.049877185
vt 0.107421875 0.670898438
vn 0.015759733 0.992864966 0.118198164
v -0.120750420 0.296007156 0.059921280
vt 0.115234375 0.677490234
vn -0.236550629 0.567721725 0.788502395
v -0.113578789 0.278636932 0.064178482
vt 0.122314453 0.677001953
vn -0.197481871 0.039496429 0.979510665
v -0.095809929 0.291090012 0.053836834
vt 0.121093750 0.688232422
vn 0.548871934 0.799784780 0.243071750
v -0.133316040 0.299846649 0.004229085
vt 0.101074219 0.687011719
vn 0.204300478 0.974356353 0.094292469
v -0.090438843 0.290357590 0.020559320
vt 0.119873047 0.700683594
vn 0.306535929 0.951047480 0.039299399
v -0.085617065 0.282798767 0.030282985
vt 0.125488281 0.698486328
vn 0.899228275 0.189311281 0.394398242
v -0.081596375 0.263460636 0.015368472
vt 0.135253906 0.699218750
vn 0.834128737 0.409195244 0.369849354
v -0.115501396 0.286434174 0.062919632
vt 0.118896484 0.678466797
vn -0.355611712 0.063219905 0.932493269
v -0.115364067 0.287729263 0.062896743
vn -0.347535640 0.102681041 0.932027757
v -0.104873650 0.292867661 0.066207901
vt 0.119384766 0.681152344
vn 0.337892145 0.353608042 0.872232974
v -0.105537407 0.268714190 0.066391006
vt 0.126708984 0.679931641
vn 0.220356494 -0.464322299 0.857815862
v -0.095634453 0.265290141 0.044719707
vt 0.132568359 0.685546875
vn 0.806834877 0.261034846 0.529979646
v -0.101676933 0.270450115 0.059761062
vt 0.127441406 0.682861328
vn 0.894070208 -0.134506062 0.427254647
v -0.101676933 0.269586086 0.059436813
vt 0.127929688 0.682861328
vn 0.887976468 -0.157163903 0.432200819
v -0.101829521 0.268722057 0.059436813
vt 0.128417969 0.682373047
vn 0.852271736 -0.291981906 0.434027135
v -0.102279656 0.261069298 0.048839584
vt 0.134277344 0.681152344
vn -0.213147461 -0.678914428 0.702597558
v -0.117744438 0.262273788 0.035259262
vt 0.135498047 0.674560547
vn -0.490076363 -0.442649722 0.750923693
v -0.118446343 0.242544174 0.046836868
vt 0.144042969 0.673095703
vn -0.371265978 0.150086328 0.916316390
v -0.096565239 0.208404541 0.051013961
vt 0.161132812 0.667968750
vn -0.023661569 0.165631875 0.985903800
v -0.100753777 0.250511169 0.050239578
vt 0.142578125 0.680175781
vn -0.165426031 0.055142090 0.984679520
v -0.071868889 0.208854675 0.055847183
vt 0.160644531 0.678710938
vn 0.276096135 -0.268207520 0.922949493
v -0.078643791 0.207595825 0.044631973
vt 0.165527344 0.676269531
vn 0.583020806 0.039393350 0.811501622
v -0.064170830 0.209072113 0.025711071
vt 0.166748047 0.687744141
vn 0.940278232 0.126424029 0.316059798
v -0.075866692 0.228973389 0.054584514
vt 0.152587891 0.683349609
vn -0.133605734 0.039295882 0.990255296
v -0.071250908 0.234401703 0.054882061
vt 0.150634766 0.686767578
vn 0.825289190 0.086458921 0.558052480
v -0.063957214 0.247753143 0.021009455
vt 0.142822266 0.703125000
vn 0.966051459 0.086394899 0.243476257
v -0.083343498 0.261779785 0.051399242
vt 0.138916016 0.687500000
vn 0.220746443 0.528214514 0.819914997
v -0.067810051 0.258480549 0.038200386
vt 0.141357422 0.694335938
vn 0.833690107 0.448305070 0.322464883
v -0.077644341 0.259911060 0.035526287
vt 0.137939453 0.694091797
vn 0.384281188 0.917569458 0.101952069
v -0.063499451 0.260414124 0.016872413
vt 0.140380859 0.705078125
vn 0.545186341 0.821730137 0.165926173
vt 0.197265625 0.735107422
vt 0.191650391 0.730468750
v -0.210327163 0.064605683 -0.222991899
vt 0.198486328 0.726074219
vn -0.157867521 0.813017190 -0.560429335
vt 0.183837891 0.713378906
v -0.200241104 0.062362641 -0.224182084
vt 0.202148438 0.723144531
vn -0.228936419 0.497344315 -0.836801529
vt 0.202148438 0.735839844
v -0.185287490 0.075790375 -0.210494950
vt 0.197265625 0.710937500
vn -0.275753111 0.764229774 -0.583020687
v -0.202728286 0.044586152 -0.230178788
vt 0.208740234 0.729736328
vn -0.731445014 0.676389933 0.086515069
vt 0.205078125 0.741699219
vt 0.215087891 0.737060547
v -0.183990493 0.088531464 -0.207351640
vt 0.191650391 0.706542969
vn -0.417426467 0.756093025 -0.504061997
vt 0.182128906 0.699462891
v -0.185455337 0.065048188 -0.229736283
vt 0.207031250 0.716308594
vn -0.612731397 0.785552919 -0.086410783
v -0.172698990 0.089813203 -0.201431230
vt 0.191406250 0.701171875
vn -0.575517356 0.678006530 -0.457260191
v -0.168624893 0.076522812 -0.219146699
vt 0.203369141 0.703857422
vn -0.621661961 0.723960698 -0.299027205
v -0.171936065 0.088775605 -0.239471391
vt 0.212890625 0.703857422
vn -0.510845959 0.833071947 0.212197617
v -0.165740982 0.086471543 -0.228347749
vt 0.208984375 0.699218750
v -0.207321197 0.068252534 -0.262542695
vt 0.224365234 0.723144531
vn -0.851556063 0.512510538 0.110386990
v -0.211074844 0.041824311 -0.239990190
vt 0.217529297 0.733642578
vn -0.927983880 0.047185600 0.369620830
vt 0.220214844 0.738281250
v -0.208526641 0.043334931 -0.246231034
vt 0.220947266 0.734863281
vn -0.788894951 -0.299780130 -0.536448359
vt 0.229003906 0.734375000
v -0.192642242 0.054504365 -0.275878876
vt 0.236328125 0.724365234
vn -0.795472920 -0.094511695 -0.598573565
v -0.193191558 0.072921723 -0.265258759
vt 0.226318359 0.716064453
vn 0.007861240 0.801858068 -0.597462952
v -0.194473296 0.064361542 -0.276306123
vt 0.230712891 0.721191406
vn 0.039412733 0.496602088 -0.867083073
v -0.188385040 0.056625336 -0.268463105
vt 0.233154297 0.718505859
vn 0.157950953 0.497545898 -0.852935910
v -0.179809600 0.028106660 -0.284301728
vt 0.248291016 0.729248047
vn -0.897721410 -0.212618291 -0.385862589
vt 0.239257812 0.741943359
v -0.178329498 0.064285249 -0.273406953
vt 0.235107422 0.712890625
vn -0.118073769 0.747799695 -0.653340876
v -0.175827056 0.045303315 -0.297882050
vt 0.247558594 0.718994141
vn -0.307162941 0.456806213 -0.834852755
v -0.186996490 0.017959565 -0.283355683
vt 0.251953125 0.731933594
vn -0.446718931 0.893437803 0.047023062
v -0.157684356 0.065826401 -0.268707246
vt 0.235595703 0.702636719
vn 0.133986965 0.764514565 -0.630527556
v -0.197082549 0.019393891 -0.277191132
vt 0.250976562 0.736816406
vn 0.528329372 0.843750060 -0.094626278
vt 0.258544922 0.737060547
v -0.177108794 0.035675019 -0.291839570
vt 0.250976562 0.722656250
vn -0.825289190 0.558052540 -0.086458772
v -0.192184478 0.025588959 -0.291320771
vt 0.256835938 0.733642578
vn 0.157597542 0.969225407 -0.189117223
vt 0.261230469 0.738037109
vt 0.261230469 0.741455078
v -0.187316924 0.021118134 -0.293121308
vt 0.256347656 0.730224609
vn -0.717760324 0.694097757 -0.055212263
v -0.187423736 0.015716553 -0.300720185
vt 0.260986328 0.730224609
vn -0.173594773 0.820629299 -0.544456005
vt 0.267578125 0.738037109
v -0.181015044 0.027938813 -0.305694550
vt 0.258789062 0.723388672
vn -0.339330494 0.568181038 -0.749683380
v -0.173172027 0.034194916 -0.295593232
vt 0.253417969 0.718261719
vn 0.598110020 0.102308303 -0.794856906
v -0.185684234 0.010284424 -0.313323945
vt 0.268066406 0.729492188
vn -0.142262593 0.877285361 -0.458401352
vt 0.270507812 0.735107422
v -0.173767120 0.015441895 -0.305633515
vt 0.265625000 0.723632812
vn 0.047255684 0.299286842 -0.952992380
v -0.189971954 0.004302979 -0.326995820
vt 0.275146484 0.732421875
vn -0.015757419 0.858773649 -0.512112796
vt 0.277343750 0.736328125
v -0.175842315 0.015411377 -0.310943574
vt 0.267578125 0.725341797
vn -0.015744226 0.889543176 -0.456579715
vt 0.280517578 0.737548828
vt 0.278076172 0.726806641
v -0.172653228 0.005432129 -0.321594208
vt 0.274658203 0.724853516
vn 0.109923072 0.879385352 -0.463247657
v -0.170318633 0.002655029 -0.329040498
vt 0.277832031 0.724609375
vn -0.007845709 0.894399703 -0.447199881
v -0.161178619 0.000000000 -0.334716767
vt 0.283447266 0.726806641
vn -0.062819012 -0.997252405 -0.039261855
v -0.163467437 0.001953095 -0.344604462
vt 0.286865234 0.725341797
vn -0.299481988 0.945732474 -0.126097649
v -0.158355743 0.000335664 -0.352783173
vt 0.290771484 0.727050781
vn -0.015714904 -0.997898698 -0.062859714
v -0.154693633 0.004882812 -0.317321748
vt 0.276367188 0.718017578
vn -0.062953189 0.952165782 -0.299027294
v -0.171707183 0.007324219 -0.310424775
vt 0.269775391 0.722656250
vn -0.070811391 0.841867566 -0.535018682
v -0.163726836 0.014709473 -0.308135957
vt 0.269042969 0.718750000
vn -0.205080852 0.638905346 -0.741445780
v -0.153884917 0.011016846 -0.318084687
vt 0.275146484 0.716552734
vn -0.142085224 0.528872252 -0.836723387
v -0.166976959 0.021301255 -0.307128876
vt 0.264648438 0.719238281
vn -0.078762278 0.519830048 -0.850631118
v -0.155807525 0.017654404 -0.309082001
vt 0.269775391 0.715332031
vn 0.211694628 0.729170740 -0.650765359
v -0.140762359 0.010223389 -0.314849824
vt 0.276611328 0.711181641
vn -0.133816898 0.858001828 -0.495909303
v -0.154830962 0.022445664 -0.311553925
vt 0.267089844 0.714111328
vn 0.450315028 0.766325772 -0.458215475
v -0.148361236 0.017532334 -0.301940888
vt 0.269775391 0.711425781
vn 0.464077979 0.873095989 -0.149448976
v -0.162887603 0.030578598 -0.294891328
vt 0.258300781 0.714111328
vn 0.236103311 0.857842445 -0.456466645
v -0.156600982 0.030426010 -0.281036347
vt 0.254882812 0.705566406
vn 0.569138765 0.505901217 -0.648186028
v -0.150375396 0.022766098 -0.287719697
vt 0.260498047 0.704101562
vn 0.260977536 0.553588867 -0.790841401
v -0.148483306 0.013580322 -0.286224335
vt 0.265869141 0.705322266
vn 0.275624633 0.913499057 -0.299249768
v -0.135360748 0.015106201 -0.297393769
vt 0.270507812 0.701171875
vn -0.125957027 0.802975416 -0.582550824
v -0.135833770 0.025680527 -0.296813935
vt 0.263671875 0.698486328
vn 0.102412909 0.866571665 -0.488431334
v -0.139923126 0.032409653 -0.264739960
vt 0.251953125 0.690673828
vn 0.126168117 0.906834006 -0.402161241
v -0.135391265 0.040328965 -0.263366669
vt 0.248046875 0.688964844
vn 0.632356644 0.007904454 -0.774637163
v -0.128326446 0.035079941 -0.268310517
vt 0.250732422 0.686767578
vn 0.070826508 0.826310694 -0.558743417
v -0.137863189 0.055572495 -0.267608613
vt 0.243896484 0.693847656
vn 0.614554346 0.039394509 -0.787890375
v -0.128036529 0.038391098 -0.256011933
vt 0.244384766 0.684570312
vn 0.858880401 0.496417135 0.126074046
v -0.153778106 0.054840073 -0.282196015
vt 0.243896484 0.704833984
vn 0.378999770 0.552708089 -0.742208183
v -0.133514434 0.065704331 -0.265869111
vt 0.237548828 0.694091797
vn 0.709828556 0.583636940 -0.394349307
v -0.146316558 0.078491196 -0.248779267
vt 0.225097656 0.693603516
vn 0.748472452 0.646049976 0.149694353
v -0.152786285 0.082534775 -0.244689912
vt 0.220703125 0.696044922
vn 0.251773387 0.873339236 -0.416999906
v -0.151260406 0.071105942 -0.237945527
vt 0.220214844 0.689941406
vn 0.824093580 0.565092742 0.039242417
v -0.136093155 0.043350205 -0.244659394
vt 0.235107422 0.684082031
vn 0.291085929 0.566437602 -0.770984709
v -0.123298667 0.046066269 -0.245864838
vt 0.239013672 0.680419922
vn -0.323638409 0.410468012 -0.852510571
v -0.136520416 0.061706528 -0.241958588
vt 0.225585938 0.683105469
vn -0.205157459 0.023671947 -0.978442669
v -0.124710105 0.054916367 -0.248657197
vt 0.233886719 0.679199219
vn -0.363197029 0.007895528 -0.931678951
v -0.124794029 0.075790390 -0.240829438
vt 0.221679688 0.677246094
vn -0.070846513 0.401462823 -0.913131177
v -0.123252891 0.067260727 -0.249420136
vt 0.229248047 0.675292969
vn 0.086654350 0.378128618 -0.921688557
v -0.144378692 0.080291733 -0.244506806
vt 0.217773438 0.685302734
vn -0.134338185 0.395111889 -0.908757389
v -0.143981963 0.077529892 -0.236541718
vt 0.214111328 0.686279297
vn -0.126097783 0.709299326 -0.693537235
v -0.129486114 0.081710801 -0.233459443
vt 0.216552734 0.678710938
vn -0.039242662 0.824093580 -0.565092742
v -0.114906333 0.083724961 -0.239425629
vt 0.218505859 0.672851562
vn 0.134489179 0.672446489 -0.727824509
v -0.148147613 0.088104233 -0.234161347
vt 0.209472656 0.689941406
vn 0.039445866 0.875700533 -0.481240869
v -0.164917007 0.088256821 -0.216918916
vt 0.202880859 0.698486328
vn -0.685443282 0.590899348 -0.425447494
v -0.150253311 0.089614853 -0.220108002
vt 0.203857422 0.690673828
vn -0.086280614 0.643181741 -0.760836959
v -0.170547500 0.095703095 -0.215988114
vt 0.197998047 0.696289062
vn -0.732965529 0.307372540 -0.606863737
v -0.142623916 0.095016465 -0.212722749
vt 0.201416016 0.683593750
vn 0.110686533 0.877586901 -0.466465116
v -0.160675064 0.103729233 -0.216033921
vt 0.197265625 0.691162109
vn 0.086581878 0.850077629 -0.519491911
v -0.165893570 0.104095444 -0.200027451
vt 0.191650391 0.693603516
vn -0.498152196 0.846068025 0.189772293
v -0.157440200 0.100402817 -0.191085801
vt 0.186767578 0.691894531
vn -0.377859175 0.921031535 -0.094464764
vt 0.182861328 0.686767578
v -0.148818985 0.102294907 -0.199829087
vt 0.192871094 0.684326172
vn 0.086568505 0.983733773 -0.157397464
v -0.133499160 0.103469834 -0.194854721
vt 0.193359375 0.676757812
vn -0.023597995 0.967514753 -0.251711190
v -0.124488853 0.097000107 -0.209426865
vt 0.201416016 0.675048828
vn 0.007872707 0.928989947 -0.370021462
v -0.106353782 0.096984848 -0.216445908
vt 0.203613281 0.666503906
vn 0.070773967 0.920062780 -0.385325462
v -0.106277488 0.090286240 -0.222183198
vt 0.207763672 0.667724609
vn 0.157543719 0.819227874 -0.551403403
v -0.119125389 0.090515122 -0.227188081
vt 0.208984375 0.674072266
vn 0.110219024 0.810897887 -0.574714184
v -0.129959121 0.092330918 -0.225128144
vt 0.208251953 0.678710938
vn -0.133775458 0.834128678 -0.535101473
v -0.111076377 0.081268296 -0.233200043
vt 0.211914062 0.671142578
vn 0.188184515 0.721374512 -0.666487336
vt 0.520263672 0.831054688
vt 0.508544922 0.833251953
v -0.211715668 0.135803223 0.217788726
vt 0.510009766 0.826660156
vn -0.149569184 0.787206471 0.598276854
v -0.183929414 0.151885986 0.207107574
vt 0.525146484 0.814941406
vn -0.039445944 0.875700533 0.481240809
vt 0.550781250 0.825927734
v -0.196990937 0.149002075 0.213317901
vt 0.520263672 0.818359375
vn -0.015755735 0.275727361 0.961106777
v -0.196472138 0.138488770 0.210754424
vt 0.514404297 0.813232422
vn -0.055205382 0.591487169 0.804422379
v -0.178222626 0.136459351 0.221588165
vt 0.504150391 0.806640625
vn -0.007864949 0.770769954 0.637064934
v -0.193374604 0.131347656 0.231109649
vt 0.498779297 0.815673828
vn -0.117608085 0.478273302 0.870300531
v -0.185607880 0.119125366 0.234603912
vt 0.490722656 0.812500000
vn 0.384766787 -0.345504731 0.855909467
v -0.205505341 0.124252319 0.230514556
vt 0.499023438 0.823730469
vn -0.533978283 -0.094231471 0.840230823
v -0.195098847 0.109420776 0.225906402
vt 0.488769531 0.822998047
vn -0.244793504 -0.205310747 0.947588325
v -0.199172944 0.097686768 0.222213775
vt 0.483886719 0.829833984
vn -0.196406320 -0.542081714 0.817050815
vt 0.464355469 0.812255859
vt 0.466796875 0.836914062
vt 0.492431641 0.846435547
vt 0.469482422 0.840332031
vt 0.473144531 0.853027344
v -0.175674424 0.000366211 -0.022582974
vt 0.007812500 0.779296875
vt 0.030761719 0.747558594
vt 0.037353516 0.782958984
vt 0.747070312 0.886718750
vt 0.761962891 0.889648438
v -0.209320024 0.060150146 0.252929717
vt 0.752441406 0.898681641
vn -0.967664421 0.251750052 -0.015734265
vt 0.735839844 0.892089844
v -0.189773515 0.077545166 0.247970626
vt 0.748046875 0.915283203
vn -0.661663592 0.638032675 -0.393847317
vt 0.733398438 0.907470703
v -0.177185014 0.072937012 0.223907515
vt 0.733642578 0.920166016
vn -0.651446462 0.690690219 -0.313950032
vt 0.725830078 0.921630859
v -0.170867875 0.088714600 0.236877486
vt 0.745605469 0.928222656
vn -0.291981995 0.946968555 0.134153873
v -0.170120209 0.075744644 0.217788726
vt 0.732421875 0.926025391
vn -0.716624379 0.692999303 -0.078749858
v -0.159469575 0.089553848 0.203201324
vt 0.726318359 0.936279297
vn -0.346843988 0.780399024 0.520265996
v -0.167312592 0.086517349 0.223327667
vt 0.738281250 0.932128906
vn -0.313834131 0.949348211 -0.015691705
v -0.154632524 0.084869400 0.240615875
vt 0.751708984 0.936279297
vn 0.573436022 0.793384135 0.204237387
v -0.163055375 0.077285782 0.252044708
vt 0.759765625 0.931152344
vn 0.117760353 0.816471457 0.565249383
v -0.201950029 0.070190430 0.267181426
vt 0.758544922 0.906005859
vn -0.291004986 0.857285023 0.424710006
v -0.196777299 0.063949585 0.272064239
vt 0.764160156 0.904296875
vn -0.582550704 -0.125956923 0.802975416
v -0.188201860 0.070800781 0.264282256
vt 0.761474609 0.913330078
vn 0.070741318 0.652391613 0.754573405
v -0.176254228 0.063446045 0.272277862
vt 0.772460938 0.915039062
vn -0.039394472 0.787890315 0.614554405
v -0.185455278 0.060241699 0.265594512
vt 0.768066406 0.909912109
vn 0.000000092 0.496988326 0.867757320
v -0.193084672 0.054687500 0.273590118
vt 0.771728516 0.901611328
vn -0.708310127 0.267583817 0.653219461
v -0.149490312 0.066619888 0.263519317
vt 0.771484375 0.933837891
vn 0.157499909 0.740249336 0.653624356
v -0.156906083 0.053237930 0.282318145
vt 0.782958984 0.922851562
vn 0.509902060 0.353009135 0.784464538
v -0.139892533 0.055084243 0.266998321
vt 0.780273438 0.937255859
vn 0.568694949 0.165869385 0.805651009
vt 0.792968750 0.936523438
vt 0.796142578 0.921630859
v -0.175506547 0.045227051 0.296844512
vt 0.788085938 0.906982422
vn -0.141207859 0.329485267 0.933541596
vt 0.796142578 0.905761719
vt 0.789306641 0.901855469
vt 0.784667969 0.889648438
v -0.187255815 0.041458130 0.277191192
vt 0.777343750 0.895751953
vn -0.832070231 -0.251191020 0.494532466
v -0.188659623 0.035186768 0.270690948
vt 0.774902344 0.890625000
vn -0.814974427 -0.474742472 0.332319826
vt 0.770507812 0.883300781
v -0.185485795 0.028717041 0.263763458
vt 0.776123047 0.886230469
vn -0.756374598 -0.653948963 -0.015757678
vt 0.782226562 0.884033203
v -0.185485795 0.028152466 0.262481719
vt 0.775634766 0.885742188
vn -0.615089178 -0.678175271 0.402173817
vt 0.694824219 0.991943359
vt 0.661376953 0.991943359
vt 0.664550781 0.947753906
vt 0.120605469 0.219482422
vt 0.121337891 0.226318359
vt 0.116210938 0.225097656
vt 0.125488281 0.228515625
vt 0.130859375 0.225097656
v -0.181243867 0.130325302 0.126129180
vt 0.123291016 0.214599609
vn -0.534357548 0.243604064 -0.809394240
vt 0.119873047 0.216308594
v -0.162002549 0.136886597 0.112892181
vt 0.131347656 0.216552734
vn -0.614382923 0.417465180 -0.669519603
vt 0.129150391 0.200683594
vt 0.121093750 0.208740234
v -0.133331284 0.162384033 0.103103660
vt 0.135498047 0.230957031
vn -0.543560028 0.409639299 -0.732624233
v -0.148437485 0.187705994 0.139190689
vt 0.136230469 0.192382812
vn -0.612523556 0.596817732 -0.518288970
v -0.128067002 0.140777588 0.097244285
vt 0.133789062 0.233154297
vn -0.488113403 0.810897887 -0.322784573
vt 0.130615234 0.231689453
v -0.110397324 0.155540466 0.086929344
vt 0.137939453 0.241699219
vn -0.487584919 0.015728481 -0.872933984
v -0.101867661 0.149223328 0.085075401
vt 0.136230469 0.243408203
vn -0.321630478 0.941357434 0.101980381
v -0.111572251 0.160537720 0.088356040
vt 0.138916016 0.244873047
vn -0.565685511 0.424264014 -0.707106769
v -0.157485932 0.181526184 0.149124160
vt 0.130126953 0.191406250
vn -0.164757833 0.917936563 0.360898137
v -0.108970620 0.199081421 0.123977676
vt 0.151611328 0.181396484
vn -0.117785715 0.918728590 0.376914293
v -0.170135468 0.177543640 0.154830948
vt 0.123535156 0.192626953
vn -0.236985788 0.955842614 0.173789546
vt 0.113037109 0.193359375
v -0.114837624 0.177734375 0.162765518
vt 0.136474609 0.172607422
vn -0.047318947 0.875400960 0.481076181
v -0.098838784 0.193664551 0.135665908
vt 0.150390625 0.171630859
vn -0.055009063 0.880145371 0.471506417
v -0.076339699 0.175559998 0.167556778
vt 0.144042969 0.157714844
vn 0.157774106 0.709983289 0.686317027
vt 0.101562500 0.175781250
v -0.092674226 0.164390564 0.187133804
vt 0.133789062 0.157714844
vn 0.560167670 0.536498547 0.631174743
v -0.157836884 0.173645020 0.164825454
vt 0.123779297 0.186523438
vn -0.055029459 0.896194339 0.440235764
v -0.145736665 0.167648315 0.177810684
vt 0.122802734 0.177734375
vn -0.039334711 0.888964951 0.456282884
v -0.142120332 0.160606384 0.191192642
vt 0.119140625 0.171630859
vn -0.023679351 0.876136899 0.481480598
v -0.159500092 0.150436401 0.209472671
vt 0.108398438 0.167968750
vn -0.054912474 0.776619971 0.627571642
v -0.107734650 0.159729004 0.194778457
vt 0.126953125 0.159423828
vn -0.023589138 0.872799039 0.487509370
v -0.113861054 0.152954102 0.206542984
vt 0.122558594 0.156250000
vn 0.533124447 -0.297922373 0.791846395
v -0.137466401 0.148139954 0.213653579
vt 0.111083984 0.160156250
vn 0.015728611 0.637005925 0.770698428
v -0.193145767 0.130111679 -0.155563325
vt 0.614990234 0.170166016
vn -0.369107544 0.612561166 -0.698948085
vt 0.616210938 0.179931641
vt 0.612792969 0.175781250
vt 0.626220703 0.170166016
vt 0.622070312 0.164306641
v -0.196228042 0.133483872 -0.147964448
vt 0.608886719 0.175048828
vn -0.134250179 0.086867630 -0.987132728
v -0.197280899 0.135513291 -0.138824433
vt 0.610839844 0.176757812
vn -0.157985702 -0.007899328 -0.987409830
vt 0.611572266 0.187988281
v -0.173675552 0.134201035 -0.147918671
vt 0.603027344 0.162597656
vn 0.055141911 0.559297800 -0.827130735
v -0.167907730 0.133193955 -0.171188340
vt 0.610839844 0.156738281
vn -0.133717507 0.731512845 -0.668587029
vt 0.617675781 0.150878906
v -0.150238052 0.125625610 -0.170318589
vt 0.606933594 0.149414062
vn 0.606675386 0.614554405 -0.504249811
v -0.150604263 0.123413086 -0.158843979
vt 0.601806641 0.146728516
vn 0.463733792 0.825289130 -0.322255850
v -0.134277359 0.123138428 -0.147796616
vt 0.593750000 0.141357422
vn 0.062943235 0.243905514 -0.967754304
v -0.156555191 0.114608765 -0.168594345
vt 0.610595703 0.145751953
vn 0.393456846 0.535101414 -0.747568250
vt 0.617675781 0.142089844
v -0.140869156 0.117156982 -0.161453232
vt 0.602294922 0.140380859
vn 0.244117081 0.803224266 -0.543357730
v -0.118064895 0.116622925 -0.151794419
vt 0.590820312 0.131347656
vn 0.291293323 0.606205225 -0.740042865
v -0.130950943 0.104507431 -0.179901108
vt 0.609619141 0.130615234
vn 0.142213553 0.948090971 -0.284427315
vt 0.621582031 0.133789062
vt 0.617431641 0.126464844
v -0.126525894 0.108978271 -0.161315903
vt 0.599121094 0.132080078
vn 0.267352015 0.857099473 -0.440344721
v -0.117134109 0.103073105 -0.179183945
vt 0.605957031 0.124267578
vn -0.023556467 0.997221589 -0.070669286
v -0.104507461 0.106796265 -0.155807480
vt 0.591308594 0.122558594
vn 0.259810209 0.881780446 -0.393652022
v -0.103927627 0.122238159 -0.139465317
vt 0.582519531 0.130371094
vn 0.386570364 -0.165673092 -0.907257318
v -0.117424026 0.106658921 -0.188430771
vt 0.610351562 0.121337891
vn -0.031395081 0.973245323 -0.227613866
vt 0.621337891 0.117187500
v -0.103759781 0.106338501 -0.168029770
vt 0.597167969 0.120117188
v -0.102600120 0.097854599 -0.203491196
vt 0.613037109 0.106933594
vn 0.221124515 0.908190370 -0.355378896
vt 0.620605469 0.106445312
vt 0.622314453 0.101806641
v -0.078941368 0.085174546 -0.222534150
vt 0.614746094 0.088867188
vn 0.125731051 0.809394300 -0.573648512
v -0.097175613 0.105819687 -0.188339218
vt 0.605224609 0.113281250
vn 0.141260058 0.965277612 -0.219738051
v -0.090736404 0.108963013 -0.167190537
vt 0.594238281 0.113769531
vn 0.251711130 0.967514753 0.023597844
v -0.096633933 0.103912339 -0.198196396
vt 0.607666016 0.109619141
vn 0.810621679 0.346285015 -0.472206980
v -0.082046524 0.100723267 -0.166213974
vt 0.590576172 0.107177734
vn 0.330708593 0.929133832 -0.165354416
v -0.077453636 0.090560898 -0.209426850
vt 0.608398438 0.093017578
vn -0.007846660 0.949435830 -0.313863099
v -0.059513114 0.078201279 -0.231277436
vt 0.614257812 0.075683594
vn 0.110662319 0.632356703 -0.766732633
v -0.064392112 0.067535385 -0.236129731
vt 0.620849609 0.073974609
vn 0.126074061 0.717046857 -0.685528398
v -0.048717521 0.064224228 -0.236297593
vt 0.615478516 0.066162109
vn 0.348002791 0.925371170 -0.150274038
v -0.064544700 0.101669297 -0.214797959
vt 0.603515625 0.085205078
vn -0.078650102 0.825824916 -0.558414996
v -0.043460865 0.077758774 -0.217529282
vt 0.603759766 0.069580078
vn 0.417932123 0.733352721 -0.536215007
v -0.068664566 0.091567978 -0.192489594
vt 0.596679688 0.094238281
vn -0.236889735 0.971247733 0.023688957
v -0.059387226 0.105392441 -0.203643784
vt 0.597412109 0.085449219
vn 0.431894273 0.895199120 -0.109936833
v -0.054496784 0.093948349 -0.189407334
vt 0.588867188 0.086425781
vn -0.015744675 0.991910815 -0.125956967
v -0.035953540 0.086639389 -0.195709214
vt 0.589843750 0.074462891
vn 0.298869908 0.873014987 -0.385385066
v -0.036994956 0.070022568 -0.233230576
vt 0.609863281 0.062011719
vn 0.094347797 0.723333955 -0.684022367
v -0.027545951 0.055557236 -0.238494858
vt 0.614013672 0.053466797
vn 0.268408000 0.939428151 -0.213147655
v -0.023725532 0.061721787 -0.234359726
vt 0.609619141 0.053466797
vn 0.062984221 0.866034448 -0.496001571
v -0.026323343 0.056716904 -0.248992905
vt 0.615722656 0.048339844
vn -0.007869917 0.999473393 -0.031479523
v -0.027204534 0.070190415 -0.226104721
vt 0.604492188 0.058837891
vn 0.181231543 0.819482148 -0.543694973
v -0.024078390 0.078552231 -0.213287339
vt 0.596435547 0.062988281
vn 0.094025776 0.877574801 -0.470129430
v -0.014883063 0.068756089 -0.225692734
vt 0.601318359 0.053710938
vn 0.157091096 0.761892378 -0.628364921
v -0.021120096 0.054962143 -0.260375977
vt 0.616455078 0.039794922
vn 0.306091875 0.918275774 -0.251152426
v -0.007380028 0.078231797 -0.209686264
vt 0.591308594 0.056396484
vn -0.574233949 -0.031464931 -0.818086445
v -0.006100199 0.061737046 -0.229263291
vt 0.602294922 0.047363281
vn 0.070883632 0.929364324 -0.362294614
v 0.014924981 0.058258042 -0.239212021
vt 0.606201172 0.035400391
vn 0.363196850 0.892201126 -0.268449962
v 0.005929921 0.053268418 -0.266326904
vt 0.618652344 0.029052734
vn 0.181479558 0.607562423 -0.773261309
v -0.022251153 0.045745835 -0.255981445
vt 0.621582031 0.037109375
vn 0.062914029 0.212335274 -0.975169599
v -0.006606127 0.044708237 -0.261718750
vt 0.620361328 0.029296875
vn -0.157641739 0.945850074 -0.283755004
v 0.005525564 0.041610703 -0.264373779
vt 0.621582031 0.024414062
vn 0.721840620 0.580611050 -0.376612663
v 0.017995808 0.042938218 -0.277862549
vt 0.626953125 0.015869141
vn 0.369689256 0.904558897 -0.212374792
v -0.004561922 0.065155014 -0.224121079
vt 0.597167969 0.049560547
vn 0.173594579 0.820629418 -0.544456065
v 0.000912585 0.066406235 -0.231063828
vt 0.600097656 0.045898438
vn 0.055141937 0.827130735 -0.559297919
v 0.011527995 0.062210068 -0.226928696
vt 0.599853516 0.040283203
vn 0.457047164 0.772252262 -0.441287100
v -0.004612943 0.074264511 -0.216903672
vt 0.593994141 0.051757812
vn 0.156892806 0.713862717 -0.682484210
v 0.015377979 0.065765366 -0.218597397
vt 0.593261719 0.042968750
vn 0.228084877 0.668524921 -0.707850099
v 0.022752743 0.076995835 -0.207809433
vt 0.588623047 0.043701172
vn 0.125661224 0.392691702 -0.911044836
v 0.012681941 0.079360947 -0.220947251
vt 0.588134766 0.044921875
vn 0.023528142 -0.941125870 -0.337236702
v -0.006342910 0.081283554 -0.228363022
vt 0.583496094 0.049072266
vn -0.361343324 -0.463462055 -0.809094608
v 0.013713814 0.085647568 -0.227859482
vt 0.585937500 0.042236328
vn 0.031503756 -0.212651208 -0.976620197
v 0.008441903 0.102066025 -0.228240967
vt 0.572998047 0.038574219
vn -0.047155146 0.180760831 -0.982396007
v -0.008177780 0.105300888 -0.227203369
vt 0.574707031 0.048095703
vn -0.480002731 0.354100227 -0.802627206
v -0.005718253 0.109054551 -0.216354370
vt 0.571044922 0.050292969
vn -0.487223387 0.840853155 -0.235753193
v 0.011707284 0.110031113 -0.225677490
vt 0.565673828 0.042236328
vn -0.000000046 0.999876022 -0.015746122
v -0.018655797 0.093811020 -0.215530381
vt 0.579345703 0.055664062
vn -0.982032180 0.007856206 -0.188550040
v -0.016428011 0.109100327 -0.179382324
vt 0.570312500 0.069091797
vn -0.071162485 0.751158357 -0.656275213
v 0.020442948 0.109069824 -0.161499023
vt 0.552978516 0.060546875
vn 0.165492862 0.985076845 -0.047283754
v 0.014448150 0.123046875 -0.167602539
vt 0.551025391 0.064941406
vn 0.408828139 0.353793710 -0.841242850
v -0.014409083 0.128646836 -0.181076050
vt 0.560546875 0.073486328
vn 0.322574675 0.841841519 -0.432722330
v -0.017702118 0.092269883 -0.178680405
vt 0.579101562 0.070556641
vn -0.708507836 0.440849185 -0.551061392
v -0.035282154 0.132873520 -0.189056396
vt 0.561035156 0.080078125
vn -0.363787144 0.371695369 -0.854108632
v -0.037231464 0.097228989 -0.184890747
vt 0.579833984 0.079833984
vn 0.039231542 0.258929044 -0.965099335
v -0.023050325 0.100234970 -0.180755615
vt 0.575927734 0.072753906
vn 0.291836470 -0.063099831 -0.954384565
v -0.045764938 0.105712876 -0.175186157
vt 0.577148438 0.087402344
vn -0.844143808 0.291900128 -0.449683934
v -0.052238479 0.140548706 -0.151412964
vt 0.558593750 0.097900391
vn -0.623712420 0.560551524 -0.544761300
v -0.061172500 0.095397949 -0.168243378
vt 0.583984375 0.096923828
vn -0.078995310 0.995340228 -0.055296715
v -0.055068985 0.095901489 -0.156829834
vt 0.578613281 0.099609375
vn -0.739515960 0.479898572 -0.472031385
v -0.078155532 0.100463867 -0.152267441
vt 0.583984375 0.110351562
vn 0.252352059 0.914776504 -0.315440208
v -0.072349556 0.107925415 -0.132217392
vt 0.573730469 0.114746094
vn 0.007856141 0.777769506 -0.628500640
v -0.066749580 0.117980957 -0.130416855
vt 0.567626953 0.115234375
vn -0.478111744 -0.203785345 -0.854330599
v -0.064552322 0.147842407 -0.135009751
vt 0.553955078 0.108886719
vn 0.575481415 0.244382560 -0.780447602
v -0.081726082 0.114486694 -0.134017929
vt 0.575683594 0.119873047
vn 0.362699717 0.630782247 -0.685975790
vt 0.441406250 0.582031250
vt 0.437500000 0.586181641
vt 0.443115234 0.571777344
vt 0.422363281 0.587890625
vt 0.431884766 0.569335938
vt 0.410888672 0.559082031
v -0.104248062 0.123367310 -0.147872910
vt 0.396728516 0.561035156
vn 0.015738146 -0.031476598 -0.999380589
vt 0.401855469 0.556152344
vt 0.394775391 0.556152344
v -0.082099929 0.123977661 -0.146484360
vt 0.386718750 0.561523438
vn 0.165926233 -0.782223940 -0.600495100
vt 0.378173828 0.556884766
v -0.068229690 0.164886475 -0.147460923
vt 0.377929688 0.580322266
vn 0.094808966 -0.000000039 -0.995495498
v -0.066329971 0.136505127 -0.147598252
vt 0.379150391 0.566650391
vn 0.488249451 -0.157499880 -0.858374298
vt 0.370605469 0.564208984
vt 0.390625000 0.605957031
v -0.065711990 0.167297363 -0.134140000
vt 0.371093750 0.579345703
vn 0.755320370 0.055075452 -0.653037548
v -0.051322948 0.147781372 -0.129959106
vt 0.364257812 0.569335938
vn -0.181621224 0.489587247 -0.852829456
v -0.067413345 0.188781738 -0.147613510
vt 0.376220703 0.592773438
vn 0.685677230 0.401948810 -0.606864035
vt 0.358642578 0.558593750
v -0.065803543 0.198181152 -0.129501328
vt 0.368408203 0.598388672
vn 0.536214828 0.417932272 -0.733352840
v -0.082427993 0.197349548 -0.135848984
vt 0.377929688 0.601806641
vn 0.503453314 0.723714292 -0.471987695
v -0.053073898 0.177780151 -0.130050659
vt 0.363525391 0.584472656
vn 0.031541917 0.165595740 -0.985689282
v -0.062721267 0.209182739 -0.120086662
vt 0.365234375 0.605468750
vn 0.779672563 -0.070879318 -0.622163117
v -0.095275894 0.208553299 -0.140991196
vt 0.385009766 0.607910156
vn -0.102473579 -0.055178065 -0.993204236
v -0.050148025 0.191848755 -0.125778198
vt 0.361572266 0.593505859
vn 0.015716743 0.392922014 -0.919437528
v -0.044998184 0.161598206 -0.135635376
vt 0.358398438 0.575439453
vn -0.387064785 0.102690570 -0.916316271
v -0.035148636 0.172264099 -0.135833740
vt 0.352294922 0.581054688
vn -0.204187214 0.337693989 -0.918841839
v -0.037254348 0.173233032 -0.131988525
vt 0.354248047 0.583251953
vn -0.495786577 0.212479874 -0.842049956
v -0.056274425 0.217185974 -0.106506340
vt 0.357421875 0.613037109
vn -0.203986034 0.164757773 -0.965010226
v -0.029672636 0.150558472 -0.142929077
vt 0.351562500 0.565429688
vn 0.047185484 0.369620681 -0.927983880
v -0.044635788 0.148468018 -0.149200439
vt 0.357177734 0.562500000
vn -0.290753394 0.911550879 -0.290753305
vt 0.349121094 0.537353516
vt 0.359863281 0.538818359
v -0.022670759 0.135696411 -0.149658203
vt 0.346679688 0.552978516
vn 0.284232110 0.907963991 -0.307918280
vt 0.333984375 0.541015625
v -0.022022262 0.171409607 -0.139465332
vt 0.345703125 0.577636719
vn 0.094234258 0.109940082 -0.989461064
v 0.000311392 0.131866455 -0.142517090
vt 0.332519531 0.550292969
vn -0.376473576 0.815692544 -0.439219058
v -0.024526607 0.146278381 -0.129730225
vt 0.344726562 0.562011719
vn 0.820093274 0.118282720 -0.559871554
v -0.018327726 0.151649475 -0.140335083
vt 0.346679688 0.567382812
vn 0.725760520 -0.307659388 -0.615318894
v -0.006886492 0.143035889 -0.117179863
vt 0.336425781 0.560791016
vn 0.150156468 0.561111391 -0.814006805
v -0.013905537 0.161529541 -0.129959106
vt 0.341308594 0.570068359
vn -0.157734841 -0.678259611 -0.717693269
v 0.000078340 0.148353577 -0.120155327
vt 0.332031250 0.559570312
vn -0.709189355 -0.330955058 -0.622510493
v -0.008139623 0.149513245 -0.135772705
vt 0.333496094 0.566406250
vn -0.879710793 -0.439855427 -0.180654764
v 0.016044602 0.150306702 -0.147140503
vt 0.317626953 0.559082031
vn -0.125707984 0.864241660 -0.487118006
v 0.007188783 0.138259888 -0.147918701
vt 0.325927734 0.552490234
vn -0.746690214 0.542332768 -0.385134876
v 0.018362029 0.133056626 -0.175888062
vt 0.319091797 0.541259766
vn -0.455944538 0.290861040 -0.841138780
v -0.003232255 0.146995544 -0.146499634
vt 0.327880859 0.566894531
vn -0.070916817 -0.464898556 -0.882519305
v 0.016710266 0.158645630 -0.146896362
vt 0.315917969 0.563476562
vn 0.654741824 0.236653715 -0.717849672
v -0.016057983 0.173362732 -0.147445679
vt 0.335693359 0.576904297
vn -0.577639520 -0.166170284 -0.799199641
v -0.019157425 0.181228638 -0.142654419
vt 0.340087891 0.581054688
vn -0.260513783 -0.481555670 -0.836801589
v 0.001859053 0.187980652 -0.144927979
vt 0.324462891 0.581054688
vn 0.440685302 0.031477507 -0.897109687
v 0.010397897 0.175819397 -0.137908936
vt 0.318359375 0.575195312
vn 0.891978621 0.189446837 -0.410468161
v -0.034282699 0.172813416 -0.135833740
vt 0.351562500 0.581054688
vn -0.267617136 -0.283359230 -0.920917332
v 0.017410265 0.184371948 -0.133514404
vt 0.316162109 0.579589844
vn -0.180738658 -0.251462340 -0.950841904
v -0.034500137 0.172897339 -0.135803223
vt 0.351562500 0.581298828
vn -0.000000133 0.055034529 -0.998484433
vn -0.702597678 0.457872480 -0.544710338
v -0.034282699 0.173683167 -0.135742188
vt 0.351562500 0.581787109
vn -0.772732317 -0.283860892 -0.567721546
v -0.035499588 0.184127808 -0.139907837
vt 0.348632812 0.586669922
vn -0.819100916 -0.409550488 -0.401674300
v -0.034927383 0.201675415 -0.129959106
vt 0.353027344 0.595947266
vn -0.859414101 -0.173459783 -0.480956376
v -0.023052232 0.186264038 -0.151535034
vt 0.339111328 0.585937500
vn -0.133841768 -0.299175531 -0.944764793
v -0.041889206 0.203018188 -0.146484375
vt 0.342773438 0.597167969
vn -0.575088620 -0.220581934 -0.787792325
v -0.044734970 0.201438904 -0.124023430
vt 0.355957031 0.599365234
vn -0.888827503 -0.291032076 -0.353957742
v -0.048755664 0.227546677 -0.145095825
vt 0.338378906 0.607666016
vn -0.651667297 0.683072865 -0.329759240
v -0.003436106 0.208183289 -0.155059814
vt 0.326171875 0.590576172
vn 0.291836470 0.347048879 -0.891284764
v -0.027557390 0.208274841 -0.146560669
vt 0.333984375 0.596923828
vn 0.047321774 0.268157452 -0.962212205
v -0.027256029 0.232978821 -0.143188477
vt 0.329589844 0.606689453
vn -0.039338518 0.605811119 -0.794635415
v -0.003247278 0.235950470 -0.139526367
vt 0.320800781 0.604980469
vn 0.536565244 0.402424037 -0.741722763
v 0.001269921 0.214740753 -0.132675171
vt 0.314208984 0.597167969
vn 0.834852695 0.456806242 -0.307162941
v -0.009530081 0.240673065 -0.115989685
vt 0.317382812 0.617187500
v -0.028368007 0.238664627 -0.096374512
vt 0.330322266 0.629394531
vn -0.252776980 0.955812752 -0.150086313
v 0.003378853 0.204475403 -0.132507324
vt 0.316406250 0.588134766
vn 0.677060306 0.417258233 -0.606205404
v 0.013848291 0.197570801 -0.130752563
vt 0.313232422 0.585937500
vn -0.205253258 0.955216825 -0.213147566
v 0.011563284 0.194282532 -0.151245117
vt 0.305908203 0.580810547
vn -0.729754269 -0.109855533 -0.674826324
v 0.015358913 0.207244873 -0.113357544
vt 0.305419922 0.593750000
vn 0.582298160 0.731807232 -0.354100376
v -0.004703056 0.239425659 -0.095283508
vt 0.311279297 0.631835938
vn 0.662403643 0.449488282 -0.599317789
v -0.004602444 0.220733643 -0.105278015
vt 0.310058594 0.611572266
vn 0.755460680 0.598073125 -0.267559111
v 0.018550862 0.213466644 -0.098945618
vt 0.301757812 0.607177734
vn 0.252839893 0.497778773 -0.829631448
v 0.005655278 0.228454590 -0.089462280
vt 0.307128906 0.625244141
vn 0.102027364 0.557227015 -0.824068308
v 0.008639324 0.241012573 -0.096244812
vt 0.302490234 0.628662109
vn -0.686317265 0.299770653 -0.662650883
v 0.017511357 0.241712570 -0.095802307
vt 0.298339844 0.626220703
vn 0.738602102 0.628597617 -0.243581712
v -0.058174144 0.231109619 -0.095169060
vt 0.352539062 0.623046875
vn 0.559193790 0.803348899 -0.204775319
v -0.043083202 0.225872040 -0.091407768
vt 0.342773438 0.628662109
vn -0.769960761 0.502831459 -0.392837048
v -0.056518566 0.215282440 -0.092941277
vt 0.348876953 0.629882812
vn 0.738328695 0.604801238 0.298473179
v -0.054340370 0.217975616 -0.078201286
vt 0.351074219 0.636962891
vn 0.079027183 0.047416352 -0.995744228
v -0.055587780 0.241205215 -0.091629021
vt 0.355224609 0.626708984
vn 0.647377312 0.173686638 -0.742115676
v -0.069984451 0.229972824 -0.144638047
vt 0.374023438 0.621582031
vn 0.717046738 0.070916712 -0.693408072
v -0.062576309 0.258204460 -0.113685600
vt 0.362792969 0.636962891
vn 0.954503357 0.236653775 -0.181434661
v -0.068466201 0.258662224 -0.137893662
vt 0.374267578 0.635009766
vn 0.566770911 0.590386569 -0.574642956
v -0.092193618 0.259899616 -0.141586289
vt 0.386474609 0.633544922
vn -0.110171489 0.188865140 -0.975803435
v -0.070060745 0.208702073 -0.145217881
vt 0.374755859 0.612304688
vn 0.432722151 -0.621546447 -0.653017223
v -0.118087783 0.255098343 -0.135375962
vt 0.397949219 0.629394531
vn -0.229222283 0.047425222 -0.972218096
v -0.121917740 0.213897690 -0.134750351
vt 0.396972656 0.612792969
vn -0.149227574 0.494806767 -0.856094301
vt 0.398925781 0.615234375
vt 0.404541016 0.611816406
v -0.153289810 0.286188126 -0.148468003
vt 0.007568359 0.440429688
vn 0.063203961 0.071104556 -0.995464504
vt 0.026367188 0.453613281
vt 0.007080078 0.490722656
vt 0.427246094 0.726318359
v -0.140914917 0.000366211 -0.133422822
vt 0.445556641 0.697021484
vt 0.465576172 0.728515625
vt 0.497802734 0.694580078
v -0.083747879 0.000488281 -0.177520722
vt 0.414306641 0.683349609
vt 0.388916016 0.729003906
v -0.174896255 0.309215546 -0.126571625
vt 0.929443359 0.780517578
vn 0.883232415 0.346984208 -0.315440297
vt 0.926757812 0.766113281
vt 0.933837891 0.771484375
v -0.160858169 0.310825348 -0.095458962
vt 0.919677734 0.800048828
vn 0.354759812 0.819889545 -0.449362636
v -0.156921402 0.308223724 -0.130493149
vt 0.909912109 0.775878906
vn -0.039393369 0.953317583 -0.299389005
v -0.156631485 0.311836243 -0.106689431
vt 0.912353516 0.792724609
vn -0.157592788 0.984954536 -0.070916742
vt 0.904052734 0.754394531
vt 0.935546875 0.715576172
v -0.119827285 0.313713074 -0.123741135
vt 0.887207031 0.794433594
vn -0.094723471 0.978808463 -0.181553215
v -0.146606460 0.308303833 -0.134048447
vt 0.901855469 0.778076172
vn -0.086716466 0.969646931 -0.228615969
v -0.151397720 0.304393768 -0.151702866
vt 0.898925781 0.766601562
vn -0.638072371 0.575052798 -0.512033224
v -0.148742691 0.285619736 -0.160675034
vt 0.892578125 0.756591797
vn -0.637143910 -0.188783422 -0.747267365
v -0.151641861 0.277782440 -0.130615219
vt 0.902099609 0.745117188
vn 0.314687580 -0.794586182 -0.519234538
v -0.141647354 0.273607731 -0.157501206
vt 0.883300781 0.750244141
vn 0.180738494 -0.691521466 -0.699379563
v -0.133850127 0.303703308 -0.158966050
vt 0.887207031 0.768310547
vn -0.015797202 0.718766987 -0.695071518
v -0.096542381 0.310745239 -0.150161728
vt 0.867431641 0.779541016
vn 0.348002732 0.435003549 -0.830461383
v -0.094734214 0.283206940 -0.145828232
vt 0.851318359 0.771240234
vn 0.722240984 -0.620185137 -0.306167424
v -0.099983238 0.313274384 -0.127883896
vt 0.872802734 0.799316406
vn 0.858214498 0.511779368 0.039367504
vt 0.080322266 0.281494141
vt 0.083007812 0.268310547
vt 0.085693359 0.276855469
vt 0.075927734 0.274658203
v -0.167114228 0.143768311 0.219619766
vt 0.078369141 0.270507812
vn 0.165292934 0.472265333 0.865819693
v -0.142364472 0.136520401 0.214706436
vt 0.077636719 0.261474609
vn 0.440849364 -0.330636859 0.834464610
vt 0.082519531 0.260742188
v -0.163452119 0.128158584 0.222274795
vt 0.072998047 0.268798828
vn 0.455017537 -0.219663531 0.862964034
vt 0.069580078 0.276855469
vt 0.086914062 0.251464844
vt 0.062255859 0.262695312
v -0.150924653 0.122711197 0.209854141
vt 0.071289062 0.262939453
vn 0.457274616 -0.536114872 0.709563851
v -0.152221650 0.121444717 0.209777847
vt 0.070556641 0.263183594
vn 0.481555760 -0.513132989 0.710491896
v -0.151489228 0.112045303 0.202514663
vt 0.066650391 0.260498047
vn 0.470867246 -0.517953753 0.714148462
v -0.145980805 0.104232803 0.193145767
vt 0.064453125 0.255859375
vn 0.526889920 -0.322425038 0.786402643
v -0.116111726 0.118911758 0.184219375
vt 0.072021484 0.245361328
vn 0.495510459 -0.503375530 0.707871854
v -0.088462800 0.134094253 0.174285904
vt 0.079589844 0.235839844
vn 0.511177719 -0.487584740 0.707784295
v -0.079147309 0.144493103 0.175292984
vt 0.084228516 0.233886719
vn 0.718498290 0.031582396 0.694811344
v -0.124168366 0.103622451 0.178482071
vt 0.065429688 0.245849609
vn 0.664889276 -0.340359867 0.664889097
v -0.089584321 0.121459961 0.167190567
vt 0.074707031 0.232421875
vn 0.517890155 -0.674826384 0.525736749
v -0.058563206 0.150024414 0.158950821
vt 0.086425781 0.224121094
vn 0.591984451 0.197328150 0.781419218
v -0.132156342 0.103012100 0.192733780
vt 0.062500000 0.251220703
vn 0.078713313 0.960302532 0.267625242
v -0.118591279 0.104995728 0.164230362
vt 0.064208984 0.242919922
vn 0.748356462 -0.181180954 0.638072133
v -0.148086518 0.103530899 0.204711929
vt 0.061035156 0.258056641
vn -0.055116352 0.748008430 0.661396801
v -0.135971040 0.092666641 0.213378936
vt 0.055419922 0.256103516
vn -0.007867889 0.849735498 0.527150631
v -0.146148652 0.088546768 0.214859039
vt 0.054199219 0.259521484
vn -0.307162791 0.834852815 0.456806242
vt 0.057617188 0.262451172
vt 0.050781250 0.268066406
v -0.097198457 0.115966797 0.154541031
vt 0.069335938 0.232421875
vn 0.441781163 -0.741561115 0.504892647
v -0.086143471 0.108001709 0.144363418
vt 0.067382812 0.226318359
vn 0.528181732 0.638547957 0.559714794
v -0.075973488 0.114974976 0.141860977
vt 0.071044922 0.223144531
vn 0.415459633 -0.713336110 0.564397752
v -0.082145669 0.104156494 0.136077896
vt 0.066894531 0.222900391
vn 0.698152065 0.384375840 0.604018986
v -0.067443825 0.103103638 0.125885025
vt 0.069580078 0.217285156
vn -0.768893540 0.156917050 0.619822502
v -0.057266209 0.127883911 0.142288223
vt 0.076660156 0.218505859
vn -0.291464984 -0.480523527 0.827130795
v -0.069801301 0.132232666 0.158676162
vt 0.079833984 0.225830078
vn 0.569050074 -0.474208266 0.671795011
v -0.052749608 0.140457153 0.149505615
vt 0.081787109 0.219482422
vn 0.110541679 0.694833159 0.710624695
v -0.042774178 0.139419556 0.141464233
vt 0.083740234 0.215332031
vn 0.536365151 0.000000060 0.843986154
v -0.149276704 0.000396729 0.125091583
vt 0.923095703 0.924316406
vt 0.945068359 0.876708984
vt 0.946289062 0.940917969
vt 0.015869141 0.089111328
vt 0.056152344 0.089111328
vt 0.036376953 0.110595703
vt 0.118652344 0.947265625
vt 0.106933594 0.958984375
vt 0.106689453 0.937500000
v -0.162887573 0.335151672 -0.013006192
vt 0.121582031 0.968017578
vn 0.999225974 0.023603808 0.031471554
vt 0.159423828 0.948730469
v -0.168548584 0.329177856 -0.019597987
vt 0.119140625 0.975341797
vn 0.189565063 0.142173752 0.971520305
vt 0.134521484 0.979492188
v -0.147308350 0.312717438 -0.016532881
vt 0.128662109 0.990234375
vn -0.039212290 0.588185608 0.807774782
vt 0.029296875 0.947509766
vt 0.035400391 0.936523438
vt 0.038330078 0.948974609
v -0.177719131 0.325309753 -0.108055092
vt 0.032958984 0.971679688
vn 0.918841898 0.039266773 -0.392667651
vt 0.013427734 0.945312500
v -0.166442886 0.339675903 -0.105033852
vt 0.041992188 0.963623047
vn 0.268157363 0.047321882 -0.962212265
v -0.140823379 0.315185547 -0.095535263
vt 0.056884766 0.979492188
vn 0.227831304 -0.243543983 -0.942750871
vt 0.043701172 0.984619141
vt 0.007080078 0.963378906
vt 0.025390625 0.986083984
vt 0.013916016 0.993164062
vt 0.703125000 0.929199219
vt 0.696777344 0.922119141
vt 0.718261719 0.902832031
v -0.125762954 0.346374512 -0.092475876
vt 0.706298828 0.879638672
vn 0.580753922 0.266832918 -0.769106805
vt 0.729492188 0.895996094
v -0.148254409 0.360527039 -0.089607224
vt 0.706542969 0.895996094
vn 0.260708690 0.963832378 -0.055301931
v -0.147949234 0.360191345 -0.045520768
vt 0.680908203 0.906250000
vn 0.385707200 0.920974374 0.055100940
v -0.138107315 0.350440979 -0.075386032
vt 0.695556641 0.888427734
vn 0.827361882 0.464898556 0.315185308
vt 0.661132812 0.926513672
v -0.129501358 0.330093384 -0.082679734
vt 0.694580078 0.872314453
vn 0.929681659 0.244238466 0.275752902
v -0.153976440 0.360618591 -0.016260130
vt 0.663574219 0.913085938
vn 0.314882666 0.480195999 0.818694651
vt 0.647460938 0.912597656
v -0.150650024 0.339958191 -0.015813811
vt 0.657470703 0.901367188
vn 0.719171107 0.229186445 0.655947089
vt 0.642333984 0.894042969
v -0.141754150 0.325664520 -0.013386711
vt 0.651123047 0.890869141
vn 0.895779252 0.062861755 0.440031767
v -0.144287124 0.354034424 -0.058593735
vt 0.686035156 0.896728516
vn 0.919295549 0.353575259 0.172858864
v -0.142425537 0.328285217 -0.028720839
vt 0.661376953 0.888183594
vn 0.903274477 0.392728060 0.172800213
v -0.137176529 0.324687958 -0.040821061
vt 0.667724609 0.880859375
vn 0.165802076 0.979021966 0.118430011
v -0.138717666 0.329414368 -0.054588303
vt 0.677978516 0.881347656
vn 0.899956524 0.371034712 0.228936166
v -0.127532974 0.320774078 -0.073631272
vt 0.686279297 0.868408203
vn 0.456353456 0.826157331 -0.330462992
v -0.140563980 0.340866089 -0.061088547
vt 0.685302734 0.887695312
vn 0.913499177 0.299249768 0.275624633
v -0.140548721 0.342163086 -0.062255844
vt 0.686279297 0.888183594
vn 0.931591928 0.205266058 0.300004035
vt 0.919189453 0.322509766
v -0.162582338 0.002502441 0.333129913
vt 0.925048828 0.326171875
vn -0.180738568 0.950841904 0.251462311
vt 0.911132812 0.321777344
vt 0.918457031 0.328369141
v -0.159713686 0.000274658 0.333892852
vt 0.928466797 0.321044922
vn -0.015744081 -0.999752104 0.015744172
vt 0.926513672 0.345703125
vt 0.916015625 0.337646484
v -0.142105043 0.005432129 0.324005157
vt 0.931640625 0.341796875
vn -0.361611068 0.746805489 0.558138847
v -0.149627626 0.004547119 0.333282501
vt 0.934814453 0.333496094
vn -0.078475483 0.996638060 -0.023542663
vt 0.961181641 0.306152344
v -0.167159975 0.001190186 0.338287383
vt 0.929199219 0.325927734
vn -0.669249833 0.716491044 0.196838245
v -0.152206361 0.000183135 0.353057891
vt 0.937500000 0.322998047
vn -0.220199481 -0.794291317 0.566227496
v -0.138183534 0.000762969 0.349090606
vt 0.948486328 0.318847656
vn 0.000000063 -0.988820970 0.149107978
v -0.151809633 0.006744415 0.346038848
vt 0.937744141 0.326416016
vn -0.133577004 0.958611369 0.251439035
v -0.143035829 0.005218536 0.342224151
vt 0.943359375 0.327148438
vn 0.039501291 0.995433450 0.086902864
v -0.132873476 0.000671417 0.358367950
vt 0.955078125 0.320556641
vn -0.015691621 -0.949348211 0.313834131
v -0.136688173 0.003875762 0.350708038
vt 0.950195312 0.322021484
vn -0.252776951 0.955812752 0.150086284
v -0.130874574 0.005065918 0.334014922
vt 0.948486328 0.332763672
vn 0.031456061 0.998731434 -0.039320182
v -0.120758004 0.005096436 0.324310333
vt 0.949951172 0.341796875
vn 0.275368720 0.841841519 0.464192897
v -0.113296457 0.004302979 0.329406738
vt 0.953857422 0.344970703
vn -0.518721104 0.848816454 0.102172375
v -0.109786928 0.002594024 0.348693848
vt 0.963378906 0.333251953
vn 0.173632503 0.970763624 0.165740058
v -0.124023385 0.022552505 0.322174102
vt 0.942382812 0.360595703
vn 0.535101414 0.763306439 0.361980289
v -0.116935670 0.007812530 0.345703155
vt 0.958496094 0.329589844
vn 0.275915712 0.953880250 0.118249536
v -0.121429384 0.000579864 0.348053008
vt 0.962158203 0.324462891
vn 0.062906459 -0.959322333 0.275215447
v -0.122680604 0.006591827 0.346344024
vt 0.955322266 0.327392578
vn -0.070682354 0.989552617 0.125657439
v -0.099090517 0.000640899 0.343719482
vt 0.972900391 0.316650391
vn 0.243943438 -0.645269334 0.723960757
v -0.126617372 0.007446319 0.351104766
vt 0.955078125 0.324707031
vn -0.063007742 0.913612485 0.401674420
v -0.123954713 0.002594024 0.350616485
vt 0.958496094 0.324707031
vn 0.734816492 0.094815083 0.671606243
v -0.124999940 0.004333526 0.351409942
vt 0.957031250 0.324707031
vn 0.643359959 0.313834161 0.698280811
v -0.124137819 0.003479034 0.350616485
vt 0.958007812 0.324707031
vn 0.724701643 0.126035124 0.677438319
v -0.116844125 0.013458252 0.301483184
vt 0.933593750 0.375000000
vn 0.502816021 0.848502040 0.164986402
vt 0.922851562 0.364990234
v -0.137222245 0.020751968 0.306610137
vt 0.927001953 0.357910156
vn -0.623712361 0.781614125 -0.007895045
vt 0.922607422 0.356689453
v -0.130309999 0.024368301 0.322601348
vt 0.936523438 0.356689453
vn -0.599187315 0.678027689 0.425738424
v -0.154220536 0.077636734 0.232986480
vt 0.976074219 0.592773438
vn 0.299147725 0.755741537 0.582550704
vt 0.980957031 0.598388672
vt 0.974609375 0.595947266
v -0.149902299 0.088043228 0.231903106
vt 0.979492188 0.591064453
vt 0.989013672 0.593750000
vt 0.985595703 0.588134766
vt 0.984863281 0.583984375
v -0.144103959 0.079666153 0.234252959
vt 0.976318359 0.589111328
vn 0.031503931 0.756093144 0.653705418
v -0.115821801 0.086029068 0.226257354
vt 0.978027344 0.577392578
vn 0.023614777 0.795029283 0.606111348
v -0.148376420 0.070480362 0.240478545
vt 0.970947266 0.592529297
vn 0.813321233 0.576431632 0.078963101
vt 0.971191406 0.599365234
v -0.126174882 0.077453628 0.238388091
vt 0.973632812 0.584228516
vn -0.244079277 0.480285227 0.842467546
v -0.146163896 0.079208389 0.246994048
vt 0.968017578 0.595458984
vn 0.290225089 0.941270590 0.172566190
vt 0.961425781 0.600097656
v -0.132125810 0.065887466 0.262176543
vt 0.960205078 0.593994141
vn 0.911917031 0.393067718 0.117920175
vt 0.956542969 0.594970703
vt 0.949707031 0.589355469
v -0.135955766 0.044281021 0.242202789
vt 0.961181641 0.584960938
vn 0.653340876 0.669084013 0.354220837
v -0.127960160 0.040924087 0.254150420
vt 0.955322266 0.584960938
vn 0.770698488 0.519041896 0.369620591
v -0.129241899 0.035217300 0.265930206
vt 0.949462891 0.585449219
vn 0.071137950 0.829942405 0.553294837
vt 0.946289062 0.585205078
v -0.117629960 0.039230362 0.254730254
vt 0.954589844 0.580566406
vn -0.400274009 0.879033148 0.259000868
v -0.120155290 0.027481094 0.272308379
vt 0.944824219 0.583007812
vn -0.786621571 0.440508127 0.432641953
v -0.139846757 0.060607925 0.238479644
vt 0.967529297 0.588134766
vn -0.173632398 0.165740162 0.970763624
v -0.124221757 0.055587783 0.247283965
vt 0.964843750 0.581054688
vn -0.298500806 0.086408190 0.950489819
v -0.110610917 0.053344741 0.245452911
vt 0.962158203 0.575683594
vn 0.125657603 0.070682377 0.989552617
v -0.120819055 0.070129409 0.246063262
vt 0.969482422 0.580078125
vn 0.117615521 0.360687315 0.925241232
v -0.117691003 0.085388198 0.234359771
vt 0.974853516 0.578857422
vn 0.204048783 0.737714589 0.643538177
v -0.110626183 0.072723404 0.238784820
vt 0.970458984 0.575439453
v -0.090751611 0.074401870 0.234863311
vt 0.969726562 0.565429688
vn 0.078708522 0.621796787 0.779213607
v -0.104591325 0.046173111 0.247695953
vt 0.958251953 0.573730469
vn -0.086654477 0.921688557 0.378128618
v -0.102699243 0.068344131 0.239440948
vt 0.968261719 0.572265625
vn 0.086654589 0.378128707 0.921688557
v -0.080596879 0.047149673 0.246246368
vt 0.959960938 0.564208984
vn -0.102600954 0.615606248 0.781346321
v -0.077667199 0.059555069 0.241653472
vt 0.963867188 0.560791016
vn -0.744417250 0.540681899 0.391798615
v -0.075904809 0.069595352 0.240966827
vt 0.968750000 0.561035156
vn 0.197242200 0.536498606 0.820527196
v -0.060848195 0.063339248 0.234878570
vt 0.968505859 0.555664062
vn 0.259520948 0.833612740 0.487584740
v -0.062034566 0.069732681 0.238861114
vt 0.967285156 0.554199219
vn -0.165103778 0.974898219 -0.149379596
v -0.118949845 0.045364395 0.272033721
vt 0.948730469 0.577392578
vn -0.450357318 0.892813563 -0.007900985
v -0.075683549 0.046920791 0.262847900
vt 0.954589844 0.560791016
v -0.087715104 0.046524063 0.282257080
vt 0.947021484 0.565917969
vn -0.000000037 0.998885930 0.047191415
v -0.071983293 0.064819351 0.268463135
vt 0.957519531 0.553222656
vn -0.839377165 0.509901941 0.188271582
v -0.059974626 0.071228042 0.285003662
vt 0.955566406 0.544677734
vn 0.023712605 0.995930731 0.086946294
v -0.112998918 0.045928970 0.288604736
vt 0.943359375 0.574462891
vn -0.503671587 0.432842821 0.747637630
v -0.063835099 0.056213394 0.294281006
vt 0.948974609 0.547119141
vn -0.707609236 0.400978595 0.581812203
v -0.084976152 0.043167129 0.294647217
vt 0.941406250 0.565429688
vn 0.654172301 0.417724520 0.630527437
v -0.067993112 0.041580215 0.295501709
vt 0.945556641 0.550537109
vn -0.834051192 0.031473614 0.550788641
v -0.050258588 0.067321792 0.292938232
vt 0.947998047 0.541992188
vn 0.266890556 0.376786560 0.887018263
v -0.035900071 0.061233535 0.279022217
vt 0.948486328 0.536376953
vn 0.386246085 0.922261059 0.015765056
v -0.036476087 0.055877700 0.288574219
vt 0.942626953 0.538330078
vn 0.307535172 0.157710344 0.938376129
v -0.057334851 0.040893570 0.293457031
vt 0.939453125 0.549072266
vn -0.039334636 0.456282943 0.888964951
v -0.026040984 0.037658706 0.285552979
vt 0.936767578 0.536376953
vn 0.502505958 0.714500606 0.486802518
v -0.062980600 0.031372085 0.294128418
vt 0.936035156 0.552734375
vn -0.818694711 0.503812075 0.275522351
v -0.076187089 0.030242935 0.265594482
vt 0.946777344 0.559082031
vn -0.276535034 0.355545223 0.892813504
v -0.068061776 0.019821182 0.289093018
vt 0.939453125 0.557617188
vn 0.102244943 0.990989983 -0.086515062
v -0.080520585 0.032287613 0.284240723
vt 0.938720703 0.562255859
vn 0.535300314 0.842310846 0.062976405
v -0.089019723 0.030624405 0.293457031
vt 0.933837891 0.565673828
vn -0.275573373 0.433044046 0.858214557
v -0.113952592 0.026809707 0.283599883
vt 0.940185547 0.579589844
vn -0.417815208 0.244382560 0.875047207
v -0.095329240 0.027633682 0.284790039
vt 0.935058594 0.571777344
vn -0.385349184 0.456127703 0.802155674
v -0.100807138 0.016693130 0.295623779
vt 0.932128906 0.574218750
vn -0.282337695 0.792114198 0.541147351
v -0.116767831 0.018615738 0.292205840
vt 0.935791016 0.580566406
vn -0.047472723 0.846597493 0.530112386
vt 0.939697266 0.584228516
vt 0.937744141 0.587646484
vt 0.934570312 0.586181641
v -0.107589670 0.012268066 0.301422119
vt 0.931152344 0.577148438
vn -0.361398995 0.895640969 0.259264529
vt 0.931640625 0.581787109
vt 0.922119141 0.583496094
vt 0.923095703 0.586914062
v -0.104484506 0.008941650 0.311981201
vt 0.925537109 0.578369141
vn -0.495372474 0.857072949 0.141534984
vt 0.919921875 0.582763672
vt 0.054443359 0.724609375
vt 0.062255859 0.733886719
vt 0.018798828 0.732177734
vt 0.034423828 0.895507812
vt 0.007080078 0.901367188
vt 0.016845703 0.878662109
v -0.130126968 0.317512512 -0.092941269
vt 0.031494141 0.886474609
vn 0.212374613 0.904558897 -0.369689375
vt 0.029052734 0.877197266
vt 0.044433594 0.904541016
vt 0.057861328 0.876464844
v -0.145202652 0.307643890 -0.094467141
vt 0.035888672 0.902343750
vn -0.126297846 0.884085059 0.449936152
vt 0.044433594 0.913085938
v -0.146682754 0.309806824 -0.089546181
vt 0.034912109 0.905761719
vn 0.449474126 0.134053692 -0.883177578
vt 0.574462891 0.441650391
v -0.154174834 0.001159638 -0.356140107
vt 0.574218750 0.434570312
vn -0.228169829 0.692377031 -0.684509099
vt 0.580810547 0.435791016
v -0.151214629 0.005554169 -0.349914521
vt 0.568115234 0.434326172
vn -0.094138719 0.972766042 -0.211811990
v -0.148895293 0.004333466 -0.343780488
vt 0.562011719 0.434570312
vn -0.062850103 0.997744679 -0.023568807
v -0.136230499 0.002777070 -0.352691621
vt 0.566650391 0.426025391
vn -0.110004649 0.974326313 -0.196436778
vt 0.546875000 0.442626953
v -0.141754180 0.005310059 -0.325134248
vt 0.545166016 0.434814453
vn -0.385910600 0.787572503 -0.480419219
vt 0.543701172 0.445556641
vt 0.534667969 0.438964844
v -0.136611968 0.020294175 -0.308746308
vt 0.529052734 0.433837891
v -0.135376006 0.017303452 -0.301727265
vt 0.524658203 0.434814453
vn -0.306630760 0.943479061 -0.125797197
vt 0.525390625 0.441650391
vt 0.521484375 0.435791016
v -0.134506255 0.017288193 -0.301727265
vt 0.524169922 0.433593750
vn 0.007897076 0.908162057 0.418544233
v -0.133636504 0.017272934 -0.301727265
vt 0.523681641 0.432373047
vn 0.133916423 0.905905128 0.401749164
v -0.120460540 0.015014648 -0.301300019
vt 0.520507812 0.422363281
vn 0.165631786 0.985903800 0.023661625
v -0.131011993 0.023879990 -0.323791474
vt 0.535644531 0.427734375
vn -0.212809712 0.961584330 -0.173400462
vt 0.519042969 0.443359375
vt 0.514160156 0.436279297
v -0.125350982 0.021453843 -0.286468476
vt 0.510986328 0.426513672
vn 0.126546368 0.783006370 -0.609005034
v -0.122047447 0.027358994 -0.277648896
vt 0.501953125 0.425781250
vn -0.023556523 0.840178847 -0.541797578
vt 0.492675781 0.441162109
v -0.124717742 0.017959580 -0.326568574
vt 0.539062500 0.424072266
vn 0.259520799 0.267385155 -0.927983999
vt 0.490966797 0.435546875
v -0.118080169 0.018859848 -0.315551728
vt 0.531005859 0.421386719
vn 0.779672563 0.622163057 -0.070879459
v -0.123992950 0.005249023 -0.326812714
vt 0.545410156 0.419921875
vn 0.062836349 0.573382914 -0.816874266
v -0.118728667 0.008544922 -0.321960419
vt 0.538574219 0.415527344
vn 0.786329687 0.416754782 -0.456071377
v -0.117919952 0.010620117 -0.307617158
vt 0.527343750 0.416015625
vn 0.417258114 0.866007507 -0.275547922
v -0.114486724 0.003845215 -0.332153291
vt 0.544921875 0.410400391
vn -0.314027518 0.942082405 -0.117760301
v -0.133987457 0.004364014 -0.330810517
vt 0.550292969 0.426513672
vn 0.007864949 0.998854995 -0.047190044
v -0.134780914 0.005584717 -0.339569062
vt 0.556396484 0.425048828
vn -0.070669286 0.997221589 -0.023556449
v -0.106918365 0.011383057 -0.309265137
vt 0.526367188 0.408203125
vn -0.565685451 0.707106829 -0.424264044
v -0.126861602 0.004058838 -0.336334199
vt 0.551757812 0.419189453
vn 0.054912496 0.980580688 0.188271433
v -0.124397315 0.005950898 -0.347656220
vt 0.561767578 0.417480469
vn 0.007883234 0.969646931 -0.244382605
v -0.119361915 0.007354707 -0.346862763
vt 0.560058594 0.413574219
vn 0.118154161 0.992495239 0.031507727
v -0.108467132 0.003692627 -0.338775635
vt 0.552246094 0.404296875
vn -0.368653059 0.792211711 -0.486308157
v -0.104835540 0.008636475 -0.315002441
vt 0.530517578 0.406250000
vn -0.474312067 0.877477169 -0.071146771
v -0.108039886 0.014068604 -0.320007324
vt 0.533935547 0.402099609
vn -0.686980128 0.686980069 0.236889780
v -0.113807708 0.011413574 -0.335021943
vt 0.545166016 0.402832031
vn -0.582876027 0.795546889 -0.165410697
v -0.102081329 0.016387925 -0.316741943
vt 0.529296875 0.398193359
vn -0.723983288 0.314775229 -0.613811731
v -0.090530425 0.019760117 -0.321624756
vt 0.525878906 0.385009766
vn -0.228829429 0.931098759 -0.284064025
v -0.102310218 0.014648408 -0.347717285
vt 0.549560547 0.391357422
vn -0.212020949 0.691030741 -0.691030860
v -0.084915198 0.021408066 -0.338073730
vt 0.540771484 0.378906250
v -0.080879241 0.008331299 -0.337188721
vt 0.555175781 0.375000000
vn 0.377858996 0.566788554 -0.732102036
v -0.097656287 0.002960175 -0.345489502
vt 0.558105469 0.393066406
vn 0.086528249 0.361845940 -0.928213537
v -0.078369178 0.002532929 -0.344482422
vt 0.560546875 0.377685547
v -0.111572303 0.003021210 -0.348297119
vt 0.561279297 0.406005859
vn 0.267542332 0.826233983 -0.495740443
v -0.100296058 0.000518769 -0.345886230
vt 0.560058594 0.395263672
vn 0.015765158 -0.969556570 -0.244359732
v -0.069122352 0.000427216 -0.345672607
vt 0.564453125 0.374755859
vn 0.000000043 -0.999969006 -0.007873728
vt 0.576171875 0.407958984
vt 0.601318359 0.440429688
vt 0.592529297 0.432861328
v -0.118087806 0.000884980 -0.350616425
vt 0.568115234 0.411621094
vn 0.031609975 -0.995713115 -0.086927302
v -0.117866553 0.002593964 -0.350952119
vt 0.564208984 0.411865234
vn 0.047074985 0.564901292 -0.823814571
v -0.117225684 0.001739472 -0.350952119
vt 0.565429688 0.411132812
vn 0.394631535 -0.220993757 -0.891867578
v -0.124053992 0.000915498 -0.356903046
vt 0.567626953 0.416503906
vn 0.582316160 0.369849503 -0.723960817
v -0.136886626 0.001220673 -0.360229462
vt 0.570068359 0.423095703
vn -0.149564654 -0.637617409 -0.755694747
v -0.127182037 0.007781953 -0.354431123
vt 0.565429688 0.419921875
vn 0.015744038 0.928903520 -0.369987041
vt 0.755615234 0.806152344
vt 0.723144531 0.784667969
v -0.102806084 0.000396729 -0.050048802
vt 0.755615234 0.767578125
vt 0.733154297 0.730468750
vt 0.757324219 0.706542969
v -0.152404785 0.306346893 -0.007263165
vt 0.045654297 0.533203125
vn 0.282216251 0.940720975 0.188144118
vt 0.034667969 0.528808594
vt 0.044677734 0.528076172
vt 0.049560547 0.544677734
vt 0.059082031 0.531738281
vt 0.061279297 0.541015625
vt 0.082031250 0.520263672
vt 0.064941406 0.573974609
vt 0.098144531 0.612304688
vt 0.103759766 0.620849609
vt 0.094238281 0.616210938
v -0.126220718 0.314212799 -0.080322251
vt 0.082031250 0.606689453
vn 0.607014656 -0.149782866 -0.780447602
v -0.124214187 0.318176270 -0.086463913
vt 0.080810547 0.612060547
vn 0.078574710 0.935038924 0.345728666
v -0.112884536 0.303298950 -0.080162033
vt 0.081787109 0.595214844
vn 0.291981995 0.852271676 0.434027195
vt 0.074951172 0.610595703
vt 0.072265625 0.620117188
vt 0.082275391 0.615966797
v -0.093963638 0.295267105 -0.078109726
vt 0.073730469 0.587158203
vn 0.803623080 0.590899467 -0.070908047
vt 0.101562500 0.609130859
vt 0.104736328 0.602539062
v -0.103729263 0.309730530 -0.094429001
vt 0.082275391 0.575195312
vn 0.896637738 0.432588428 0.094382778
vt 0.097900391 0.591064453
v -0.107673660 0.320411682 -0.085037217
vt 0.088623047 0.583740234
vn 0.282615960 0.949903846 0.133457482
vt 0.089355469 0.556396484
v -0.097465530 0.286289215 -0.114028916
vt 0.069824219 0.562500000
vn 0.949903786 0.133457586 -0.282616109
vt 0.071289062 0.540527344
vt 0.104492188 0.562744141
vt 0.101806641 0.587890625
vt 0.460937500 0.934814453
vt 0.476562500 0.935302734
vt 0.474121094 0.949951172
v -0.134536728 0.184936523 0.124206558
vt 0.465820312 0.946533203
vn -0.528707743 0.576054573 -0.623401463
v -0.110008225 0.196640015 0.115043655
vt 0.454833984 0.949218750
vn -0.504249871 0.614554405 -0.606675446
vt 0.456298828 0.952148438
v -0.094932541 0.204792023 0.107627884
vt 0.446044922 0.951904297
vn -0.577386498 0.664389789 -0.474564075
vt 0.449951172 0.933349609
vt 0.450927734 0.932128906
v -0.075790390 0.189010620 0.076843269
vt 0.432617188 0.944091797
vn -0.576485634 0.465926558 -0.671250165
v -0.078086838 0.167701721 0.065956131
vt 0.430419922 0.933105469
vn -0.651928604 0.581237495 -0.486982703
v -0.081512436 0.157630920 0.064750686
vt 0.434326172 0.929931641
vn -0.813042521 0.568340302 0.126297936
v -0.058094013 0.178657532 0.056919109
vt 0.423339844 0.941894531
vn -0.314765602 0.928558290 -0.196728453
vt 0.446044922 0.926269531
v -0.086479172 0.183197021 0.060756698
vt 0.426025391 0.926025391
vn 0.094138756 0.211811975 0.972765923
v -0.098831162 0.157524109 0.062282577
vt 0.435791016 0.923583984
vn -0.094321579 0.479468554 0.872475505
v -0.119461045 0.157295227 0.058193225
vt 0.437011719 0.915527344
vn -0.070879251 0.622163057 0.779672623
v -0.104660019 0.180656433 0.062301654
vt 0.427734375 0.917480469
vn 0.023603896 -0.031471640 0.999225974
v -0.097801201 0.202491760 0.061038986
vt 0.421386719 0.917724609
vn 0.165354431 0.330708683 0.929133832
vt 0.417236328 0.916748047
vt 0.437744141 0.911132812
v -0.105957016 0.192024231 0.061065692
vt 0.423339844 0.914794922
vn 0.102527700 0.457430899 0.883314788
vt 0.415527344 0.903564453
vt 0.422851562 0.910156250
vt 0.426757812 0.912841797
vt 0.443115234 0.912109375
vt 0.450439453 0.915039062
v -0.138488755 0.146636963 0.086463951
vt 0.446777344 0.910400391
vn -0.227782249 0.926838160 0.298473299
vt 0.447753906 0.904785156
v -0.152145401 0.266136020 -0.131622300
vt 0.951171875 0.019042969
vn -0.323507369 0.860055983 -0.394521087
vt 0.940673828 0.007080078
vt 0.959716797 0.019287109
vt 0.962646484 0.004882812
vt 0.928955078 0.027832031
vt 0.930908203 0.003906250
vt 0.949462891 0.036132812
vt 0.917236328 0.041015625
v -0.121704116 0.280517578 -0.129745468
vt 0.963378906 0.040283203
vn 0.290977985 -0.849341273 -0.440399170
vt 0.977050781 0.024902344
vt 0.982910156 0.058105469
vt 0.967773438 0.059814453
vt 0.099609375 0.376220703
vt 0.104248047 0.344726562
vt 0.107910156 0.366699219
v -0.115585335 0.334014893 -0.017017353
vt 0.085449219 0.359130859
v -0.128570572 0.324199677 -0.042533860
vt 0.097167969 0.343261719
vn -0.251812488 0.952165782 -0.173121065
vt 0.093017578 0.322509766
v -0.132873535 0.306747437 -0.013420089
vt 0.093261719 0.384521484
vn -0.031473543 0.550788581 0.834051251
v -0.112976082 0.329154968 -0.051483143
vt 0.083740234 0.337890625
vn 0.637143791 0.747267485 -0.188783482
vt 0.053222656 0.319335938
v -0.112548836 0.329093933 -0.016469942
vt 0.082275391 0.360595703
vn 0.606675565 0.504249752 0.614554346
v -0.096900940 0.305526733 -0.012266148
vt 0.064208984 0.364501953
vn 0.851582527 0.488871485 0.189240441
v -0.098663338 0.290744781 -0.020814884
vt 0.052734375 0.366210938
vn 0.886008859 0.439084053 0.148974806
v -0.107238770 0.294170380 0.001585020
vt 0.060058594 0.386718750
vn 0.418544352 0.797603309 0.434338361
v -0.126251221 0.308174133 0.001106992
vt 0.074707031 0.380859375
vn -0.369849473 0.834128678 0.409195215
v -0.107048035 0.310256958 0.002806437
vt 0.066650391 0.377441406
vn 0.385731190 0.551044524 0.739973962
vt 0.900146484 0.915527344
vt 0.903320312 0.905273438
vt 0.910400391 0.919677734
vt 0.911865234 0.937255859
vt 0.929199219 0.946044922
v -0.089103699 0.288982391 -0.000969042
vt 0.914062500 0.950195312
vn 0.197242066 0.978320897 -0.063117541
v -0.080902100 0.286516190 -0.008982649
vt 0.909912109 0.957763672
vn 0.529367208 0.450357288 -0.718991518
vt 0.898193359 0.953369141
v -0.070388794 0.286392212 -0.002335778
vt 0.916992188 0.962402344
vn 0.848816454 0.518721163 0.102172211
vt 0.938232422 0.950439453
vt 0.953369141 0.700683594
vt 0.990966797 0.698486328
vt 0.991210938 0.714843750
v -0.063957199 0.000457764 0.040969867
vt 0.950439453 0.680908203
vt 0.930908203 0.710937500
v -0.092269868 0.000457764 0.142044097
vt 0.989501953 0.674316406
v -0.033779122 0.000396729 0.082908653
vt 0.957763672 0.663818359
v 0.029344572 0.000427246 0.017778404
vt 0.934326172 0.653808594
v 0.019386319 0.000488281 0.126907364
vt 0.970947266 0.645507812
vt 0.105224609 0.483642578
vt 0.085693359 0.458007812
vt 0.119873047 0.460937500
vt 0.109375000 0.440185547
v -0.034225430 0.000396729 0.169815078
vt 0.137695312 0.477294922
vt 0.157470703 0.466796875
v -0.009647327 0.000488281 0.228729263
vt 0.134033203 0.500732422
v 0.028505363 0.000427246 0.192733780
vt 0.150878906 0.495361328
v -0.026473952 0.000335693 0.264526367
vt 0.121582031 0.511230469
vt 0.091796875 0.498046875
vt 0.087158203 0.524902344
v -0.129684418 0.093017593 0.223556548
vt 0.009765625 0.509033203
vn -0.188184604 0.721374571 0.666487277
vt 0.007080078 0.513183594
vt 0.011474609 0.501220703
v -0.126174897 0.095504776 0.213073760
vt 0.011474609 0.510498047
vn 0.070680156 0.926695287 0.369107425
v -0.116210900 0.097915664 0.208648697
vt 0.014892578 0.510253906
vn -0.007883298 0.922347069 0.386282086
vt 0.014404297 0.519531250
v -0.106941186 0.096008316 0.211227432
vt 0.017089844 0.507324219
vn 0.134049580 0.891035318 0.433689713
v -0.105033845 0.100341812 0.194885269
vt 0.020996094 0.512451172
vn 0.062943362 0.967754304 0.243905500
v -0.097030602 0.087310806 0.223526031
vt 0.016601562 0.500488281
vn 0.141382128 0.777601480 0.612655699
vt 0.014404297 0.494873047
v -0.084716760 0.086792007 0.218170196
vt 0.021240234 0.499267578
vn 0.189517707 0.837036431 0.513276994
v -0.094612084 0.097641006 0.200210586
vt 0.022949219 0.508300781
vn 0.243777320 0.920062780 0.306687534
v -0.115554780 0.103866592 0.179901138
vt 0.021972656 0.519775391
vn -0.133445263 0.989064693 0.062797725
vt 0.019775391 0.522216797
v -0.070968591 0.075149551 0.229919463
vt 0.020507812 0.490478516
vn 0.141430154 0.730722189 0.667864263
vt 0.015869141 0.488037109
vt 0.020507812 0.483886719
v -0.057796441 0.071990982 0.231399566
vt 0.023681641 0.486328125
vn 0.195737123 0.610699713 0.767289221
v -0.038459737 0.061813369 0.234695449
vt 0.028564453 0.479003906
vn 0.188410744 0.808595896 0.557381570
v -0.060832940 0.078537002 0.226577789
vt 0.024414062 0.489501953
vn 0.031380579 0.674681067 0.737442076
v -0.044185601 0.076599136 0.218780532
vt 0.032226562 0.485839844
vn 0.362598419 0.733079314 0.575427771
v -0.077552758 0.090271011 0.207183868
vt 0.025634766 0.501464844
vn -0.220199525 0.849341154 0.479720473
v -0.063095056 0.106292740 0.207519546
vt 0.031982422 0.498291016
vn 0.235346645 0.862937629 0.447158515
v -0.072853059 0.092742935 0.194152862
vt 0.031005859 0.505371094
vn -0.197482005 0.979510546 -0.039496407
v -0.028591117 0.068588272 0.226181045
vt 0.034179688 0.479003906
vn 0.133987144 0.764514685 0.630527496
v -0.028026540 0.056228653 0.237426773
vt 0.030029297 0.474609375
vn 0.291664273 0.945938230 0.141890630
v -0.017135581 0.062576309 0.228469864
vt 0.036621094 0.475097656
vn 0.055331226 0.916917264 0.395222932
v -0.062126126 0.102081314 0.193527237
vt 0.034912109 0.501464844
vn -0.362801373 0.772924423 -0.520540953
v -0.018064464 0.078155532 0.207946792
vt 0.043457031 0.484130859
vn -0.456085265 0.613356173 0.644810379
v -0.052017182 0.095077530 0.182907119
vt 0.040771484 0.502685547
vn 0.150044143 0.987132728 0.055279367
v -0.036346402 0.086654678 0.194793716
vt 0.041992188 0.492675781
vn 0.354484618 0.858640432 0.370239377
v -0.019174542 0.089324966 0.190002456
vt 0.048095703 0.490234375
vn -0.196454912 0.880118132 0.432200879
v -0.031391114 0.095870987 0.175979614
vt 0.047607422 0.498291016
vn 0.007894421 0.678914487 0.734174967
v -0.018295258 0.095367447 0.171600357
vt 0.050292969 0.495361328
vn 0.071031593 0.260448813 0.962871253
v -0.073204011 0.095916763 0.178665176
vt 0.034912109 0.509033203
vn 0.212007746 0.965813160 0.149190575
v -0.047435731 0.099868774 0.168502808
vt 0.046386719 0.505859375
vn -0.632060587 0.600457609 0.489847064
v -0.039192170 0.113983169 0.182952881
vt 0.052734375 0.502929688
vn -0.575642467 -0.094626158 0.812207997
v -0.058834046 0.096450821 0.170471206
vt 0.041748047 0.507812500
vn -0.015799575 0.995371222 0.094797216
vt 0.050048828 0.521972656
v -0.036251038 0.131530777 0.185668945
vt 0.058593750 0.504394531
vn -0.599746644 0.481375664 0.639203787
vt 0.060546875 0.519287109
vt 0.064941406 0.517822266
v -0.068824738 0.097091675 0.144912735
vt 0.044677734 0.516845703
vn 0.063070357 0.985474706 0.157675892
vt 0.043212891 0.522949219
vt 0.039306641 0.521972656
v -0.079811066 0.099975586 0.157257095
vt 0.038330078 0.516113281
vn 0.274427474 0.948735178 0.156815648
v -0.099876374 0.104736328 0.166488662
vt 0.030029297 0.519775391
vn 0.172688484 0.981184721 0.086344190
vt 0.025634766 0.524902344
v -0.111259431 0.100494400 0.172088638
vt 0.025146484 0.521240234
vn -0.007854111 0.997467637 0.070686631
v -0.103179902 0.110244766 0.177536026
vt 0.026123047 0.517578125
vn -0.015728578 0.998762369 0.047185581
v -0.098091096 0.103942886 0.183776870
vt 0.025634766 0.514160156
vn 0.252312899 0.938288569 0.236543283
v -0.071594261 0.000396729 -0.242141694
vt 0.411621094 0.076416016
vt 0.457519531 0.098876953
vt 0.396484375 0.134521484
v 0.037796009 0.000457764 -0.179412827
vt 0.475097656 0.008544922
v 0.027513482 0.000396729 -0.253601074
vt 0.416015625 0.004394531
vt 0.336181641 0.074951172
vt 0.350097656 0.110107422
v -0.019359620 0.000366211 -0.327362061
vt 0.353515625 0.023437500
v -0.007113491 0.000366181 -0.347473145
vt 0.344482422 0.019287109
vn 0.023527455 -0.995994210 -0.086267173
v 0.030475583 0.000457764 -0.340393066
vt 0.351318359 0.004394531
v -0.035205875 0.000793427 -0.349212646
vt 0.337890625 0.036376953
vn -0.047379393 -0.979174554 -0.197414175
v -0.049526248 0.000366181 -0.355346680
vt 0.336425781 0.050781250
vn 0.062861726 -0.990071774 -0.125723362
v -0.062721290 0.000946015 -0.360382080
vt 0.333496094 0.066162109
vn -0.252595752 -0.876191437 -0.410467982
v -0.069313087 0.002319306 -0.347229004
vt 0.330566406 0.072509766
vn -0.245000079 0.845645070 -0.474193513
vt 0.331054688 0.079833984
v -0.057369269 0.004425019 -0.361450195
vt 0.331787109 0.062500000
vn -0.015789781 0.931591868 -0.363162965
v -0.043670688 0.003478974 -0.350555420
vt 0.334228516 0.044189453
vn 0.015787108 0.678850949 -0.734106362
v -0.057968173 0.004180878 -0.350036621
vt 0.326660156 0.062744141
v -0.071838416 0.009765595 -0.343505859
vt 0.327148438 0.075195312
vn 0.157324255 0.936079860 -0.314648747
v -0.063644439 0.003997803 -0.340454102
vt 0.323730469 0.069824219
vn -0.299584389 0.938171983 -0.173443571
vt 0.325927734 0.080078125
v -0.071945220 0.007141113 -0.334899902
vt 0.321289062 0.075927734
vn 0.369849443 0.912820041 -0.173121139
v -0.066703826 0.004333496 -0.328155518
vt 0.317626953 0.073730469
vn 0.369529188 0.849131167 -0.377391696
v -0.070175201 0.012359619 -0.326110840
vt 0.312988281 0.075439453
vn 0.094327413 0.927553773 -0.361588806
v -0.060844455 0.003814697 -0.329986572
vt 0.317871094 0.070800781
vn -0.755811989 0.621970117 -0.204698980
v -0.060569797 0.012237549 -0.326507568
vt 0.312744141 0.067626953
vn -0.498760700 0.831267774 -0.245421872
v -0.083366424 0.011962891 -0.327423096
vt 0.317138672 0.081054688
vn 0.504375041 0.772324324 0.386162072
vt 0.327148438 0.085693359
vt 0.316162109 0.085937500
v -0.088768035 0.005554199 -0.320281982
vt 0.311767578 0.083496094
vn 0.606205404 0.645569265 0.464494854
v -0.089027435 0.008819580 -0.315734863
vt 0.311035156 0.086669922
vn 0.086643599 -0.086643763 -0.992464483
v -0.077980071 0.006378174 -0.319427490
vt 0.307861328 0.079345703
vn -0.638349712 0.141855404 -0.756562471
v -0.072975188 0.011901855 -0.320861816
vt 0.310302734 0.077148438
vn 0.615318716 0.307659417 -0.725760758
v -0.066688567 0.014282227 -0.307800293
vt 0.300292969 0.072753906
vn 0.473513663 0.520865083 -0.710270703
v -0.056167632 0.013793945 -0.315002441
vt 0.304687500 0.066162109
vn -0.797031879 0.071022570 -0.599746644
v -0.067909271 0.028152451 -0.314971924
vt 0.293945312 0.064453125
vn -0.417258263 0.771533966 -0.480240494
v -0.055114776 0.018844590 -0.322662354
vt 0.307128906 0.060302734
vn -0.590222061 0.401350886 -0.700396657
v -0.057861362 0.011901855 -0.337005615
vt 0.318603516 0.063232422
vn -0.464898616 0.748565435 -0.472778171
v -0.048625980 0.015350312 -0.340972900
vt 0.317871094 0.054443359
vn -0.086450957 0.864508510 -0.495127618
v -0.043026004 0.010101318 -0.340118408
vt 0.321533203 0.049560547
vn -0.251446903 0.817202151 -0.518609047
v -0.041736636 0.017105088 -0.330688477
vt 0.312255859 0.048583984
vn -0.242758766 0.430700749 -0.869232476
v -0.046985660 0.038162217 -0.324584961
vt 0.296630859 0.050292969
vn -0.268074244 0.465187430 -0.843645036
v -0.034584079 0.018203720 -0.328521729
vt 0.311523438 0.041015625
vn -0.047187172 0.896554470 -0.440412730
v -0.033927951 0.016143769 -0.349060059
vt 0.325195312 0.040771484
vn -0.228056878 0.786402702 -0.574073970
v -0.027626071 0.007080048 -0.346313477
vt 0.326416016 0.030761719
vn 0.370480865 0.804022491 -0.465071917
v -0.028499637 0.020874009 -0.334045410
vt 0.316650391 0.036376953
vn 0.637854576 0.740226388 -0.212618336
v -0.035720859 0.031402573 -0.332885742
vt 0.303466797 0.043212891
vn 0.552140355 0.331284285 -0.765109003
v -0.026765855 0.016082764 -0.328247070
vt 0.314453125 0.032226562
v -0.028446229 0.015441895 -0.318908691
vt 0.308105469 0.031494141
vn 0.651928425 0.486982763 -0.581237555
v -0.023851426 0.030731186 -0.313323975
vt 0.294677734 0.030273438
vn 0.780447364 0.575481534 -0.244382665
v -0.021503478 0.019683823 -0.309204102
vt 0.300537109 0.026123047
vn 0.377065390 0.903385997 -0.204243869
v -0.016580613 0.020919785 -0.317443848
vt 0.307617188 0.023193359
vn -0.078767121 0.890067339 -0.448972046
v -0.011386903 0.014434814 -0.324279785
vt 0.316162109 0.021484375
vn 0.284711659 0.759231389 -0.585241020
v -0.044570956 0.038406357 -0.319122314
vt 0.292724609 0.046875000
vn 0.377660155 0.904810905 -0.196698114
v -0.055175815 0.042861924 -0.320007324
vt 0.291015625 0.053222656
vn -0.424723268 0.786524355 -0.448318839
v -0.026798276 0.038146958 -0.287445068
vt 0.272949219 0.028320312
vn 0.455902070 0.550226688 -0.699574172
v -0.054485351 0.045181260 -0.305053711
vt 0.279785156 0.053955078
vn -0.244359821 0.969556570 0.015765136
v -0.064651519 0.030593857 -0.293945312
vt 0.273193359 0.065185547
vn -0.306735009 0.951664925 0.015729997
v -0.059532195 0.039703354 -0.296081543
vt 0.269531250 0.055664062
vn 0.181349769 0.268082440 -0.946173429
v -0.051124603 0.067642197 -0.295471191
vt 0.249267578 0.047363281
vn 0.235578582 0.266989172 -0.934462249
v -0.066787750 0.038436875 -0.297607422
vt 0.263671875 0.061767578
vn -0.695418715 -0.102732353 -0.711223483
v -0.067085296 0.019988999 -0.289184570
vt 0.272460938 0.070556641
vn -0.637301624 0.692377031 -0.338320524
v -0.076797508 0.031860337 -0.268493652
vt 0.252685547 0.076416016
vn -0.727483153 0.316296905 -0.608871579
v -0.018781690 0.056182846 -0.286956787
vt 0.256835938 0.026123047
vn 0.746620893 0.416535914 -0.518705189
v -0.066902190 0.050704941 -0.296905518
vt 0.253173828 0.060546875
vn -0.835060060 0.267849356 -0.480553269
v -0.071250945 0.050140366 -0.280029297
vt 0.242187500 0.067626953
vn -0.961464942 0.126093686 -0.244306535
v -0.076271079 0.046432480 -0.263580322
vt 0.237548828 0.073242188
vn -0.504187286 0.622355998 -0.598722219
v -0.079559349 0.047164902 -0.250274658
vt 0.229492188 0.074951172
vn -0.221028253 0.852537155 -0.473631769
v -0.078384422 0.051849350 -0.249877900
vt 0.226074219 0.070800781
vn -0.964073062 0.134337977 -0.229164764
v -0.078346275 0.052703843 -0.249008149
vt 0.223876953 0.069824219
vn -0.966230273 0.204243734 -0.157110482
v -0.078346275 0.053405747 -0.248153657
vt 0.221923828 0.069580078
vn -0.905371487 0.417258143 0.078728057
v -0.073371917 0.063842759 -0.266632080
vt 0.230712891 0.061523438
vn -0.798450232 0.585003078 -0.142297968
v -0.074302696 0.060363755 -0.243209809
vt 0.217773438 0.063476562
vn -0.509291291 0.720842898 -0.470114917
v -0.059585601 0.070892319 -0.288024902
vt 0.240478516 0.051513672
vn -0.023677217 0.994440794 -0.102601074
v -0.061069511 0.069702134 -0.240142792
vt 0.213378906 0.051025391
vn -0.188184693 0.980128467 0.062728196
vt 0.207763672 0.054931641
vt 0.207763672 0.033935547
v -0.032886531 0.060287461 -0.280731201
vt 0.241699219 0.032470703
vn 0.346274257 0.936514497 0.055089004
vt 0.217041016 0.016113281
vt 0.224609375 0.018310547
vt 0.234130859 0.020996094
v -0.022571590 0.043243393 -0.274139404
vt 0.242431641 0.017333984
vn 0.848816514 -0.047156408 0.526580393
v -0.022378949 0.041137680 -0.286346436
vt 0.249023438 0.016357422
vn -0.007885598 0.946261644 -0.323306084
v -0.025367763 0.036300644 -0.271972656
vt 0.239501953 0.013671875
vn 0.754713178 0.455972582 -0.471695930
vt 0.487792969 0.439697266
vt 0.482177734 0.436035156
v -0.117179893 0.035415635 -0.260589570
vt 0.483886719 0.429687500
vn -0.588801622 0.737964571 -0.329728782
vt 0.470947266 0.436035156
v -0.119483970 0.028518662 -0.274597138
vt 0.498046875 0.426025391
vn -0.903469622 0.282825232 -0.322106421
v -0.115264915 0.045303330 -0.254760712
vt 0.470947266 0.427734375
vn -0.480419338 0.787572503 -0.385910481
v -0.119827293 0.045333847 -0.269317597
vt 0.480712891 0.423339844
vn -0.386282146 0.922347069 -0.007883298
v -0.108840965 0.053695664 -0.248504609
vt 0.460937500 0.429199219
vn 0.078613393 0.322315454 -0.943362474
vt 0.464111328 0.440429688
vt 0.456787109 0.442871094
v -0.098640464 0.046508774 -0.251159668
vt 0.463134766 0.415527344
vn 0.007883217 0.922347069 -0.386282146
v -0.109733604 0.069107041 -0.241424531
vt 0.451416016 0.432861328
vn 0.213627279 0.458903283 -0.862421751
vt 0.448486328 0.445556641
vt 0.441894531 0.440917969
vt 0.441650391 0.438476562
vt 0.430175781 0.444091797
v -0.091300987 0.058593735 -0.243774384
vt 0.451904297 0.413085938
vn 0.047186945 0.440412730 -0.896554530
v -0.092956565 0.076477036 -0.235427827
vt 0.438964844 0.421875000
vn 0.109801263 0.666651249 -0.737237930
vt 0.430419922 0.437255859
vt 0.432373047 0.442871094
vt 0.424560547 0.417480469
vt 0.435302734 0.396240234
v -0.075737022 0.068252549 -0.244399995
vt 0.441894531 0.403564453
vn 0.180962056 0.590094030 -0.786792099
v -0.082443260 0.064529404 -0.242568940
vt 0.445312500 0.408691406
vn -0.188690111 0.243724495 -0.951311946
vt 0.445800781 0.397705078
vt 0.459228516 0.395019531
vt 0.452636719 0.395507812
v -0.081199676 0.046707138 -0.275238037
vt 0.475585938 0.392578125
vn 0.228765190 0.970280230 -0.078884646
vt 0.470703125 0.385742188
vt 0.476562500 0.379638672
v -0.113487273 0.045867905 -0.290496826
vt 0.489990234 0.413085938
vn -0.426428139 0.821268797 -0.379047126
v -0.080383331 0.031249985 -0.286682129
vt 0.491210938 0.384277344
vn 0.847639143 0.525850296 -0.070636727
vt 0.489501953 0.373779297
vt 0.497802734 0.373291016
v -0.086120635 0.046142563 -0.296142578
vt 0.492675781 0.395019531
vn 0.220301658 0.542886496 -0.810395837
v -0.084640533 0.031051621 -0.296447754
vt 0.503173828 0.389892578
vn -0.071095824 0.868947744 -0.489770561
v -0.112846404 0.030609116 -0.290161133
vt 0.499267578 0.413330078
vn -0.394447505 -0.252446383 -0.883562088
vt 0.512207031 0.373779297
v -0.095092803 0.024887070 -0.288848877
vt 0.506835938 0.401855469
vn -0.549972057 0.628539383 -0.549971879
v -0.110237151 0.020462021 -0.295166016
vt 0.513427734 0.413818359
vn -0.149181545 0.832275450 -0.533912599
v -0.095062286 0.028320298 -0.318756104
vt 0.521240234 0.388671875
vn -0.338740289 0.921688557 -0.189064339
v -0.098945647 0.022262558 -0.296142578
vt 0.512451172 0.403564453
vn -0.574358284 0.818263769 0.023603803
v -0.112419158 0.014068604 -0.301574707
vt 0.520263672 0.415527344
vn -0.023659585 0.867514372 -0.496849179
v -0.103508025 0.013854980 -0.299682617
vt 0.518554688 0.408691406
vn -0.676557481 0.700158298 -0.228141397
v -0.107543975 0.020568833 -0.310760498
vt 0.523681641 0.401611328
vn -0.840412080 0.541947901 0.000000087
v -0.087120086 0.026947007 -0.321960449
vt 0.521240234 0.383056641
vn -0.181327477 0.646471381 -0.741077006
vt 0.536376953 0.378906250
vt 0.534667969 0.374023438
v -0.081634551 0.015258789 -0.324066162
vt 0.528076172 0.377441406
vn -0.126043007 -0.212697417 -0.968954682
vt 0.529541016 0.370361328
v -0.073455840 0.026855454 -0.325836182
vt 0.520019531 0.373535156
vn 0.581327081 0.141403899 -0.801288903
vt 0.519531250 0.361572266
vt 0.176025391 0.885009766
vt 0.188232422 0.887939453
v -0.112861648 0.265477896 -0.131713852
vt 0.180419922 0.896972656
vn 0.007866080 0.409043282 -0.912481189
vt 0.169921875 0.894042969
vt 0.146240234 0.879394531
vt 0.180664062 0.912841797
v -0.094741836 0.263457298 -0.131988510
vt 0.186767578 0.908691406
vn 0.110400505 0.615089178 -0.780690134
vt 0.179443359 0.933349609
vt 0.207031250 0.898437500
v -0.087516800 0.285650253 -0.105598435
vt 0.213134766 0.901611328
vn 0.518289030 0.848109484 -0.109940223
vt 0.231201172 0.890136719
v -0.106643617 0.004547119 0.339569092
vt 0.392578125 0.939697266
vn -0.566034853 0.471695811 0.676097333
vt 0.398925781 0.944091797
vt 0.390380859 0.940673828
vt 0.386230469 0.936279297
vt 0.391113281 0.943847656
v -0.104850709 0.013366729 0.345367432
vt 0.393066406 0.937255859
vn -0.407996863 0.800301611 0.439381331
v -0.113883920 0.011291504 0.329345733
vt 0.398681641 0.939941406
vn -0.776619971 0.627571642 0.054912597
v -0.105087228 0.015869141 0.313842773
vt 0.403808594 0.934082031
vn -0.715825796 0.676494598 0.173056841
vt 0.405029297 0.936523438
vt 0.409667969 0.933349609
v -0.084953256 0.021377578 0.336547852
vt 0.391357422 0.931640625
vn 0.434949189 0.624745131 0.648469508
v -0.090454049 0.020767227 0.320037842
vt 0.397705078 0.930419922
vn -0.189170033 0.977378368 0.094584979
v -0.081611581 0.007995605 0.335388184
vt 0.385253906 0.929443359
vn 0.213067964 0.576072514 0.789140344
v -0.082405038 0.012420654 0.327392578
vt 0.391357422 0.928710938
vn 0.588348329 0.745241284 -0.313785940
v -0.086433358 0.026626602 0.320190430
vt 0.399169922 0.926513672
vn -0.292054623 0.631469667 0.718296707
v -0.106468149 0.021240249 0.306152344
vt 0.406982422 0.930664062
vn -0.756562591 0.638349533 -0.141855389
v -0.096206613 0.023696914 0.295593262
vt 0.409912109 0.924804688
vn -0.661889493 0.622491241 -0.417620689
vt 0.411376953 0.928710938
v -0.099807687 0.025711074 0.315002441
vt 0.403320312 0.928955078
vn -0.504061997 0.787596881 0.354418665
vt 0.409667969 0.919677734
v -0.092925973 0.027664199 0.302642822
vt 0.406494141 0.923583984
vn -0.528872371 0.836723387 -0.142085046
v -0.093032785 0.027832046 0.303955078
vt 0.406005859 0.923828125
vn -0.498729408 0.854964614 -0.142494068
v -0.090484567 0.029647842 0.305908203
vt 0.404052734 0.923095703
vn -0.079022400 0.987779796 0.134338021
v -0.067306466 0.028305069 0.312072754
vt 0.396972656 0.915039062
vn -0.362485766 0.882574022 0.299444795
vt 0.410888672 0.915771484
vt 0.403076172 0.911376953
vt 0.403808594 0.906738281
v -0.074035592 0.026886001 0.324066162
vt 0.396728516 0.922119141
vn 0.401649594 0.480404407 0.779672563
v -0.088203378 0.015563965 0.321411133
vt 0.396728516 0.928710938
vn 0.102537304 -0.181411892 0.978046954
v -0.075225778 0.012115479 0.319854736
vt 0.392089844 0.924316406
vn 0.276164860 0.110465966 0.954741001
v -0.089790292 0.007690430 0.315979004
vt 0.393798828 0.927490234
vn 0.630468845 0.512255847 0.583183587
v -0.078872629 0.006195068 0.319519043
vt 0.392578125 0.926513672
vn -0.220363259 0.944413662 -0.243973538
v -0.073554941 0.011047363 0.330474854
vt 0.387451172 0.925781250
vn 0.134317070 0.956021607 0.260733098
v -0.068031259 0.015228271 0.307128906
vt 0.391845703 0.918701172
vn 0.440562725 0.676578343 0.590039253
v -0.068595834 0.022720352 0.311523438
vt 0.394042969 0.916503906
vn -0.094242975 -0.494776279 0.863895118
v -0.055583902 0.012573242 0.312774658
vt 0.388916016 0.916015625
vn -0.725760579 0.047332220 0.686317205
v -0.060760446 0.012664795 0.320495605
vt 0.386718750 0.918457031
vn -0.267385185 0.927983880 0.259520918
v -0.055953927 0.018356338 0.319641113
vt 0.387939453 0.912597656
vn -0.527738988 0.354451597 0.771916866
v -0.053581186 0.042266861 0.318145752
vt 0.394531250 0.907958984
vn -0.534853041 0.409005314 0.739355803
v -0.054897260 0.044631973 0.305999756
vt 0.398681641 0.906738281
vn -0.054973483 0.997375369 0.047120057
vt 0.396728516 0.891357422
v -0.045482583 0.037368789 0.322814941
vt 0.390625000 0.906005859
vn 0.220417827 0.881671250 0.417219400
v -0.023717830 0.030807510 0.310791016
vt 0.385742188 0.896972656
vn 0.826336384 0.472192258 0.306924790
v -0.022338819 0.023864761 0.286315918
vt 0.389404297 0.888183594
vn 0.196692020 0.574340522 0.794635415
v -0.035308786 0.031631485 0.330017090
vt 0.385742188 0.904785156
vn 0.125781760 0.330176860 0.935501099
v -0.037719671 0.015838623 0.329467773
vt 0.380126953 0.907226562
vn 0.274360090 0.627108753 0.729013801
v -0.012834499 0.025161758 0.303771973
vt 0.382568359 0.890380859
vn -0.165103748 0.974898219 0.149379537
v -0.001174758 0.024215713 0.298065186
vt 0.383544922 0.884765625
vn 0.632732451 0.435003608 0.640641510
v -0.023158975 0.017913833 0.310089111
vt 0.381591797 0.895996094
vn 0.292529047 0.806431293 0.513902187
v -0.029684015 0.016143799 0.318359375
vt 0.380615234 0.900634766
vn 0.510640979 0.809169531 0.290672481
v -0.017303415 0.020996109 0.316284180
vt 0.378906250 0.894042969
vn -0.023614688 0.795029283 0.606111348
v 0.001488617 0.022872940 0.302185059
vt 0.379882812 0.885253906
vn 0.118080974 0.897415280 0.425091386
v -0.000039237 0.012695312 0.321411133
vt 0.373535156 0.891845703
vn 0.456170052 0.621334970 0.637064934
v -0.009749359 0.010253906 0.320404053
vt 0.374023438 0.895751953
vn 0.236639053 0.820348561 0.520605683
v -0.029359763 0.020828262 0.336212158
vt 0.377197266 0.906005859
vn -0.054973472 0.989522040 0.133506894
v -0.026317542 0.016387954 0.327148438
vt 0.377441406 0.902343750
vn 0.488810658 0.867244780 0.094608419
v -0.015560096 0.012023926 0.329772949
vt 0.373535156 0.900390625
vn 0.505885422 0.766732633 0.395222932
v -0.028854314 0.011505157 0.342498779
vt 0.372070312 0.907714844
vn 0.512255907 0.583183587 0.630468667
v -0.024934711 0.005096465 0.347229004
vt 0.368408203 0.908203125
vn 0.094714537 0.962931275 0.252572089
v -0.000424034 0.007598877 0.320343018
vt 0.372314453 0.893310547
vn 0.094415054 0.952018499 0.291113049
v -0.037498418 0.014312774 0.348144531
vt 0.374267578 0.910156250
vn -0.220780581 0.615031898 0.756962240
v -0.043224279 0.010284424 0.339324951
vt 0.377441406 0.912597656
vn -0.276820421 0.790915608 0.545731723
v -0.039085332 0.004028350 0.347045898
vt 0.371826172 0.912597656
vn -0.007846501 0.619879663 0.784657657
v -0.049797002 0.016510025 0.338470459
vt 0.380615234 0.913818359
vn 0.007859180 0.919522762 0.392958432
v -0.060226385 0.014801025 0.332336426
vt 0.383544922 0.916748047
vn -0.742254376 0.623809457 0.244786084
v -0.056667272 0.011779785 0.337158203
vt 0.381103516 0.917236328
vn -0.409804612 0.701396525 0.583183646
v -0.058708135 0.004577667 0.347900391
vt 0.377441406 0.920654297
v -0.060996953 0.004791260 0.332611084
vt 0.382324219 0.920654297
vn -0.771653533 0.614173174 0.165354401
v -0.066932626 0.004486084 0.329101562
vt 0.384277344 0.922119141
vn 0.442318261 0.845143795 0.300144434
v -0.065330446 0.005157471 0.339996338
vt 0.379150391 0.923583984
vn -0.118544638 0.829812706 0.545305431
v -0.069953866 0.010406494 0.340148926
vt 0.382324219 0.925292969
vn 0.157695577 0.875210404 0.457317084
v -0.082511842 0.000732452 0.344512939
vt 0.379882812 0.929443359
vn -0.181270927 0.449236900 0.874829710
v -0.062828004 0.000518829 0.344024658
vt 0.372802734 0.926025391
v -0.090286195 0.000579834 0.339202881
vt 0.381347656 0.932861328
vn 0.000000047 -0.999721110 0.023615502
vt 0.385498047 0.943603516
vt 0.344970703 0.943359375
v 0.008015686 0.000488281 0.317138672
vt 0.348876953 0.919921875
v -0.063430727 0.001586944 0.357299805
vt 0.374267578 0.921630859
vn -0.559714735 -0.465115190 0.685847878
v -0.033008520 0.000549346 0.348815918
vt 0.367187500 0.915527344
vn -0.015733846 -0.999102235 0.039334781
v -0.049568117 0.002746612 0.356231689
vt 0.373779297 0.918945312
vn 0.117945828 0.927840412 0.353837401
v -0.011119783 0.000213653 0.364196777
vt 0.360839844 0.910156250
vn -0.007871530 -0.999690175 0.023614774
v -0.048168123 0.000946075 0.353973389
vt 0.371826172 0.916503906
vn 0.141815931 -0.827259064 0.543627381
v -0.036022127 0.001037627 0.356750488
vt 0.366455078 0.912109375
vn -0.520783961 0.607581377 0.599690795
v -0.010361612 0.002258331 0.366790771
vt 0.360839844 0.907470703
vn -0.526906133 0.849341154 0.031457111
v -0.004848896 0.000549346 0.378723145
vt 0.358642578 0.904052734
vn -0.371034592 -0.899956405 0.228936374
v -0.009225787 0.003509551 0.357513428
vt 0.363769531 0.906494141
vn 0.063080154 0.993512928 0.094620228
v 0.007465420 0.002441436 0.352355957
vt 0.362304688 0.903076172
vn -0.308110416 0.750525117 -0.584619582
vt 0.088623047 0.675292969
vt 0.085937500 0.681152344
vt 0.081298828 0.679199219
v -0.090194687 0.202613831 0.118934646
vt 0.085205078 0.673095703
vn -0.110714309 0.893622756 0.434949100
v -0.071105935 0.190780640 0.144409195
vt 0.073486328 0.671630859
v -0.052974686 0.219028473 0.093940742
vt 0.086425781 0.653564453
vn 0.007859903 0.935327768 0.353695363
v -0.079841591 0.185874939 0.152496353
vt 0.071533203 0.676025391
vn -0.078632951 0.841372967 0.534704208
vt 0.064453125 0.678222656
v -0.041305523 0.210330963 0.110710151
vt 0.080078125 0.654541016
vn 0.229172096 0.821858406 0.521563888
v -0.034942612 0.208320618 0.100975044
vt 0.078857422 0.648437500
vn 0.788968384 0.560167670 -0.252470016
v -0.050682057 0.217258453 0.076019295
vt 0.089111328 0.648681641
vn -0.078801371 0.772252262 -0.630410075
v -0.051185589 0.199958801 0.123077400
vt 0.076171875 0.660156250
vn 0.031422131 0.919097006 0.392776489
v -0.035343152 0.208278656 0.114990242
vt 0.074707031 0.653076172
vn -0.117989615 0.951782823 0.283175021
v -0.025674801 0.202079773 0.126388550
vt 0.068847656 0.652832031
vn 0.438976139 0.729013920 0.525203466
v -0.062919594 0.181625366 0.159912124
vt 0.064941406 0.672119141
vn 0.118271768 0.536164939 0.835786521
v -0.046680424 0.182785034 0.159622192
vt 0.062500000 0.666992188
vn 0.157734856 0.717693388 0.678259552
v -0.071662880 0.166809082 0.164352432
vt 0.060302734 0.676513672
vn 0.440835685 -0.598276854 0.669125319
v -0.060256932 0.170783997 0.158996597
vt 0.059570312 0.672119141
vn 0.394484401 -0.457601696 0.796858191
v -0.042911507 0.181861877 0.150848389
vt 0.060546875 0.664062500
vn 0.598964036 -0.141859815 0.788110375
v -0.082519509 0.155296326 0.154785171
vt 0.052734375 0.679687500
vn 0.775880277 0.282138318 0.564276397
vt 0.056884766 0.688720703
vt 0.046875000 0.683349609
vt 0.052978516 0.695068359
vt 0.048583984 0.672851562
v -0.075042702 0.159721375 0.146118179
vt 0.053710938 0.675537109
vn 0.363197029 -0.268449813 0.892201066
v -0.061088536 0.152938843 0.152389541
vt 0.051757812 0.671386719
vn 0.425831079 -0.102514796 0.898976386
v -0.065818764 0.163314819 0.154479995
vt 0.055908203 0.673339844
vn -0.654009700 -0.007879633 0.756445169
v -0.065361001 0.162452698 0.154495254
vt 0.055419922 0.673339844
vn -0.526369154 -0.377100408 0.762057126
v -0.064521767 0.161582947 0.154663101
vt 0.055175781 0.673095703
vn -0.275573343 -0.322814614 0.905455709
vt 0.044433594 0.662841797
v -0.015472391 0.171470642 0.134658813
vt 0.055908203 0.652832031
vn 0.582010150 0.070785053 0.810094893
v -0.035854317 0.184440613 0.132492065
vt 0.062255859 0.655761719
vn 0.615932405 0.371138811 0.694898009
v -0.011342027 0.161750793 0.129837036
vt 0.054443359 0.648437500
vn 0.635729432 -0.251152277 0.729911387
v -0.029623009 0.139144897 0.126968384
vt 0.044677734 0.653808594
vn 0.839687228 0.431614935 0.329596668
v -0.011301020 0.176460266 0.127273560
vt 0.060546875 0.646240234
vn 0.887729704 0.416368842 0.196400240
v -0.003917197 0.150512695 0.116622932
vt 0.052246094 0.642578125
vn 0.903804421 -0.424395114 -0.055014282
v -0.013557415 0.168930054 0.109985359
vt 0.060546875 0.639648438
vn 0.881479919 0.377777159 -0.283332974
v -0.013546925 0.167640686 0.108688362
vt 0.060302734 0.639160156
vn 0.860484600 0.331562877 -0.386823475
v -0.015855772 0.156883240 0.094306953
vt 0.059082031 0.633300781
vn 0.805023372 -0.323587865 -0.497220516
v -0.022745116 0.186546326 0.105735779
vt 0.069335938 0.642822266
vn 0.860806584 0.379070848 -0.339584380
v -0.033279404 0.187942505 0.082771309
vt 0.077148438 0.637451172
vn 0.821524918 0.387064666 -0.418661922
v -0.049900044 0.197006226 0.063064583
vt 0.083007812 0.634277344
vn 0.424408078 0.534439862 -0.730925322
v -0.080993652 0.259572506 -0.028837193
vt 0.966552734 0.899658203
vn 0.733832061 0.347189397 0.583909214
vt 0.989257812 0.895019531
v -0.087844849 0.264587522 -0.011155117
vt 0.973876953 0.910156250
vn 0.833509505 0.228035644 -0.503251195
v -0.084403992 0.257021904 -0.016036976
vt 0.967041016 0.909667969
vn 0.487705320 0.361845970 -0.794487894
v -0.077911377 0.239686966 -0.016853321
vt 0.957031250 0.909912109
vn -0.015691593 0.313834131 0.949348211
v -0.069473274 0.258229256 -0.031856529
vt 0.960449219 0.893798828
vn 0.511604965 0.779213727 0.362058789
v -0.080810554 0.278826714 -0.038215626
vt 0.973144531 0.885498047
vn 0.759587824 0.640902281 0.110773094
vt 0.981201172 0.857421875
v -0.081207283 0.276666641 -0.059005726
vt 0.968505859 0.872314453
vn 0.828365386 0.560132802 0.007889061
v -0.066024788 0.256310463 -0.070877068
vt 0.948486328 0.870117188
vn 0.440849215 0.897443056 -0.015744712
v -0.071853653 0.265450597 -0.092651360
vt 0.953857422 0.853027344
vn 0.816471457 0.565249503 0.117760189
vt 0.969970703 0.839355469
vt 0.988281250 0.843994141
vt 0.044189453 0.213623047
v -0.092132583 0.281415939 -0.128326401
vt 0.039062500 0.190429688
vn -0.338278830 0.763093829 -0.550686240
vt 0.042968750 0.171142578
v -0.072303787 0.273676395 -0.131683335
vt 0.029785156 0.190429688
vn 0.600738823 0.553312182 -0.577025652
v -0.066406265 0.278125763 -0.096099846
vt 0.023925781 0.207763672
vn 0.863895118 0.494776338 0.094242975
vt 0.015625000 0.213134766
v -0.070922866 0.259773254 -0.121269219
vt 0.018310547 0.186523438
vn 0.895723939 0.306431919 -0.322146446
vt 0.015136719 0.172119141
vt 0.011962891 0.192382812
vt 0.868652344 0.852294922
vt 0.846679688 0.859375000
vt 0.858642578 0.847412109
v -0.073486328 0.260284424 -0.003497352
vt 0.878173828 0.840820312
vn 0.607033491 0.638567805 -0.473013341
vt 0.873046875 0.853271484
vt 0.860107422 0.838623047
v -0.056747437 0.255811691 -0.007707588
vt 0.893066406 0.846923828
vn 0.868839264 0.410724044 -0.276448995
v -0.075813293 0.268608809 0.004624853
vt 0.872802734 0.832519531
vn 0.903944075 -0.125766069 0.408739775
vt 0.862060547 0.809326172
vt 0.876953125 0.822753906
vt 0.890380859 0.828369141
vt 0.901855469 0.828369141
v -0.058101650 0.230220795 0.004049787
vt 0.915527344 0.847900391
vn 0.377123684 0.895668685 0.235702217
v -0.057563782 0.231895447 -0.011892309
vt 0.909667969 0.855957031
vn 0.314066082 0.667390645 -0.675242364
vt 0.930908203 0.819580078
v -0.059448238 0.222354889 0.007954607
vt 0.919189453 0.844726562
vn -0.753642619 -0.573082566 0.321868360
v -0.060619347 0.226455688 0.030496607
vt 0.938232422 0.853027344
vn -0.880934477 0.456198156 0.125847876
v -0.054145809 0.211143494 0.015181552
vt 0.932861328 0.843017578
vn -0.987440705 -0.094794348 0.126392543
v -0.055740356 0.213108063 -0.005135050
vt 0.927246094 0.839111328
vn 0.504187226 0.622355998 0.598722219
vt 0.662841797 0.862792969
vt 0.659667969 0.873535156
v -0.080703728 0.194656372 0.055515304
vt 0.656982422 0.867919922
vn 0.346113622 0.511304140 0.786621571
vt 0.655029297 0.860107422
v -0.071487412 0.183189392 0.058551803
vt 0.652832031 0.872558594
vn 0.299733490 0.512701929 0.804547489
vt 0.656250000 0.879150391
v -0.061473839 0.200599670 0.036781322
vt 0.648193359 0.861328125
vn 0.441054374 0.661581457 0.606449664
vt 0.646972656 0.874267578
vt 0.647705078 0.855224609
v -0.047359455 0.178794861 0.052043926
vt 0.643554688 0.871093750
vn 0.572447836 0.807700336 0.141151398
v -0.048637386 0.202896118 0.021228798
vt 0.640380859 0.855224609
vn 0.315862864 0.363242239 0.876519203
vt 0.643310547 0.850830078
v -0.035079952 0.203392029 0.017871862
vt 0.635498047 0.860107422
vn -0.480911583 0.536098242 0.693774283
v -0.054378502 0.209342957 0.031471264
vt 0.636962891 0.851074219
vn -0.864668727 -0.471637577 0.172933891
vt 0.636230469 0.843017578
v -0.038383476 0.205501556 0.037647255
vt 0.628417969 0.859375000
vn -0.864081681 -0.463462025 0.196382344
v -0.034259785 0.184783936 0.045227058
vt 0.634765625 0.871093750
vn -0.905905128 0.070896901 0.417504251
v -0.038574208 0.168891907 0.056400307
vt 0.640625000 0.876953125
vn 0.553156734 0.513645470 0.655885696
v -0.027183522 0.173606873 0.050151832
vt 0.635986328 0.876708984
vn -0.291836470 -0.063099772 0.954384565
v -0.045177452 0.204914093 0.048404705
vt 0.629638672 0.854980469
vn -0.298206568 -0.667041183 0.682736397
v -0.054698937 0.224025726 0.046134956
vt 0.629638672 0.848144531
vn -0.536298215 0.015773494 0.843881309
v -0.030477516 0.218929291 0.047668464
vt 0.621093750 0.854736328
vn -0.015755713 -0.173314303 0.984740555
v -0.040603627 0.204936981 0.062141426
vt 0.625976562 0.869628906
vn -0.746183276 0.628364801 0.219927773
v -0.035133351 0.184486389 0.052040108
vt 0.633789062 0.873291016
vn -0.749683321 -0.568181157 0.339330494
v -0.035186756 0.196975708 0.063797005
vt 0.626220703 0.873779297
vn -0.458415538 -0.079037167 0.885216534
v -0.004185665 0.217170715 0.071090698
vt 0.611083984 0.867187500
vn -0.812106848 0.007884523 0.583455622
v -0.018720619 0.213764191 0.044574745
vt 0.618896484 0.859375000
vn -0.425513566 0.866786838 0.260036081
v -0.005901328 0.218193054 0.052326206
vt 0.612548828 0.858642578
vn -0.928472102 0.220315382 0.298999608
v -0.041793816 0.234497070 0.046531681
vt 0.625000000 0.845703125
v -0.039665218 0.236738205 0.026769646
vt 0.626220703 0.837402344
vn -0.408248335 0.910707772 0.062807448
vt 0.636474609 0.831542969
v -0.027278893 0.233375549 0.047988895
vt 0.618896484 0.849121094
vn -0.227655783 0.274757117 0.934174180
v -0.023328774 0.244335175 0.048641209
vt 0.616455078 0.847656250
vn 0.141491234 0.974717557 0.172933698
v -0.005565635 0.233730316 0.050163269
vt 0.610351562 0.854003906
vn -0.063070320 0.717425644 0.693774164
v -0.001644131 0.232948303 0.011883738
vt 0.607421875 0.844238281
vn -0.236889735 0.971247733 -0.023688979
v 0.002658137 0.240463257 0.056957245
vt 0.602050781 0.853515625
vn -0.684509158 0.723848701 -0.086547077
v -0.012923228 0.230358124 0.084732056
vt 0.597900391 0.862548828
vn -0.858773768 0.512112737 0.015757406
v 0.036338817 0.268988609 0.075332634
vt 0.583007812 0.849121094
vn -0.622781336 0.780447423 -0.055183105
vt 0.446289062 0.955810547
v -0.077400193 0.214172363 0.098045357
vt 0.436279297 0.955810547
vn -0.362654775 0.930288196 -0.055186581
vt 0.428710938 0.963623047
v -0.079246506 0.206539154 0.093101509
vt 0.436279297 0.952148438
vn -0.620625317 0.479216874 -0.620625138
vt 0.424316406 0.958007812
v -0.077430710 0.206470490 0.091461189
vt 0.435302734 0.952148438
vn -0.574447274 0.503624856 -0.645269275
v -0.059238423 0.199028015 0.070007332
vt 0.425292969 0.949951172
vn -0.528214574 0.441492647 -0.725309372
vt 0.420898438 0.950195312
vt 0.415527344 0.966064453
vt 0.419433594 0.944335938
vt 0.413085938 0.955322266
v -0.039180759 0.000366211 -0.127044663
vt 0.795410156 0.740966797
v -0.023590084 0.000366211 -0.060062394
vt 0.825683594 0.729736328
vt 0.828369141 0.774169922
vt 0.872558594 0.749267578
vt 0.866699219 0.710205078
vt 0.770751953 0.760009766
vt 0.764892578 0.710693359
v -0.062232971 0.219051361 -0.012490262
vt 0.121582031 0.094482422
vn 0.369712055 0.440508127 -0.818086565
vt 0.129394531 0.101806641
vt 0.106933594 0.101806641
vt 0.127929688 0.078613281
vt 0.105712891 0.080810547
v -0.055065155 0.224201202 -0.020395270
vt 0.125000000 0.091552734
vn -0.220090598 0.039301943 0.974687457
v -0.029918671 0.241836548 -0.014509196
vt 0.146484375 0.059814453
vn -0.070662700 0.902912498 0.423976302
v -0.060390476 0.264203310 -0.016635887
vt 0.157958984 0.103027344
vn 0.023604520 0.881234467 0.472089857
vt 0.150634766 0.117431641
vt 0.172363281 0.147949219
vt 0.037353516 0.151123047
vt 0.016357422 0.160888672
v -0.066253670 0.255852699 -0.083984368
vt 0.026855469 0.149658203
vn 0.306535900 0.951047480 -0.039299563
v -0.056705486 0.261299133 -0.075073235
vt 0.018066406 0.148681641
vn 0.370619118 0.851635456 0.370619029
v -0.031179439 0.242006302 -0.088523857
vt 0.008056641 0.126464844
vn 0.078708343 0.873663723 -0.480121553
v -0.066253670 0.255762100 -0.084854119
vt 0.027099609 0.148681641
vn -0.284427315 0.948090971 -0.142213643
v -0.066253670 0.255683899 -0.085716240
vt 0.029052734 0.147460938
vn 0.298722088 0.573861063 -0.762527764
v -0.054618847 0.259739876 -0.090171807
vt 0.021728516 0.141845703
vn 0.181180909 0.638072252 -0.748356462
vt 0.028320312 0.134033203
vt 0.050048828 0.141601562
vt 0.032714844 0.128662109
vt 0.018066406 0.118164062
vt 0.024902344 0.111083984
v -0.059902199 0.264173508 -0.052219383
vt 0.972656250 0.475341797
vn 0.386390150 0.914719641 -0.118282810
vt 0.984130859 0.468017578
vt 0.961914062 0.495849609
v -0.037441261 0.247280121 -0.072158806
vt 0.963378906 0.452392578
vn 0.368891299 0.926152766 -0.078487612
v -0.042095188 0.250530243 -0.037330624
vt 0.955810547 0.475830078
vn 0.606280446 0.795251012 -0.000000114
vt 0.937011719 0.480224609
v -0.024480822 0.237047195 -0.023918146
vt 0.936279297 0.472412109
vn 0.408437133 0.911129117 -0.054982025
v -0.035175327 0.245351791 -0.038192745
vt 0.950439453 0.470458984
vn 0.606261611 0.795226276 0.007873414
vt 0.969482422 0.436279297
v -0.026634222 0.239639282 -0.051944729
vt 0.946044922 0.456298828
vn 0.015691705 0.949348211 0.313834071
vt 0.981201172 0.434814453
vt 0.975585938 0.429199219
v -0.022424709 0.253905296 -0.095687866
vt 0.963134766 0.429931641
vt 0.952880859 0.415283203
v -0.023706444 0.248693466 -0.068153381
vt 0.955078125 0.444824219
vn -0.086442880 0.990163505 0.110018142
v -0.000532519 0.251597404 -0.090797424
vt 0.950195312 0.425781250
vn 0.324275345 0.941189587 -0.094909959
v -0.017595297 0.246988297 -0.053630825
vt 0.945068359 0.448486328
vn -0.007872775 0.889626026 0.456622154
v 0.005217544 0.246894836 -0.069786072
vt 0.936523438 0.432861328
vn 0.165595725 0.985689163 -0.031542119
vt 0.944335938 0.415771484
vt 0.937255859 0.415283203
vt 0.933105469 0.415527344
v 0.014505381 0.245861053 -0.049617771
vt 0.924072266 0.440673828
vn 0.471739560 0.872718215 0.125797108
v 0.000331962 0.241525650 -0.056972504
vt 0.934326172 0.442871094
vn -0.054937873 0.933943927 0.353172064
v 0.006355281 0.242666245 -0.047771454
vt 0.927001953 0.445800781
vn 0.086837903 0.939428151 0.331562847
v 0.022312159 0.232585907 -0.048320774
vt 0.915039062 0.443603516
vn 0.671438634 0.631942272 -0.387064785
v 0.006889340 0.238794327 -0.033786774
vt 0.921386719 0.454589844
vn -0.393749624 0.913499057 -0.102374874
v -0.010253911 0.239347458 -0.041130066
vt 0.933105469 0.456542969
vn -0.062797777 0.989064693 0.133445203
v -0.013280871 0.236925125 -0.029457089
vt 0.930664062 0.464843750
vn 0.078487545 0.886909008 0.455227584
v -0.003601791 0.228733063 -0.022712706
vt 0.920654297 0.466064453
vn -0.165678278 0.986179948 -0.000000021
v -0.024248125 0.226184845 -0.021312708
vt 0.930175781 0.475097656
v -0.015474321 0.237089157 -0.021108624
vt 0.925537109 0.470703125
vn 0.126034930 0.535648942 -0.834982276
vt 0.581054688 0.969482422
v -0.047134358 0.064224258 0.244796768
vt 0.571044922 0.953613281
vn 0.362294555 0.929364443 -0.070883811
vt 0.580078125 0.948242188
vt 0.578613281 0.946533203
vt 0.565673828 0.948486328
vt 0.564453125 0.970703125
vt 0.559082031 0.952148438
v -0.021455722 0.053543106 0.256408691
vt 0.554931641 0.961914062
vn 0.479527742 0.864722192 0.149360999
v -0.026651341 0.059600845 0.242202774
vt 0.556884766 0.953369141
vn -0.478111655 0.854330659 0.203785300
vt 0.553955078 0.945068359
v -0.019592242 0.056594864 0.255798340
vt 0.552978516 0.958740234
vn 0.023680843 0.963021278 0.268382937
v 0.014485399 0.058456436 0.237991348
vt 0.544433594 0.941406250
vn 0.275240958 0.935819328 0.220192716
v -0.005771117 0.053588882 0.260742188
vt 0.547119141 0.959716797
vn -0.290645510 -0.109973989 0.950489819
v 0.006856008 0.052780166 0.263946533
vt 0.542968750 0.959716797
vn 0.409639388 0.732624292 0.543559790
v -0.017848922 0.055114761 0.284576416
vt 0.557617188 0.974365234
vn 0.769960821 0.502831638 0.392837048
vt 0.563232422 0.978515625
vt 0.552978516 0.978271484
v -0.019466355 0.050979629 0.268463135
vt 0.554931641 0.967773438
vn 0.981456876 -0.157033056 -0.109923288
v -0.021478608 0.044631973 0.268951416
vt 0.549560547 0.973876953
vn 0.688031852 0.695940435 -0.205618843
v -0.022123292 0.043624893 0.262451172
vt 0.553222656 0.963378906
vn 0.969405949 0.023644099 0.244321674
v -0.021205859 0.044509903 0.253326416
vt 0.548583984 0.962402344
vn -0.039296947 0.330095291 0.943129361
v -0.003338055 0.045806900 0.260345459
vt 0.540283203 0.964599609
vn -0.086754128 0.914861858 0.394336969
v -0.017528489 0.038024917 0.264770508
vt 0.544433594 0.965332031
vn -0.376751751 0.926181257 0.015697997
v -0.023065522 0.030975357 0.268218994
vt 0.545898438 0.965820312
vn -0.824601829 0.549734414 0.133507028
v -0.028636886 0.027053848 0.276428223
vt 0.549560547 0.966308594
vn 0.991480768 -0.118033379 0.055082139
v -0.025083493 0.029647842 0.284606934
vt 0.547851562 0.967041016
vn -0.849972367 0.125921756 -0.511557281
v -0.019245099 0.039062515 0.291595459
vt 0.548095703 0.981201172
vn -0.173040688 0.880934477 0.440467238
v 0.000677752 0.039627090 0.287475586
vt 0.541503906 0.980224609
vn 0.534439921 0.778081715 0.330095172
vt 0.552734375 0.983154297
v -0.005221318 0.036987320 0.299804688
vt 0.544677734 0.986328125
vn -0.181615308 0.197408095 0.963351429
vt 0.543457031 0.992187500
vt 0.833740234 0.970703125
vt 0.842773438 0.985839844
vt 0.836425781 0.993652344
vt 0.820312500 0.996337891
v -0.015285494 0.247745514 -0.017873762
vt 0.825195312 0.964111328
vn 0.157675907 0.985474706 -0.063070446
vt 0.796875000 0.995849609
vt 0.800537109 0.962646484
v 0.000265300 0.231979370 -0.016891478
vt 0.816894531 0.952636719
vn -0.047232442 0.991880059 -0.118080996
vt 0.822509766 0.951416016
vt 0.833984375 0.962890625
vt 0.829101562 0.958740234
vt 0.836669922 0.957031250
vt 0.610351562 0.873535156
v -0.025695775 0.133529663 0.156890869
vt 0.602294922 0.883056641
vn 0.268449873 0.931679010 0.244763061
vt 0.605468750 0.875000000
vt 0.598632812 0.872314453
vt 0.612060547 0.887207031
v -0.015273070 0.133224487 0.141006470
vt 0.595703125 0.879150391
vn 0.188625857 0.966707587 0.172906980
v -0.006386736 0.136367798 0.115264900
vt 0.588867188 0.869628906
vn -0.007866231 0.975410879 0.220254019
v 0.017271070 0.123367310 0.165145874
vt 0.587890625 0.890869141
vn 0.678407311 0.733626544 0.039442167
v 0.008020429 0.124847412 0.168853760
vt 0.591552734 0.892822266
vn 0.321393311 0.564397871 0.760369301
v -0.011474581 0.125961319 0.175079346
vt 0.599365234 0.891601562
v -0.004691095 0.105102539 0.169464111
vt 0.598876953 0.900146484
vn -0.039203931 0.948735178 0.313631415
v -0.019399613 0.116500869 0.176315308
vt 0.604003906 0.893310547
vn 0.393749744 0.157499909 0.905624092
vt 0.611572266 0.893798828
vt 0.604492188 0.902587891
vt 0.609619141 0.900634766
v -0.017154662 0.097549453 0.186645508
vt 0.602294922 0.908203125
vn -0.913612485 0.401674420 -0.063007653
vt 0.604492188 0.909912109
v -0.017789805 0.105102554 0.215927124
vt 0.598388672 0.917968750
vn -0.329810202 0.926609576 0.180610344
vt 0.605957031 0.919189453
v -0.015502892 0.078247085 0.221084610
vt 0.602783203 0.923828125
vn -0.274427414 -0.815441728 0.509651244
v -0.005495511 0.095138565 0.226364151
vt 0.598632812 0.925048828
vn -0.125797093 0.306630731 0.943479061
v 0.034008060 0.079711929 0.204467788
vt 0.608886719 0.937011719
vn -0.141151398 -0.839067340 0.525397360
v -0.037094098 0.143699646 0.103782669
vt 0.599365234 0.986816406
vn 0.905905128 -0.070896901 -0.417504251
v -0.043552384 0.152801514 0.079986587
vt 0.604003906 0.978759766
vn 0.511795223 0.818872333 0.259834409
v -0.038272843 0.162178040 0.066535965
vt 0.608642578 0.976074219
vn 0.530644178 -0.776166081 -0.340562701
v -0.035167679 0.155158997 0.063873306
vt 0.606201172 0.972656250
vn 0.548618972 0.721042156 0.423220336
v -0.015369399 0.140975952 0.088684089
vt 0.594970703 0.976318359
vn 0.337694019 0.926695287 0.164920256
vt 0.611572266 0.972900391
vt 0.612792969 0.966308594
v -0.028770434 0.162406921 0.070060745
vt 0.611083984 0.979980469
vn 0.809769392 -0.180822313 -0.558190703
vt 0.616210938 0.971679688
vt 0.622070312 0.982177734
vt 0.609130859 0.989990234
v -0.022874819 0.148742676 0.054969795
vt 0.602783203 0.967529297
vn 0.449908197 0.797205687 0.402549326
v -0.007987010 0.145423889 0.052825931
vt 0.598632812 0.963378906
vn -0.727028489 -0.142244726 0.671711326
vt 0.593505859 0.994140625
vt 0.604248047 0.999023438
v -0.022306424 0.138092041 0.103958137
vt 0.594726562 0.982421875
v 0.001632351 0.138473511 0.095939644
vt 0.586914062 0.979492188
vn -0.102473505 0.993204236 -0.055178046
vt 0.584716797 0.988281250
v 0.003424900 0.133316040 0.084281929
vt 0.587646484 0.972900391
vn -0.102617063 0.994595706 -0.015787262
v 0.009172454 0.140441895 0.062358860
vt 0.590576172 0.963623047
vn -0.188190430 0.768444419 0.611618936
v 0.015937818 0.150100708 0.062244415
vt 0.591064453 0.959716797
vn 0.086867794 -0.750220895 0.655456126
v 0.009815235 0.149452209 0.100929268
vt 0.582275391 0.978271484
v 0.012166996 0.153968811 0.109359749
vt 0.579589844 0.980468750
vn 0.197408050 0.963351429 0.181615353
v 0.011468910 0.147392273 0.130874634
vt 0.574951172 0.985351562
vn -0.141556770 0.621277392 0.770698428
v 0.012634302 0.117004395 0.131561279
vt 0.575195312 0.990966797
vn 0.423767418 0.557175636 0.714126468
v -0.020566927 0.183593750 0.070526123
vt 0.957031250 0.183349609
vn -0.537419140 -0.150161281 0.829838693
vt 0.962402344 0.181640625
vt 0.962402344 0.187988281
vt 0.961669922 0.190673828
vt 0.958984375 0.191894531
vt 0.951660156 0.200683594
vt 0.955322266 0.166015625
vt 0.944824219 0.207763672
v -0.005084499 0.145797729 0.076797493
vt 0.944580078 0.197021484
vn -0.331067979 -0.811905026 0.480837047
v -0.017362580 0.174018860 0.076660164
vt 0.952148438 0.187255859
vn -0.803348839 -0.204775214 0.559193969
v -0.007040963 0.163940430 0.076889046
vt 0.947753906 0.189941406
vn 0.007869999 0.031479523 0.999473393
v 0.017961517 0.151718140 0.076942451
vt 0.938964844 0.192871094
vn 0.666712940 -0.015687298 0.745149553
v 0.003972544 0.180839539 0.075721748
vt 0.946044922 0.181884766
vn 0.244816676 0.379070848 0.892395794
v 0.011535656 0.191261292 0.063507080
vt 0.946289062 0.174316406
vn -0.795472801 -0.535565972 0.283535004
v 0.010042203 0.177391052 0.065086372
vt 0.943847656 0.178710938
vn 0.922605157 0.252336472 0.291763902
v -0.001282203 0.198265076 0.071044922
vt 0.953125000 0.175048828
vn 0.392776638 -0.031422060 0.919096947
v 0.002249490 0.204437256 0.061294559
vt 0.951416016 0.171875000
vn 0.534704328 0.078633033 0.841372788
v -0.001805647 0.213733673 0.105468750
vt 0.948974609 0.155029297
vn -0.864722133 -0.385194451 0.322305679
vt 0.960205078 0.159667969
vt 0.961914062 0.166259766
v 0.007349507 0.248012543 0.113128662
vt 0.960937500 0.145263672
vn -0.402211100 0.268140793 0.875400901
vt 0.978271484 0.141601562
v 0.025228519 0.175430298 0.116111763
vt 0.936767578 0.139160156
vn -0.338121682 -0.157265916 0.927869141
vt 0.908447266 0.983886719
vt 0.906494141 0.979980469
vt 0.919677734 0.986572266
v -0.013875037 0.037780747 -0.296752930
vt 0.907470703 0.993164062
vn -0.363242328 0.315862715 -0.876519203
v -0.025346784 0.026763901 -0.286315918
vt 0.898437500 0.990966797
vn 0.721108496 0.485964477 -0.493802726
v -0.024684932 0.026473984 -0.279144287
vt 0.895996094 0.985839844
vn -0.944413662 0.243973494 0.220363289
vt 0.896972656 0.974121094
vt 0.906738281 0.970947266
vt 0.897216797 0.967041016
vt 0.903564453 0.965576172
v -0.030719792 0.003723115 -0.358306885
vt 0.334960938 0.031494141
vn -0.331325591 0.694205821 -0.638984859
v -0.013273275 0.001739472 -0.359558105
vt 0.338378906 0.024169922
vn 0.323275775 0.015769530 -0.946173489
v -0.005412613 0.002777070 -0.346679688
vt 0.340576172 0.016113281
vn 0.149601594 0.944852650 -0.291329622
v -0.016147647 0.005249023 -0.336212158
vt 0.326660156 0.022705078
vn 0.314921528 0.889653563 -0.330667734
v 0.001975981 0.004272461 -0.334533691
vt 0.332275391 0.011962891
v -0.003526242 0.007171631 -0.322479248
vt 0.321289062 0.015625000
vn 0.244450808 0.827978969 -0.504672945
v 0.012502639 0.006164551 -0.325927734
vt 0.327392578 0.007324219
vn 0.015755771 0.961106777 -0.275727361
v -0.015010796 0.074401870 0.216934219
vt 0.041015625 0.479980469
vn 0.086716451 0.764680922 0.638547897
v -0.006655179 0.074661270 0.215576187
vt 0.043457031 0.478759766
vn 0.204775259 0.803348899 0.559193790
v 0.020843541 0.071029678 0.209518448
vt 0.047119141 0.470947266
vn 0.141351625 0.659640670 0.738169253
v -0.001203022 0.065933242 0.222625747
vt 0.041748047 0.473632812
vn 0.165879726 0.750408173 0.639821589
v 0.007053891 0.062469497 0.226638809
vt 0.042480469 0.470214844
vn 0.417607814 0.843095005 0.338813752
vt 0.098632812 0.312988281
vt 0.108398438 0.310302734
vt 0.104492188 0.330322266
vt 0.114746094 0.326416016
v -0.011270551 0.022872910 -0.294830322
vt 0.120361328 0.314941406
vn -0.441383064 0.638428926 -0.630547047
vt 0.123779297 0.303222656
v -0.012208968 0.025543198 -0.304168701
vt 0.121582031 0.322509766
vn -0.015721329 0.958996296 -0.282982528
vt 0.119140625 0.332275391
v -0.000918596 0.026336655 -0.300689697
vt 0.128906250 0.317138672
vn 0.378410459 0.543965101 -0.748937607
v 0.000566693 0.039382920 -0.291534424
vt 0.136230469 0.305664062
vn 0.362519413 0.693515658 -0.622587979
vt 0.125488281 0.292480469
v 0.010140392 0.027969345 -0.284851074
vt 0.141601562 0.315185547
vn 0.575052738 0.512033343 -0.638072371
v 0.004779788 0.022552475 -0.292816162
vt 0.136718750 0.320068359
vn 0.212512746 0.960243046 -0.181029499
vt 0.147705078 0.295166016
v 0.002653808 0.021591172 -0.306976318
vt 0.131103516 0.324218750
vn 0.172848240 0.817101240 -0.549972057
vt 0.139892578 0.274902344
vt 0.127197266 0.282470703
vt 0.127197266 0.269775391
vt 0.134277344 0.264404297
vt 0.143554688 0.262207031
vt 0.144531250 0.255126953
v -0.001858743 0.013336182 -0.323944092
vt 0.130126953 0.337890625
vn 0.400557727 0.714720905 -0.573347688
v 0.004536122 0.012207031 -0.311920166
vt 0.137207031 0.331298828
vn 0.252469778 0.788968444 -0.560167730
vt 0.133056641 0.341796875
vt 0.124023438 0.339599609
vt 0.643798828 0.438476562
vt 0.640625000 0.438476562
vt 0.642578125 0.431640625
vt 0.629638672 0.438964844
vt 0.634765625 0.433349609
v 0.002826024 0.020339981 0.291412354
vt 0.639892578 0.442871094
vn 0.134037063 0.954028547 0.268074065
v 0.013320015 0.031204239 0.266967773
vt 0.628417969 0.452148438
vn 0.535018623 0.715980828 0.448471397
v 0.003433510 0.043411270 0.261260986
vt 0.620117188 0.449218750
vn 0.646230519 0.622587919 0.441328019
vt 0.618896484 0.445556641
v 0.016084719 0.024459854 0.288574219
vt 0.641601562 0.449462891
vn 0.015765136 0.969556570 0.244359732
v 0.016532943 0.035385147 0.262268066
vt 0.625732422 0.454833984
vn 0.260213882 0.827953219 0.496771842
vt 0.614501953 0.446533203
vt 0.616943359 0.443359375
v 0.011629147 0.050231948 0.244659439
vt 0.610595703 0.453857422
vn 0.810195267 0.448360533 0.377566576
vt 0.604980469 0.452148438
vt 0.606933594 0.436767578
v 0.013793985 0.046157852 0.233749405
vt 0.605957031 0.458740234
vn 0.565092742 0.729911566 0.384576946
vt 0.593017578 0.445800781
vt 0.597900391 0.454833984
v 0.024635358 0.040771499 0.246002212
vt 0.616699219 0.459472656
vn 0.188556001 0.919210494 0.345685959
v 0.016380347 0.060958877 0.220657364
vt 0.595947266 0.460205078
vn 0.283755094 0.693623424 0.662094951
vt 0.594726562 0.452636719
vt 0.590576172 0.448730469
vt 0.589111328 0.457763672
v 0.033092543 0.035202041 0.261352539
vt 0.629150391 0.462890625
vn 0.000000005 0.935356557 0.353706270
v 0.030418435 0.049270645 0.226791397
vt 0.609375000 0.465576172
vn -0.086697504 0.859093726 0.504421949
v 0.017795602 0.055877700 0.226867691
vt 0.597900391 0.467773438
vn -0.996392667 0.047073629 0.070610635
v 0.032291450 0.056991592 0.218307510
vt 0.590087891 0.464111328
vn -0.678597331 0.733832061 0.031562727
vt 0.578857422 0.460937500
vt 0.580566406 0.445312500
v 0.037723579 0.078048721 0.216934219
vt 0.582519531 0.466308594
vn -0.927553833 -0.141491309 -0.345867395
v 0.025989570 0.080184951 0.225646988
vt 0.582031250 0.474609375
vn -0.557381570 -0.808595896 0.188410804
vt 0.563476562 0.465332031
vt 0.569335938 0.475097656
v 0.032444041 0.050964370 0.226821914
vt 0.609130859 0.467041016
vn -0.314153284 -0.911044836 0.267030418
v 0.030830421 0.098724380 0.225769043
vt 0.578857422 0.488037109
vn -0.401649475 0.779672623 0.480404377
v 0.017429391 0.090057388 0.232711807
vt 0.588378906 0.483398438
vn -0.922347009 -0.007883332 0.386282235
v 0.028850596 0.054153457 0.241333023
vt 0.607421875 0.474121094
vn -0.760556221 -0.478287965 0.439084142
v 0.040924113 0.050262466 0.234664932
vt 0.614746094 0.469970703
vn -0.796412051 -0.386378139 0.465230942
v 0.042263076 0.036026016 0.258880615
vt 0.630859375 0.468017578
vn -0.267285973 0.872610271 0.408790380
v 0.042789504 0.046569839 0.261688232
vt 0.621337891 0.480957031
vn -0.679104865 -0.560656428 0.473794311
v 0.056041762 0.045898452 0.255187988
vt 0.628662109 0.477294922
v 0.049655959 0.062667862 0.279510498
vt 0.621582031 0.493164062
vn -0.707521737 -0.322315484 0.628908396
v 0.069389388 0.047973648 0.266571045
vt 0.635498047 0.486816406
vn -0.619955897 -0.400224775 0.674888849
v 0.052772567 0.032424942 0.267761230
vt 0.638183594 0.473632812
vn -0.203916833 0.862725198 0.462734431
v 0.031375930 0.029342666 0.275390625
vt 0.638427734 0.460205078
vn -0.227578744 0.894620001 0.384529650
v 0.041179702 0.037506118 0.269744873
vt 0.637207031 0.467041016
vn -0.055307046 0.971823633 0.229129091
v 0.044300128 0.030517593 0.283020020
vt 0.647216797 0.466308594
vn 0.157990500 0.947943091 0.276483327
v 0.068351790 0.036132827 0.273406982
vt 0.641845703 0.483154297
vn -0.339161426 0.788747609 0.512685955
v 0.053993274 0.029602066 0.284851074
vt 0.647216797 0.472656250
vn -0.149806112 0.859414160 0.488841087
v 0.075683638 0.030075088 0.286743164
vt 0.649658203 0.486816406
vn -0.622471929 0.748542190 0.228502393
v 0.050937701 0.022308365 0.286285400
vt 0.650146484 0.470703125
vn 0.385337323 0.880771041 0.275240839
v 0.057945300 0.021804824 0.291961670
vt 0.652587891 0.473632812
vn -0.670185268 0.741146088 0.039422721
v 0.057910971 0.020523086 0.308380127
vt 0.660888672 0.470703125
vn -0.110321730 0.882574022 0.457047224
v 0.056884814 0.033126846 0.301025391
vt 0.657226562 0.477294922
vn -0.511779368 0.858214498 -0.039367609
v 0.071640067 0.031250015 0.318237305
vt 0.665039062 0.482666016
vn -0.031523399 0.811728597 0.583183646
v 0.071311995 0.048339859 0.285461426
vt 0.641357422 0.495117188
vn -0.998206854 -0.023579730 0.055019405
v 0.057670645 0.014953613 0.309020996
vt 0.664794922 0.469726562
vn 0.086458981 0.165057868 0.982487082
v 0.082695059 0.027847305 0.295898438
vt 0.656250000 0.489746094
vn -0.559714794 0.465115190 0.685847878
v 0.072212271 0.048599258 0.300903320
vt 0.650390625 0.499755859
vn -0.645269275 -0.322634697 0.692484319
v 0.080886893 0.026474014 0.314178467
vt 0.667480469 0.486572266
vn -0.384494156 0.878843784 0.282485515
v 0.073700003 0.015228271 0.313171387
vt 0.670898438 0.478271484
vn -0.353673398 0.392970562 0.848816514
v 0.079788260 0.024292007 0.321960449
vt 0.671875000 0.485107422
vn -0.094432518 0.629550636 0.771199524
v 0.096199088 0.038436905 0.307891846
vt 0.664306641 0.496826172
vn -0.457047194 0.110321783 0.882574201
v 0.057308249 0.012023926 0.315887451
vt 0.668945312 0.468261719
vn -0.164940760 0.942518234 -0.290609777
v 0.071220450 0.012969971 0.322845459
vt 0.675292969 0.474365234
vn 0.440685391 0.897109628 0.031477429
v 0.109779410 0.044006363 0.319793701
vt 0.668945312 0.509277344
vn -0.482533813 -0.300594926 0.822680831
v 0.113967948 0.026611343 0.312591523
vt 0.673095703 0.503417969
vn 0.000000121 0.188556045 0.982062519
v 0.117973380 0.024841323 0.314117402
vt 0.675048828 0.505615234
vn -0.607335567 0.725647748 0.323386550
v 0.132415831 0.021316543 0.320892304
vt 0.681640625 0.510253906
vn -0.070741117 -0.212223724 0.974657297
v 0.147857726 0.023162857 0.333190888
vt 0.689453125 0.518554688
vn -0.204775080 -0.559193790 0.803348899
v 0.136306822 0.033126846 0.331726044
vt 0.682861328 0.517089844
vn -0.353607863 -0.337892026 0.872232974
v 0.146713316 0.041824356 0.339965791
vt 0.687255859 0.525878906
vn 0.063062683 -0.236484513 0.969586670
v 0.135284483 0.055236831 0.335144013
vt 0.679443359 0.524169922
vn -0.449683934 -0.055224337 0.891478956
v 0.074180655 0.061599746 0.303863525
vt 0.648681641 0.507080078
vn -0.645269215 0.031476557 0.763306499
v 0.106391959 0.052612320 0.319244385
vt 0.665283203 0.514404297
vn -0.447199732 0.007845631 0.894399762
v 0.105354361 0.069076553 0.320800781
vt 0.663330078 0.523925781
vn -0.306886882 0.802627265 0.511478186
v 0.132980406 0.064910904 0.335174531
vt 0.677490234 0.527343750
vn -0.244079262 0.385802865 0.889708698
v 0.142913878 0.066009536 0.332550019
vt 0.681152344 0.532470703
vn -0.055267360 0.923754573 0.378976196
v 0.150848433 0.069198623 0.312469453
vt 0.672363281 0.541503906
vn 0.015693612 0.988699138 0.149089515
v 0.107032828 0.070358291 0.307891846
vt 0.655761719 0.525146484
vn -0.015734389 0.967664421 0.251750052
v 0.083351187 0.071273819 0.311523438
vt 0.651123047 0.514648438
vn -0.267749667 0.669374347 0.692999363
v 0.078033492 0.074768081 0.286956787
vt 0.639648438 0.516601562
vn -0.267055094 0.958256423 0.102109276
v 0.128753707 0.073425308 0.288391083
vt 0.645263672 0.537841797
vn 0.015776895 0.986057222 0.165657565
v 0.076538138 0.053802505 0.302825928
vt 0.648437500 0.502441406
vn -0.986057103 -0.015776949 0.165657729
v 0.070426986 0.064163223 0.291748047
vt 0.643066406 0.507568359
vn -0.976771712 0.173298165 -0.126034945
v 0.082374617 0.076507583 0.274536133
vt 0.631103516 0.517089844
vn 0.346790195 0.701461852 0.622645795
v 0.139694259 0.076843277 0.266021699
vt 0.632568359 0.544433594
vn 0.047314521 0.993605554 0.102514803
v 0.079818770 0.058853164 0.274414062
vt 0.635742188 0.504638672
vn -0.914264917 0.323145300 -0.244329304
v 0.070823714 0.054595962 0.280029297
vt 0.634521484 0.496582031
vn 0.126250818 -0.418205380 0.899536073
v 0.118370093 0.080596939 0.247589111
vt 0.621093750 0.534667969
vn 0.480836987 0.811905026 0.331067979
v 0.103668258 0.096084610 0.260345459
vt 0.618408203 0.526367188
vn 0.636376500 0.424251020 0.644232869
v 0.057674456 0.080047622 0.293975830
vt 0.622314453 0.504150391
vn 0.173330605 -0.007878607 0.984832168
v 0.081916854 0.093658462 0.275268555
vt 0.617919922 0.517089844
vn 0.189523593 0.884443343 0.426427990
v 0.101486243 0.098815933 0.240798935
vt 0.607421875 0.531738281
vn 0.228502333 0.953406394 0.196984708
v 0.115005530 0.093917862 0.233688354
vt 0.608886719 0.538574219
vn 0.471259207 0.777577579 0.416278839
v 0.104957618 0.102371231 0.222137436
vt 0.596923828 0.537353516
vn 0.047338098 0.970431209 0.236690506
v 0.049900100 0.093994156 0.283355713
vt 0.612548828 0.504150391
vn -0.558760643 0.574500501 0.598110139
v 0.039604232 0.080902115 0.264953613
vt 0.605957031 0.494384766
vn -0.833200455 0.055022657 0.550226808
v 0.046325725 0.095352188 0.265380859
vt 0.602050781 0.504882812
vn -0.149532169 0.960153878 0.236103386
v 0.074417152 0.098617569 0.243331894
vt 0.599365234 0.520019531
vn 0.007899256 0.987409830 0.157985523
v 0.030481379 0.098022476 0.253143311
vt 0.591552734 0.497314453
vn -0.205150947 0.938960135 0.276164740
v 0.066848792 0.104827896 0.204040512
vt 0.574462891 0.517089844
vn -0.110301241 0.984832287 0.133937150
v 0.123977691 0.111831680 0.202682480
vt 0.584228516 0.545898438
vn 0.212618232 0.897721350 0.385862619
v 0.102546722 0.115600586 0.170379624
vt 0.559570312 0.536865234
vn -0.204048708 0.957459271 0.204048678
v 0.077819854 0.105499268 0.165512070
vt 0.555664062 0.526123047
vn -0.386162132 0.866894543 0.315234393
v 0.044014014 0.105270401 0.216964722
vt 0.576171875 0.498535156
vn -0.007892649 0.978686512 0.205208406
vt 0.560302734 0.473388672
v 0.041832004 0.106262222 0.196151733
vt 0.564941406 0.500000000
vn 0.023614686 0.999690175 0.007871530
v 0.047157321 0.100463882 0.195907593
vt 0.566406250 0.504150391
vn 0.376693666 0.926038682 0.023543265
v 0.046119720 0.105224624 0.182678223
vt 0.559082031 0.505615234
vn 0.125502720 0.988334119 0.086283080
v 0.061473880 0.098266616 0.195159897
vt 0.568359375 0.512939453
vn -0.086288497 0.996239424 -0.007844437
v 0.062358886 0.104705811 0.167480454
vt 0.553710938 0.516845703
vn 0.063241646 0.814235628 0.577079594
vt 0.202148438 0.792480469
vt 0.189941406 0.759033203
v 0.045017265 0.000457764 0.090003975
vt 0.222900391 0.782714844
vt 0.234619141 0.746582031
v 0.101638809 0.000427246 0.044036862
vt 0.259765625 0.777099609
v 0.118904121 0.000427246 -0.033500675
vt 0.287353516 0.747314453
v 0.134094268 0.000457764 0.089981079
vt 0.262207031 0.805908203
v 0.170684829 0.000274658 0.037219990
vt 0.291748047 0.791992188
vt 0.238525391 0.177246094
vt 0.227783203 0.191894531
vt 0.208740234 0.182373047
v 0.016803769 0.106079102 0.162094116
vt 0.240722656 0.191406250
vn 0.251462311 0.950842023 0.180738494
vt 0.231201172 0.198242188
vt 0.245117188 0.177490234
vt 0.236328125 0.198486328
v 0.047462493 0.105697632 0.160430908
vt 0.254150391 0.185546875
vn -0.550976157 0.755624473 0.354198992
vt 0.255859375 0.173583984
v 0.017742183 0.104766846 0.140502930
vt 0.249267578 0.199951172
vn 0.756374598 0.646070063 0.102425598
v 0.029966382 0.102188110 0.154266357
vt 0.249023438 0.191894531
vn -0.031480499 0.999504447 -0.000000040
vt 0.251953125 0.209472656
vt 0.242919922 0.217529297
v 0.030571008 0.106643677 0.128234863
vt 0.256591797 0.200927734
vn -0.457260251 0.575517297 0.678006649
v 0.025533702 0.111770630 0.140335083
vt 0.258300781 0.205566406
vn -0.172933638 -0.141491219 0.974717557
vt 0.257812500 0.218505859
v 0.038066886 0.127532959 0.137619019
vt 0.270507812 0.201904297
vn -0.110662393 0.766732633 0.632356703
v 0.055339843 0.119384766 0.167251587
vt 0.261230469 0.181884766
v 0.076446563 0.115966797 0.163253769
vt 0.265625000 0.170410156
vn -0.071129017 0.908870935 0.410967708
vt 0.260742188 0.166259766
v 0.068000816 0.123901367 0.121406555
vt 0.284423828 0.191406250
vn -0.102680959 0.726665676 0.679274380
v 0.044536613 0.129776001 0.121726990
vt 0.277587891 0.205078125
vn 0.529979765 0.806834877 0.261034727
vt 0.264404297 0.221679688
v 0.049434684 0.126480103 0.118911743
vt 0.282714844 0.202148438
vn -0.762904823 0.110109985 0.637065053
v 0.044139881 0.138381958 0.090927124
vt 0.284423828 0.219238281
vn -0.480404317 0.779672623 0.401649535
v 0.092330962 0.126358032 0.168533310
vt 0.270996094 0.159912109
vn -0.109923147 0.879385352 0.463247597
vt 0.269042969 0.149169922
v 0.108612090 0.113037109 0.163513169
vt 0.274902344 0.150634766
vn 0.363230914 0.797528684 0.481675684
v 0.116256744 0.120727539 0.159698471
vt 0.281494141 0.147949219
vn 0.149107888 0.988820970 -0.000000063
v 0.083999656 0.121765137 0.138900742
vt 0.278564453 0.175537109
vn -0.561216533 0.395222962 0.727210343
v 0.107093833 0.124893188 0.151412949
vt 0.281250000 0.156982422
vn -0.109892592 0.416022390 0.902689934
v 0.068061851 0.131408691 0.135940537
vt 0.286865234 0.183349609
vn -0.874530971 0.354539573 0.330903679
v 0.032207508 0.157920837 0.117141724
vt 0.302246094 0.210449219
vn -0.559714735 -0.039416529 0.827747464
v 0.097274803 0.156753555 0.122116081
vt 0.311767578 0.176025391
vn -0.063243471 0.284596115 0.956559181
v 0.100868247 0.152191177 0.158584580
vt 0.293457031 0.165283203
vn -0.466013730 -0.015797062 0.884636521
v 0.093292259 0.161331192 0.142196640
vt 0.300292969 0.171630859
vn -0.315029025 0.937211275 0.149638772
v 0.112731963 0.142723098 0.159149155
vt 0.294677734 0.159179688
vn 0.710425496 0.647276580 0.276276439
v 0.121864341 0.130752563 0.146957383
vt 0.294189453 0.151855469
vn 0.780399084 0.346844077 0.520265877
v 0.130828887 0.128585815 0.151336655
vt 0.293457031 0.147216797
vn -0.306924939 0.873555601 0.377753794
v 0.124488853 0.135772705 0.125778183
vt 0.307128906 0.155029297
vn 0.526906192 0.660598695 0.534770310
v 0.123352073 0.128799438 0.131469712
vt 0.302734375 0.152343750
vn -0.401674420 0.819100857 0.409550458
v 0.141296402 0.151931778 0.125106797
vt 0.316406250 0.149658203
vn -0.062952995 0.299027294 0.952165782
v 0.138122588 0.136993408 0.140457138
vt 0.303222656 0.144775391
vn -0.785553038 0.581309199 0.212099403
v 0.135269195 0.125961304 0.156890854
vt 0.291748047 0.144287109
vn -0.260149032 0.149782881 0.953880310
v 0.123123199 0.093841553 0.157943726
vt 0.277099609 0.135253906
vn 0.369472325 0.055027831 0.927610993
v 0.136032134 0.137573242 0.148391709
vt 0.299316406 0.141845703
vn -0.599298954 0.354848117 0.717581809
v 0.143173248 0.153877273 0.135635361
vt 0.312255859 0.143066406
vn -0.688973486 0.649827123 -0.320998907
v 0.153381363 0.150527969 0.125961289
vt 0.318115234 0.141357422
vn -0.219927743 0.973965526 -0.054981936
v 0.139785796 0.156784073 0.148681626
vt 0.307617188 0.137451172
vn -0.527150750 0.849735498 -0.007867889
v 0.169342056 0.158111587 0.123023972
vt 0.320800781 0.132080078
vn -0.039433766 0.977955699 -0.205055252
v 0.160705596 0.165092483 0.154541001
vt 0.307128906 0.125732422
vn -0.188935354 0.739997029 0.645529211
v 0.158126861 0.136413574 0.164154038
vt 0.294189453 0.125976562
vn -0.724140048 0.425038755 0.543105185
v 0.175231963 0.127029449 0.171203583
vt 0.285156250 0.122314453
vn -0.393213421 -0.235928103 0.888662636
v 0.153579742 0.137268081 0.172378525
vt 0.291992188 0.118896484
vn -0.588275909 -0.117655195 0.800055444
v 0.165008575 0.155723587 0.172714218
vt 0.298095703 0.112792969
vn 0.023650663 0.946026444 0.323225647
v 0.165786773 0.145599380 0.158294663
vt 0.299804688 0.122314453
vn -0.598573625 0.401674420 0.693085372
v 0.167419463 0.157524124 0.152023301
vt 0.308105469 0.121093750
vn 0.392534316 0.918530405 0.047104031
v 0.231338531 0.129425079 0.176254243
vt 0.299560547 0.079101562
vn 0.313631415 0.948735178 0.039203849
v 0.179565445 0.152900711 0.112457260
vt 0.325927734 0.126953125
vn 0.353607982 0.935096681 -0.023573954
v 0.216369659 0.135971084 0.143096894
vt 0.318359375 0.098388672
vn 0.379366606 0.924706161 0.031613797
v 0.158432022 0.155853286 0.109283432
vt 0.326416016 0.139404297
vn 0.717693329 0.678259671 0.157734677
v 0.162963882 0.150558487 0.101966843
vt 0.330566406 0.134521484
vn 0.102600992 0.994440794 0.023677105
v 0.165664688 0.155525222 0.088829026
vt 0.336914062 0.130371094
vn -0.529367268 0.450357288 0.718991518
v 0.142990127 0.179237381 0.123870835
vt 0.330810547 0.156005859
vn 0.347189426 0.355080068 0.867973268
v 0.158782974 0.155624390 0.084030136
vt 0.343994141 0.130615234
vn 0.780447543 0.622781396 0.055183034
v 0.157684341 0.173599243 0.082778916
vt 0.340087891 0.124267578
vn -0.762527764 0.644611001 -0.055027705
v 0.138595596 0.187553421 0.101203904
vt 0.343017578 0.152343750
vn 0.843881130 0.536298335 0.015773345
v 0.104568496 0.204799652 0.121482834
vt 0.335693359 0.181152344
vn 0.023650767 0.323225677 0.946026325
v 0.128692642 0.202789322 0.105033860
vt 0.348632812 0.166992188
vn 0.710314870 0.607713878 0.355157316
v 0.116134658 0.200866714 0.102783188
vt 0.345703125 0.173339844
vn 0.377917677 0.692848980 0.614116013
v 0.090957657 0.203193679 0.117240891
vt 0.337402344 0.189208984
vn 0.339934349 -0.268785179 0.901220977
v 0.076133743 0.192955017 0.116836540
vt 0.329589844 0.196044922
vn -0.086837776 0.055260524 0.994688690
v 0.120697036 0.212841034 0.109046921
vt 0.351562500 0.177734375
vn 0.751158476 0.071162432 0.656275094
v 0.073516861 0.198425293 0.119132988
vt 0.333496094 0.198486328
vn -0.055032745 -0.007861799 0.998453617
v 0.046684284 0.177986145 0.117301941
vt 0.318359375 0.209716797
vn -0.118212767 0.000000038 0.992988288
v 0.106575027 0.215179443 0.121200547
vt 0.348876953 0.186279297
vn 0.315430462 -0.070971765 0.946290970
v 0.105339065 0.227310181 0.111778244
vt 0.359619141 0.185302734
vn 0.690456390 0.298151642 0.659071803
v 0.098922744 0.238519683 0.120193467
vt 0.363281250 0.191650391
vn 0.015734022 0.039334778 0.999102235
v 0.100669876 0.246921554 0.113021836
vt 0.373046875 0.186767578
vn 0.851582527 0.520411611 0.063080050
v 0.120887771 0.215862274 0.090576157
vt 0.360351562 0.167480469
vn 0.849341154 0.526906133 0.031456944
v 0.129867569 0.201332107 0.093132004
vt 0.353515625 0.162353516
vn 0.849656463 0.527101755 0.015734244
v 0.134323135 0.194427490 0.082321152
vt 0.354736328 0.153564453
vn 0.843749940 0.536214948 0.023656407
v 0.129882827 0.201332107 0.092269883
vt 0.353759766 0.162109375
v 0.129882827 0.201354995 0.091407761
vt 0.354248047 0.161621094
v 0.147155777 0.174545303 0.086219773
vt 0.346923828 0.142333984
v 0.147155777 0.174545303 0.085357651
vt 0.347656250 0.142089844
vn 0.843959868 0.536348343 0.007887341
v 0.147155777 0.174552917 0.084495530
vt 0.348144531 0.141845703
vn 0.841633022 0.527003944 -0.117986083
v 0.158416763 0.159072876 0.043312054
vt 0.364013672 0.127197266
vn 0.784464598 0.619727075 0.023533810
v 0.123809822 0.214275360 0.017099366
vt 0.395507812 0.148437500
vn 0.849525154 0.527020276 0.023597786
v 0.112098701 0.231231689 0.047447190
vt 0.389892578 0.163818359
v 0.103782654 0.247560501 -0.004035485
vt 0.419921875 0.159667969
v 0.090240486 0.266200840 0.052539814
vt 0.403076172 0.192138672
vn 0.818491697 0.574518323 -0.000000132
v 0.082824714 0.277863503 0.050785054
vt 0.411621094 0.199951172
vn 0.739859402 0.669021845 0.070837468
v 0.078643799 0.286148071 0.025747288
vt 0.426269531 0.198242188
vn 0.487584770 0.872934043 -0.015728643
v 0.087539680 0.270449638 0.066352829
vt 0.396728516 0.194335938
vn 0.853175342 0.521384954 0.015799409
v 0.075241096 0.289649963 0.085708611
vt 0.392578125 0.202880859
vn 0.748774588 0.662074506 -0.031527482
v 0.071037300 0.282854080 0.064155571
vt 0.405273438 0.206542969
v 0.081520095 0.277800560 0.102729790
vt 0.383789062 0.200195312
vn 0.604801238 0.738328755 0.298473209
v 0.065658577 0.292310715 0.089958183
vt 0.394042969 0.211181641
vn -0.284427285 0.948090971 0.142213613
v 0.097564712 0.251148224 0.119834885
vt 0.370849609 0.191650391
vn 0.827670276 0.488719583 0.275889903
v 0.083999649 0.272169113 0.118377678
vt 0.376708984 0.201171875
vn 0.173849300 0.576863408 0.798125982
v 0.067428604 0.274944305 0.103775017
vt 0.382568359 0.208251953
vn 0.133506969 0.824601710 0.549734354
v 0.063591018 0.272103310 0.116821282
vt 0.374755859 0.209716797
v 0.059585590 0.232074738 0.117301933
vt 0.352539062 0.208496094
vn -0.078475311 0.023542671 0.996638060
v 0.045005813 0.278851509 0.112289421
vt 0.377929688 0.219238281
vn -0.379425883 0.885327101 0.268760026
v 0.031700149 0.267346740 0.114418022
vt 0.370849609 0.224853516
vn -0.402549267 0.449908108 0.797205627
vt 0.358154297 0.235839844
vt 0.390380859 0.236816406
vt 0.318847656 0.220703125
v 0.061370857 0.287750244 0.057727806
vt 0.408935547 0.214355469
vn -0.267924309 0.961375296 -0.063041009
v 0.019462591 0.251411438 0.032737728
vt 0.415039062 0.247802734
vn -0.626954675 0.775856376 -0.070532352
vt 0.429931641 0.258789062
v 0.063491821 0.286468506 0.017896645
vt 0.430175781 0.213378906
vn -0.462834120 0.878600240 -0.117669657
v 0.055103302 0.276352882 -0.010302551
vt 0.445312500 0.219726562
vn -0.533567250 0.839583755 -0.102005467
v 0.072021492 0.280205727 0.033817280
vt 0.423828125 0.205810547
vn 0.274537176 0.956958413 -0.094127141
v 0.061969757 0.269327402 -0.008705148
vt 0.448242188 0.208251953
vn -0.141500056 0.966916621 -0.212250024
v 0.070259102 0.283529282 0.049934380
vt 0.415527344 0.208007812
vn 0.379283667 0.916602373 -0.126428008
v 0.070167549 0.283414841 0.051231377
vt 0.413818359 0.207763672
vn 0.408942014 0.912255347 -0.023592904
v 0.033294693 0.157173157 0.079216003
vt 0.297363281 0.227294922
vn -0.894785285 -0.439543694 0.078490078
v 0.027723331 0.164138794 0.106567390
vt 0.310546875 0.223876953
vn -0.755741477 -0.645529270 0.110212438
vt 0.317382812 0.240234375
vt 0.294433594 0.249755859
v 0.031057369 0.160263062 0.050441742
vt 0.287597656 0.238281250
vn -0.860136211 -0.418231428 0.291973025
v 0.018270504 0.153396606 0.054122925
vt 0.280273438 0.241455078
vn 0.768893600 0.156917110 0.619822264
vt 0.287841797 0.253417969
v 0.025337232 0.151199341 0.059429169
vt 0.280029297 0.236572266
vn -0.267261237 0.801783741 0.534522533
vt 0.272949219 0.246826172
vt 0.283691406 0.257324219
vt 0.274658203 0.239501953
vt 0.266113281 0.248291016
v 0.030570999 0.143684387 0.073089600
vt 0.276367188 0.230957031
vn -0.039473031 0.994719684 0.094735168
vt 0.270996094 0.240966797
v 0.010913864 0.136520386 0.071182258
vt 0.268066406 0.239013672
vn -0.448638231 0.842180371 -0.299092054
vt 0.260009766 0.239990234
v 0.025674835 0.154220581 0.076484688
vt 0.270751953 0.230712891
vn -0.078713395 0.960302532 -0.267625302
vt 0.260986328 0.226562500
vt 0.710205078 0.975341797
v -0.002579631 0.017166153 0.361999512
vt 0.707031250 0.985839844
vn -0.608548403 0.790322483 -0.071128972
vt 0.702636719 0.978027344
vt 0.700195312 0.992187500
vt 0.699218750 0.980957031
v 0.003689828 0.014587432 0.386962891
vt 0.718750000 0.980712891
vn -0.377391607 0.849131167 0.369529307
v 0.009335582 0.002685577 0.398712158
vt 0.725341797 0.974853516
vn -0.063080050 -0.520411491 0.851582527
v 0.024362626 0.014465362 0.389251709
vt 0.726562500 0.988769531
v 0.024234831 0.018447891 0.364929199
vt 0.714843750 0.995117188
vn 0.213094398 0.970763624 -0.110493496
v 0.036235869 0.012481719 0.379943848
vt 0.722656250 1.000000000
vn 0.910455227 0.227613851 -0.345345229
v 0.005986271 0.017837539 0.356475830
vt 0.706787109 0.991210938
vn -0.094313063 0.675909281 -0.730925262
v 0.014247951 0.006317168 0.349822998
vt 0.703857422 0.999023438
vn 0.553381205 0.237163439 -0.798450232
v 0.015741406 0.000427276 0.352355957
vt 0.699951172 0.996826172
vn 0.275753021 -0.929681659 -0.244238392
vt 0.659667969 0.430419922
vt 0.658203125 0.434814453
vt 0.655029297 0.431884766
v 0.005093149 0.010253906 0.308807373
vt 0.652832031 0.437500000
vn 0.464322388 0.653199196 0.598110080
v 0.014288954 0.012145996 0.310821533
vt 0.655517578 0.440917969
vn -0.134493470 0.775315642 0.617087841
v 0.011396463 0.005920410 0.328796387
vt 0.666259766 0.437500000
vn 0.062819026 0.981547654 0.180604711
vt 0.670654297 0.420410156
v 0.015391407 0.002624542 0.341857910
vt 0.674072266 0.438232422
vn 0.070636578 0.965366781 0.251152307
v 0.021751458 0.006042480 0.324768066
vt 0.666503906 0.442382812
vn 0.023589894 0.943595767 0.330258459
v 0.015333227 0.023513809 0.309265137
vt 0.650146484 0.443603516
vn 0.314483345 0.809794545 0.495311171
v 0.026573235 0.010528564 0.319854736
vt 0.663818359 0.445312500
vn 0.094196640 0.949816108 0.298289329
v 0.020052008 0.012054443 0.306091309
vt 0.656494141 0.446289062
vn -0.337662667 0.408336401 0.848083317
v 0.031456046 0.009460449 0.313873291
vt 0.665039062 0.449951172
vn -0.196255043 0.855672121 0.478862405
v 0.033187922 0.004882812 0.327880859
vt 0.672363281 0.448486328
vn -0.118330546 0.946644366 0.299770713
v 0.039447837 0.012420654 0.322937012
vt 0.672607422 0.457275391
vn -0.329810023 0.180610359 0.926609516
v 0.024833729 0.018310562 0.295471191
vt 0.648193359 0.451660156
vn -0.102508508 0.985658526 0.134049535
v 0.022497229 0.022811905 0.312713623
vt 0.657226562 0.451660156
vn -0.754340291 0.487178177 0.440031946
v 0.036296893 0.025375381 0.280853271
vt 0.643310547 0.460937500
vn -0.377566725 0.888854980 0.259577155
v 0.033767752 0.025085464 0.306732178
vt 0.654785156 0.457031250
vn -0.203791574 0.971928954 0.117572039
v 0.038684897 0.020538345 0.325744629
vt 0.665527344 0.458007812
vn -0.141855434 0.756562650 0.638349593
v 0.035511065 0.030151382 0.288085938
vt 0.647460938 0.461669922
vn -0.535948396 0.843330503 -0.039407935
v 0.045269065 0.019912735 0.321289062
vt 0.665283203 0.461181641
vn 0.331780076 0.837349772 0.434473872
v 0.026031539 0.030609146 0.269256592
vt 0.633789062 0.458251953
vn -0.047349885 0.899648130 0.434040755
v 0.024702117 0.037002578 0.264343262
vt 0.628906250 0.458496094
vn 0.039310448 0.849105000 0.526759505
v 0.046154074 0.012084961 0.322174072
vt 0.672607422 0.460449219
vn -0.653847516 0.732624233 -0.189064279
v 0.047798213 0.006866455 0.331054688
vt 0.677978516 0.456787109
vn -0.188236728 0.878438175 0.439219087
v 0.057136588 0.024154678 0.322875977
vt 0.675292969 0.466064453
vn -0.110376634 0.993389368 -0.031536199
v 0.043079432 0.002899170 0.340789795
vt 0.679931641 0.448242188
vn -0.189064324 0.921688557 0.338740230
v 0.052246150 0.008148223 0.342376709
vt 0.681640625 0.453125000
vn -0.039497625 0.947943091 0.315980971
v 0.050399836 0.001647979 0.347595215
vt 0.684326172 0.452148438
vn -0.410467952 -0.323638260 0.852510691
v 0.048030909 0.012878418 0.332580566
vt 0.677734375 0.459716797
v 0.062950186 0.007080078 0.333129883
vt 0.684814453 0.464599609
vn -0.039525911 0.505932868 0.861666739
v 0.061847743 0.015838623 0.337738037
vt 0.681152344 0.466064453
vn -0.047093872 0.502335668 0.863389373
v 0.069023184 0.014678955 0.332702637
vt 0.680419922 0.470947266
vn 0.703892887 0.561532497 0.434989840
v 0.062583975 0.018508926 0.316162109
vt 0.672851562 0.469238281
vn 0.370480835 0.465071827 -0.804022551
v 0.040401515 0.000518799 0.340881348
vt 0.680419922 0.446289062
vn 0.007887779 -0.993852854 0.110428140
v 0.061069544 0.002777129 0.344085693
vt 0.688720703 0.449462891
vn 0.063125476 -0.544455945 0.836410820
v 0.014421520 0.000457793 0.341674805
vt 0.674804688 0.437988281
vn 0.047416437 -0.995744109 0.079027347
v 0.071922354 0.000457764 0.332794189
vt 0.694824219 0.443115234
vn 0.000000045 -0.999969006 0.007873815
vt 0.683105469 0.429443359
vt 0.947265625 0.740966797
vt 0.959716797 0.745361328
vt 0.936767578 0.754150391
vt 0.954101562 0.738281250
vt 0.946777344 0.739990234
vt 0.938720703 0.725341797
vt 0.958496094 0.735107422
vt 0.970703125 0.744628906
v 0.034839693 0.000640899 0.380828857
vt 0.979736328 0.731689453
vn 0.323668599 -0.931533813 0.165781438
vt 0.988525391 0.747558594
vt 0.991210938 0.733642578
vt 0.979980469 0.726562500
vt 0.957763672 0.731201172
v -0.007076300 0.012817353 -0.364562988
vt 0.652832031 0.017333984
vn -0.989827275 -0.015711581 0.141404018
v 0.006353337 0.009490937 -0.398712158
vt 0.631591797 0.020263672
vn -0.361846089 0.086528331 -0.928213477
v 0.035289727 0.000549287 -0.382049561
vt 0.633789062 0.000244141
vn 0.023597207 -0.983216226 -0.180911750
v 0.013383831 0.000823945 -0.350067139
vt 0.656005859 0.000244141
vn 0.361846089 -0.086528331 0.928213477
vt 0.112304688 0.897460938
vt 0.104492188 0.893310547
vt 0.111328125 0.888671875
v 0.021486262 0.054214463 -0.226135239
vt 0.106445312 0.885498047
vn -0.267286152 0.196533784 -0.943362415
vt 0.109375000 0.905029297
vt 0.091552734 0.900634766
v 0.014267900 0.047485337 -0.235198960
vt 0.117919922 0.882324219
vn 0.575374186 0.725129128 -0.378328353
v 0.028930644 0.050384507 -0.227142319
vt 0.108642578 0.881103516
vn -0.423898041 0.502397478 -0.753596246
vt 0.118896484 0.887695312
vt 0.115478516 0.896972656
v 0.012047744 0.050415024 -0.245986924
vt 0.123535156 0.885986328
vn 0.725309372 0.599168718 -0.339003414
vt 0.135009766 0.888183594
vt 0.135498047 0.892089844
v 0.036067944 0.062576279 -0.218704209
vt 0.097900391 0.887939453
vn -0.667102873 0.714192450 -0.211903185
v 0.016996363 0.057418808 -0.229812607
vt 0.101074219 0.879882812
vn -0.872367620 0.039295826 0.487268537
v 0.028974511 0.056732163 -0.244140610
vt 0.108154297 0.874267578
vn -0.841450989 -0.196600720 -0.503297627
v 0.034297924 0.076705918 -0.207473740
vt 0.091796875 0.893066406
vn -0.648794413 0.118681833 -0.751651943
v 0.018566109 0.091491684 -0.235198960
vt 0.088623047 0.869628906
vn -0.923323154 0.063133150 -0.378799111
v 0.029682141 0.078750595 -0.210632309
vt 0.090576172 0.895019531
vn -0.023709659 -0.979999900 -0.197580576
v 0.035373662 0.097183213 -0.264099121
vt 0.073486328 0.850585938
vn -0.251152456 0.918275774 -0.306091934
v 0.038421605 0.080978379 -0.266754150
vt 0.077148438 0.842529297
vn -0.825442135 0.125781581 -0.550294578
v 0.031194665 0.100830063 -0.228347778
vt 0.074707031 0.877197266
vn -0.417103171 0.794856787 -0.440712661
v 0.037208535 0.079177842 -0.219955429
vt 0.087158203 0.888671875
vn -0.550907850 -0.779141247 0.299064428
vt 0.076416016 0.901367188
v 0.027479149 0.084152207 -0.227371201
vt 0.084472656 0.881103516
vn -0.824703515 -0.557656646 -0.094251692
vt 0.075439453 0.889648438
v 0.016693095 0.081161484 -0.223098740
vt 0.077880859 0.887207031
vn -0.063031279 -0.732737958 -0.677585542
vt 0.076660156 0.884521484
vt 0.068847656 0.882812500
v 0.015829066 0.081237778 -0.223098740
vt 0.076904297 0.887451172
vn -0.047314610 -0.733375609 -0.678175211
v 0.014965990 0.081237778 -0.223037705
vt 0.076660156 0.887939453
vn -0.015696110 -0.737714589 -0.674930274
vt 0.197509766 0.066406250
vt 0.205566406 0.061767578
vt 0.208251953 0.072021484
v 0.028089492 0.005889893 -0.324188232
vt 0.188720703 0.072509766
vn -0.094652750 0.907087922 -0.410161525
v 0.013350457 0.012329102 -0.312255859
vt 0.202392578 0.074218750
vn 0.015721118 0.597407460 -0.801783741
vt 0.213134766 0.075927734
v 0.017089814 0.023437485 -0.310638428
vt 0.206054688 0.080078125
vn 0.275752932 0.890288413 -0.362418324
vt 0.217529297 0.085449219
v 0.020364732 0.012664795 -0.308593750
vt 0.198486328 0.078125000
vn -0.463734001 0.322255701 -0.825289071
v 0.022350283 0.020019516 -0.294250488
vt 0.207519531 0.090087891
vn -0.031457156 0.967305303 -0.251656681
vt 0.220458984 0.089599609
v 0.035785642 0.002532959 -0.340576172
vt 0.181640625 0.065673828
vn -0.031597193 0.955812752 -0.292273343
vt 0.195800781 0.057128906
vt 0.195556641 0.048828125
vt 0.195068359 0.046875000
vt 0.182617188 0.062988281
v 0.051502194 0.000640839 -0.348571777
vt 0.168945312 0.063476562
vn -0.165678233 -0.923064411 -0.347135305
v 0.042644467 0.003082246 -0.345367432
vt 0.173828125 0.065673828
vn -0.331562966 0.860484660 -0.386823386
v 0.058650937 0.005218476 -0.351043701
vt 0.160156250 0.065673828
vn 0.023573779 0.935096681 -0.353608042
v 0.044757809 0.006378174 -0.329681396
vt 0.177001953 0.073486328
vn -0.322574824 0.841841400 -0.432722211
v 0.049995389 0.007781982 -0.335845947
vt 0.168945312 0.071777344
v 0.060714688 0.006805420 -0.334472656
vt 0.161376953 0.075439453
vn 0.196838066 0.716491044 -0.669249892
v 0.048480954 0.011840820 -0.334960938
vt 0.169433594 0.073974609
vn -0.534853220 0.346081376 -0.770817697
v 0.037780732 0.012695312 -0.323791504
vt 0.183837891 0.077880859
vn -0.424565703 0.353804588 -0.833406448
v 0.045623749 0.011901855 -0.324890137
vt 0.177978516 0.077148438
vn -0.620950997 0.778153837 0.094321720
v 0.041206326 0.020935044 -0.328704834
vt 0.185058594 0.083496094
vn 0.023648325 0.614859760 -0.788281858
v 0.056396451 0.023345932 -0.327148438
vt 0.172607422 0.081054688
vn -0.464322329 0.881425381 -0.086568542
v 0.046005219 0.010192871 -0.320129395
vt 0.179199219 0.081787109
vn 0.417258054 0.606205285 -0.677060425
v 0.062145203 0.020568833 -0.319641113
vt 0.173339844 0.085937500
vn 0.244079411 0.889708757 0.385802835
v 0.061286893 0.018920884 -0.337310791
vt 0.168945312 0.080810547
vn 0.110007875 0.817202151 -0.565755367
v 0.068000764 0.013916016 -0.338409424
vt 0.165527344 0.082275391
vn 0.677060366 0.338530242 -0.653442144
v 0.070693940 0.006927490 -0.330047607
vt 0.161376953 0.085937500
vn -0.384766757 0.910876215 -0.149195239
v 0.070777863 0.011413574 -0.320495605
vt 0.168945312 0.090576172
vn 0.505002618 0.836410701 -0.213048086
v 0.080726594 0.011444092 -0.323059082
vt 0.164550781 0.093505859
vn -0.717738032 0.686188936 -0.118308388
v 0.076019257 0.016616806 -0.314575195
vt 0.166748047 0.098632812
vn -0.316060066 0.244946405 -0.916573763
v 0.064849824 0.013214111 -0.315185547
vt 0.174804688 0.092041016
vn -0.236191362 0.535366654 -0.810923100
v 0.072059602 0.029525742 -0.321777344
vt 0.172363281 0.101318359
vn -0.180465862 0.353085101 -0.918021262
v 0.083679169 0.028594956 -0.312713623
vt 0.169921875 0.109619141
vn 0.165292799 0.976015031 -0.141679645
v 0.058410615 0.020324692 -0.310302734
vt 0.180664062 0.096923828
vn -0.110031895 0.377251714 -0.919551075
v 0.056648225 0.033218369 -0.304656982
vt 0.181152344 0.105957031
vn -0.299027324 0.952165782 -0.062953115
v 0.069725007 0.030639634 -0.288421631
vt 0.184814453 0.119628906
vn -0.086280532 0.996147394 -0.015687391
v 0.087127656 0.028091416 -0.301452637
vt 0.173339844 0.117431641
vn -0.639343143 0.623556852 -0.449908048
v 0.054172486 0.024856552 -0.302856445
vt 0.185058594 0.102539062
vn 0.149922609 0.978442669 -0.142032057
v 0.056739777 0.021560654 -0.295562744
vt 0.187011719 0.108154297
vn -0.535632372 0.803448617 0.259939283
v 0.078887910 0.029846177 -0.289794922
vt 0.180908203 0.121337891
vn -0.826234043 -0.118033484 -0.550822496
v 0.077995270 0.040527329 -0.301605225
vt 0.175537109 0.127441406
vn -0.671250284 -0.465926677 -0.576485455
v 0.049861882 0.023559555 -0.289001465
vt 0.191894531 0.109130859
vn -0.023578348 0.801659942 -0.597315311
v 0.070007294 0.033676133 -0.283477783
vt 0.187500000 0.123046875
vn -0.497034788 0.662712872 -0.560150146
v 0.071868867 0.044448838 -0.285919189
vt 0.185546875 0.131103516
vn -0.992218256 -0.039373789 -0.118121095
v 0.071662873 0.048156723 -0.302154541
vt 0.175781250 0.132080078
vn -0.898976505 -0.102514908 -0.425830841
v 0.073005646 0.064407334 -0.288177490
vt 0.177978516 0.141601562
vn -0.967395008 0.228084952 0.110110119
v 0.078544587 0.055572495 -0.276397705
vt 0.185058594 0.141357422
vn 0.102613673 -0.126293957 -0.986671269
v 0.079780549 0.075897202 -0.278717041
vt 0.177978516 0.151367188
vn 0.409195065 0.369849503 -0.834128737
v 0.069839448 0.052993760 -0.276062012
vt 0.191162109 0.139892578
vn -0.260448843 -0.678745329 -0.686637580
v 0.070098855 0.044311509 -0.262908936
vt 0.198730469 0.132812500
vn -0.824601769 -0.133506998 -0.549734294
v 0.064468354 0.062469468 -0.287445068
vt 0.191406250 0.147705078
vn -0.015738359 -0.574447215 -0.818390369
v 0.057048768 0.082092270 -0.296417236
vt 0.190429688 0.158203125
vn 0.244018748 -0.055101063 -0.968203962
v 0.084304780 0.093963608 -0.276428223
vt 0.176513672 0.166259766
vn 0.313833982 0.768893540 -0.557055652
v 0.117530800 0.080322251 -0.250579864
vt 0.156005859 0.175048828
vn 0.290082276 0.909447432 -0.297922492
v 0.047489140 0.060684189 -0.279327393
vt 0.204101562 0.152832031
vn -0.755460799 -0.267559052 -0.598072946
v 0.052799195 0.092681870 -0.290130615
vt 0.192138672 0.164794922
vn -0.550908029 0.653219402 -0.519427419
v 0.105163544 0.095886216 -0.261444092
vt 0.166259766 0.175292969
vn 0.598573625 0.693085313 -0.401674539
v 0.100013711 0.099212632 -0.243972793
vt 0.166259766 0.184814453
vn 0.251098126 0.949465096 -0.188323721
v 0.121147133 0.089141831 -0.237976074
vt 0.156005859 0.185058594
vn 0.812106907 0.583455563 0.007884402
v 0.096870400 0.103897080 -0.219223037
vt 0.174804688 0.201904297
vn 0.094862342 0.972339690 -0.213440493
v 0.074142434 0.099182114 -0.244216934
vt 0.177246094 0.185546875
vn 0.007899215 0.987409830 -0.157985613
v 0.052997563 0.096542343 -0.264312744
vt 0.193115234 0.177490234
vn -0.133577064 0.958611369 -0.251439035
vt 0.204101562 0.178955078
vt 0.207519531 0.166259766
vt 0.236328125 0.171630859
vt 0.230957031 0.147216797
v 0.042705510 0.047012314 -0.263916016
vt 0.213134766 0.144287109
vn -0.392473906 -0.855593085 -0.337527424
vt 0.241455078 0.138671875
v 0.067054726 0.045516953 -0.266448975
vt 0.198730469 0.135742188
vn -0.062853977 -0.832814693 -0.549971879
vt 0.237060547 0.131347656
v 0.045772526 0.038574204 -0.261108398
vt 0.212158203 0.122070312
vn -0.244763210 0.836931944 -0.489526212
v 0.067039467 0.038238510 -0.268585205
vt 0.197021484 0.127441406
vn -0.267949313 0.882656276 -0.386162132
v 0.036361672 0.036361679 -0.259338379
vt 0.217041016 0.116943359
vn -0.063133292 0.923323095 -0.378799260
v 0.050331090 0.031219468 -0.272308350
vt 0.204589844 0.117919922
vn -0.110321827 0.961375296 -0.252164036
v 0.050235722 0.030548081 -0.287933350
vt 0.194580078 0.111572266
vn -0.180627123 0.887428463 -0.424080878
v 0.024446463 0.037658677 -0.255371094
vt 0.224853516 0.113769531
vn 0.220993638 0.891867518 -0.394631714
vt 0.241210938 0.121337891
vt 0.239990234 0.114990234
vt 0.232421875 0.102783203
v 0.021833396 0.035461411 -0.268096924
vt 0.219482422 0.106201172
vn -0.078811117 0.945732474 -0.315244168
v 0.017057395 0.032623276 -0.265838623
vt 0.222656250 0.103515625
vn 0.423467487 0.846935153 -0.321521759
vt 0.229492188 0.095458984
v 0.031936619 0.031646714 -0.275299072
vt 0.210205078 0.106445312
vn -0.149992839 0.876273394 -0.457872570
vt 0.225830078 0.086425781
v 0.029228183 0.024642929 -0.289672852
vt 0.205566406 0.097167969
vn 0.015789617 0.963171303 -0.268424809
v 0.028202031 0.027130112 -0.279296875
vt 0.209472656 0.102294922
vn -0.055014271 0.903804302 -0.424395114
v 0.038051579 0.035919175 -0.274841309
vt 0.205810547 0.110595703
vn 0.007900481 0.995464504 0.094806105
v 0.043945286 0.032226548 -0.282592773
vt 0.199951172 0.110107422
vn -0.126035154 0.834982216 -0.535649002
v 0.043338750 0.025604233 -0.284240723
vt 0.198730469 0.106689453
vn -0.039462011 0.970763624 -0.236771658
v 0.036254857 0.030853257 -0.288085938
vt 0.199707031 0.101318359
vn -0.078458570 0.996423304 -0.031383444
v 0.028924914 0.022369370 -0.292236328
vt 0.204589844 0.096435547
vn -0.440849274 0.897443056 -0.015744597
v 0.034332246 0.024993882 -0.310302734
vt 0.193359375 0.091064453
vn -0.094127126 0.980490208 -0.172566310
v 0.022102326 0.023208603 -0.314544678
vt 0.196777344 0.084960938
vn -0.605361700 0.746874750 -0.275164306
vt 0.009765625 0.434082031
vt 0.011474609 0.429199219
v 0.021871565 0.248857498 -0.023506168
vt 0.030517578 0.430908203
vn -0.614554465 0.787890196 -0.039394464
vt 0.021240234 0.440673828
vt 0.010742188 0.409423828
vt 0.029052734 0.394287109
vt 0.034667969 0.803955078
vt 0.045166016 0.786621094
vt 0.045654297 0.794433594
v 0.027278885 0.115844727 -0.167358398
vt 0.055175781 0.794189453
vn -0.267683417 -0.700700581 -0.661335230
v 0.029369343 0.112564087 -0.134643555
vt 0.059082031 0.812011719
vn -0.330708712 -0.771653652 -0.543307006
v 0.042884812 0.106735229 -0.161682129
vt 0.066650391 0.799072266
vn -0.787304103 0.055111226 -0.614097059
v 0.046100602 0.125534043 -0.171722412
vt 0.065673828 0.786621094
vn 0.094797149 0.805776656 -0.584583163
v 0.044021592 0.134338379 -0.166763306
vt 0.061767578 0.781738281
vn 0.485964388 0.721108556 -0.493802696
v 0.052257527 0.138442993 -0.135559082
vt 0.071533203 0.764892578
vn 0.394717604 0.276302397 -0.876273394
v 0.059295643 0.125259399 -0.134979263
vt 0.079345703 0.768066406
vn 0.039321247 0.880798221 -0.471856236
v 0.033588398 0.145500183 -0.133285522
vt 0.059814453 0.757568359
vn 0.141661927 0.865712523 -0.480076998
v 0.031455975 0.143554688 -0.169708252
vt 0.052734375 0.779785156
vn 0.134191379 0.852510631 -0.505191505
vt 0.046142578 0.766357422
vt 0.040527344 0.770507812
v 0.017955767 0.152343750 -0.134552002
vt 0.049804688 0.759277344
vn 0.794955194 0.558829963 -0.236125469
vt 0.043701172 0.762207031
v 0.022420872 0.154930115 -0.115730278
vt 0.051757812 0.751708984
vn 0.731897771 0.165267259 -0.661069155
vt 0.037841797 0.751953125
vt 0.042236328 0.743652344
v 0.023113238 0.162055969 -0.128265381
vt 0.054199219 0.746337891
vn -0.772132456 -0.212730423 -0.598796487
v 0.035766587 0.151809692 -0.144561768
vt 0.062500000 0.753906250
vn -0.276785940 -0.229336902 -0.933163583
v 0.023792256 0.150352478 -0.130218506
vt 0.054199219 0.756835938
vn 0.409207821 0.881370842 -0.236081585
v 0.023605334 0.150199890 -0.131500244
vt 0.053955078 0.757568359
vn 0.408323735 0.903023839 -0.133490577
vt 0.559326172 0.613769531
vt 0.554443359 0.625732422
v 0.044178005 0.265164495 -0.042945869
vt 0.541259766 0.620605469
vn -0.614382803 0.764040112 -0.196917519
vt 0.546875000 0.630859375
v 0.047233574 0.262452364 -0.047866829
vt 0.541015625 0.617919922
vn -0.015783928 0.205189228 -0.978595018
v 0.035221096 0.214023590 -0.047904968
vt 0.565673828 0.604248047
vn 0.110400498 0.023657240 -0.993605673
v 0.035602566 0.207736969 -0.056911469
vt 0.571777344 0.602783203
vn 0.706039727 0.706039846 -0.054914329
v 0.047481533 0.203315735 -0.046779636
vt 0.565429688 0.593994141
vn 0.133506805 0.054973409 -0.989522040
vt 0.583251953 0.625244141
vt 0.558105469 0.622314453
v 0.032558430 0.214164734 -0.092445381
vt 0.589599609 0.611328125
vn 0.851582468 0.488871485 -0.189240694
vt 0.595947266 0.618652344
v 0.027790058 0.202766418 -0.103858948
vt 0.602050781 0.613769531
vn 0.007867845 0.967754185 -0.251773477
vt 0.604980469 0.620849609
vt 0.623779297 0.628906250
v 0.036594383 0.205780029 -0.082450874
vt 0.587890625 0.604003906
vn 0.707718611 0.676264524 -0.204452157
v 0.038604725 0.206058502 -0.093765266
vt 0.595458984 0.606689453
vn -0.172907069 0.966707587 0.188625857
v 0.043201432 0.206325531 -0.138717651
vt 0.623779297 0.611816406
vn -0.276397198 0.955544472 -0.102661811
v 0.057952877 0.203544617 -0.052326206
vt 0.571533203 0.592041016
vn 0.730722070 0.667864323 -0.141430199
v 0.050662987 0.187004089 -0.072097786
vt 0.582763672 0.585205078
v 0.048133846 0.189796448 -0.046634678
vt 0.569824219 0.583984375
vn 0.739996850 0.629784644 -0.236169353
v 0.075500488 0.178291321 -0.043987282
vt 0.565917969 0.566894531
vn 0.220301658 0.322584718 -0.920546770
v 0.054912563 0.195358276 -0.052581791
vt 0.572265625 0.588134766
vn 0.833226383 -0.534522414 0.141491175
v 0.067817681 0.180992126 -0.067176819
vt 0.582031250 0.569824219
vn 0.456127703 0.802155554 0.385349154
v 0.081420891 0.179672241 -0.064659119
vt 0.582519531 0.562255859
vn 0.512414992 0.827747405 -0.228616044
v 0.070434563 0.206336975 -0.087760933
vt 0.595458984 0.578369141
vn 0.181587204 0.528971255 0.828984737
v 0.076431267 0.166412354 -0.085601807
vt 0.596923828 0.559082031
vn 0.678512812 0.670623183 -0.299808145
v 0.082847595 0.175033569 -0.054752357
vt 0.577880859 0.555664062
vn 0.228502274 0.953406394 -0.196984857
v 0.077880852 0.177093506 -0.081512451
vt 0.597167969 0.564697266
vn 0.748565495 0.039398246 0.661889315
v 0.100021355 0.161361694 -0.091812141
vt 0.613769531 0.549560547
vn 0.015797015 0.987317383 -0.157970831
v 0.086814873 0.185867310 -0.088653579
vt 0.604980469 0.570312500
vn 0.879955173 0.267129272 0.392836988
v 0.067306511 0.159805298 -0.093521118
vt 0.608642578 0.559082031
vn 0.550430834 0.723423421 0.416754693
v 0.090805046 0.173744202 -0.100944526
vt 0.615966797 0.567871094
vn 0.950167477 0.235578775 0.204168081
v 0.094696037 0.156921387 -0.093284614
vt 0.617919922 0.555419922
vn 0.605473936 0.691970229 0.393164754
v 0.098968491 0.160362244 -0.127487198
vt 0.637207031 0.557861328
vn -0.995091856 -0.086873144 -0.047385193
v 0.075668328 0.217525482 -0.091537483
vt 0.602294922 0.586425781
vn 0.332246870 0.870170414 0.363889396
v 0.078483567 0.211021423 -0.113052376
vt 0.615966797 0.588623047
vn 0.946261644 0.323306084 0.007885375
v 0.076621994 0.216796875 -0.118080147
vt 0.616943359 0.593994141
vn 0.047073618 0.996392667 -0.070610553
v 0.095352158 0.167312622 -0.129409805
vt 0.635253906 0.563720703
vn 0.937909722 0.346790195 -0.007881733
v 0.087226853 0.185470581 -0.148056045
vt 0.638427734 0.578369141
vn 0.843959808 0.181411952 -0.504798532
v 0.090263352 0.166381836 -0.140151992
vt 0.642089844 0.568603516
vn 0.474193424 -0.244999990 -0.845645130
v 0.087905869 0.153968811 -0.136810318
vt 0.647949219 0.564453125
vn -0.465549469 0.678597331 -0.568127990
v 0.070518479 0.159996033 -0.140045181
vt 0.652343750 0.578613281
vn 0.102473341 -0.331068099 -0.938026190
vt 0.669921875 0.568603516
vt 0.666259766 0.578613281
v 0.041229237 0.150337219 -0.137359619
vt 0.662353516 0.593505859
vn 0.047034513 -0.517380655 -0.854461908
vt 0.667236328 0.595458984
vt 0.659912109 0.602294922
v 0.050479874 0.171302795 -0.145797729
vt 0.648925781 0.603027344
vn -0.110332154 -0.181259811 -0.977226615
vt 0.659179688 0.617187500
v 0.076805100 0.213344574 -0.149780288
vt 0.630859375 0.593505859
vn 0.267616898 0.566718340 -0.779237866
v 0.061573014 0.184455872 -0.146575943
vt 0.641601562 0.600830078
vn -0.007887847 -0.110428140 -0.993852854
v 0.042682629 0.202621460 -0.150741577
vt 0.630859375 0.609619141
vn -0.244079486 0.716491044 -0.653502762
v 0.042522416 0.196418762 -0.147689819
vt 0.633544922 0.612304688
vn -0.000000132 0.023615420 -0.999721229
v 0.027700411 0.170272827 -0.137634277
vt 0.650634766 0.615722656
vn -0.338477850 -0.527395666 -0.779285967
vt 0.645507812 0.625244141
v 0.017547593 0.183181763 -0.140151978
vt 0.643310547 0.624023438
vn -0.814617455 -0.577350318 -0.055362217
vt 0.635009766 0.628662109
v 0.026630385 0.195289612 -0.149688721
vt 0.635009766 0.619873047
vn -0.055116508 -0.322824657 -0.944852650
v 0.027925475 0.195526123 -0.149658203
vt 0.634765625 0.619384766
vn 0.133688331 -0.125824481 -0.983003378
v 0.027795775 0.199180603 -0.150024414
vt 0.632324219 0.619628906
vn -0.189117223 0.906186223 -0.378234267
vt 0.388916016 0.830566406
vt 0.393554688 0.833007812
v 0.028354622 0.110870346 -0.228652954
vt 0.390136719 0.843750000
vn 0.204237357 0.573436022 -0.793384075
vt 0.383544922 0.845214844
v 0.046821572 0.103347763 -0.218917847
vt 0.396240234 0.858886719
vn 0.055212270 0.985934496 -0.157749563
vt 0.368896484 0.850097656
vt 0.375976562 0.868164062
vt 0.375488281 0.880859375
v 0.045013405 0.109588608 -0.215270996
vt 0.397949219 0.854003906
vn 0.282982469 0.958996296 0.015721170
v 0.046489697 0.100845322 -0.197067261
vt 0.408203125 0.858886719
vn 0.528707623 0.844353974 0.086802639
v 0.045963272 0.106918320 -0.175765991
vt 0.419189453 0.852539062
vn 0.007880556 0.992957532 -0.118209280
vt 0.431152344 0.838623047
v 0.017734516 0.102539062 -0.142623901
vt 0.436523438 0.846923828
vn 0.425104558 0.881698489 -0.204680100
vt 0.444091797 0.836181641
vt 0.426757812 0.855957031
vt 0.443115234 0.854492188
v 0.035301171 0.016891465 -0.380493164
vt 0.023437500 0.074707031
vn 0.323456913 0.938814044 0.118337825
vt 0.005859375 0.082031250
vt 0.008789062 0.055175781
vt 0.031250000 0.082519531
vt 0.031494141 0.054443359
v 0.095428459 0.000488281 -0.139587402
vt 0.372802734 0.764404297
vt 0.303710938 0.729736328
vt 0.375976562 0.726562500
v 0.054531101 0.000427246 -0.063652031
vt 0.326171875 0.765625000
vt 0.281494141 0.775390625
vt 0.329345703 0.803955078
v 0.167724609 0.000366211 -0.125518799
vt 0.385498047 0.802246094
vt 0.664062500 0.688232422
vt 0.622802734 0.725830078
vt 0.628662109 0.675292969
v 0.072494477 0.000427216 -0.342834473
vt 0.683837891 0.699951172
vt 0.677246094 0.688476562
v 0.122329682 0.000518799 -0.328277618
vt 0.712646484 0.724365234
v 0.061881986 0.001800507 -0.348693848
vt 0.684814453 0.690429688
vn 0.141661912 0.480076909 -0.865712523
v 0.060874905 0.000335664 -0.355163574
vt 0.682617188 0.688476562
vn 0.353182942 -0.808396518 -0.470910639
v 0.053100552 0.001617402 -0.354949951
vt 0.681396484 0.687500000
vn -0.518977761 0.401028097 -0.754876494
vt 0.683593750 0.685791016
vt 0.691406250 0.679687500
v 0.070465058 0.004974335 -0.341766357
vt 0.694335938 0.682861328
vn -0.637597680 0.763542891 -0.102330439
vt 0.696777344 0.676025391
v 0.073341332 0.000762910 -0.352294922
vt 0.689941406 0.693359375
vn -0.078762114 -0.992402971 -0.094514519
v 0.073501550 0.006530732 -0.349731445
vt 0.696044922 0.687500000
vn -0.251353800 0.785480201 -0.565545738
v 0.079971284 0.021514878 -0.331024170
vt 0.705566406 0.677490234
vn -0.473013252 0.875074446 0.102486216
vt 0.707275391 0.669677734
v 0.086799592 0.018447861 -0.327239990
vt 0.712646484 0.677734375
vn -0.007854183 0.840386152 -0.541931272
v 0.071380578 0.012176484 -0.342834473
vt 0.698486328 0.683105469
vn -0.899200201 0.386498302 0.205080837
v 0.073577844 0.014587373 -0.346099854
vt 0.699707031 0.684570312
vn 0.039394397 0.787890196 -0.614554465
v 0.094993562 0.015350342 -0.333435059
vt 0.715087891 0.683105469
vn 0.393603086 0.834438801 -0.385731220
v 0.097343415 0.010681152 -0.332031250
vt 0.718994141 0.683837891
vn 0.339330286 0.812814593 -0.473484337
v 0.093620263 0.007415742 -0.347229004
vt 0.711181641 0.691162109
vn 0.236690447 0.804747820 -0.544388354
v 0.104812585 0.006347626 -0.349060059
vt 0.721435547 0.693847656
vn 0.078936107 0.986702085 -0.142085150
v 0.107757539 0.008239746 -0.337280273
vt 0.727539062 0.693603516
vn -0.370884538 0.844353974 -0.386666715
v 0.091781579 0.005828828 -0.350524902
vt 0.708007812 0.692382812
vn -0.031562723 0.994224012 -0.102578700
v 0.083976708 0.004699677 -0.361938477
vt 0.700683594 0.694091797
v 0.114082299 0.009002656 -0.345397979
vt 0.727294922 0.700683594
vn 0.094714470 0.962931275 -0.252572149
v 0.123939484 0.007385254 -0.338195831
vt 0.734375000 0.707031250
vn 0.339319646 0.718095362 -0.607619286
v 0.124473535 0.002838105 -0.351928741
vt 0.728271484 0.710449219
vn 0.260149121 0.938113689 -0.228616014
v 0.134597749 0.001434296 -0.345306426
vt 0.733154297 0.720947266
vn 0.323386371 0.607335567 -0.725647867
v 0.128082246 0.001068085 -0.353576690
vt 0.727539062 0.715576172
vn 0.212099358 -0.974085748 -0.078555286
v 0.123985253 0.000610322 -0.364746124
vt 0.722900391 0.711425781
vn 0.094620317 -0.993512928 -0.063080154
v 0.117431603 0.003295869 -0.370880157
vt 0.718994141 0.704101562
vn 0.189117104 0.969225407 -0.157597691
v 0.096733056 0.006835908 -0.360931396
vt 0.709960938 0.696533203
vn -0.039301980 0.974687338 -0.220090732
v 0.097389184 0.000335664 -0.366638184
vt 0.708984375 0.704589844
vn -0.015738238 -0.999380589 -0.031476505
v 0.109207116 0.001403779 -0.375793457
vt 0.715087891 0.704101562
vn -0.180404782 0.078436747 -0.980460048
v 0.085983239 0.002410859 -0.362792969
vt 0.702392578 0.699218750
vn -0.362081438 -0.078713380 -0.928817213
v 0.076042138 0.001373261 -0.362091064
vt 0.697753906 0.695312500
vn -0.598110199 -0.243966013 -0.763377249
v 0.101142913 0.000427246 0.149200439
vt 0.156738281 0.302246094
vt 0.218261719 0.310302734
vt 0.187988281 0.328857422
vt 0.198730469 0.284179688
vt 0.141113281 0.332763672
vt 0.175292969 0.345947266
v 0.107032813 0.000457764 0.196975708
vt 0.154541016 0.278564453
vt 0.211425781 0.261230469
v 0.099556014 0.000457764 0.249130249
vt 0.154541016 0.250488281
vt 0.216552734 0.239257812
vt 0.195068359 0.209472656
vt 0.158203125 0.212402344
v 0.117675833 0.000518799 0.330566376
vt 0.141601562 0.211425781
v 0.102806151 0.000335723 0.365844727
vt 0.146972656 0.192871094
vn -0.007864949 -0.998854995 0.047190044
v 0.077087462 0.000518829 0.351501465
vt 0.156005859 0.203369141
vn -0.321709633 -0.933742762 0.156931639
v 0.086845458 0.000946075 0.361999512
vt 0.152587891 0.194580078
vn 0.047187220 -0.440412730 0.896554530
v 0.076866210 0.000244170 0.364959717
vt 0.156250000 0.194335938
vn -0.418713987 -0.805827081 0.418714166
vt 0.918945312 0.430175781
vt 0.897949219 0.443847656
vt 0.916015625 0.419677734
vt 0.900390625 0.421875000
v 0.054546352 0.274527550 -0.030426033
vt 0.908203125 0.418212891
vn 0.481330633 0.804848075 -0.347189456
vt 0.916992188 0.416748047
vt 0.896240234 0.418212891
vt 0.892822266 0.426513672
v 0.057262413 0.258813381 -0.047012337
vt 0.915283203 0.411132812
vt 0.935058594 0.407714844
v 0.064903252 0.268769979 -0.046340950
vt 0.910400391 0.409179688
vn -0.385194510 0.864722192 -0.322305501
v 0.117858879 0.227298737 -0.042190567
vt 0.914306641 0.383544922
vn 0.322315365 0.078613505 -0.943362534
vt 0.937255859 0.402343750
vt 0.938232422 0.383789062
v 0.084609978 0.265861183 -0.045566570
vt 0.908447266 0.402587891
vn 0.431654692 0.400261730 -0.808371782
v 0.085144036 0.278364182 -0.027954113
vt 0.901123047 0.404785156
vn 0.464610100 0.874097109 -0.141745567
vt 0.884277344 0.406982422
v 0.105583191 0.246070862 -0.031368271
vt 0.906005859 0.390380859
vn 0.818466425 0.558760822 -0.133787930
vt 0.893798828 0.387695312
v 0.118591309 0.214225769 -0.034950268
vt 0.916503906 0.377685547
vn 0.401028037 0.188719109 -0.896416008
v 0.126113892 0.213687897 -0.041374218
vt 0.916503906 0.373779297
vn 0.559714735 0.386282116 -0.733147740
v 0.120437622 0.220809937 -0.014736190
vt 0.905273438 0.375976562
vn 0.849761665 0.527167022 -0.000000134
vt 0.893798828 0.369873047
v 0.162109375 0.155120850 -0.036525745
vt 0.915771484 0.345458984
vn 0.788110375 0.598963976 -0.141860008
v 0.162506104 0.154525757 -0.019632354
vt 0.907958984 0.343017578
vn 0.619822383 0.784585357 0.015691591
v 0.159881607 0.154815674 0.025878891
vt 0.886718750 0.342285156
vn 0.574518263 0.818491817 -0.000000111
vt 0.292724609 0.666259766
vt 0.305175781 0.662353516
vt 0.298828125 0.672363281
v 0.061744671 0.120498642 -0.183547989
vt 0.312744141 0.671386719
vn -0.149181589 0.345472813 -0.926495254
v 0.074485764 0.125488266 -0.174331680
vt 0.320800781 0.664062500
vn -0.299027354 0.810521245 -0.503624856
vt 0.316162109 0.639404297
v 0.059959393 0.099410996 -0.184326187
vt 0.306152344 0.683593750
vn -0.322495013 0.700049937 -0.637124062
v 0.059074383 0.096221909 -0.194915786
vt 0.302001953 0.687500000
vn 0.133671880 0.990744889 -0.023589224
vt 0.293212891 0.684814453
v 0.064064004 0.103713974 -0.206863418
vt 0.303955078 0.697021484
vn -0.172992602 0.982912242 -0.062906407
vt 0.292236328 0.696533203
vt 0.308593750 0.712158203
v 0.118736245 0.109802231 -0.212799087
vt 0.325195312 0.711914062
vn 0.197137743 0.875292003 -0.441588819
v 0.100204453 0.113922104 -0.182067886
vt 0.330566406 0.692626953
vn -0.126250774 0.899536073 -0.418205410
v 0.121810898 0.120925903 -0.164520279
vt 0.347412109 0.699707031
vn 0.094782360 0.781955361 -0.616086125
v 0.140090927 0.119934067 -0.174484268
vt 0.345214844 0.712402344
vn 0.914861858 0.394337028 -0.086754277
v 0.102104172 0.126373276 -0.179977432
vt 0.331787109 0.681152344
vn -0.015759896 0.118198164 -0.992864966
v 0.134460434 0.078247070 -0.163848877
vt 0.359375000 0.718994141
vn 0.812789440 0.276190609 0.512925208
v 0.141494736 0.087158203 -0.168685913
vt 0.354980469 0.722900391
vn 0.991757214 -0.086581931 0.094452955
v 0.144622788 0.078292847 -0.157775879
vt 0.362304688 0.716308594
vn -0.331532001 0.149978667 -0.931446671
v 0.146835312 0.099868774 -0.164703384
vt 0.361572266 0.707275391
vn -0.581812203 0.400978506 -0.707609236
v 0.101928696 0.114608765 -0.167938247
vt 0.339111328 0.691650391
vn 0.723423302 -0.172992557 -0.668380380
v 0.115257248 0.137329087 -0.181808487
vt 0.343017578 0.680419922
vn 0.702597439 0.039471772 -0.710492015
v 0.116523728 0.135391235 -0.165206924
vt 0.354492188 0.682617188
vn 0.552329361 0.244603068 -0.796932638
v 0.135726914 0.127807617 -0.165832534
vt 0.358642578 0.692871094
vn -0.141417116 0.007856450 -0.989919007
v 0.158798203 0.134323105 -0.171722427
vt 0.373046875 0.697753906
vn -0.408752620 0.172933698 -0.896111190
v 0.150375351 0.110855088 -0.173965469
vt 0.369628906 0.706542969
vn -0.660353780 0.078613475 -0.746828496
v 0.133987412 0.147964478 -0.161743179
vt 0.366943359 0.682861328
vn -0.039295975 0.133605808 -0.990255177
v 0.090713486 0.159812927 -0.176254287
vt 0.344482422 0.665039062
vn 0.078480154 0.831890821 -0.549361885
v 0.101188645 0.151824951 -0.165313736
vt 0.353759766 0.668457031
vn -0.284729719 0.419185281 -0.862097979
v 0.162902817 0.147590637 -0.162948623
vt 0.380859375 0.689941406
vn -0.267360508 0.424631208 -0.864989519
v 0.169906601 0.147407532 -0.178085342
vt 0.383544922 0.697998047
v 0.178390488 0.147529602 -0.172653228
vt 0.389892578 0.694335938
vn 0.078497149 0.996914387 -0.000000054
v 0.138168320 0.152023315 -0.164825454
vt 0.370849609 0.681396484
vn -0.000000122 -0.173335910 -0.984862804
v 0.172271714 0.154418945 -0.165100127
vt 0.388427734 0.688232422
vn 0.503671587 0.338404417 -0.794856906
v 0.196456894 0.146728516 -0.155822784
vt 0.402343750 0.691406250
vn 0.330544680 0.905063093 -0.267583907
v 0.097358689 0.173629761 -0.167877212
vt 0.362304688 0.661376953
vn -0.470983297 -0.180543602 -0.863469124
v 0.134765610 0.200073242 -0.171981826
vt 0.389160156 0.664062500
vn -0.110219285 0.527477264 -0.842389226
v 0.160751328 0.203620911 -0.172317520
vt 0.401367188 0.670898438
vn 0.676578283 0.590039313 -0.440562785
v 0.171234116 0.156272888 -0.143402129
vt 0.401123047 0.688720703
vn 0.871802509 0.479098737 -0.102103129
vt 0.345703125 0.649658203
v 0.081367478 0.147270203 -0.175033584
vt 0.335937500 0.663818359
vn -0.739355803 0.534853041 -0.409005255
v 0.069198593 0.130722046 -0.141998306
vt 0.322753906 0.649169922
vn -0.810521305 0.582316220 -0.062953025
v 0.068000779 0.132308945 -0.170501724
vt 0.324951172 0.660888672
vn -0.936253548 0.291104019 -0.196691796
vt 0.046142578 0.010742188
v 0.057525691 0.000762969 0.349151611
vt 0.048828125 0.008300781
vn 0.197021559 0.583183646 0.788085938
vt 0.051513672 0.008544922
vt 0.048095703 0.004150391
vt 0.044921875 0.000000000
vt 0.040039062 0.004150391
v 0.072288573 0.005218536 0.343933105
vt 0.040771484 0.012939453
vn -0.463176191 0.730091393 0.502428472
vt 0.042236328 0.018310547
vt 0.051269531 0.013916016
v 0.070686392 0.007781982 0.329925537
vt 0.035400391 0.004394531
vn -0.628500640 0.777769506 0.007856306
vt 0.037109375 0.000488281
vt 0.031738281 0.002197266
v 0.072876029 0.014282256 0.341857910
vt 0.035644531 0.012207031
vn -0.591579080 0.694119453 0.410161555
v 0.082130484 0.013732910 0.321533203
vt 0.026611328 0.005126953
vn -0.623556793 0.639343083 0.449908167
vt 0.026123047 0.000000000
vt 0.021484375 0.005859375
v 0.084144644 0.019989029 0.324737549
vt 0.024169922 0.008789062
v 0.081062369 0.021453872 0.329010010
vt 0.027099609 0.010009766
vn -0.031394050 0.965366781 0.259000808
v 0.084838927 0.009460479 0.347656250
vt 0.034667969 0.019775391
vn 0.197211489 0.804622710 0.560080409
vt 0.007568359 0.014892578
vt 0.007812500 0.002441406
v 0.106544547 0.018508926 0.321166992
vt 0.014648438 0.018554688
vn 0.007870137 0.881452739 0.472206801
v 0.097824149 0.014404297 0.326965332
vt 0.021240234 0.017089844
vn 0.512112856 0.677564561 0.527870059
v 0.080101073 0.006195098 0.352966309
vt 0.038818359 0.019775391
vn -0.368800551 0.910231054 0.188323677
v 0.090103209 0.006591827 0.346649170
vt 0.032958984 0.022949219
vn 0.165267244 0.967993915 0.188876793
v 0.100486808 0.008239746 0.324371338
vt 0.020507812 0.020996094
vn -0.204546914 0.857523739 0.472031444
v 0.105575614 0.019424453 0.332214355
vt 0.016601562 0.025634766
vn -0.757409692 0.473381102 0.449712098
v 0.110656790 0.026290908 0.318176270
vt 0.010253906 0.020507812
vn -0.329850852 0.942430973 0.054975141
v 0.116073661 0.020843521 0.337219208
vt 0.014404297 0.031005859
vn 0.204699069 0.755811810 0.621970057
v 0.111183219 0.009277344 0.336791992
vt 0.022216797 0.030273438
vn -0.118198179 0.803747892 0.583111167
v 0.129242003 0.010406494 0.332183808
vt 0.018066406 0.039306641
vn 0.479587108 0.188690037 0.856966913
v 0.106079161 0.005157501 0.350799561
vt 0.031250000 0.031738281
vn -0.031587292 0.994998753 0.094761752
vt 0.010986328 0.043701172
vt 0.006591797 0.041992188
v 0.131195128 0.009368896 0.329101533
vt 0.017089844 0.041015625
vn 0.486862689 0.808820248 0.329810083
v 0.095420897 0.006897002 0.358001709
vt 0.036865234 0.027587891
vn 0.023688957 0.971247733 0.236889645
v 0.110847533 0.005981475 0.359161377
vt 0.034179688 0.034179688
vn -0.023672018 0.978442788 0.205157310
v 0.103691161 0.002868682 0.366333008
vt 0.039062500 0.032714844
vn -0.134124607 0.788968563 0.599616051
v 0.088668883 0.007415801 0.359771729
vt 0.038818359 0.024902344
vn 0.062820978 0.965872645 0.251283914
vt 0.041748047 0.026367188
vt 0.040283203 0.032714844
v 0.079429686 0.006195098 0.364746094
vt 0.043212891 0.022705078
vn -0.471695781 0.754713237 0.455972612
vt 0.046875000 0.021972656
vt 0.077392578 0.007080078
v 0.072830170 0.066284165 -0.305633545
vt 0.077148438 0.018798828
vn -0.689353943 0.266341180 -0.673686504
v 0.076942414 0.055328354 -0.306304932
vt 0.071533203 0.021484375
vn -0.797454119 -0.063164748 -0.600064337
vt 0.066650391 0.019775391
v 0.094062775 0.049209580 -0.314361572
vt 0.072021484 0.034179688
vn -0.472792923 -0.228516579 -0.851027071
v 0.080558747 0.073135361 -0.296508789
vt 0.085205078 0.016601562
vt 0.091064453 0.008056641
vt 0.119140625 0.017333984
v 0.094787568 0.068634018 -0.316894531
vt 0.083007812 0.031005859
vn -0.308110446 0.584619582 -0.750525177
v 0.108207673 0.070404038 -0.309906006
vt 0.091552734 0.034912109
vn -0.000000069 0.980580688 -0.196116164
v 0.103706330 0.064270005 -0.320068359
vt 0.083251953 0.037109375
vn -0.433973312 0.268274277 -0.860055923
v 0.134338349 0.055191025 -0.336761504
vt 0.080810547 0.058105469
vn -0.458688110 -0.071175776 -0.885742307
v 0.128005952 0.072784409 -0.292205840
vt 0.106201172 0.038574219
vn 0.015776848 0.986057103 -0.165657640
v 0.135833710 0.033065781 -0.333496124
vt 0.067871094 0.063232422
vn -0.449656159 -0.268215954 -0.851979852
v 0.140136689 0.077072129 -0.268341094
vt 0.121337891 0.037597656
vn 0.054925986 0.996515274 -0.062772669
v 0.132064790 0.065841660 -0.336700469
vt 0.086669922 0.055908203
vn -0.148961306 0.878087044 -0.454723656
v 0.146209687 0.069229111 -0.313537627
vt 0.101074219 0.054687500
v 0.151962250 0.078018174 -0.256988555
vt 0.130126953 0.038818359
vn 0.189311236 0.899228215 0.394398302
v 0.145034760 0.066802964 -0.250610381
vt 0.132812500 0.033935547
vn 0.440399200 0.290978044 0.849341094
v 0.167770356 0.074432358 -0.278961211
vt 0.125976562 0.058349609
vn 0.102093481 0.989522040 -0.102093600
v 0.177429169 0.072296143 -0.290435821
vt 0.121582031 0.069091797
vn 0.816446304 0.400372714 -0.416073799
v 0.163497895 0.069122300 -0.314514190
vt 0.105224609 0.064208984
vn 0.141925916 0.938288569 -0.315391183
v 0.162612885 0.065704331 -0.316619903
vt 0.102783203 0.065429688
vn 0.880798280 -0.039321337 -0.471856385
v 0.160827607 0.068328843 -0.320404083
vt 0.100830078 0.064697266
vn 0.188865125 0.975803435 -0.110171422
v 0.151031464 0.065490708 -0.338714629
vt 0.091552734 0.069335938
vn 0.850630999 0.078762144 -0.519830167
v 0.167083710 0.026809677 -0.300811797
vt 0.097900391 0.096679688
vn 0.861021340 -0.055294935 -0.505553961
v 0.145355195 0.065734848 -0.335754424
vt 0.091308594 0.063476562
vn -0.133453548 0.808570862 -0.573064923
v 0.145751923 0.054946885 -0.343566924
vt 0.085693359 0.066406250
vn -0.252313048 0.236543328 -0.938288629
v 0.146697968 0.042739853 -0.341857940
vt 0.080566406 0.069091797
vn 0.086848609 -0.307918221 -0.947440624
v 0.154327363 0.020263657 -0.322601348
vt 0.075683594 0.079101562
vn 0.793457448 -0.243536472 -0.557777166
v 0.161254853 0.012451172 -0.307373077
vt 0.082031250 0.091308594
vn 0.702160001 0.260351509 -0.662712991
v 0.150360078 0.039550766 -0.334625274
vt 0.079101562 0.072509766
vn 0.772324145 -0.126093745 -0.622588038
v 0.147354096 0.030517563 -0.339294463
vt 0.069824219 0.071289062
vn 0.086772934 -0.354980648 -0.930837989
vt 0.034423828 0.865478516
vt 0.029052734 0.859130859
v 0.078803986 0.022277817 -0.323059082
vt 0.035400391 0.859375000
vn -0.739424467 0.338247240 -0.582099915
vt 0.040283203 0.862792969
v 0.085891694 0.030731186 -0.318298340
vt 0.038085938 0.852539062
vn -0.196116239 0.784464478 -0.588348448
vt 0.033935547 0.850341797
vt 0.048339844 0.865234375
vt 0.033691406 0.844970703
v 0.104721040 0.015563965 -0.325988770
vt 0.054931641 0.857910156
vn -0.070787318 0.613488913 -0.786524355
v 0.097305268 0.038665757 -0.310058594
vt 0.044189453 0.842041016
vn -0.322465122 0.141569927 -0.935934901
vt 0.031982422 0.839843750
v 0.101196259 0.007354736 -0.325225830
vt 0.052490234 0.864257812
vn -0.086458974 0.825289130 -0.558052659
vt 0.056152344 0.871337891
v 0.083221406 0.045913681 -0.306915283
vt 0.035400391 0.837646484
vn -0.402813017 -0.434406191 -0.805625796
v 0.081924409 0.047103867 -0.306945801
vt 0.034423828 0.836425781
vn -0.410788238 -0.426587790 -0.805776715
vt 0.029296875 0.833984375
vt 0.039062500 0.835693359
v 0.125991791 0.034149155 -0.326751739
vt 0.053710938 0.821533203
vn -0.510027528 -0.502180994 -0.698345304
vt 0.053466797 0.815673828
v 0.129959077 0.022232041 -0.321380645
vt 0.059814453 0.825195312
vn -0.479572296 -0.338059157 -0.809769392
v 0.116378754 0.024917588 -0.314910918
vt 0.056884766 0.833251953
vn -0.612731397 -0.479187429 -0.628442347
v 0.114852875 0.012817383 -0.314239532
vt 0.061279297 0.828613281
vn 0.472075284 0.574358225 0.668773174
v 0.127639741 0.015350342 -0.315643340
vt 0.065917969 0.833007812
vn -0.109855399 -0.988699138 0.102008700
v 0.113723725 0.016433701 -0.308563262
vt 0.059814453 0.839599609
vn 0.141255662 -0.133408278 -0.980942965
v 0.128066987 0.013031006 -0.312042266
vt 0.068359375 0.834716797
vn -0.165848717 0.837140679 -0.521238565
vt 0.062988281 0.841308594
v 0.114753693 0.026779160 -0.316040069
vt 0.058105469 0.847656250
vn 0.196935818 0.968924582 -0.149671346
vt 0.059082031 0.847167969
vt 0.066894531 0.852294922
v 0.131088227 0.020156845 -0.328308135
vt 0.068847656 0.856445312
vn 0.494440883 0.667102873 -0.557227135
v 0.105674714 0.019607529 -0.332458496
vt 0.057861328 0.860839844
vn -0.831993461 0.502335548 -0.235469744
v 0.111297578 0.023025498 -0.334411621
vt 0.061035156 0.859619141
vn 0.133490354 0.785238087 -0.604633391
vt 0.065185547 0.871826172
v 0.111312836 0.014190674 -0.338836670
vt 0.059814453 0.866943359
vn -0.157779098 0.220890492 -0.962451637
v 0.082923889 0.171783447 -0.043399818
vt 0.845947266 0.806152344
vn 0.126187712 0.110414326 -0.985842526
vt 0.848388672 0.798095703
vt 0.850097656 0.802978516
vt 0.854736328 0.797363281
vt 0.852539062 0.826416016
v 0.112167358 0.174133301 -0.048355114
vt 0.836914062 0.801269531
vn 0.637064993 0.762905002 0.110109888
vt 0.833740234 0.788330078
v 0.147323608 0.153266907 -0.038215652
vt 0.828125000 0.823242188
vn 0.055237979 0.339319795 -0.939047933
v 0.103096008 0.151748657 -0.041980755
vt 0.834960938 0.808593750
vn 0.542081654 0.817050755 -0.196406528
v 0.111152649 0.151535034 -0.050048839
vt 0.830810547 0.806884766
vn 0.466115624 0.869029224 0.165905461
v 0.110221863 0.152069092 -0.063842781
vt 0.826660156 0.801757812
vn 0.331780046 0.940043509 0.078995176
vt 0.827148438 0.830322266
v 0.141464233 0.154495239 -0.064971931
vt 0.818359375 0.815673828
vn 0.047138974 0.989919007 0.133560449
v 0.127899170 0.158805847 -0.059036270
vt 0.819824219 0.808593750
vn -0.070741266 0.974657297 0.212223738
v 0.122375481 0.158920288 -0.090881355
vt 0.808349609 0.802246094
vn 0.015788782 0.623654008 0.781540990
v 0.147872925 0.154136658 -0.050804153
vt 0.822265625 0.822021484
v 0.178710938 0.155151367 -0.033576984
vt 0.823242188 0.837402344
vn -0.228651494 0.961913109 0.149806127
v 0.141891465 0.159927368 -0.095756538
vt 0.801269531 0.807861328
vn 0.331480324 0.781346440 0.528789878
vt 0.832519531 0.836425781
v 0.185195923 0.153610229 -0.022890110
vt 0.825439453 0.843017578
vn -0.324184150 0.925110877 0.197673261
v 0.161437988 0.155586243 -0.071456924
vt 0.808593750 0.822021484
vn -0.023542665 0.996638060 0.078475393
v 0.183273315 0.156677246 0.002931576
vt 0.833984375 0.851806641
vn -0.039309245 0.998453617 -0.039309237
vt 0.844726562 0.851562500
v 0.168411255 0.154319763 -0.051151294
vt 0.816162109 0.830078125
vn -0.220254108 0.975410879 -0.007866231
v 0.191146851 0.168495178 -0.037841819
vt 0.816162109 0.842773438
vn -0.023695650 0.995215952 0.094782427
v 0.190170288 0.155921936 -0.018259067
vt 0.825195312 0.847412109
vn -0.212223828 0.974657297 -0.070741266
v 0.198989868 0.155891418 0.000716546
vt 0.831298828 0.854736328
v 0.186538711 0.155578613 0.024757367
vt 0.840332031 0.859130859
vn 0.450371236 -0.000000019 -0.892841518
v 0.208694458 0.153755188 -0.040931724
vt 0.808837891 0.852050781
vn 0.345472842 0.926495373 0.149181381
v 0.213378906 0.156761169 -0.029685996
vt 0.813232422 0.855468750
vn 0.031445313 0.872610271 -0.487403959
v 0.222396851 0.150276184 -0.074340843
vt 0.792236328 0.854980469
vn 0.337777346 0.934779286 0.109973952
v 0.217041016 0.163818359 -0.076759361
vt 0.791748047 0.847656250
vn 0.566665769 0.598147213 0.566665649
v 0.231567383 0.165428162 -0.075958274
vt 0.787353516 0.853271484
vn 0.402549416 0.639343083 0.655129313
v 0.185958862 0.159179688 -0.057788871
vt 0.806884766 0.836914062
vn -0.094570369 0.992988288 -0.070927761
v 0.209106445 0.166435242 -0.078178428
vt 0.790527344 0.842529297
vn -0.400372684 0.816446304 0.416073650
v 0.180282593 0.155097961 -0.075714126
vt 0.801269531 0.829101562
vn -0.086633042 0.976589918 -0.196893156
v 0.207717896 0.152633667 -0.081611656
vt 0.791015625 0.834716797
vn -0.188092262 0.963972390 -0.188092202
v 0.172668457 0.158821106 -0.087562576
vt 0.798339844 0.822509766
vn 0.039320085 0.998731434 -0.031456158
v 0.168197617 0.154563904 -0.098495498
vt 0.792724609 0.818603516
vn 0.133692548 0.990898073 -0.015728600
v 0.151733398 0.155776978 -0.087783828
vt 0.802978516 0.813964844
vn 0.023579651 0.998206854 0.055019226
v 0.191650376 0.152732849 -0.099571243
vt 0.783935547 0.827636719
vn -0.817858934 0.574073970 -0.039320055
v 0.190490708 0.178199768 -0.091087356
vt 0.781982422 0.841064453
vn -0.732897222 0.646210372 0.212776691
v 0.206771836 0.175407410 -0.089172386
vt 0.779296875 0.847412109
vn 0.149434999 0.920204997 0.361789942
v 0.237442002 0.180610657 -0.116653465
vt 0.768554688 0.859130859
vn 0.363106340 0.931446731 0.023680763
v 0.212905869 0.178939819 -0.102745079
vt 0.773681641 0.847167969
vn -0.157163978 0.982274711 0.102156542
v 0.214477524 0.185195923 -0.116722137
vt 0.768554688 0.846191406
vn -0.291510403 0.953317583 -0.078786582
v 0.220001206 0.178764343 -0.132843047
vt 0.762207031 0.844726562
vn 0.181327254 0.646471381 -0.741077065
v 0.203781113 0.169853210 -0.120903037
vt 0.771728516 0.836669922
vn -0.810521305 0.299027205 -0.503624737
v 0.217269883 0.166244507 -0.140563995
vt 0.760742188 0.840820312
vn -0.165967807 -0.434677392 -0.885161161
v 0.213485703 0.157806396 -0.122573875
vt 0.769531250 0.834228516
vn -0.557673812 -0.408437192 -0.722619534
v 0.172653183 0.155815125 -0.109024063
vt 0.787353516 0.816894531
vn 0.197377279 0.971096396 0.134216487
v 0.208633408 0.150360107 -0.125122100
vt 0.772705078 0.824462891
v 0.192565903 0.153579712 -0.129638702
vt 0.775634766 0.816894531
vn 0.291972816 0.954830170 -0.055238187
v 0.148544297 0.159584045 -0.105476394
vt 0.794433594 0.809082031
vn 0.456509084 -0.023612473 0.889405370
v 0.170959458 0.161918640 -0.135192901
vt 0.778564453 0.806884766
vn 0.960749149 0.275624752 0.031499833
vt 0.775390625 0.807617188
v 0.185180649 0.151504517 -0.144409209
vt 0.772460938 0.811279297
vn 0.212479860 0.967964053 -0.133783713
vt 0.769042969 0.805419922
vt 0.761230469 0.780517578
v 0.152069077 0.182029724 -0.094619773
vt 0.797119141 0.796142578
vn 0.055027906 -0.015722176 0.998361051
v 0.169128403 0.165435791 -0.095031753
vt 0.790771484 0.800781250
vn 0.660109103 -0.502940178 0.557949185
v 0.164810166 0.191360474 -0.096206687
vt 0.788330078 0.792236328
vn 0.890288413 0.393932939 0.228480950
v 0.152358994 0.210308075 -0.114524864
vt 0.786132812 0.784912109
vn 0.323065042 0.945556402 0.039398100
v 0.124687180 0.205707550 -0.115058914
vt 0.795410156 0.778076172
vn -0.164813697 0.981033564 -0.102027506
v 0.131256089 0.210784912 -0.098464981
vt 0.796630859 0.784423828
vn -0.039166555 0.657999337 0.751999199
v 0.125061020 0.191825867 -0.095932022
vt 0.804931641 0.785888672
vn -0.023688851 0.236889735 0.971247733
v 0.111259453 0.206253052 -0.097351089
vt 0.801269531 0.777587891
v 0.093711846 0.184417725 -0.095047012
vt 0.804199219 0.773437500
vn -0.640241086 0.047425281 0.766708672
v 0.137985215 0.000396729 -0.232971191
vt 0.902343750 0.273925781
vt 0.864257812 0.328125000
vt 0.839599609 0.291992188
vt 0.904541016 0.333740234
vt 0.869384766 0.228027344
vt 0.933593750 0.079833984
v 0.090377793 0.200134277 -0.110740677
vt 0.957519531 0.081298828
vn -0.975803435 0.188865140 0.110171475
v 0.092086777 0.197677612 -0.132568374
vt 0.952392578 0.091308594
vn -0.653340876 0.747799754 -0.118073590
vt 0.971923828 0.080810547
vt 0.973388672 0.093750000
vt 0.955322266 0.069335938
vt 0.964355469 0.132812500
vt 0.953369141 0.125244141
v 0.106353737 0.194801331 -0.169662490
vt 0.945556641 0.112304688
vn -0.220151991 0.912057877 -0.345953017
vt 0.929199219 0.108398438
v 0.091384873 0.193954468 -0.161193863
vt 0.942138672 0.104003906
vn -0.987317502 0.015797030 -0.157970667
vt 0.920654297 0.099365234
vt 0.926269531 0.082275391
vt 0.939208984 0.062011719
vt 0.947265625 0.055908203
vt 0.960449219 0.053710938
vt 0.940673828 0.045898438
v 0.111702025 0.007415801 0.351257324
vt 0.788085938 0.029052734
vn 0.173465103 0.977712512 0.118271612
vt 0.789794922 0.032714844
vt 0.786621094 0.035400391
vt 0.793945312 0.026611328
v 0.119842589 0.003417999 0.369110078
vt 0.781494141 0.032470703
vn 0.243815050 0.896610081 0.369654983
vt 0.777587891 0.038330078
vt 0.774414062 0.038085938
v 0.124580443 0.000610381 0.365386933
vt 0.779296875 0.029785156
vn 0.235702351 -0.942809105 0.235702291
v 0.128173888 0.002563506 0.349090546
vt 0.779296875 0.020507812
vn 0.409817398 0.898445904 0.157621980
v 0.126785338 0.000244170 0.349517792
vt 0.775634766 0.022705078
vn 0.047185667 -0.998762369 0.015728578
vt 0.769042969 0.018310547
v 0.137359679 0.000823975 0.340881318
vt 0.782958984 0.010742188
vn 0.513453245 -0.315971076 0.797827065
v 0.153656065 0.000488281 0.334320039
vt 0.780029297 0.006347656
vn -0.094514541 -0.992402971 -0.078762084
v 0.121864371 0.006042480 0.338104218
vt 0.787841797 0.020263672
vn 0.235753223 0.927295983 0.290762246
v 0.149536192 0.004821777 0.328887910
vt 0.789550781 0.006591797
vn 0.228651494 0.859414160 0.457302868
vt 0.795898438 0.016357422
vt 0.795898438 0.018310547
v 0.117569022 0.006134033 0.331420869
vt 0.792724609 0.022216797
vn 0.133816853 0.716313481 0.684827030
v 0.110412635 0.088119522 0.223495483
vt 0.644042969 0.278076172
vn 0.990530670 -0.055029437 0.125781536
v 0.114547767 0.105712906 0.217971787
vt 0.648925781 0.287597656
vn 0.861370862 0.047414966 0.505758882
vt 0.641113281 0.287109375
v 0.119018592 0.092788711 0.232376099
vt 0.635742188 0.275878906
vn 0.923207998 0.126250714 -0.362970829
vt 0.634033203 0.277832031
vt 0.630126953 0.263671875
vt 0.658691406 0.294433594
v 0.118408240 0.072937027 0.240066528
vt 0.636230469 0.262939453
vn 0.755811691 0.204699025 -0.621970236
v 0.137344405 0.076858535 0.246948242
vt 0.630859375 0.251708984
vn 0.441218406 0.614554405 -0.653948963
v 0.112625159 0.060836807 0.228820801
vt 0.645019531 0.261474609
vn 0.687001407 0.489587337 -0.536966860
vt 0.619873047 0.248779297
v 0.107269324 0.069305435 0.219055176
vt 0.648925781 0.267578125
vn 0.959589362 0.125847831 0.251695424
v 0.114776649 0.072097793 0.214828491
vt 0.654052734 0.267578125
vn 0.592095077 0.457886815 0.663146317
v 0.128158599 0.075912490 0.196517944
vt 0.667724609 0.267822266
vn 0.786208332 0.369517952 0.495311111
v 0.120674171 0.064743057 0.224777222
vt 0.649902344 0.259765625
vn 0.227937013 0.872448504 0.432294250
v 0.127533004 0.061126724 0.220245361
vt 0.653808594 0.256835938
vn 0.266890466 0.887018323 0.376786470
v 0.132064864 0.055465713 0.239059448
vt 0.644775391 0.248535156
vn 0.545169175 0.608377397 -0.576773465
v 0.145782515 0.066085830 0.248611450
vt 0.634765625 0.243164062
vn 0.448638022 0.299092084 -0.842180431
v 0.150527999 0.046066299 0.246856689
vt 0.645263672 0.234619141
vn 0.394828439 0.916002095 0.071069032
v 0.149810836 0.077545181 0.252838105
vt 0.626953125 0.241455078
vn 0.133775264 0.928558290 -0.346242160
v 0.170379683 0.074020401 0.279602021
vt 0.614257812 0.228759766
vn 0.229415670 0.973039150 -0.023732735
v 0.165649459 0.070938125 0.260498017
vt 0.626220703 0.231689453
vn 0.488673925 0.338919073 -0.803947687
v 0.157714888 0.044784561 0.250854462
vt 0.643066406 0.229003906
vn 0.517571330 0.282311708 -0.807725191
v 0.164260909 0.034667984 0.251434296
vt 0.643798828 0.221191406
vn 0.527820885 0.551454723 -0.645989895
v 0.164001510 0.042221084 0.245315552
vt 0.647705078 0.226074219
vn -0.504892588 0.441781074 0.741561174
v 0.180389449 0.036819488 0.261779755
vt 0.636230469 0.210693359
vn 0.749660015 0.418231398 -0.512925386
v 0.160415694 0.050079361 0.227310181
vt 0.658447266 0.235351562
vn -0.676389992 0.731445014 0.086515062
v 0.177887008 0.070236236 0.266662568
vt 0.622314453 0.224609375
vn 0.903804243 0.306507587 -0.298648506
v 0.157074019 0.074218765 0.279357880
vt 0.612060547 0.236328125
vn 0.015797058 0.987317502 0.157970756
vt 0.601806641 0.250488281
v 0.175781295 0.072738677 0.288360566
vt 0.610595703 0.224121094
vn 0.235949993 0.951665044 0.196624920
vt 0.592285156 0.230957031
vt 0.584472656 0.252929688
v 0.162979171 0.068634048 0.314666718
vt 0.594238281 0.224609375
vn 0.835267425 0.236396462 0.496432364
v 0.179718062 0.067703277 0.283904999
vt 0.613281250 0.220703125
vn 0.957783878 0.164864495 0.235520512
v 0.178634688 0.046402007 0.281982392
vt 0.619628906 0.210205078
vn 0.978686512 -0.007892581 0.205208316
v 0.176574752 0.056167632 0.287567109
vt 0.613525391 0.213867188
vn 0.872475564 -0.094321616 0.479468405
v 0.180526778 0.035034209 0.276763886
vt 0.625732422 0.205078125
vn 0.686317205 0.473322242 0.552209079
v 0.166503951 0.023117080 0.299346894
vt 0.608154297 0.200439453
vn 0.867514431 -0.023659423 0.496849030
v 0.154205382 0.020324722 0.320922822
vt 0.593017578 0.201904297
vn 0.843960047 -0.157749459 0.512685835
v 0.177413985 0.018646270 0.277587861
vt 0.620361328 0.198486328
vn 0.723177612 0.141491309 0.676013649
v 0.172134444 0.014770508 0.290039033
vt 0.613037109 0.192871094
vn 0.315028936 0.937211275 -0.149638861
v 0.183578536 0.014770508 0.282806367
vt 0.621826172 0.195800781
vn -0.621085346 0.762598455 0.180822358
v 0.188430831 0.026657134 0.286773652
vt 0.626953125 0.196777344
vn 0.094886161 0.861882329 0.498152167
v 0.189453170 0.021682769 0.294342011
vt 0.625732422 0.192871094
vn -0.086608887 0.952696860 -0.291320562
v 0.201828048 0.028854400 0.256408662
vt 0.641601562 0.200439453
vn 0.299537838 0.922261178 0.244359717
v 0.194686934 0.024230987 0.285827607
vt 0.629638672 0.193603516
vn 0.457530558 0.828288138 0.323426664
v 0.201950118 0.019271880 0.285003632
vt 0.632080078 0.188232422
vn 0.181411907 0.978046954 0.102537103
v 0.199020430 0.022506744 0.282348603
vt 0.632080078 0.191894531
vn 0.564415216 0.783910096 0.258690238
v 0.187042281 0.031646758 0.255371064
vt 0.641845703 0.208251953
vn 0.173030019 0.935935080 0.306734979
v 0.208663985 0.027145416 0.266387910
vt 0.641113281 0.192382812
vn -0.967185616 -0.235898986 -0.094359435
v 0.207641646 0.021118194 0.281249970
vt 0.635253906 0.185058594
vn -0.355923027 -0.522020519 0.775121570
v 0.197143599 0.027969390 0.281738251
vt 0.643310547 0.182373047
vn -0.918926895 -0.322017163 0.227768362
v 0.204879805 0.035018951 0.244705185
vt 0.647216797 0.199707031
vn -0.722775578 0.102131344 0.683494449
v 0.199356124 0.034500152 0.266540498
vt 0.648681641 0.190917969
vn -0.978442788 0.205157310 -0.023671884
v 0.210113570 0.047073394 0.300353974
vt 0.654785156 0.171875000
vn -0.725309312 0.339003265 0.599168718
v 0.188629195 0.038024932 0.248657212
vt 0.647949219 0.207031250
vn 0.188503787 -0.023562906 0.981789827
v 0.177978560 0.037689239 0.249923691
vt 0.647460938 0.212646484
vn -0.165292740 0.141679630 0.976015031
v 0.201599166 0.042526275 0.252807587
vt 0.652832031 0.198242188
vn -0.417815179 -0.244382501 0.875047207
v 0.206329390 0.047729522 0.252227753
vt 0.656494141 0.195800781
vn -0.756562531 0.638349533 0.141855538
v 0.216720626 0.060440093 0.271820039
vt 0.661621094 0.184326172
vn -0.292163968 0.908077121 0.300060272
v 0.197631881 0.055099517 0.252685517
vt 0.658447266 0.200683594
vn 0.133937255 0.480598152 0.866652310
v 0.209762618 0.052154571 0.236663803
vt 0.668212891 0.194824219
vn 0.133841589 0.944764793 -0.299175560
v 0.224365279 0.069732696 0.248535141
vt 0.673339844 0.182373047
v 0.182464644 0.056289703 0.248870835
vt 0.657714844 0.209716797
vn -0.134216443 0.197377354 0.971096396
v 0.163391158 0.070693985 0.244842529
vt 0.659423828 0.221435547
vn -0.612863660 0.526434183 0.589292109
v 0.184433028 0.063278228 0.245681748
vt 0.662353516 0.209228516
vn 0.369107425 0.926695347 0.070680059
v 0.170196578 0.067794815 0.220062256
vt 0.669921875 0.228515625
vn -0.149435073 0.967395008 -0.204490021
v 0.193313628 0.057113677 0.205001816
vt 0.680664062 0.222167969
vn 0.252164006 0.961375415 0.110321693
v 0.178970367 0.061264068 0.193679795
vt 0.684082031 0.233886719
vn -0.031418279 0.997529209 0.062836446
v 0.172409087 0.056716949 0.198440537
vt 0.676757812 0.239013672
vn -0.204168230 0.950167477 0.235578701
v 0.213424727 0.049087554 0.225967392
vt 0.675537109 0.200683594
vn 0.141890720 0.945938230 0.291664243
v 0.235794112 0.037231475 0.230712876
vt 0.682617188 0.190185547
v 0.160217315 0.061141983 0.203048706
vt 0.671630859 0.245361328
vn 0.353444338 0.856120706 0.377007186
v 0.229232833 0.044921905 0.235717759
vt 0.678955078 0.189453125
vn 0.196509451 0.644551337 -0.738875985
v 0.245803878 0.055618316 0.249328598
vt 0.685058594 0.179687500
vn 0.385325283 0.778514564 -0.495418459
v 0.244110152 0.041412383 0.236541733
vt 0.685302734 0.185302734
vn -0.534770310 0.212335333 0.817884266
v 0.258819610 0.048553497 0.246582016
vt 0.694824219 0.174072266
vn 0.472206742 0.810621679 -0.346285105
v 0.250335723 0.039154083 0.235397324
vt 0.691162109 0.181396484
vn 0.788747549 0.339161456 -0.512686074
v 0.158981353 0.069396988 0.188583374
vt 0.680419922 0.250488281
vn 0.133643076 0.660353720 0.738967240
v 0.140533477 0.069915786 0.194000244
vt 0.673339844 0.261230469
vn 0.205112666 0.915118039 0.347113699
v 0.152603179 0.074066177 0.190078735
vt 0.680175781 0.255859375
vn -0.464624435 -0.078749910 0.881999254
v 0.145919845 0.056884781 0.222991943
vt 0.656982422 0.246093750
vn 0.283887357 0.820118904 0.496802777
v 0.144577056 0.065383926 0.212295532
vt 0.664794922 0.253662109
vn 0.212690786 0.937414885 0.275710195
v 0.136352584 0.064956680 0.224121094
vt 0.657470703 0.252441406
vn 0.086410880 0.785553038 0.612731338
v 0.136779815 0.073806778 0.174575806
vt 0.681396484 0.269775391
vn -0.102131277 0.683494389 0.722775638
v 0.141326934 0.087905884 0.166076660
vt 0.682617188 0.285156250
vn 0.997375369 0.015706738 -0.070680276
v 0.130035430 0.077560425 0.161346436
vt 0.687255859 0.277099609
vn 0.855672061 0.510263264 -0.086352371
vt 0.693115234 0.287109375
vt 0.685302734 0.309814453
vt 0.673339844 0.313964844
v 0.138153106 0.119705215 0.170761093
vt 0.677246094 0.297851562
vn 0.795152307 0.606205344 -0.015745722
v 0.110076882 0.091155991 -0.226028442
vt 0.890136719 0.888916016
vn 0.958256364 0.078545637 -0.274909735
vt 0.896240234 0.895996094
vt 0.881835938 0.896728516
vt 0.876953125 0.888183594
v 0.115974404 0.071090683 -0.239868164
vt 0.906982422 0.892578125
vn 0.808570921 0.133453503 0.573064744
vt 0.907714844 0.900634766
v 0.125442490 0.091094956 -0.198318481
vt 0.882568359 0.872802734
vn 0.876136839 -0.023679357 -0.481480747
vt 0.861572266 0.866943359
v 0.135040268 0.083831772 -0.179870605
vt 0.880371094 0.858642578
vn 0.875700474 -0.039445955 -0.481240958
v 0.136611924 0.075607285 -0.177001953
vt 0.885498047 0.855224609
vn -0.520136833 0.638349593 -0.567421794
v 0.135040253 0.074691758 -0.246658325
vt 0.918701172 0.894775391
vn 0.425447613 0.590899467 0.685443163
vt 0.925292969 0.905273438
vt 0.926025391 0.890869141
v 0.137130708 0.052307114 -0.243682861
vt 0.921386719 0.880371094
vn 0.542081773 0.628500581 0.557794154
v 0.164398164 0.037628159 -0.255188018
vt 0.938232422 0.873535156
vn 0.534770429 0.526906133 0.660598636
v 0.111549355 0.061019883 -0.231506348
vt 0.907226562 0.885009766
vn 0.551454723 0.527820945 0.645989716
v 0.147064194 0.052917466 -0.233764648
vt 0.920898438 0.870849609
vn 0.269054294 0.846729994 -0.458975166
v 0.109252907 0.068267807 -0.221664429
vt 0.900878906 0.882324219
vn 0.892395794 0.379070848 -0.244816706
v 0.123916604 0.060333237 -0.230895996
vt 0.910400391 0.879150391
vn 0.197039768 0.890620172 -0.409842968
v 0.125961289 0.064224228 -0.220428467
vt 0.905029297 0.874023438
vn 0.125921711 0.849972308 -0.511557460
v 0.115638711 0.074844345 -0.215225220
vt 0.895996094 0.878173828
vn 0.788943827 0.165678203 -0.591708064
v 0.137847885 0.070022568 -0.222106934
vt 0.908935547 0.868164062
vn 0.164757743 0.894399703 -0.415817499
v 0.145370468 0.061935410 -0.217666626
vt 0.911376953 0.863281250
vn 0.520897508 0.812915862 -0.260448873
v 0.139434800 0.065078720 -0.210647583
vt 0.904785156 0.864257812
vn 0.252690136 0.931795180 -0.260586858
v 0.121810891 0.072769150 -0.207092285
vt 0.895019531 0.872070312
vn 0.616991222 0.609081209 -0.498339295
v 0.134979233 0.075302109 -0.199462891
vt 0.895751953 0.862792969
vn 0.314804494 0.912933171 -0.259713799
v 0.140869126 0.069351181 -0.196182251
vt 0.897949219 0.858154297
vn 0.291031927 0.888827443 -0.353957921
v 0.114181571 0.016738907 0.306426972
vt 0.986083984 0.083984375
vn 0.369107544 0.070680194 0.926695168
vt 0.977783203 0.080810547
v 0.108688407 0.012268066 0.316741943
vt 0.982666016 0.080566406
vn 0.355423182 0.931998551 0.071084552
v 0.125244200 0.011993408 0.313171357
vt 0.989746094 0.074951172
vn 0.165678084 0.788943887 -0.591708004
vt 0.985595703 0.089599609
v 0.125991866 0.016998306 0.313507050
vt 0.992431641 0.081787109
vn -0.385862529 -0.708727360 0.590606213
vt 0.988525391 0.087158203
v 0.126403853 0.012908936 0.309844941
vt 0.990966797 0.078369141
vn -0.410723954 -0.300144523 0.860940933
vt 0.998291016 0.082031250
v 0.139099181 0.012786865 0.317108124
vt 0.997314453 0.076171875
vn -0.062695399 0.681813240 0.728834748
vt 0.998291016 0.069824219
vt 0.992187500 0.068847656
vt 0.988281250 0.072509766
vt 0.981445312 0.072021484
vt 0.976562500 0.075439453
vt 0.968505859 0.068359375
v 0.131439179 0.010589600 -0.323699981
vt 0.353271484 0.979492188
vn 0.791895092 0.588041008 -0.164651588
vt 0.348388672 0.982666016
vt 0.341552734 0.980468750
v 0.133697480 0.019226059 -0.322021514
vt 0.350341797 0.983886719
vn -0.188836008 -0.597980499 -0.778948188
vt 0.348876953 0.974853516
vt 0.350585938 0.985351562
vt 0.347900391 0.986572266
vt 0.355468750 0.987060547
v 0.138992280 0.010467529 -0.327148467
vt 0.358642578 0.974853516
vn 0.150086209 0.916316330 -0.371266156
vt 0.363525391 0.987060547
v 0.151153535 0.002288818 -0.337768584
vt 0.368896484 0.977539062
vn -0.378610611 0.883424759 0.276070237
v 0.138198823 0.012969971 -0.320159942
vt 0.356201172 0.969726562
vn -0.237008095 0.244908169 -0.940131485
vt 0.349121094 0.971679688
v 0.151229829 0.007720947 -0.320495635
vt 0.366455078 0.966308594
vn 0.308428019 0.648489833 -0.695940495
vt 0.351562500 0.966552734
v 0.166076630 0.003692627 -0.323272735
vt 0.378417969 0.967773438
vn -0.110263579 0.937240422 0.330790699
v 0.182876557 0.005035400 -0.328521758
vt 0.388671875 0.968750000
vn -0.353892297 0.314570755 -0.880798221
v 0.182357758 0.004669189 -0.332855254
vt 0.390136719 0.971435547
vn 0.535632432 0.803448677 0.259939194
v 0.165786713 0.007080078 -0.317810088
vt 0.379150391 0.963867188
vn -0.621854603 0.606111348 -0.495909244
v 0.167739838 0.022567734 -0.319366485
vt 0.389160156 0.959472656
vn -0.678597450 0.465549320 -0.568127990
v 0.172912568 0.023742676 -0.301116973
vt 0.387451172 0.951660156
v 0.169952363 0.008911133 -0.307647735
vt 0.379882812 0.958251953
vn -0.227747276 0.643974662 -0.730361521
vt 0.383056641 0.949951172
vt 0.375244141 0.957275391
v 0.156265229 0.014556885 -0.312713653
vt 0.370117188 0.959228516
vn 0.676829636 0.354155123 -0.645349383
vt 0.362304688 0.956542969
v 0.146255463 0.022003159 -0.332489043
vt 0.353515625 0.954833984
vn 0.023656510 -0.843750060 -0.536214888
vt 0.348632812 0.947509766
vt 0.342529297 0.955078125
v 0.127227753 0.032852158 -0.326782256
vt 0.341308594 0.960449219
vn -0.528411567 -0.488977909 -0.694033027
vt 0.340332031 0.959960938
vt 0.348388672 0.965820312
v 0.146179229 0.077529907 0.153213501
vt 0.262207031 0.651611328
vn -0.402963728 0.402963817 0.821730196
vt 0.273193359 0.646240234
vt 0.263427734 0.659912109
vt 0.256347656 0.669433594
v 0.146682769 0.098648071 0.159149155
vt 0.257324219 0.641113281
vn -0.584218621 0.489480495 0.647377431
vt 0.269042969 0.625244141
v 0.154068023 0.107833862 0.167175278
vt 0.255371094 0.629882812
vn -0.433865070 0.055219229 0.899284244
vt 0.240234375 0.607421875
v 0.145599395 0.101760879 0.181381211
vt 0.250976562 0.659179688
vn -0.737873673 0.565179706 0.368936896
v 0.167099029 0.101852432 0.173934922
vt 0.246582031 0.630371094
vn -0.227880538 -0.117869280 0.966528475
v 0.155700713 0.083023086 0.201324463
vt 0.239990234 0.665039062
vn -0.645089507 0.039334737 0.763093889
vt 0.239990234 0.669677734
v 0.166946441 0.097412124 0.198867783
vt 0.241210938 0.655029297
vn 0.307908595 0.939516068 0.150006682
v 0.169265777 0.096908569 0.165527329
vt 0.244873047 0.640136719
vn 0.826541185 0.377847403 0.417206317
v 0.191894561 0.122726470 0.171676606
vt 0.232910156 0.612060547
vn -0.055088952 -0.346274257 0.936514497
v 0.160964996 0.097915664 0.200469956
vt 0.238769531 0.659667969
vn 0.362126321 -0.251913816 0.897443116
v 0.165161163 0.071975723 0.192413330
vt 0.228271484 0.665039062
vn 0.463505000 -0.227824375 0.856305599
vt 0.231445312 0.668945312
v 0.173889190 0.085235626 0.194595322
vt 0.233398438 0.656738281
vn 0.557777166 -0.243536413 0.793457448
vt 0.216796875 0.666992188
v 0.174789459 0.081420928 0.185729966
vt 0.230468750 0.653076172
vn 0.701135337 0.504187226 0.504187047
v 0.173797637 0.067276031 0.179046616
vt 0.222412109 0.658447266
vn 0.212119058 0.408525407 0.887757063
vt 0.214599609 0.661376953
v 0.189559966 0.063262969 0.191146836
vt 0.212646484 0.652343750
vn -0.605754852 0.196673691 0.770960927
vt 0.204345703 0.659667969
v 0.177978545 0.076446548 0.159576401
vt 0.233154297 0.641601562
vn 0.118282758 0.820093453 0.559871435
v 0.184783965 0.088455230 0.174758896
vt 0.225341797 0.640869141
vn -0.511604905 0.779213607 0.362058878
v 0.187271148 0.080093414 0.186889634
vt 0.218261719 0.641845703
vn -0.837036431 0.513276994 0.189517751
v 0.179641753 0.094421402 0.165512070
vt 0.234130859 0.635498047
vn -0.197241992 0.063117512 0.978320897
v 0.196029693 0.086334258 0.175048813
vt 0.224365234 0.635986328
vn -0.710248530 0.702356756 -0.047349833
v 0.200470001 0.092056289 0.166000351
vt 0.226806641 0.632812500
vn -0.434094697 0.173637956 0.883974969
v 0.195968658 0.109985366 0.170410126
vt 0.224609375 0.623046875
vn -0.181774065 -0.355645150 0.916774154
v 0.194137603 0.102386504 0.174423188
vt 0.221191406 0.627197266
vn -0.828159273 0.433797598 -0.354925275
v 0.186080962 0.100540191 0.185455292
vt 0.214355469 0.630371094
vn -0.756586015 0.173384294 0.630488455
v 0.200805694 0.107131988 0.196472138
vt 0.204101562 0.621826172
vn -0.797454000 0.442152768 0.410570472
v 0.220047027 0.104095489 0.212387055
vt 0.187255859 0.622070312
vn -0.626954556 0.070532404 0.775856435
v 0.188598663 0.102874786 0.176757783
vt 0.234619141 0.627929688
vn 0.418205470 -0.899536073 0.126250669
v 0.178619415 0.102554351 0.174774140
vt 0.238525391 0.626220703
vn 0.039218534 -0.078436755 0.996147394
v 0.201751739 0.110412627 0.172378510
vt 0.222167969 0.620849609
vn -0.526223063 0.793261647 0.306308985
v 0.208404571 0.119506851 0.168716401
vt 0.224365234 0.610839844
vn -0.268140733 -0.875400960 0.402211308
v 0.223007232 0.114852935 0.176147431
vt 0.220214844 0.613769531
vn -0.805625975 0.592372000 0.007898374
v 0.189544708 0.124191314 0.188980073
vt 0.224853516 0.604003906
vn -0.424709916 -0.747174978 0.511225104
v 0.208877593 0.119781524 0.188064545
vt 0.210937500 0.609863281
vn -0.903274477 -0.392728060 -0.172800213
vt 0.242431641 0.597167969
v 0.204299957 0.136093169 0.195404023
vt 0.213623047 0.600341797
vn -0.291338503 0.330708683 0.897637844
vt 0.238037109 0.590087891
v 0.206069976 0.124450713 0.199401826
vt 0.207519531 0.606445312
vn -0.662094951 0.189170003 0.725151777
v 0.219039947 0.133499175 0.193603486
vt 0.204589844 0.599365234
vn 0.361991584 0.912848353 0.188865095
vt 0.203369141 0.588623047
v 0.219131500 0.129440337 0.195983857
vt 0.203125000 0.602050781
vn -0.126392439 0.987440705 0.094794281
v 0.219680816 0.126297027 0.210403413
vt 0.193359375 0.609375000
vn -0.646370947 0.260124922 0.717314243
v 0.237518340 0.135391265 0.214904755
vt 0.187255859 0.596435547
vn -0.251781255 0.967784166 -0.000000009
v 0.217193633 0.109771758 0.209701508
vt 0.191406250 0.618896484
vn -0.631115794 0.063111596 0.773117006
v 0.236206084 0.133850127 0.222793549
vt 0.183349609 0.600585938
vn -0.489343166 0.370953768 0.789263368
v 0.252014190 0.115951568 0.235183686
vt 0.167968750 0.601318359
vn -0.416999638 0.188830107 0.889075041
v 0.244674712 0.140472442 0.227569550
vt 0.179687500 0.593261719
vn -0.590075731 0.495663673 0.637281895
v 0.254547149 0.102920562 0.240585297
vt 0.161621094 0.608398438
vn -0.537100554 0.102681018 0.837245226
v 0.249099776 0.075515777 0.238052353
vt 0.161865234 0.634765625
vn -0.591211259 0.063062564 0.804047525
v 0.234924361 0.061004668 0.228561386
vt 0.171142578 0.648681641
vn -0.605081081 0.062865585 0.793677986
v 0.257720977 0.067398101 0.244400010
vt 0.155029297 0.639404297
vt 0.161132812 0.658691406
v 0.225769088 0.054885894 0.221557602
vt 0.178222656 0.655029297
vn -0.576054513 0.181496665 0.797007143
vt 0.166992188 0.663818359
v 0.224166915 0.051696807 0.228042588
vt 0.177246094 0.660888672
vn 0.078642786 0.495449036 0.865069687
vt 0.182128906 0.667480469
v 0.212539703 0.054809600 0.210144028
vt 0.189697266 0.657470703
vn -0.322096527 0.620625198 0.714897394
v 0.204589874 0.069519073 0.204193100
vt 0.198486328 0.648681641
vn -0.606280327 0.157475427 0.779503465
v 0.140243590 0.019027725 0.321227998
vt 0.100830078 0.968261719
vn -0.070925407 -0.709255278 0.701374769
vt 0.104736328 0.967041016
vt 0.101074219 0.972656250
vt 0.097656250 0.961914062
vt 0.094726562 0.968505859
v 0.150878966 0.009429932 0.318206757
vt 0.095458984 0.975341797
vn 0.424080968 0.337694079 0.840308309
vt 0.108886719 0.976074219
vt 0.099609375 0.981445312
vt 0.101806641 0.988037109
vt 0.109130859 0.988037109
v 0.164398253 0.002593994 0.323303193
vt 0.092773438 0.986083984
vn 0.148942918 0.893657386 0.423311353
v 0.168853819 0.006317139 0.320587128
vt 0.088623047 0.987548828
vn -0.632060707 0.600457549 -0.489846885
v 0.161788985 0.015686035 0.306549042
vt 0.085693359 0.974121094
vn 0.724701703 -0.126035005 0.677438319
vt 0.077880859 0.972900391
v 0.156494185 0.011871338 0.306701630
vt 0.088623047 0.976318359
vn 0.355956614 0.640721738 0.680272400
v 0.157608092 0.011108398 0.313049287
vt 0.090332031 0.978515625
vn 0.133577004 0.880036652 0.455733210
v 0.167373717 0.007385254 0.315002412
vt 0.087158203 0.984375000
vn -0.622510612 0.709189296 0.330955058
v 0.163696334 0.012176514 0.308898896
vt 0.086425781 0.978027344
vn 0.275036991 0.691521466 0.667946696
v 0.170211837 0.018692032 0.304443330
vt 0.078613281 0.977050781
vn -0.738967240 0.503126621 0.448097289
v 0.172790572 0.023162872 0.296234101
vt 0.074951172 0.973144531
vn -0.134091333 0.962301970 -0.236631677
v 0.170089766 0.008026123 0.306274384
vt 0.083740234 0.980468750
vn -0.973605216 0.227697954 -0.015703192
v 0.166183516 0.023361221 0.315948457
vt 0.077392578 0.985839844
v 0.182891905 0.005279541 0.326263398
vt 0.084228516 0.994873047
vn -0.355378717 0.221124634 0.908190429
v 0.182373106 0.021789581 0.322753876
vt 0.074462891 0.994384766
vn -0.393603176 0.834438801 0.385731161
v 0.204025313 0.000396729 0.204360947
vt 0.754394531 0.356933594
vt 0.697265625 0.324951172
vt 0.727783203 0.312744141
v 0.201232955 0.000244141 0.258819550
vt 0.728271484 0.374023438
v 0.306793243 0.000396729 0.198196381
vt 0.773925781 0.409912109
v 0.170043975 0.000335693 0.145141602
vt 0.768310547 0.320312500
vt 0.744628906 0.290039062
vt 0.778076172 0.286132812
v 0.174468964 0.000396729 -0.326568633
vt 0.462646484 0.676513672
vt 0.391113281 0.658447266
vt 0.461914062 0.649902344
v 0.145065278 0.000518769 -0.343536407
vt 0.475341797 0.652587891
vt 0.471435547 0.646728516
vt 0.482910156 0.640869141
v 0.156860322 0.000274628 -0.359039336
vt 0.479492188 0.666503906
vn -0.086442821 -0.990163505 -0.110018112
v 0.187332124 0.000518799 -0.339630157
vt 0.475585938 0.686767578
vn 0.220090732 -0.974687338 0.039301921
v 0.188354462 0.000366181 -0.348693877
vt 0.484130859 0.690185547
vn 0.575302780 -0.740800738 -0.346757889
v 0.169616655 0.000244111 -0.372802764
vt 0.487060547 0.672363281
vn 0.062999889 -0.740249336 -0.669374287
v 0.172363237 0.014770478 -0.373443633
vt 0.493408203 0.674072266
vn 0.416574419 0.495173484 -0.762409985
v 0.187515229 0.014221162 -0.353210479
vt 0.501708984 0.682373047
vn 0.481375635 0.875945926 0.031565517
v 0.156051606 0.010528535 -0.363067657
vt 0.489501953 0.662597656
vn -0.569423676 0.158173159 -0.806683302
v 0.141723603 0.001037568 -0.353363067
vt 0.481201172 0.656250000
vn -0.660517037 -0.542567492 -0.518977582
v 0.142394990 0.012939423 -0.350097686
vt 0.486816406 0.652587891
vn -0.777553499 0.620471954 0.102103055
v 0.142837495 0.009521455 -0.355285674
vt 0.485351562 0.655273438
vn -0.646491587 0.236521214 -0.725331843
v 0.158767670 0.015869111 -0.357788116
vt 0.495117188 0.660888672
vn -0.039253499 0.989186585 -0.141312405
v 0.151397675 0.017990097 -0.341552764
vt 0.492919922 0.650878906
v 0.163940400 0.017074570 -0.330078155
vt 0.504150391 0.652587891
vn -0.047185615 0.927983880 0.369620681
vt 0.500000000 0.640380859
v 0.174804658 0.009918213 -0.329315215
vt 0.508300781 0.652343750
vn 0.509902000 0.627571642 0.588348329
vt 0.511474609 0.651123047
vt 0.871093750 0.617187500
vt 0.869384766 0.611328125
vt 0.872558594 0.610351562
vt 0.877197266 0.605957031
vt 0.885986328 0.606445312
v 0.145675644 0.100234970 -0.186752334
vt 0.880859375 0.616210938
vn -0.733147740 0.559714794 -0.386282057
v 0.154602036 0.083343491 -0.203308105
vt 0.877441406 0.625244141
vn -0.600064516 -0.063164741 -0.797453940
v 0.165817246 0.097503647 -0.200927749
vt 0.883056641 0.623779297
vn 0.442152679 0.797454059 -0.410570502
v 0.169250473 0.095962524 -0.168579116
vt 0.892578125 0.617187500
vn 0.628442287 0.424198657 -0.652009070
v 0.165206894 0.073043808 -0.199218750
vt 0.878662109 0.631347656
vn 0.416073501 -0.400372654 -0.816446304
v 0.154037461 0.073364243 -0.190856934
vt 0.871582031 0.628662109
vn -0.448679954 0.086587280 -0.889488041
vt 0.865234375 0.627685547
v 0.175369248 0.080566406 -0.187973037
vt 0.886962891 0.632324219
vn 0.598128557 0.495817155 -0.629609168
v 0.161956772 0.069625840 -0.192733765
vt 0.876953125 0.634521484
vn 0.408185273 0.423884869 -0.808521152
v 0.151626572 0.065338120 -0.199371338
vt 0.869384766 0.633544922
vn 0.180654809 0.879710793 -0.439855456
vt 0.862304688 0.631835938
v 0.169525132 0.056915268 -0.206680298
vt 0.872802734 0.643310547
vn -0.007852454 0.973695278 -0.227719098
v 0.152755722 0.065292343 -0.206802368
vt 0.866699219 0.636474609
vn 0.299835950 0.891617656 -0.339288175
vt 0.859619141 0.635253906
vt 0.849121094 0.641845703
v 0.161804184 0.051666245 -0.227218628
vt 0.857421875 0.645507812
vn -0.638965070 0.749403417 -0.173546001
v 0.174774155 0.066528320 -0.186355606
vt 0.882568359 0.638916016
vn 0.015668921 0.532747805 -0.846128941
v 0.185256943 0.060501099 -0.200149551
vt 0.882324219 0.647705078
vn -0.102387659 0.976620197 -0.189023286
v 0.165237397 0.041091904 -0.245529175
vt 0.850585938 0.655029297
vn -0.039393399 0.811501682 -0.583020747
vt 0.847412109 0.657714844
v 0.171462998 0.067337036 -0.217910782
vt 0.871826172 0.649658203
vn -0.063017547 0.976771712 0.204806939
v 0.181426972 0.037826538 -0.252136260
vt 0.851806641 0.667968750
vn -0.031395145 0.227613777 -0.973245323
v 0.181076020 0.030624390 -0.262054473
vt 0.846435547 0.669189453
vn 0.615089178 0.780690134 -0.110400751
v 0.163284272 0.045959458 -0.250915557
vt 0.853027344 0.657226562
vn -0.623712420 -0.007895154 -0.781614065
v 0.163635224 0.071121201 -0.246704102
vt 0.861572266 0.656005859
vn -0.637143850 0.747267425 -0.188783273
v 0.179428071 0.065643311 -0.248886123
vt 0.862548828 0.661865234
vn 0.062799551 0.329698324 -0.941995382
v 0.184951752 0.062927246 -0.243484512
vt 0.867187500 0.662841797
vn 0.384849697 0.918926954 -0.086394936
v 0.181945771 0.055328369 -0.250976592
vt 0.859375000 0.664794922
vn -0.039387316 0.244200453 -0.968924582
v 0.201904267 0.050323486 -0.255523711
vt 0.866455078 0.673095703
vn 0.173013821 0.456127644 -0.872934043
v 0.190322846 0.037567139 -0.248474136
vt 0.858398438 0.672851562
vn -0.063259520 0.608871639 -0.790742397
v 0.205444306 0.028060913 -0.267334014
vt 0.854736328 0.680664062
vn -0.409753859 0.780108154 -0.472792804
v 0.200485200 0.039840698 -0.252594024
vt 0.863281250 0.676269531
vn -0.841242850 0.408828199 -0.353793621
v 0.206787080 0.048248291 -0.253234893
vt 0.869384766 0.675292969
vn -0.766708672 0.640241146 -0.047425199
v 0.211456284 0.051559448 -0.238662735
vt 0.877197266 0.671875000
vn 0.259577125 0.888854980 0.377566665
v 0.197952256 0.055664062 -0.214813247
vt 0.882568359 0.657958984
vn 0.274757028 0.949874580 -0.149153933
v 0.215866074 0.046127319 -0.231079116
vt 0.882324219 0.671630859
vn 0.086394757 0.918926954 -0.384849817
v 0.249160752 0.039276123 -0.239181533
vt 0.888427734 0.688232422
vn -0.471390098 0.785650015 -0.400681466
v 0.200454697 0.064788818 -0.206420913
vt 0.888183594 0.654541016
vn -0.141281992 0.879087329 -0.455241650
v 0.200256333 0.067962646 -0.191696182
vt 0.893066406 0.648437500
vn -0.362519652 0.622587860 -0.693515599
v 0.218566880 0.055099487 -0.219680801
vt 0.887207031 0.665527344
vn -0.047073778 0.839480460 -0.541347206
v 0.215805039 0.062332153 -0.206008926
vt 0.894042969 0.660888672
vn -0.583909512 0.291954637 -0.757504046
v 0.240859970 0.050323486 -0.229690567
vt 0.891601562 0.680419922
v 0.258331269 0.081832886 -0.243865982
vt 0.910644531 0.687500000
vn -0.590551317 0.078740098 -0.803149521
v 0.262847871 0.047088623 -0.250885040
vt 0.894531250 0.696777344
vn 0.007847409 0.517937839 -0.855382264
v 0.272857636 0.080429077 -0.251312286
vt 0.911132812 0.696289062
vn 0.361009151 0.109872364 -0.926067293
v 0.277130097 0.081588745 -0.246643081
vt 0.912597656 0.697021484
vn 0.536648750 0.110486515 -0.836540997
v 0.272247285 0.116226196 -0.245574981
vt 0.927734375 0.692871094
vn -0.023527559 0.196061805 -0.980309248
v 0.280761689 0.119506836 -0.238342315
vt 0.930664062 0.697753906
vn 0.693537056 0.126097664 -0.709299505
v 0.233444199 0.072708130 -0.221008316
vt 0.901855469 0.671630859
vn -0.677585721 0.063031159 -0.732737899
v 0.232147202 0.102554321 -0.217391998
vt 0.916259766 0.666259766
vn -0.677228451 0.070872672 -0.732351542
v 0.259338349 0.111022949 -0.241928130
vt 0.924560547 0.685302734
vn -0.535101533 0.133775294 -0.834128618
v 0.273162812 0.120849609 -0.236007720
vt 0.931884766 0.691650391
vn 0.196990773 0.472778171 -0.858880401
v 0.257720917 0.136718750 -0.237869292
vt 0.936035156 0.681152344
vn -0.321324199 0.830740452 -0.454556078
v 0.217651352 0.131286621 -0.201202422
vt 0.927734375 0.653564453
vn -0.276130468 0.757386148 -0.591707945
v 0.214935288 0.118118286 -0.200225860
vt 0.920898438 0.652587891
vn -0.810898066 0.196819857 -0.551095605
v 0.217620835 0.126937866 -0.197052032
vt 0.926513672 0.651367188
vn -0.401612222 -0.826848686 -0.393737346
v 0.222976670 0.114242554 -0.188980132
vt 0.922607422 0.644531250
vn -0.828365386 0.560132682 -0.007889110
v 0.228439316 0.121749878 -0.181900054
vt 0.926269531 0.644287109
vn -0.793261766 -0.526223183 -0.306308866
v 0.199829087 0.089874268 -0.186798111
vt 0.903808594 0.645996094
vn -0.768869996 0.070610434 -0.635494411
v 0.200164780 0.098953247 -0.187606841
vt 0.908691406 0.645751953
vn -0.810395837 0.542886496 0.220301867
v 0.204299912 0.094207764 -0.180892959
vt 0.908447266 0.641601562
vn -0.793776095 0.510845900 0.330085129
v 0.199844345 0.073974609 -0.188217178
vt 0.896484375 0.645751953
vn -0.337662876 0.848083377 -0.408336431
v 0.192642197 0.073623657 -0.194625869
vt 0.891845703 0.643310547
vn 0.015789555 0.363162905 -0.931591868
v 0.190093979 0.087326050 -0.177978531
vt 0.895751953 0.634033203
v 0.201080307 0.083679214 -0.169265762
vt 0.901855469 0.636474609
vn -0.291293561 0.606205225 -0.740042746
v 0.210327134 0.109497070 -0.171829253
vt 0.915771484 0.634277344
vn -0.549683690 0.070673540 -0.832377970
v 0.211517319 0.121215820 -0.171356231
vt 0.920898438 0.633056641
vn -0.165165067 -0.652795017 -0.739310026
v 0.211563095 0.090881348 -0.170776382
vt 0.907470703 0.636474609
vn -0.504062116 0.094511569 -0.858480573
v 0.186096177 0.100601211 -0.169509917
vt 0.903076172 0.625488281
vn 0.055255204 -0.315744698 -0.947234035
v 0.189498886 0.086410522 -0.171249405
vt 0.898925781 0.632324219
vn 0.306734979 0.951665044 0.015729917
v 0.180389389 0.090316787 -0.168823257
vt 0.898193359 0.627685547
vn -0.338404536 0.464322299 -0.818466425
v 0.177642807 0.079330459 -0.165939346
vt 0.893798828 0.625732422
v 0.196060166 0.111450195 -0.175659209
vt 0.912109375 0.626464844
vn 0.243153989 -0.290216208 -0.925554335
v 0.178070053 0.102203369 -0.178329498
vt 0.902343750 0.620117188
vn 0.070738979 -0.510893345 -0.856728733
v 0.191299424 0.123306274 -0.179779083
vt 0.915771484 0.620849609
vn -0.047349956 -0.710248530 -0.702356756
v 0.173217759 0.114257812 -0.178665191
vt 0.906250000 0.616210938
vn -0.102279909 -0.149485901 -0.983459592
vt 0.929443359 0.620117188
v 0.165039048 0.113204941 -0.177230850
vt 0.903076172 0.612548828
vn -0.157499969 -0.078749977 -0.984374106
v 0.220031723 0.142898560 -0.199218780
vt 0.934570312 0.614990234
vn 0.369746387 0.338278711 -0.865364194
vt 0.932128906 0.619628906
v 0.201538071 0.136016846 -0.197174102
vt 0.926269531 0.613769531
vn -0.337694138 -0.164920390 -0.926695168
v 0.205871567 0.151161194 -0.196853667
vt 0.931152344 0.607910156
vn 0.055212233 0.883397341 -0.465361118
v 0.198333725 0.148414612 -0.191284209
vt 0.927978516 0.607177734
vn -0.142032057 0.978442669 -0.149922699
v 0.159896836 0.103668198 -0.175796524
vt 0.896240234 0.612060547
vn -0.212809741 -0.299509913 -0.930056930
vt 0.894775391 0.606201172
vt 0.908691406 0.603271484
vt 0.917236328 0.600585938
vt 0.920898438 0.596679688
v 0.230773911 0.144836426 -0.177093536
vt 0.938476562 0.592529297
vn 0.369301021 0.927181423 -0.062859848
v 0.172973618 0.127044678 -0.184082061
vt 0.913330078 0.611083984
vn -0.439408451 -0.274630278 -0.855276942
v 0.171936020 0.124649048 -0.177307159
vt 0.909912109 0.611816406
vn -0.308380038 -0.221401036 -0.925139666
v 0.137664780 0.092468247 -0.176422119
vt 0.865478516 0.611328125
vn 0.871318817 -0.062797740 -0.486682743
v 0.137649521 0.091598496 -0.176330566
vt 0.866210938 0.611816406
vn 0.874178350 -0.070879310 -0.480404466
vt 0.866699219 0.615478516
v 0.137710556 0.093322739 -0.176437378
vt 0.864990234 0.611083984
vn 0.872367620 -0.039295826 -0.487268537
vt 0.857421875 0.602539062
vt 0.567871094 0.220458984
vt 0.573730469 0.208007812
v 0.146835387 0.053482071 0.341796845
vt 0.575195312 0.216308594
vn 0.495449126 0.078642756 0.865069628
vt 0.577880859 0.227050781
vt 0.572265625 0.226806641
v 0.150528014 0.065628067 0.336791962
vt 0.580078125 0.223144531
vn 0.321947664 0.816647589 0.478995204
v 0.149261534 0.038589492 0.333709687
vt 0.579833984 0.206787109
vn 0.792895019 -0.157008857 0.588783324
vt 0.573242188 0.201660156
vt 0.583007812 0.196777344
vt 0.456298828 0.622802734
v 0.183074951 0.000366211 -0.068801887
vt 0.441650391 0.644287109
vt 0.408691406 0.650634766
v 0.223342881 0.000366211 -0.158309951
vt 0.489501953 0.627197266
vt 0.447509766 0.580322266
vt 0.491210938 0.565673828
v 0.241577134 0.000396729 -0.237915054
vt 0.524414062 0.612060547
v 0.319885254 0.000457764 -0.164474517
vt 0.534667969 0.651855469
vt 0.300781250 0.966308594
vt 0.271484375 0.929931641
vt 0.324218750 0.914550781
vt 0.321533203 0.961181641
v 0.173751891 0.000366211 0.324951142
vt 0.330566406 0.952636719
vn 0.023612574 -0.999597251 -0.015741650
v 0.180938780 0.000427246 0.326446503
vt 0.334472656 0.951660156
vn -0.039472945 -0.994719684 0.094735257
v 0.192199767 0.000457764 0.325530976
vt 0.339599609 0.948730469
v 0.144012511 0.000427276 0.353515595
vt 0.061035156 0.025390625
vn -0.345867425 -0.801783800 0.487358868
v 0.142913878 0.011138946 0.353576630
vt 0.055664062 0.025390625
v 0.141967833 0.000824004 0.345336884
vt 0.060791016 0.021240234
vn -0.882985473 -0.063070446 -0.465143979
vt 0.973632812 0.623779297
v 0.148986876 0.017150894 0.341796845
vt 0.978271484 0.617431641
vn -0.599746823 0.639203727 -0.481375605
vt 0.980957031 0.624023438
vt 0.988525391 0.619628906
vt 0.990234375 0.609130859
v 0.167648375 0.016983047 0.329254121
vt 0.981933594 0.608398438
vn 0.165016964 0.966528416 -0.196448907
v 0.157592833 0.015808135 0.355957001
vt 0.968994141 0.615722656
vn -0.110110015 0.967395008 0.228084967
v 0.172439635 0.014160186 0.370696992
vt 0.960937500 0.607666016
vn 0.062859781 0.887894094 0.455733210
v 0.158203185 0.009582549 0.361877412
vt 0.965820312 0.618164062
vn -0.528329253 0.094626173 0.843750000
vt 0.968750000 0.627441406
v 0.161911070 0.000610381 0.364837617
vt 0.959960938 0.617919922
vn -0.567192852 -0.212697372 0.795645773
v 0.171539366 0.000305206 0.368865937
vt 0.955078125 0.613037109
vn 0.307803184 -0.891839743 0.331480265
v 0.157730162 0.000335723 0.356536835
vt 0.961181641 0.623291016
vn -0.070872672 -0.992218256 0.102371767
vt 0.959228516 0.636718750
vt 0.967285156 0.633300781
vt 0.945312500 0.635009766
v 0.188720763 0.000518829 0.345550507
vt 0.938476562 0.623291016
vn 0.473631829 -0.852537155 0.221028119
v 0.186615050 0.014343292 0.352600068
vt 0.940185547 0.613769531
vn 0.741146028 0.654416263 0.149805993
v 0.180282652 0.000549316 0.329620332
vt 0.941650391 0.633300781
vn -0.007861803 -0.998453617 -0.055032831
v 0.184433043 0.004272461 0.331756562
vt 0.940673828 0.636718750
vn 0.575588763 0.630782306 -0.520395458
vt 0.939453125 0.635986328
vt 0.940185547 0.634033203
vt 0.935058594 0.632324219
v 0.189498961 0.001312256 0.333435029
vt 0.935546875 0.629882812
vn 0.997991085 0.031432830 -0.055007514
v 0.191482604 0.002990723 0.326660126
vt 0.933593750 0.631591797
vn 0.189393803 0.228850752 0.954859853
vt 0.931640625 0.629638672
vt 0.933593750 0.628906250
vt 0.010009766 0.645751953
vt 0.041259766 0.645751953
vt 0.030029297 0.679687500
vt 0.999755859 0.200927734
vt 0.991699219 0.170166016
vt 0.999755859 0.169189453
v 0.173934951 0.159706116 0.036106091
vt 0.994628906 0.163085938
vn -0.416265935 0.306308955 0.856094360
vt 0.438964844 0.540283203
v 0.177154511 0.069396973 -0.268859893
vt 0.437500000 0.552734375
vn 0.638032734 0.393847436 0.661663473
vt 0.424804688 0.548339844
vt 0.427490234 0.557128906
vt 0.436279297 0.558349609
vt 0.443359375 0.557617188
v 0.178420991 0.053176880 -0.265747100
vt 0.442382812 0.545654297
vn 0.857073009 0.141535029 0.495372325
v 0.180694550 0.057647705 -0.282348663
vt 0.445556641 0.550537109
vn 0.996638060 0.078475483 0.023542499
vt 0.448242188 0.535400391
v 0.179244965 0.047180176 -0.282836944
vt 0.449218750 0.547119141
vn 0.943741620 -0.015729001 -0.330309689
vt 0.463378906 0.549804688
vt 0.451660156 0.567138672
v 0.174285859 0.018035889 -0.288818389
vt 0.460449219 0.541992188
vn 0.841554940 0.361790001 -0.401115119
vt 0.465087891 0.546875000
v 0.180236787 0.020874023 -0.277954131
vt 0.456298828 0.537841797
vn 0.769106567 0.266832888 -0.580754101
v 0.187286347 0.017807007 -0.285705596
vt 0.461425781 0.535888672
vn -0.156892940 0.980580688 0.117669657
v 0.182556123 0.026275635 -0.274017364
vt 0.453369141 0.536132812
vn 0.505758941 0.782345951 -0.363514364
v 0.196807832 0.024566650 -0.274200469
vt 0.453369141 0.529296875
vn 0.070784912 0.951665044 -0.298870027
vt 0.448974609 0.524902344
v 0.191711396 0.024230957 -0.289062530
vt 0.459472656 0.533203125
vn -0.015775545 0.867649317 -0.496926457
v 0.204299897 0.023025513 -0.283050567
vt 0.456787109 0.527099609
vn -0.845328331 -0.213307187 -0.489816278
v 0.200180024 0.019638062 -0.286285430
vt 0.462890625 0.530761719
vn 0.086280443 0.996147394 -0.015687414
v 0.187026948 0.024337769 -0.302917510
vt 0.468261719 0.541748047
vn -0.244390145 0.946026325 0.212855905
v 0.202072114 0.027069092 -0.308837920
vt 0.474853516 0.536376953
vn 0.512033224 0.858640432 0.023632200
v 0.181442231 0.021697998 -0.324462920
vt 0.478027344 0.552490234
vn -0.384636313 0.690775275 -0.612278044
vt 0.474365234 0.557617188
vt 0.489746094 0.552734375
v 0.194824189 0.033538818 -0.316497833
vt 0.475097656 0.541992188
vn -0.055109572 0.952608287 0.299166203
v 0.193679780 0.032211304 -0.326812774
vt 0.478759766 0.545166016
v 0.203323334 0.013519287 -0.334716827
vt 0.490234375 0.542236328
vn 0.300144404 0.410724044 -0.860940933
v 0.197311372 0.003021240 -0.331390411
vt 0.493896484 0.545654297
vn -0.117945954 0.141534925 -0.982881844
v 0.199493378 0.002288818 -0.335845977
vt 0.496093750 0.545898438
vn 0.181434438 0.954503298 -0.236653790
vt 0.492187500 0.552246094
v 0.203750581 0.000335693 -0.331787139
vt 0.501220703 0.542724609
vn -0.023630086 -0.984587789 -0.173287407
v 0.196731538 0.000274628 -0.341125518
vt 0.497070312 0.547851562
vn 0.157251254 0.597555220 -0.786256969
vt 0.496582031 0.552978516
vt 0.499511719 0.562255859
vt 0.490722656 0.557861328
vt 0.499023438 0.554199219
vt 0.503417969 0.554931641
v 0.229553193 0.000488281 -0.310241729
vt 0.515136719 0.529052734
vt 0.561279297 0.569091797
vt 0.542724609 0.504638672
v 0.205841035 0.010437012 -0.333099395
vt 0.493652344 0.541259766
vn -0.258841604 0.541213930 -0.800055385
v 0.222091645 0.000518799 -0.338592559
vt 0.501708984 0.533935547
vn -0.118033461 -0.826233983 -0.550822556
v 0.209838837 0.013366699 -0.314819366
vt 0.482666016 0.532470703
vn 0.244747803 0.955306172 -0.165797010
v 0.221618623 0.014099121 -0.338867217
vt 0.495117188 0.533935547
vn -0.023557253 0.824500084 -0.565371454
v 0.226516694 0.000457764 -0.335205108
vt 0.501708984 0.530273438
vn 0.417258203 -0.740042865 -0.527477324
v 0.275451630 0.000457764 -0.299163848
vt 0.515625000 0.500732422
v 0.230590791 0.017028809 -0.326995879
vt 0.492431641 0.528076172
vn 0.574447095 0.818390369 0.015738167
v 0.216094941 0.015197754 -0.312652618
vt 0.483886719 0.529541016
vn 0.165554643 0.827773154 0.536081553
v 0.253234833 0.000305176 -0.334991485
vt 0.506103516 0.515380859
vn -0.023542598 -0.996638060 -0.078475393
v 0.215927094 0.008300781 -0.308898956
vt 0.481201172 0.526855469
vn 0.521287382 0.734541357 0.434406102
v 0.235076874 0.005065918 -0.323608428
vt 0.492187500 0.522216797
vn 0.197414175 0.979174554 -0.047379479
v 0.212799042 0.013854980 -0.305175811
vt 0.478027344 0.529296875
vn 0.841554940 0.519090056 -0.149435133
v 0.208602875 0.024597168 -0.295318633
vt 0.470214844 0.530761719
vn 0.646210432 0.732897222 0.212776512
v 0.209732026 0.016342163 -0.295013458
vt 0.470458984 0.527343750
vn -0.039231755 0.965099335 -0.258929104
v 0.215087861 0.009704590 -0.300781280
vt 0.476806641 0.526611328
vn 0.063178338 0.766038835 -0.639681995
v 0.224456757 0.008239746 -0.306884795
vt 0.482666016 0.522460938
v 0.223541230 0.012481689 -0.307220489
vt 0.479736328 0.522460938
vn -0.007854210 0.541931212 -0.840386212
v 0.216201752 0.018096924 -0.284423858
vt 0.463623047 0.524414062
vn -0.307048649 0.913272560 -0.267683327
v 0.214797944 0.024063110 -0.296875030
vt 0.469970703 0.523681641
vn 0.023702929 0.940219581 -0.339743227
v 0.233230561 0.013580322 -0.294952422
vt 0.477294922 0.515625000
vn 0.472792804 0.795868039 -0.378234416
v 0.221466035 0.021957397 -0.286682159
vt 0.465087891 0.520751953
vn -0.149806246 -0.394226700 -0.906721354
v 0.233383149 0.009033203 -0.297760040
vt 0.480224609 0.516357422
vn 0.047224961 0.857922077 -0.511604965
v 0.244232148 0.007446289 -0.304107696
vt 0.486328125 0.512939453
v 0.246032685 0.012451172 -0.297851592
vt 0.483642578 0.509765625
vn 0.023671934 0.978442788 -0.205157399
v 0.226364106 0.016799927 -0.284027129
vt 0.471435547 0.515625000
vn 0.047178198 0.023589123 -0.998607934
v 0.196716279 0.028808594 -0.285705596
vt 0.455810547 0.522705078
vn -0.722240984 -0.306167394 -0.620185018
v 0.199493378 0.035827637 -0.267791778
vt 0.446777344 0.519287109
vn -0.937909722 0.346790135 0.007881703
vt 0.439941406 0.514404297
v 0.209732026 0.047149658 -0.301208526
vt 0.455322266 0.511962891
vn -0.655170321 0.331531823 -0.678850949
v 0.214996308 0.057952881 -0.272369415
vt 0.446044922 0.501708984
vn -0.785552979 0.612731278 -0.086410753
vt 0.438476562 0.506835938
v 0.227157563 0.038848877 -0.300079376
vt 0.461669922 0.507568359
vn 0.243371144 0.471041173 -0.847874224
v 0.216003388 0.059417725 -0.276519805
vt 0.448486328 0.501953125
vn 0.354980499 0.836176455 -0.418088317
v 0.231948823 0.037261963 -0.301300079
vt 0.463867188 0.506835938
vn 0.149250343 -0.243513957 -0.958345056
v 0.234710664 0.042572021 -0.287719756
vt 0.460693359 0.499511719
vn 0.431442142 0.792284787 -0.431442320
v 0.232955903 0.052139282 -0.270965606
vt 0.452148438 0.492675781
vn 0.442001134 0.789287865 -0.426215559
v 0.217285126 0.061309814 -0.270843536
vt 0.445312500 0.498046875
vn -0.039199207 0.893739760 -0.446869910
v 0.223266572 0.070159912 -0.251373321
vt 0.439941406 0.494384766
vn -0.337621123 0.832275450 0.439692676
vt 0.431152344 0.495849609
v 0.233718842 0.064483643 -0.251037627
vt 0.444335938 0.488281250
vn 0.496416986 0.858880281 -0.126074269
v 0.241455048 0.050888062 -0.246658340
vt 0.447021484 0.479003906
vn 0.283746243 0.599019825 0.748774588
vt 0.445800781 0.470947266
v 0.243911713 0.058395386 -0.250427276
vt 0.448242188 0.485351562
vn 0.573489070 0.746321440 -0.337808758
vt 0.459228516 0.473144531
v 0.244903535 0.051406860 -0.260223418
vt 0.454101562 0.484375000
vn 0.464106679 0.833818972 -0.298916310
v 0.253601044 0.039382935 -0.274353057
vt 0.465087891 0.488769531
vn 0.457373887 0.780690074 -0.425831050
v 0.247085541 0.033859253 -0.290679961
vt 0.467529297 0.498291016
vn 0.424093872 0.659701705 -0.620433807
v 0.244201630 0.023193359 -0.290649444
vt 0.472412109 0.504394531
vn -0.007900600 -0.521433771 -0.853255212
v 0.253356904 0.013824463 -0.283477813
vt 0.479980469 0.502685547
vn 0.023715464 0.379449606 -0.924908459
v 0.257629365 0.025604248 -0.295776397
vt 0.474365234 0.497558594
vn 0.086408056 -0.298500985 -0.950489879
v 0.266143769 0.024627686 -0.288909942
vt 0.475097656 0.492431641
vn 0.667761147 0.526353002 -0.526353061
v 0.259155244 0.018554688 -0.286407501
vt 0.479492188 0.497558594
vn 0.220090598 -0.039301943 -0.974687457
v 0.264617890 0.008728027 -0.293426543
vt 0.486083984 0.499267578
vn 0.023591273 0.951517940 -0.306687623
v 0.265106171 0.011962891 -0.301086456
vt 0.489257812 0.501220703
vn 0.251167774 0.957577288 0.141281813
v 0.263275117 0.012695312 -0.310363799
vt 0.492431641 0.505126953
vn -0.031337254 0.830434382 -0.556234360
v 0.274414033 0.007110596 -0.291290313
vt 0.489013672 0.494384766
vn 0.173459664 0.954028547 -0.244420618
v 0.256072968 0.005126953 -0.307281524
vt 0.491455078 0.510009766
vn -0.047366213 0.939428151 -0.339457273
v 0.281463593 0.004638672 -0.308593780
vt 0.499267578 0.499023438
vn 0.244542107 0.962391794 -0.118326932
v 0.272460908 0.002746582 -0.317749053
vt 0.500976562 0.504638672
vn 0.229086161 0.947943091 -0.221186787
v 0.254943818 0.004913330 -0.323150665
vt 0.496582031 0.513916016
vn 0.015745549 0.999845147 -0.007872842
v 0.242080659 0.007232666 -0.329650909
vt 0.496582031 0.520263672
vn 0.007878592 0.984832287 -0.173330531
v 0.241455048 0.002502441 -0.337738067
vt 0.500976562 0.522705078
vn 0.015734272 0.849656463 -0.527101755
v 0.267181367 0.010253906 -0.328735381
vt 0.501953125 0.511474609
vn 0.086354837 0.973455250 -0.211962104
v 0.257720917 0.000854492 -0.337097198
vt 0.505126953 0.512695312
vn 0.134191349 0.378893584 -0.915659547
v 0.272064179 0.000854492 -0.331939727
vt 0.505615234 0.508544922
vn 0.726212680 -0.386787236 -0.568340480
v 0.275970429 0.000701904 -0.317840606
vt 0.509033203 0.504394531
vn 0.000000013 -0.973725259 -0.227726012
v 0.290252656 0.006866455 -0.310272247
vt 0.503173828 0.497558594
vn -0.007889258 0.986149251 -0.165673107
v 0.289184541 0.002807617 -0.319885284
vt 0.506347656 0.497802734
vn 0.276397020 0.702838480 -0.655456185
v 0.303192109 0.003143311 -0.303680450
vt 0.502929688 0.489990234
vn 0.236286342 0.913640797 -0.330801040
v 0.289031953 0.000244141 -0.317901641
vt 0.507080078 0.497314453
vn 0.094794340 -0.987440705 -0.126392379
v 0.316528291 0.001190186 -0.299957305
vt 0.508056641 0.482666016
vn 0.133775368 -0.975773156 -0.173121020
v 0.282226533 0.006225586 -0.298400909
vt 0.493896484 0.494140625
vn -0.031425115 0.934894562 -0.353531629
v 0.313140839 0.000610352 -0.294647247
vt 0.509521484 0.481689453
vn 0.007873571 -0.999938011 -0.007873485
v 0.302490205 0.006622314 -0.298675567
vt 0.501220703 0.486572266
vn 0.197574392 0.940454483 -0.276604295
v 0.288604707 0.013458252 -0.284088165
vt 0.490478516 0.485351562
vn 0.031378455 0.588348389 -0.807998538
v 0.317230195 0.002288818 -0.296661407
vt 0.507324219 0.481201172
vn 0.299985409 0.939428151 -0.165781528
v 0.334899873 0.000488281 -0.266845733
vt 0.511230469 0.463378906
vn -0.007854042 -0.997467637 -0.070686631
v 0.369689912 0.000518829 -0.262756407
vt 0.519775391 0.450683594
v 0.323028535 0.000701904 -0.289886504
vt 0.508544922 0.476806641
vn 0.795029163 -0.023614720 -0.606111467
v 0.300140351 0.007049561 -0.284210235
vt 0.496093750 0.480957031
vn 0.228169560 0.684508979 -0.692377150
v 0.317291230 0.004760742 -0.283142120
vt 0.504394531 0.476074219
vn 0.237007886 0.940131545 -0.244908303
v 0.308502167 0.006439209 -0.283111602
vt 0.499755859 0.478027344
vn 0.307305723 0.858880401 -0.409741133
v 0.331909150 0.004089355 -0.274383575
vt 0.508544922 0.468994141
vn 0.401028097 0.896415949 -0.188719243
v 0.316040009 0.007690430 -0.272552520
vt 0.503417969 0.471191406
vn 0.764894724 0.496787339 -0.410046786
v 0.313018769 0.010009766 -0.284088165
vt 0.498779297 0.475341797
vn 0.543492377 -0.267807901 -0.795547068
v 0.326110810 0.005126953 -0.261871368
vt 0.505371094 0.463134766
vn 0.126097545 0.693537116 -0.709299445
v 0.350982636 0.000488311 -0.269165099
vt 0.515136719 0.457031250
vn -0.070732489 -0.982396007 -0.172901645
v 0.343933076 0.001312286 -0.272369444
vt 0.512451172 0.458007812
vn -0.133953929 -0.165472403 -0.977074921
v 0.336395234 0.015991211 -0.267334014
vt 0.505859375 0.454833984
vn -0.150044277 0.844985604 -0.513309062
v 0.345397919 0.014923126 -0.273101866
vt 0.509277344 0.451904297
vn -0.142351568 0.253069222 -0.956918061
v 0.323211640 0.012817383 -0.261535674
vt 0.501708984 0.461181641
vn 0.496601999 -0.039412882 -0.867083132
v 0.323272675 0.018692017 -0.257812530
vt 0.497802734 0.457275391
vn 0.623751163 0.773767352 -0.110538311
v 0.323394746 0.015655518 -0.272857696
vt 0.499511719 0.466552734
vn 0.890620112 -0.197039828 -0.409843028
v 0.321014374 0.025711060 -0.253509551
vt 0.490966797 0.456298828
vn 0.703057706 0.710957348 -0.015799174
v 0.323791474 0.014099121 -0.246093780
vt 0.496826172 0.451416016
vn 0.424710006 0.857285023 0.291004926
v 0.312866181 0.024551392 -0.283782989
vt 0.493652344 0.472167969
vn 0.308379799 0.419080406 -0.853975236
v 0.323150605 0.027587891 -0.273162872
vt 0.494628906 0.464843750
vn 0.511557281 0.849972188 -0.125921905
v 0.306426972 0.028305054 -0.250183135
vt 0.482177734 0.458740234
vn 0.070773974 0.967245400 -0.243777350
v 0.305297822 0.021133423 -0.283630401
vt 0.491943359 0.475830078
vn 0.039367504 0.511779249 -0.858214498
v 0.306365937 0.028060913 -0.270233184
vt 0.487792969 0.468750000
vn 0.007856438 0.989919007 -0.141417027
v 0.316436738 0.028274536 -0.244354278
vt 0.486572266 0.454345703
vn 0.543627262 0.141815841 -0.827259243
v 0.273895234 0.027297974 -0.284149200
vt 0.480468750 0.484619141
vn -0.039243884 0.722085118 -0.690690279
v 0.294219941 0.042953491 -0.256011993
vt 0.472167969 0.456787109
vn 0.070962884 0.772708297 -0.630782306
v 0.321472138 0.042572021 -0.243942291
vt 0.483398438 0.448242188
vn 0.632060587 0.726869702 -0.268625885
v 0.269103974 0.027191162 -0.269836456
vt 0.475097656 0.480224609
vn 0.047185577 0.998762369 -0.015728589
v 0.284515351 0.026672363 -0.250518829
vt 0.474853516 0.465820312
vn -0.221553504 0.727961123 -0.648834944
v 0.276000947 0.011596680 -0.284118682
vt 0.486328125 0.490478516
vn 0.023613131 0.440780967 -0.897304177
v 0.269592255 0.013610840 -0.291717559
vt 0.485351562 0.495605469
vn 0.353607863 0.762221694 -0.542199016
v 0.265106171 0.019622803 -0.277862579
vt 0.479248047 0.490478516
vn 0.298869878 0.385384977 -0.873015046
v 0.268981904 0.028015137 -0.277923614
vt 0.476074219 0.485351562
vn 0.599019706 0.748774648 -0.283746302
v 0.272644013 0.032135010 -0.267608672
vt 0.471191406 0.479980469
vn 0.858134687 0.417258203 -0.299166381
v 0.266815156 0.038238525 -0.261077911
vt 0.466308594 0.479248047
vn 0.669374287 0.629999399 -0.393749744
v 0.266235322 0.024230957 -0.259399444
vt 0.471679688 0.475341797
vn 0.795546949 0.543492556 -0.267808020
v 0.274383515 0.038269043 -0.254455596
vt 0.466064453 0.473876953
vn 0.900180757 0.307956636 -0.307956725
v 0.271331757 0.032043457 -0.251464874
vt 0.468994141 0.471435547
vn 0.646069944 0.535765409 -0.543644369
v 0.281188935 0.032852173 -0.241088882
vt 0.469238281 0.466308594
vn -0.023695016 0.434406102 -0.900405407
v 0.271209687 0.037094116 -0.245178238
vt 0.465576172 0.469726562
vn 0.654009700 -0.007879640 -0.756445169
v 0.282531708 0.042160034 -0.246856704
vt 0.466308594 0.462890625
vn 0.298510045 0.149255052 -0.942663729
vt 0.452392578 0.460937500
v 0.297821015 0.044357300 -0.228591949
vt 0.466308594 0.451416016
vn 0.725151598 0.189170003 -0.662095129
vt 0.453369141 0.457763672
vt 0.054687500 0.494140625
v 0.162368789 0.153984070 0.068176255
vt 0.063476562 0.495849609
vn -0.722552776 0.644014299 -0.251322627
vt 0.078125000 0.504638672
vt 0.055908203 0.486083984
v 0.175994888 0.159095764 0.043128949
vt 0.079101562 0.497558594
vn -0.488856345 0.756938756 -0.433662802
vt 0.084228516 0.500488281
v 0.182098404 0.157791138 0.037570935
vt 0.084716797 0.495117188
vn 0.031578515 0.236838043 0.971035779
v 0.201461807 0.156806946 0.043388344
vt 0.090087891 0.485839844
vn 0.157955974 0.979327261 0.126364753
v 0.200607315 0.155471802 0.036174752
vt 0.092041016 0.488037109
vn 0.464768827 0.354484677 0.811375856
v 0.213317886 0.154396057 0.043216679
vt 0.094970703 0.482421875
vn 0.157793671 0.978320897 0.134124577
v 0.206710830 0.149826050 0.058406807
vt 0.090087891 0.476562500
vn -0.110520996 0.986794353 0.118415296
v 0.192337051 0.155281067 0.055007912
vt 0.084472656 0.483886719
vn 0.749100447 0.654477298 -0.102508612
v 0.180633560 0.175354004 0.046604138
vt 0.075927734 0.489990234
vn 0.363468856 0.908672214 -0.205439016
v 0.179763809 0.171218887 0.098670945
vt 0.066406250 0.475830078
vn 0.212849364 0.859280646 0.465115130
vt 0.058349609 0.475341797
v 0.191391006 0.160705581 0.086791977
vt 0.074462891 0.474121094
vn 0.899228215 0.394398391 0.189311087
v 0.177459732 0.154846206 0.097602829
vt 0.065185547 0.468994141
vn 0.409410834 0.330677956 0.850314558
vt 0.063476562 0.462646484
v 0.192352310 0.153526306 0.070747361
vt 0.081298828 0.477050781
vn 0.716335595 0.637617469 0.283385366
v 0.183227554 0.151214615 0.099182114
vt 0.067871094 0.466552734
vn 0.535765350 0.843042672 0.047273312
v 0.189605728 0.148399353 0.083244309
vt 0.077392578 0.470458984
vn 0.764135003 0.567192972 0.307229400
v 0.183441177 0.151367202 0.097457871
vt 0.068603516 0.467285156
vn 0.471987575 0.881043494 0.031465739
v 0.183441177 0.151214615 0.098319992
vt 0.068359375 0.466796875
vn 0.465115160 0.875047266 0.134016141
v 0.195556656 0.142364517 0.114303574
vt 0.069824219 0.457275391
vn 0.464898467 0.882519305 -0.070916817
v 0.199172989 0.143173233 0.096038796
vt 0.076171875 0.463134766
vn 0.511161804 0.857179046 0.062912121
v 0.201766983 0.140808120 0.084045388
vt 0.082275391 0.465820312
vn 0.039301928 0.911804378 0.408739865
v 0.211212173 0.134826675 0.099632241
vt 0.079345703 0.457519531
vn 0.181271017 0.969406009 0.165508255
v 0.215515152 0.137557998 0.127197236
vt 0.072509766 0.446533203
vn 0.308119893 0.948061347 -0.079005197
v 0.232833892 0.134017959 0.126434296
vt 0.078369141 0.441650391
vn 0.236926600 0.971399188 0.015795033
vt 0.068603516 0.439941406
v 0.230423003 0.132797256 0.141998261
vt 0.072265625 0.436523438
vn 0.251835853 0.936514497 0.243965909
v 0.197265640 0.152084351 0.061923958
vt 0.085693359 0.478759766
v 0.196411148 0.152084351 0.061164834
vt 0.085693359 0.479248047
vn 0.118047960 0.944384336 -0.306924969
vt 0.085449219 0.479492188
vn 0.502335548 0.863389373 0.047093861
v 0.196624771 0.151977539 0.061138131
vn 0.149264202 0.934865773 -0.322096676
v 0.196411148 0.151664734 0.060302712
vt 0.085693359 0.479736328
vn 0.276267976 0.915630996 0.292054683
vt 0.733886719 0.240722656
vt 0.715820312 0.189208984
vt 0.755371094 0.209960938
v 0.218063369 0.000366211 0.050868969
vt 0.691162109 0.193603516
v 0.264984131 0.000335693 -0.036422752
vt 0.689208984 0.244384766
v 0.267303467 0.000427246 -0.095321678
vt 0.701416016 0.271972656
vt 0.735595703 0.291015625
vt 0.692871094 0.315673828
vt 0.481933594 0.728271484
vt 0.482421875 0.731445312
vt 0.478271484 0.730712891
vt 0.476074219 0.736572266
vt 0.482421875 0.742675781
v 0.185485885 0.024078399 0.300415009
vt 0.484863281 0.738037109
vn -0.291329622 0.944852650 -0.149601668
vt 0.500732422 0.728027344
vt 0.493164062 0.724365234
v 0.193450972 0.032470733 0.314300507
vt 0.493164062 0.739501953
vn -0.496001542 0.866034329 -0.062984288
v 0.198684737 0.030227691 0.310852021
vt 0.491943359 0.743164062
vn 0.605811179 0.794635415 0.039338276
v 0.193695128 0.030548126 0.325897187
vt 0.498779297 0.736816406
vn -0.031535104 0.536098242 0.843566358
vt 0.512939453 0.731933594
v 0.208068892 0.024200469 0.295562714
vt 0.486572266 0.751220703
v 0.204773009 0.010375977 0.333373994
vt 0.509033203 0.745361328
vn 0.173384354 0.756586015 0.630488276
vt 0.478027344 0.751220703
v 0.194854796 0.004272461 0.331634492
vt 0.513671875 0.739746094
vn -0.220993593 -0.394631624 0.891867518
vt 0.516357422 0.736816406
vt 0.518310547 0.738281250
v 0.204727232 0.004089355 0.330383271
vt 0.514404297 0.745605469
vn -0.078603685 -0.298694521 0.951106310
v 0.206070006 0.000549316 0.330413789
vt 0.517333984 0.746826172
vn -0.094593734 -0.930172563 0.354726851
v 0.230575606 0.000427246 0.307769746
vt 0.532714844 0.763183594
vt 0.559570312 0.746093750
v 0.222503722 0.014007568 0.336944550
vt 0.511474609 0.755126953
vn 0.252690345 0.260586828 0.931795180
v 0.290130675 0.000518799 0.264831513
vt 0.546875000 0.801513672
vn 0.054951474 -0.996975780 0.054951459
v 0.288543761 0.000610352 0.276092499
vt 0.540039062 0.801757812
vn 0.039334774 -0.999102235 -0.015733857
v 0.272369444 0.000427246 0.313293427
vt 0.519775391 0.789306641
vn 0.007872842 -0.999845147 0.015745634
v 0.223831236 0.000732422 0.335906953
vt 0.516357422 0.759033203
vn 0.086280584 -0.886335850 0.454933465
v 0.243667662 0.000274658 0.335815400
vt 0.519775391 0.769531250
vn 0.015722271 -0.998361051 0.055027816
v 0.234008849 0.005065918 0.321533173
vt 0.507324219 0.767089844
vn 0.299481958 0.945732534 0.126097575
v 0.237701476 0.002502441 0.335845917
vt 0.516357422 0.766601562
vn 0.015740244 0.905063093 0.424986124
v 0.258087218 0.001281738 0.329864472
vt 0.517822266 0.777832031
vn 0.291329682 0.149601728 0.944852591
v 0.241043150 0.007171631 0.325469941
vt 0.511230469 0.770019531
vn -0.000000019 0.983490050 0.180962130
v 0.253204405 0.004669189 0.324127167
vt 0.513183594 0.776855469
v 0.270996153 0.000885010 0.325286835
vt 0.517089844 0.785644531
vn 0.662712932 -0.213014796 0.717938900
v 0.266296446 0.007690430 0.321105927
vt 0.513916016 0.784667969
vn 0.172800332 0.958256423 0.227782175
v 0.266296446 0.003509521 0.314269990
vt 0.511474609 0.786621094
vn 0.023691904 0.987163544 0.157946125
v 0.273010314 0.002288818 0.316436738
vt 0.515625000 0.790039062
vn 0.731512904 0.668587089 0.133717284
v 0.280883849 0.002075195 0.313842744
vt 0.516845703 0.794433594
vn -0.062953070 0.810521245 0.582316220
v 0.286987364 0.000396729 0.318267792
vt 0.518554688 0.799072266
vn 0.054973505 -0.989522040 0.133506984
v 0.299316466 0.000396729 0.293090791
vt 0.529296875 0.802978516
vn 0.078475475 -0.996638060 -0.023542600
v 0.289794981 0.002532959 0.317687958
vt 0.517333984 0.799072266
vn 0.165124193 0.802031517 0.574002922
v 0.297760069 0.001495361 0.307495087
vt 0.516357422 0.804687500
vn 0.700744092 -0.480285138 0.527526200
v 0.288360655 0.006591797 0.309783906
vt 0.513916016 0.799072266
vn 0.094150200 0.988577425 0.117687732
v 0.281829894 0.004089355 0.309692353
vt 0.513427734 0.795654297
vn 0.196188569 0.957400382 0.211883605
v 0.284149230 0.003051758 0.301574677
vt 0.509277344 0.800048828
vn 0.149973989 0.986671269 -0.063147023
v 0.295654356 0.004852295 0.303832978
vt 0.512451172 0.804199219
vn 0.094664380 0.993976593 -0.055220976
v 0.262420714 0.011932373 0.306732148
vt 0.505371094 0.787109375
vn 0.094049014 0.830766022 0.548618913
v 0.261108458 0.011138916 0.294921845
vt 0.498291016 0.789062500
vn 0.251283884 0.965872645 -0.062821060
v 0.259704649 0.003936768 0.305877656
vt 0.506835938 0.784179688
vn -0.308081388 0.552966774 0.774153471
v 0.247802779 0.006439209 0.304870576
vt 0.503173828 0.778564453
vn -0.015761716 0.937822342 0.346757829
v 0.254180968 0.013549805 0.303771943
vt 0.501953125 0.783691406
vn -0.252164036 0.961375296 0.110321738
v 0.242843673 0.007843018 0.297271699
vt 0.497070312 0.777099609
vn -0.047420837 0.964223564 0.260814518
v 0.270843565 0.006408691 0.289733857
vt 0.497314453 0.795166016
vn 0.379129916 0.900433540 0.213260487
v 0.277435362 0.005889893 0.280883759
vt 0.497558594 0.800781250
vn -0.047155056 0.998114347 -0.039295878
v 0.273925841 0.005920410 0.275817841
vt 0.494628906 0.802246094
vn 0.669249892 0.322814703 0.669249773
v 0.270538390 0.016387969 0.281463593
vt 0.489990234 0.798339844
vn 0.110018298 0.086442903 0.990163505
v 0.258361876 0.008483887 0.282104462
vt 0.490966797 0.789062500
v 0.266906798 0.012084961 0.289520234
vt 0.492675781 0.794677734
vn 0.078701198 0.731920600 0.676829696
v 0.257568419 0.016204834 0.283264130
vt 0.487060547 0.789794922
vn -0.031410355 -0.188462898 0.981577873
v 0.252136290 0.012817383 0.280792207
vt 0.488769531 0.785400391
vn 0.133850068 0.322814673 0.936949790
v 0.264587462 0.019500762 0.276367158
vt 0.486816406 0.795898438
vn 0.448014200 0.102178708 0.888168216
v 0.260009825 0.024169952 0.291961640
vt 0.481445312 0.790039062
vn 0.377859235 -0.094464727 0.921031475
v 0.268188536 0.022995025 0.279602021
vt 0.484619141 0.798095703
vn 0.189117298 -0.157597557 0.969225407
v 0.274871886 0.026397735 0.281097382
vt 0.484863281 0.802001953
vn -0.086440146 0.840827167 0.534357369
v 0.269958556 0.027389556 0.275970429
vt 0.481933594 0.799316406
vn 0.472206831 0.810621679 0.346284926
v 0.242782637 0.013519287 0.292694062
vt 0.493408203 0.778808594
vn 0.015767595 0.953939617 0.299584299
v 0.230819747 0.015625000 0.282409638
vt 0.484863281 0.774169922
vn 0.102514982 0.047314599 0.993605554
v 0.242553756 0.024704009 0.289031953
vt 0.478271484 0.781250000
vn 0.031565752 -0.481375635 0.875945926
v 0.244842574 0.034896880 0.288757294
vt 0.471923828 0.786132812
v 0.269775450 0.026763946 0.263610810
vt 0.478515625 0.806396484
v 0.267425597 0.027282745 0.269256562
vt 0.479003906 0.803466797
vn 0.668442309 0.621258199 0.408929318
v 0.252410948 0.038925201 0.273559541
vt 0.469482422 0.795166016
v 0.272064269 0.032272369 0.265014619
vt 0.475585938 0.806640625
vn 0.836176515 0.354980648 0.418088078
v 0.269836456 0.034561187 0.261535615
vt 0.472656250 0.806396484
vn 0.589073896 0.714743018 0.377007157
v 0.234191939 0.036010772 0.298431367
vt 0.471435547 0.776855469
vn 0.078750059 -0.464624524 0.881999195
v 0.226516768 0.039840728 0.299072236
vt 0.467773438 0.774658203
vn 0.426295191 0.765752375 0.481555551
v 0.248031661 0.050994903 0.256103486
vt 0.458740234 0.799804688
vn 0.471390039 0.785649955 0.400681406
vt 0.459472656 0.808105469
vt 0.454345703 0.802246094
v 0.231979415 0.052780181 0.269470185
vt 0.456542969 0.788330078
vn 0.455831826 0.778057754 0.432254225
vt 0.441406250 0.792968750
vt 0.449707031 0.781005859
vt 0.463867188 0.767578125
v 0.226303145 0.035888702 0.296081513
vt 0.471435547 0.772949219
vn -0.204578489 -0.582262218 0.786840856
v 0.223220870 0.023925811 0.286315888
vt 0.480468750 0.767822266
vn 0.047073804 -0.070610456 0.996392667
vt 0.476806641 0.757812500
vt 0.472656250 0.755859375
v 0.210266158 0.018707305 0.285278291
vt 0.479492188 0.759765625
vn -0.401077807 0.880798340 0.251656681
v 0.233856246 0.010864258 0.294494599
vt 0.492675781 0.772460938
vn 0.526369214 0.722775698 0.447806567
v 0.207138106 0.011413574 0.290527314
vt 0.481201172 0.756103516
vn 0.070634365 0.996730208 -0.039241396
v 0.210113570 0.018936187 0.291015595
vt 0.484863281 0.755859375
vn 0.094327435 0.958996296 -0.267261267
v 0.215621993 0.023407012 0.295928925
vt 0.484619141 0.761962891
vn -0.378234297 0.795868039 0.472792923
v 0.221771285 0.015319824 0.302947968
vt 0.490478516 0.763427734
vn 0.332309306 0.609233737 0.720003366
v 0.219696090 0.008026123 0.304138154
vt 0.494628906 0.760498047
vn 0.472206801 0.881452739 0.007870013
v 0.214874312 0.009490967 0.299468964
vt 0.489257812 0.758300781
vn -0.189896882 0.640902281 0.743763089
v 0.230178893 0.016632110 0.324584931
vt 0.506103516 0.759765625
vn 0.221269503 0.972005606 -0.079024918
v 0.215850875 0.014160156 0.309570283
vt 0.497070312 0.756347656
vn 0.157168701 0.880145371 -0.447931170
v 0.210022017 0.013458252 0.311431855
vt 0.496337891 0.752929688
vn 0.449530154 0.867514372 0.212935239
v 0.175674438 0.193557739 0.025743466
vt 0.115722656 0.269287109
vn -0.598073006 0.267558992 0.755460799
v 0.169799805 0.191207886 0.021549206
vt 0.119873047 0.273437500
vn -0.180962294 -0.000000051 -0.983490050
vt 0.106445312 0.284667969
v 0.188842773 0.241800308 0.017906167
vt 0.125732422 0.252441406
vn -0.920518219 0.354045480 0.165221334
vt 0.101562500 0.276367188
v 0.225418091 0.298385620 0.024576155
vt 0.109863281 0.227050781
vn -0.411391765 0.213607371 0.886074901
v 0.211578369 0.241449371 0.028968785
vt 0.100341797 0.243896484
vn 0.000000127 0.086291149 0.996270061
vt 0.099121094 0.276367188
v 0.247085571 0.345458984 0.017320598
vt 0.115234375 0.205322266
vn -0.126074061 0.118194588 0.984954536
vt 0.091552734 0.275146484
v 0.230728149 0.237422958 0.028284045
vt 0.091552734 0.238769531
vn 0.826157153 -0.330462873 -0.456353605
v 0.245925903 0.331367493 0.024036372
vt 0.110839844 0.208496094
vn -0.070927605 0.094570361 0.992988288
v 0.240020752 0.263809919 0.026323287
vt 0.094970703 0.228515625
vn 0.512686014 -0.157749444 0.843959808
v 0.268432617 0.332077026 0.021989783
vt 0.099121094 0.203125000
vn 0.900658309 -0.347622484 0.260716766
v 0.177337661 0.159690857 0.021663649
vt 0.470458984 0.915283203
vn 0.086959794 0.015810857 -0.996086419
vt 0.465576172 0.921875000
vt 0.460693359 0.909667969
vt 0.477783203 0.921630859
vt 0.478759766 0.916503906
v 0.234954834 0.294946671 0.013279883
vt 0.483642578 0.856689453
vn 0.228084877 -0.165165022 -0.959530056
vt 0.465332031 0.887695312
v 0.182357803 0.160636902 0.027053813
vt 0.474853516 0.913574219
vn 0.244747743 -0.165796965 -0.955306232
vt 0.495605469 0.886718750
vt 0.485107422 0.917236328
vt 0.494384766 0.871582031
vt 0.035156250 0.810791016
vt 0.044921875 0.815429688
vt 0.039794922 0.821533203
vt 0.042480469 0.810546875
vt 0.046142578 0.808837891
vt 0.049072266 0.809570312
vt 0.024169922 0.816894531
vt 0.018310547 0.828125000
vt 0.011962891 0.824218750
vt 0.032958984 0.808349609
vt 0.026123047 0.808593750
vt 0.543701172 0.027587891
vt 0.485351562 0.019775391
vt 0.527832031 0.004150391
vt 0.490722656 0.056152344
v 0.243362457 0.000427246 0.133529648
vt 0.535888672 0.075195312
v 0.268493682 0.000366211 0.072235085
vt 0.555419922 0.042968750
vt 0.488281250 0.093261719
v 0.323699981 0.000457764 0.133850068
vt 0.551269531 0.120605469
vt 0.518310547 0.141845703
v 0.383148223 0.000488311 0.193206757
vt 0.548095703 0.165771484
v 0.348541290 0.000396758 0.211013764
vt 0.522216797 0.166992188
v 0.364166290 0.000518829 0.220046967
vt 0.533691406 0.173095703
vn -0.007844350 -0.996239424 0.086288497
v 0.392028838 0.000671417 0.205154389
vt 0.550292969 0.179199219
vn 0.599317729 -0.757032812 0.260229975
v 0.350585967 0.002288848 0.212905854
vt 0.522949219 0.169189453
vn 0.118033439 0.936398566 0.330493540
v 0.376525909 0.000915557 0.218612641
vt 0.538085938 0.177978516
vn 0.268449992 -0.363196880 0.892201066
v 0.382690459 0.006347686 0.216247529
vt 0.540771484 0.181884766
vn 0.605605066 0.582010031 0.542684913
v 0.372650176 0.012512237 0.214111298
vt 0.533935547 0.183837891
vn 0.188416526 0.824322164 0.533846676
v 0.371459991 0.003601104 0.217086762
vt 0.532714844 0.179931641
vn -0.353009045 0.784464598 0.509902000
v 0.369079620 0.018356353 0.201263398
vt 0.528808594 0.186767578
vn -0.282982528 0.958996296 0.015721245
v 0.366455108 0.006408721 0.204864472
vt 0.525634766 0.180908203
vn -0.584491909 0.695071459 0.418622643
v 0.357055694 0.008087188 0.201553315
vt 0.525390625 0.176025391
vn 0.189399615 0.915431440 0.355124205
v 0.361938506 0.001281768 0.226409882
vt 0.531738281 0.174316406
vn 0.299166352 0.181074366 0.936862588
v 0.360900909 0.002471954 0.220718354
vt 0.529296875 0.172607422
vn -0.149643421 0.913612485 0.378046572
v 0.350891143 0.004455596 0.210464448
vt 0.523681641 0.171630859
vn -0.039258178 0.502505898 0.863681972
v 0.341003448 0.004058868 0.206832856
vt 0.521240234 0.173339844
vn -0.126297817 0.813042521 0.568340302
v 0.355529815 0.011932403 0.207992524
vt 0.523681641 0.175292969
vn 0.735160649 0.577061653 0.355722785
v 0.348541290 0.018356353 0.209014863
vt 0.521972656 0.177001953
vn -0.260904074 0.039530970 0.964555025
vt 0.179443359 0.782714844
vt 0.190185547 0.791259766
vt 0.181884766 0.791503906
v 0.196395859 0.152099609 -0.147491485
vt 0.177490234 0.786621094
vn 0.291293412 0.928989947 -0.228311181
vt 0.167236328 0.790527344
vt 0.174804688 0.794921875
v 0.212524399 0.144210815 -0.139251739
vt 0.168701172 0.782226562
vn 0.266832829 0.926067233 -0.266832978
v 0.214630112 0.142127991 -0.151458770
vt 0.171630859 0.775878906
vn 0.110376552 0.993389368 0.031536110
vt 0.191406250 0.779296875
vt 0.170898438 0.757080078
v 0.234420761 0.143142700 -0.134155303
vt 0.157470703 0.778808594
vn 0.133837447 0.960481048 -0.244056717
v 0.234512314 0.148056030 -0.117012046
vt 0.152587891 0.787597656
vn -0.165967852 0.434677333 -0.885161161
vt 0.163330078 0.794189453
vt 0.170898438 0.802490234
vt 0.156494141 0.803710938
vt 0.164550781 0.800537109
v 0.244064316 0.138336197 -0.145568877
vt 0.156494141 0.770263672
vn 0.252148300 0.953436017 -0.165472433
v 0.241912827 0.156616211 -0.123809837
vt 0.145019531 0.790771484
vn 0.408891350 0.290942013 -0.864962816
vt 0.150146484 0.806152344
vt 0.140136719 0.801513672
v 0.254516602 0.174057007 -0.107994102
vt 0.134521484 0.800048828
vn -0.094702892 0.426162392 -0.899676144
v 0.255432129 0.157371521 -0.119499229
vt 0.137939453 0.791015625
vn 0.221159026 0.963621795 -0.150072321
v 0.253021240 0.161987305 -0.107322715
vt 0.133300781 0.796386719
vn -0.031401731 -0.997006595 0.070654057
v 0.270202637 0.156661987 -0.140609771
vt 0.135253906 0.778320312
vn -0.323065221 0.535815179 -0.780083954
v 0.280639648 0.157157898 -0.127960235
vt 0.127197266 0.779785156
vn -0.568694949 0.165869281 -0.805651009
v 0.267333984 0.157684326 -0.117408782
vt 0.132324219 0.789550781
vn -0.619956076 0.109865546 -0.776906788
v 0.276000977 0.149307251 -0.136825591
vt 0.132080078 0.773925781
vn -0.086935610 0.513709545 -0.853548288
v 0.269195557 0.130599990 -0.146514922
vt 0.143554688 0.766113281
vn 0.070898995 0.685358107 -0.724746644
v 0.277160645 0.124069229 -0.138473541
vt 0.137451172 0.764404297
vn -0.291113138 0.818263650 -0.495678961
v 0.258239746 0.131134048 -0.157501251
vt 0.150390625 0.760986328
vn 0.235346541 0.862937629 -0.447158635
v 0.245025620 0.132949844 -0.158599883
vt 0.157470703 0.762451172
vn 0.527150571 0.684509099 -0.503547072
v 0.268066406 0.126541153 -0.159561187
vt 0.145996094 0.756591797
vn 0.047120057 0.997375369 0.054973394
v 0.311767548 0.131347656 -0.187393233
vt 0.131347656 0.732910156
vn 0.086867660 0.987132728 0.134249985
v 0.309112519 0.127639785 -0.165115401
vt 0.124267578 0.742187500
vn 0.252855718 0.600532532 -0.758567512
v 0.241317734 0.127258316 -0.163452178
vt 0.157958984 0.758300781
vn 0.386919707 0.679083765 -0.623809576
v 0.240875229 0.142135620 -0.160827667
vt 0.163085938 0.764160156
vn 0.497344285 0.860484660 -0.110521071
v 0.236358628 0.127700821 -0.170364410
vt 0.160888672 0.754882812
vn 0.086797297 0.994224012 0.063125275
vt 0.182861328 0.749755859
vt 0.185302734 0.752685547
vt 0.178466797 0.748291016
vt 0.176757812 0.744384766
vt 0.166503906 0.717529297
v 0.277465791 0.134094238 -0.227417022
vt 0.155761719 0.716064453
vn 0.047416341 0.995744228 -0.079027370
vt 0.158203125 0.707031250
v 0.286987275 0.134475708 -0.219833419
vt 0.149658203 0.718261719
v 0.306549042 0.133544922 -0.208374068
vt 0.137695312 0.720214844
vn 0.721840560 0.376612544 -0.580611110
v 0.284942597 0.132293701 -0.231765792
vt 0.150634766 0.713378906
vn 0.676431715 0.251695573 -0.692162931
v 0.285400361 0.133483887 -0.222229049
vt 0.150878906 0.716796875
vn 0.117756620 0.973455250 -0.196261197
vt 0.151611328 0.708740234
vt 0.157958984 0.701416016
vt 0.564941406 0.943115234
v 0.197967529 0.176170349 -0.010487579
vt 0.568847656 0.935546875
vn -0.339319885 0.939047933 -0.055238113
vt 0.576904297 0.940429688
vt 0.571777344 0.921875000
v 0.223632812 0.165084839 0.004800295
vt 0.557128906 0.930419922
vn 0.101967841 0.949085355 0.298059821
v 0.228927612 0.169235229 -0.017950084
vt 0.563720703 0.924560547
vn 0.488673896 0.803947508 -0.338919133
v 0.210372925 0.160263062 0.015148140
vt 0.559082031 0.940185547
vn -0.407946646 0.862964094 0.298114896
v 0.229431152 0.164253235 0.018287633
vt 0.552246094 0.934082031
vn -0.322944790 0.874313951 0.362328291
v 0.238647461 0.164726257 0.009471866
vt 0.550048828 0.927978516
vn 0.227768138 0.918926954 -0.322017193
v 0.231292725 0.154121399 -0.014699008
vt 0.560546875 0.918701172
vn 0.473631710 0.852537155 -0.221028239
v 0.233398438 0.152488708 -0.036312129
vt 0.569335938 0.913330078
vn 0.204578534 0.975682557 -0.078684151
vt 0.586181641 0.906494141
v 0.260375977 0.146018997 -0.026498822
vt 0.559082031 0.907470703
vn 0.015741643 0.999597251 -0.023612577
v 0.248367310 0.151542664 -0.002977637
vt 0.550781250 0.916259766
vn 0.133953750 0.977074921 -0.165472418
v 0.241516113 0.155097961 0.009440395
vt 0.549560547 0.923828125
vn 0.251695424 0.692162812 -0.676431894
v 0.255889893 0.164077774 0.007834406
vt 0.540527344 0.926269531
v 0.269653320 0.151756302 0.003997772
vt 0.542236328 0.919189453
vn -0.360898256 0.682568133 -0.635494530
v 0.262664795 0.150718704 -0.007330447
vt 0.542724609 0.914306641
vn -0.878195047 0.470461577 -0.086251207
v 0.264648438 0.166336074 0.004049747
vt 0.536376953 0.921630859
v 0.263519287 0.158889785 -0.030338317
vt 0.534423828 0.907226562
vn -0.841555059 0.401114911 -0.361789912
v 0.270629883 0.165969864 -0.018259080
vt 0.531982422 0.915283203
vn -0.455494314 0.871721804 -0.180627018
v 0.286285400 0.174644485 -0.011526141
vt 0.523681641 0.919433594
vn -0.023527455 0.995994210 0.086267173
v 0.282379150 0.169448867 -0.025327716
vt 0.524902344 0.914550781
vn -0.830253482 0.292565554 0.474430740
v 0.293945312 0.165901199 -0.005303417
vt 0.522216797 0.923583984
vn 0.282703191 0.612523556 0.738169253
v 0.282775879 0.156837478 0.001432744
vt 0.527587891 0.925292969
vn 0.300060302 0.908077240 0.292163938
v 0.275085449 0.163925186 0.010421721
vt 0.533203125 0.926513672
vn 0.039363910 0.984099448 -0.173201546
v 0.282348633 0.164176956 0.024606671
vt 0.530761719 0.931152344
vn 0.329525799 0.941502452 0.070612587
v 0.297058105 0.164733902 0.009884800
vt 0.523925781 0.928466797
vn 0.369141489 0.871802449 -0.322017193
v 0.194259644 0.391525269 0.004083602
vt 0.999023438 0.022460938
vn -0.655149698 0.347308338 0.670936584
v 0.189697251 0.393783569 -0.018238097
vt 0.991943359 0.017578125
vn -0.903804362 0.298648357 -0.306507438
v 0.198684692 0.382637024 -0.017667802
vt 0.992431641 0.011718750
vn -0.031582400 -0.694811523 -0.718498111
v 0.205001816 0.400344849 -0.018756898
vt 0.986816406 0.020751953
vn 0.078727856 0.905371487 -0.417258203
v 0.257568359 0.389091492 -0.005147497
vt 0.968750000 0.007568359
vn -0.000000136 0.157990456 -0.987440705
v 0.250915527 0.374275208 -0.001095333
vt 0.972656250 0.001220703
vn -0.165678203 -0.946732700 -0.276130289
v 0.249389648 0.395492554 0.010005913
vt 0.966552734 0.014648438
vn -0.551317871 0.826976895 0.110263616
vt 0.873779297 0.906494141
vt 0.864746094 0.893554688
vt 0.874511719 0.898437500
vt 0.872558594 0.912109375
v 0.220611587 0.153999329 0.032684300
vt 0.865966797 0.911621094
vn -0.094161831 0.933771491 0.345260024
vt 0.862304688 0.902587891
vt 0.856689453 0.907958984
v 0.227462783 0.146423340 0.056911442
vt 0.870849609 0.923339844
vn 0.612731338 0.785553038 -0.086410955
v 0.237945572 0.143325806 0.058013890
vt 0.867187500 0.926513672
vn -0.707849979 0.558414936 0.432575047
vt 0.879394531 0.911621094
v 0.236038223 0.164245605 0.032619450
vt 0.855468750 0.915771484
vn -0.510483444 0.848187983 0.141364694
vt 0.850341797 0.906738281
vt 0.839843750 0.910400391
v 0.240158096 0.164215088 0.060005162
vt 0.858154297 0.927978516
vn -0.376415610 0.893987060 0.243101761
v 0.243774429 0.146598816 0.072349526
vt 0.864257812 0.934570312
vn -0.180543423 0.141294971 0.973365247
v 0.260620117 0.162445083 0.069206208
vt 0.853027344 0.937011719
vn 0.101817675 0.759716153 0.642234147
v 0.244445816 0.133514419 0.073295571
vt 0.868896484 0.937255859
vn 0.353608042 0.793653488 0.495051086
v 0.282043457 0.129684463 0.065582246
vt 0.853271484 0.952148438
vn 0.220090806 0.039301962 0.974687338
v 0.308380127 0.145660415 0.059562646
vt 0.832031250 0.951660156
vn 0.832891941 0.345728755 0.432160705
v 0.268127471 0.113204971 0.070663422
vt 0.864013672 0.950439453
vn 0.575374305 0.378328323 0.725129068
v 0.268768340 0.120742813 0.077079743
vt 0.867919922 0.948974609
vn 0.574642777 0.566771030 -0.590386629
v 0.264648467 0.128906265 0.081512421
vt 0.870849609 0.946289062
vn 0.440235764 0.896194339 -0.055029579
v 0.250366241 0.131210342 0.099403359
vt 0.878906250 0.946044922
vn 0.323306024 0.946261644 0.007885430
v 0.300415039 0.163116470 0.059852563
vt 0.837402344 0.941894531
vn 0.377905965 0.771557987 0.511747479
v 0.287109375 0.163330093 0.048438992
vt 0.836181641 0.934326172
vn 0.165349156 0.984221458 -0.062990241
vt 0.830566406 0.924560547
v 0.235260025 0.137939468 0.084167458
vt 0.875976562 0.937255859
vn 0.770770013 0.637065053 0.007864871
v 0.251495391 0.133026138 0.108673073
vt 0.882324219 0.948730469
vn 0.173459724 0.954028547 0.244420469
v 0.234680191 0.133895889 0.111671425
vt 0.887451172 0.946044922
vn 0.141890690 0.985352337 0.094593763
v 0.230880752 0.135574356 0.094070412
vt 0.884277344 0.939941406
vn 0.371138811 0.615932405 0.694898009
v 0.240158096 0.149230972 0.085914589
vt 0.879394531 0.934082031
vn 0.892729998 0.450315148 0.015800392
v 0.222274795 0.157752991 0.060028050
vt 0.876220703 0.921386719
vn 0.212855846 0.946026325 -0.244390205
vt 0.895019531 0.936767578
vt 0.893554688 0.949462891
v 0.224792495 0.156768814 0.094833352
vt 0.886474609 0.930664062
vn -0.071137913 0.940601349 0.331976920
v 0.212112442 0.149597183 0.098503090
vt 0.891357422 0.931884766
vn -0.353804559 0.424565583 0.833406568
vt 0.895507812 0.922607422
v 0.203353897 0.146827698 0.078414895
vt 0.890625000 0.920898438
vn -0.590167165 0.802627385 0.086557895
v 0.208099365 0.385963440 -0.001756701
vt 0.978027344 0.244384766
vn -0.337808490 -0.746321380 0.573489189
vt 0.985107422 0.239501953
vt 0.985351562 0.246337891
vt 0.979980469 0.263427734
v 0.256713867 0.378356934 0.003524503
vt 0.978271484 0.265869141
vn -0.015703427 -0.227698043 -0.973605216
v 0.219070435 0.395339966 0.005648102
vt 0.974853516 0.238525391
vn -0.180360228 0.799858570 0.572447777
vt 0.984375000 0.230712891
vt 0.964599609 0.229003906
vt 0.125732422 0.729248047
vt 0.101562500 0.728759766
v 0.218582153 0.326995850 0.010436980
vt 0.096435547 0.714843750
vn -0.474564314 0.063275166 -0.877943695
vt 0.112304688 0.704101562
v 0.262542725 0.375694275 0.007212600
vt 0.081298828 0.693115234
vn 0.307525367 -0.544083536 -0.780641615
v 0.282073975 0.366744995 0.019002873
vt 0.086181641 0.685546875
vn 0.480523556 -0.827130735 -0.291465133
vt 0.080566406 0.697021484
v 0.234909058 0.382438660 0.005684817
vt 0.074707031 0.701416016
vn -0.993389368 -0.110376634 0.031536303
vt 0.068847656 0.698486328
v 0.247558594 0.377822876 0.018556558
vt 0.074218750 0.709960938
vn -0.204724297 -0.330708653 0.921259940
v 0.251464844 0.374198914 0.028108558
vt 0.069335938 0.710693359
vn -0.439408243 -0.274630219 0.855277061
v 0.264312744 0.380424500 0.019065816
vt 0.070556641 0.714599609
vn -0.322634578 -0.645269334 0.692484319
v 0.240478516 0.378448486 0.010765039
vt 0.075683594 0.706054688
vn -0.645269275 0.243943289 0.723960817
vt 0.078857422 0.721679688
vt 0.075927734 0.728027344
vt 0.060791016 0.718994141
vt 0.068115234 0.730712891
v 0.241333008 0.379318237 0.011054003
vt 0.074951172 0.705810547
vn -0.580450118 0.188254118 0.792236090
vt 0.074951172 0.706298828
vn -0.701287508 0.283666849 0.654009879
v 0.241149902 0.379318237 0.010981523
vt 0.074951172 0.706054688
vn -0.591984272 0.197328120 0.781419396
v 0.241424561 0.380180359 0.011054003
vt 0.074707031 0.705810547
vn -0.654172182 -0.630527496 0.417724580
v 0.240661651 0.126083389 0.150741547
vt 0.403808594 0.984863281
vn 0.244018823 0.968203902 -0.055101108
vt 0.399902344 0.973144531
vt 0.402832031 0.948730469
vt 0.415039062 0.979980469
vt 0.298095703 0.987304688
vt 0.288574219 0.981201172
vt 0.298828125 0.981445312
vt 0.298339844 0.971435547
vt 0.844970703 0.475097656
vt 0.843750000 0.477783203
vt 0.837402344 0.463378906
v 0.253021270 0.131118804 0.181594819
vt 0.828125000 0.467285156
vn -0.047088232 0.988851488 -0.141264528
vt 0.837646484 0.492431641
vt 0.830566406 0.447998047
vt 0.835693359 0.441650391
vt 0.841552734 0.438964844
v 0.253509551 0.136627227 0.220321625
vt 0.830566406 0.494873047
vn -0.000000054 0.996914387 -0.078497238
vt 0.839599609 0.500732422
v 0.269592315 0.126510635 0.148162812
vt 0.815185547 0.448730469
vn 0.055100944 0.920974374 -0.385707259
v 0.256652862 0.121078506 0.146255463
vt 0.820312500 0.443847656
v 0.261871368 0.124755874 0.141403168
vt 0.817138672 0.439697266
vn 0.347579122 0.924244463 0.157990426
vt 0.834960938 0.432373047
v 0.284027129 0.112197891 0.141815156
vt 0.803222656 0.443603516
vn 0.709961116 0.702072740 -0.055219322
v 0.274261504 0.128402725 0.160400361
vt 0.814697266 0.455566406
vn 0.402211189 0.875400960 -0.268140912
v 0.266235381 0.123260513 0.119407624
vt 0.818115234 0.429687500
vn 0.370147616 0.921431363 0.118132144
vt 0.834960938 0.424560547
vt 0.825927734 0.423095703
v 0.269805938 0.127395645 0.111930817
vt 0.818847656 0.425048828
vn 0.487268388 0.872367680 -0.039295942
vt 0.829345703 0.415283203
v 0.272308379 0.121017471 0.102676362
vt 0.815429688 0.422119141
vn 0.496432513 0.866786957 -0.047279391
v 0.274688751 0.119583145 0.088943452
vt 0.814208984 0.416503906
vn 0.502878010 0.864321709 0.007857366
v 0.292938262 0.110458389 0.124122590
vt 0.801757812 0.430419922
vn 0.431402445 0.902023315 -0.015687456
v 0.295135528 0.110733047 0.133804277
vt 0.801025391 0.437011719
vn 0.645269394 0.503624856 0.574447095
v 0.302886993 0.105880752 0.118560761
vt 0.796630859 0.426025391
vn 0.938609600 0.063099831 -0.339161575
v 0.306182891 0.098068252 0.126937822
vt 0.793945312 0.430908203
vn 0.871802509 -0.479098618 0.102102891
v 0.284881622 0.087432876 0.112350434
vt 0.782714844 0.425048828
vn 0.636121333 -0.769628227 0.054973397
v 0.294097930 0.092926040 0.110733002
vt 0.788330078 0.421875000
vn 0.931591868 0.300004214 0.205265865
v 0.290222198 0.086364761 0.135696381
vt 0.788574219 0.438232422
vn 0.432575017 -0.825824916 0.361789942
v 0.284362823 0.090240493 0.140594453
vt 0.787109375 0.443359375
vn 0.761328936 -0.078487523 -0.643597782
v 0.285034209 0.074569717 0.112441987
vt 0.771484375 0.424072266
vn -0.314376324 0.235782370 0.919551134
v 0.290588409 0.091598526 0.136383027
vt 0.790283203 0.438964844
vn 0.623246431 -0.039445911 0.781030118
v 0.290588409 0.090744033 0.136337250
vt 0.789550781 0.438964844
vn 0.618965745 -0.054844998 0.783500731
v 0.290496856 0.089874282 0.136337250
vt 0.789306641 0.438964844
vn 0.565092862 -0.164818659 0.808396578
v 0.280242950 0.090560928 0.135177597
vt 0.784179688 0.438964844
vn 0.621392727 -0.778707206 0.086522989
v 0.273101836 0.072311416 0.132568344
vt 0.775146484 0.437500000
vn 0.994347930 -0.078916453 0.071024723
v 0.276794463 0.080505386 0.111175507
vt 0.776123047 0.427246094
vn 0.848109543 0.109940179 0.518288970
v 0.286529571 0.066680923 0.114044160
vt 0.767333984 0.428710938
vn 0.582262278 0.597998977 0.550788462
v 0.275238067 0.061630264 0.135604843
vt 0.769042969 0.439697266
vn 0.773767173 0.110538185 -0.623751283
v 0.299530059 0.087738052 0.110855073
vt 0.764892578 0.416015625
vn 0.220609322 0.709101260 0.669706643
v 0.309082061 0.065612808 0.128387421
vt 0.750244141 0.426269531
vn -0.408248186 0.062807456 0.910707831
v 0.298309356 0.056732193 0.122062653
vt 0.755615234 0.433593750
vn 0.031550985 0.402273804 0.914975643
v 0.313293487 0.042114273 0.118118249
vt 0.744628906 0.440185547
vn 0.441054374 0.606449723 0.661581397
v 0.283416778 0.060150161 0.128753647
vt 0.763916016 0.437500000
vn 0.417258173 0.858134747 0.299166143
v 0.299682647 0.050979629 0.132263154
vt 0.754394531 0.444824219
vn 0.504061997 0.850604653 0.149643332
v 0.325012237 0.036163345 0.135330170
vt 0.739746094 0.453369141
vn 0.463247597 0.879385352 0.109923072
v 0.285247833 0.057418838 0.143905610
vt 0.765625000 0.446289062
vn 0.735367417 0.450709045 -0.506059408
v 0.311798126 0.075271621 0.164123505
vt 0.777343750 0.462646484
vn 0.653300226 -0.047226541 -0.755624652
v 0.302093536 0.044479385 0.158599824
vt 0.756835938 0.459716797
vn 0.753085852 0.415766209 -0.509902060
v 0.316406280 0.038650528 0.149276704
vt 0.747070312 0.458984375
vn 0.447241098 0.886635959 0.117694944
v 0.322113067 0.036590591 0.153442353
vt 0.744628906 0.462646484
vn 0.402173668 0.898976564 0.173486605
v 0.310974151 0.041748062 0.155776948
vt 0.751220703 0.460937500
vn 0.402612060 0.892062068 0.205253109
v 0.312988311 0.037017837 0.163055390
vt 0.750732422 0.466064453
vn 0.425025642 0.794955254 0.432896346
v 0.312622100 0.034088150 0.168182343
vt 0.752197266 0.470214844
vn 0.823383808 0.556764364 -0.109784648
v 0.317504913 0.064880386 0.169830292
vt 0.770019531 0.468017578
vn 0.978442669 0.023672033 -0.205157459
v 0.316986114 0.043258697 0.174087495
vt 0.758056641 0.473388672
vn 0.956051409 -0.071111195 0.284444898
v 0.310607940 0.029266387 0.184371918
vt 0.750976562 0.481445312
vn 0.718498290 0.442152828 0.536899626
v 0.305786163 0.034713775 0.191345185
vt 0.756103516 0.485839844
vn 0.802627325 0.306886971 0.511478066
v 0.305511504 0.021591216 0.192779511
vt 0.749023438 0.485839844
vn 0.978229523 -0.031555757 -0.205112770
v 0.314941436 0.080169693 0.170440644
vt 0.779541016 0.467773438
vn 0.878600419 0.117669754 0.462834001
v 0.305328399 0.094207793 0.180450410
vt 0.788085938 0.476562500
vn 0.779237866 0.125937477 0.613944829
v 0.286590606 0.041183501 0.214584321
vt 0.762695312 0.505126953
vn 0.761587083 0.211988196 0.612410069
v 0.313659698 0.103485122 0.163742021
vt 0.791748047 0.463867188
vn 0.842519641 0.141732275 -0.519685149
v 0.308197051 0.113327056 0.172302201
vt 0.796875000 0.468505859
vn 0.844406664 0.378799289 0.378799081
v 0.294189483 0.109375015 0.148208573
vt 0.798095703 0.449951172
vn 0.607467830 0.213008240 -0.765251875
v 0.302703887 0.113342300 0.158538774
vt 0.797851562 0.458984375
vn 0.244329348 0.914264977 -0.323145419
v 0.282531768 0.113174453 0.161514252
vt 0.806152344 0.456054688
vn 0.527738988 0.771916807 -0.354451686
v 0.298156768 0.118515044 0.184066728
vt 0.803466797 0.474365234
vn 0.811905146 0.331068128 0.480836868
v 0.290435821 0.133819610 0.190093949
vt 0.812255859 0.474609375
vn 0.314648628 0.936079860 -0.157324433
v 0.262512237 0.137588531 0.225936860
vt 0.825195312 0.496582031
vn 0.732419789 0.338645726 0.590660989
v 0.262176543 0.105682403 0.233032197
vt 0.811035156 0.510742188
vn 0.765299499 0.126235008 0.631174684
v 0.255157501 0.125930816 0.238662690
vt 0.826660156 0.506835938
vn 0.268249363 0.418153316 0.867865264
vt 0.826660156 0.512695312
vt 0.816894531 0.517333984
v 0.256530792 0.083511382 0.243728623
vt 0.801513672 0.520751953
vn 0.353706419 0.000000056 0.935356498
vt 0.798095703 0.526611328
v 0.287109405 0.077774078 0.206314057
vt 0.784667969 0.497070312
vn 0.779987276 0.118179947 0.614535213
v 0.262786895 0.078460723 0.237442002
vt 0.794677734 0.519042969
vn 0.762221694 0.117869392 0.636494279
v 0.283721954 0.050094634 0.216720566
vt 0.770751953 0.506591797
v 0.283813506 0.031936675 0.219131455
vt 0.760498047 0.510986328
vn 0.621392787 0.086523101 0.778707147
v 0.258087188 0.073333770 0.244461045
vt 0.792480469 0.524658203
vn 0.417607844 0.338813871 0.843094826
vt 0.790771484 0.526855469
v 0.263916045 0.047485381 0.242050156
vt 0.776611328 0.525878906
vn 0.457317263 -0.157695502 0.875210345
vt 0.773925781 0.536865234
vt 0.770751953 0.533935547
v 0.250091583 0.034164459 0.226959214
vt 0.763671875 0.532714844
vn 0.173936278 -0.529714525 0.830149770
v 0.264556915 0.031127959 0.228134140
vt 0.760742188 0.524414062
vn -0.110086046 -0.597610652 0.794193149
v 0.269958526 0.034362823 0.237442002
vt 0.766601562 0.521972656
vn 0.361711830 -0.597610593 0.715560019
vt 0.214599609 0.835693359
vt 0.206054688 0.837646484
v 0.243927002 0.389717102 0.019727670
vt 0.221679688 0.829101562
vn -0.449908018 0.402549356 0.797205627
vt 0.215332031 0.825439453
vt 0.226318359 0.832031250
v 0.261383057 0.392150879 0.028619727
vt 0.227294922 0.822753906
vn -0.102005407 0.533567250 0.839583755
v 0.269470215 0.431121826 0.021396594
vt 0.244140625 0.826660156
vn -0.683072805 0.329759300 0.651667356
v 0.275848389 0.402511597 0.023982961
vt 0.233886719 0.818847656
vn 0.652714372 -0.125824377 0.747082531
v 0.265106201 0.426971436 -0.002645296
vt 0.241210938 0.837890625
vn -0.636769772 0.267285943 -0.723244488
vt 0.225830078 0.840332031
v 0.268432617 0.444168091 0.001648860
vt 0.248779297 0.835449219
vn -0.841841578 0.275368631 -0.464192837
v 0.286010742 0.431716919 0.020805314
vt 0.246826172 0.819824219
vn 0.613318384 -0.133671865 0.778442323
v 0.278106689 0.450820923 0.020233110
vt 0.256591797 0.826904297
vn -0.416999668 0.251773447 0.873339176
v 0.296997070 0.449096680 0.013320875
vt 0.255371094 0.816406250
vn 0.864989638 -0.267360330 0.424631119
v 0.303192139 0.483184814 0.014841984
vt 0.270019531 0.818603516
vn 0.520136833 -0.070927672 0.851132810
v 0.284973145 0.488342285 0.003276301
vt 0.270263672 0.834228516
vn -0.958818555 0.275070846 0.070732623
v 0.295623779 0.483703613 -0.007741022
vt 0.268554688 0.839111328
vn -0.291982085 -0.134153932 -0.946968496
v 0.295349121 0.486526489 0.017347287
vt 0.270751953 0.822265625
vn -0.306630582 -0.125797167 0.943479121
v 0.311584473 0.483489990 0.002444932
vt 0.271972656 0.813232422
vn 0.897276282 -0.432896405 -0.086579390
v 0.281372070 0.509368896 0.003081036
vt 0.277099609 0.837646484
vn -0.964802384 0.251005471 0.078439333
v 0.309600830 0.510101318 0.024206109
vt 0.282470703 0.822998047
vn 0.441259742 0.307305872 0.843121052
v 0.302001953 0.498657227 0.029067945
vt 0.277343750 0.824707031
vn -0.595899642 0.133293360 0.791919470
v 0.295410156 0.522796631 0.002219389
vt 0.284667969 0.833251953
vn -0.480076969 0.865712523 0.141662046
v 0.312316895 0.527984619 -0.005706363
vt 0.292724609 0.831787109
v 0.298339844 0.509796143 -0.013166477
vt 0.286865234 0.839599609
vn -0.512686074 0.536348343 -0.670435369
v 0.252746582 0.146743774 -0.058036834
vt 0.251220703 0.858154297
vn -0.086927377 0.995713115 0.031609908
v 0.237045288 0.148277283 -0.093490623
vt 0.229980469 0.857910156
vn 0.455916286 0.723177552 0.518801153
vt 0.235351562 0.844726562
vt 0.256347656 0.842529297
vt 0.223876953 0.844482422
vt 0.268554688 0.852294922
v 0.247894272 0.169006348 -0.098037742
vt 0.217529297 0.860351562
vn -0.449236810 0.070932157 0.890592575
vt 0.206298828 0.850585938
vt 0.210449219 0.858886719
v 0.246994004 0.194396973 -0.100654632
vt 0.204833984 0.862304688
vn -0.943858325 -0.000000027 0.330350518
v 0.246108994 0.157142639 -0.101196311
vt 0.225585938 0.864257812
vn 0.007872804 0.928989947 0.370021403
vt 0.219726562 0.865722656
vt 0.216064453 0.873046875
vt 0.218505859 0.879638672
v 0.254516602 0.151077271 -0.082908653
vt 0.237548828 0.865722656
vn -0.748008370 0.661396742 -0.055116333
v 0.262542725 0.160011292 -0.091117889
vt 0.232666016 0.874023438
vn -0.952726305 0.157475382 0.259834558
vt 0.226074219 0.883789062
vt 0.229736328 0.886230469
v 0.261840820 0.170997635 -0.081161529
vt 0.239013672 0.879150391
vn -0.975169480 0.220199510 0.023592928
v 0.244232178 0.156379700 -0.069175743
vt 0.247558594 0.866699219
v 0.258819580 0.174240127 -0.053321868
vt 0.257568359 0.876464844
vn -0.940691948 0.219494745 0.258690387
v 0.262603760 0.154769912 -0.049579650
vt 0.260986328 0.860839844
vn -0.760345817 0.195965424 0.619250953
vt 0.281494141 0.846191406
vt 0.280029297 0.850341797
v 0.271850586 0.150985733 -0.037124667
vt 0.271728516 0.858154297
vn -0.820552826 0.568074942 -0.063119359
vt 0.277099609 0.857177734
vt 0.281982422 0.864013672
v 0.269683838 0.181457534 -0.038887054
vt 0.274414062 0.867919922
vn -0.781248987 -0.031565625 0.623421073
vt 0.285156250 0.858398438
v 0.238922104 0.258974552 -0.060905486
vt 0.181884766 0.839111328
vn -0.786208212 0.495311171 0.369517922
v 0.236450195 0.222019196 -0.061107662
vt 0.191406250 0.833984375
vn -0.964103103 -0.213367119 -0.158049554
v 0.256256104 0.214290634 -0.034873992
vt 0.196289062 0.844238281
vn -0.751651764 -0.118681878 0.648794413
v 0.248931885 0.214759827 -0.051296264
vt 0.196533203 0.838623047
vn -0.353695363 -0.935327768 -0.007859810
v 0.259887695 0.213016510 -0.046623260
vt 0.201171875 0.843017578
vn -0.841841459 -0.432722300 0.322574914
v 0.261596680 0.227573410 -0.029693635
vt 0.192871094 0.853027344
vn -0.752484143 -0.015676759 0.658423781
v 0.259368896 0.213340759 -0.082107581
vt 0.194824219 0.822021484
vn -0.942663670 -0.298510194 -0.149254948
v 0.249801621 0.248937607 -0.074638397
vt 0.178710938 0.830322266
vn -0.723334074 0.094347842 -0.684022129
v 0.256683350 0.244247437 -0.085708655
vt 0.178955078 0.825927734
vn -0.952696800 0.086608775 0.291320652
vt 0.192138672 0.810791016
v 0.271789551 0.257251740 -0.088310279
vt 0.168701172 0.831298828
vn -0.362598419 0.922261059 -0.134003744
vt 0.196289062 0.802490234
v 0.251708984 0.193962097 -0.105537444
vt 0.188964844 0.806884766
vn -0.619898796 -0.000000061 -0.784681797
v 0.247512802 0.238632202 -0.102088958
vt 0.176757812 0.819335938
vn -0.915631056 0.292054713 -0.276267856
v 0.264038086 0.248109818 -0.087387122
vt 0.172607422 0.827880859
vn -0.440018386 0.864321709 -0.243581563
v 0.263092041 0.247669220 -0.114051856
vt 0.168457031 0.818359375
vn -0.558605194 0.511399031 -0.653017163
v 0.297088593 0.239366531 -0.141052291
vt 0.148925781 0.811523438
vn -0.583020806 0.039393224 -0.811501622
v 0.280059814 0.248682037 -0.101013221
vt 0.163574219 0.824218750
vn -0.306924999 0.873555481 -0.377753735
v 0.298797578 0.248165131 -0.134033248
vt 0.149414062 0.814941406
vn 0.023680763 0.931446731 -0.363106400
v 0.302551240 0.234970093 -0.137466475
vt 0.144775391 0.811035156
vn 0.728417218 0.380043834 -0.570065856
v 0.298522949 0.248178482 -0.115089454
vt 0.154052734 0.820068359
vn -0.463162065 0.745769262 -0.478862375
v 0.307098359 0.247970581 -0.122329749
vt 0.145751953 0.820556641
vn 0.314950734 0.370067239 -0.873988748
v 0.320037842 0.213226318 -0.129837081
vt 0.135253906 0.807617188
vn 0.314250171 0.164981365 -0.934894621
v 0.274932861 0.263613462 -0.087677039
vt 0.164794922 0.831298828
vn -0.734724700 0.655721903 -0.173805773
v 0.301055878 0.258064270 -0.116783179
vt 0.150634766 0.822753906
vn -0.718834519 0.007899216 -0.695136428
v 0.283233643 0.274695396 -0.095970191
vt 0.157958984 0.830566406
vn -0.837846577 0.450540066 -0.308264196
v 0.293975830 0.261197567 -0.070480384
vt 0.163818359 0.845214844
vn -0.432802618 0.865605235 0.251812458
v 0.312133759 0.256064415 -0.124870338
vt 0.142578125 0.824462891
vn 0.338782132 0.433326125 -0.835137784
v 0.299407959 0.268242598 -0.084075965
vt 0.158447266 0.840087891
vn -0.321521640 0.846935153 0.423467577
v 0.298767090 0.281221390 -0.095825233
vt 0.153076172 0.834716797
vn -0.055219188 0.899284184 0.433865160
v 0.295837373 0.280983925 -0.110961951
vt 0.151367188 0.830566406
vn -0.408929557 0.668442309 -0.621258140
v 0.304870576 0.266967356 -0.121345557
vt 0.146484375 0.826416016
vn 0.149847925 0.552071750 -0.820220947
v 0.312408447 0.278808594 -0.100708045
vt 0.147460938 0.836914062
vn 0.346984088 0.883232474 -0.315440238
v 0.323028535 0.250829697 -0.120002791
vt 0.134277344 0.826171875
vn 0.440726280 0.763401031 -0.472206920
v 0.324584931 0.235139862 -0.124603316
vt 0.136474609 0.820068359
vn -0.448471546 0.251773387 -0.857603252
v 0.328948945 0.251078606 -0.128723189
vt 0.132080078 0.822265625
vn -0.346887201 0.843566358 -0.409957409
v 0.371337891 0.248504654 -0.103195243
vt 0.118408203 0.847656250
vn 0.447709888 0.848292589 -0.282764256
v 0.331451416 0.283529282 -0.074073836
vt 0.145019531 0.848632812
vn -0.110428140 0.993852854 -0.007887750
v 0.327117920 0.278322220 -0.084854171
vt 0.143554688 0.843994141
vn 0.592464328 0.600363970 -0.537167788
v 0.353424072 0.263420105 -0.072441146
vt 0.133056641 0.853271484
vn 0.748286664 0.448972017 -0.488355666
v 0.348083496 0.249109283 -0.083023116
vt 0.127197266 0.851806641
vn 0.417607695 0.890371203 -0.181226104
v 0.365325928 0.247978225 -0.066093490
vt 0.124267578 0.861328125
vn 0.535101414 0.834128678 0.133775249
v 0.354339600 0.274394989 -0.058692977
vt 0.139648438 0.856689453
vn 0.699120522 0.714831233 -0.015710697
v 0.358551025 0.254527092 -0.058300067
vt 0.133789062 0.860107422
vn 0.998885930 0.000000042 -0.047191594
v 0.336303711 0.280565262 -0.054252669
vt 0.146972656 0.856933594
vn -0.165678218 0.923064411 0.347135365
v 0.349273682 0.266599655 -0.055576369
vt 0.138671875 0.860107422
vn 0.821730256 0.402963907 0.402963698
v 0.354309082 0.250261307 -0.053272292
vt 0.133544922 0.864257812
vn 0.777793467 0.502816081 0.377111882
v 0.356903076 0.248050705 -0.043952990
vt 0.136474609 0.869140625
vn 0.605081201 0.793678045 -0.062865704
v 0.366760254 0.234668747 -0.050445605
vt 0.130371094 0.870361328
vn 0.732351542 0.677228391 -0.070872858
v 0.376373291 0.235698715 -0.032878924
vt 0.129882812 0.876464844
vn 0.762339413 0.589437723 0.267211616
v 0.364959717 0.247777954 -0.037105609
vt 0.135986328 0.872558594
vn 0.323749214 0.939662397 0.110548437
v 0.341583252 0.248430267 -0.039390609
vt 0.146728516 0.872314453
vn 0.188958809 0.944794059 0.267691582
v 0.340454102 0.268112540 -0.032421157
vt 0.147949219 0.865966797
vn 0.465115279 0.417815417 0.780447483
v 0.333831787 0.253116608 -0.038925216
vt 0.151367188 0.870361328
vn 0.047169670 0.471695840 0.880498767
v 0.320281982 0.268028736 -0.041748088
vt 0.156738281 0.862060547
vn -0.355113178 0.765466213 0.536615491
v 0.314453125 0.253336906 -0.019201320
vt 0.163085938 0.873046875
vn 0.237319216 0.933455527 0.268961698
v 0.313140869 0.254169464 -0.032657664
vt 0.160644531 0.867675781
vn 0.298722267 0.762527823 0.573861063
v 0.308166504 0.260457039 -0.035278361
vt 0.162841797 0.864013672
vn -0.322106540 0.903469563 0.282825261
v 0.282165527 0.255338669 -0.060752906
vt 0.169677734 0.847656250
vn -0.157499880 0.984374106 0.078749903
v 0.293243408 0.253705025 -0.036277808
vt 0.168945312 0.860839844
vn -0.015733933 0.999102235 0.039334692
v 0.293243408 0.256915092 0.005869827
vt 0.176757812 0.877685547
vn 0.196600705 0.841450930 0.503297687
v 0.272064209 0.256414413 -0.018720662
vt 0.180175781 0.862304688
vn -0.629609048 0.598128617 0.495817214
v 0.262359619 0.253929138 -0.064491309
vt 0.174560547 0.842285156
vn 0.086751401 0.993698299 0.070978381
v 0.264312744 0.253863335 -0.032264743
vt 0.181640625 0.855468750
vn -0.432574987 0.825825036 0.361790031
v 0.295318604 0.230869308 0.009145699
vt 0.188476562 0.880371094
vn -0.401674330 0.063007779 0.913612545
v 0.267333984 0.239364639 -0.025783572
vt 0.188232422 0.857666016
vn -0.828313649 0.094664402 0.552209258
v 0.265472412 0.214500442 -0.023954425
vt 0.199707031 0.857666016
vn -0.779237628 -0.125937402 0.613945007
v 0.292572021 0.211891189 0.007912600
vt 0.196289062 0.881103516
vn -0.315715045 -0.663001835 0.678787649
v 0.257873565 0.027053863 0.231002793
vt 0.765136719 0.562988281
vn 0.518464863 0.534176052 -0.667720139
vt 0.770751953 0.560546875
vt 0.771972656 0.566406250
vt 0.771972656 0.577148438
v 0.261199981 0.028442413 0.226928696
vt 0.762939453 0.558105469
vn 0.196455032 0.432200909 0.880118132
vt 0.761718750 0.555175781
v 0.278961211 0.025329620 0.225753769
vt 0.752929688 0.553466797
vn 0.023597907 0.967514634 0.251711100
v 0.260467559 0.020629913 0.234054551
vt 0.759765625 0.562500000
vn 0.283174962 0.951782823 -0.117989682
v 0.271362334 0.035446197 0.242156968
vt 0.761474609 0.570556641
vn 0.678787470 0.315715164 -0.663001895
v 0.273986846 0.037033111 0.252319306
vt 0.758056641 0.573974609
vn 0.987440705 0.126392454 0.094794177
vt 0.751953125 0.577392578
v 0.266113311 0.026123077 0.241943344
vt 0.755615234 0.565673828
vn 0.772252202 0.583129346 -0.252164125
v 0.265045196 0.026794463 0.254730195
vt 0.752197266 0.571044922
vn 0.923754573 -0.378976196 -0.055267472
vt 0.749755859 0.576416016
v 0.277282745 0.026580840 0.239944443
vt 0.749267578 0.559570312
vn -0.070610553 0.996392667 -0.047073707
vt 0.747070312 0.573242188
vt 0.747558594 0.577392578
vt 0.752197266 0.545654297
v 0.282470733 0.021713287 0.220977768
vt 0.750488281 0.548583984
vn -0.110376552 0.741100073 0.662259579
v 0.300140411 0.027740508 0.226684541
vt 0.738037109 0.544921875
vn -0.031432826 0.997991085 0.055007342
v 0.292449981 0.041641265 0.220535249
vt 0.748779297 0.538330078
vn 0.283534884 0.905736446 0.315038711
vt 0.752685547 0.538085938
vt 0.749755859 0.514892578
v 0.317840606 0.029983550 0.204803437
vt 0.742431641 0.522705078
vn 0.668194413 0.715361118 0.204388782
v 0.313903838 0.031906158 0.191207856
vt 0.743408203 0.516113281
vn 0.583129168 0.252164006 -0.772252321
vt 0.737060547 0.511474609
v 0.303100616 0.031127959 0.222061127
vt 0.740966797 0.538085938
vn 0.700245023 0.377660215 0.605829775
v 0.317443877 0.024078399 0.196731538
vt 0.739257812 0.519042969
vn 0.667102814 -0.557227075 -0.494441032
v 0.317626983 0.019119292 0.207748383
vt 0.738281250 0.525146484
vn 0.786621690 -0.432641834 0.440508068
v 0.303039581 0.021636993 0.224105805
vt 0.734619141 0.535644531
vn 0.732806206 -0.598852336 -0.323065162
v 0.304718047 0.014068604 0.204544038
vt 0.732177734 0.518066406
vn 0.888168454 0.102178723 0.448014021
v 0.314575225 0.015747070 0.194473237
vt 0.729492188 0.511230469
vn -0.283570081 0.874341130 0.393847376
vt 0.739990234 0.502929688
v 0.294403106 0.019775420 0.221496552
vt 0.730957031 0.530517578
vn 0.771653473 0.165354326 -0.614173353
v 0.303710967 0.010925293 0.222030610
vt 0.726318359 0.529052734
vn 0.400372654 0.910651684 -0.102055877
v 0.323242217 0.008361816 0.226165742
vt 0.718505859 0.534179688
vn 0.534522414 0.613128781 -0.581686378
v 0.318725616 0.007812500 0.210327119
vt 0.721435547 0.523193359
vn 0.260733128 0.956021607 0.134317011
v 0.319885284 0.012329102 0.199188203
vt 0.722167969 0.515136719
vn -0.188550070 0.384956628 0.903469563
v 0.326507598 0.024185210 0.177383393
vt 0.730957031 0.497558594
vn -0.157265946 0.927869081 0.338121802
vt 0.737060547 0.493164062
v 0.338623077 0.035873443 0.189590424
vt 0.721679688 0.493408203
vn -0.212651208 0.976620197 -0.031503890
v 0.329711944 0.029907241 0.169601411
vt 0.729980469 0.487060547
vt 0.739746094 0.483398438
v 0.334381133 0.029434219 0.154327363
vt 0.732910156 0.478271484
vn 0.527919233 0.843094885 0.102431983
vt 0.743408203 0.472656250
v 0.337646514 0.028579727 0.143417329
vt 0.735839844 0.472167969
vn 0.543627381 0.827259183 0.141815737
v 0.337646514 0.025146499 0.161651582
vt 0.727539062 0.479736328
vn 0.472192138 0.826336384 -0.306925029
v 0.360382110 0.008575469 0.158874482
vt 0.730224609 0.463134766
v 0.351165801 0.020050064 0.143264741
vt 0.738525391 0.463623047
vn 0.582876027 0.795547009 0.165410653
v 0.350189239 0.028915435 0.179519624
vt 0.717773438 0.483886719
vn 0.574731946 0.803050101 0.157460704
v 0.355529815 0.028076187 0.169219941
vt 0.721923828 0.476074219
vn 0.558414936 0.707850039 -0.432575077
v 0.365753204 0.013732940 0.179061860
vt 0.708496094 0.477539062
vn 0.891395628 0.386534423 0.236653581
vt 0.704833984 0.499755859
v 0.340515167 0.027481109 0.205947846
vt 0.715332031 0.501220703
vn 0.584000349 0.726054430 0.363027096
vt 0.708496094 0.502197266
v 0.332336456 0.029571563 0.203567475
vt 0.719726562 0.503173828
vn -0.504421949 0.480777204 0.717225075
v 0.330322295 0.006835938 0.202224702
vt 0.715576172 0.516113281
vn -0.070686601 0.604763925 0.793261647
vt 0.709472656 0.516845703
v 0.329254180 0.004791260 0.214294404
vt 0.714111328 0.524414062
vn 0.229021922 0.971368968 0.063178390
v 0.341003448 0.005188018 0.221099824
vt 0.704833984 0.525390625
vn 0.110541552 0.947499752 -0.300041616
v 0.334289581 0.002929688 0.222961396
vt 0.708251953 0.527832031
vn -0.478288084 0.697829962 -0.533173442
v 0.334747344 0.015197754 0.223007172
vt 0.703857422 0.532226562
vn -0.284064144 0.741722703 -0.607581377
v 0.351532012 0.001709014 0.223510712
vt 0.698974609 0.524902344
vn 0.213067874 -0.789140403 -0.576072454
v 0.323913604 0.005706787 0.237228364
vt 0.712402344 0.535888672
vn -0.284108311 0.804973304 -0.520865083
v 0.358276397 0.014923126 0.225875825
vt 0.690429688 0.531738281
vn 0.526954949 0.833689988 -0.165165097
v 0.323089629 0.011779785 0.241119355
vt 0.709716797 0.542480469
vn 0.904782891 0.416986942 0.086544320
v 0.329620391 0.014556885 0.245559663
vt 0.703125000 0.541748047
vn -0.039241377 0.996730208 0.070634380
v 0.355834991 0.013061553 0.254913270
vt 0.686767578 0.541259766
vn 0.395124257 0.853468418 0.339806736
v 0.338897765 0.013092041 0.257812470
vt 0.695312500 0.544921875
vn -0.391991019 0.493908823 0.776142478
v 0.345977843 0.001739532 0.260101259
vt 0.688964844 0.551025391
vn 0.204680130 -0.188935325 0.960421562
v 0.341369689 0.005188018 0.259033144
vt 0.691894531 0.549316406
vn -0.434514493 -0.007900245 0.900630295
v 0.341552794 0.004333526 0.259033144
vt 0.691894531 0.549560547
vn -0.433865070 -0.055219185 0.899284244
v 0.341552794 0.003479034 0.259002626
vt 0.691894531 0.550292969
vn -0.385384887 -0.298869997 0.873015046
v 0.334137022 0.000366211 0.254363984
vt 0.694824219 0.550537109
vn -0.165796861 -0.955306172 0.244747922
v 0.321807891 0.004669189 0.243911713
vt 0.706054688 0.545898438
vn 0.157329336 -0.503453374 0.849577725
v 0.316955596 0.000701904 0.244064301
vt 0.701171875 0.549316406
vn 0.015808988 -0.980152965 0.197611526
v 0.302764952 0.003509521 0.253784150
vt 0.695556641 0.557861328
vn 0.345867604 -0.801783800 0.487358749
v 0.311553985 0.001037598 0.249999955
vt 0.696289062 0.551757812
vn 0.573648572 0.055007447 0.817252457
v 0.303772032 0.000488281 0.253295869
vt 0.694091797 0.556152344
vn 0.007873572 -0.999938011 0.007873571
vt 0.686523438 0.564208984
v 0.287262022 0.003845215 0.264221162
vt 0.687500000 0.566650391
vn 0.188225240 -0.933283091 0.305865914
v 0.318359435 0.005218506 0.256957978
vt 0.703369141 0.556396484
vn 0.243724614 -0.951311946 0.188689992
v 0.312408507 0.009582520 0.282470673
vt 0.701904297 0.572998047
vn 0.244117320 -0.803224385 0.543357670
v 0.322937071 0.014465332 0.272430390
vt 0.708496094 0.562988281
vn 0.943829298 -0.204496264 0.259552926
v 0.315185606 0.027145416 0.280090302
vt 0.714111328 0.572021484
vn 0.410008490 0.520395339 0.749053836
v 0.304748595 0.021011382 0.282989472
vt 0.716796875 0.579589844
vn 0.023644153 0.386186153 0.922117889
v 0.289642394 0.009735107 0.281860322
vt 0.715087891 0.589355469
vn 0.164813757 0.102027535 0.981033564
v 0.322479308 0.027801543 0.269470185
vt 0.715332031 0.564697266
vn 0.599746764 0.797031820 0.071022518
v 0.281280577 0.009826660 0.281341523
vt 0.721679688 0.593261719
vn -0.393249869 0.165165022 0.904475033
v 0.286315978 0.004058838 0.293334931
vt 0.714599609 0.599121094
vn -0.007859157 0.919522762 0.392958432
vt 0.734130859 0.595214844
v 0.287506163 0.026458770 0.282409638
vt 0.728759766 0.583251953
vn 0.007872848 0.763661265 0.645569205
vt 0.738037109 0.585205078
v 0.306549132 0.027908355 0.269012421
vt 0.722900391 0.569091797
vn -0.015744641 0.991910815 0.125956878
vt 0.743164062 0.582519531
v 0.311309844 0.028320342 0.255157441
vt 0.723388672 0.560302734
vn 0.031479433 0.999473393 -0.007869917
v 0.322113067 0.022827178 0.252654999
vt 0.715087891 0.552734375
vn 0.928989947 0.370021462 -0.007872934
v 0.320312530 0.028320342 0.236328095
vt 0.722900391 0.546875000
vn 0.172901645 0.982396007 -0.070732579
v 0.322876006 0.020263702 0.226181000
vt 0.721923828 0.540283203
vn 0.762056887 0.377100348 -0.526369333
vt 0.520996094 0.974121094
vt 0.513916016 0.965576172
vt 0.523193359 0.966064453
v 0.315277100 0.367301941 0.045852616
vt 0.496826172 0.983398438
vn 0.156690627 0.736445665 0.658100307
v 0.279571533 0.383689880 0.011275250
vt 0.495849609 0.965820312
vn 0.786524296 0.613489032 -0.070787326
v 0.317840576 0.366775513 0.025207475
vt 0.485107422 0.977050781
vn 0.707346916 0.471564680 -0.526580632
v 0.324859619 0.356338501 0.050579026
vt 0.493652344 0.986572266
vn 0.945938289 -0.141890660 0.291664183
v 0.318450928 0.346008301 0.025342897
vt 0.489257812 0.996337891
vn 0.276448846 -0.868839443 -0.410724074
v 0.309265137 0.353996277 0.046623185
vt 0.500000000 0.989746094
vn -0.447571903 -0.855883241 0.259120673
vt 0.523925781 0.983398438
v 0.297454834 0.361900330 0.020193057
vt 0.509765625 0.999267578
vn -0.015767638 -0.812031209 -0.583401024
vt 0.516113281 0.992187500
vt 0.076904297 0.287597656
vt 0.091552734 0.286865234
v 0.254058838 0.203742981 -0.070533782
vt 0.086669922 0.291259766
vn -0.979327261 -0.157956049 -0.126364663
v 0.263977051 0.201957718 -0.074897803
vt 0.091064453 0.292968750
vn -0.921688497 -0.086654507 0.378128767
vt 0.103027344 0.292236328
vt 0.102050781 0.305664062
vt 0.092529297 0.304687500
v 0.262908936 0.190620437 -0.062141448
vt 0.084472656 0.297607422
vn -0.981820107 -0.078545660 -0.172800213
vt 0.080810547 0.304687500
v 0.258758545 0.201141372 -0.053459197
vt 0.079589844 0.293701172
vn -0.911916971 -0.117920332 0.393067807
vt 0.072509766 0.302734375
vt 0.079101562 0.309814453
v 0.274871826 0.193939224 -0.031841312
vt 0.068603516 0.296875000
vn -0.816975057 -0.235665917 0.526320636
vt 0.064453125 0.306396484
v 0.285705566 0.190902725 -0.019716296
vt 0.061767578 0.298095703
vn -0.636042774 -0.164900005 0.753828645
v 0.295837402 0.166465774 -0.012163197
vt 0.057128906 0.308593750
vn -0.370159000 0.291401833 0.882081270
v 0.298583984 0.191169754 -0.009961164
vt 0.055664062 0.298339844
vn -0.385527998 -0.062943347 0.920546830
v 0.287475586 0.211521164 -0.013420139
vt 0.057128906 0.289794922
vn -0.417789280 -0.567562819 0.709453702
v 0.269744873 0.196670547 -0.027177842
vt 0.067626953 0.293457031
vn -0.738328576 -0.298473299 0.604801297
v 0.270812988 0.212684646 -0.025369678
vt 0.066406250 0.286865234
vn -0.818872273 -0.259834498 0.511795342
vt 0.071044922 0.281250000
vt 0.066162109 0.284667969
vt 0.051269531 0.282714844
v 0.310424805 0.211341873 -0.005910912
vt 0.047607422 0.285644531
vn -0.188935250 -0.204679966 0.960421562
vt 0.029296875 0.333496094
vt 0.028808594 0.363769531
vt 0.020751953 0.352294922
vt 0.029296875 0.318359375
vt 0.192382812 0.929443359
vt 0.201416016 0.937255859
vt 0.191894531 0.935791016
vt 0.191650391 0.914794922
vt 0.233398438 0.901611328
vt 0.210693359 0.939941406
v 0.307891816 0.188514709 -0.148788497
vt 0.232666016 0.928955078
vn -0.536365151 -0.000000060 -0.843986154
v 0.287170410 0.153793335 -0.133194014
vt 0.214599609 0.942626953
vn -0.558277011 0.212302446 -0.802031577
vt 0.210205078 0.947021484
v 0.307647675 0.209640503 -0.147750899
vt 0.235351562 0.917968750
vn 0.678914368 0.213147581 -0.702597618
vt 0.235351562 0.902832031
vt 0.248291016 0.916992188
v 0.310394257 0.180503845 -0.145446822
vt 0.235595703 0.931152344
vn 0.843881071 -0.015773466 -0.536298394
v 0.319732666 0.150802612 -0.128051803
vt 0.237548828 0.948242188
vn 0.086344123 0.172688469 -0.981184721
v 0.307189941 0.150978088 -0.148010299
vt 0.226806641 0.946777344
vn 0.054897185 0.541130662 -0.839144766
v 0.322540283 0.148353577 -0.150497481
vt 0.232177734 0.952880859
vn 0.583183527 0.409804672 -0.701396585
v 0.336853027 0.149551392 -0.134277388
vt 0.240234375 0.956054688
vn 0.755624413 0.047226533 -0.653300405
v 0.297149628 0.147567749 -0.154983565
vt 0.222900391 0.952880859
vn -0.432160974 0.345728636 -0.832891762
vt 0.209716797 0.959228516
vt 0.228759766 0.963134766
vt 0.486816406 0.335449219
vt 0.474609375 0.372802734
v 0.324005157 0.000427246 0.031234710
vt 0.446533203 0.313476562
vt 0.421630859 0.360351562
vt 0.519775391 0.326416016
vt 0.504638672 0.281738281
v 0.398925811 0.000366241 0.049987752
vt 0.444824219 0.262451172
v 0.396423370 0.000396758 0.136764497
vt 0.490478516 0.234130859
vt 0.522705078 0.235595703
v 0.430114776 0.000549346 0.102539018
vt 0.460693359 0.227539062
vn 0.023614774 -0.999690175 0.007871618
v 0.402709991 0.000457793 0.186172441
vt 0.514648438 0.220458984
vn 0.047178376 -0.998607934 0.023589201
v 0.435607940 0.001007110 0.127212480
vt 0.475585938 0.218505859
vn 0.150105089 -0.987533152 0.047401618
v 0.437561065 0.000946075 0.104827836
vt 0.460937500 0.222412109
vn 0.471637577 -0.864668787 -0.172933772
v 0.407012969 0.000701934 0.167953447
vt 0.504638672 0.219726562
vn 0.292191356 -0.955544472 0.039485309
v 0.413513213 0.001373321 0.177612260
vt 0.510253906 0.216308594
vn 0.963381469 -0.063172489 0.260586649
v 0.422760040 0.000915557 0.142379716
vt 0.487792969 0.217529297
vn 0.086700276 -0.993111670 0.078818418
v 0.438049346 0.004028350 0.109825090
vt 0.464599609 0.219726562
vn 0.424920291 0.904922903 -0.023606779
v 0.436126739 0.002685577 0.103813127
vt 0.461181641 0.220703125
vn 0.219975144 0.966319680 -0.133556440
v 0.431915313 0.002624542 0.133941606
vt 0.479980469 0.217041016
vn 0.620261729 0.588855982 0.518193185
v 0.424255401 0.004913360 0.105895959
vt 0.461425781 0.212890625
vn 0.652049184 0.746321440 -0.133552372
v 0.436828643 0.000976592 0.099388078
vt 0.459228516 0.218750000
vn 0.521287322 -0.734541237 -0.434406161
v 0.431243926 0.005523711 0.126953080
vt 0.474609375 0.214843750
vn 0.482081652 0.845618665 0.229186267
v 0.420135528 0.002410918 0.144149736
vt 0.489990234 0.215576172
vn 0.267476171 0.936166644 0.228141382
v 0.412445098 0.000640899 0.149566606
vt 0.495117188 0.217285156
vn 0.379070818 -0.892395735 0.244816542
v 0.427795440 0.012298614 0.122528024
vt 0.471923828 0.210205078
vn 0.756374538 0.646070063 -0.102425851
v 0.420074493 0.002990752 0.134094194
vt 0.484863281 0.212402344
vn 0.078591697 0.919522762 0.385099262
v 0.418731719 0.015014678 0.130050614
vt 0.478271484 0.208496094
vn -0.134003714 0.843435407 0.520249784
v 0.423828155 0.012329131 0.115043595
vt 0.469726562 0.206054688
vn 0.635201335 0.705779314 0.313679576
v 0.409637481 0.008544952 0.118080102
vt 0.481445312 0.203613281
v 0.398498565 0.008850127 0.139129594
vt 0.495361328 0.205322266
vn 0.308264285 0.940601349 0.142275736
v 0.415588409 0.012970001 0.115318254
vt 0.473632812 0.203613281
vn 0.463633746 0.102156624 0.880118072
v 0.430297881 0.008300811 0.106834367
vt 0.463134766 0.206298828
vn 0.236653835 -0.717849612 0.654741943
v 0.431365997 0.004303008 0.098579362
vt 0.458740234 0.207519531
vn 0.740042865 -0.606205225 0.291293383
v 0.442504913 0.007293731 0.104270890
vt 0.453613281 0.202392578
vn 0.810521305 -0.582316220 0.062953025
v 0.428222686 0.016632095 0.115447946
vt 0.467773438 0.202880859
vn 0.118048176 -0.472192138 0.873555481
v 0.443481475 0.014770538 0.108703561
vt 0.456787109 0.198974609
vn 0.898781002 -0.346897870 0.268057376
v 0.444732696 0.027908340 0.080520578
vt 0.447509766 0.183105469
vn 0.998854995 0.047190044 -0.007865133
v 0.443389922 0.010711700 0.051189374
vt 0.429687500 0.177246094
vn 0.963261306 -0.268449813 -0.007895698
v 0.444213897 0.033935562 0.064933725
vt 0.443847656 0.174804688
vn 0.661028028 0.739721954 -0.125910237
v 0.437408477 0.034896865 0.084052987
vt 0.454833984 0.180175781
vn 0.133704945 0.990989983 0.007864938
v 0.444885284 0.034194961 0.103660531
vt 0.457275391 0.188476562
vn 0.961226106 0.275761604 -0.000000138
v 0.444213897 0.020675674 0.117805429
vt 0.460937500 0.197265625
vn 0.583310544 0.023647783 0.811905026
v 0.434478790 0.026886001 0.115669198
vt 0.464843750 0.195556641
vn 0.133750618 0.275368690 0.951988876
v 0.441772491 0.033691421 0.105224557
vt 0.458984375 0.189208984
vn 0.252966434 0.893287659 0.371544361
v 0.426330596 0.035614029 0.115295358
vt 0.466796875 0.189941406
vn 0.141364679 0.848187983 0.510483384
v 0.409423858 0.036880508 0.109718278
vt 0.473144531 0.184326172
vn 0.141207933 0.988455832 0.054914150
v 0.415527374 0.034042373 0.116126969
vt 0.471923828 0.189941406
vn 0.526889861 0.322425157 0.786402643
v 0.382659942 0.039779678 0.103919938
vt 0.485107422 0.173095703
vn -0.110171370 0.975803435 0.188865155
v 0.405853301 0.031005874 0.130905107
vt 0.479980469 0.193603516
vn 0.441287100 0.457047313 0.772252202
v 0.402160674 0.041397110 0.118347123
vt 0.479980469 0.185546875
vn -0.242862895 0.830434501 0.501394391
v 0.400573760 0.032775894 0.124137834
vt 0.482910156 0.190429688
vn -0.071104541 0.758449078 0.647841871
v 0.387756377 0.020141616 0.127044648
vt 0.496093750 0.194824219
vn -0.488310039 0.519814014 0.700961351
v 0.404815704 0.019729629 0.132263139
vt 0.484375000 0.197509766
vn 0.307458699 -0.354759872 0.882957935
v 0.401062042 0.010803252 0.122230485
vt 0.486816406 0.201904297
vn 0.529119790 0.213227391 0.821319997
v 0.388855010 0.017517105 0.129028291
vt 0.495361328 0.198242188
vn -0.015702762 0.683072984 0.730181396
v 0.391723663 0.009582549 0.138732880
vt 0.498291016 0.203125000
vn -0.220465586 0.873988688 0.433057457
v 0.379547149 0.007934600 0.130844086
vt 0.502197266 0.196289062
vn 0.015757859 0.756374717 0.653948903
v 0.385498077 0.008331329 0.136840791
vt 0.500732422 0.201416016
vn 0.377660036 0.385528058 -0.841867507
v 0.397003204 0.008178741 0.153015107
vt 0.501464844 0.208496094
vn 0.527150631 0.849735498 0.007867815
v 0.409942657 0.001709014 0.161331132
vt 0.502197266 0.215087891
vn 0.579950869 0.807228982 -0.109720558
v 0.405303985 0.007507354 0.161376908
vt 0.504882812 0.213134766
vn 0.655456126 0.750220835 0.086867563
v 0.395233184 0.011627227 0.161941499
vt 0.508300781 0.208007812
v 0.394073516 0.016738907 0.146713227
vt 0.505126953 0.204589844
vn 0.636907399 0.770579338 -0.023589280
v 0.386505157 0.020767227 0.138900727
vt 0.505126953 0.200195312
vn 0.384056777 0.556490541 -0.736762285
v 0.400787383 0.008667022 0.170440629
vt 0.508789062 0.211914062
vn 0.267286032 0.872610271 0.408790320
v 0.390441924 0.006897002 0.166305512
vt 0.512939453 0.210205078
vn 0.212197602 0.833071947 0.510845900
v 0.399200469 0.003875762 0.174560502
vt 0.512451172 0.212646484
vn 0.149569198 0.976135910 0.157441214
v 0.384552032 0.015716583 0.170288056
vt 0.512207031 0.202392578
vn 0.180671677 0.793384075 0.581291258
v 0.382263213 0.008880645 0.169372529
vt 0.513671875 0.201904297
vn -0.205361992 0.884636402 0.418622583
v 0.374053985 0.024887100 0.143356293
vt 0.509033203 0.195556641
v 0.368347198 0.020767227 0.161956757
vt 0.518310547 0.193847656
vn -0.598073065 0.755460739 0.267559052
v 0.406372100 0.003479034 0.173492387
vt 0.510009766 0.214111328
vn 0.330187023 0.943391621 0.031446300
v 0.402526885 0.003814727 0.185104325
vt 0.514892578 0.215576172
vn 0.204489961 0.967395008 0.149434924
v 0.372680694 0.022369400 0.139846772
vt 0.508056641 0.193603516
vn -0.551780224 0.496602058 -0.670018673
v 0.370941192 0.012908965 0.137741059
vt 0.505859375 0.191650391
vn 0.047185507 0.762834251 -0.644870222
v 0.364898711 0.010925323 0.143722504
vt 0.509765625 0.185546875
vn -0.569138944 0.822089493 0.015809454
vt 0.521728516 0.186279297
vt 0.371093750 0.840332031
vt 0.366699219 0.838623047
vt 0.375244141 0.839599609
v 0.261505127 0.364601135 -0.004986802
vt 0.370361328 0.834960938
vn 0.031562615 -0.733832061 -0.678597271
vt 0.360107422 0.834960938
vt 0.383056641 0.823730469
vt 0.382080078 0.830810547
v 0.268981934 0.383888245 -0.004114192
vt 0.365478516 0.828857422
vn 0.520411432 -0.063080199 -0.851582587
vt 0.377197266 0.817626953
vt 0.386474609 0.815429688
vt 0.364501953 0.820556641
v 0.273101807 0.409744263 -0.006236595
vt 0.351074219 0.829101562
vn 0.424198478 -0.062844254 -0.903385937
vt 0.343505859 0.833984375
v 0.285522461 0.413238525 0.002654985
vt 0.347412109 0.823242188
vn 0.917605519 -0.268953294 -0.292684644
vt 0.353271484 0.813232422
vt 0.359375000 0.810302734
vt 0.340576172 0.813476562
vt 0.331298828 0.816650391
v 0.291168213 0.443817139 -0.004234360
vt 0.332275391 0.825927734
vn 0.415714949 -0.203935713 -0.886335909
vt 0.335693359 0.836425781
vt 0.314941406 0.832031250
vt 0.314208984 0.819335938
vt 0.316650391 0.814453125
v 0.302734375 0.499282837 -0.022003222
vt 0.307861328 0.828369141
vn 0.197407946 -0.181615457 -0.963351429
vt 0.303710938 0.836181641
vt 0.303222656 0.829833984
vt 0.293457031 0.822753906
v 0.323822021 0.513488770 -0.001011902
vt 0.302246094 0.821289062
vn 0.990255177 -0.039295804 -0.133605987
vt 0.301513672 0.813964844
vt 0.664062500 0.934570312
vt 0.675781250 0.940185547
vt 0.658447266 0.943115234
vt 0.657714844 0.933593750
v 0.291717559 0.110519424 0.092330903
vt 0.648681641 0.949462891
vn 0.472778201 0.858880401 0.196990803
vt 0.658203125 0.964599609
vt 0.651367188 0.966552734
v 0.285980254 0.100967422 0.093597382
vt 0.641357422 0.956787109
vn 0.994998753 0.031587303 -0.094761916
vt 0.638916016 0.968994141
v 0.300689727 0.086822525 0.088691682
vt 0.626220703 0.958740234
vn 0.918615341 0.298353732 0.259096533
v 0.273742706 0.109069839 0.077018708
vt 0.649902344 0.934570312
vn 0.165456876 0.961226106 -0.220609322
vt 0.652587891 0.928222656
v 0.272552520 0.109115615 0.067565888
vt 0.647216797 0.929443359
vn 0.227768332 0.400557935 0.887510598
vt 0.642089844 0.920410156
v 0.290527374 0.114501968 0.064231843
vt 0.635986328 0.929443359
vn 0.244079426 0.653502822 0.716490984
v 0.310394317 0.101776138 0.088325471
vt 0.634277344 0.949218750
vn 0.839447677 0.174225047 0.514755487
v 0.309722900 0.124450698 0.060935941
vt 0.632324219 0.917480469
vn 0.710248590 -0.047349837 0.702356696
v 0.307952881 0.133789077 0.056137051
vt 0.634765625 0.910644531
vn 0.995713115 0.031609990 0.086927213
v 0.303192139 0.108673111 0.037715878
vt 0.622558594 0.915039062
vn 0.928472042 0.220315441 -0.298999608
v 0.306610107 0.110366836 0.051624265
vt 0.625732422 0.922363281
vn 0.739997029 0.236169308 0.629784524
v 0.305358917 0.113204971 0.072128266
vt 0.634765625 0.938476562
vn 0.654803038 0.733695030 -0.181451574
v 0.295715362 0.101791397 0.062332124
vt 0.625000000 0.931884766
vn 0.820910633 0.434135526 0.370988309
v 0.317993194 0.091979995 0.057010617
vt 0.617431641 0.920898438
vn 0.745723426 -0.376786470 0.549480200
v 0.306640655 0.096450821 0.072883576
vt 0.626464844 0.943359375
vn 0.853468359 -0.339806825 -0.395124376
v 0.302459747 0.089172378 0.063590974
vt 0.617919922 0.927734375
vn 0.517555475 0.854750872 -0.039208859
v 0.293914825 0.091796890 0.059196442
vt 0.616943359 0.937500000
vn 0.991388738 0.110154353 -0.070813611
v 0.306762725 0.079498306 0.091491669
vt 0.624023438 0.962158203
vn 0.387706339 0.902010620 0.189896896
vt 0.614013672 0.940917969
v 0.328094512 0.078399673 0.070098840
vt 0.605712891 0.957763672
vn 0.598110020 0.653199196 -0.464322448
v 0.298004180 0.089447036 0.059177369
vt 0.616699219 0.934326172
vn -0.110486522 -0.978595138 -0.173621655
v 0.291839629 0.088272110 0.064025849
vt 0.616455078 0.930908203
vn -0.874097109 0.456735402 0.165369824
vt 0.613525391 0.929199219
v 0.294158995 0.000671387 0.285827607
vt 0.039550781 0.700683594
vn 0.244306684 -0.961464882 -0.126093730
vt 0.063964844 0.706054688
vt 0.039306641 0.706054688
vt 0.033447266 0.705078125
vt 0.040527344 0.696533203
v 0.294311583 0.002685547 0.290313691
vt 0.035400391 0.699951172
vn 0.251005441 0.964802384 -0.078439288
vt 0.030761719 0.700439453
vt 0.028564453 0.695068359
vt 0.020996094 0.705566406
vt 0.031250000 0.690917969
v 0.307495177 0.002471924 0.298980683
vt 0.036621094 0.693115234
vn 0.660353661 0.746828616 -0.078613654
vt 0.038085938 0.686279297
vt 0.039550781 0.676269531
vt 0.027343750 0.684814453
vt 0.979980469 0.640136719
vt 0.978027344 0.634521484
vt 0.983642578 0.636962891
vt 0.971679688 0.637695312
vt 0.978027344 0.642089844
v 0.284088194 0.006896973 0.277099580
vt 0.984619141 0.644531250
vn 0.015755914 -0.984740555 0.173314393
vt 0.981445312 0.646484375
vt 0.984130859 0.650878906
vt 0.989501953 0.660888672
vt 0.991455078 0.642089844
vt 0.994140625 0.633789062
vt 0.994140625 0.640625000
vt 0.985595703 0.633544922
vt 0.903808594 0.536621094
vt 0.936523438 0.487548828
vt 0.929199219 0.558105469
vt 0.906005859 0.527099609
v 0.335540801 0.000518799 0.218734711
vt 0.908203125 0.562988281
vn 0.015746122 -0.999876022 0.000000042
vt 0.907714844 0.572265625
vt 0.901367188 0.540771484
vt 0.902343750 0.544677734
vt 0.889404297 0.550781250
v 0.356048644 0.000457793 0.254333436
vt 0.887695312 0.562500000
vn 0.479098707 -0.871802449 0.102102958
vt 0.883300781 0.555664062
vt 0.880126953 0.564697266
vt 0.894042969 0.580810547
v 0.358367950 0.000976592 0.225738496
vt 0.897949219 0.573730469
vn 0.892062068 -0.426295131 -0.149992839
vt 0.903076172 0.573730469
vt 0.907470703 0.574218750
vt 0.902587891 0.578125000
vt 0.907470703 0.580078125
vt 0.000244141 0.838623047
vn -0.466246486 -0.663808703 0.584783971
v 0.285400361 0.134246826 -0.221359298
vt 0.000488281 0.839599609
vt 0.000000000 0.840087891
vt 0.061035156 0.154541016
vt 0.057861328 0.146240234
vt 0.062744141 0.149169922
vt 0.063964844 0.155029297
v 0.312469482 0.158615127 -0.004100836
vt 0.065429688 0.164794922
vn -0.196691826 0.291104108 0.936253607
vt 0.070556641 0.150878906
v 0.307830811 0.169319168 -0.009729421
vt 0.058349609 0.157714844
vn -0.632376432 0.000000006 0.774661362
vt 0.054931641 0.146728516
v 0.319732666 0.194351211 0.006953201
vt 0.049560547 0.156494141
vn -0.597020209 0.039277658 0.801264107
v 0.321105957 0.180473343 0.010369263
vt 0.051513672 0.163330078
vn -0.371811628 -0.071197964 0.925573945
v 0.325927734 0.167907730 0.005139789
vt 0.055419922 0.166748047
vn 0.511399150 -0.055073682 0.857576787
v 0.327941895 0.151908889 0.002775631
vt 0.055419922 0.171386719
vn 0.472163081 -0.015738705 0.881370783
v 0.297515869 0.152107254 0.008364643
vt 0.074218750 0.160400391
vn 0.730271399 0.683157206 -0.000000126
vt 0.077392578 0.154785156
v 0.298767090 0.157234207 0.018024411
vt 0.083007812 0.158447266
vn 0.892145455 0.450020283 0.039475325
vt 0.084228516 0.149414062
v 0.305511475 0.146835342 0.017837489
vt 0.080810547 0.163818359
vn 0.862089217 0.266463965 0.431044459
v 0.298706055 0.127639785 0.017305341
vt 0.085693359 0.171875000
vn 0.999845147 0.015745636 0.007872664
v 0.301910400 0.147727981 0.003376211
vt 0.073730469 0.164794922
vn 0.754014671 0.431987584 0.494821936
v 0.310028076 0.130157486 0.009097064
vt 0.080810547 0.173828125
vn 0.628966630 0.369517922 0.684001088
v 0.312866211 0.149261490 -0.001131094
vt 0.069580078 0.168701172
vn -0.236396328 0.496432513 0.835267425
v 0.312957764 0.123275772 0.015355076
vt 0.087158203 0.179687500
vn 0.544456065 0.063125394 0.836410642
v 0.299987793 0.111541763 0.017276732
vt 0.090576172 0.176025391
vn 0.205310896 0.244793698 0.947588265
v 0.322479248 0.148773208 0.007513486
vt 0.066650391 0.172363281
vn -0.299733311 0.512701929 0.804547608
v 0.317535400 0.099029556 0.011825527
vt 0.094238281 0.188720703
vn 0.741353631 0.228715524 0.630939066
v 0.300659180 0.101287857 0.023759810
vt 0.096923828 0.183349609
vn 0.789656937 0.521173656 0.323759228
v 0.319030762 0.087829605 0.030925717
vt 0.103759766 0.193847656
vn 0.834749222 0.157499894 0.527624309
v 0.321380615 0.088287368 0.008098568
vt 0.096191406 0.194824219
vn 0.803049982 0.574731946 0.157460660
v 0.340423584 0.082366958 -0.007669009
vt 0.087890625 0.210693359
vn 0.661663592 0.047261741 0.748309851
v 0.354370117 0.146667495 -0.019575160
vt 0.057617188 0.193603516
vn 0.640962541 0.000000062 0.767572224
v 0.371612549 0.137115493 -0.034244578
vt 0.049804688 0.209716797
vn 0.693774343 0.063070439 0.717425466
v 0.367401123 0.146949783 -0.030767484
vt 0.049804688 0.205078125
vn 0.661889493 -0.575213492 0.480657786
v 0.351257324 0.150985733 -0.013570827
vt 0.049072266 0.187255859
vn 0.576719463 -0.134304434 0.805826902
v 0.344421387 0.146438614 -0.019092599
vt 0.053222656 0.185302734
vn 0.543560028 -0.409639299 0.732624233
v 0.345031738 0.143447891 -0.013135950
vt 0.055175781 0.185302734
vn -0.039448503 0.962541580 -0.268249303
vt 0.739746094 0.262939453
vt 0.750732422 0.265136719
vt 0.748779297 0.269531250
vt 0.762451172 0.276123047
v 0.311615020 0.073089615 0.123275727
vt 0.753417969 0.257568359
vn 0.544710457 0.813118517 0.205253109
vt 0.748779297 0.255615234
vt 0.765869141 0.273681641
v 0.324646026 0.065170303 0.130081147
vt 0.756347656 0.250488281
vn 0.745241404 0.400077015 0.533435822
v 0.319946319 0.067413345 0.130294770
vt 0.753906250 0.251708984
vn 0.370067269 0.873988688 0.314950764
v 0.336364776 0.064804092 0.112411462
vt 0.768798828 0.258056641
vn 0.559037805 0.787377238 0.259834409
v 0.325927764 0.076751724 0.080604516
vt 0.777832031 0.275390625
vn 0.323145360 0.914264977 0.244329348
v 0.317626983 0.066604629 0.134292573
vt 0.753662109 0.247070312
vn -0.141732141 -0.204724357 0.968503952
v 0.318847686 0.040725723 0.119689904
vt 0.773437500 0.234863281
vn 0.597020447 -0.039277591 0.801263988
v 0.337249786 0.050369278 0.102920495
vt 0.775634766 0.250976562
vn 0.762339473 -0.267211676 0.589437544
v 0.338958770 0.035293594 0.092857324
vt 0.791015625 0.245605469
vn 0.789780080 0.126364872 0.600232720
v 0.333892852 0.067184463 0.098167382
vt 0.773925781 0.263671875
vn 0.654172301 0.630527556 0.417724401
v 0.346527129 0.063018814 0.099121056
vt 0.779296875 0.258056641
vn 0.598110139 0.464322329 0.653199077
vt 0.785644531 0.282714844
v 0.354156524 0.057846084 0.085891686
vt 0.789062500 0.258544922
vn 0.966230154 -0.204243705 -0.157110706
v 0.347625762 0.038833633 0.082023583
vt 0.801513672 0.253662109
vn 0.574198306 0.810170233 -0.117986076
v 0.353027374 0.065475479 0.086219750
vt 0.786132812 0.261962891
vn 0.663332522 0.742300689 0.094761670
v 0.334686309 0.076889053 0.072273217
vt 0.786865234 0.275390625
vn 0.613128662 0.408752501 -0.676013827
v 0.327728301 0.073455825 0.070671044
vt 0.784179688 0.278564453
vn 0.157828063 0.970642745 0.181502238
v 0.328369170 0.048629776 0.069595300
vt 0.802734375 0.269775391
vn 0.715559959 0.361711711 -0.597610772
v 0.332641631 0.050262466 0.053569760
vt 0.812255859 0.272216797
vn 0.526613116 0.809569418 0.259376526
v 0.312347442 0.067733780 0.054904904
vt 0.802001953 0.287841797
vn 0.732419670 0.590661168 -0.338645786
v 0.349578887 0.045684829 0.040966000
vt 0.824707031 0.263183594
vn 0.408752471 0.896111250 0.172933653
vt 0.791992188 0.298583984
v 0.339263916 0.061569229 0.011639560
vt 0.835693359 0.281250000
vn 0.636749983 0.707499981 0.306583196
v 0.367858887 0.037551895 0.020555457
vt 0.842041016 0.257568359
vn 0.196624979 0.951665044 0.235949934
v 0.323272705 0.066162124 0.039382901
vt 0.813720703 0.286621094
vn 0.665306151 0.491059363 0.562341988
v 0.300720245 0.078292862 0.053531613
vt 0.800292969 0.297607422
vn 0.725129128 0.685719967 0.063054584
vt 0.794189453 0.302001953
vt 0.795654297 0.307128906
vt 0.798828125 0.308593750
v 0.339447021 0.071136490 0.016204799
vt 0.832763672 0.286621094
vn 0.935501158 0.330176920 0.125781536
v 0.299163818 0.086196914 0.039020505
vt 0.808105469 0.303710938
vn 0.668587148 -0.291031957 0.684318423
vt 0.800537109 0.311279297
v 0.325592041 0.087799087 0.036376920
vt 0.821289062 0.298095703
vn 0.733079314 0.575427949 0.362598240
vt 0.835449219 0.304687500
vt 0.819091797 0.302490234
vt 0.812744141 0.319580078
vt 0.801513672 0.315185547
v 0.313354492 0.105850235 0.043048825
vt 0.822021484 0.318603516
vn 0.828159094 0.559993327 -0.023661818
vt 0.823486328 0.325195312
vt 0.827636719 0.319091797
v 0.315612793 0.098739639 0.029405560
vt 0.825195312 0.311523438
vn 0.591707945 0.788943946 -0.165678337
vt 0.831542969 0.309814453
vt 0.832519531 0.317138672
vt 0.839599609 0.330078125
vt 0.193359375 0.420410156
vt 0.187011719 0.392089844
vt 0.202880859 0.374755859
v 0.306945771 0.093322754 -0.212692291
vt 0.214355469 0.399169922
vn 0.731920481 0.078701138 -0.676829875
vt 0.212158203 0.372314453
vt 0.227783203 0.383300781
v 0.309387177 0.044891357 -0.215774566
vt 0.200195312 0.424316406
vn 0.737714410 0.549361885 -0.392401457
vt 0.180175781 0.427734375
v 0.318786591 0.120254517 -0.196762130
vt 0.232421875 0.395019531
vn 0.770698369 0.141556844 -0.621277452
vt 0.185546875 0.435302734
v 0.319244355 0.028381348 -0.236694366
vt 0.190917969 0.438720703
vn 0.908190489 0.355378896 0.221124500
vt 0.187500000 0.439941406
vt 0.183593750 0.445800781
v 0.313598603 0.029022217 -0.225112945
vt 0.198730469 0.434082031
vn 0.504296660 0.764324725 -0.401861548
vt 0.239990234 0.388183594
v 0.320007294 0.044952393 -0.204406768
vt 0.210205078 0.424316406
vn 0.715825617 0.173056766 -0.676494718
v 0.329833955 0.035507202 -0.207855254
vt 0.205566406 0.436035156
vn 0.385910422 0.787572503 -0.480419338
v 0.316436738 0.120773315 -0.189651534
vt 0.238037109 0.394287109
vn 0.685358107 0.622336805 0.378128558
v 0.314025849 0.117675781 -0.183883712
vt 0.242431641 0.394287109
vn 0.817606091 0.471695900 0.330186933
v 0.331329316 0.107666016 -0.183960006
vt 0.239257812 0.404296875
vn 0.711023748 0.624120951 -0.323910952
vt 0.253906250 0.390869141
v 0.337890595 0.072662354 -0.181167632
vt 0.236572266 0.427490234
vn 0.968924522 0.039387207 -0.244200632
v 0.331817597 0.046478271 -0.191131622
vt 0.218505859 0.432617188
vn 0.732806027 0.323065072 -0.598852456
v 0.311340302 0.116958633 -0.169921920
vt 0.251220703 0.394775391
vn 0.833818972 0.550635159 -0.039331213
v 0.320953339 0.109008789 -0.177108809
vt 0.246337891 0.399902344
v 0.316711426 0.115310684 -0.157592818
vt 0.258544922 0.401367188
vn 0.938960195 0.205151007 -0.276164889
vt 0.268798828 0.386962891
v 0.337371796 0.104568481 -0.178054854
vt 0.242431641 0.408691406
vn 0.850604832 0.149643481 0.504061937
v 0.325134277 0.120758072 -0.147918746
vt 0.267089844 0.399658203
vn 0.749123693 0.007885517 -0.662383199
v 0.332061768 0.106292740 -0.140152022
vt 0.271728516 0.406738281
vn 0.756444931 0.007879639 -0.654009879
vt 0.281982422 0.387695312
v 0.324279785 0.111465469 -0.148773238
vt 0.265136719 0.404785156
vn 0.749123693 -0.007885509 -0.662383199
v 0.323425293 0.092468277 -0.166000396
vt 0.249511719 0.418457031
vn 0.681813300 -0.062695406 0.728834689
v 0.323394775 0.102645889 -0.149658248
vt 0.263671875 0.410156250
vn 0.749146998 0.000000004 -0.662403822
v 0.347442627 0.129302993 -0.121887244
vt 0.287353516 0.399902344
vn 0.661889315 0.039398178 -0.748565495
v 0.332061768 0.105438247 -0.140152022
vt 0.271484375 0.407958984
vn 0.756468475 0.000000004 -0.654030204
v 0.332061768 0.104553238 -0.140152022
vt 0.270507812 0.409179688
vn 0.756444931 -0.007879632 -0.654009879
v 0.349304199 0.111953750 -0.119918860
vt 0.281005859 0.414062500
vn 0.714919269 0.000000001 -0.699207008
v 0.325469971 0.071746841 -0.147460967
vt 0.263671875 0.432617188
vn 0.682253182 0.282311708 -0.674411416
v 0.314666748 0.070968643 -0.159957916
vt 0.252929688 0.430908203
v 0.323425293 0.091598526 -0.166061431
vt 0.249023438 0.420166016
vn 0.677585721 -0.063031159 0.732737899
v 0.323333740 0.090744033 -0.166061431
vt 0.248779297 0.420898438
vn 0.677228451 -0.070872672 0.732351542
v 0.326019287 0.069137588 -0.170303375
vt 0.244628906 0.431152344
vn 0.674826503 -0.023540394 0.737600923
v 0.319763184 0.065032974 -0.164855987
vt 0.249511719 0.433349609
vn 0.583183587 0.788085938 -0.197021589
v 0.325988770 0.068267837 -0.170379668
vt 0.244384766 0.432128906
vn 0.685358286 -0.070899062 0.724746466
v 0.325927734 0.067413345 -0.170394927
vt 0.244628906 0.433105469
vn 0.678175330 -0.047314487 0.733375490
v 0.329467773 0.057586670 -0.174224883
vt 0.243164062 0.436279297
vn 0.865578413 0.354100317 0.354100108
v 0.336608887 0.045257568 -0.183441192
vt 0.237304688 0.440673828
vn 0.870300472 0.478273302 -0.117608316
v 0.337951660 0.052871704 -0.172332793
vt 0.247314453 0.440185547
vn 0.322784543 0.810898006 -0.488113433
v 0.335327148 0.064056411 -0.160446197
vt 0.258544922 0.437988281
vn 0.540681899 0.760089219 -0.360454738
v 0.336059570 0.064559951 -0.149688751
vt 0.263427734 0.438476562
vn 0.543290198 0.787377119 -0.291329652
v 0.347503662 0.062026992 -0.143341094
vt 0.269775391 0.441650391
vn 0.440276504 0.715449512 -0.542483747
v 0.341247559 0.070388809 -0.141235381
vt 0.270507812 0.438476562
vn 0.512685835 0.670435429 -0.536348403
v 0.330505371 0.076080337 -0.141891509
vt 0.268798828 0.432373047
vn 0.684339523 0.251711160 -0.684339762
v 0.338775635 0.072387710 -0.134002715
vt 0.271972656 0.433837891
vn 0.572447717 0.682232320 -0.454821646
v 0.336547852 0.074340835 -0.135971099
vt 0.272705078 0.432373047
vn 0.748565316 0.039398182 -0.661889493
v 0.348571777 0.077713028 -0.121749915
vt 0.282470703 0.433105469
vn 0.614173114 0.165354326 -0.771653593
v 0.350982666 0.096481338 -0.118003882
vt 0.283447266 0.421630859
vn 0.683135927 -0.007852140 -0.730249047
v 0.353698730 0.089904800 -0.118606605
vt 0.285888672 0.424804688
vn 0.677396297 0.165410757 -0.716780007
v 0.361083984 0.091918960 -0.108284034
vt 0.289062500 0.420898438
vn -0.993605673 -0.023657328 -0.110400505
v 0.359863281 0.101226822 -0.114486732
vt 0.287841797 0.416259766
vn -0.363027334 -0.173621774 -0.915459871
v 0.355957031 0.112655655 -0.135421798
vt 0.303222656 0.410400391
vn -0.994719684 -0.000000039 0.102629930
v 0.359497070 0.119354263 -0.116722144
vt 0.291748047 0.407958984
vn -0.900405467 -0.118474454 -0.418609440
v 0.358459473 0.133834854 -0.120628394
vt 0.297363281 0.402832031
vn -0.950841963 0.251462281 -0.180738434
v 0.360473633 0.144592285 -0.106178321
vt 0.301025391 0.397216797
vn -0.031565748 0.623420894 -0.781248987
v 0.364746094 0.145515442 -0.109542884
vt 0.302246094 0.397460938
vn -0.204978809 0.961823404 -0.181327373
v 0.357177734 0.140914932 -0.128494307
vt 0.305175781 0.402343750
vn -0.952608287 0.299166203 -0.055109456
v 0.356842041 0.076705948 -0.132705718
vt 0.323486328 0.417236328
vn -0.998854995 0.007864958 0.047190130
v 0.357147217 0.083679214 -0.141769439
vt 0.319580078 0.413330078
vn -0.929854810 -0.063041054 -0.362485647
v 0.357635498 0.120788589 -0.141906783
vt 0.311279297 0.407470703
vn -0.481240958 0.039445911 -0.875700474
v 0.360900879 0.079635635 -0.142700225
vt 0.324951172 0.412353516
vn -0.313863218 0.007846522 -0.949435890
v 0.380065918 0.092544571 -0.146972686
vt 0.330810547 0.406250000
vn -0.047178458 -0.023589209 -0.998607934
v 0.363769531 0.145301819 -0.142547652
vt 0.311035156 0.400390625
vn -0.480195999 0.818694592 -0.314882517
v 0.372955322 0.144844055 -0.145309493
vt 0.314941406 0.398193359
vn -0.126364946 0.157955959 -0.979327261
v 0.386108398 0.131500259 -0.147781417
vt 0.325683594 0.393554688
vn 0.557518959 0.149195254 -0.816647768
v 0.380096436 0.145805359 -0.134185836
vt 0.314453125 0.393798828
vn 0.126451522 0.972096682 -0.197580680
v 0.388519287 0.144927979 -0.135971114
vt 0.318115234 0.388916016
vn 0.921802938 0.307267696 -0.236359894
v 0.388916016 0.092620865 -0.139617950
vt 0.347412109 0.391845703
vn 0.956928968 -0.007843652 -0.290216297
vt 0.040527344 0.923828125
vt 0.042480469 0.931884766
vt 0.021728516 0.928955078
vt 0.032470703 0.912841797
vt 0.018554688 0.923583984
vt 0.020507812 0.908691406
vt 0.008789062 0.931152344
vt 0.555175781 0.028320312
vt 0.550537109 0.023193359
vt 0.555664062 0.018310547
vt 0.546875000 0.015869141
vt 0.549072266 0.010742188
vt 0.548339844 0.002929688
v 0.308868408 0.234935775 -0.008899728
vt 0.562988281 0.025878906
vn 0.204496413 0.259553045 0.943829119
vt 0.557861328 0.007812500
vt 0.559814453 0.037841797
vt 0.559814453 0.001953125
v 0.332214355 0.191284195 0.000852664
vt 0.566162109 0.002441406
vn 0.583455622 0.007884594 0.812106848
v 0.311431885 0.248069778 -0.017040294
vt 0.568847656 0.030029297
vn 0.258913219 0.706126809 0.659051538
vt 0.569824219 0.032226562
vt 0.584960938 0.034667969
v 0.320404053 0.233737960 -0.003859084
vt 0.567871094 0.022705078
vn -0.651827931 0.400520802 0.643974721
v 0.322082520 0.226959243 0.006843526
vt 0.567382812 0.017578125
vn 0.078936286 0.142085135 0.986702085
v 0.324279785 0.247865692 -0.001405758
vt 0.573242188 0.023681641
vn -0.196990907 0.914037824 0.354583651
v 0.341613770 0.248703018 -0.006153150
vt 0.580322266 0.020996094
vn 0.495556384 0.534886241 0.684339583
vt 0.595214844 0.028076172
v 0.354370117 0.239351287 -0.015934035
vt 0.585937500 0.014404297
vn 0.606261730 0.007873588 0.795226216
vt 0.596923828 0.018066406
v 0.384002686 0.220718399 -0.040096331
vt 0.603271484 0.016357422
vn 0.893739820 0.039199170 0.446869761
vt 0.281738281 0.918945312
vt 0.235839844 0.895507812
vt 0.291503906 0.866699219
v 0.389953583 0.000396758 -0.252807677
vt 0.302001953 0.868652344
v 0.394989014 0.000335723 -0.160919219
vt 0.316650391 0.910400391
v 0.346008301 0.000427276 -0.069488555
vt 0.138916016 0.399414062
vt 0.125732422 0.445800781
vt 0.096679688 0.413085938
vt 0.100341797 0.386718750
vt 0.127441406 0.353271484
vt 0.162597656 0.353271484
v 0.447723389 0.000518829 -0.112945601
vt 0.186279297 0.380615234
vn 0.007873815 -0.999969006 0.000000043
v 0.396026611 0.000335723 -0.034339946
vt 0.163330078 0.420166016
vt 0.161865234 0.461914062
v 0.443786621 0.000518829 -0.015446709
vt 0.177978516 0.437988281
vt 0.126220703 0.029296875
vt 0.129150391 0.024658203
vt 0.135742188 0.021728516
vt 0.126220703 0.017333984
vt 0.140136719 0.985351562
vt 0.143310547 0.981201172
vt 0.147949219 0.984619141
vt 0.152832031 0.968505859
vt 0.146728516 0.987060547
vt 0.148681641 0.989257812
vt 0.998779297 0.898437500
vt 0.994384766 0.910400391
vt 0.991210938 0.912353516
vt 0.998291016 0.922851562
v 0.334381133 0.036544815 0.114974938
vt 0.985107422 0.920166016
vn 0.448985964 0.882218063 0.141784936
vt 0.972900391 0.916748047
v 0.347961456 0.023315445 0.132308930
vt 0.988281250 0.935546875
vn 0.543004155 0.826310813 0.149522796
vt 0.997802734 0.932373047
v 0.343292266 0.031997696 0.102645837
vt 0.975830078 0.922851562
vn 0.440890282 0.873907506 0.204698950
vt 0.993896484 0.940185547
v 0.348266631 0.035324112 0.100509606
vt 0.971923828 0.923583984
vn -0.078545615 0.958256423 0.274909586
vt 0.963867188 0.916015625
v 0.349121124 0.025390640 0.115501367
vt 0.979248047 0.931152344
vn 0.086482935 0.912001610 0.400966197
v 0.355834991 0.032730117 0.092216454
vt 0.964843750 0.924072266
vn 0.220090672 0.974687457 0.039301842
v 0.372100860 0.030929580 0.076339677
vt 0.952392578 0.928955078
vn 0.347189367 0.907426775 0.236719951
v 0.360778838 0.035369888 0.096672021
vt 0.965087891 0.928710938
vn 0.431097537 0.893547654 0.125410095
v 0.357147247 0.032150283 0.111770593
vt 0.972656250 0.932128906
vn 0.386823386 0.781541109 0.489449888
v 0.367218047 0.026046768 0.095954858
vt 0.962402344 0.935546875
vn 0.543492496 0.795547009 0.267807811
v 0.384643584 0.024017349 0.083206132
vt 0.950927734 0.938964844
vn -0.520865142 0.852324724 0.047351401
v 0.367889434 0.022003189 0.110984765
vt 0.970458984 0.941406250
vn 0.181434512 0.954503417 0.236653671
v 0.378356963 0.023925796 0.094551042
vt 0.958496094 0.940185547
vn -0.746183336 0.628364801 -0.219927624
v 0.378265411 0.040054336 0.095344499
vt 0.955078125 0.947998047
vn -0.881016314 0.346113503 -0.322514772
v 0.376159698 0.029998794 0.109474137
vt 0.965576172 0.946777344
vn -0.756445110 0.559454083 0.338824421
vt 0.958984375 0.950439453
vt 0.972412109 0.957763672
v 0.356994659 0.024719253 0.129318208
vt 0.982666016 0.939697266
vn 0.157499835 0.960749149 0.228374735
v 0.375946075 0.019851699 0.116943315
vt 0.972167969 0.947509766
vn -0.204388812 0.668194413 0.715361059
v 0.378662139 0.013336211 0.120002702
vt 0.974853516 0.951171875
vn -0.315705299 0.812941194 0.489343256
vt 0.976074219 0.957275391
v 0.367157012 0.020172134 0.125045747
vt 0.979003906 0.945556641
vn 0.417413533 0.811199784 0.409537643
v 0.371765167 0.014740020 0.125839204
vt 0.978515625 0.949951172
vn 0.268608987 0.955932140 0.118503898
v 0.353271514 0.019424453 0.132034272
vt 0.987060547 0.939697266
vn 0.274960518 0.887729704 0.369232655
v 0.371612579 0.014984161 0.131210297
vt 0.981933594 0.950439453
vn 0.316336572 0.830383480 0.458687931
vt 0.983154297 0.956054688
vt 0.985351562 0.952392578
vt 0.985595703 0.960205078
vt 0.990722656 0.950195312
v 0.360107452 0.018035904 0.138885468
vt 0.988769531 0.945068359
vn 0.236838043 0.884195268 0.402624547
v 0.358459502 0.013641387 0.141921967
vt 0.991699219 0.945556641
vn 0.455944419 0.841138840 0.290861011
vt 0.998779297 0.950927734
vt 0.855712891 0.018798828
vt 0.839843750 0.019287109
vt 0.861328125 0.007080078
v 0.332550019 0.226875305 -0.139205977
vt 0.848388672 0.024902344
vn -0.597075701 0.196406364 -0.777769387
v 0.340484589 0.228797913 -0.141555831
vt 0.851074219 0.028076172
vn -0.149034649 0.031375635 -0.988334119
v 0.335693330 0.204128265 -0.141021773
vt 0.836669922 0.029785156
vn 0.478243798 -0.015680147 -0.878087223
vt 0.798828125 0.029052734
vt 0.869873047 0.024414062
v 0.335601807 0.151504517 -0.141387984
vt 0.806884766 0.036132812
vn -0.125953138 -0.125953063 -0.984007955
vt 0.804931641 0.038574219
v 0.342407227 0.154777527 -0.131500289
vt 0.809570312 0.041503906
vn 0.827130675 -0.055142034 -0.559297979
v 0.359466553 0.151626587 -0.106391944
vt 0.811279297 0.057128906
vn 0.812207758 0.094626173 -0.575642645
vt 0.800537109 0.045166016
vt 0.806152344 0.055175781
v 0.341339082 0.249195114 -0.139297530
vt 0.861816406 0.030761719
vn 0.630782187 0.362699836 -0.685975790
vt 0.866455078 0.056396484
v 0.349456757 0.219398499 -0.133377120
vt 0.850341797 0.035888672
vn 0.714720845 -0.149227440 -0.683304667
vt 0.804443359 0.056640625
v 0.343170136 0.218166351 -0.130600020
vt 0.846191406 0.036132812
vn 0.668773174 -0.574358225 -0.472075284
v 0.367645264 0.220458999 -0.111206099
vt 0.851806641 0.052001953
vn 0.760719955 -0.133322060 -0.635240495
v 0.360504150 0.217803970 -0.105392501
vt 0.846435547 0.052734375
vn 0.820833743 -0.110496849 -0.560377061
v 0.375396729 0.219833389 -0.102638297
vt 0.853027344 0.057128906
vn 0.820910454 -0.370988429 -0.434135497
v 0.385253906 0.239828125 -0.088226371
vt 0.858886719 0.065673828
vn 0.990989983 0.102245033 -0.086515136
v 0.374176025 0.221168533 -0.085182242
vt 0.849121094 0.067138672
vn 0.881671131 -0.417219371 -0.220417887
v 0.380828857 0.203147903 -0.075508170
vt 0.840087891 0.073730469
vn 0.872933984 -0.015728522 -0.487584919
v 0.377258301 0.232360855 -0.080223136
vt 0.855957031 0.070800781
vn 0.931069732 0.339288145 0.134137034
v 0.373291016 0.244356170 -0.082519583
vt 0.863525391 0.069091797
vn 0.716957867 0.575142086 0.393932730
vt 0.867187500 0.077392578
v 0.385589600 0.214733139 -0.068252616
vt 0.846435547 0.077392578
vn 0.958256423 0.172800407 0.227782115
v 0.367889404 0.231338516 -0.065376326
vt 0.858154297 0.079589844
vn 0.862421751 0.458903342 0.213627279
vt 0.863037109 0.085449219
v 0.372375488 0.227157608 -0.058422137
vt 0.854492188 0.083496094
vn 0.954651892 0.252469927 0.157793567
v 0.377319336 0.232704177 -0.050537158
vt 0.858154297 0.088134766
vn 0.805374682 0.442166537 -0.394791692
vt 0.864013672 0.095458984
vt 0.854492188 0.096191406
v 0.378936768 0.201248184 -0.063240103
vt 0.839599609 0.081542969
vn 0.867325664 -0.031539053 0.496740907
v 0.379150391 0.205432907 -0.047687575
vt 0.845458984 0.092773438
vn 0.919295490 0.023571705 -0.392861456
v 0.372436523 0.192153946 -0.057914779
vt 0.835693359 0.087646484
vn 0.973725319 0.000000033 -0.227726221
v 0.376281738 0.209167495 -0.031932876
vt 0.847412109 0.103759766
vn 0.744120300 0.054829977 0.665791690
vt 0.861816406 0.117919922
v 0.385925293 0.194595352 -0.039035846
vt 0.839355469 0.098388672
vn 0.994224012 0.086797379 -0.063125469
v 0.378540039 0.186973587 -0.033481643
vt 0.835693359 0.103271484
vn 0.623712420 -0.007895031 0.781614065
vt 0.835693359 0.131835938
vt 0.829101562 0.138671875
vt 0.820800781 0.134277344
vt 0.812011719 0.118408203
vt 0.811523438 0.132568359
v 0.381683350 0.185791031 -0.044555709
vt 0.833740234 0.096679688
vn 0.963021219 -0.023680819 -0.268383086
v 0.379272461 0.148170486 -0.033924147
vt 0.813720703 0.104248047
vn 0.772132576 -0.212730333 0.598796546
vt 0.809082031 0.106445312
v 0.372344971 0.151618972 -0.058334395
vt 0.812255859 0.091796875
vn 0.995464504 -0.007900472 -0.094806276
v 0.382507324 0.156379715 -0.043426558
vt 0.814941406 0.100097656
vn 0.911325812 -0.306394011 -0.274969101
v 0.366424561 0.145568863 -0.044559523
vt 0.808593750 0.100830078
vn 0.938814044 -0.323456913 0.118337803
vt 0.805419922 0.104248047
v 0.377838135 0.133209243 -0.039577525
vt 0.803466797 0.102050781
vn 0.418440014 0.023685334 0.907935560
v 0.372589111 0.147689834 -0.053821608
vt 0.808837891 0.094482422
vn 0.102027535 0.824068308 0.557227015
v 0.380828857 0.145599380 -0.025852248
vt 0.799804688 0.097900391
vn -0.392534345 0.894978344 0.211968556
v 0.385345459 0.145645157 -0.062789962
vt 0.806884766 0.086914062
vn 0.148942873 0.987726629 0.047034536
v 0.404968262 0.145393386 -0.059272815
vt 0.799560547 0.084472656
vn 0.852829397 0.489587307 -0.181621209
v 0.378234863 0.151054397 -0.062374160
vt 0.811767578 0.086914062
vn 0.876273394 0.149992794 0.457872421
v 0.394256592 0.145492569 -0.076789901
vt 0.804931641 0.080566406
vn 0.377566665 0.920318842 -0.102257736
v 0.380798340 0.151412979 -0.075370833
vt 0.812255859 0.077148438
vn 0.881370783 0.409207910 -0.236081615
v 0.382751465 0.146568313 -0.071022078
vt 0.809082031 0.080566406
vn 0.377859145 0.732101977 0.566788495
v 0.391998291 0.150848404 -0.074050948
vt 0.805908203 0.078125000
v 0.388885498 0.151596069 -0.106552169
vt 0.799804688 0.066162109
vn 0.221014306 0.955097914 -0.197334349
v 0.365966797 0.151115417 -0.109672584
vt 0.806640625 0.058349609
vn -0.007872934 0.456622154 -0.889626026
v 0.392517090 0.145515442 -0.087989852
vt 0.800537109 0.075195312
vn 0.843042612 0.535765409 0.047273282
v 0.399719238 0.130981460 -0.085815474
vt 0.792480469 0.079101562
vn 0.976620197 0.031503908 -0.212651297
v 0.389831543 0.146026611 -0.107124373
vt 0.797119141 0.065673828
vn 0.102027416 0.981033564 -0.164813697
vt 0.789550781 0.055664062
v 0.398712158 0.145957947 -0.091087386
vt 0.796875000 0.073730469
vn 0.881999135 0.464624584 -0.078750066
vt 0.791503906 0.580566406
vt 0.796630859 0.574951172
v 0.323699921 0.025466919 -0.233123809
vt 0.798583984 0.575439453
vn 0.922605097 0.252336472 -0.291764140
vt 0.797607422 0.581542969
v 0.332885712 0.023773193 -0.226760894
vt 0.804199219 0.571533203
vn 0.361845881 0.794487834 -0.487705529
v 0.323577851 0.014617920 -0.235610992
vt 0.801269531 0.577392578
v 0.332244843 0.012542725 -0.234634429
vt 0.803710938 0.578369141
vn -0.315744728 0.947234035 -0.055255316
v 0.336273164 0.019134521 -0.229705840
vt 0.806640625 0.574218750
vn 0.047232356 0.991880059 0.118080907
vt 0.794677734 0.569335938
v 0.342407197 0.022430420 -0.220459014
vt 0.810058594 0.570312500
vn 0.393408120 0.684530258 -0.613716960
v 0.333221406 0.029800415 -0.216583282
vt 0.805175781 0.566162109
vn 0.197242007 0.820527196 -0.536498606
vt 0.804443359 0.560791016
v 0.342712373 0.011444122 -0.230499297
vt 0.810058594 0.578613281
vn 0.551317871 0.826976895 0.110263467
v 0.340087861 0.031402588 -0.214141876
vt 0.808105469 0.565185547
v 0.354827851 0.012725860 -0.225906402
vt 0.816894531 0.577392578
vn 0.220301688 0.810395837 -0.542886615
v 0.349945039 0.026168823 -0.209610015
vt 0.813964844 0.564941406
vn 0.300209999 0.813727319 -0.497716784
v 0.364959687 0.006805450 -0.236709625
vt 0.820556641 0.586669922
vn -0.377847463 0.826541126 -0.417206436
v 0.332366914 0.042404175 -0.192565948
vt 0.808105469 0.552978516
vn 0.363514185 0.782345951 -0.505759120
vt 0.807128906 0.551025391
vt 0.799804688 0.556396484
v 0.346160889 0.040466309 -0.188354522
vt 0.815673828 0.551269531
vn 0.290941924 0.864962757 -0.408891529
vt 0.798583984 0.547851562
vt 0.808105469 0.547607422
v 0.361022919 0.012695342 -0.227584869
vt 0.819824219 0.578857422
vn -0.345472872 0.926495254 0.149181455
v 0.369781464 0.019790649 -0.238357574
vt 0.825439453 0.584960938
vn -0.362970769 0.923208058 -0.126250684
v 0.372558564 0.004547149 -0.254089415
vt 0.824707031 0.598632812
vn -0.371000051 0.757787228 -0.536765933
v 0.361968964 0.011444122 -0.223236114
vt 0.821044922 0.576904297
vn 0.165426031 0.842885613 -0.512033343
v 0.383331269 0.011779815 -0.219253570
vt 0.834228516 0.579589844
vn 0.047138963 0.997775495 0.047138948
v 0.376495332 0.010833770 -0.254333556
vt 0.828369141 0.593994141
vn 0.346113443 0.786621630 -0.511304200
v 0.387756318 0.004241973 -0.250213683
vt 0.834228516 0.595214844
vn 0.362801224 0.772924542 -0.520541131
v 0.386505097 0.016677856 -0.227462798
vt 0.833496094 0.584228516
vn 0.472192168 0.873555601 -0.118048154
v 0.392639130 0.007385284 -0.238632232
vt 0.838623047 0.589599609
vn 0.541230559 0.815767884 -0.203942075
v 0.400787324 0.003570586 -0.243179366
vt 0.842285156 0.592773438
vn 0.501686931 0.838757992 -0.211649299
v 0.400115937 0.001037627 -0.245361373
vt 0.842773438 0.595214844
vn 0.708573580 -0.574731827 -0.409398109
v 0.395751923 0.007263213 -0.225036651
vt 0.842041016 0.583251953
vn 0.370792061 0.923035681 -0.102559604
v 0.404846162 0.000671417 -0.230041549
vt 0.848632812 0.588623047
vn 0.125723422 -0.990071774 -0.062861666
v 0.398773164 0.001464874 -0.251739562
vt 0.841552734 0.597167969
vn 0.502940059 0.660108984 -0.557949305
vt 0.844238281 0.601074219
vt 0.875976562 0.588134766
v 0.407043427 0.004211456 -0.220047042
vt 0.847656250 0.580810547
vn 0.338226318 0.920290351 -0.196643323
v 0.411682099 0.000457793 -0.215087935
vt 0.855224609 0.583251953
vn 0.047178369 -0.998607934 -0.023589127
v 0.413818330 0.001556426 -0.228714034
vt 0.850097656 0.584472656
vn 0.787596941 0.504062116 -0.354418755
v 0.428375244 0.000671417 -0.192504928
vt 0.863525391 0.574951172
vn 0.110308103 -0.992772579 -0.047274854
v 0.444274902 0.000518829 -0.173477218
vt 0.875244141 0.566894531
v 0.414398164 0.002227813 -0.214172408
vt 0.852050781 0.578125000
vn 0.268785119 0.901221037 -0.339934289
v 0.406494111 0.006042510 -0.206207320
vt 0.849365234 0.573730469
vn 0.298473239 0.926838160 -0.227782339
v 0.426238984 0.001525909 -0.211608931
vt 0.854492188 0.578857422
vn 0.513196945 -0.402662247 -0.757952511
v 0.425689667 0.000854522 -0.205749556
vt 0.855712891 0.576904297
vn 0.661663473 -0.393847346 -0.638032794
v 0.422424316 0.006927520 -0.198532149
vt 0.855957031 0.572753906
v 0.431640625 0.002807647 -0.200531051
vt 0.857910156 0.575195312
vn 0.787206292 0.598276913 -0.149569348
v 0.447357178 0.002563506 -0.172088668
vt 0.875000000 0.565185547
vn 0.268249184 0.867865324 -0.418153346
v 0.417877197 0.006042510 -0.194427535
vt 0.856689453 0.569824219
v 0.406829834 0.012054473 -0.188232467
vt 0.853027344 0.563720703
vn 0.558276772 0.802031517 -0.212302580
v 0.389831513 0.009582549 -0.217895538
vt 0.839599609 0.579345703
vn 0.600363851 0.537167728 -0.592464507
v 0.398773164 0.012084991 -0.203002974
vt 0.846191406 0.571289062
vn 0.856226265 0.078552887 -0.510593772
v 0.393310517 0.020095825 -0.219100982
vt 0.838134766 0.573730469
vn 0.535101354 0.763306439 -0.361980468
v 0.407775879 0.020904541 -0.194290206
vt 0.847412109 0.563720703
vn 0.884636343 0.363332838 -0.292246103
v 0.386749238 0.022399902 -0.220153838
vt 0.834472656 0.573730469
vn -0.251191139 0.368936807 -0.894867957
v 0.378631562 0.019897461 -0.213653594
vt 0.829101562 0.572021484
vn -0.655722082 0.173805773 -0.734724581
v 0.369903535 0.034149170 -0.202026397
vt 0.828125000 0.561523438
vn -0.267874449 0.748472452 -0.606656611
v 0.375854462 0.015686065 -0.212051421
vt 0.826416016 0.572509766
vn -0.055219322 0.709961116 -0.702072740
v 0.360900849 0.021133423 -0.215469390
vt 0.819335938 0.569091797
vn 0.274537146 0.800080061 -0.533386827
v 0.366638154 0.024917603 -0.200592071
vt 0.823730469 0.562744141
vn 0.110538065 0.773767233 -0.623751223
v 0.352416962 0.035934448 -0.195648223
vt 0.819335938 0.556152344
vn 0.299091995 0.842180371 -0.448638201
v 0.364990205 0.031463623 -0.197113067
vt 0.825195312 0.558105469
vn -0.235950053 0.951664925 -0.196624979
v 0.373992890 0.035263062 -0.191986114
vt 0.831298828 0.556640625
vn 0.227613777 0.973245323 -0.031395081
v 0.369720459 0.029144287 -0.188827544
vt 0.828857422 0.553466797
vn 0.337153763 0.909531295 -0.243064493
v 0.399322510 0.026718140 -0.183273360
vt 0.845214844 0.556152344
vn 0.462777108 0.886335850 -0.015687460
v 0.387786865 0.027328491 -0.174301177
vt 0.841308594 0.549560547
vn 0.007852064 0.965813160 -0.259120613
v 0.393402100 0.025100708 -0.173095733
vt 0.846435547 0.550781250
vn 0.221124500 0.086870357 -0.971368968
v 0.360992432 0.040252686 -0.180374175
vt 0.822753906 0.547363281
vn 0.356045544 0.870333791 -0.340221465
v 0.373291016 0.039657608 -0.161956817
vt 0.830078125 0.540527344
vn -0.055137020 0.866437256 -0.496232271
v 0.354370117 0.041061401 -0.174438506
vt 0.819335938 0.543945312
vn 0.228141382 0.951900601 -0.204540685
v 0.346588135 0.044113159 -0.174942046
vt 0.814941406 0.543457031
vn 0.535184205 0.755554259 -0.377777219
vt 0.804931641 0.541992188
vt 0.810058594 0.540039062
vt 0.808593750 0.532226562
v 0.354003906 0.046524063 -0.158126861
vt 0.820068359 0.535644531
vn 0.386666656 0.844353974 -0.370884538
v 0.344146729 0.055358902 -0.156600982
vt 0.814697266 0.533203125
vn 0.567562819 0.709453642 -0.417789489
vt 0.810302734 0.528320312
vt 0.814697266 0.525146484
v 0.372344971 0.045593277 -0.143905669
vt 0.825195312 0.527099609
vn -0.070899233 0.724746525 -0.685358167
v 0.373962402 0.054855362 -0.163360626
vt 0.833251953 0.530517578
vn -0.676494658 0.676494598 -0.291049957
v 0.376251221 0.058105484 -0.145706207
vt 0.833251953 0.521484375
vn -0.315440297 0.252352118 -0.914776444
v 0.387481689 0.060028091 -0.139846832
vt 0.842285156 0.514892578
vn 0.133457482 0.949903846 -0.282616049
v 0.380615234 0.045028687 -0.175415069
vt 0.836914062 0.539550781
vn -0.424683869 -0.125832275 -0.896554530
v 0.387725830 0.052413940 -0.177795440
vt 0.839843750 0.535888672
vn -0.047238324 0.936891675 -0.346413791
v 0.407470703 0.049697876 -0.178375289
vt 0.847656250 0.537353516
vn -0.039253574 0.141312316 -0.989186585
v 0.405212402 0.052627563 -0.173782393
vt 0.847656250 0.533935547
vn 0.118282616 0.914719522 -0.386390209
v 0.417907715 0.054183975 -0.164566085
vt 0.854248047 0.528320312
vn 0.307649791 0.930837989 -0.197211534
v 0.425567627 0.049789429 -0.179153487
vt 0.854736328 0.535156250
vn 0.346930146 0.118271656 -0.930403888
v 0.427246094 0.041412368 -0.162979171
vt 0.860595703 0.532226562
vn 0.954176784 0.283887327 -0.094629243
v 0.426055908 0.023635864 -0.174591109
vt 0.861816406 0.540527344
vn 0.731807232 -0.582298160 -0.354100347
v 0.430877686 0.049545303 -0.127288863
vt 0.869140625 0.522216797
vn 0.946291029 0.315430373 -0.070971966
v 0.419067383 0.060882583 -0.130386397
vt 0.860595703 0.514160156
vn 0.346628636 0.937472939 -0.031511784
v 0.401275635 0.062393203 -0.121612594
vt 0.854248047 0.502441406
vn 0.149250463 0.958345175 0.243513882
v 0.391326904 0.063110366 -0.123985335
vt 0.847900391 0.504638672
vn 0.797230363 0.536749244 -0.276268095
v 0.394470215 0.063156143 -0.113525435
vt 0.851318359 0.496337891
vn 0.979827344 0.039193127 -0.195965603
v 0.396545410 0.052063003 -0.103149459
vt 0.860351562 0.497802734
vn 0.970763624 0.236771658 -0.039462075
v 0.414672852 0.062179580 -0.113807723
vt 0.864501953 0.508789062
vn 0.173686698 0.742115617 0.647377372
v 0.408203125 0.045242324 -0.109588668
vt 0.871337891 0.505859375
vn 0.378657758 0.765204191 0.520654261
v 0.400787354 0.045455948 -0.086235091
vt 0.869628906 0.497314453
vn 0.895530403 0.416343153 -0.157110736
v 0.419342041 0.036560073 -0.091033980
vt 0.885009766 0.507080078
vn 0.568570673 0.821268797 0.047380783
v 0.425506592 0.034790054 -0.075073287
vt 0.891601562 0.505615234
vn 0.211850971 0.823865294 -0.525704563
v 0.424194336 0.036346450 -0.108047530
vt 0.880371094 0.516113281
vn 0.535167754 0.700440109 0.472206742
v 0.431854248 0.025985733 -0.104232840
vt 0.885986328 0.520019531
v 0.419311523 0.050994888 -0.113365218
vt 0.870361328 0.512451172
vn 0.511177599 0.487584800 0.707784235
v 0.438934326 0.029998794 -0.112556510
vt 0.883544922 0.526367188
vn 0.519234478 0.794586182 -0.314687699
v 0.430694580 0.038757339 -0.109947257
vt 0.876708984 0.519042969
vn 0.805023491 0.386727035 0.449865907
v 0.430236816 0.033401504 -0.126480147
vt 0.876708984 0.531494141
vn 0.994874716 0.078958355 -0.063166775
v 0.435302734 0.027740493 -0.131271407
vt 0.879394531 0.534912109
vn 0.600232840 0.789780140 -0.126364931
v 0.442443848 0.013641387 -0.116210990
vt 0.891601562 0.537109375
vn 0.858480573 0.346542656 -0.378046662
v 0.423828125 0.027542129 -0.147033736
vt 0.870361328 0.541748047
vn 0.754340291 0.487178177 -0.440032005
v 0.444030762 0.024826065 -0.134155318
vt 0.881347656 0.539062500
vn 0.738602161 0.628597677 0.243581444
v 0.444458008 0.022476211 -0.145416304
vt 0.877685547 0.544189453
vn 0.834128618 0.369849503 -0.409195334
v 0.439239502 0.010986358 -0.144729659
vt 0.877197266 0.551757812
vn 0.684339583 0.684339702 -0.251711279
v 0.429351807 0.022140518 -0.152511641
vt 0.870361328 0.547607422
vn 0.534439802 0.424408197 -0.730925322
v 0.416198730 0.026657119 -0.158020064
vt 0.863769531 0.546875000
vn 0.297775984 -0.752276242 -0.587715864
v 0.401641846 0.026794448 -0.159439132
vt 0.857910156 0.548583984
vn 0.330677897 -0.850314736 -0.409410805
v 0.425445557 0.016311660 -0.159713790
vt 0.865722656 0.552490234
vn 0.440931112 0.748008311 -0.496047705
v 0.435180664 0.010803252 -0.159591720
vt 0.871337891 0.554443359
vn 0.434094757 0.883974910 -0.173638046
v 0.442657471 0.007324249 -0.162826583
vt 0.874023438 0.556640625
vn -0.227782264 0.958256423 0.172800332
v 0.411163330 0.014740020 -0.175155684
vt 0.856689453 0.557373047
vn 0.369198412 0.856226325 -0.361343294
v 0.429229736 0.011444122 -0.167266890
vt 0.866943359 0.557617188
vn 0.354539543 0.874531090 -0.330903709
vt 0.635253906 0.029296875
v 0.328399658 0.074295059 0.007183994
vt 0.641113281 0.029541016
vn 0.738967240 0.558156133 0.377344847
vt 0.636474609 0.037353516
vt 0.642089844 0.024414062
vt 0.647216797 0.026855469
v 0.346679688 0.061370865 0.004910909
vt 0.651367188 0.031250000
vn 0.520654440 0.694205880 0.496988207
vt 0.661376953 0.020019531
v 0.366760254 0.044494644 0.006147823
vt 0.660400391 0.026855469
vn -0.110676236 0.845882893 0.521759450
v 0.369232178 0.050659195 -0.000288674
vt 0.662109375 0.031494141
vn 0.047343984 0.986333430 0.157813296
v 0.371795654 0.051254287 0.041843377
vt 0.663330078 0.013183594
vn -0.734060645 0.639343023 0.228900671
v 0.384246826 0.053222671 -0.016418498
vt 0.666748047 0.041503906
vn 0.086802773 0.844353974 0.528707564
v 0.343078613 0.068725601 -0.009195364
vt 0.647705078 0.037841797
vn 0.567721725 0.772732377 0.283860773
v 0.355224609 0.064208999 -0.020048179
vt 0.653320312 0.043701172
vn 0.653381348 0.220417842 0.724229813
v 0.375122070 0.065780655 -0.037979167
vt 0.664550781 0.053955078
vn 0.731332004 0.243777379 0.636966407
vt 0.635498047 0.073974609
vt 0.630126953 0.071289062
v 0.377197266 0.068695083 -0.046970408
vt 0.663818359 0.059570312
vn -0.859093666 0.086697519 0.504422128
v 0.381378174 0.093063369 -0.032161754
vt 0.655273438 0.070556641
vn -0.948416591 -0.023710443 0.316138983
v 0.385711670 0.081359878 -0.019979520
vt 0.662841797 0.073486328
vn -0.424565464 0.047173973 0.904167473
v 0.381713867 0.123886123 -0.029428527
vt 0.642578125 0.077880859
vn -0.888662517 -0.047185645 0.456127822
vt 0.625488281 0.081542969
v 0.386596680 0.114288345 -0.021432919
vt 0.648193359 0.079833984
vn -0.039253313 0.141312405 0.989186585
v 0.387084961 0.122497573 -0.019952819
vt 0.641113281 0.081787109
vn -0.464840710 -0.181209102 0.866652489
v 0.406036377 0.097381607 -0.024555253
vt 0.656494141 0.086669922
vn 0.329525918 0.070612729 0.941502273
v 0.406860352 0.079650894 -0.024881409
vt 0.665771484 0.083740234
vn 0.568925679 0.031607043 0.821781337
v 0.400573730 0.107452407 -0.023178145
vt 0.648193359 0.085693359
vn 0.322674781 -0.062960848 0.944413602
v 0.411346436 0.108901992 -0.033611342
vt 0.651367188 0.094238281
vn 0.996791542 0.015697550 0.078487389
v 0.389709473 0.146217361 -0.020477340
vt 0.633300781 0.085449219
vn 0.181259871 0.362519562 0.914179683
v 0.398345947 0.104827896 -0.024332091
vt 0.650390625 0.087158203
vn 0.654579043 0.260254353 0.709784448
v 0.404510498 0.136261001 -0.024168061
vt 0.638671875 0.089843750
vn 0.669270694 0.125980407 0.732260704
v 0.410064697 0.145698562 -0.038532306
vt 0.633300781 0.095214844
vn 0.762905002 0.637065053 0.110109873
vt 0.629150391 0.104980469
v 0.410949707 0.078338638 -0.035919234
vt 0.667968750 0.090820312
vn 0.996883690 0.007849518 -0.078494914
v 0.405242920 0.110748306 -0.059509322
vt 0.651367188 0.106445312
vn 0.977074802 0.007879669 -0.212750301
v 0.410156250 0.051651016 -0.037471812
vt 0.678955078 0.098144531
vn 0.978595018 -0.015783757 -0.205189407
v 0.406860352 0.076263443 -0.051921889
vt 0.669433594 0.105712891
vn 0.996423304 0.031383451 -0.078458659
v 0.408813477 0.036483780 -0.043430369
vt 0.684570312 0.105224609
vn 0.914719641 0.386390239 0.118282586
v 0.409027100 0.040710464 -0.055744212
vt 0.682617188 0.110595703
vn 0.973695278 0.227719098 -0.007852519
v 0.421508789 0.035522476 -0.058181807
vt 0.688232422 0.114257812
vn -0.055220943 0.993976474 0.094664380
v 0.406005859 0.092315689 -0.061454818
vt 0.660644531 0.109619141
vn 0.979785740 0.031606026 -0.197537586
v 0.406097412 0.045532241 -0.066291854
vt 0.680664062 0.115478516
vn 0.944413602 0.243973553 -0.220363319
vt 0.678710938 0.124267578
vt 0.690673828 0.122558594
v 0.401550293 0.095855728 -0.080474898
vt 0.655273438 0.117187500
vn 0.976983905 0.015757838 -0.212730512
vt 0.673583984 0.135498047
vt 0.665039062 0.134521484
v 0.401672363 0.145080581 -0.076507613
vt 0.633300781 0.113037109
vn 0.947943032 0.157990530 -0.276483506
vt 0.628662109 0.111816406
vt 0.635498047 0.119628906
vt 0.649902344 0.147705078
vt 0.624755859 0.143310547
vt 0.990722656 0.280029297
v 0.332214326 0.021331787 -0.244674712
vt 0.989990234 0.284912109
vn -0.094761834 0.994998753 -0.031587295
vt 0.981933594 0.280029297
vt 0.977050781 0.287597656
vt 1.000000000 0.290283203
vt 0.999511719 0.285644531
v 0.358489960 0.020156860 -0.241012603
vt 0.990478516 0.296630859
vn 0.517555475 0.854750872 0.039208651
vt 0.998779297 0.295654297
v 0.352539033 0.014770538 -0.270050108
vt 0.977294922 0.297363281
vn 0.527477205 0.716424465 -0.456622273
vt 0.975097656 0.293945312
vt 0.968505859 0.301757812
v 0.352874726 0.005126983 -0.268615782
vt 0.979003906 0.302734375
vn 0.803050041 0.409398109 -0.433017373
vt 0.972656250 0.305175781
v 0.358398408 0.007751495 -0.241745025
vt 0.991455078 0.302490234
vn 0.527020156 0.849525154 0.023597814
vt 0.993652344 0.305908203
vt 0.989013672 0.312744141
v 0.360443085 0.004730254 -0.275421202
vt 0.980468750 0.307373047
vn 0.188625813 0.966707587 -0.172907129
v 0.370666474 0.002471954 -0.260589659
vt 0.985107422 0.312988281
v 0.355071992 0.000671417 -0.278411925
vt 0.978271484 0.306884766
vn 0.039212335 -0.807774901 -0.588185549
v 0.368072480 0.003021270 -0.267211974
vt 0.982177734 0.311523438
vn 0.742254317 -0.244786009 -0.623809636
vt 0.980712891 0.313476562
vt 0.965820312 0.300781250
vt 0.987304688 0.320556641
v 0.387695283 0.002655059 -0.254608214
vt 0.988037109 0.319335938
vn 0.197328016 0.781419396 -0.591984451
vt 0.989990234 0.320312500
vt 0.988525391 0.325439453
vt 0.990234375 0.326904297
vt 0.039550781 0.044189453
vt 0.039794922 0.041015625
vt 0.042480469 0.050292969
v 0.351928711 0.064804092 -0.133224517
vt 0.045898438 0.046630859
vn 0.330677807 0.850314617 -0.409410805
v 0.354888916 0.062408462 -0.141586334
vt 0.045166016 0.052490234
vn -0.465883225 0.205304354 -0.860699236
vt 0.036132812 0.059326172
v 0.359832764 0.069808975 -0.117324866
vt 0.052490234 0.040527344
vn -0.924331069 0.339711338 -0.173805729
vt 0.046630859 0.035888672
vt 0.040527344 0.062744141
vt 0.049072266 0.030517578
v 0.377838135 0.073486343 -0.145980865
vt 0.048583984 0.064697266
vn 0.244268611 -0.031518575 -0.969195366
vt 0.039306641 0.069091797
v 0.360626221 0.077362075 -0.110923804
vt 0.053710938 0.035644531
vn 0.777769387 0.196406424 -0.597075701
vt 0.057617188 0.030273438
vt 0.065917969 0.040771484
vt 0.053710938 0.049804688
vt 0.053222656 0.055908203
vt 0.055664062 0.054931641
vt 0.058105469 0.068359375
vt 0.055419922 0.073974609
vt 0.070800781 0.084472656
v 0.390045166 0.072921768 -0.133743316
vt 0.044677734 0.073486328
vn 0.880498707 -0.047169562 -0.471695930
vt 0.036376953 0.082031250
vt 0.038085938 0.077148438
vt 0.736328125 0.945800781
v 0.361480743 0.005310088 0.168899506
vt 0.718505859 0.948242188
vn 0.424565554 0.904167473 -0.047174055
vt 0.722412109 0.942138672
vt 0.706298828 0.936279297
vt 0.719482422 0.933837891
vt 0.706542969 0.940917969
v 0.364044219 0.013122588 0.171554536
vt 0.720458984 0.954101562
vn 0.565807581 0.157168806 -0.809419394
vt 0.730712891 0.957275391
vt 0.717285156 0.959472656
v 0.357543975 0.005004913 0.185668916
vt 0.712158203 0.956054688
vn 0.763471901 0.645409286 0.023612404
v 0.375396758 0.005676299 0.179626435
vt 0.702392578 0.949218750
vn -0.118504040 0.955932021 -0.268608987
v 0.360992461 0.010681182 0.190765351
vt 0.711914062 0.961914062
vn 0.007889129 0.986149251 -0.165673107
vt 0.711181641 0.969482422
vt 0.710449219 0.967041016
vt 0.703857422 0.968750000
v 0.364471465 0.005767852 0.185577363
vt 0.708740234 0.955322266
vn -0.189724892 0.782614768 -0.592890084
v 0.365753204 0.006927520 0.185607880
vt 0.708251953 0.955566406
vn -0.409246027 0.511557341 -0.755530834
vt 0.701171875 0.965087891
v 0.377838165 0.013000518 0.190765351
vt 0.698974609 0.955566406
vn -0.047225170 0.857922077 -0.511604965
v 0.385559112 0.013122588 0.191131562
vt 0.695068359 0.952636719
v 0.380645782 0.007019073 0.182464570
vt 0.699218750 0.945800781
vn 0.117916629 0.990499973 0.070749931
v 0.382995635 0.017639190 0.177291840
vt 0.701171875 0.941650391
vn -0.086867705 0.987132728 0.134250015
v 0.385162383 0.007659942 0.180511445
vt 0.699218750 0.938964844
vn 0.416986883 0.904782891 0.086544365
vt 0.703613281 0.933593750
vt 0.694824219 0.934570312
vt 0.688476562 0.938720703
v 0.390869170 0.001800567 0.199249238
vt 0.687744141 0.947998047
vn 0.702072680 0.709961236 0.055219077
v 0.384765655 0.011169463 0.198440522
vt 0.693115234 0.957031250
vn 0.542332888 0.793849647 0.275096297
vt 0.692382812 0.970214844
vt 0.684082031 0.964355469
vt 0.687500000 0.951416016
vt 0.679443359 0.946044922
v 0.403442413 0.000732452 0.194045976
vt 0.685058594 0.942382812
vn 0.268449932 -0.931679010 0.244763151
vt 0.684082031 0.939453125
vt 0.685791016 0.932617188
v 0.396820098 0.002685577 0.194961518
vt 0.687255859 0.943603516
vn -0.031446382 0.943391621 0.330187023
v 0.404083282 0.004364043 0.193008378
vt 0.686523438 0.941894531
vn 0.305724919 0.909335613 0.282207519
vt 0.456298828 0.896972656
v 0.368652374 0.035339370 0.062713586
vt 0.447753906 0.882324219
vn 0.283878475 0.938376188 0.197137788
vt 0.462646484 0.875976562
vt 0.444824219 0.890625000
v 0.372131377 0.038101211 0.045787774
vt 0.450195312 0.871826172
vn 0.015697997 0.926181257 0.376751691
v 0.382263213 0.033660904 0.058757745
vt 0.438720703 0.877441406
vn -0.259128571 0.942285776 0.212014288
vt 0.437500000 0.895507812
vt 0.463378906 0.866943359
vt 0.454345703 0.864257812
vt 0.470947266 0.862792969
v 0.385284454 0.050354019 0.041751821
vt 0.447021484 0.861083984
vn 0.094138637 0.972766042 0.211811900
vt 0.464111328 0.843505859
v 0.390441924 0.040985122 0.042221028
vt 0.441162109 0.865234375
vn 0.291329652 0.543290257 0.787377119
v 0.392395049 0.032348648 0.048648793
vt 0.435546875 0.869140625
vn 0.331284136 0.765108943 -0.552140534
v 0.394500762 0.039047256 0.048999745
vt 0.431396484 0.870361328
vn -0.134187385 0.939311087 -0.315734833
v 0.386535674 0.038955703 0.087402299
vt 0.427490234 0.892822266
vn -0.102601074 0.994440794 -0.023677191
vt 0.428466797 0.900634766
vt 0.425537109 0.902099609
v 0.415832549 0.036972061 0.050010636
vt 0.416992188 0.868164062
vn 0.086751387 0.993698299 -0.070978507
vt 0.397216797 0.884033203
vt 0.395751953 0.869140625
v 0.429473907 0.036117569 0.048404649
vt 0.408935547 0.864746094
vn 0.212796301 0.401948780 -0.890592456
vt 0.828613281 0.015625000
vt 0.817382812 0.018554688
vt 0.830810547 0.009765625
vt 0.817871094 0.004882812
v 0.393463135 0.050094619 -0.020767255
vt 0.812255859 0.018310547
vn 0.425831050 0.457374036 0.780690014
v 0.402221680 0.050415054 -0.022995038
vt 0.807617188 0.016601562
vt 0.808105469 0.002197266
v 0.398590088 0.045806900 -0.023662610
vt 0.808837891 0.018798828
vn -0.268458366 -0.173708349 -0.947499692
v 0.397003174 0.050491348 -0.009250684
vt 0.802734375 0.021484375
vn -0.007871623 0.999690175 -0.023614770
vt 0.998046875 0.209472656
vt 0.991943359 0.218750000
vt 0.993652344 0.202636719
vt 0.984863281 0.198974609
vt 0.952636719 0.218750000
v 0.404144287 0.050323501 0.022001224
vt 0.961669922 0.199951172
vn -0.007847567 0.988790512 0.149103284
v 0.413818359 0.050598159 0.000975326
vt 0.974609375 0.188476562
vn -0.000000047 0.999721110 -0.023615502
vt 0.990722656 0.194824219
v 0.421203613 0.048980728 -0.005244778
vt 0.977783203 0.184570312
vn 0.923035622 0.339235365 -0.181451589
v 0.424499512 0.051254287 0.007412387
vt 0.974365234 0.179443359
vn 0.849104881 0.526759565 -0.039310545
v 0.422058105 0.051254287 0.039165452
vt 0.971191406 0.160156250
vn 0.401115030 0.841555119 0.361789942
v 0.401580840 0.040527359 0.040187795
vt 0.848388672 0.207031250
vn 0.078552961 0.510593712 0.856226325
vt 0.861572266 0.215576172
vt 0.853271484 0.212890625
vt 0.866210938 0.207519531
v 0.391693145 0.030471817 0.041755635
vt 0.843750000 0.211914062
vn 0.251937330 0.614097178 0.747938693
vt 0.843017578 0.215332031
vt 0.848876953 0.197021484
vt 0.879638672 0.207275391
v 0.422271758 0.036819473 0.038024858
vt 0.838378906 0.196777344
vn 0.487358838 -0.204376176 0.848947406
v 0.416259795 0.028701797 0.048480943
vt 0.827392578 0.207031250
vn 0.268249154 0.418153256 -0.867865384
vt 0.840820312 0.217773438
vt 0.827636719 0.212646484
v 0.427307129 0.030685440 0.023681596
vt 0.839355469 0.186279297
vn 0.985689163 -0.165595725 -0.031542175
vt 0.853759766 0.178466797
v 0.421173096 0.024795547 0.020084336
vt 0.833251953 0.183837891
vn 0.345504850 -0.934433341 0.086376190
v 0.414245635 0.030166641 0.039710954
vt 0.833007812 0.201660156
vn 0.196838245 0.716491044 0.669249773
v 0.415374786 0.026382461 0.039195970
vt 0.829589844 0.198974609
vn 0.827259183 -0.543627322 -0.141815916
vt 0.818847656 0.214843750
v 0.406677246 0.024383560 0.031413991
vt 0.826660156 0.187744141
vn 0.172800362 -0.958256423 -0.227782235
v 0.402923584 0.024581924 0.020650823
vt 0.824707031 0.175048828
vn 0.432254314 -0.895945132 0.102169156
v 0.395507812 0.024475113 0.030061681
vt 0.822753906 0.183105469
vn 0.962811232 0.268324465 0.031567443
v 0.408508301 0.018646255 0.024793582
vt 0.817138672 0.179687500
vn 0.623654008 0.734174967 0.268407941
v 0.404754668 0.016555801 0.032489736
vt 0.820800781 0.189697266
vn 0.860055923 0.394521117 -0.323507428
v 0.415710449 0.011932403 0.024961429
vt 0.813964844 0.181884766
vn 0.447903454 0.872233033 0.196448773
v 0.412200928 0.017898574 0.006788687
vt 0.813476562 0.166259766
vn 0.504798472 0.843959987 0.181411862
v 0.413940459 0.008880645 0.047458604
vt 0.814208984 0.201660156
vn 0.707871795 0.700006664 -0.094383031
v 0.419250518 0.009521514 0.048702195
vt 0.812255859 0.207031250
vn -0.007879482 -0.512160480 -0.858853698
v 0.435607940 0.025115982 0.048671678
vt 0.811035156 0.218750000
vn 0.307918072 0.284232140 -0.907963932
vt 0.809814453 0.231689453
v 0.444000274 0.022323623 0.048980664
vt 0.806152344 0.222167969
vn 0.408323675 0.133490443 -0.903023899
vt 0.799316406 0.221679688
v 0.441162139 0.005584747 0.049533796
vt 0.800292969 0.218994141
vn 0.102578618 -0.741722763 -0.662815988
v 0.435668975 0.004791290 0.067298844
vt 0.792724609 0.216552734
vn 0.189641893 -0.979816318 -0.063213937
vt 0.773681641 0.228027344
v 0.428100616 0.004058868 0.087661698
vt 0.783935547 0.216064453
vn 0.290189445 -0.956840694 -0.015685908
v 0.426208526 0.003906280 0.075004533
vt 0.791748047 0.210449219
vn 0.812410057 -0.536348283 -0.228736877
v 0.417388946 0.005981475 0.063941918
vt 0.802246094 0.206787109
vn 0.306991488 -0.889488101 -0.338477761
v 0.423004180 0.003265411 0.058025315
vt 0.803222656 0.202636719
vn 0.407532990 0.909112155 0.086208828
vt 0.982177734 0.967773438
v 0.393249512 0.043548599 -0.023201032
vt 0.986083984 0.972900391
vn 0.637301505 0.692377031 -0.338320702
vt 0.982421875 0.972412109
vt 0.987548828 0.969726562
v 0.401641846 0.037719741 -0.032291453
vt 0.988037109 0.978759766
vn 0.739241481 0.456127763 0.495448947
vt 0.982910156 0.976318359
v 0.415252686 0.025451675 -0.025356336
vt 0.997558594 0.976806641
vn 0.763542831 0.464422971 -0.448679954
v 0.417846680 0.040786758 -0.025976226
vt 0.996582031 0.968750000
vn 0.559714735 0.165549472 -0.811980784
v 0.406097412 0.046508804 -0.024555251
vt 0.990234375 0.967285156
vn 0.621854603 -0.606111348 0.495909244
v 0.418334961 0.026229873 -0.024948163
vt 0.998535156 0.976074219
vn 0.971247673 -0.023688937 -0.236889824
vt 0.989013672 0.965576172
v 0.419281006 0.050399795 -0.017963456
vt 0.999023438 0.963134766
vn 0.426574290 0.813651085 -0.394976348
vt 0.997802734 0.957763672
vt 0.990966797 0.985107422
v 0.415710449 0.030197158 -0.042083785
vt 0.995605469 0.984863281
vn -0.180962190 0.920546770 0.346188545
vt 0.998046875 0.991210938
v 0.409088135 0.037551895 -0.037212413
vt 0.988037109 0.983398438
vn 0.787597060 -0.504061997 0.354418606
vt 0.983398438 0.988037109
vt 0.981445312 0.979736328
v 0.411621094 0.054489151 -0.026245162
vt 0.979492188 0.983886719
vn 0.912058055 -0.031450216 0.408853441
vt 0.971679688 0.992187500
vt 0.978759766 0.979248047
vt 0.967773438 0.988525391
vt 0.939697266 0.980957031
vt 0.945800781 0.986328125
vt 0.944580078 0.988281250
v 0.407165527 0.022491470 0.009873347
vt 0.943847656 0.981689453
vn 0.660353720 0.746828616 0.078613415
v 0.407165527 0.024292007 -0.011115117
vt 0.946777344 0.972167969
vn 0.973245382 -0.031394958 0.227613688
v 0.413146973 0.024993911 -0.001430197
vt 0.951171875 0.975585938
vn 0.329983205 -0.942809105 -0.047140457
vt 0.956787109 0.985351562
vt 0.961914062 0.985107422
vt 0.948486328 0.963867188
v 0.422241211 0.032135025 -0.003777311
vt 0.956787109 0.971679688
vn 0.945938110 -0.291664243 -0.141890809
v 0.419311523 0.025924698 -0.016552016
vt 0.951416016 0.967529297
vn 0.552966774 -0.829450130 0.078995205
vt 0.948974609 0.963378906
vt 0.963867188 0.967529297
vt 0.968261719 0.972656250
vt 0.954833984 0.959472656
vt 0.961914062 0.961669922
v 0.413513184 0.021896377 -0.015983624
vt 0.944580078 0.968994141
v 0.418548584 0.022415176 -0.027196927
vt 0.946289062 0.962646484
vn 0.102308325 0.857815742 0.503671587
vt 0.949707031 0.956054688
v 0.429290771 0.043518081 -0.043857619
vt 0.946289062 0.947265625
vn -0.646893740 0.694227457 0.315557986
v 0.423980713 0.023574844 -0.022474334
vt 0.943847656 0.959472656
vn -0.481555521 -0.260513693 0.836801648
v 0.432281494 0.015228301 -0.033901259
vt 0.936279297 0.959228516
vn 0.494837373 0.659783065 0.565528274
v 0.431732178 0.009307891 -0.012451218
vt 0.933837891 0.966308594
v 0.426757812 0.016967788 -0.010068938
vt 0.937255859 0.969726562
vn 0.526955009 0.833689988 0.165164888
v 0.427795410 0.009002715 0.002717212
vt 0.932128906 0.975097656
vn 0.440059036 0.887976289 0.133589253
v 0.420806885 0.014068633 0.012644724
vt 0.934570312 0.980957031
vn 0.345867485 0.927553773 0.141491160
vt 0.933837891 0.985351562
v 0.439025879 0.009490997 -0.000269698
vt 0.928222656 0.971191406
vn 0.251711100 0.967514753 -0.023597997
v 0.442016602 0.005584747 -0.008848237
vt 0.927734375 0.966064453
vn 0.291510314 0.953317583 0.078786492
v 0.446655273 0.005279571 -0.002016353
vt 0.924560547 0.968994141
vn 0.322106510 0.942750931 0.086418748
v 0.432067871 0.009765655 0.005348160
vt 0.929931641 0.975830078
vn 0.329698324 0.941995382 0.062799603
v 0.440368652 0.006225616 0.007680846
vt 0.925537109 0.974853516
vn 0.298500925 0.950489879 0.086408086
v 0.429962158 0.011047393 0.013127281
vt 0.930419922 0.979248047
vn 0.479350060 0.840827167 0.251462221
v 0.431335449 0.006073028 0.019218400
vt 0.927246094 0.981445312
vn 0.345856845 0.903944016 0.251532167
v 0.438354492 0.005981475 0.020378066
vt 0.923339844 0.980957031
vn 0.142351419 0.956918061 0.253069192
v 0.452423096 0.003936797 0.017227124
vt 0.918457031 0.975585938
vn 0.330258459 0.943595767 -0.023589976
v 0.452545166 0.000610381 0.004530382
vt 0.920898438 0.970458984
vn 0.283008754 -0.959085166 0.007861358
v 0.459136963 0.001556426 -0.000701118
vt 0.918212891 0.967773438
vn 0.463461995 0.864081740 0.196382105
v 0.452056885 0.000610381 0.016366910
vt 0.917236328 0.974121094
vn 0.157813370 -0.986333430 -0.047343984
v 0.463531494 0.000701934 0.019836375
vt 0.911865234 0.976074219
vn 0.987132728 -0.086867645 -0.134250179
vt 0.984375000 0.529541016
vt 0.977783203 0.536376953
v 0.432769805 0.004303008 0.027761415
vt 0.975585938 0.517089844
vn 0.354495585 0.921688557 0.157553509
vt 0.986816406 0.514892578
vt 0.979492188 0.511230469
vt 0.989013672 0.507080078
vt 0.974609375 0.512451172
v 0.439392120 0.000762969 0.028341247
vt 0.967285156 0.515136719
vn 0.039295889 -0.998114347 0.047155049
v 0.430297881 0.002532989 0.049091294
vt 0.973876953 0.530273438
vn 0.464322269 0.857815742 0.220356226
v 0.437683135 0.001342803 0.038219407
vt 0.971435547 0.522216797
vn 0.681980729 0.689819694 0.243004531
v 0.425598174 0.000701934 0.062061265
vt 0.975830078 0.539794922
vn 0.180939823 -0.983368337 0.015733913
v 0.430023223 0.000457793 0.046615556
vt 0.971435547 0.529052734
vn 0.062850103 -0.997744679 0.023568807
vt 0.979492188 0.547119141
vt 0.960449219 0.539062500
vt 0.944824219 0.500488281
v 0.428100616 0.000762969 0.089729264
vt 0.980712891 0.556396484
vn 0.212335348 -0.975169599 -0.062914148
vt 0.981933594 0.555175781
vt 0.982421875 0.562744141
vt 0.985839844 0.568847656
v 0.453216553 0.001464874 0.024682950
vt 0.974121094 0.507080078
vn 0.322784722 0.488113403 0.810897946
vt 0.978271484 0.505615234
vt 0.971679688 0.505615234
vt 0.975830078 0.502441406
vt 0.011230469 0.541503906
vt 0.012451172 0.532714844
vt 0.015380859 0.576171875
vt 0.007080078 0.532958984
vt 0.006835938 0.530029297
vt 0.011718750 0.529052734
vt 0.016357422 0.527099609
vt 0.167236328 0.933349609
vt 0.166503906 0.944091797
vt 0.156250000 0.940917969
v 0.435302734 0.051467910 -0.060100600
vt 0.162597656 0.922119141
vn -0.307305902 0.843121111 -0.441259652
v 0.427459717 0.046539322 -0.064079337
vt 0.165039062 0.923095703
vt 0.168701172 0.916748047
v 0.442321777 0.055358902 -0.044685416
vt 0.153808594 0.930908203
vn 0.221159145 0.860940874 0.458115250
v 0.437042236 0.033294693 -0.020063449
vt 0.133544922 0.935546875
vn -0.376508176 0.666733325 0.643201590
vt 0.124755859 0.942626953
v 0.455535889 0.054016128 -0.058635764
vt 0.155029297 0.920410156
vn 0.157710195 0.938376069 -0.307535082
v 0.462188721 0.046173111 -0.062141467
vt 0.152587891 0.914794922
vn 0.448638052 0.842180371 -0.299092174
v 0.452545166 0.029342666 -0.015408565
vt 0.131835938 0.926757812
vn 0.354759991 0.386294186 0.851423740
v 0.462463379 0.029800430 -0.032627154
vt 0.134521484 0.917480469
vn 0.773574471 0.402574509 0.489404112
v 0.448974609 0.015441924 -0.022066165
vt 0.125244141 0.921630859
vn 0.173686743 -0.742115557 0.647377431
v 0.437896729 0.028442398 -0.078758292
vt 0.155517578 0.902343750
vn 0.149899200 0.189346492 -0.970400989
v 0.436462402 0.017608657 -0.074592642
vt 0.154541016 0.893554688
vn 0.463633507 -0.102156579 -0.880118191
v 0.474853516 0.038162246 -0.067657523
vt 0.143310547 0.908203125
vn 0.764134943 0.307229519 -0.567193031
v 0.469512939 0.017120376 -0.067985587
vt 0.137695312 0.901367188
vn 0.653017163 -0.558605075 -0.511399090
v 0.451812744 0.011566192 -0.062278796
vt 0.136230469 0.898681641
vn 0.708925128 -0.244185343 -0.661663592
v 0.467559814 0.028839126 -0.038509417
vt 0.134765625 0.913085938
vn 0.937472999 0.031511754 0.346628577
v 0.456970215 0.009979278 -0.049335528
vt 0.125488281 0.906494141
vn 0.996210933 0.000000040 -0.086970925
v 0.463134766 0.014282256 -0.047699023
vt 0.131347656 0.906250000
vn 0.875482619 -0.433797628 0.212955117
v 0.459075928 0.011077911 -0.040031482
vt 0.125732422 0.909179688
vn 0.630782306 -0.685975671 0.362699747
v 0.463378906 0.015136749 -0.046833087
vt 0.131347656 0.906982422
vn 0.858214676 -0.433044046 0.275573403
v 0.448822021 0.009338409 -0.038368274
vt 0.119628906 0.907470703
vn 0.305602938 0.736581266 0.603369653
vt 0.121093750 0.926513672
vt 0.109863281 0.932373047
vt 0.104003906 0.923339844
v 0.458709717 0.002197295 -0.016670275
vt 0.107177734 0.911621094
vn 0.559193850 0.803348899 0.204775110
vt 0.101806641 0.916992188
vt 0.097412109 0.911132812
v 0.453338623 0.013855010 -0.030418444
vt 0.125732422 0.916015625
vn 0.848188043 -0.141364589 0.510483384
v 0.453887939 0.014709502 -0.030418444
vt 0.125976562 0.916748047
vn 0.765370965 -0.418192297 0.489206076
vt 0.125976562 0.916259766
vn 0.717247427 -0.425619215 0.551728547
v 0.453735352 0.014709502 -0.030258227
vt 0.125976562 0.916503906
vn 0.881480038 -0.377777100 0.283332735
v 0.453887939 0.015563995 -0.029773761
vt 0.126464844 0.916748047
vn 0.772924602 -0.362801254 0.520540893
v 0.456878662 0.001525909 -0.143020675
vt 0.089843750 0.804443359
vn 0.094664469 -0.993976474 0.055220947
vt 0.073730469 0.811279297
vt 0.082031250 0.775634766
vt 0.094482422 0.787353516
v 0.464843750 0.000396758 -0.118080184
vt 0.086181641 0.814697266
vn 0.102514893 -0.993605554 -0.047314521
v 0.477050781 0.001403838 -0.097785994
vt 0.082275391 0.823242188
vn 0.338982284 -0.938113689 -0.070949778
v 0.471191406 0.000579864 -0.085968062
vt 0.078369141 0.829345703
v 0.467468262 0.002410918 -0.110473678
vt 0.086914062 0.818115234
vn 0.447903395 0.872233033 -0.196448997
v 0.455810547 0.006835967 -0.111488387
vt 0.093505859 0.819335938
vn 0.496047586 0.748008370 -0.440931350
vt 0.104736328 0.806884766
v 0.463653564 0.005279571 -0.102836654
vt 0.088134766 0.824218750
vn 0.694963098 0.718655050 0.023691799
vt 0.102539062 0.820556641
v 0.472290039 0.003295928 -0.086654708
vt 0.079833984 0.829833984
vn 0.363106340 0.931446731 -0.023680938
v 0.479187012 0.000793487 -0.074264571
vt 0.074218750 0.834228516
vn 0.433487535 0.181276619 -0.882738531
v 0.452331543 0.009704620 -0.074905440
vt 0.085449219 0.839599609
vn 0.401674420 0.913612485 0.063007668
v 0.456848145 0.013763458 -0.075576834
vt 0.088623047 0.839599609
vn 0.733352840 0.417932332 0.536214828
v 0.452148438 0.028060928 -0.113731436
vt 0.102783203 0.828369141
vn 0.700244844 0.605829895 -0.377660275
v 0.466674805 0.009094268 -0.109520003
vt 0.091552734 0.823974609
vn 0.875700533 0.481240869 -0.039446104
v 0.450042725 0.023498550 -0.084793143
vt 0.095947266 0.840087891
v 0.436157227 0.018539444 -0.080627494
vt 0.098388672 0.847900391
vn 0.133211583 0.540681958 0.830612838
vt 0.110351562 0.828125000
v 0.445404053 0.028671280 -0.081512503
vt 0.100097656 0.842529297
vn 0.102109388 0.361309826 0.926838160
v 0.443115234 0.034973159 -0.105293326
vt 0.107177734 0.832275391
vn -0.181029484 0.968113899 -0.173158601
vt 0.113525391 0.833740234
v 0.441253662 0.034973159 -0.087669425
vt 0.104003906 0.839599609
vn 0.110332012 0.977226615 0.181259707
v 0.431518555 0.025436416 -0.083564810
vt 0.104980469 0.846435547
vn 0.361443639 0.911466479 0.196436659
vt 0.113769531 0.844482422
vt 0.108886719 0.852050781
vt 0.534179688 0.974853516
vt 0.531005859 0.969970703
vt 0.535156250 0.965576172
vt 0.530517578 0.973876953
vt 0.531250000 0.982666016
vt 0.528076172 0.983642578
vt 0.536621094 0.984375000
vt 0.067138672 0.976806641
vt 0.062744141 0.978271484
vt 0.067138672 0.972167969
vt 0.064208984 0.970458984
vt 0.066406250 0.967529297
vt 0.067871094 0.971191406
vt 0.062744141 0.963378906
vt 0.857177734 0.987792969
vt 0.848632812 0.993896484
vt 0.858642578 0.979980469
vt 0.854736328 0.992675781
vt 0.860595703 0.988769531
vt 0.866943359 0.985595703
vt 0.892578125 0.956787109
vt 0.847167969 0.957275391
v 0.487854004 0.000732452 -0.037025504
vt 0.884765625 0.980468750
vn 0.110212363 -0.991910815 0.062978491
vt 0.892822266 0.963378906
v 0.471588135 0.000915557 -0.026359608
vt 0.874511719 0.981689453
vn 0.409639448 0.259963512 0.874422491
v 0.487396240 0.004333526 -0.035030417
vt 0.883056641 0.981933594
vn -0.031539086 0.867325604 0.496740997
v 0.464141846 0.001312286 -0.022291234
vt 0.869384766 0.981933594
vn 0.243634313 -0.770198464 0.589437604
v 0.468353271 0.006011993 -0.033420611
vt 0.875244141 0.984619141
vn 0.149434984 0.967395008 0.204489931
v 0.460571289 0.003387481 -0.026460696
vt 0.871582031 0.986328125
vn 0.173443571 0.938171983 0.299584270
vt 0.873535156 0.991943359
v 0.470184326 0.001953155 -0.020401051
vt 0.871826172 0.983154297
vn 0.204237491 0.934779286 0.290645599
vt 0.058593750 0.240966797
vt 0.017089844 0.227294922
vt 0.062011719 0.224121094
vt 0.023681641 0.866943359
vn -0.867649376 0.331284225 -0.370722771
v 0.452453643 0.013610870 0.032413434
vt 0.018310547 0.844970703
vn -0.071084723 0.931998551 -0.355423242
v 0.440155059 0.000824004 0.049900010
vt 0.026367188 0.870117188
vn -0.613128722 -0.786062539 0.078606375
vt 0.020507812 0.864990234
vn -0.394349188 0.709828675 0.583636940
v 0.466125518 0.000610381 0.063629106
vt 0.000488281 0.869873047
vn 0.078936256 -0.931446731 0.355212808
v 0.462677032 0.008575469 0.060600232
vt 0.009033203 0.864746094
vn 0.220828727 0.930635333 0.291809320
v 0.478820831 0.005493194 0.041137643
vt 0.005371094 0.852050781
vn 0.779213548 0.621796787 -0.078708582
v 0.466064483 0.000488311 0.030319164
vt 0.000000000 0.844482422
vn 0.354980558 -0.796734154 -0.489084363
vt 0.373779297 0.981933594
vt 0.389160156 0.976806641
v 0.452453643 0.000518829 0.030219983
vt 0.386718750 0.984375000
vn -0.228829354 -0.931098759 -0.284063965
vt 0.392578125 0.989990234
vt 0.375000000 1.000000000
vt 0.016601562 0.290771484
v 0.454895020 0.016799942 -0.148666427
vt 0.021484375 0.282470703
v 0.444061279 0.015472442 -0.164810225
vt 0.020996094 0.290771484
vn -0.732624292 0.653847396 -0.189064279
v 0.454528809 0.014434844 -0.183883712
vt 0.031494141 0.295410156
vn 0.055294845 0.861021399 -0.505553901
vt 0.016357422 0.279541016
v 0.465850830 0.009063751 -0.142532393
vt 0.018554688 0.273437500
vn 0.510846019 0.330085099 0.793775916
v 0.465942383 0.000518829 -0.142272994
vt 0.013183594 0.274169922
vn 0.283807963 -0.890841424 0.354759872
vt 0.011230469 0.284912109
v 0.445251465 0.011261016 -0.167785689
vt 0.020263672 0.292724609
vn -0.851132870 0.070927672 -0.520136595
vt 0.017822266 0.296630859
v 0.454376221 0.000671417 -0.183013961
vt 0.024414062 0.299560547
vn -0.385814905 -0.409436166 -0.826745987
v 0.478332520 0.000640899 -0.173660323
vt 0.028564453 0.311279297
vn 0.212249994 -0.919749916 -0.330166638
vt 0.017333984 0.298583984
vt 0.010742188 0.314453125
vt 0.013427734 0.318603516
vt 0.017822266 0.362304688
vt 0.020507812 0.367675781
v 0.463165283 0.006835967 -0.054142047
vt 0.014404297 0.368896484
vn -0.070686720 0.997467637 0.007854042
vt 0.016113281 0.358642578
vt 0.006835938 0.355957031
vt 0.021728516 0.377929688
vt 0.029541016 0.369140625
vt 0.014892578 0.386230469
v 0.489929199 0.012695342 -0.039207511
vt 0.010009766 0.386474609
vn 0.173486710 0.898976445 0.402173579
vt 0.014892578 0.388427734
v 0.500000000 0.000793487 -0.061916407
vt 0.009521484 0.402099609
vn 0.798425257 -0.600795209 -0.039526083
v 0.472900391 0.014831573 -0.154403731
vt 0.984130859 0.341552734
vn 0.315705299 0.931330681 0.181530476
vt 0.968017578 0.331542969
vt 0.991210938 0.334960938
vt 0.993408203 0.343994141
v 0.480651855 0.013885528 -0.171646163
vt 0.976074219 0.344482422
vt 0.972167969 0.349609375
v 0.479858398 0.012573272 -0.163726851
vt 0.979492188 0.344238281
vn 0.901662767 0.164651498 0.399867684
v 0.478790283 0.000976592 -0.162033126
vt 0.981201172 0.347656250
vn 0.893657446 -0.203816533 0.399793983
vt 0.994873047 0.348632812
v 0.481445312 0.013458282 -0.070556693
vt 0.981933594 0.120117188
vn -0.298473358 0.926838160 -0.227782249
vt 0.986572266 0.110351562
vt 1.000000000 0.128173828
vt 0.974365234 0.118896484
v 0.497894287 0.015838653 -0.062583983
vt 0.984619141 0.126953125
vn 0.638488352 0.646371007 -0.417776525
vt 0.980957031 0.132324219
vt 0.969726562 0.136474609
f 1/1/1 2/2/2 3/3/3
f 1/1/1 3/3/3 4/4/4
f 3/3/3 2/2/2 5/5/5
f 2/2/2 1/1/1 6/6/6
f 2/2/2 6/6/6 5/5/5
f 6/6/6 1/1/1 7/7/7
f 5/5/5 6/6/6 8/8/8
f 6/6/6 7/7/7 9/9/9
f 6/6/6 9/9/9 8/8/8
f 9/9/9 7/7/7 10/10/10
f 8/8/8 9/9/9 11/11/11
f 11/11/11 9/9/9 10/10/10
f 4/12/4 3/13/3 5/14/5
f 4/12/4 5/14/5 12/15/12
f 12/15/12 5/14/5 13/16/13
f 12/15/12 13/16/13 14/17/14
f 15/18/14 14/17/14 16/19/14
f 16/19/14 14/17/14 17/20/14
f 16/19/14 17/20/14 18/21/14
f 18/21/14 17/20/14 19/22/15
f 13/16/13 5/14/5 20/23/16
f 20/23/16 5/14/5 8/24/8
f 14/17/14 13/16/13 21/25/17
f 14/17/14 21/25/17 17/20/14
f 13/16/13 20/23/16 22/26/18
f 13/16/13 22/26/18 23/27/19
f 23/27/19 22/26/18 20/23/16
f 13/16/13 23/27/19 21/25/17
f 20/23/16 8/24/8 24/28/20
f 24/28/20 8/24/8 11/29/11
f 24/28/20 11/29/11 25/30/21
f 25/30/21 11/29/11 26/31/22
f 20/23/16 24/28/20 27/32/23
f 27/32/23 24/28/20 28/33/24
f 23/27/19 20/23/16 29/34/25
f 29/34/25 20/23/16 27/32/23
f 23/27/19 29/34/25 21/25/17
f 27/32/23 28/33/24 30/35/26
f 27/32/23 30/35/26 29/34/25
f 21/25/17 29/34/25 31/36/27
f 31/36/27 29/34/25 30/35/26
f 30/35/26 28/33/24 32/37/28
f 32/37/28 28/33/24 33/38/29
f 32/37/28 33/38/29 34/39/30
f 30/35/26 32/37/28 35/40/31
f 30/35/26 35/40/31 31/36/27
f 35/40/31 32/37/28 36/41/32
f 35/40/31 36/41/32 31/36/27
f 36/41/32 32/37/28 34/39/30
f 37/42/33 21/25/17 31/36/27
f 36/41/32 34/39/30 38/43/34
f 38/43/34 34/39/30 39/44/35
f 31/36/27 36/41/32 40/45/36
f 31/36/27 40/45/36 37/42/33
f 36/41/32 38/43/34 41/46/37
f 36/41/32 41/46/37 40/45/36
f 21/25/17 37/42/33 42/47/38
f 42/47/38 37/42/33 40/45/36
f 21/25/17 42/47/38 17/20/14
f 41/46/37 38/43/34 43/48/39
f 41/46/37 43/48/39 40/45/36
f 43/48/39 38/43/34 44/49/40
f 44/49/40 38/43/34 39/44/35
f 43/48/39 44/49/40 45/50/41
f 43/48/39 45/50/41 40/45/36
f 44/49/40 39/44/35 46/51/42
f 46/51/42 39/44/35 47/52/43
f 45/50/41 44/49/40 48/53/44
f 48/53/44 44/49/40 46/51/42
f 40/45/36 45/50/41 49/54/45
f 49/54/45 45/50/41 48/53/44
f 46/51/42 47/52/43 50/55/46
f 50/55/46 47/52/43 51/56/47
f 50/55/46 51/56/47 52/57/48
f 50/55/46 52/57/48 53/58/49
f 46/51/42 50/55/46 54/59/50
f 54/59/50 50/55/46 55/60/51
f 55/60/51 50/55/46 53/58/49
f 46/51/42 54/59/50 56/61/52
f 46/51/42 56/61/52 48/53/44
f 57/62/53 58/63/54 53/58/49
f 53/58/49 58/63/54 59/64/55
f 53/58/49 59/64/55 60/65/56
f 53/58/49 60/65/56 55/60/51
f 61/66/57 54/59/50 55/60/51
f 54/59/50 61/66/57 56/61/52
f 55/60/51 60/65/56 62/67/58
f 55/60/51 62/67/58 63/68/59
f 55/60/51 63/68/59 61/66/57
f 63/68/59 62/67/58 64/69/60
f 63/68/59 64/69/60 61/66/57
f 64/69/60 62/67/58 63/70/61
f 64/69/60 63/70/61 61/66/57
f 63/70/61 62/67/58 60/65/56
f 63/70/61 60/65/56 61/66/57
f 61/66/57 60/65/56 65/71/62
f 61/66/57 65/71/62 56/61/52
f 56/61/52 65/71/62 66/72/63
f 66/72/63 65/71/62 67/73/64
f 56/61/52 66/72/63 68/74/65
f 56/61/52 68/74/65 48/53/44
f 48/53/44 68/74/65 69/75/66
f 69/75/66 68/74/65 66/72/63
f 66/72/63 67/73/64 70/76/67
f 48/53/44 69/75/66 71/77/68
f 69/75/66 66/72/63 72/78/69
f 66/72/63 70/76/67 73/79/70
f 66/72/63 73/79/70 72/78/69
f 70/76/67 67/73/64 74/80/71
f 70/76/67 74/80/71 73/79/70
f 73/79/70 74/80/71 72/78/69
f 72/78/69 74/80/71 69/75/66
f 69/75/66 74/80/71 71/77/68
f 74/80/71 67/73/64 75/81/72
f 74/80/71 75/81/72 76/82/73
f 48/53/44 71/77/68 49/54/45
f 74/80/71 76/82/73 77/83/74
f 74/80/71 77/83/74 71/77/68
f 77/83/74 76/82/73 78/84/75
f 78/84/75 76/82/73 19/22/15
f 71/77/68 77/83/74 79/85/76
f 71/77/68 79/85/76 49/54/45
f 78/84/75 19/22/15 80/86/77
f 80/86/77 19/22/15 17/20/14
f 77/83/74 78/84/75 81/87/78
f 81/87/78 78/84/75 80/86/77
f 77/83/74 81/87/78 79/85/76
f 81/87/78 80/86/77 17/20/14
f 49/54/45 79/85/76 82/88/79
f 82/88/79 79/85/76 81/87/78
f 81/87/78 17/20/14 83/89/80
f 81/87/78 83/89/80 82/88/79
f 83/89/80 17/20/14 42/47/38
f 49/54/45 82/88/79 84/90/81
f 84/90/81 82/88/79 83/89/80
f 84/90/81 83/89/80 42/47/38
f 49/54/45 84/90/81 40/45/36
f 84/90/81 42/47/38 85/91/82
f 84/90/81 85/91/82 40/45/36
f 40/45/36 85/91/82 42/47/38
f 4/92/4 7/93/7 1/94/1
f 7/93/7 4/92/4 10/95/10
f 10/95/10 4/92/4 12/96/12
f 10/95/10 12/96/12 86/97/83
f 10/95/10 86/97/83 11/98/11
f 11/98/11 86/97/83 26/99/22
f 26/99/22 86/97/83 87/100/84
f 26/99/22 87/100/84 88/101/85
f 88/101/85 87/100/84 89/102/86
f 87/100/84 86/97/83 90/103/87
f 90/103/87 86/97/83 12/96/12
f 89/102/86 87/100/84 91/104/88
f 89/102/86 91/104/88 92/105/89
f 92/105/89 91/104/88 93/106/90
f 91/104/88 87/100/84 94/107/91
f 94/107/91 87/100/84 90/103/87
f 93/106/90 91/104/88 95/108/92
f 95/108/92 91/104/88 94/107/91
f 93/106/90 95/108/92 96/109/93
f 93/106/90 96/109/93 97/110/94
f 95/108/92 94/107/91 98/111/95
f 95/108/92 98/111/95 96/109/93
f 97/110/94 96/109/93 99/112/96
f 97/110/94 99/112/96 100/113/97
f 100/113/97 99/112/96 101/114/98
f 99/112/96 96/109/93 102/115/99
f 99/112/96 102/115/99 101/114/98
f 96/109/93 98/111/95 103/116/100
f 96/109/93 103/116/100 102/115/99
f 101/114/98 102/115/99 104/117/101
f 101/114/98 104/117/101 105/118/102
f 104/117/101 102/115/99 106/119/103
f 104/117/101 106/119/103 107/120/104
f 107/120/104 106/119/103 108/121/105
f 106/119/103 102/115/99 109/122/106
f 109/122/106 102/115/99 103/116/100
f 108/121/105 106/119/103 110/123/107
f 110/123/107 106/119/103 109/122/106
f 108/121/105 110/123/107 111/124/108
f 108/121/105 111/124/108 112/125/109
f 110/123/107 109/122/106 113/126/110
f 110/123/107 113/126/110 111/124/108
f 109/122/106 103/116/100 114/127/111
f 111/124/108 113/126/110 115/128/112
f 111/124/108 115/128/112 116/129/113
f 113/126/110 109/122/106 117/130/114
f 117/130/114 109/122/106 114/127/111
f 113/126/110 117/130/114 115/128/112
f 116/129/113 115/128/112 118/131/115
f 117/130/114 114/127/111 119/132/116
f 120/133/117 114/127/111 103/116/100
f 114/127/111 120/133/117 119/132/116
f 115/128/112 117/130/114 121/134/118
f 121/134/118 117/130/114 119/132/116
f 115/128/112 121/134/118 122/135/119
f 122/135/119 121/134/118 123/136/120
f 115/128/112 122/135/119 124/137/121
f 124/137/121 122/135/119 123/136/120
f 115/128/112 124/137/121 118/131/115
f 123/136/120 121/134/118 125/138/122
f 123/136/120 125/138/122 124/137/121
f 125/138/122 121/134/118 119/132/116
f 118/131/115 124/137/121 126/139/123
f 126/139/123 124/137/121 125/138/122
f 118/131/115 126/139/123 127/140/124
f 126/139/123 125/138/122 128/141/125
f 126/139/123 128/141/125 127/140/124
f 125/138/122 119/132/116 129/142/126
f 127/140/124 128/141/125 130/143/127
f 127/140/124 130/143/127 131/144/128
f 128/141/125 125/138/122 132/145/129
f 132/145/129 125/138/122 129/142/126
f 128/141/125 132/145/129 133/146/130
f 128/141/125 133/146/130 130/143/127
f 132/145/129 129/142/126 134/147/131
f 132/145/129 134/147/131 133/146/130
f 135/148/132 129/142/126 119/132/116
f 135/148/132 119/132/116 120/133/117
f 134/147/131 129/142/126 136/149/133
f 129/142/126 135/148/132 137/150/134
f 129/142/126 137/150/134 136/149/133
f 137/150/134 135/148/132 138/151/135
f 135/148/132 120/133/117 139/152/136
f 135/148/132 139/152/136 138/151/135
f 139/152/136 120/133/117 140/153/137
f 140/153/137 120/133/117 141/154/138
f 140/153/137 141/154/138 139/152/136
f 141/154/138 120/133/117 103/116/100
f 141/154/138 103/116/100 98/111/95
f 139/152/136 141/154/138 142/155/139
f 142/155/139 141/154/138 98/111/95
f 139/152/136 142/155/139 138/151/135
f 142/155/139 98/111/95 94/107/91
f 138/151/135 142/155/139 143/156/140
f 143/156/140 142/155/139 94/107/91
f 138/151/135 143/156/140 144/157/141
f 138/151/135 144/157/141 145/158/142
f 145/158/142 144/157/141 143/156/140
f 138/151/135 145/158/142 137/150/134
f 137/150/134 145/158/142 146/159/143
f 137/150/134 146/159/143 136/149/133
f 146/159/143 145/158/142 147/160/144
f 146/159/143 147/160/144 136/149/133
f 145/158/142 143/156/140 148/161/145
f 145/158/142 148/161/145 147/160/144
f 149/162/146 143/156/140 94/107/91
f 143/156/140 149/162/146 148/161/145
f 149/162/146 94/107/91 150/163/147
f 149/162/146 150/163/147 151/164/148
f 149/162/146 151/164/148 148/161/145
f 150/163/147 94/107/91 152/165/149
f 150/163/147 152/165/149 151/164/148
f 152/165/149 94/107/91 90/103/87
f 152/165/149 90/103/87 153/166/150
f 152/165/149 153/166/150 151/164/148
f 153/166/150 90/103/87 12/96/12
f 148/161/145 151/164/148 154/167/151
f 154/167/151 151/164/148 155/168/152
f 155/168/152 151/164/148 153/166/150
f 148/161/145 154/167/151 156/169/153
f 154/167/151 155/168/152 157/170/154
f 157/170/154 155/168/152 153/166/150
f 154/167/151 157/170/154 156/169/153
f 153/166/150 12/96/12 158/171/155
f 157/170/154 153/166/150 159/172/156
f 159/172/156 153/166/150 158/171/155
f 158/171/155 12/96/12 160/173/157
f 158/171/155 160/173/157 161/174/158
f 158/171/155 161/174/158 159/172/156
f 160/173/157 12/96/12 162/175/159
f 162/175/159 12/96/12 14/176/14
f 161/174/158 160/173/157 163/177/160
f 163/177/160 160/173/157 162/175/159
f 161/174/158 163/177/160 159/172/156
f 162/175/159 14/176/14 164/178/14
f 164/178/14 14/176/14 15/179/14
f 164/178/14 15/179/14 165/180/14
f 164/178/14 165/180/14 166/181/14
f 164/178/14 166/181/14 167/182/14
f 164/178/14 167/182/14 168/183/14
f 164/178/14 168/183/14 162/175/159
f 168/183/14 167/182/14 169/184/161
f 170/185/162 163/177/160 162/175/159
f 170/185/162 162/175/159 168/183/14
f 163/177/160 170/185/162 171/186/163
f 163/177/160 171/186/163 159/172/156
f 170/185/162 168/183/14 172/187/164
f 171/186/163 170/185/162 173/188/165
f 173/188/165 170/185/162 172/187/164
f 171/186/163 173/188/165 174/189/166
f 171/186/163 174/189/166 159/172/156
f 173/188/165 172/187/164 175/190/167
f 159/172/156 174/189/166 176/191/168
f 159/172/156 176/191/168 157/170/154
f 157/170/154 176/191/168 156/169/153
f 176/191/168 174/189/166 177/192/169
f 176/191/168 177/192/169 156/169/153
f 178/193/170 174/189/166 173/188/165
f 174/189/166 178/193/170 177/192/169
f 178/193/170 173/188/165 175/190/167
f 156/169/153 177/192/169 179/194/171
f 179/194/171 177/192/169 178/193/170
f 156/169/153 179/194/171 180/195/172
f 156/169/153 180/195/172 148/161/145
f 179/194/171 178/193/170 181/196/173
f 179/194/171 181/196/173 180/195/172
f 148/161/145 180/195/172 147/160/144
f 181/196/173 178/193/170 182/197/174
f 181/196/173 182/197/174 180/195/172
f 147/160/144 180/195/172 183/198/175
f 183/198/175 180/195/172 182/197/174
f 147/160/144 183/198/175 184/199/176
f 147/160/144 184/199/176 136/149/133
f 183/198/175 182/197/174 185/200/177
f 182/197/174 178/193/170 186/201/178
f 182/197/174 186/201/178 185/200/177
f 183/198/175 185/200/177 187/202/179
f 183/198/175 187/202/179 188/203/180
f 183/198/175 188/203/180 184/199/176
f 184/199/176 188/203/180 187/202/179
f 189/204/181 136/149/133 184/199/176
f 136/149/133 189/204/181 134/147/131
f 189/204/181 184/199/176 190/205/182
f 190/205/182 184/199/176 187/202/179
f 134/147/131 189/204/181 191/206/183
f 189/204/181 190/205/182 192/207/184
f 189/204/181 192/207/184 191/206/183
f 134/147/131 191/206/183 133/146/130
f 190/205/182 187/202/179 193/208/185
f 190/205/182 193/208/185 192/207/184
f 133/146/130 191/206/183 194/209/186
f 191/206/183 192/207/184 195/210/187
f 191/206/183 195/210/187 194/209/186
f 192/207/184 193/208/185 196/211/188
f 195/210/187 192/207/184 197/212/189
f 197/212/189 192/207/184 196/211/188
f 195/210/187 197/212/189 198/213/190
f 195/210/187 198/213/190 194/209/186
f 198/213/190 197/212/189 199/214/191
f 199/214/191 197/212/189 200/215/192
f 200/215/192 197/212/189 196/211/188
f 199/214/191 200/215/192 201/216/193
f 201/216/193 200/215/192 202/217/194
f 194/209/186 198/213/190 203/218/195
f 203/218/195 198/213/190 204/219/196
f 203/218/195 204/219/196 205/220/197
f 194/209/186 203/218/195 206/221/198
f 194/209/186 206/221/198 207/222/199
f 194/209/186 207/222/199 133/146/130
f 206/221/198 203/218/195 208/223/200
f 208/223/200 203/218/195 205/220/197
f 206/221/198 208/223/200 209/224/201
f 206/221/198 209/224/201 207/222/199
f 208/223/200 205/220/197 210/225/202
f 210/225/202 205/220/197 211/226/203
f 209/224/201 208/223/200 212/227/204
f 212/227/204 208/223/200 210/225/202
f 210/225/202 211/226/203 213/228/205
f 210/225/202 213/228/205 212/227/204
f 209/224/201 212/227/204 214/229/206
f 209/224/201 214/229/206 207/222/199
f 214/229/206 212/227/204 213/228/205
f 207/222/199 214/229/206 215/230/207
f 207/222/199 215/230/207 216/231/208
f 216/231/208 215/230/207 214/229/206
f 207/222/199 216/231/208 133/146/130
f 133/146/130 216/231/208 130/143/127
f 216/231/208 214/229/206 217/232/209
f 217/232/209 214/229/206 213/228/205
f 130/143/127 216/231/208 218/233/210
f 218/233/210 216/231/208 217/232/209
f 130/143/127 218/233/210 219/234/211
f 130/143/127 219/234/211 131/144/128
f 218/233/210 217/232/209 220/235/212
f 217/232/209 213/228/205 221/236/213
f 217/232/209 221/236/213 220/235/212
f 131/144/128 219/234/211 222/237/214
f 131/144/128 222/237/214 223/238/215
f 219/234/211 218/233/210 224/239/216
f 224/239/216 218/233/210 220/235/212
f 219/234/211 224/239/216 222/237/214
f 223/238/215 222/237/214 225/240/217
f 225/240/217 222/237/214 224/239/216
f 224/239/216 220/235/212 226/241/218
f 224/239/216 226/241/218 225/240/217
f 226/241/218 220/235/212 227/242/219
f 226/241/218 227/242/219 225/240/217
f 227/242/219 220/235/212 221/236/213
f 225/240/217 227/242/219 228/243/220
f 225/240/217 228/243/220 229/244/221
f 229/244/221 228/243/220 230/245/222
f 228/243/220 227/242/219 231/246/223
f 228/243/220 231/246/223 230/245/222
f 231/246/223 227/242/219 221/236/213
f 230/245/222 231/246/223 232/247/224
f 231/246/223 221/236/213 213/228/205
f 231/246/223 213/228/205 233/248/225
f 24/249/20 234/250/226 235/251/227
f 24/249/20 235/251/227 28/252/24
f 28/252/24 235/251/227 236/253/228
f 236/253/228 235/251/227 234/250/226
f 28/252/24 236/253/228 237/254/229
f 236/253/228 234/250/226 238/255/230
f 236/253/228 238/255/230 237/254/229
f 234/250/226 24/249/20 239/256/231
f 239/256/231 24/249/20 25/257/21
f 239/256/231 25/257/21 26/258/22
f 239/256/231 26/258/22 88/259/85
f 234/250/226 239/256/231 240/260/232
f 240/260/232 239/256/231 88/259/85
f 234/250/226 240/260/232 238/255/230
f 240/260/232 88/259/85 89/261/86
f 240/260/232 89/261/86 92/262/89
f 240/260/232 92/262/89 241/263/233
f 238/255/230 240/260/232 242/264/234
f 242/264/234 240/260/232 241/263/233
f 241/263/233 92/262/89 243/265/235
f 241/263/233 243/265/235 242/264/234
f 243/265/235 92/262/89 93/266/90
f 242/264/234 243/265/235 244/267/236
f 244/267/236 243/265/235 93/266/90
f 244/267/236 93/266/90 245/268/237
f 244/267/236 245/268/237 242/264/234
f 245/268/237 93/266/90 97/269/94
f 246/270/238 238/255/230 242/264/234
f 246/270/238 242/264/234 245/268/237
f 238/255/230 246/270/238 247/271/239
f 238/255/230 247/271/239 237/254/229
f 247/271/239 246/270/238 248/272/240
f 247/271/239 248/272/240 237/254/229
f 246/270/238 245/268/237 249/273/241
f 246/270/238 249/273/241 248/272/240
f 250/274/242 245/268/237 97/269/94
f 250/274/242 97/269/94 100/275/97
f 249/273/241 245/268/237 251/276/243
f 251/276/243 245/268/237 250/274/242
f 248/272/240 249/273/241 252/277/244
f 249/273/241 251/276/243 253/278/245
f 249/273/241 253/278/245 252/277/244
f 253/278/245 251/276/243 254/279/246
f 254/279/246 251/276/243 250/274/242
f 248/272/240 252/277/244 255/280/247
f 255/280/247 252/277/244 253/278/245
f 253/278/245 254/279/246 256/281/248
f 256/281/248 254/279/246 250/274/242
f 253/278/245 256/281/248 257/282/249
f 258/283/250 237/254/229 248/272/240
f 258/283/250 248/272/240 259/284/251
f 258/283/250 259/284/251 237/254/229
f 259/284/251 248/272/240 255/280/247
f 237/254/229 259/284/251 260/285/252
f 260/285/252 259/284/251 255/280/247
f 260/285/252 255/280/247 237/254/229
f 237/254/229 255/280/247 261/286/253
f 262/287/254 255/280/247 253/278/245
f 255/280/247 262/287/254 261/286/253
f 262/287/254 253/278/245 257/282/249
f 237/254/229 261/286/253 33/288/29
f 33/288/29 261/286/253 262/287/254
f 237/254/229 33/288/29 28/252/24
f 33/288/29 262/287/254 263/289/255
f 263/289/255 262/287/254 257/282/249
f 33/288/29 263/289/255 39/290/35
f 33/288/29 39/290/35 34/291/30
f 39/290/35 263/289/255 264/292/256
f 39/290/35 264/292/256 47/293/43
f 264/292/256 263/289/255 265/294/257
f 264/292/256 265/294/257 47/293/43
f 265/294/257 263/289/255 257/282/249
f 47/293/43 265/294/257 51/295/47
f 265/294/257 257/282/249 266/296/258
f 265/294/257 266/296/258 51/295/47
f 266/296/258 257/282/249 267/297/259
f 266/296/258 267/297/259 51/295/47
f 267/297/259 257/282/249 268/298/260
f 268/298/260 257/282/249 256/281/248
f 268/298/260 256/281/248 269/299/261
f 267/297/259 268/298/260 270/300/262
f 270/300/262 268/298/260 269/299/261
f 51/295/47 267/297/259 271/301/263
f 271/301/263 267/297/259 270/300/262
f 51/295/47 271/301/263 272/302/264
f 51/295/47 272/302/264 52/303/48
f 271/301/263 270/300/262 273/304/265
f 273/304/265 270/300/262 269/299/261
f 271/301/263 273/304/265 274/305/266
f 271/301/263 274/305/266 272/302/264
f 274/305/266 273/304/265 275/306/267
f 275/306/267 273/304/265 269/299/261
f 269/299/261 256/281/248 250/274/242
f 276/307/268 52/303/48 272/302/264
f 53/308/49 52/303/48 57/309/53
f 57/309/53 52/303/48 276/307/268
f 277/310/269 278/311/270 57/309/53
f 277/310/269 57/309/53 276/307/268
f 277/310/269 276/307/268 279/312/271
f 279/312/271 276/307/268 280/313/272
f 279/312/271 280/313/272 281/314/273
f 281/314/273 280/313/272 282/315/274
f 282/315/274 280/313/272 283/316/275
f 280/313/272 276/307/268 284/317/276
f 284/317/276 276/307/268 272/302/264
f 283/316/275 280/313/272 285/318/277
f 283/316/275 285/318/277 286/319/278
f 280/313/272 284/317/276 287/320/279
f 280/313/272 287/320/279 285/318/277
f 284/317/276 272/302/264 288/321/280
f 284/317/276 288/321/280 287/320/279
f 288/321/280 272/302/264 274/305/266
f 288/321/280 274/305/266 289/322/281
f 289/322/281 274/305/266 275/306/267
f 287/320/279 288/321/280 290/323/282
f 290/323/282 288/321/280 289/322/281
f 291/324/283 285/318/277 287/320/279
f 291/324/283 287/320/279 290/323/282
f 285/318/277 291/324/283 292/325/284
f 285/318/277 292/325/284 293/326/285
f 289/322/281 275/306/267 294/327/286
f 289/322/281 294/327/286 290/323/282
f 291/324/283 290/323/282 295/328/287
f 295/328/287 290/323/282 294/327/286
f 292/325/284 291/324/283 296/329/288
f 296/329/288 291/324/283 295/328/287
f 292/325/284 296/329/288 297/330/289
f 297/330/289 296/329/288 298/331/290
f 298/331/290 296/329/288 299/332/291
f 299/332/291 296/329/288 295/328/287
f 300/333/292 294/327/286 275/306/267
f 300/333/292 275/306/267 301/334/293
f 300/333/292 301/334/293 294/327/286
f 301/334/293 275/306/267 269/299/261
f 302/335/294 295/328/287 294/327/286
f 302/335/294 294/327/286 301/334/293
f 299/332/291 295/328/287 303/336/295
f 303/336/295 295/328/287 302/335/294
f 301/334/293 269/299/261 304/337/296
f 304/337/296 269/299/261 250/274/242
f 302/335/294 301/334/293 305/338/297
f 305/338/297 301/334/293 304/337/296
f 304/337/296 250/274/242 306/339/298
f 304/337/296 306/339/298 305/338/297
f 302/335/294 305/338/297 307/340/299
f 307/340/299 305/338/297 306/339/298
f 308/341/300 303/336/295 302/335/294
f 308/341/300 302/335/294 307/340/299
f 303/336/295 308/341/300 309/342/301
f 303/336/295 309/342/301 299/332/291
f 308/341/300 307/340/299 310/343/302
f 299/332/291 309/342/301 311/344/303
f 299/332/291 311/344/303 312/345/304
f 312/345/304 311/344/303 313/346/305
f 311/344/303 309/342/301 314/347/306
f 309/342/301 308/341/300 315/348/307
f 309/342/301 315/348/307 314/347/306
f 315/348/307 308/341/300 310/343/302
f 311/344/303 314/347/306 316/349/308
f 316/349/308 314/347/306 315/348/307
f 311/344/303 316/349/308 313/346/305
f 313/346/305 316/349/308 317/350/309
f 313/346/305 317/350/309 318/351/310
f 313/346/305 318/351/310 319/352/311
f 315/348/307 310/343/302 320/353/312
f 315/348/307 320/353/312 316/349/308
f 320/353/312 310/343/302 307/340/299
f 316/349/308 320/353/312 321/354/313
f 320/353/312 307/340/299 322/355/314
f 320/353/312 322/355/314 321/354/313
f 322/355/314 307/340/299 306/339/298
f 107/356/104 323/357/315 321/354/313
f 321/354/313 322/355/314 324/358/316
f 321/354/313 324/358/316 107/356/104
f 324/358/316 322/355/314 325/359/317
f 325/359/317 322/355/314 326/360/318
f 325/359/317 326/360/318 324/358/316
f 326/360/318 322/355/314 306/339/298
f 107/356/104 324/358/316 327/361/319
f 107/356/104 327/361/319 105/362/102
f 324/358/316 326/360/318 328/363/320
f 324/358/316 328/363/320 327/361/319
f 326/360/318 306/339/298 329/364/321
f 326/360/318 329/364/321 328/363/320
f 329/364/321 306/339/298 250/274/242
f 327/361/319 328/363/320 330/365/322
f 330/365/322 328/363/320 329/364/321
f 330/365/322 329/364/321 250/274/242
f 327/361/319 330/365/322 105/362/102
f 330/365/322 250/274/242 100/275/97
f 330/365/322 100/275/97 105/362/102
f 105/362/102 100/275/97 101/366/98
f 331/367/323 175/190/167 172/187/164
f 331/367/323 172/187/164 168/183/14
f 175/190/167 331/367/323 332/368/324
f 175/190/167 332/368/324 178/193/170
f 331/367/323 168/183/14 333/369/325
f 331/367/323 333/369/325 332/368/324
f 333/369/325 168/183/14 169/184/161
f 178/193/170 332/368/324 186/201/178
f 332/368/324 333/369/325 334/370/326
f 334/370/326 333/369/325 169/184/161
f 332/368/324 334/370/326 186/201/178
f 334/370/326 169/184/161 335/371/327
f 334/370/326 335/371/327 336/372/328
f 335/371/327 169/184/161 337/373/329
f 335/371/327 337/373/329 336/372/328
f 337/373/329 169/184/161 338/374/330
f 334/370/326 336/372/328 202/217/194
f 202/217/194 336/372/328 337/373/329
f 334/370/326 202/217/194 186/201/178
f 202/217/194 337/373/329 201/216/193
f 186/201/178 202/217/194 339/375/331
f 339/375/331 202/217/194 200/215/192
f 339/375/331 200/215/192 340/376/332
f 339/375/331 340/376/332 186/201/178
f 340/376/332 200/215/192 196/211/188
f 340/376/332 196/211/188 341/377/333
f 341/377/333 196/211/188 193/208/185
f 186/201/178 340/376/332 342/378/334
f 342/378/334 340/376/332 341/377/333
f 341/377/333 193/208/185 343/379/335
f 343/379/335 193/208/185 187/202/179
f 342/378/334 341/377/333 344/380/336
f 344/380/336 341/377/333 343/379/335
f 186/201/178 342/378/334 345/381/337
f 345/381/337 342/378/334 344/380/336
f 186/201/178 345/381/337 185/200/177
f 343/379/335 187/202/179 346/382/338
f 343/379/335 346/382/338 344/380/336
f 346/382/338 187/202/179 185/200/177
f 344/380/336 346/382/338 345/381/337
f 345/381/337 346/382/338 185/200/177
f 19/383/15 76/384/73 347/385/339
f 19/383/15 347/385/339 18/386/14
f 347/385/339 76/384/73 348/387/340
f 348/387/340 76/384/73 75/388/72
f 347/385/339 348/387/340 349/389/341
f 347/385/339 349/389/341 18/386/14
f 349/389/341 348/387/340 75/388/72
f 350/390/342 351/391/343 18/386/14
f 350/390/342 18/386/14 349/389/341
f 350/390/342 349/389/341 352/392/344
f 350/390/342 352/392/344 353/393/345
f 353/393/345 352/392/344 349/389/341
f 350/390/342 353/393/345 354/394/346
f 353/393/345 349/389/341 355/395/347
f 353/393/345 355/395/347 354/394/346
f 355/395/347 349/389/341 75/388/72
f 356/396/348 354/394/346 357/397/349
f 357/397/349 354/394/346 355/395/347
f 357/397/349 355/395/347 358/398/350
f 358/398/350 355/395/347 359/399/351
f 358/398/350 359/399/351 360/400/352
f 355/395/347 75/388/72 361/401/353
f 360/400/352 359/399/351 362/402/354
f 361/401/353 75/388/72 363/403/355
f 363/403/355 75/388/72 67/404/64
f 363/403/355 67/404/64 364/405/356
f 363/403/355 364/405/356 361/401/353
f 364/405/356 67/404/64 65/406/62
f 364/405/356 65/406/62 60/407/56
f 364/405/356 60/407/56 361/401/353
f 361/401/353 60/407/56 59/408/55
f 365/409/357 355/395/347 361/401/353
f 365/409/357 361/401/353 59/408/55
f 355/395/347 365/409/357 359/399/351
f 359/399/351 365/409/357 366/410/358
f 366/410/358 365/409/357 59/408/55
f 359/399/351 366/410/358 362/402/354
f 366/410/358 59/408/55 367/411/359
f 367/411/359 59/408/55 58/412/54
f 362/402/354 366/410/358 368/413/360
f 368/413/360 366/410/358 367/411/359
f 362/402/354 368/413/360 360/400/352
f 360/400/352 368/413/360 369/414/361
f 367/411/359 58/412/54 278/415/270
f 278/415/270 58/412/54 57/416/53
f 368/413/360 367/411/359 370/417/362
f 370/417/362 367/411/359 278/415/270
f 369/414/361 368/413/360 371/418/363
f 369/414/361 371/418/363 372/419/364
f 372/419/364 371/418/363 373/420/365
f 373/420/365 371/418/363 374/421/366
f 373/420/365 374/421/366 375/422/367
f 371/418/363 368/413/360 376/423/368
f 371/418/363 376/423/368 374/421/366
f 374/421/366 376/423/368 375/422/367
f 376/423/368 368/413/360 370/417/362
f 375/422/367 376/423/368 377/424/369
f 377/424/369 376/423/368 370/417/362
f 377/424/369 370/417/362 378/425/370
f 378/425/370 370/417/362 379/426/371
f 379/426/371 370/417/362 278/415/270
f 378/425/370 379/426/371 380/427/372
f 380/427/372 379/426/371 281/428/273
f 281/428/273 379/426/371 279/429/271
f 279/429/271 379/426/371 277/430/269
f 379/426/371 278/415/270 381/431/373
f 379/426/371 381/431/373 277/430/269
f 277/430/269 381/431/373 278/415/270
f 382/432/374 337/433/329 338/434/330
f 337/433/329 382/432/374 383/435/375
f 337/433/329 383/435/375 201/436/193
f 201/436/193 383/435/375 384/437/376
f 201/436/193 384/437/376 199/438/191
f 384/437/376 383/435/375 385/439/377
f 384/437/376 385/439/377 199/438/191
f 385/439/377 383/435/375 382/432/374
f 382/432/374 338/434/330 386/440/378
f 386/440/378 338/434/330 167/441/14
f 167/441/14 338/434/330 169/442/161
f 382/432/374 386/440/378 387/443/379
f 382/432/374 387/443/379 385/439/377
f 386/440/378 167/441/14 388/444/380
f 386/440/378 388/444/380 387/443/379
f 388/444/380 167/441/14 389/445/381
f 389/445/381 167/441/14 390/446/14
f 387/443/379 388/444/380 391/447/382
f 387/443/379 391/447/382 385/439/377
f 388/444/380 389/445/381 392/448/383
f 388/444/380 392/448/383 391/447/382
f 389/445/381 390/446/14 393/449/384
f 389/445/381 393/449/384 392/448/383
f 393/449/384 390/446/14 394/450/385
f 392/448/383 393/449/384 395/451/386
f 395/451/386 393/449/384 394/450/385
f 391/447/382 392/448/383 396/452/387
f 391/447/382 396/452/387 385/439/377
f 396/452/387 392/448/383 395/451/386
f 394/450/385 390/446/14 397/453/388
f 397/453/388 390/446/14 398/454/389
f 397/453/388 398/454/389 399/455/390
f 394/450/385 397/453/388 400/456/391
f 394/450/385 400/456/391 395/451/386
f 397/453/388 399/455/390 401/457/392
f 397/453/388 401/457/392 400/456/391
f 401/457/392 399/455/390 402/458/393
f 401/457/392 402/458/393 403/459/394
f 395/451/386 400/456/391 404/460/395
f 400/456/391 401/457/392 405/461/396
f 400/456/391 405/461/396 404/460/395
f 405/461/396 401/457/392 403/459/394
f 395/451/386 404/460/395 406/462/397
f 406/462/397 404/460/395 405/461/396
f 395/451/386 406/462/397 396/452/387
f 405/461/396 403/459/394 407/463/398
f 407/463/398 403/459/394 408/464/399
f 407/463/398 408/464/399 409/465/400
f 405/461/396 407/463/398 410/466/401
f 410/466/401 407/463/398 409/465/400
f 406/462/397 405/461/396 411/467/402
f 411/467/402 405/461/396 410/466/401
f 406/462/397 411/467/402 412/468/403
f 410/466/401 409/465/400 413/469/404
f 413/469/404 409/465/400 414/470/405
f 411/467/402 410/466/401 415/471/406
f 411/467/402 415/471/406 412/468/403
f 406/462/397 412/468/403 416/472/407
f 416/472/407 412/468/403 415/471/406
f 406/462/397 416/472/407 396/452/387
f 415/471/406 410/466/401 417/473/408
f 417/473/408 410/466/401 413/469/404
f 416/472/407 415/471/406 418/474/409
f 416/472/407 418/474/409 396/452/387
f 418/474/409 415/471/406 417/473/408
f 396/452/387 418/474/409 419/475/410
f 419/475/410 418/474/409 417/473/408
f 396/452/387 419/475/410 385/439/377
f 419/475/410 417/473/408 420/476/411
f 420/476/411 417/473/408 413/469/404
f 419/475/410 420/476/411 421/477/412
f 385/439/377 419/475/410 422/478/413
f 422/478/413 419/475/410 421/477/412
f 385/439/377 422/478/413 199/438/191
f 421/477/412 420/476/411 423/479/414
f 421/477/412 423/479/414 422/478/413
f 199/438/191 422/478/413 424/480/415
f 424/480/415 422/478/413 423/479/414
f 199/438/191 424/480/415 198/481/190
f 423/479/414 420/476/411 425/482/416
f 425/482/416 420/476/411 413/469/404
f 198/481/190 424/480/415 426/483/417
f 198/481/190 426/483/417 204/484/196
f 423/479/414 425/482/416 427/485/418
f 427/485/418 425/482/416 413/469/404
f 424/480/415 423/479/414 428/486/419
f 428/486/419 423/479/414 427/485/418
f 426/483/417 424/480/415 429/487/420
f 426/483/417 429/487/420 204/484/196
f 429/487/420 424/480/415 428/486/419
f 427/485/418 413/469/404 430/488/421
f 204/484/196 429/487/420 431/489/422
f 204/484/196 431/489/422 205/490/197
f 429/487/420 428/486/419 432/491/423
f 429/487/420 432/491/423 431/489/422
f 431/489/422 432/491/423 433/492/424
f 431/489/422 433/492/424 205/490/197
f 205/490/197 433/492/424 434/493/425
f 434/493/425 433/492/424 432/491/423
f 205/490/197 434/493/425 211/494/203
f 432/491/423 428/486/419 435/495/426
f 432/491/423 435/495/426 434/493/425
f 435/495/426 428/486/419 436/496/427
f 436/496/427 428/486/419 427/485/418
f 434/493/425 435/495/426 437/497/428
f 437/497/428 435/495/426 436/496/427
f 211/494/203 434/493/425 438/498/429
f 211/494/203 438/498/429 213/499/205
f 213/499/205 438/498/429 233/500/225
f 233/500/225 438/498/429 439/501/430
f 439/501/430 438/498/429 434/493/425
f 439/501/430 434/493/425 437/497/428
f 437/497/428 436/496/427 440/502/431
f 437/497/428 440/502/431 439/501/430
f 439/501/430 440/502/431 441/503/432
f 439/501/430 441/503/432 442/504/433
f 441/503/432 440/502/431 443/505/434
f 443/505/434 440/502/431 436/496/427
f 441/503/432 443/505/434 414/470/405
f 414/470/405 443/505/434 413/469/404
f 443/505/434 436/496/427 444/506/435
f 443/505/434 444/506/435 413/469/404
f 444/506/435 436/496/427 427/485/418
f 413/469/404 444/506/435 430/488/421
f 430/488/421 444/506/435 427/485/418
f 104/507/101 107/508/104 105/509/102
f 445/510/436 446/511/437 447/512/438
f 445/510/436 447/512/438 448/513/439
f 447/512/438 446/511/437 449/514/440
f 447/512/438 449/514/440 450/515/441
f 447/512/438 450/515/441 448/513/439
f 449/514/440 446/511/437 451/516/442
f 450/515/441 449/514/440 452/517/443
f 452/517/443 449/514/440 451/516/442
f 450/515/441 452/517/443 453/518/444
f 452/517/443 451/516/442 454/519/445
f 452/517/443 454/519/445 453/518/444
f 450/515/441 453/518/444 455/520/446
f 450/515/441 455/520/446 448/513/439
f 455/520/446 453/518/444 456/521/447
f 455/520/446 456/521/447 448/513/439
f 454/519/445 451/516/442 457/522/448
f 457/522/448 451/516/442 446/511/437
f 454/519/445 457/522/448 458/523/449
f 448/513/439 456/521/447 459/524/450
f 459/524/450 456/521/447 460/525/451
f 459/524/450 460/525/451 351/526/343
f 448/513/439 459/524/450 356/527/348
f 356/527/348 459/524/450 351/526/343
f 356/527/348 351/526/343 354/528/346
f 354/528/346 351/526/343 350/529/342
f 448/513/439 356/527/348 357/530/349
f 448/513/439 357/530/349 445/510/436
f 461/531/452 446/511/437 445/510/436
f 461/531/452 445/510/436 357/530/349
f 446/511/437 461/531/452 457/522/448
f 461/531/452 357/530/349 462/532/453
f 462/532/453 357/530/349 358/533/350
f 457/522/448 461/531/452 463/534/454
f 463/534/454 461/531/452 462/532/453
f 462/532/453 358/533/350 360/535/352
f 463/534/454 462/532/453 464/536/455
f 464/536/455 462/532/453 360/535/352
f 463/534/454 464/536/455 457/522/448
f 464/536/455 360/535/352 369/537/361
f 457/522/448 464/536/455 465/538/456
f 465/538/456 464/536/455 369/537/361
f 457/522/448 465/538/456 458/523/449
f 465/538/456 369/537/361 372/539/364
f 458/523/449 465/538/456 466/540/457
f 466/540/457 465/538/456 372/539/364
f 458/523/449 466/540/457 467/541/458
f 466/540/457 372/539/364 468/542/459
f 468/542/459 372/539/364 373/543/365
f 107/544/104 108/545/105 323/546/315
f 323/546/315 108/545/105 469/547/460
f 469/547/460 108/545/105 112/548/109
f 323/546/315 469/547/460 321/549/313
f 469/547/460 112/548/109 470/550/461
f 321/549/313 469/547/460 471/551/462
f 471/551/462 469/547/460 470/550/461
f 470/550/461 112/548/109 472/552/463
f 321/549/313 471/551/462 473/553/464
f 473/553/464 471/551/462 470/550/461
f 321/549/313 473/553/464 316/554/308
f 470/550/461 472/552/463 474/555/465
f 316/554/308 473/553/464 317/556/309
f 473/553/464 470/550/461 475/557/466
f 475/557/466 470/550/461 474/555/465
f 317/556/309 473/553/464 476/558/467
f 317/556/309 476/558/467 477/559/468
f 476/558/467 473/553/464 478/560/469
f 478/560/469 473/553/464 475/557/466
f 476/558/467 478/560/469 477/559/468
f 478/560/469 475/557/466 479/561/470
f 317/556/309 477/559/468 318/562/310
f 478/560/469 479/561/470 480/563/471
f 480/563/471 479/561/470 475/557/466
f 478/560/469 480/563/471 477/559/468
f 319/564/311 318/562/310 481/565/472
f 481/565/472 318/562/310 482/566/473
f 482/566/473 318/562/310 483/567/474
f 483/567/474 318/562/310 477/559/468
f 482/566/473 483/567/474 484/568/475
f 483/567/474 477/559/468 485/569/476
f 483/567/474 485/569/476 484/568/475
f 485/569/476 477/559/468 486/570/477
f 484/568/475 485/569/476 487/571/478
f 484/568/475 487/571/478 488/572/479
f 488/572/479 487/571/478 489/573/480
f 487/571/478 485/569/476 490/574/481
f 487/571/478 490/574/481 489/573/480
f 490/574/481 485/569/476 486/570/477
f 490/574/481 486/570/477 489/573/480
f 489/573/480 486/570/477 491/575/482
f 492/576/483 486/570/477 477/559/468
f 492/576/483 477/559/468 480/563/471
f 491/575/482 486/570/477 493/577/484
f 493/577/484 486/570/477 492/576/483
f 492/576/483 480/563/471 494/578/485
f 492/576/483 494/578/485 493/577/484
f 493/577/484 494/578/485 495/579/486
f 495/579/486 494/578/485 480/563/471
f 493/577/484 495/579/486 491/575/482
f 495/579/486 480/563/471 496/580/487
f 496/580/487 480/563/471 475/557/466
f 496/580/487 475/557/466 474/555/465
f 495/579/486 496/580/487 497/581/488
f 497/581/488 496/580/487 474/555/465
f 491/575/482 495/579/486 498/582/489
f 498/582/489 495/579/486 497/581/488
f 491/575/482 498/582/489 499/583/490
f 497/581/488 474/555/465 500/584/491
f 497/581/488 500/584/491 498/582/489
f 500/584/491 474/555/465 501/585/492
f 500/584/491 501/585/492 502/586/493
f 500/584/491 502/586/493 498/582/489
f 498/582/489 502/586/493 499/583/490
f 499/583/490 502/586/493 503/587/494
f 504/588/495 505/589/438 506/590/496
f 505/589/438 504/588/495 507/591/497
f 506/590/496 505/589/438 508/592/498
f 505/589/438 507/591/497 509/593/499
f 508/592/498 505/589/438 510/594/500
f 508/592/498 510/594/500 511/595/501
f 505/589/438 509/593/499 512/596/502
f 512/596/502 509/593/499 513/597/503
f 512/596/502 513/597/503 505/589/438
f 513/597/503 509/593/499 514/598/504
f 514/598/504 509/593/499 515/599/505
f 514/598/504 515/599/505 516/600/506
f 514/598/504 516/600/506 513/597/503
f 516/600/506 515/599/505 517/601/507
f 516/600/506 517/601/507 518/602/508
f 513/597/503 516/600/506 519/603/509
f 513/597/503 519/603/509 505/589/438
f 516/600/506 518/602/508 520/604/510
f 516/600/506 520/604/510 519/603/509
f 520/604/510 518/602/508 521/605/511
f 521/605/511 518/602/508 522/606/512
f 521/605/511 522/606/512 523/607/513
f 520/604/510 521/605/511 524/608/514
f 521/605/511 523/607/513 525/609/515
f 521/605/511 525/609/515 524/608/514
f 525/609/515 523/607/513 526/610/516
f 526/610/516 523/607/513 527/611/517
f 524/608/514 525/609/515 528/612/518
f 528/612/518 525/609/515 526/610/516
f 520/604/510 524/608/514 529/613/519
f 529/613/519 524/608/514 528/612/518
f 520/604/510 529/613/519 530/614/520
f 520/604/510 530/614/520 519/603/509
f 529/613/519 528/612/518 531/615/521
f 531/615/521 528/612/518 532/616/522
f 532/616/522 528/612/518 526/610/516
f 529/613/519 531/615/521 533/617/523
f 529/613/519 533/617/523 530/614/520
f 533/617/523 531/615/521 532/616/522
f 532/616/522 526/610/516 534/618/524
f 532/616/522 534/618/524 533/617/523
f 535/619/525 526/610/516 527/611/517
f 535/619/525 527/611/517 536/620/526
f 536/620/526 527/611/517 537/621/527
f 526/610/516 535/619/525 538/622/528
f 526/610/516 538/622/528 534/618/524
f 535/619/525 536/620/526 539/623/529
f 535/619/525 539/623/529 538/622/528
f 536/620/526 537/621/527 540/624/530
f 536/620/526 540/624/530 539/623/529
f 540/624/530 537/621/527 541/625/531
f 540/624/530 541/625/531 542/626/532
f 540/624/530 542/626/532 543/627/533
f 539/623/529 540/624/530 544/628/534
f 544/628/534 540/624/530 543/627/533
f 539/623/529 544/628/534 538/622/528
f 545/629/535 484/630/475 543/627/533
f 543/627/533 484/630/475 488/631/479
f 544/628/534 543/627/533 546/632/536
f 546/632/536 543/627/533 488/631/479
f 544/628/534 546/632/536 538/622/528
f 546/632/536 488/631/479 547/633/537
f 546/632/536 547/633/537 538/622/528
f 547/633/537 488/631/479 489/634/480
f 538/622/528 547/633/537 548/635/538
f 547/633/537 489/634/480 549/636/539
f 547/633/537 549/636/539 548/635/538
f 549/636/539 489/634/480 491/637/482
f 538/622/528 548/635/538 534/618/524
f 534/618/524 548/635/538 549/636/539
f 549/636/539 491/637/482 499/638/490
f 549/636/539 499/638/490 550/639/540
f 549/636/539 550/639/540 534/618/524
f 550/639/540 499/638/490 503/640/494
f 550/639/540 503/640/494 551/641/541
f 550/639/540 551/641/541 552/642/542
f 550/639/540 552/642/542 534/618/524
f 534/618/524 552/642/542 533/617/523
f 553/643/543 554/644/544 552/642/542
f 552/642/542 554/644/544 555/645/545
f 552/642/542 555/645/545 533/617/523
f 533/617/523 555/645/545 511/595/501
f 533/617/523 511/595/501 510/594/500
f 533/617/523 510/594/500 530/614/520
f 530/614/520 510/594/500 556/646/546
f 530/614/520 556/646/546 519/603/509
f 556/646/546 510/594/500 557/647/546
f 557/647/546 510/594/500 505/589/438
f 557/647/546 505/589/438 519/603/509
f 519/603/509 556/646/546 558/648/547
f 558/648/547 556/646/546 557/647/546
f 519/603/509 558/648/547 559/649/548
f 519/603/509 559/649/548 557/647/546
f 557/647/546 559/649/548 558/648/547
f 560/650/549 561/651/550 562/652/551
f 561/651/550 560/650/549 563/653/552
f 562/652/551 561/651/550 507/654/497
f 562/652/551 507/654/497 504/655/495
f 562/652/551 504/655/495 506/656/496
f 561/651/550 563/653/552 564/657/553
f 561/651/550 564/657/553 565/658/554
f 563/653/552 560/650/549 566/659/555
f 563/653/552 566/659/555 564/657/553
f 567/660/556 560/650/549 562/652/551
f 560/650/549 567/660/556 566/659/555
f 562/652/551 506/656/496 568/661/557
f 562/652/551 568/661/557 567/660/556
f 564/657/553 566/659/555 569/662/558
f 564/657/553 569/662/558 570/663/559
f 570/663/559 569/662/558 571/664/560
f 571/664/560 569/662/558 566/659/555
f 570/663/559 571/664/560 572/665/561
f 572/665/561 571/664/560 573/666/562
f 573/666/562 571/664/560 574/667/563
f 574/667/563 571/664/560 566/659/555
f 573/666/562 574/667/563 575/668/564
f 576/669/565 566/659/555 567/660/556
f 566/659/555 576/669/565 574/667/563
f 575/668/564 574/667/563 577/670/566
f 576/669/565 567/660/556 568/661/557
f 577/670/566 574/667/563 578/671/567
f 577/670/566 578/671/567 579/672/568
f 578/671/567 574/667/563 580/673/569
f 580/673/569 574/667/563 576/669/565
f 579/672/568 578/671/567 581/674/570
f 581/674/570 578/671/567 580/673/569
f 581/674/570 580/673/569 576/669/565
f 579/672/568 581/674/570 582/675/571
f 582/675/571 581/674/570 583/676/572
f 582/675/571 583/676/572 584/677/573
f 583/676/572 581/674/570 585/678/574
f 583/676/572 585/678/574 584/677/573
f 585/678/574 581/674/570 576/669/565
f 585/678/574 576/669/565 586/679/575
f 585/678/574 586/679/575 584/677/573
f 586/679/575 576/669/565 568/661/557
f 584/677/573 586/679/575 587/680/576
f 584/677/573 587/680/576 588/681/577
f 588/681/577 587/680/576 589/682/578
f 587/680/576 586/679/575 590/683/579
f 587/680/576 590/683/579 589/682/578
f 590/683/579 586/679/575 568/661/557
f 589/682/578 590/683/579 591/684/580
f 589/682/578 591/684/580 592/685/581
f 592/685/581 591/684/580 593/686/582
f 593/686/582 591/684/580 594/687/583
f 591/684/580 590/683/579 595/688/584
f 595/688/584 590/683/579 568/661/557
f 594/687/583 591/684/580 596/689/585
f 596/689/585 591/684/580 595/688/584
f 594/687/583 596/689/585 597/690/586
f 596/689/585 595/688/584 598/691/587
f 596/689/585 598/691/587 597/690/586
f 598/691/587 595/688/584 568/661/557
f 597/690/586 598/691/587 599/692/588
f 552/693/542 599/692/588 553/694/543
f 553/694/543 599/692/588 554/695/544
f 554/695/544 599/692/588 598/691/587
f 554/695/544 598/691/587 600/696/589
f 600/696/589 598/691/587 568/661/557
f 554/695/544 600/696/589 555/697/545
f 555/697/545 600/696/589 511/698/501
f 511/698/501 600/696/589 601/699/590
f 511/698/501 601/699/590 508/700/498
f 600/696/589 568/661/557 602/701/591
f 600/696/589 602/701/591 601/699/590
f 601/699/590 602/701/591 508/700/498
f 602/701/591 568/661/557 506/656/496
f 602/701/591 506/656/496 508/700/498
f 18/702/14 351/703/343 603/704/14
f 603/704/14 351/703/343 460/705/451
f 18/702/14 603/704/14 16/706/14
f 16/706/14 603/704/14 604/707/14
f 564/708/553 570/709/559 605/710/592
f 605/710/592 570/709/559 572/711/561
f 564/708/553 605/710/592 606/712/593
f 606/712/593 605/710/592 572/711/561
f 564/708/553 606/712/593 565/713/554
f 565/713/554 606/712/593 607/714/594
f 565/713/554 607/714/594 561/715/550
f 606/712/593 572/711/561 608/716/595
f 561/715/550 607/714/594 609/717/596
f 561/715/550 609/717/596 507/718/497
f 507/718/497 609/717/596 610/719/597
f 507/718/497 610/719/597 509/720/499
f 509/720/499 610/719/597 609/717/596
f 509/720/499 609/717/596 607/714/594
f 509/720/499 607/714/594 611/721/598
f 509/720/499 611/721/598 612/722/599
f 613/723/600 607/714/594 606/712/593
f 607/714/594 613/723/600 611/721/598
f 613/723/600 606/712/593 614/724/601
f 614/724/601 606/712/593 608/716/595
f 611/721/598 613/723/600 615/725/602
f 611/721/598 615/725/602 616/726/603
f 613/723/600 614/724/601 617/727/604
f 613/723/600 617/727/604 615/725/602
f 616/726/603 615/725/602 618/728/605
f 615/725/602 617/727/604 619/729/606
f 615/725/602 619/729/606 618/728/605
f 617/727/604 614/724/601 620/730/601
f 617/727/604 620/730/601 619/729/606
f 621/731/607 614/724/601 608/716/595
f 614/724/601 621/731/607 620/730/601
f 619/729/606 620/730/601 622/732/608
f 619/729/606 622/732/608 618/728/605
f 620/730/601 621/731/607 623/733/153
f 620/730/601 623/733/153 622/732/608
f 618/728/605 622/732/608 624/734/609
f 624/734/609 622/732/608 623/733/153
f 625/735/610 616/726/603 618/728/605
f 616/726/603 625/735/610 626/736/611
f 626/736/611 625/735/610 627/737/612
f 625/735/610 618/728/605 628/738/613
f 628/738/613 618/728/605 624/734/609
f 627/737/612 625/735/610 629/739/614
f 627/737/612 629/739/614 630/740/615
f 627/737/612 630/740/615 631/741/616
f 629/739/614 625/735/610 632/742/617
f 632/742/617 625/735/610 628/738/613
f 629/739/614 632/742/617 630/740/615
f 631/741/616 630/740/615 633/743/618
f 632/742/617 628/738/613 634/744/619
f 632/742/617 634/744/619 630/740/615
f 634/744/619 628/738/613 624/734/609
f 633/743/618 630/740/615 582/745/571
f 582/745/571 630/740/615 634/744/619
f 633/743/618 582/745/571 635/746/620
f 633/743/618 635/746/620 584/747/573
f 584/747/573 635/746/620 582/745/571
f 634/744/619 624/734/609 636/748/621
f 582/745/571 634/744/619 637/749/622
f 637/749/622 634/744/619 636/748/621
f 582/745/571 637/749/622 579/750/568
f 636/748/621 624/734/609 638/751/623
f 636/748/621 638/751/623 637/749/622
f 637/749/622 638/751/623 579/750/568
f 638/751/623 624/734/609 623/733/153
f 638/751/623 623/733/153 621/731/607
f 579/750/568 638/751/623 639/752/624
f 579/750/568 639/752/624 577/753/566
f 577/753/566 639/752/624 575/754/564
f 639/752/624 638/751/623 640/755/145
f 640/755/145 638/751/623 621/731/607
f 639/752/624 640/755/145 575/754/564
f 640/755/145 621/731/607 608/716/595
f 575/754/564 640/755/145 641/756/625
f 641/756/625 640/755/145 608/716/595
f 575/754/564 641/756/625 573/757/562
f 641/756/625 608/716/595 572/711/561
f 641/756/625 572/711/561 573/757/562
f 642/758/626 460/759/451 456/760/447
f 642/758/626 456/760/447 643/761/627
f 643/761/627 456/760/447 453/762/444
f 460/759/451 642/758/626 644/763/628
f 460/759/451 644/763/628 603/764/14
f 603/764/14 644/763/628 645/765/14
f 603/764/14 645/765/14 646/766/14
f 645/765/14 644/763/628 647/767/629
f 645/765/14 647/767/629 648/768/630
f 645/765/14 648/768/630 649/769/631
f 649/769/631 648/768/630 650/770/632
f 518/771/508 517/772/507 651/773/633
f 518/771/508 651/773/633 652/774/634
f 518/771/508 652/774/634 522/775/512
f 523/776/513 522/775/512 653/777/635
f 653/777/635 522/775/512 652/774/634
f 515/778/505 612/779/599 517/772/507
f 612/779/599 515/778/505 509/780/499
f 517/772/507 612/779/599 654/781/636
f 517/772/507 654/781/636 651/773/633
f 654/781/636 612/779/599 611/782/598
f 654/781/636 611/782/598 655/783/637
f 651/773/633 654/781/636 656/784/638
f 657/785/639 652/774/634 651/773/633
f 652/774/634 657/785/639 658/786/640
f 657/785/639 651/773/633 659/787/641
f 657/785/639 659/787/641 658/786/640
f 659/787/641 651/773/633 656/784/638
f 652/774/634 658/786/640 660/788/642
f 660/788/642 658/786/640 659/787/641
f 660/788/642 659/787/641 656/784/638
f 652/774/634 660/788/642 661/789/643
f 660/788/642 656/784/638 662/790/644
f 660/788/642 662/790/644 661/789/643
f 661/789/643 662/790/644 663/791/645
f 298/792/290 313/793/305 319/794/311
f 313/793/305 298/792/290 312/795/304
f 312/795/304 298/792/290 299/796/291
f 481/797/472 482/798/473 319/794/311
f 319/794/311 482/798/473 298/792/290
f 298/792/290 482/798/473 664/799/646
f 664/799/646 482/798/473 484/800/475
f 298/792/290 664/799/646 665/801/647
f 664/799/646 484/800/475 545/802/535
f 298/792/290 665/801/647 666/803/648
f 298/792/290 666/803/648 297/804/289
f 297/804/289 666/803/648 667/805/649
f 667/805/649 666/803/648 668/806/650
f 542/807/532 668/806/650 545/802/535
f 542/807/532 545/802/535 543/808/533
f 668/806/650 666/803/648 669/809/431
f 669/809/431 666/803/648 665/801/647
f 668/806/650 669/809/431 545/802/535
f 669/809/431 665/801/647 664/799/646
f 669/809/431 664/799/646 545/802/535
f 282/810/274 283/811/275 286/812/278
f 282/810/274 286/812/278 281/813/273
f 281/813/273 286/812/278 380/814/372
f 380/814/372 286/812/278 670/815/651
f 380/814/372 670/815/651 378/816/370
f 378/816/370 670/815/651 377/817/369
f 377/817/369 670/815/651 671/818/652
f 377/817/369 671/818/652 375/819/367
f 670/815/651 286/812/278 672/820/653
f 670/815/651 672/820/653 671/818/652
f 671/818/652 672/820/653 673/821/654
f 671/818/652 673/821/654 375/819/367
f 672/820/653 286/812/278 674/822/655
f 673/821/654 672/820/653 675/823/656
f 675/823/656 672/820/653 674/822/655
f 674/822/655 286/812/278 293/824/285
f 293/824/285 286/812/278 285/825/277
f 675/823/656 674/822/655 676/826/657
f 676/826/657 674/822/655 677/827/658
f 677/827/658 674/822/655 293/824/285
f 677/827/658 293/824/285 297/828/289
f 297/828/289 293/824/285 292/829/284
f 676/826/657 677/827/658 678/830/659
f 678/830/659 677/827/658 297/828/289
f 676/826/657 678/830/659 675/823/656
f 678/830/659 297/828/289 667/831/649
f 678/830/659 667/831/649 679/832/475
f 675/823/656 678/830/659 680/833/660
f 681/834/661 673/821/654 675/823/656
f 673/821/654 681/834/661 375/819/367
f 675/823/656 680/833/660 682/835/662
f 675/823/656 682/835/662 681/834/661
f 681/834/661 682/835/662 683/836/663
f 681/834/661 683/836/663 375/819/367
f 682/835/662 680/833/660 684/837/664
f 683/836/663 682/835/662 685/838/665
f 683/836/663 685/838/665 375/819/367
f 685/838/665 682/835/662 686/839/666
f 685/838/665 686/839/666 687/840/667
f 685/838/665 687/840/667 688/841/668
f 684/837/664 680/833/660 689/842/669
f 689/842/669 680/833/660 678/830/659
f 685/838/665 688/841/668 690/843/670
f 685/838/665 690/843/670 375/819/367
f 690/843/670 688/841/668 691/844/671
f 690/843/670 691/844/671 468/845/459
f 690/843/670 468/845/459 375/819/367
f 375/819/367 468/845/459 373/846/365
f 689/842/669 678/830/659 692/847/672
f 692/847/672 678/830/659 679/832/475
f 692/847/672 679/832/475 693/848/673
f 693/848/673 679/832/475 694/849/674
f 689/842/669 692/847/672 695/850/675
f 693/848/673 694/849/674 696/851/676
f 693/848/673 696/851/676 692/847/672
f 692/847/672 696/851/676 695/850/675
f 696/851/676 694/849/674 697/852/674
f 689/842/669 695/850/675 698/853/677
f 698/853/677 695/850/675 696/851/676
f 689/842/669 698/853/677 699/854/678
f 699/854/678 698/853/677 696/851/676
f 689/842/669 699/854/678 684/837/664
f 684/837/664 699/854/678 700/855/679
f 699/854/678 696/851/676 701/856/680
f 699/854/678 701/856/680 700/855/679
f 701/856/680 696/851/676 702/857/681
f 700/855/679 701/856/680 703/858/682
f 703/858/682 701/856/680 702/857/681
f 643/859/627 453/860/444 704/861/683
f 643/859/627 704/861/683 705/862/684
f 704/861/683 453/860/444 706/863/685
f 706/863/685 453/860/444 454/864/445
f 706/863/685 454/864/445 707/865/686
f 707/865/686 454/864/445 458/866/449
f 707/865/686 458/866/449 708/867/687
f 707/865/686 708/867/687 706/863/685
f 706/863/685 708/867/687 704/861/683
f 643/859/627 705/862/684 709/868/688
f 643/859/627 709/868/688 642/869/626
f 710/870/689 705/862/684 704/861/683
f 710/870/689 704/861/683 708/867/687
f 705/862/684 710/870/689 709/868/688
f 642/869/626 709/868/688 644/871/628
f 644/871/628 709/868/688 711/872/690
f 644/871/628 711/872/690 647/873/629
f 709/868/688 710/870/689 712/874/691
f 712/874/691 710/870/689 708/867/687
f 711/872/690 709/868/688 713/875/692
f 711/872/690 713/875/692 647/873/629
f 713/875/692 709/868/688 712/874/691
f 712/874/691 708/867/687 714/876/693
f 714/876/693 708/867/687 715/877/694
f 714/876/693 715/877/694 716/878/695
f 714/876/693 716/878/695 717/879/696
f 714/876/693 717/879/696 712/874/691
f 712/874/691 717/879/696 713/875/692
f 713/875/692 717/879/696 718/880/697
f 713/875/692 718/880/697 647/873/629
f 718/880/697 717/879/696 719/881/698
f 647/873/629 718/880/697 720/882/699
f 647/873/629 720/882/699 648/883/630
f 720/882/699 718/880/697 721/884/700
f 648/883/630 720/882/699 722/885/701
f 721/884/700 718/880/697 723/886/702
f 723/886/702 718/880/697 719/881/698
f 721/884/700 723/886/702 720/882/699
f 648/883/630 722/885/701 724/887/703
f 648/883/630 724/887/703 650/888/632
f 722/885/701 720/882/699 725/889/704
f 722/885/701 725/889/704 724/887/703
f 725/889/704 720/882/699 723/886/702
f 724/887/703 725/889/704 650/888/632
f 723/886/702 719/881/698 726/890/705
f 723/886/702 726/890/705 725/889/704
f 725/889/704 726/890/705 650/888/632
f 726/890/705 719/881/698 649/891/631
f 650/888/632 726/890/705 727/892/706
f 727/892/706 726/890/705 649/891/631
f 727/892/706 649/891/631 728/893/707
f 599/894/588 552/895/542 729/896/708
f 729/896/708 552/895/542 551/897/541
f 599/894/588 729/896/708 597/898/586
f 597/898/586 729/896/708 730/899/709
f 730/899/709 729/896/708 731/900/710
f 732/901/711 731/900/710 733/902/712
f 731/900/710 732/901/711 734/903/713
f 731/900/710 734/903/713 730/899/709
f 734/903/713 732/901/711 735/904/714
f 735/904/714 732/901/711 736/905/715
f 734/903/713 735/904/714 737/906/716
f 734/903/713 737/906/716 730/899/709
f 737/906/716 735/904/714 738/907/717
f 730/899/709 737/906/716 739/908/718
f 737/906/716 738/907/717 740/909/719
f 740/909/719 738/907/717 741/910/720
f 740/909/719 741/910/720 742/911/721
f 737/906/716 740/909/719 743/912/722
f 737/906/716 743/912/722 739/908/718
f 730/899/709 739/908/718 744/913/723
f 744/913/723 739/908/718 743/912/722
f 730/899/709 744/913/723 597/898/586
f 740/909/719 742/911/721 745/914/724
f 740/909/719 745/914/724 743/912/722
f 745/914/724 742/911/721 746/915/725
f 597/898/586 744/913/723 747/916/726
f 744/913/723 743/912/722 748/917/727
f 748/917/727 743/912/722 745/914/724
f 744/913/723 748/917/727 747/916/726
f 748/917/727 745/914/724 749/918/728
f 749/918/728 745/914/724 746/915/725
f 747/916/726 748/917/727 750/919/729
f 747/916/726 750/919/729 597/898/586
f 750/919/729 748/917/727 749/918/728
f 597/898/586 750/919/729 594/920/583
f 750/919/729 749/918/728 746/915/725
f 594/920/583 750/919/729 751/921/730
f 752/922/731 746/915/725 742/911/721
f 751/921/730 750/919/729 753/923/732
f 753/923/732 750/919/729 746/915/725
f 751/921/730 753/923/732 754/924/733
f 746/915/725 752/922/731 755/925/734
f 746/915/725 755/925/734 753/923/732
f 754/924/733 753/923/732 756/926/735
f 756/926/735 753/923/732 755/925/734
f 754/924/733 756/926/735 757/927/736
f 756/926/735 755/925/734 758/928/737
f 757/927/736 756/926/735 759/929/738
f 759/929/738 756/926/735 758/928/737
f 758/928/737 755/925/734 760/930/739
f 758/928/737 760/930/739 759/929/738
f 761/931/740 755/925/734 752/922/731
f 761/931/740 752/922/731 762/932/741
f 755/925/734 761/931/740 763/933/742
f 755/925/734 763/933/742 760/930/739
f 761/931/740 762/932/741 764/934/743
f 764/934/743 762/932/741 765/935/744
f 761/931/740 764/934/743 766/936/745
f 761/931/740 766/936/745 763/933/742
f 766/936/745 764/934/743 767/937/746
f 766/936/745 767/937/746 763/933/742
f 767/937/746 764/934/743 768/938/747
f 768/938/747 764/934/743 769/939/748
f 768/938/747 769/939/748 770/940/749
f 763/933/742 767/937/746 771/941/750
f 763/933/742 771/941/750 772/942/751
f 772/942/751 771/941/750 767/937/746
f 763/933/742 772/942/751 760/930/739
f 772/942/751 767/937/746 773/943/752
f 772/942/751 773/943/752 760/930/739
f 774/944/753 767/937/746 768/938/747
f 767/937/746 774/944/753 773/943/752
f 773/943/752 774/944/753 760/930/739
f 774/944/753 768/938/747 770/940/749
f 774/944/753 770/940/749 760/930/739
f 760/930/739 770/940/749 759/929/738
f 775/945/754 776/946/755 770/940/749
f 759/929/738 770/940/749 777/947/756
f 777/947/756 770/940/749 776/946/755
f 777/947/756 776/946/755 778/948/757
f 778/948/757 776/946/755 779/949/758
f 778/948/757 779/949/758 780/950/759
f 778/948/757 780/950/759 777/947/756
f 759/929/738 777/947/756 781/951/760
f 781/951/760 777/947/756 780/950/759
f 759/929/738 781/951/760 757/927/736
f 781/951/760 780/950/759 782/952/761
f 781/951/760 782/952/761 757/927/736
f 757/927/736 782/952/761 783/953/762
f 784/954/763 399/955/390 398/956/389
f 399/955/390 784/954/763 785/957/764
f 785/957/764 784/954/763 786/958/765
f 399/955/390 785/957/764 787/959/766
f 399/955/390 787/959/766 402/960/393
f 785/957/764 786/958/765 788/961/767
f 788/961/767 786/958/765 789/962/768
f 788/961/767 789/962/768 790/963/769
f 785/957/764 788/961/767 791/964/770
f 791/964/770 788/961/767 790/963/769
f 785/957/764 791/964/770 787/959/766
f 791/964/770 790/963/769 792/965/13
f 787/959/766 791/964/770 793/966/771
f 787/959/766 793/966/771 794/967/772
f 787/959/766 794/967/772 402/960/393
f 402/960/393 794/967/772 795/968/773
f 402/960/393 795/968/773 403/969/394
f 403/969/394 795/968/773 408/970/399
f 795/968/773 794/967/772 796/971/774
f 796/971/774 794/967/772 797/972/775
f 796/971/774 797/972/775 798/973/776
f 798/973/776 797/972/775 799/974/777
f 795/968/773 796/971/774 800/975/778
f 800/975/778 796/971/774 798/973/776
f 408/970/399 795/968/773 801/976/779
f 801/976/779 795/968/773 800/975/778
f 408/970/399 801/976/779 414/977/405
f 408/970/399 414/977/405 409/978/400
f 801/976/779 800/975/778 802/979/780
f 802/979/780 800/975/778 798/973/776
f 801/976/779 802/979/780 414/977/405
f 414/977/405 802/979/780 441/980/432
f 802/979/780 798/973/776 803/981/781
f 441/980/432 802/979/780 442/982/433
f 442/982/433 802/979/780 803/981/781
f 442/982/433 803/981/781 804/983/782
f 442/982/433 804/983/782 805/984/783
f 442/982/433 805/984/783 439/985/430
f 805/984/783 804/983/782 806/986/784
f 806/986/784 804/983/782 807/987/108
f 805/984/783 806/986/784 808/988/785
f 805/984/783 808/988/785 809/989/786
f 808/988/785 806/986/784 810/990/787
f 810/990/787 806/986/784 811/991/788
f 810/990/787 811/991/788 812/992/789
f 810/990/787 812/992/789 813/993/790
f 810/990/787 813/993/790 808/988/785
f 808/988/785 813/993/790 807/994/108
f 814/995/791 729/996/708 551/997/541
f 729/996/708 814/995/791 731/998/710
f 814/995/791 551/997/541 503/999/494
f 814/995/791 503/999/494 815/1000/792
f 815/1000/792 503/999/494 502/1001/493
f 815/1000/792 502/1001/493 733/1002/712
f 815/1000/792 733/1002/712 731/1003/710
f 655/1004/637 816/1005/793 654/1006/636
f 816/1005/793 655/1004/637 611/1007/598
f 816/1005/793 611/1007/598 616/1008/603
f 816/1005/793 616/1008/603 817/1009/794
f 817/1009/794 616/1008/603 626/1010/611
f 654/1006/636 816/1005/793 818/1011/795
f 654/1006/636 818/1011/795 656/1012/638
f 656/1012/638 818/1011/795 662/1013/644
f 818/1011/795 816/1005/793 819/1014/796
f 818/1011/795 819/1014/796 662/1013/644
f 662/1013/644 819/1014/796 820/1015/797
f 819/1014/796 816/1005/793 821/1016/798
f 662/1013/644 820/1015/797 663/1017/645
f 820/1015/797 819/1014/796 822/1018/799
f 822/1018/799 819/1014/796 821/1016/798
f 820/1015/797 822/1018/799 663/1017/645
f 821/1016/798 816/1005/793 823/1019/800
f 821/1016/798 823/1019/800 822/1018/799
f 823/1019/800 816/1005/793 817/1009/794
f 663/1017/645 822/1018/799 824/1020/801
f 823/1019/800 817/1009/794 825/1021/802
f 822/1018/799 823/1019/800 826/1022/803
f 826/1022/803 823/1019/800 825/1021/802
f 824/1020/801 822/1018/799 827/1023/804
f 827/1023/804 822/1018/799 826/1022/803
f 825/1021/802 817/1009/794 828/1024/805
f 828/1024/805 817/1009/794 829/1025/806
f 828/1024/805 829/1025/806 825/1021/802
f 829/1025/806 817/1009/794 626/1010/611
f 826/1022/803 825/1021/802 830/1026/807
f 826/1022/803 830/1026/807 827/1023/804
f 830/1026/807 825/1021/802 829/1025/806
f 829/1025/806 626/1010/611 627/1027/612
f 827/1023/804 830/1026/807 831/1028/808
f 829/1025/806 627/1027/612 832/1029/809
f 830/1026/807 829/1025/806 833/1030/810
f 830/1026/807 833/1030/810 831/1028/808
f 833/1030/810 829/1025/806 832/1029/809
f 832/1029/809 627/1027/612 631/1031/616
f 834/1032/811 824/1020/801 827/1023/804
f 834/1032/811 827/1023/804 831/1028/808
f 833/1030/810 832/1029/809 834/1032/811
f 824/1020/801 834/1032/811 835/1033/812
f 824/1020/801 835/1033/812 663/1017/645
f 663/1017/645 835/1033/812 836/1034/813
f 663/1017/645 836/1034/813 837/1035/814
f 836/1034/813 835/1033/812 838/1036/815
f 838/1036/815 835/1033/812 839/1037/816
f 839/1037/816 835/1033/812 834/1032/811
f 836/1034/813 838/1036/815 840/1038/817
f 840/1038/817 838/1036/815 839/1037/816
f 837/1035/814 836/1034/813 841/1039/818
f 842/1040/819 833/1030/810 834/1032/811
f 842/1040/819 834/1032/811 831/1028/808
f 833/1030/810 842/1040/819 843/1041/820
f 842/1040/819 831/1028/808 844/1042/821
f 843/1041/820 842/1040/819 845/1042/822
f 845/1042/822 842/1040/819 844/1042/821
f 843/1041/820 845/1042/822 846/1043/823
f 843/1041/820 846/1043/823 833/1030/810
f 846/1043/823 845/1042/822 844/1042/821
f 833/1030/810 846/1043/823 831/1028/808
f 831/1028/808 846/1043/823 844/1042/821
f 847/1044/824 841/1039/818 836/1034/813
f 847/1044/824 836/1034/813 840/1038/817
f 847/1044/824 840/1038/817 848/1045/825
f 847/1044/824 848/1045/825 849/1046/826
f 847/1044/824 849/1046/826 850/1047/827
f 847/1044/824 850/1047/827 841/1039/818
f 849/1046/826 848/1045/825 851/1048/828
f 849/1046/826 851/1048/828 850/1047/827
f 848/1045/825 840/1038/817 852/1049/829
f 850/1047/827 851/1048/828 853/1050/830
f 852/1049/829 840/1038/817 854/1051/831
f 853/1050/830 851/1048/828 855/1052/832
f 853/1050/830 855/1052/832 856/1053/833
f 851/1048/828 848/1045/825 857/1054/834
f 857/1054/834 848/1045/825 852/1049/829
f 855/1052/832 851/1048/828 858/1055/835
f 858/1055/835 851/1048/828 857/1054/834
f 854/1051/831 840/1038/817 839/1037/816
f 852/1049/829 854/1051/831 859/1056/836
f 852/1049/829 859/1056/836 857/1054/834
f 854/1051/831 839/1037/816 860/1057/837
f 859/1056/836 854/1051/831 861/1058/838
f 861/1058/838 854/1051/831 860/1057/837
f 860/1057/837 839/1037/816 862/1059/839
f 860/1057/837 862/1059/839 863/1060/840
f 862/1059/839 839/1037/816 864/1061/841
f 862/1059/839 864/1061/841 863/1060/840
f 864/1061/841 839/1037/816 834/1032/811
f 864/1061/841 834/1032/811 832/1029/809
f 864/1061/841 832/1029/809 863/1060/840
f 863/1060/840 832/1029/809 860/1057/837
f 860/1057/837 832/1029/809 865/1062/842
f 860/1057/837 865/1062/842 861/1058/838
f 865/1062/842 832/1029/809 631/1031/616
f 866/1063/843 859/1056/836 861/1058/838
f 859/1056/836 866/1063/843 857/1054/834
f 861/1058/838 865/1062/842 867/1064/844
f 861/1058/838 867/1064/844 868/1065/845
f 861/1058/838 868/1065/845 866/1063/843
f 867/1064/844 865/1062/842 869/1066/846
f 869/1066/846 865/1062/842 631/1031/616
f 867/1064/844 869/1066/846 870/1067/847
f 867/1064/844 870/1067/847 868/1065/845
f 869/1066/846 631/1031/616 871/1068/848
f 870/1067/847 869/1066/846 872/1069/849
f 870/1067/847 872/1069/849 868/1065/845
f 872/1069/849 869/1066/846 871/1068/848
f 871/1068/848 631/1031/616 633/1070/618
f 868/1065/845 872/1069/849 873/1071/850
f 873/1071/850 872/1069/849 871/1068/848
f 871/1068/848 633/1070/618 874/1072/851
f 874/1072/851 633/1070/618 875/1073/852
f 875/1073/852 633/1070/618 584/1074/573
f 871/1068/848 874/1072/851 876/1075/853
f 876/1075/853 874/1072/851 875/1073/852
f 875/1073/852 584/1074/573 877/1076/854
f 877/1076/854 584/1074/573 588/1077/577
f 877/1076/854 588/1077/577 589/1078/578
f 877/1076/854 589/1078/578 592/1079/581
f 875/1073/852 877/1076/854 878/1080/855
f 878/1080/855 877/1076/854 592/1079/581
f 875/1073/852 878/1080/855 876/1075/853
f 878/1080/855 592/1079/581 593/1081/582
f 876/1075/853 878/1080/855 754/1082/733
f 754/1082/733 878/1080/855 593/1081/582
f 754/1082/733 593/1081/582 751/1083/730
f 751/1083/730 593/1081/582 594/1084/583
f 876/1075/853 754/1082/733 783/1085/762
f 783/1085/762 754/1082/733 757/1086/736
f 876/1075/853 783/1085/762 879/1087/856
f 876/1075/853 879/1087/856 871/1068/848
f 879/1087/856 783/1085/762 782/1088/761
f 871/1068/848 879/1087/856 880/1089/857
f 871/1068/848 880/1089/857 873/1071/850
f 873/1071/850 880/1089/857 879/1087/856
f 873/1071/850 879/1087/856 782/1088/761
f 873/1071/850 782/1088/761 780/1090/759
f 873/1071/850 780/1090/759 779/1091/758
f 873/1071/850 779/1091/758 881/1092/858
f 873/1071/850 881/1092/858 882/1093/859
f 873/1071/850 882/1093/859 868/1065/845
f 868/1065/845 882/1093/859 866/1063/843
f 882/1093/859 881/1092/858 883/1094/860
f 881/1092/858 779/1091/758 884/1095/861
f 881/1092/858 884/1095/861 883/1094/860
f 884/1095/861 779/1091/758 885/1096/862
f 884/1095/861 885/1096/862 883/1094/860
f 882/1093/859 883/1094/860 886/1097/863
f 882/1093/859 886/1097/863 866/1063/843
f 883/1094/860 885/1096/862 887/1098/864
f 886/1097/863 883/1094/860 888/1099/865
f 888/1099/865 883/1094/860 887/1098/864
f 886/1097/863 888/1099/865 889/1100/866
f 889/1100/866 888/1099/865 890/1101/867
f 890/1101/867 888/1099/865 887/1098/864
f 886/1097/863 889/1100/866 891/1102/868
f 886/1097/863 891/1102/868 866/1063/843
f 890/1101/867 887/1098/864 892/1103/869
f 893/1104/870 855/1052/832 891/1102/868
f 891/1102/868 855/1052/832 858/1055/835
f 891/1102/868 858/1055/835 866/1063/843
f 769/1105/748 892/1103/869 770/1106/749
f 770/1106/749 892/1103/869 775/1107/754
f 775/1107/754 892/1103/869 887/1098/864
f 775/1107/754 887/1098/864 885/1096/862
f 775/1107/754 885/1096/862 894/1108/871
f 775/1107/754 894/1108/871 776/1109/755
f 894/1108/871 885/1096/862 779/1091/758
f 895/1110/872 779/1091/758 776/1109/755
f 895/1110/872 776/1109/755 894/1108/871
f 779/1091/758 895/1110/872 896/1111/873
f 896/1111/873 895/1110/872 894/1108/871
f 894/1108/871 779/1091/758 897/1112/874
f 894/1108/871 897/1112/874 896/1111/873
f 896/1111/873 897/1112/874 779/1091/758
f 898/1113/875 866/1063/843 858/1055/835
f 866/1063/843 898/1113/875 857/1054/834
f 898/1113/875 858/1055/835 899/1114/876
f 857/1054/834 898/1113/875 899/1115/877
f 900/1116/878 858/1055/835 857/1054/834
f 900/1116/878 857/1054/834 899/1115/877
f 858/1055/835 900/1116/878 899/1114/876
f 899/1115/877 898/1113/875 901/1114/879
f 901/1114/879 898/1113/875 899/1114/876
f 899/1115/877 901/1114/879 900/1116/878
f 900/1116/878 901/1114/879 899/1114/876
f 527/1117/517 523/1118/513 902/1119/880
f 527/1117/517 902/1119/880 903/1120/881
f 902/1119/880 523/1118/513 904/1121/882
f 903/1120/881 902/1119/880 905/1122/883
f 905/1122/883 902/1119/880 904/1121/882
f 904/1121/882 523/1118/513 653/1123/635
f 903/1120/881 905/1122/883 906/1124/884
f 903/1120/881 906/1124/884 527/1117/517
f 906/1124/884 905/1122/883 904/1121/882
f 904/1121/882 653/1123/635 907/1125/885
f 904/1121/882 907/1125/885 906/1124/884
f 907/1125/885 653/1123/635 652/1126/634
f 527/1117/517 906/1124/884 537/1127/527
f 906/1124/884 907/1125/885 908/1128/886
f 907/1125/885 652/1126/634 909/1129/887
f 907/1125/885 909/1129/887 908/1128/886
f 908/1128/886 909/1129/887 906/1124/884
f 909/1129/887 652/1126/634 661/1130/643
f 537/1127/527 906/1124/884 910/1131/888
f 910/1131/888 906/1124/884 909/1129/887
f 537/1127/527 910/1131/888 911/1132/889
f 910/1131/888 909/1129/887 912/1133/890
f 910/1131/888 912/1133/890 911/1132/889
f 912/1133/890 909/1129/887 913/1134/891
f 913/1134/891 909/1129/887 661/1130/643
f 911/1132/889 912/1133/890 914/1135/892
f 913/1134/891 661/1130/643 915/1136/893
f 914/1135/892 912/1133/890 916/1137/894
f 916/1137/894 912/1133/890 913/1134/891
f 914/1135/892 916/1137/894 917/1138/895
f 914/1135/892 917/1138/895 911/1132/889
f 916/1137/894 913/1134/891 918/1139/896
f 916/1137/894 918/1139/896 917/1138/895
f 918/1139/896 913/1134/891 915/1136/893
f 917/1138/895 918/1139/896 911/1132/889
f 837/1140/814 915/1136/893 661/1130/643
f 837/1140/814 661/1130/643 919/1141/897
f 837/1140/814 919/1141/897 663/1142/645
f 663/1142/645 919/1141/897 661/1130/643
f 918/1139/896 915/1136/893 920/1143/898
f 918/1139/896 920/1143/898 850/1144/827
f 921/1145/899 850/1144/827 853/1146/830
f 850/1144/827 921/1145/899 918/1139/896
f 918/1139/896 921/1145/899 922/1147/900
f 918/1139/896 922/1147/900 923/1148/901
f 918/1139/896 923/1148/901 924/1149/902
f 918/1139/896 924/1149/902 911/1132/889
f 911/1132/889 924/1149/902 925/1150/903
f 911/1132/889 925/1150/903 537/1127/527
f 925/1150/903 924/1149/902 926/1151/904
f 537/1127/527 925/1150/903 927/1152/905
f 925/1150/903 926/1151/904 928/1153/906
f 928/1153/906 926/1151/904 929/1154/907
f 927/1152/905 925/1150/903 930/1155/908
f 930/1155/908 925/1150/903 928/1153/906
f 930/1155/908 928/1153/906 929/1154/907
f 927/1152/905 930/1155/908 931/1156/909
f 931/1156/909 930/1155/908 929/1154/907
f 390/1157/14 167/1158/14 166/1159/14
f 390/1157/14 166/1159/14 932/1160/14
f 390/1157/14 932/1160/14 933/1161/14
f 933/1161/14 932/1160/14 934/1162/14
f 934/1162/14 932/1160/14 935/1163/14
f 390/1157/14 933/1161/14 792/1164/13
f 932/1160/14 166/1159/14 936/1165/14
f 932/1160/14 936/1165/14 935/1163/14
f 936/1165/14 166/1159/14 165/1166/14
f 936/1165/14 165/1166/14 937/1167/14
f 936/1165/14 937/1167/14 935/1163/14
f 935/1163/14 937/1167/14 938/1168/14
f 390/1157/14 792/1164/13 398/1169/389
f 939/1170/910 792/1164/13 933/1161/14
f 398/1169/389 792/1164/13 790/1171/769
f 398/1169/389 790/1171/769 784/1172/763
f 784/1172/763 790/1171/769 786/1173/765
f 786/1173/765 790/1171/769 789/1174/768
f 792/1164/13 939/1170/910 940/1175/911
f 792/1164/13 940/1175/911 941/1176/912
f 940/1175/911 939/1170/910 942/1177/913
f 940/1175/911 942/1177/913 941/1176/912
f 943/1178/914 944/1179/915 945/1180/916
f 127/1181/124 943/1178/914 118/1182/115
f 944/1179/915 943/1178/914 946/1183/917
f 118/1182/115 943/1178/914 116/1184/113
f 116/1184/113 943/1178/914 945/1180/916
f 947/1185/918 111/1186/108 116/1184/113
f 947/1185/918 116/1184/113 948/1187/919
f 948/1187/919 116/1184/113 949/1188/920
f 949/1188/920 116/1184/113 945/1180/916
f 950/1189/921 945/1180/916 944/1179/915
f 945/1180/916 950/1189/921 949/1188/920
f 950/1189/921 944/1179/915 946/1183/917
f 949/1188/920 950/1189/921 951/1190/922
f 950/1189/921 946/1183/917 952/1191/923
f 952/1191/923 946/1183/917 953/1192/364
f 950/1189/921 952/1191/923 954/1193/924
f 954/1193/924 952/1191/923 953/1192/364
f 954/1193/924 953/1192/364 955/1194/925
f 955/1194/925 953/1192/364 956/1195/926
f 950/1189/921 954/1193/924 957/1196/927
f 950/1189/921 957/1196/927 951/1190/922
f 951/1190/922 957/1196/927 958/1197/928
f 951/1190/922 958/1197/928 959/1198/929
f 951/1190/922 959/1198/929 960/1199/930
f 959/1198/929 958/1197/928 961/1200/931
f 960/1199/930 959/1198/929 962/1201/932
f 962/1201/932 959/1198/929 961/1200/931
f 650/1202/632 727/1203/706 963/1204/933
f 650/1202/632 963/1204/933 649/1205/631
f 963/1204/933 727/1203/706 964/1206/934
f 649/1205/631 963/1204/933 965/1207/935
f 965/1207/935 963/1204/933 964/1206/934
f 965/1207/935 964/1206/934 727/1203/706
f 649/1205/631 965/1207/935 728/1208/707
f 728/1208/707 965/1207/935 727/1203/706
f 111/1209/108 947/1210/918 112/1211/109
f 112/1211/109 947/1210/918 966/1212/936
f 966/1212/936 947/1210/918 948/1213/919
f 112/1211/109 966/1212/936 958/1214/928
f 966/1212/936 948/1213/919 949/1215/920
f 958/1214/928 966/1212/936 961/1216/931
f 966/1212/936 949/1215/920 951/1217/922
f 966/1212/936 951/1217/922 961/1216/931
f 961/1216/931 951/1217/922 960/1218/930
f 961/1216/931 960/1218/930 967/1219/937
f 967/1219/937 960/1218/930 956/1220/926
f 956/1220/926 960/1218/930 955/1221/925
f 967/1219/937 956/1220/926 968/1222/938
f 968/1222/938 956/1220/926 969/1223/939
f 969/1223/939 956/1220/926 953/1224/364
f 968/1222/938 969/1223/939 970/1225/940
f 969/1223/939 953/1224/364 971/1226/941
f 969/1223/939 971/1226/941 970/1225/940
f 971/1226/941 953/1224/364 946/1227/917
f 970/1225/940 971/1226/941 972/1228/942
f 972/1228/942 971/1226/941 946/1227/917
f 970/1225/940 972/1228/942 973/1229/943
f 972/1228/942 946/1227/917 223/1230/215
f 973/1229/943 972/1228/942 225/1231/217
f 225/1231/217 972/1228/942 223/1230/215
f 973/1229/943 225/1231/217 229/1232/221
f 223/1230/215 946/1227/917 943/1233/914
f 223/1230/215 943/1233/914 131/1234/128
f 131/1234/128 943/1233/914 127/1235/124
f 974/1236/944 794/1237/772 793/1238/771
f 794/1237/772 974/1236/944 797/1239/775
f 974/1236/944 793/1238/771 975/1240/945
f 975/1240/945 793/1238/771 791/1241/770
f 797/1239/775 974/1236/944 976/1242/946
f 976/1242/946 974/1236/944 975/1240/945
f 975/1240/945 791/1241/770 792/1243/13
f 797/1239/775 976/1242/946 799/1244/777
f 975/1240/945 792/1243/13 941/1245/912
f 799/1244/777 976/1242/946 798/1246/776
f 975/1240/945 941/1245/912 977/1247/947
f 975/1240/945 977/1247/947 976/1242/946
f 976/1242/946 977/1247/947 978/1248/948
f 976/1242/946 978/1248/948 798/1246/776
f 977/1247/947 941/1245/912 979/1249/949
f 979/1249/949 941/1245/912 942/1250/913
f 978/1248/948 977/1247/947 980/1251/950
f 978/1248/948 980/1251/950 798/1246/776
f 980/1251/950 977/1247/947 979/1249/949
f 979/1249/949 942/1250/913 981/1252/951
f 979/1249/949 981/1252/951 980/1251/950
f 798/1246/776 980/1251/950 982/1253/952
f 798/1246/776 982/1253/952 803/1254/781
f 980/1251/950 981/1252/951 983/1255/953
f 980/1251/950 983/1255/953 984/1256/954
f 984/1256/954 983/1255/953 981/1252/951
f 980/1251/950 984/1256/954 982/1253/952
f 985/1257/955 981/1252/951 942/1250/913
f 985/1257/955 942/1250/913 939/1258/910
f 985/1257/955 939/1258/910 986/1259/956
f 985/1257/955 986/1259/956 987/1260/957
f 987/1260/957 986/1259/956 988/1261/958
f 985/1257/955 987/1260/957 981/1252/951
f 981/1252/951 987/1260/957 989/1262/959
f 989/1262/959 987/1260/957 990/1263/960
f 981/1252/951 989/1262/959 991/1264/961
f 991/1264/961 989/1262/959 992/1265/962
f 992/1265/962 989/1262/959 993/1266/963
f 981/1252/951 991/1264/961 994/1267/964
f 994/1267/964 991/1264/961 992/1265/962
f 981/1252/951 994/1267/964 984/1256/954
f 994/1267/964 992/1265/962 995/1268/965
f 994/1267/964 995/1268/965 984/1256/954
f 984/1256/954 995/1268/965 996/1269/966
f 984/1256/954 996/1269/966 997/1270/967
f 997/1270/967 996/1269/966 998/1271/968
f 997/1270/967 998/1271/968 999/1272/969
f 984/1256/954 997/1270/967 1000/1273/970
f 984/1256/954 1000/1273/970 1001/1274/971
f 984/1256/954 1001/1274/971 982/1253/952
f 982/1253/952 1001/1274/971 1000/1273/970
f 1000/1273/970 997/1270/967 1002/1275/972
f 1000/1273/970 1002/1275/972 982/1253/952
f 1002/1275/972 997/1270/967 999/1272/969
f 1002/1275/972 999/1272/969 813/1276/790
f 813/1276/790 999/1272/969 1003/1277/973
f 813/1276/790 1003/1277/973 1004/1278/974
f 813/1276/790 1004/1278/974 1005/1279/975
f 1005/1279/975 1004/1278/974 1006/1280/976
f 1002/1275/972 813/1276/790 812/1281/789
f 1002/1275/972 812/1281/789 808/1282/785
f 1002/1275/972 808/1282/785 807/1283/108
f 1002/1275/972 807/1283/108 1007/1284/977
f 1002/1275/972 1007/1284/977 982/1253/952
f 1007/1284/977 807/1283/108 804/1285/782
f 982/1253/952 1007/1284/977 803/1254/781
f 803/1254/781 1007/1284/977 804/1285/782
f 501/1286/492 472/1287/463 112/1288/109
f 472/1287/463 501/1286/492 474/1289/465
f 501/1286/492 112/1288/109 958/1290/928
f 501/1286/492 958/1290/928 957/1291/927
f 733/1292/712 502/1293/493 501/1286/492
f 733/1292/712 501/1286/492 1008/1294/978
f 733/1292/712 1008/1294/978 732/1295/711
f 1008/1294/978 501/1286/492 1009/1296/979
f 1008/1294/978 1009/1296/979 732/1295/711
f 1009/1296/979 501/1286/492 957/1291/927
f 732/1295/711 1009/1296/979 736/1297/715
f 1009/1296/979 957/1291/927 1010/1298/980
f 1010/1298/980 957/1291/927 954/1299/924
f 1010/1298/980 954/1299/924 955/1300/925
f 1010/1298/980 955/1300/925 1009/1296/979
f 1009/1296/979 955/1300/925 736/1297/715
f 736/1297/715 955/1300/925 1011/1301/981
f 1011/1301/981 955/1300/925 960/1302/930
f 1011/1301/981 960/1302/930 962/1303/932
f 736/1297/715 1011/1301/981 1012/1304/982
f 1012/1304/982 1011/1301/981 962/1303/932
f 736/1297/715 1012/1304/982 735/1305/714
f 1012/1304/982 962/1303/932 1013/1306/983
f 1012/1304/982 1013/1306/983 1014/1307/984
f 961/1308/931 967/1309/937 962/1303/932
f 962/1303/932 967/1309/937 1013/1306/983
f 1014/1307/984 1013/1306/983 1015/1310/985
f 1014/1307/984 1015/1310/985 1016/1311/986
f 1013/1306/983 967/1309/937 1017/1312/987
f 1017/1312/987 967/1309/937 968/1313/938
f 1015/1310/985 1013/1306/983 1018/1314/988
f 1018/1314/988 1013/1306/983 1017/1312/987
f 1016/1311/986 1015/1310/985 1019/1315/989
f 1016/1311/986 1019/1315/989 1020/1316/990
f 1015/1310/985 1018/1314/988 1021/1317/991
f 1015/1310/985 1021/1317/991 1019/1315/989
f 1018/1314/988 1017/1312/987 1022/1318/992
f 1018/1314/988 1022/1318/992 1021/1317/991
f 1023/1319/993 1017/1312/987 968/1313/938
f 1017/1312/987 1023/1319/993 1022/1318/992
f 1023/1319/993 968/1313/938 970/1320/940
f 1019/1315/989 1021/1317/991 1024/1321/994
f 1024/1321/994 1021/1317/991 1022/1318/992
f 1022/1318/992 1023/1319/993 1025/1322/995
f 1025/1322/995 1023/1319/993 970/1320/940
f 1022/1318/992 1025/1322/995 1024/1321/994
f 1024/1321/994 1025/1322/995 1026/1323/996
f 1025/1322/995 970/1320/940 1027/1324/997
f 1025/1322/995 1027/1324/997 1026/1323/996
f 1027/1324/997 970/1320/940 973/1325/943
f 1024/1321/994 1026/1323/996 1028/1326/998
f 1028/1326/998 1026/1323/996 1027/1324/997
f 1029/1327/999 1019/1315/989 1024/1321/994
f 1029/1327/999 1024/1321/994 1028/1326/998
f 1019/1315/989 1029/1327/999 1020/1316/990
f 1020/1316/990 1029/1327/999 1030/1328/1000
f 1030/1328/1000 1029/1327/999 1028/1326/998
f 1020/1316/990 1030/1328/1000 1031/1329/1001
f 1031/1329/1001 1030/1328/1000 1032/1330/1002
f 1032/1330/1002 1030/1328/1000 1033/1331/1003
f 1033/1331/1003 1030/1328/1000 1034/1332/1004
f 1030/1328/1000 1028/1326/998 1035/1333/1005
f 1030/1328/1000 1035/1333/1005 1034/1332/1004
f 1035/1333/1005 1028/1326/998 1027/1324/997
f 1034/1332/1004 1035/1333/1005 1036/1334/1006
f 1034/1332/1004 1036/1334/1006 1037/1335/1007
f 1037/1335/1007 1036/1334/1006 1038/1336/1008
f 1038/1336/1008 1036/1334/1006 1039/1337/1009
f 1039/1337/1009 1036/1334/1006 1040/1338/1010
f 1040/1338/1010 1036/1334/1006 1035/1333/1005
f 1039/1337/1009 1040/1338/1010 230/1339/222
f 230/1339/222 1040/1338/1010 1041/1340/1011
f 1041/1340/1011 1040/1338/1010 1035/1333/1005
f 230/1339/222 1041/1340/1011 229/1341/221
f 229/1341/221 1041/1340/1011 973/1325/943
f 973/1325/943 1041/1340/1011 1027/1324/997
f 1041/1340/1011 1035/1333/1005 1042/1342/297
f 1041/1340/1011 1042/1342/297 1027/1324/997
f 1027/1324/997 1042/1342/297 1035/1333/1005
f 467/1343/458 708/1344/687 458/1345/449
f 708/1344/687 467/1343/458 715/1346/694
f 715/1346/694 467/1343/458 1043/1347/1012
f 715/1346/694 1043/1347/1012 716/1348/695
f 468/1349/459 467/1343/458 466/1350/457
f 467/1343/458 468/1349/459 1044/1351/1013
f 467/1343/458 1044/1351/1013 1043/1347/1012
f 1044/1351/1013 468/1349/459 1045/1352/1014
f 1045/1352/1014 468/1349/459 691/1353/671
f 1045/1352/1014 691/1353/671 1046/1354/1015
f 1045/1352/1014 1046/1354/1015 1047/1355/1016
f 1045/1352/1014 1047/1355/1016 1044/1351/1013
f 1048/1356/1017 1049/1357/1018 1046/1354/1015
f 1046/1354/1015 1049/1357/1018 1050/1358/1019
f 1046/1354/1015 1050/1358/1019 1047/1355/1016
f 1051/1359/1020 1052/1360/1021 1049/1357/1018
f 1049/1357/1018 1052/1360/1021 1050/1358/1019
f 1050/1358/1019 1052/1360/1021 1053/1361/1022
f 1047/1355/1016 1050/1358/1019 1054/1362/1023
f 1055/1363/1024 1052/1360/1021 1056/1364/1025
f 1052/1360/1021 1055/1363/1024 1053/1361/1022
f 1054/1362/1023 1050/1358/1019 1057/1365/1026
f 1057/1365/1026 1050/1358/1019 1053/1361/1022
f 1054/1362/1023 1057/1365/1026 1058/1366/1027
f 1047/1355/1016 1054/1362/1023 1059/1367/1028
f 1059/1367/1028 1054/1362/1023 1058/1366/1027
f 1058/1366/1027 1057/1365/1026 1054/1366/1029
f 1058/1366/1027 1054/1366/1029 1059/1367/1028
f 1059/1367/1028 1054/1366/1029 1057/1365/1026
f 1059/1367/1028 1057/1365/1026 1053/1361/1022
f 1047/1355/1016 1059/1367/1028 1060/1368/1030
f 1060/1368/1030 1059/1367/1028 1053/1361/1022
f 1047/1355/1016 1060/1368/1030 1044/1351/1013
f 1061/1369/1031 1053/1361/1022 1055/1363/1024
f 1044/1351/1013 1060/1368/1030 1062/1370/1032
f 1044/1351/1013 1062/1370/1032 1063/1371/1033
f 1044/1351/1013 1063/1371/1033 1043/1347/1012
f 1043/1347/1012 1063/1371/1033 1062/1370/1032
f 1043/1347/1012 1062/1370/1032 1060/1368/1030
f 1043/1347/1012 1060/1368/1030 1064/1372/1034
f 1043/1347/1012 1064/1372/1034 716/1348/695
f 1065/1373/1035 1060/1368/1030 1053/1361/1022
f 1060/1368/1030 1065/1373/1035 1064/1372/1034
f 716/1348/695 1064/1372/1034 1066/1374/1036
f 1066/1374/1036 1064/1372/1034 1065/1373/1035
f 716/1348/695 1066/1374/1036 717/1375/696
f 1065/1373/1035 1053/1361/1022 1067/1376/1037
f 1065/1373/1035 1067/1376/1037 1066/1374/1036
f 1066/1374/1036 1067/1376/1037 717/1375/696
f 1067/1376/1037 1053/1361/1022 1061/1369/1031
f 717/1375/696 1067/1376/1037 719/1377/698
f 719/1377/698 1067/1376/1037 649/1378/631
f 1067/1376/1037 1061/1369/1031 1068/1379/1038
f 1067/1376/1037 1068/1379/1038 649/1378/631
f 1068/1379/1038 1061/1369/1031 1055/1363/1024
f 1068/1379/1038 1055/1363/1024 1069/1380/1039
f 1069/1380/1039 1055/1363/1024 1070/1381/1040
f 1068/1379/1038 1069/1380/1039 1071/1382/1041
f 1071/1382/1041 1069/1380/1039 1072/1383/1042
f 649/1378/631 1068/1379/1038 1073/1384/1043
f 1073/1384/1043 1068/1379/1038 1071/1382/1041
f 1073/1384/1043 1071/1382/1041 1074/1385/1044
f 649/1378/631 1073/1384/1043 645/1386/14
f 645/1386/14 1073/1384/1043 1075/1387/1045
f 233/1388/225 439/1389/430 1076/1390/1046
f 1076/1390/1046 439/1389/430 1077/1391/1047
f 233/1388/225 1076/1390/1046 1078/1392/1048
f 233/1388/225 1078/1392/1048 231/1393/223
f 1076/1390/1046 1077/1391/1047 1079/1394/1049
f 1076/1390/1046 1079/1394/1049 1078/1392/1048
f 231/1393/223 1078/1392/1048 1080/1395/1050
f 1080/1395/1050 1078/1392/1048 1079/1394/1049
f 231/1393/223 1080/1395/1050 232/1396/224
f 1081/1397/1051 1077/1391/1047 439/1389/430
f 1077/1391/1047 1081/1397/1051 1079/1394/1049
f 1080/1395/1050 1079/1394/1049 1082/1398/1052
f 1082/1398/1052 1079/1394/1049 1081/1397/1051
f 1080/1395/1050 1082/1398/1052 232/1396/224
f 1081/1397/1051 439/1389/430 1083/1399/1053
f 1081/1397/1051 1083/1399/1053 1082/1398/1052
f 1083/1399/1053 439/1389/430 805/1400/783
f 1083/1399/1053 805/1400/783 1084/1401/1054
f 1084/1401/1054 805/1400/783 809/1402/786
f 1084/1401/1054 809/1402/786 1085/1403/1055
f 1084/1401/1054 1085/1403/1055 1086/1404/1056
f 1087/1405/1057 232/1396/224 1082/1398/1052
f 1082/1398/1052 1083/1399/1053 1088/1406/1058
f 1082/1398/1052 1088/1406/1058 1087/1405/1057
f 1088/1406/1058 1083/1399/1053 1089/1407/1059
f 1089/1407/1059 1083/1399/1053 1084/1401/1054
f 1084/1401/1054 1086/1404/1056 1090/1408/1060
f 1084/1401/1054 1090/1408/1060 1089/1407/1059
f 1091/1409/1061 1086/1404/1056 1006/1410/976
f 1086/1404/1056 1091/1409/1061 1092/1411/1062
f 1086/1404/1056 1092/1411/1062 1090/1408/1060
f 1092/1411/1062 1091/1409/1061 1093/1412/1063
f 1092/1411/1062 1093/1412/1063 1090/1408/1060
f 1093/1412/1063 1091/1409/1061 1094/1413/1064
f 1093/1412/1063 1094/1413/1064 1095/1414/1065
f 1095/1414/1065 1094/1413/1064 1096/1415/1066
f 1090/1408/1060 1093/1412/1063 1097/1416/1067
f 1097/1416/1067 1093/1412/1063 1095/1414/1065
f 1095/1414/1065 1096/1415/1066 1098/1417/1068
f 1095/1414/1065 1098/1417/1068 1097/1416/1067
f 1090/1408/1060 1097/1416/1067 1099/1418/1069
f 1099/1418/1069 1097/1416/1067 1098/1417/1068
f 1090/1408/1060 1099/1418/1069 1089/1407/1059
f 1089/1407/1059 1099/1418/1069 1098/1417/1068
f 1089/1407/1059 1098/1417/1068 1100/1419/1070
f 1100/1419/1070 1098/1417/1068 1101/1420/1071
f 1100/1419/1070 1101/1420/1071 1102/1421/1072
f 1089/1407/1059 1100/1419/1070 1103/1422/1073
f 1089/1407/1059 1103/1422/1073 1104/1423/1074
f 1089/1407/1059 1104/1423/1074 1088/1406/1058
f 1103/1422/1073 1100/1419/1070 1105/1424/1075
f 1103/1422/1073 1105/1424/1075 1104/1423/1074
f 1088/1406/1058 1104/1423/1074 1087/1405/1057
f 1087/1405/1057 1104/1423/1074 1105/1424/1075
f 1087/1405/1057 1105/1424/1075 1038/1425/1008
f 1087/1405/1057 1038/1425/1008 1039/1426/1009
f 1087/1405/1057 1039/1426/1009 232/1396/224
f 1038/1425/1008 1105/1424/1075 1106/1427/1076
f 1106/1427/1076 1105/1424/1075 1100/1419/1070
f 232/1396/224 1039/1426/1009 1107/1428/1077
f 232/1396/224 1107/1428/1077 230/1429/222
f 230/1429/222 1107/1428/1077 1039/1426/1009
f 1038/1425/1008 1106/1427/1076 1037/1430/1007
f 1106/1427/1076 1100/1419/1070 1108/1431/1078
f 1108/1431/1078 1100/1419/1070 1102/1421/1072
f 1108/1431/1078 1102/1421/1072 1109/1432/1079
f 1108/1431/1078 1109/1432/1079 1110/1433/1080
f 1108/1431/1078 1110/1433/1080 1111/1434/1081
f 1111/1434/1081 1110/1433/1080 1112/1435/1082
f 1111/1434/1081 1112/1435/1082 1113/1436/1083
f 1113/1436/1083 1112/1435/1082 1114/1437/1084
f 1111/1434/1081 1113/1436/1083 1115/1438/1085
f 1115/1438/1085 1113/1436/1083 1114/1437/1084
f 1111/1434/1081 1115/1438/1085 1108/1431/1078
f 1115/1438/1085 1114/1437/1084 1116/1439/1086
f 1115/1438/1085 1116/1439/1086 1117/1440/1087
f 1108/1431/1078 1115/1438/1085 1118/1441/1088
f 1118/1441/1088 1115/1438/1085 1117/1440/1087
f 1108/1431/1078 1118/1441/1088 1106/1427/1076
f 1118/1441/1088 1117/1440/1087 1119/1442/1089
f 1106/1427/1076 1118/1441/1088 1120/1443/1090
f 1120/1443/1090 1118/1441/1088 1119/1442/1089
f 1106/1427/1076 1120/1443/1090 1037/1430/1007
f 1037/1430/1007 1120/1443/1090 1033/1444/1003
f 1037/1430/1007 1033/1444/1003 1034/1445/1004
f 1120/1443/1090 1119/1442/1089 1121/1446/1021
f 1120/1443/1090 1121/1446/1021 1033/1444/1003
f 1121/1446/1021 1119/1442/1089 1122/1447/1091
f 1033/1444/1003 1121/1446/1021 1032/1448/1002
f 1032/1448/1002 1121/1446/1021 1122/1447/1091
f 668/1449/650 542/1450/532 1123/1451/1092
f 1123/1451/1092 542/1450/532 1124/1452/1093
f 668/1449/650 1123/1451/1092 1125/1453/1094
f 668/1449/650 1125/1453/1094 667/1454/649
f 667/1454/649 1125/1453/1094 679/1455/475
f 679/1455/475 1125/1453/1094 694/1456/674
f 694/1456/674 1125/1453/1094 1123/1451/1092
f 1123/1451/1092 1124/1452/1093 1126/1457/1095
f 1126/1457/1095 1124/1452/1093 542/1450/532
f 1123/1451/1092 1126/1457/1095 694/1456/674
f 1126/1457/1095 542/1450/532 1127/1458/1096
f 1127/1458/1096 542/1450/532 541/1459/531
f 1127/1458/1096 541/1459/531 1126/1457/1095
f 1126/1457/1095 541/1459/531 537/1460/527
f 694/1456/674 1126/1457/1095 1128/1461/1097
f 1128/1461/1097 1126/1457/1095 537/1460/527
f 694/1456/674 1128/1461/1097 1129/1462/1098
f 1128/1461/1097 537/1460/527 927/1463/905
f 1128/1461/1097 927/1463/905 931/1464/909
f 731/1465/710 814/1466/791 815/1467/792
f 1074/1468/1044 1130/1469/1099 1131/1470/1100
f 1130/1469/1099 1074/1468/1044 1072/1471/1042
f 1130/1469/1099 1072/1471/1042 1131/1470/1100
f 1072/1471/1042 1074/1468/1044 1071/1472/1041
f 1074/1468/1044 1131/1470/1100 1075/1473/1045
f 1074/1468/1044 1075/1473/1045 1073/1474/1043
f 1131/1470/1100 1072/1471/1042 1132/1475/1101
f 1075/1473/1045 1131/1470/1100 1133/1476/1102
f 1133/1476/1102 1131/1470/1100 1132/1475/1101
f 646/1477/14 645/1478/14 1075/1473/1045
f 646/1477/14 1075/1473/1045 1134/1479/1103
f 1134/1479/1103 1075/1473/1045 1133/1476/1102
f 646/1477/14 1134/1479/1103 1135/1480/1104
f 1134/1479/1103 1133/1476/1102 1136/1481/1105
f 1134/1479/1103 1136/1481/1105 1137/1482/1106
f 1137/1482/1106 1136/1481/1105 1138/1483/1107
f 1136/1481/1105 1133/1476/1102 1139/1484/1108
f 1139/1484/1108 1133/1476/1102 1132/1475/1101
f 1139/1484/1108 1132/1475/1101 1140/1485/1109
f 1140/1485/1109 1132/1475/1101 1072/1471/1042
f 1139/1484/1108 1140/1485/1109 1141/1486/1110
f 1140/1485/1109 1072/1471/1042 1142/1487/1111
f 1142/1487/1111 1072/1471/1042 1069/1488/1039
f 1142/1487/1111 1069/1488/1039 1070/1489/1040
f 1140/1485/1109 1142/1487/1111 1143/1490/1112
f 1143/1490/1112 1142/1487/1111 1070/1489/1040
f 1140/1485/1109 1143/1490/1112 1144/1491/1113
f 1140/1485/1109 1144/1491/1113 1141/1486/1110
f 1143/1490/1112 1070/1489/1040 1145/1492/1114
f 1145/1492/1114 1070/1489/1040 1055/1493/1024
f 1145/1492/1114 1055/1493/1024 1056/1494/1025
f 1143/1490/1112 1145/1492/1114 1146/1495/1115
f 1143/1490/1112 1146/1495/1115 1144/1491/1113
f 1145/1492/1114 1056/1494/1025 1051/1496/1020
f 1051/1496/1020 1056/1494/1025 1052/1497/1021
f 1145/1492/1114 1051/1496/1020 1146/1495/1115
f 1144/1491/1113 1146/1495/1115 1147/1498/1116
f 1144/1491/1113 1147/1498/1116 1141/1486/1110
f 1141/1486/1110 1147/1498/1116 1148/1499/1117
f 1141/1486/1110 1148/1499/1117 1149/1500/1118
f 1149/1500/1118 1148/1499/1117 1147/1498/1116
f 1147/1498/1116 1146/1495/1115 1150/1501/1119
f 1147/1498/1116 1150/1501/1119 1149/1500/1118
f 1150/1501/1119 1146/1495/1115 1151/1502/1120
f 1151/1502/1120 1146/1495/1115 1051/1496/1020
f 1150/1501/1119 1151/1502/1120 1152/1503/1121
f 1152/1503/1121 1151/1502/1120 1051/1496/1020
f 1150/1501/1119 1152/1503/1121 1153/1504/1122
f 1150/1501/1119 1153/1504/1122 1149/1500/1118
f 1152/1503/1121 1051/1496/1020 1154/1505/1123
f 1154/1505/1123 1051/1496/1020 1048/1506/1017
f 1048/1506/1017 1051/1496/1020 1049/1507/1018
f 1154/1505/1123 1048/1506/1017 1155/1508/1124
f 1155/1508/1124 1048/1506/1017 691/1509/671
f 691/1509/671 1048/1506/1017 1046/1510/1015
f 1152/1503/1121 1154/1505/1123 1156/1511/1125
f 1156/1511/1125 1154/1505/1123 1157/1512/1126
f 1156/1511/1125 1157/1512/1126 1158/1513/1127
f 1156/1511/1125 1158/1513/1127 1159/1514/1128
f 1152/1503/1121 1156/1511/1125 1160/1515/1129
f 1160/1515/1129 1156/1511/1125 1159/1514/1128
f 1152/1503/1121 1160/1515/1129 1153/1504/1122
f 1160/1515/1129 1159/1514/1128 1161/1516/1130
f 1161/1516/1130 1159/1514/1128 1162/1517/1131
f 1153/1504/1122 1160/1515/1129 1163/1518/1132
f 1163/1518/1132 1160/1515/1129 1161/1516/1130
f 1161/1516/1130 1162/1517/1131 1164/1519/1133
f 1161/1516/1130 1164/1519/1133 1163/1518/1132
f 1153/1504/1122 1163/1518/1132 1149/1500/1118
f 1149/1500/1118 1163/1518/1132 1164/1519/1133
f 1149/1500/1118 1164/1519/1133 1165/1520/1134
f 1165/1520/1134 1164/1519/1133 1166/1521/1135
f 1149/1500/1118 1165/1520/1134 1167/1522/1136
f 1167/1522/1136 1165/1520/1134 1166/1521/1135
f 1149/1500/1118 1167/1522/1136 1141/1486/1110
f 1167/1522/1136 1166/1521/1135 1139/1484/1108
f 1167/1522/1136 1139/1484/1108 1141/1486/1110
f 988/1523/958 986/1524/956 939/1525/910
f 988/1523/958 939/1525/910 1168/1526/1137
f 988/1523/958 1168/1526/1137 1169/1527/1138
f 988/1523/958 1169/1527/1138 1170/1528/1139
f 1170/1528/1139 1169/1527/1138 1168/1526/1137
f 988/1523/958 1170/1528/1139 987/1529/957
f 987/1529/957 1170/1528/1139 990/1530/960
f 1170/1528/1139 1168/1526/1137 1171/1531/1140
f 1171/1531/1140 1168/1526/1137 1172/1532/1141
f 1171/1531/1140 1172/1532/1141 1173/1533/1142
f 1171/1531/1140 1173/1533/1142 1174/1534/1143
f 1171/1531/1140 1174/1534/1143 1170/1528/1139
f 1170/1528/1139 1174/1534/1143 1175/1535/1144
f 1170/1528/1139 1175/1535/1144 990/1530/960
f 1175/1535/1144 1174/1534/1143 1176/1536/1145
f 1175/1535/1144 1176/1536/1145 1177/1537/1146
f 990/1530/960 1175/1535/1144 1178/1538/1147
f 989/1539/959 990/1530/960 993/1540/963
f 993/1540/963 990/1530/960 1178/1538/1147
f 993/1540/963 1178/1538/1147 992/1541/962
f 1178/1538/1147 1175/1535/1144 1179/1542/1148
f 1175/1535/1144 1177/1537/1146 1180/1543/1149
f 1175/1535/1144 1180/1543/1149 1179/1542/1148
f 1178/1538/1147 1179/1542/1148 1181/1544/1150
f 1181/1544/1150 1179/1542/1148 1180/1543/1149
f 992/1541/962 1178/1538/1147 1182/1545/1151
f 1182/1545/1151 1178/1538/1147 1181/1544/1150
f 992/1541/962 1182/1545/1151 1183/1546/1152
f 992/1541/962 1183/1546/1152 995/1547/965
f 995/1547/965 1183/1546/1152 1182/1545/1151
f 995/1547/965 1182/1545/1151 996/1548/966
f 996/1548/966 1182/1545/1151 998/1549/968
f 998/1549/968 1182/1545/1151 1181/1544/1150
f 998/1549/968 1181/1544/1150 999/1550/969
f 999/1550/969 1181/1544/1150 1184/1551/1153
f 1184/1551/1153 1181/1544/1150 1180/1543/1149
f 999/1550/969 1184/1551/1153 1003/1552/973
f 1185/1553/1154 1180/1543/1149 1177/1537/1146
f 1185/1553/1154 1177/1537/1146 1186/1554/1155
f 1185/1553/1154 1186/1554/1155 1187/1555/1156
f 1180/1543/1149 1185/1553/1154 1188/1556/1157
f 1180/1543/1149 1188/1556/1157 1184/1551/1153
f 1188/1556/1157 1185/1553/1154 1187/1555/1156
f 1003/1552/973 1184/1551/1153 1189/1557/1158
f 1003/1552/973 1189/1557/1158 1004/1558/974
f 1184/1551/1153 1188/1556/1157 1190/1559/1159
f 1184/1551/1153 1190/1559/1159 1189/1557/1158
f 1188/1556/1157 1187/1555/1156 1191/1560/1160
f 1188/1556/1157 1191/1560/1160 1190/1559/1159
f 1191/1560/1160 1187/1555/1156 1192/1561/1161
f 1191/1560/1160 1192/1561/1161 1190/1559/1159
f 1004/1558/974 1189/1557/1158 1193/1562/1162
f 1193/1562/1162 1189/1557/1158 1190/1559/1159
f 1004/1558/974 1193/1562/1162 1194/1563/1163
f 1004/1558/974 1194/1563/1163 1006/1564/976
f 1192/1561/1161 1187/1555/1156 1195/1565/1164
f 1194/1563/1163 1193/1562/1162 1196/1566/1165
f 1194/1563/1163 1196/1566/1165 1006/1564/976
f 1006/1564/976 1196/1566/1165 1094/1567/1064
f 1006/1564/976 1094/1567/1064 1091/1568/1061
f 1195/1565/1164 1187/1555/1156 1197/1569/1166
f 1197/1569/1166 1187/1555/1156 1198/1570/1167
f 1197/1569/1166 1198/1570/1167 1199/1571/1168
f 1195/1565/1164 1197/1569/1166 1200/1572/1169
f 1195/1565/1164 1200/1572/1169 1192/1561/1161
f 1200/1572/1169 1197/1569/1166 1199/1571/1168
f 1201/1573/1170 1202/1574/1171 1199/1571/1168
f 1199/1571/1168 1202/1574/1171 1203/1575/1172
f 1199/1571/1168 1203/1575/1172 1204/1576/1173
f 1199/1571/1168 1204/1576/1173 1200/1572/1169
f 1204/1576/1173 1203/1575/1172 1205/1577/1174
f 1192/1561/1161 1200/1572/1169 1206/1578/1175
f 1206/1578/1175 1200/1572/1169 1204/1576/1173
f 1192/1561/1161 1206/1578/1175 1190/1559/1159
f 1206/1578/1175 1204/1576/1173 1207/1579/1176
f 1206/1578/1175 1207/1579/1176 1190/1559/1159
f 1204/1576/1173 1205/1577/1174 1208/1580/1177
f 1204/1576/1173 1208/1580/1177 1207/1579/1176
f 1207/1579/1176 1208/1580/1177 1190/1559/1159
f 1190/1559/1159 1208/1580/1177 1193/1562/1162
f 1208/1580/1177 1205/1577/1174 1209/1581/1178
f 1193/1562/1162 1208/1580/1177 1210/1582/1179
f 1210/1582/1179 1208/1580/1177 1209/1581/1178
f 1193/1562/1162 1210/1582/1179 1196/1566/1165
f 1196/1566/1165 1210/1582/1179 1211/1583/1180
f 1211/1583/1180 1210/1582/1179 1209/1581/1178
f 1196/1566/1165 1211/1583/1180 1094/1567/1064
f 1094/1567/1064 1211/1583/1180 1096/1584/1066
f 1211/1583/1180 1209/1581/1178 1212/1585/1181
f 1211/1583/1180 1212/1585/1181 1096/1584/1066
f 1212/1585/1181 1209/1581/1178 1213/1586/1182
f 1212/1585/1181 1213/1586/1182 1214/1587/1183
f 1212/1585/1181 1214/1587/1183 1096/1584/1066
f 1214/1587/1183 1213/1586/1182 1215/1588/1184
f 1214/1587/1183 1215/1588/1184 1216/1589/1185
f 1216/1589/1185 1215/1588/1184 1217/1590/1186
f 1096/1584/1066 1214/1587/1183 1102/1591/1072
f 1096/1584/1066 1102/1591/1072 1098/1592/1068
f 1098/1592/1068 1102/1591/1072 1101/1593/1071
f 1218/1594/1187 686/1595/666 1219/1596/1188
f 686/1595/666 1218/1594/1187 687/1597/667
f 1219/1596/1188 686/1595/666 1220/1598/1189
f 1219/1596/1188 1220/1598/1189 700/1599/679
f 1219/1596/1188 700/1599/679 1221/1600/1190
f 700/1599/679 1220/1598/1189 684/1601/664
f 684/1601/664 1220/1598/1189 686/1595/666
f 684/1601/664 686/1595/666 682/1602/662
f 165/1603/14 15/1604/14 1222/1605/14
f 1222/1605/14 15/1604/14 1223/1606/14
f 1224/1607/1191 1218/1608/1187 1219/1609/1188
f 1224/1607/1191 1219/1609/1188 1225/1610/1192
f 1225/1610/1192 1219/1609/1188 1221/1611/1190
f 1218/1608/1187 1224/1607/1191 1226/1612/1193
f 1225/1610/1192 1221/1611/1190 1227/1613/1194
f 1218/1608/1187 1226/1612/1193 687/1614/667
f 1224/1607/1191 1225/1610/1192 1228/1615/1195
f 1228/1615/1195 1225/1610/1192 1227/1613/1194
f 1224/1607/1191 1228/1615/1195 1229/1616/1196
f 1229/1616/1196 1228/1615/1195 1230/1617/1197
f 1230/1617/1197 1228/1615/1195 1227/1613/1194
f 1224/1607/1191 1229/1616/1196 1231/1618/1198
f 1232/1619/1199 1226/1612/1193 1224/1607/1191
f 1232/1619/1199 1224/1607/1191 1231/1618/1198
f 1226/1612/1193 1232/1619/1199 1233/1620/1200
f 1233/1620/1200 1232/1619/1199 1231/1618/1198
f 1233/1620/1200 1231/1618/1198 1234/1621/1201
f 1234/1621/1201 1231/1618/1198 1235/1622/1202
f 1233/1620/1200 1234/1621/1201 1236/1623/1203
f 1226/1612/1193 1233/1620/1200 1237/1624/1204
f 1237/1624/1204 1233/1620/1200 1236/1623/1203
f 1226/1612/1193 1237/1624/1204 687/1614/667
f 1237/1624/1204 1236/1623/1203 1238/1625/1205
f 1238/1625/1205 1236/1623/1203 1239/1626/1206
f 1238/1625/1205 1239/1626/1206 691/1627/671
f 1237/1624/1204 1238/1625/1205 1240/1628/1207
f 1237/1624/1204 1240/1628/1207 687/1614/667
f 1240/1628/1207 1238/1625/1205 1241/1629/1208
f 687/1614/667 1240/1628/1207 1242/1630/1209
f 1242/1630/1209 1240/1628/1207 1241/1629/1208
f 687/1614/667 1242/1630/1209 688/1631/668
f 1242/1630/1209 1241/1629/1208 1243/1632/1210
f 1242/1630/1209 1243/1632/1210 688/1631/668
f 688/1631/668 1243/1632/1210 691/1633/671
f 691/1633/671 1243/1632/1210 1238/1634/1205
f 604/1635/14 603/1636/14 646/1637/14
f 1244/1638/14 16/1639/14 604/1635/14
f 1244/1638/14 604/1635/14 1245/1640/14
f 1245/1640/14 604/1635/14 646/1637/14
f 1245/1640/14 646/1637/14 1246/1641/1211
f 1245/1640/14 1246/1641/1211 1247/1642/14
f 1246/1641/1211 646/1637/14 1248/1643/1212
f 1246/1641/1211 1248/1643/1212 1249/1644/1213
f 1249/1644/1213 1248/1643/1212 1250/1645/1214
f 1223/1646/14 15/1647/14 16/1648/14
f 1223/1646/14 16/1648/14 1244/1649/14
f 1251/1650/1215 1137/1651/1106 1252/1652/1216
f 1137/1651/1106 1251/1650/1215 1134/1653/1103
f 1251/1650/1215 1252/1652/1216 1253/1654/1217
f 1251/1650/1215 1253/1654/1217 1134/1653/1103
f 1252/1652/1216 1137/1651/1106 1254/1655/1218
f 1254/1655/1218 1137/1651/1106 1255/1656/1219
f 1255/1656/1219 1137/1651/1106 1138/1657/1107
f 1255/1656/1219 1138/1657/1107 1256/1658/1220
f 1255/1656/1219 1256/1658/1220 1254/1655/1218
f 1252/1652/1216 1254/1655/1218 1257/1659/1221
f 1257/1659/1221 1254/1655/1218 1256/1658/1220
f 1252/1652/1216 1257/1659/1221 1253/1654/1217
f 1257/1659/1221 1256/1658/1220 1258/1660/1222
f 1257/1659/1221 1258/1660/1222 1253/1654/1217
f 1258/1660/1222 1256/1658/1220 1259/1661/1223
f 1253/1654/1217 1258/1660/1222 1260/1662/1224
f 1253/1654/1217 1260/1662/1224 1134/1653/1103
f 1134/1653/1103 1260/1662/1224 1135/1663/1104
f 1135/1663/1104 1260/1662/1224 1261/1664/1225
f 1261/1664/1225 1260/1662/1224 1262/1665/1226
f 1263/1666/1227 1264/1667/1228 1172/1668/1141
f 1172/1668/1141 1264/1667/1228 1265/1669/1229
f 1172/1668/1141 1265/1669/1229 1266/1670/1230
f 1172/1668/1141 1266/1670/1230 1173/1671/1142
f 1263/1666/1227 1172/1668/1141 1168/1672/1137
f 1173/1671/1142 1266/1670/1230 1267/1673/1231
f 1267/1673/1231 1266/1670/1230 1265/1669/1229
f 1268/1674/14 1168/1672/1137 939/1675/910
f 1168/1672/1137 1268/1674/14 1263/1666/1227
f 1263/1666/1227 1268/1674/14 1269/1676/1232
f 1263/1666/1227 1269/1676/1232 1270/1677/1233
f 1270/1677/1233 1269/1676/1232 1271/1678/1234
f 1263/1666/1227 1270/1677/1233 1272/1679/1235
f 1272/1679/1235 1270/1677/1233 1271/1678/1234
f 1263/1666/1227 1272/1679/1235 1264/1667/1228
f 1264/1667/1228 1272/1679/1235 1273/1680/1236
f 1273/1680/1236 1272/1679/1235 1271/1678/1234
f 1264/1667/1228 1273/1680/1236 1265/1669/1229
f 1265/1669/1229 1273/1680/1236 1267/1673/1231
f 1273/1680/1236 1271/1678/1234 1274/1681/1237
f 1273/1680/1236 1274/1681/1237 1267/1673/1231
f 1274/1681/1237 1271/1678/1234 1275/1682/1238
f 1274/1681/1237 1275/1682/1238 1267/1673/1231
f 1267/1673/1231 1275/1682/1238 1276/1683/1239
f 1267/1673/1231 1276/1683/1239 1277/1684/1240
f 1267/1673/1231 1277/1684/1240 1173/1671/1142
f 1173/1671/1142 1277/1684/1240 1174/1685/1143
f 1174/1685/1143 1277/1684/1240 1278/1686/1241
f 1174/1685/1143 1278/1686/1241 1176/1687/1145
f 1243/1688/1210 1155/1689/1124 1239/1690/1206
f 1239/1690/1206 1155/1689/1124 691/1691/671
f 1155/1689/1124 1243/1688/1210 1241/1692/1208
f 1155/1689/1124 1241/1692/1208 1279/1693/1242
f 1279/1693/1242 1241/1692/1208 1238/1694/1205
f 1155/1689/1124 1279/1693/1242 1154/1695/1123
f 1279/1693/1242 1238/1694/1205 1243/1696/1210
f 1154/1695/1123 1279/1693/1242 1280/1697/1243
f 1280/1697/1243 1279/1693/1242 1243/1696/1210
f 1154/1695/1123 1280/1697/1243 1157/1698/1126
f 1280/1697/1243 1243/1696/1210 1239/1699/1206
f 1157/1698/1126 1280/1697/1243 1281/1700/1244
f 1280/1697/1243 1239/1699/1206 1282/1701/1245
f 1280/1697/1243 1282/1701/1245 1281/1700/1244
f 1282/1701/1245 1239/1699/1206 1236/1702/1203
f 1282/1701/1245 1236/1702/1203 1234/1703/1201
f 1282/1701/1245 1234/1703/1201 1283/1704/1246
f 1283/1704/1246 1234/1703/1201 1235/1705/1202
f 1283/1704/1246 1235/1705/1202 1284/1706/1247
f 1283/1704/1246 1284/1706/1247 1282/1701/1245
f 1284/1706/1247 1235/1705/1202 1285/1707/1248
f 1286/1708/1249 1287/1709/1250 1285/1707/1248
f 1285/1707/1248 1287/1709/1250 1284/1706/1247
f 1284/1706/1247 1287/1709/1250 1288/1710/1251
f 1282/1701/1245 1284/1706/1247 1289/1711/1252
f 1282/1701/1245 1289/1711/1252 1281/1700/1244
f 1289/1711/1252 1284/1706/1247 1290/1712/1253
f 1290/1712/1253 1284/1706/1247 1288/1710/1251
f 1281/1700/1244 1289/1711/1252 1291/1713/1254
f 1291/1713/1254 1289/1711/1252 1159/1714/1128
f 1159/1714/1128 1289/1711/1252 1290/1712/1253
f 1281/1700/1244 1291/1713/1254 1292/1715/1255
f 1291/1713/1254 1159/1714/1128 1158/1716/1127
f 1281/1700/1244 1292/1715/1255 1158/1716/1127
f 1281/1700/1244 1158/1716/1127 1157/1698/1126
f 1292/1715/1255 1291/1713/1254 1293/1717/1256
f 1292/1715/1255 1293/1717/1256 1158/1716/1127
f 1158/1716/1127 1293/1717/1256 1291/1713/1254
f 1159/1714/1128 1290/1712/1253 1162/1718/1131
f 1162/1718/1131 1290/1712/1253 1294/1719/1257
f 1294/1719/1257 1290/1712/1253 1295/1720/1258
f 1162/1718/1131 1294/1719/1257 1296/1721/1259
f 1296/1721/1259 1294/1719/1257 1295/1720/1258
f 1297/1722/1260 1164/1723/1133 1162/1718/1131
f 1297/1722/1260 1162/1718/1131 1298/1724/1261
f 1298/1724/1261 1162/1718/1131 1296/1721/1259
f 1297/1722/1260 1298/1724/1261 1299/1725/1262
f 1299/1725/1262 1298/1724/1261 1296/1721/1259
f 1297/1722/1260 1299/1725/1262 1300/1726/1263
f 1300/1726/1263 1299/1725/1262 1301/1727/1264
f 1301/1727/1264 1299/1725/1262 1302/1728/1265
f 1301/1727/1264 1302/1728/1265 1303/1729/1266
f 1303/1729/1266 1302/1728/1265 1299/1725/1262
f 1301/1727/1264 1303/1729/1266 1288/1710/1251
f 1301/1727/1264 1288/1710/1251 1304/1730/1267
f 1303/1729/1266 1299/1725/1262 1305/1731/1268
f 1303/1729/1266 1305/1731/1268 1288/1710/1251
f 1305/1731/1268 1299/1725/1262 1296/1721/1259
f 1288/1710/1251 1305/1731/1268 1306/1732/1269
f 1288/1710/1251 1306/1732/1269 1290/1712/1253
f 1305/1731/1268 1296/1721/1259 1307/1733/1270
f 1305/1731/1268 1307/1733/1270 1306/1732/1269
f 1307/1733/1270 1296/1721/1259 1308/1734/95
f 1307/1733/1270 1308/1734/95 1306/1732/1269
f 1308/1734/95 1296/1721/1259 1295/1720/1258
f 1290/1712/1253 1306/1732/1269 1295/1720/1258
f 1306/1732/1269 1308/1734/95 1309/1735/1271
f 1309/1735/1271 1308/1734/95 1295/1720/1258
f 1295/1720/1258 1306/1732/1269 1310/1736/1272
f 1295/1720/1258 1310/1736/1272 1309/1735/1271
f 1309/1735/1271 1310/1736/1272 1306/1732/1269
f 809/1737/786 808/1738/785 812/1739/789
f 809/1737/786 812/1739/789 1085/1740/1055
f 1085/1740/1055 812/1739/789 1086/1741/1056
f 1086/1741/1056 812/1739/789 811/1742/788
f 1086/1741/1056 811/1742/788 806/1743/784
f 1086/1741/1056 806/1743/784 1005/1744/975
f 1086/1741/1056 1005/1744/975 1006/1745/976
f 1005/1744/975 806/1743/784 807/1746/108
f 1005/1744/975 807/1746/108 813/1747/790
f 1136/1748/1105 1139/1749/1108 1166/1750/1135
f 1136/1748/1105 1166/1750/1135 1311/1751/1273
f 1136/1748/1105 1311/1751/1273 1138/1752/1107
f 1138/1752/1107 1311/1751/1273 1312/1753/1274
f 1312/1753/1274 1311/1751/1273 1166/1750/1135
f 1138/1752/1107 1312/1753/1274 1256/1754/1220
f 1256/1754/1220 1312/1753/1274 1259/1755/1223
f 1312/1753/1274 1166/1750/1135 1313/1756/1275
f 1313/1756/1275 1166/1750/1135 1164/1757/1133
f 1259/1755/1223 1312/1753/1274 1314/1758/1276
f 1314/1758/1276 1312/1753/1274 1313/1756/1275
f 1313/1756/1275 1164/1757/1133 1315/1759/1277
f 1313/1756/1275 1315/1759/1277 1314/1758/1276
f 1315/1759/1277 1164/1757/1133 1297/1760/1260
f 1315/1759/1277 1297/1760/1260 1316/1761/1278
f 1316/1761/1278 1297/1760/1260 1317/1762/1279
f 1317/1762/1279 1297/1760/1260 1300/1763/1263
f 1315/1759/1277 1316/1761/1278 1318/1764/1280
f 1318/1764/1280 1316/1761/1278 1317/1762/1279
f 1317/1762/1279 1300/1763/1263 1319/1765/1281
f 1317/1762/1279 1319/1765/1281 1318/1764/1280
f 1319/1765/1281 1300/1763/1263 1320/1766/1282
f 1319/1765/1281 1320/1766/1282 1321/1767/1283
f 1315/1759/1277 1318/1764/1280 1322/1768/1284
f 1322/1768/1284 1318/1764/1280 1319/1765/1281
f 1315/1759/1277 1322/1768/1284 1314/1758/1276
f 1319/1765/1281 1321/1767/1283 1323/1769/1285
f 1319/1765/1281 1323/1769/1285 1322/1768/1284
f 1323/1769/1285 1321/1767/1283 1324/1770/257
f 1314/1758/1276 1322/1768/1284 1325/1771/1286
f 1325/1771/1286 1322/1768/1284 1323/1769/1285
f 1323/1769/1285 1324/1770/257 1326/1772/1287
f 1323/1769/1285 1326/1772/1287 1325/1771/1286
f 1326/1772/1287 1324/1770/257 1327/1773/1288
f 1326/1772/1287 1327/1773/1288 1249/1774/1213
f 1326/1772/1287 1249/1774/1213 1250/1775/1214
f 1326/1772/1287 1250/1775/1214 1325/1771/1286
f 1325/1771/1286 1250/1775/1214 1314/1758/1276
f 1314/1758/1276 1250/1775/1214 1135/1776/1104
f 1314/1758/1276 1135/1776/1104 1259/1755/1223
f 1135/1776/1104 1250/1775/1214 1248/1777/1212
f 1135/1776/1104 1248/1777/1212 646/1778/14
f 1259/1755/1223 1135/1776/1104 1258/1779/1222
f 1258/1779/1222 1135/1776/1104 1262/1780/1226
f 1258/1779/1222 1262/1780/1226 1260/1781/1224
f 1262/1780/1226 1135/1776/1104 1328/1782/1289
f 1262/1780/1226 1328/1782/1289 1261/1783/1225
f 1261/1783/1225 1328/1782/1289 1135/1776/1104
f 1329/1784/1290 915/1785/893 837/1035/814
f 915/1785/893 1329/1784/1290 920/1786/898
f 1329/1784/1290 837/1035/814 1330/1787/1291
f 1330/1787/1291 837/1035/814 1331/1788/1292
f 1330/1787/1291 1331/1788/1292 1329/1784/1290
f 1331/1788/1292 837/1035/814 841/1039/818
f 1329/1784/1290 1331/1788/1292 1332/1789/1293
f 1332/1789/1293 1331/1788/1292 841/1039/818
f 920/1786/898 1329/1784/1290 1333/1790/1294
f 1333/1790/1294 1329/1784/1290 1332/1789/1293
f 1333/1790/1294 1332/1789/1293 841/1039/818
f 920/1786/898 1333/1790/1294 850/1047/827
f 1333/1790/1294 841/1039/818 1334/1791/1295
f 1333/1790/1294 1334/1791/1295 850/1047/827
f 850/1047/827 1334/1791/1295 841/1039/818
f 1012/1792/982 1335/1793/1296 735/1794/714
f 735/1794/714 1335/1793/1296 738/1795/717
f 1335/1793/1296 1012/1792/982 1014/1796/984
f 738/1795/717 1335/1793/1296 1336/1797/1297
f 738/1795/717 1336/1797/1297 1337/1798/1298
f 1337/1798/1298 1336/1797/1297 1338/1799/1299
f 1338/1799/1299 1336/1797/1297 1339/1800/1300
f 1336/1797/1297 1335/1793/1296 1340/1801/1301
f 1336/1797/1297 1340/1801/1301 1339/1800/1300
f 1335/1793/1296 1014/1796/984 1341/1802/1302
f 1341/1802/1302 1014/1796/984 1016/1803/986
f 1340/1801/1301 1335/1793/1296 1342/1804/1303
f 1342/1804/1303 1335/1793/1296 1341/1802/1302
f 1339/1800/1300 1340/1801/1301 1343/1805/1304
f 1339/1800/1300 1343/1805/1304 1344/1806/1305
f 1341/1802/1302 1016/1803/986 1345/1807/1306
f 1344/1806/1305 1343/1805/1304 1346/1808/1307
f 1344/1806/1305 1346/1808/1307 1347/1809/1308
f 1343/1805/1304 1340/1801/1301 1348/1810/1309
f 1343/1805/1304 1348/1810/1309 1346/1808/1307
f 1345/1807/1306 1016/1803/986 1020/1811/990
f 1347/1809/1308 1346/1808/1307 1349/1812/1310
f 1349/1812/1310 1346/1808/1307 1348/1810/1309
f 1348/1810/1309 1340/1801/1301 1350/1813/1311
f 1348/1810/1309 1350/1813/1311 1349/1812/1310
f 1350/1813/1311 1340/1801/1301 1342/1804/1303
f 1350/1813/1311 1342/1804/1303 1351/1814/1312
f 1351/1814/1312 1342/1804/1303 1341/1802/1302
f 1349/1812/1310 1350/1813/1311 1352/1815/1313
f 1352/1815/1313 1350/1813/1311 1351/1814/1312
f 1353/1816/1314 1347/1809/1308 1349/1812/1310
f 1347/1809/1308 1353/1816/1314 1354/1817/1315
f 1354/1817/1315 1353/1816/1314 1355/1818/1316
f 1355/1818/1316 1353/1816/1314 1356/1819/1317
f 1356/1819/1317 1353/1816/1314 1357/1820/1318
f 1353/1816/1314 1349/1812/1310 1358/1821/1319
f 1353/1816/1314 1358/1821/1319 1357/1820/1318
f 1357/1820/1318 1358/1821/1319 1359/1822/1320
f 1359/1822/1320 1358/1821/1319 1349/1812/1310
f 1357/1820/1318 1359/1822/1320 1360/1823/1321
f 1361/1824/1322 1349/1812/1310 1352/1815/1313
f 1349/1812/1310 1361/1824/1322 1359/1822/1320
f 1359/1822/1320 1361/1824/1322 1352/1815/1313
f 1360/1823/1321 1359/1822/1320 1362/1825/1323
f 1362/1825/1323 1359/1822/1320 1363/1826/1324
f 1360/1823/1321 1362/1825/1323 1364/1826/1325
f 1362/1825/1323 1363/1826/1324 1365/1826/1326
f 1362/1825/1323 1365/1826/1326 1364/1826/1325
f 1365/1826/1326 1363/1826/1324 1366/1827/1327
f 1366/1827/1327 1363/1826/1324 1359/1822/1320
f 1365/1826/1326 1366/1827/1327 1364/1826/1325
f 1366/1827/1327 1359/1822/1320 1352/1815/1313
f 1360/1823/1321 1364/1826/1325 1367/1828/1328
f 1366/1827/1327 1352/1815/1313 1368/1829/1329
f 1366/1827/1327 1368/1829/1329 1364/1826/1325
f 1364/1826/1325 1368/1829/1329 1367/1828/1328
f 1368/1829/1329 1352/1815/1313 1351/1814/1312
f 1367/1828/1328 1368/1829/1329 1369/1830/1330
f 1369/1830/1330 1368/1829/1329 1351/1814/1312
f 1367/1828/1328 1369/1830/1330 1370/1831/1331
f 1370/1831/1331 1369/1830/1330 1351/1814/1312
f 1367/1828/1328 1370/1831/1331 1371/1832/1332
f 1371/1832/1332 1370/1831/1331 1372/1833/1333
f 1370/1831/1331 1351/1814/1312 1373/1834/1334
f 1370/1831/1331 1373/1834/1334 1372/1833/1333
f 1373/1834/1334 1351/1814/1312 1341/1802/1302
f 1372/1833/1333 1373/1834/1334 1374/1835/1335
f 1373/1834/1334 1341/1802/1302 1345/1807/1306
f 1374/1835/1335 1373/1834/1334 1031/1836/1001
f 1031/1836/1001 1373/1834/1334 1345/1807/1306
f 1374/1835/1335 1031/1836/1001 1032/1837/1002
f 1031/1836/1001 1345/1807/1306 1375/1838/1336
f 1031/1836/1001 1375/1838/1336 1376/1839/1337
f 1375/1838/1336 1345/1807/1306 1377/1840/1338
f 1375/1838/1336 1377/1840/1338 1376/1839/1337
f 1377/1840/1338 1345/1807/1306 1020/1811/990
f 1031/1836/1001 1376/1839/1337 1020/1811/990
f 1020/1811/990 1376/1839/1337 1377/1840/1338
f 700/1841/679 703/1842/682 1221/1611/1190
f 1221/1611/1190 703/1842/682 1378/1843/1339
f 1221/1611/1190 1378/1843/1339 1227/1613/1194
f 1227/1613/1194 1378/1843/1339 1379/1844/1340
f 1227/1613/1194 1379/1844/1340 1230/1617/1197
f 1230/1617/1197 1379/1844/1340 1380/1845/1341
f 1230/1617/1197 1380/1845/1341 1381/1846/1342
f 1379/1844/1340 1378/1843/1339 1382/1847/1343
f 1379/1844/1340 1382/1847/1343 1380/1845/1341
f 1383/1848/1344 1378/1843/1339 703/1842/682
f 1378/1843/1339 1383/1848/1344 1382/1847/1343
f 1383/1848/1344 703/1842/682 1384/1849/1345
f 1380/1845/1341 1382/1847/1343 1385/1850/1346
f 1385/1850/1346 1382/1847/1343 1383/1848/1344
f 1386/1851/1347 1381/1846/1342 1380/1845/1341
f 1386/1851/1347 1380/1845/1341 1385/1850/1346
f 1381/1846/1342 1386/1851/1347 1387/1852/1348
f 1381/1846/1342 1387/1852/1348 1388/1853/1349
f 1387/1852/1348 1386/1851/1347 1389/1854/1350
f 1386/1851/1347 1385/1850/1346 1390/1855/1351
f 1385/1850/1346 1383/1848/1344 1391/1856/1352
f 1385/1850/1346 1391/1856/1352 1390/1855/1351
f 1391/1856/1352 1383/1848/1344 1384/1849/1345
f 1390/1855/1351 1391/1856/1352 1392/1857/1353
f 1392/1857/1353 1391/1856/1352 1384/1849/1345
f 1390/1855/1351 1392/1857/1353 702/1858/681
f 702/1858/681 1392/1857/1353 1384/1849/1345
f 702/1858/681 1384/1849/1345 703/1842/682
f 1390/1855/1351 702/1858/681 1393/1859/1354
f 1393/1859/1354 702/1858/681 697/1860/674
f 697/1860/674 702/1858/681 696/1861/676
f 929/1862/907 1128/1863/1097 931/1864/909
f 1128/1863/1097 929/1862/907 1129/1865/1098
f 1129/1865/1098 929/1862/907 926/1866/904
f 1129/1865/1098 926/1866/904 924/1867/902
f 1129/1865/1098 924/1867/902 1394/1868/1355
f 1129/1865/1098 1394/1868/1355 694/1869/674
f 694/1869/674 1394/1868/1355 697/1870/674
f 1394/1868/1355 924/1867/902 1395/1871/1356
f 1395/1871/1356 924/1867/902 1396/1872/1357
f 697/1870/674 1394/1868/1355 1397/1873/1358
f 697/1870/674 1397/1873/1358 1393/1874/1354
f 1394/1868/1355 1395/1871/1356 1398/1875/1359
f 1397/1873/1358 1394/1868/1355 1399/1876/1360
f 1399/1876/1360 1394/1868/1355 1398/1875/1359
f 1397/1873/1358 1399/1876/1360 1400/1877/1361
f 1397/1873/1358 1400/1877/1361 1401/1878/1362
f 1401/1878/1362 1400/1877/1361 1399/1876/1360
f 1401/1878/1362 1399/1876/1360 1402/1879/1363
f 1402/1879/1363 1399/1876/1360 1398/1875/1359
f 1401/1878/1362 1402/1879/1363 1403/1880/1364
f 1403/1880/1364 1402/1879/1363 1398/1875/1359
f 1404/1881/1365 1398/1875/1359 1395/1871/1356
f 1403/1880/1364 1398/1875/1359 1405/1882/1366
f 1405/1882/1366 1398/1875/1359 1404/1881/1365
f 1403/1880/1364 1405/1882/1366 1406/1883/1367
f 1404/1881/1365 1395/1871/1356 1407/1884/1368
f 1404/1881/1365 1407/1884/1368 1405/1882/1366
f 1407/1884/1368 1395/1871/1356 1396/1872/1357
f 1407/1884/1368 1396/1872/1357 1408/1885/1369
f 1407/1884/1368 1408/1885/1369 1405/1882/1366
f 1408/1885/1369 1396/1872/1357 1409/1886/1370
f 1405/1882/1366 1408/1885/1369 1410/1887/1371
f 1410/1887/1371 1408/1885/1369 1409/1886/1370
f 1405/1882/1366 1410/1887/1371 1411/1888/1372
f 1410/1887/1371 1409/1886/1370 1412/1889/1373
f 1410/1887/1371 1412/1889/1373 1411/1888/1372
f 1412/1889/1373 1409/1886/1370 1413/1890/1374
f 1411/1888/1372 1412/1889/1373 1414/1891/1375
f 937/1892/14 165/1893/14 1222/1894/14
f 1177/1895/1146 1176/1896/1145 1278/1897/1241
f 1177/1895/1146 1278/1897/1241 1415/1898/1376
f 1415/1898/1376 1278/1897/1241 1416/1899/1377
f 1416/1899/1377 1278/1897/1241 1277/1900/1240
f 1177/1895/1146 1415/1898/1376 1417/1901/1378
f 1417/1901/1378 1415/1898/1376 1416/1899/1377
f 1416/1899/1377 1277/1900/1240 1418/1902/1379
f 1416/1899/1377 1418/1902/1379 1417/1901/1378
f 1418/1902/1379 1277/1900/1240 1276/1903/1239
f 1177/1895/1146 1417/1901/1378 1419/1904/1380
f 1417/1901/1378 1418/1902/1379 1420/1905/1381
f 1417/1901/1378 1420/1905/1381 1419/1904/1380
f 1418/1902/1379 1276/1903/1239 1421/1906/1382
f 1177/1895/1146 1419/1904/1380 1422/1907/1383
f 1177/1895/1146 1422/1907/1383 1186/1908/1155
f 1186/1908/1155 1422/1907/1383 1187/1909/1156
f 1187/1909/1156 1422/1907/1383 1198/1910/1167
f 1198/1910/1167 1422/1907/1383 1419/1904/1380
f 1198/1910/1167 1419/1904/1380 1423/1911/1384
f 1198/1910/1167 1423/1911/1384 1199/1912/1168
f 1423/1911/1384 1419/1904/1380 1424/1913/1385
f 1424/1913/1385 1419/1904/1380 1425/1914/1386
f 1424/1913/1385 1425/1914/1386 1423/1911/1384
f 1425/1914/1386 1419/1904/1380 1420/1905/1381
f 1199/1912/1168 1423/1911/1384 1426/1915/1387
f 1199/1912/1168 1426/1915/1387 1201/1916/1170
f 1423/1911/1384 1425/1914/1386 1427/1917/1388
f 1423/1911/1384 1427/1917/1388 1426/1915/1387
f 1201/1916/1170 1426/1915/1387 1428/1918/1389
f 1201/1916/1170 1428/1918/1389 1202/1919/1171
f 1202/1919/1171 1428/1918/1389 1429/1920/1390
f 1428/1918/1389 1426/1915/1387 1430/1921/1391
f 1430/1921/1391 1426/1915/1387 1431/1922/1392
f 1431/1922/1392 1426/1915/1387 1427/1917/1388
f 1430/1921/1391 1431/1922/1392 1432/1923/1393
f 1433/1924/1394 1427/1917/1388 1425/1914/1386
f 1431/1922/1392 1427/1917/1388 1434/1925/1395
f 1431/1922/1392 1434/1925/1395 1432/1923/1393
f 1427/1917/1388 1433/1924/1394 1435/1926/1396
f 1427/1917/1388 1435/1926/1396 1434/1925/1395
f 1433/1924/1394 1425/1914/1386 1436/1927/1397
f 1433/1924/1394 1436/1927/1397 1435/1926/1396
f 1436/1927/1397 1425/1914/1386 1420/1905/1381
f 1434/1925/1395 1435/1926/1396 1437/1928/1398
f 1437/1928/1398 1435/1926/1396 1438/1929/1399
f 1438/1929/1399 1435/1926/1396 1436/1927/1397
f 1437/1928/1398 1438/1929/1399 1439/1930/1400
f 1439/1930/1400 1438/1929/1399 1440/1931/1401
f 1437/1928/1398 1439/1930/1400 1441/1932/1402
f 1441/1932/1402 1439/1930/1400 1440/1931/1401
f 1437/1928/1398 1441/1932/1402 1434/1925/1395
f 1441/1932/1402 1440/1931/1401 1442/1933/1403
f 1441/1932/1402 1442/1933/1403 1443/1934/1404
f 1443/1934/1404 1442/1933/1403 1444/1935/1405
f 1441/1932/1402 1443/1934/1404 1445/1936/1406
f 1445/1936/1406 1443/1934/1404 1444/1935/1405
f 1441/1932/1402 1445/1936/1406 1434/1925/1395
f 1445/1936/1406 1444/1935/1405 1446/1937/1407
f 1445/1936/1406 1446/1937/1407 1447/1938/1408
f 1434/1925/1395 1445/1936/1406 1448/1939/1409
f 1448/1939/1409 1445/1936/1406 1447/1938/1408
f 1434/1925/1395 1448/1939/1409 1432/1923/1393
f 1432/1923/1393 1448/1939/1409 1449/1940/1410
f 1449/1940/1410 1448/1939/1409 1447/1938/1408
f 1432/1923/1393 1449/1940/1410 1450/1941/1411
f 1447/1938/1408 1446/1937/1407 1451/1942/1412
f 1452/1943/1413 1453/1944/1414 1450/1941/1411
f 1452/1943/1413 1450/1941/1411 1454/1945/1415
f 1454/1945/1415 1450/1941/1411 1449/1940/1410
f 1454/1945/1415 1449/1940/1410 1451/1942/1412
f 1454/1945/1415 1451/1942/1412 1455/1946/1416
f 1451/1942/1412 1449/1940/1410 1456/1947/1417
f 1451/1942/1412 1456/1947/1417 1447/1938/1408
f 1456/1947/1417 1449/1940/1410 1457/1948/1418
f 1456/1947/1417 1457/1948/1418 1447/1938/1408
f 1447/1938/1408 1457/1948/1418 1449/1940/1410
f 933/1949/14 1268/1950/14 939/1951/910
f 1268/1950/14 933/1949/14 1458/1952/14
f 1458/1952/14 933/1949/14 934/1953/14
f 1458/1952/14 934/1953/14 1459/1954/14
f 1268/1950/14 1458/1952/14 1460/1955/1419
f 1460/1955/1419 1458/1952/14 1461/1956/14
f 1271/1957/1234 1269/1958/1232 1462/1959/1420
f 1271/1957/1234 1462/1959/1420 1275/1960/1238
f 1275/1960/1238 1462/1959/1420 1276/1903/1239
f 1462/1959/1420 1269/1958/1232 1463/1961/1421
f 1276/1903/1239 1462/1959/1420 1464/1962/1422
f 1464/1962/1422 1462/1959/1420 1463/1961/1421
f 1463/1961/1421 1269/1958/1232 1465/1963/1423
f 1463/1961/1421 1465/1963/1423 1464/1962/1422
f 1465/1963/1423 1269/1958/1232 1466/1964/1424
f 1465/1963/1423 1466/1964/1424 1464/1962/1422
f 1464/1962/1422 1466/1964/1424 1276/1903/1239
f 1466/1964/1424 1269/1958/1232 1268/1965/14
f 1276/1903/1239 1466/1964/1424 1421/1906/1382
f 1466/1964/1424 1268/1965/14 1467/1966/1425
f 1421/1906/1382 1466/1964/1424 1468/1967/1426
f 1468/1967/1426 1466/1964/1424 1467/1966/1425
f 1421/1906/1382 1468/1967/1426 1418/1902/1379
f 1467/1966/1425 1268/1965/14 1460/1968/1419
f 1418/1902/1379 1468/1967/1426 1469/1969/1427
f 1418/1902/1379 1469/1969/1427 1420/1905/1381
f 1420/1905/1381 1469/1969/1427 1436/1927/1397
f 1469/1969/1427 1468/1967/1426 1470/1970/1428
f 1470/1970/1428 1468/1967/1426 1467/1966/1425
f 1436/1927/1397 1469/1969/1427 1471/1971/1429
f 1471/1971/1429 1469/1969/1427 1470/1970/1428
f 1436/1927/1397 1471/1971/1429 1472/1972/1430
f 1472/1972/1430 1471/1971/1429 1470/1970/1428
f 1472/1972/1430 1467/1966/1425 1460/1968/1419
f 1436/1927/1397 1472/1972/1430 1438/1929/1399
f 1438/1929/1399 1472/1972/1430 1460/1968/1419
f 1467/1966/1425 1472/1972/1430 1473/1973/1431
f 1467/1966/1425 1473/1973/1431 1470/1970/1428
f 1470/1970/1428 1473/1973/1431 1472/1972/1430
f 741/1974/720 1338/1975/1299 742/1976/721
f 1338/1975/1299 741/1974/720 738/1977/717
f 1338/1975/1299 738/1977/717 1337/1978/1298
f 742/1976/721 1338/1975/1299 1474/1979/1432
f 1474/1979/1432 1338/1975/1299 1475/1980/1433
f 1475/1980/1433 1338/1975/1299 1339/1981/1300
f 1475/1980/1433 1339/1981/1300 1344/1982/1305
f 1475/1980/1433 1344/1982/1305 1476/1983/1434
f 1475/1980/1433 1476/1983/1434 1474/1979/1432
f 1476/1983/1434 1344/1982/1305 1347/1984/1308
f 1476/1983/1434 1347/1984/1308 1477/1985/1435
f 1477/1985/1435 1347/1984/1308 1478/1986/1436
f 1476/1983/1434 1477/1985/1435 1479/1987/1437
f 1479/1987/1437 1477/1985/1435 1478/1986/1436
f 1476/1983/1434 1479/1987/1437 1474/1979/1432
f 1478/1986/1436 1347/1984/1308 1354/1988/1315
f 1479/1987/1437 1478/1986/1436 1480/1989/1438
f 1480/1989/1438 1478/1986/1436 1354/1988/1315
f 1479/1987/1437 1480/1989/1438 1481/1990/1439
f 1479/1987/1437 1481/1990/1439 1474/1979/1432
f 1480/1989/1438 1354/1988/1315 1482/1991/1440
f 1482/1991/1440 1354/1988/1315 1483/1992/1441
f 1481/1990/1439 1480/1989/1438 1484/1993/1442
f 1484/1993/1442 1480/1989/1438 1482/1991/1440
f 1474/1979/1432 1481/1990/1439 1485/1994/1443
f 1485/1994/1443 1481/1990/1439 1484/1993/1442
f 1474/1979/1432 1485/1994/1443 1486/1995/1444
f 1474/1979/1432 1486/1995/1444 742/1976/721
f 1486/1995/1444 1485/1994/1443 1487/1996/1414
f 742/1976/721 1486/1995/1444 762/1997/741
f 762/1997/741 1486/1995/1444 1487/1996/1414
f 742/1976/721 762/1997/741 752/1998/731
f 1487/1996/1414 1485/1994/1443 1488/1999/1445
f 1487/1996/1414 1488/1999/1445 762/1997/741
f 1488/1999/1445 1485/1994/1443 1484/1993/1442
f 1489/2000/1446 1490/2001/1447 762/1997/741
f 1489/2000/1446 762/1997/741 1488/1999/1445
f 1489/2000/1446 1488/1999/1445 1491/2002/1448
f 1491/2002/1448 1488/1999/1445 1492/2003/1449
f 1492/2003/1449 1488/1999/1445 1493/2004/1450
f 1488/1999/1445 1484/1993/1442 1494/2005/1451
f 1488/1999/1445 1494/2005/1451 1493/2004/1450
f 1492/2003/1449 1493/2004/1450 1495/2006/1452
f 1492/2003/1449 1495/2006/1452 1496/2007/1453
f 1496/2007/1453 1495/2006/1452 1497/2008/1454
f 1497/2008/1454 1495/2006/1452 1498/2009/1455
f 1498/2009/1455 1495/2006/1452 1499/2010/1456
f 1493/2004/1450 1494/2005/1451 1500/2011/1457
f 1493/2004/1450 1500/2011/1457 1501/2011/1458
f 1493/2004/1450 1501/2011/1458 1502/2012/1459
f 1502/2012/1459 1501/2011/1458 1500/2011/1457
f 1502/2012/1459 1500/2011/1457 1494/2005/1451
f 1493/2004/1450 1502/2012/1459 1495/2006/1452
f 1495/2006/1452 1502/2012/1459 1494/2005/1451
f 1495/2006/1452 1494/2005/1451 1503/2013/1460
f 1503/2013/1460 1494/2005/1451 1484/1993/1442
f 1504/2014/1461 1499/2010/1456 1495/2006/1452
f 1495/2006/1452 1503/2013/1460 1505/2015/1462
f 1495/2006/1452 1505/2015/1462 1504/2014/1461
f 1505/2015/1462 1503/2013/1460 1506/2016/1463
f 1505/2015/1462 1506/2016/1463 1504/2014/1461
f 1506/2016/1463 1503/2013/1460 1507/2017/1464
f 1506/2016/1463 1507/2017/1464 1504/2014/1461
f 1504/2014/1461 1507/2017/1464 1503/2013/1460
f 1508/2018/1465 1503/2013/1460 1484/1993/1442
f 1503/2013/1460 1508/2018/1465 1504/2014/1461
f 1508/2018/1465 1484/1993/1442 1509/2019/1466
f 1509/2019/1466 1484/1993/1442 1482/1991/1440
f 1509/2019/1466 1482/1991/1440 1483/1992/1441
f 1509/2019/1466 1483/1992/1441 1510/2020/1467
f 1509/2019/1466 1510/2020/1467 1508/2018/1465
f 1510/2020/1467 1483/1992/1441 1354/1988/1315
f 1510/2020/1467 1354/1988/1315 1511/2021/1468
f 1508/2018/1465 1510/2020/1467 1512/2022/1469
f 1512/2022/1469 1510/2020/1467 1511/2021/1468
f 1508/2018/1465 1512/2022/1469 1504/2014/1461
f 1512/2022/1469 1511/2021/1468 1513/2023/1470
f 1513/2023/1470 1511/2021/1468 1514/2024/1471
f 1513/2023/1470 1514/2024/1471 1515/2025/1472
f 1512/2022/1469 1513/2023/1470 1516/2026/1473
f 1513/2023/1470 1515/2025/1472 1517/2027/1474
f 1513/2023/1470 1517/2027/1474 1516/2026/1473
f 1516/2026/1473 1517/2027/1474 1512/2022/1469
f 1517/2027/1474 1515/2025/1472 1518/2028/1475
f 1519/2029/1476 1504/2014/1461 1512/2022/1469
f 1519/2029/1476 1512/2022/1469 1517/2027/1474
f 1519/2029/1476 1517/2027/1474 1520/2030/1477
f 1520/2030/1477 1517/2027/1474 1518/2028/1475
f 1504/2014/1461 1519/2029/1476 1521/2031/1478
f 1521/2031/1478 1519/2029/1476 1520/2030/1477
f 1521/2031/1478 1520/2030/1477 1518/2028/1475
f 1504/2014/1461 1521/2031/1478 1499/2010/1456
f 1521/2031/1478 1518/2028/1475 1522/2032/1479
f 1521/2031/1478 1522/2032/1479 1499/2010/1456
f 1231/2033/1198 1229/2034/1196 1523/2035/1480
f 1523/2035/1480 1229/2034/1196 1230/2036/1197
f 1231/2033/1198 1523/2035/1480 1524/2037/1481
f 1231/2033/1198 1524/2037/1481 1235/2038/1202
f 1523/2035/1480 1230/2036/1197 1525/2039/1482
f 1523/2035/1480 1525/2039/1482 1524/2037/1481
f 1235/2038/1202 1524/2037/1481 1526/2040/1483
f 1235/2038/1202 1526/2040/1483 1285/2041/1248
f 1285/2041/1248 1526/2040/1483 1286/2042/1249
f 1525/2039/1482 1230/2036/1197 1527/2043/1484
f 1527/2043/1484 1230/2036/1197 1381/2044/1342
f 1524/2037/1481 1525/2039/1482 1528/2045/1485
f 1524/2037/1481 1528/2045/1485 1526/2040/1483
f 1525/2039/1482 1527/2043/1484 1529/2046/1486
f 1529/2046/1486 1527/2043/1484 1381/2044/1342
f 1528/2045/1485 1525/2039/1482 1530/2047/1487
f 1530/2047/1487 1525/2039/1482 1529/2046/1486
f 1526/2040/1483 1528/2045/1485 1531/2048/1488
f 1528/2045/1485 1530/2047/1487 1532/2049/180
f 1528/2045/1485 1532/2049/180 1531/2048/1488
f 1526/2040/1483 1531/2048/1488 1533/2050/1489
f 1534/2051/1490 1286/2042/1249 1526/2040/1483
f 1534/2051/1490 1526/2040/1483 1533/2050/1489
f 1286/2042/1249 1534/2051/1490 1287/2052/1250
f 1287/2052/1250 1534/2051/1490 1535/2053/1491
f 1535/2053/1491 1534/2051/1490 1533/2050/1489
f 1287/2052/1250 1535/2053/1491 1288/2054/1251
f 1535/2053/1491 1533/2050/1489 1536/2055/1492
f 1535/2053/1491 1536/2055/1492 1288/2054/1251
f 1537/2056/1493 1533/2050/1489 1531/2048/1488
f 1536/2055/1492 1533/2050/1489 1538/2057/1494
f 1538/2057/1494 1533/2050/1489 1537/2056/1493
f 1536/2055/1492 1538/2057/1494 1539/2058/1495
f 1539/2058/1495 1538/2057/1494 1537/2056/1493
f 1288/2054/1251 1536/2055/1492 1540/2059/1496
f 1288/2054/1251 1540/2059/1496 1304/2060/1267
f 1536/2055/1492 1539/2058/1495 1541/2061/1497
f 1541/2061/1497 1539/2058/1495 1537/2056/1493
f 1540/2059/1496 1536/2055/1492 1542/2062/1498
f 1542/2062/1498 1536/2055/1492 1541/2061/1497
f 1304/2060/1267 1540/2059/1496 1543/2063/1499
f 1541/2061/1497 1537/2056/1493 1544/2064/1500
f 1304/2060/1267 1543/2063/1499 1545/2065/1501
f 1304/2060/1267 1545/2065/1501 1301/2066/1264
f 1543/2063/1499 1540/2059/1496 1546/2067/1502
f 1546/2067/1502 1540/2059/1496 1542/2062/1498
f 1545/2065/1501 1543/2063/1499 1547/2068/1503
f 1545/2065/1501 1547/2068/1503 1301/2066/1264
f 1301/2066/1264 1547/2068/1503 1320/2069/1282
f 1301/2066/1264 1320/2069/1282 1300/2070/1263
f 1547/2068/1503 1543/2063/1499 1548/2071/1504
f 1548/2071/1504 1543/2063/1499 1546/2067/1502
f 1320/2069/1282 1547/2068/1503 1549/2072/1505
f 1549/2072/1505 1547/2068/1503 1548/2071/1504
f 1320/2069/1282 1549/2072/1505 1321/2073/1283
f 1548/2071/1504 1546/2067/1502 1550/2074/1506
f 1548/2071/1504 1550/2074/1506 1549/2072/1505
f 1551/2075/1507 1546/2067/1502 1542/2062/1498
f 1546/2067/1502 1551/2075/1507 1550/2074/1506
f 1321/2073/1283 1549/2072/1505 1552/2076/1508
f 1321/2073/1283 1552/2076/1508 1324/2077/257
f 1549/2072/1505 1550/2074/1506 1553/2078/1509
f 1324/2077/257 1552/2076/1508 1554/2079/1510
f 1324/2077/257 1554/2079/1510 1327/2080/1288
f 1552/2076/1508 1549/2072/1505 1555/2081/1511
f 1555/2081/1511 1549/2072/1505 1553/2078/1509
f 1552/2076/1508 1555/2081/1511 1554/2079/1510
f 1327/2080/1288 1554/2079/1510 1249/2082/1213
f 1249/2082/1213 1554/2079/1510 1246/2083/1211
f 1554/2079/1510 1555/2081/1511 1556/2084/1512
f 1556/2084/1512 1555/2081/1511 1553/2078/1509
f 1246/2083/1211 1554/2079/1510 1557/2085/1513
f 1557/2085/1513 1554/2079/1510 1556/2084/1512
f 1246/2083/1211 1557/2085/1513 1558/2086/1514
f 1558/2086/1514 1557/2085/1513 1559/2087/1515
f 1558/2086/1514 1559/2087/1515 1560/2088/1516
f 1559/2087/1515 1557/2085/1513 1561/2089/1517
f 1556/2084/1512 1553/2078/1509 1562/2090/1518
f 1561/2089/1517 1557/2085/1513 1563/2091/1519
f 1563/2091/1519 1557/2085/1513 1556/2084/1512
f 1563/2091/1519 1556/2084/1512 1562/2090/1518
f 1563/2091/1519 1562/2090/1518 1553/2078/1509
f 1561/2089/1517 1563/2091/1519 1564/2092/1520
f 1563/2091/1519 1553/2078/1509 1565/2093/1521
f 1565/2093/1521 1553/2078/1509 1550/2074/1506
f 1564/2092/1520 1563/2091/1519 1566/2094/1522
f 1564/2092/1520 1566/2094/1522 1567/2095/1523
f 1563/2091/1519 1565/2093/1521 1568/2096/1524
f 1563/2091/1519 1568/2096/1524 1566/2094/1522
f 1567/2095/1523 1566/2094/1522 1569/2097/1525
f 1569/2097/1525 1566/2094/1522 1568/2096/1524
f 1565/2093/1521 1550/2074/1506 1570/2098/1526
f 1565/2093/1521 1570/2098/1526 1568/2096/1524
f 1570/2098/1526 1550/2074/1506 1551/2075/1507
f 1568/2096/1524 1570/2098/1526 1571/2099/1527
f 1571/2099/1527 1570/2098/1526 1551/2075/1507
f 1569/2097/1525 1568/2096/1524 1572/2100/1528
f 1572/2100/1528 1568/2096/1524 1571/2099/1527
f 1569/2097/1525 1572/2100/1528 1573/2101/1529
f 1569/2097/1525 1573/2101/1529 1574/2102/1530
f 1574/2102/1530 1573/2101/1529 1572/2100/1528
f 1572/2100/1528 1571/2099/1527 1575/2103/1531
f 1575/2103/1531 1571/2099/1527 1576/2104/1532
f 1576/2104/1532 1571/2099/1527 1577/2105/1533
f 1576/2104/1532 1577/2105/1533 1578/2106/1534
f 1577/2105/1533 1571/2099/1527 1579/2107/1535
f 1579/2107/1535 1571/2099/1527 1551/2075/1507
f 1577/2105/1533 1579/2107/1535 1580/2108/1536
f 1579/2107/1535 1551/2075/1507 1581/2109/1537
f 1581/2109/1537 1551/2075/1507 1542/2062/1498
f 1581/2109/1537 1542/2062/1498 1541/2061/1497
f 1581/2109/1537 1541/2061/1497 1544/2064/1500
f 1581/2109/1537 1544/2064/1500 1579/2107/1535
f 1579/2107/1535 1544/2064/1500 1582/2110/1538
f 1579/2107/1535 1582/2110/1538 1580/2108/1536
f 1582/2110/1538 1544/2064/1500 1583/2111/1539
f 1582/2110/1538 1583/2111/1539 1580/2108/1536
f 1583/2111/1539 1544/2064/1500 1584/2112/1540
f 1584/2112/1540 1544/2064/1500 1537/2056/1493
f 1584/2112/1540 1537/2056/1493 1531/2048/1488
f 1584/2112/1540 1531/2048/1488 1532/2049/180
f 1583/2111/1539 1584/2112/1540 1585/2113/1541
f 1583/2111/1539 1585/2113/1541 1580/2108/1536
f 1585/2113/1541 1584/2112/1540 1532/2049/180
f 1580/2108/1536 1585/2113/1541 1586/2114/1542
f 1580/2108/1536 1586/2114/1542 1587/2115/1543
f 1587/2115/1543 1586/2114/1542 1588/2116/1544
f 1588/2116/1544 1586/2114/1542 1585/2113/1541
f 1587/2115/1543 1588/2116/1544 1589/2117/1545
f 1589/2117/1545 1588/2116/1544 1590/2118/1546
f 1589/2117/1545 1590/2118/1546 1591/2119/1547
f 1588/2116/1544 1585/2113/1541 1592/2120/1548
f 1588/2116/1544 1592/2120/1548 1590/2118/1546
f 1592/2120/1548 1585/2113/1541 1593/2121/1549
f 1593/2121/1549 1585/2113/1541 1532/2049/180
f 1590/2118/1546 1592/2120/1548 1594/2122/1550
f 1594/2122/1550 1592/2120/1548 1593/2121/1549
f 1590/2118/1546 1594/2122/1550 1595/2123/1551
f 1593/2121/1549 1532/2049/180 1596/2124/1552
f 1596/2124/1552 1532/2049/180 1597/2125/1553
f 1597/2125/1553 1532/2049/180 1530/2047/1487
f 1597/2125/1553 1530/2047/1487 1529/2046/1486
f 1596/2124/1552 1597/2125/1553 1598/2126/1554
f 1597/2125/1553 1529/2046/1486 1599/2127/1555
f 1597/2125/1553 1599/2127/1555 1598/2126/1554
f 1593/2121/1549 1596/2124/1552 1600/2128/1556
f 1600/2128/1556 1596/2124/1552 1598/2126/1554
f 1598/2126/1554 1599/2127/1555 1601/2129/1557
f 1598/2126/1554 1601/2129/1557 1600/2128/1556
f 1599/2127/1555 1529/2046/1486 1602/2130/1558
f 1599/2127/1555 1602/2130/1558 1601/2129/1557
f 1602/2130/1558 1529/2046/1486 1603/2131/1559
f 1603/2131/1559 1529/2046/1486 1381/2044/1342
f 1603/2131/1559 1381/2044/1342 1388/2132/1349
f 1603/2131/1559 1388/2132/1349 1604/2133/1560
f 1603/2131/1559 1604/2133/1560 1602/2130/1558
f 1602/2130/1558 1604/2133/1560 1601/2129/1557
f 1601/2129/1557 1604/2133/1560 1600/2128/1556
f 1600/2128/1556 1604/2133/1560 1605/2134/1561
f 1600/2128/1556 1605/2134/1561 1606/2135/1562
f 1607/2136/1563 1608/2137/1564 1606/2135/1562
f 1606/2135/1562 1608/2137/1564 1609/2138/1565
f 1600/2128/1556 1606/2135/1562 1610/2139/1566
f 1610/2139/1566 1606/2135/1562 1609/2138/1565
f 1600/2128/1556 1610/2139/1566 1593/2121/1549
f 1593/2121/1549 1610/2139/1566 1594/2122/1550
f 1594/2122/1550 1610/2139/1566 1609/2138/1565
f 1594/2122/1550 1609/2138/1565 1611/2140/1567
f 1112/2141/1082 1110/2142/1080 1612/2143/1568
f 1613/2144/1569 1114/2145/1084 1112/2141/1082
f 1613/2144/1569 1112/2141/1082 1614/2146/1570
f 1613/2144/1569 1614/2146/1570 1615/2147/1571
f 1615/2147/1571 1614/2146/1570 1112/2141/1082
f 1615/2147/1571 1112/2141/1082 1612/2143/1568
f 1615/2147/1571 1612/2143/1568 1616/2148/1572
f 1616/2148/1572 1612/2143/1568 1617/2149/1573
f 1616/2148/1572 1617/2149/1573 1618/2150/1574
f 1619/2151/1575 1612/2143/1568 1110/2142/1080
f 1612/2143/1568 1619/2151/1575 1617/2149/1573
f 1618/2150/1574 1617/2149/1573 1620/2152/1576
f 1620/2152/1576 1617/2149/1573 1619/2151/1575
f 1618/2150/1574 1620/2152/1576 1621/2153/1577
f 1621/2153/1577 1620/2152/1576 1619/2151/1575
f 1621/2153/1577 1619/2151/1575 1110/2142/1080
f 1618/2150/1574 1621/2153/1577 1217/2154/1186
f 1217/2154/1186 1621/2153/1577 1216/2155/1185
f 1621/2153/1577 1110/2142/1080 1109/2156/1079
f 1216/2155/1185 1621/2153/1577 1214/2157/1183
f 1214/2157/1183 1621/2153/1577 1109/2156/1079
f 1214/2157/1183 1109/2156/1079 1102/2158/1072
f 1622/2159/14 937/2160/14 1222/2161/14
f 1205/2162/1174 1203/2163/1172 1623/2164/1578
f 1205/2162/1174 1623/2164/1578 1209/2165/1178
f 1209/2165/1178 1623/2164/1578 1624/2166/1579
f 1209/2165/1178 1624/2166/1579 1213/2167/1182
f 1213/2167/1182 1624/2166/1579 1625/2168/1580
f 1213/2167/1182 1625/2168/1580 1215/2169/1184
f 1625/2168/1580 1624/2166/1579 1626/2170/1581
f 1215/2169/1184 1625/2168/1580 1627/2171/1582
f 1627/2171/1582 1625/2168/1580 1626/2170/1581
f 1215/2169/1184 1627/2171/1582 1628/2172/1583
f 1628/2172/1583 1627/2171/1582 1629/2173/1584
f 1629/2173/1584 1627/2171/1582 1626/2170/1581
f 1629/2173/1584 1626/2170/1581 1630/2174/1585
f 1630/2174/1585 1626/2170/1581 1631/2175/1586
f 1632/2176/1587 1626/2170/1581 1624/2166/1579
f 1626/2170/1581 1632/2176/1587 1631/2175/1586
f 1632/2176/1587 1624/2166/1579 1623/2164/1578
f 1632/2176/1587 1623/2164/1578 1633/2177/1588
f 1633/2177/1588 1623/2164/1578 1203/2163/1172
f 1631/2175/1586 1632/2176/1587 1634/2178/1589
f 1634/2178/1589 1632/2176/1587 1633/2177/1588
f 1631/2175/1586 1634/2178/1589 1635/2179/1590
f 1634/2178/1589 1633/2177/1588 1636/2180/1591
f 1634/2178/1589 1636/2180/1591 1635/2179/1590
f 1636/2180/1591 1633/2177/1588 1637/2181/1592
f 1637/2181/1592 1633/2177/1588 1203/2163/1172
f 1636/2180/1591 1637/2181/1592 1635/2179/1590
f 1631/2175/1586 1635/2179/1590 1638/2182/1593
f 1638/2182/1593 1635/2179/1590 1639/2183/1594
f 1638/2182/1593 1639/2183/1594 1640/2184/1595
f 1640/2184/1595 1639/2183/1594 1453/2185/1414
f 1453/2185/1414 1639/2183/1594 1450/2186/1411
f 1639/2183/1594 1635/2179/1590 1641/2187/1596
f 1639/2183/1594 1641/2187/1596 1450/2186/1411
f 1641/2187/1596 1635/2179/1590 1637/2181/1592
f 1450/2186/1411 1641/2187/1596 1432/2188/1393
f 1432/2188/1393 1641/2187/1596 1430/2189/1391
f 1430/2189/1391 1641/2187/1596 1428/2190/1389
f 1641/2187/1596 1637/2181/1592 1642/2191/1597
f 1641/2187/1596 1642/2191/1597 1428/2190/1389
f 1642/2191/1597 1637/2181/1592 1203/2163/1172
f 1642/2191/1597 1203/2163/1172 1643/2192/1598
f 1642/2191/1597 1643/2192/1598 1428/2190/1389
f 1643/2192/1598 1203/2163/1172 1202/2193/1171
f 1428/2190/1389 1643/2192/1598 1644/2194/1599
f 1428/2190/1389 1644/2194/1599 1429/2195/1390
f 1643/2192/1598 1202/2193/1171 1645/2196/1600
f 1645/2196/1600 1202/2193/1171 1429/2195/1390
f 1643/2192/1598 1645/2196/1600 1644/2194/1599
f 1644/2194/1599 1645/2196/1600 1429/2195/1390
f 1622/2197/14 1222/2198/14 1223/2199/14
f 1122/2200/1091 1374/2201/1335 1032/2202/1002
f 1374/2201/1335 1122/2200/1091 1372/2203/1333
f 1372/2203/1333 1122/2200/1091 1371/2204/1332
f 1371/2204/1332 1122/2200/1091 1646/2205/1601
f 1646/2205/1601 1122/2200/1091 1119/2206/1089
f 1371/2204/1332 1646/2205/1601 1647/2207/1602
f 1646/2205/1601 1119/2206/1089 1116/2208/1086
f 1646/2205/1601 1116/2208/1086 1647/2207/1602
f 1116/2208/1086 1119/2206/1089 1117/2209/1087
f 1371/2204/1332 1647/2207/1602 1648/2210/1603
f 1647/2207/1602 1116/2208/1086 1649/2211/1604
f 1371/2204/1332 1648/2210/1603 1650/2212/1605
f 1371/2204/1332 1650/2212/1605 1367/2213/1328
f 1650/2212/1605 1648/2210/1603 1651/2214/1606
f 1650/2212/1605 1651/2214/1606 1652/2215/1607
f 1652/2215/1607 1651/2214/1606 1653/2216/1608
f 1649/2211/1604 1116/2208/1086 1654/2217/1609
f 1649/2211/1604 1654/2217/1609 1655/2218/1610
f 1654/2217/1609 1116/2208/1086 1656/2219/1611
f 1656/2219/1611 1116/2208/1086 1114/2220/1084
f 1655/2218/1610 1654/2217/1609 1657/2221/1612
f 1655/2218/1610 1657/2221/1612 1658/2222/1613
f 1658/2222/1613 1657/2221/1612 1659/2223/1614
f 1656/2219/1611 1114/2220/1084 1613/2224/1569
f 1659/2223/1614 1657/2221/1612 1660/2225/1615
f 1654/2217/1609 1656/2219/1611 1661/2226/1616
f 1661/2226/1616 1656/2219/1611 1613/2224/1569
f 1654/2217/1609 1661/2226/1616 1657/2221/1612
f 1661/2226/1616 1613/2224/1569 1662/2227/1617
f 1661/2226/1616 1662/2227/1617 1657/2221/1612
f 1662/2227/1617 1613/2224/1569 1663/2228/1618
f 1662/2227/1617 1663/2228/1618 1657/2221/1612
f 1663/2228/1618 1613/2224/1569 1664/2229/1619
f 1665/2230/1620 1660/2225/1615 1657/2221/1612
f 1665/2230/1620 1657/2221/1612 1663/2228/1618
f 1665/2230/1620 1663/2228/1618 1664/2229/1619
f 1660/2225/1615 1665/2230/1620 1666/2231/1621
f 1665/2230/1620 1664/2229/1619 1667/2232/1622
f 1665/2230/1620 1667/2232/1622 1666/2231/1621
f 1668/2233/1623 1390/2234/1351 1393/2235/1354
f 1390/2234/1351 1668/2233/1623 1386/2236/1347
f 1386/2236/1347 1668/2233/1623 1389/2237/1350
f 1668/2233/1623 1393/2235/1354 1669/2238/1624
f 1669/2238/1624 1393/2235/1354 1670/2239/1625
f 1670/2239/1625 1393/2235/1354 1397/2240/1358
f 1670/2239/1625 1397/2240/1358 1669/2238/1624
f 1668/2233/1623 1669/2238/1624 1671/2241/1626
f 1668/2233/1623 1671/2241/1626 1389/2237/1350
f 1389/2237/1350 1671/2241/1626 1672/2242/1627
f 1389/2237/1350 1672/2242/1627 1387/2243/1348
f 1672/2242/1627 1671/2241/1626 1673/2244/1628
f 1672/2242/1627 1673/2244/1628 1387/2243/1348
f 1673/2244/1628 1671/2241/1626 1674/2245/1629
f 1674/2245/1629 1671/2241/1626 1675/2246/1630
f 1387/2243/1348 1673/2244/1628 1676/2247/1631
f 1676/2247/1631 1673/2244/1628 1674/2245/1629
f 1387/2243/1348 1676/2247/1631 1388/2248/1349
f 1674/2245/1629 1675/2246/1630 1677/2249/1632
f 1674/2245/1629 1677/2249/1632 1676/2247/1631
f 1676/2247/1631 1677/2249/1632 1388/2248/1349
f 1677/2249/1632 1675/2246/1630 1678/2250/1633
f 1388/2248/1349 1677/2249/1632 1679/2251/1634
f 1388/2248/1349 1679/2251/1634 1604/2252/1560
f 1604/2252/1560 1679/2251/1634 1605/2253/1561
f 1679/2251/1634 1677/2249/1632 1680/2254/1635
f 1680/2254/1635 1677/2249/1632 1678/2250/1633
f 1605/2253/1561 1679/2251/1634 1681/2255/1636
f 1681/2255/1636 1679/2251/1634 1680/2254/1635
f 1680/2254/1635 1678/2250/1633 1682/2256/1637
f 1680/2254/1635 1682/2256/1637 1681/2255/1636
f 1682/2256/1637 1678/2250/1633 1683/2257/1638
f 1605/2253/1561 1681/2255/1636 1684/2258/1639
f 1605/2253/1561 1684/2258/1639 1606/2259/1562
f 1684/2258/1639 1681/2255/1636 1685/2260/764
f 1685/2260/764 1681/2255/1636 1682/2256/1637
f 1606/2259/1562 1684/2258/1639 1686/2261/1640
f 1606/2259/1562 1686/2261/1640 1607/2262/1563
f 1607/2262/1563 1686/2261/1640 1608/2263/1564
f 1608/2263/1564 1686/2261/1640 1687/2264/1641
f 1684/2258/1639 1685/2260/764 1688/2265/1642
f 1684/2258/1639 1688/2265/1642 1686/2261/1640
f 1688/2265/1642 1685/2260/764 1689/2266/1643
f 1689/2266/1643 1685/2260/764 1682/2256/1637
f 1686/2261/1640 1688/2265/1642 1690/2267/1644
f 1688/2265/1642 1689/2266/1643 1691/2268/1645
f 1688/2265/1642 1691/2268/1645 1690/2267/1644
f 1691/2268/1645 1689/2266/1643 1682/2256/1637
f 1690/2267/1644 1691/2268/1645 1686/2261/1640
f 1692/2269/1646 1687/2264/1641 1686/2261/1640
f 1692/2269/1646 1686/2261/1640 1691/2268/1645
f 1687/2264/1641 1692/2269/1646 1693/2270/1647
f 1687/2264/1641 1693/2270/1647 1694/2271/1648
f 1694/2271/1648 1693/2270/1647 1695/2272/1649
f 1693/2270/1647 1692/2269/1646 1696/2273/1650
f 1695/2272/1649 1693/2270/1647 1697/2274/1651
f 1697/2274/1651 1693/2270/1647 1696/2273/1650
f 1696/2273/1650 1692/2269/1646 1698/2275/1652
f 1698/2275/1652 1692/2269/1646 1691/2268/1645
f 1696/2273/1650 1698/2275/1652 1699/2276/1653
f 1696/2273/1650 1699/2276/1653 1697/2274/1651
f 1698/2275/1652 1691/2268/1645 1700/2277/1654
f 1698/2275/1652 1700/2277/1654 1699/2276/1653
f 1697/2274/1651 1699/2276/1653 1701/2278/1655
f 1701/2278/1655 1699/2276/1653 1700/2277/1654
f 1702/2279/1656 1695/2272/1649 1697/2274/1651
f 1695/2272/1649 1702/2279/1656 1703/2280/1657
f 1703/2280/1657 1702/2279/1656 1704/2281/1658
f 1703/2280/1657 1704/2281/1658 1705/2282/1659
f 1702/2279/1656 1697/2274/1651 1706/2283/1660
f 1702/2279/1656 1706/2283/1660 1704/2281/1658
f 1706/2283/1660 1697/2274/1651 1707/2284/1661
f 1707/2284/1661 1697/2274/1651 1701/2278/1655
f 1704/2281/1658 1706/2283/1660 1708/2285/1662
f 1708/2285/1662 1706/2283/1660 1707/2284/1661
f 1705/2282/1659 1704/2281/1658 1709/2286/1663
f 1707/2284/1661 1701/2278/1655 1710/2287/1664
f 1707/2284/1661 1710/2287/1664 1708/2285/1662
f 1709/2286/1663 1704/2281/1658 1711/2288/1665
f 1711/2288/1665 1704/2281/1658 1708/2285/1662
f 1709/2286/1663 1711/2288/1665 1712/2289/1666
f 1709/2286/1663 1712/2289/1666 1713/2290/1667
f 1709/2286/1663 1713/2290/1667 1714/2291/1668
f 1714/2291/1668 1713/2290/1667 1715/2292/1669
f 1715/2292/1669 1713/2290/1667 1716/2293/1670
f 1715/2292/1669 1716/2293/1670 1717/2294/1671
f 1711/2288/1665 1708/2285/1662 1718/2295/1672
f 1711/2288/1665 1718/2295/1672 1719/2296/1673
f 1711/2288/1665 1719/2296/1673 1720/2297/1674
f 1720/2297/1674 1719/2296/1673 1718/2295/1672
f 1718/2295/1672 1708/2285/1662 1721/2298/1675
f 1718/2295/1672 1721/2298/1675 1722/2299/1676
f 1721/2298/1675 1708/2285/1662 1710/2287/1664
f 1721/2298/1675 1710/2287/1664 1723/2300/1677
f 1724/2301/1678 1710/2287/1664 1725/2302/1679
f 1724/2301/1678 1725/2302/1679 1726/2303/1680
f 1726/2303/1680 1725/2302/1679 1727/2304/1681
f 1727/2304/1681 1725/2302/1679 1728/2305/1682
f 1727/2304/1681 1728/2305/1682 1729/2306/1683
f 1727/2304/1681 1729/2306/1683 1730/2307/1684
f 1728/2305/1682 1725/2302/1679 1731/2308/1685
f 1728/2305/1682 1731/2308/1685 1729/2306/1683
f 1731/2308/1685 1725/2302/1679 1710/2287/1664
f 1730/2307/1684 1729/2306/1683 1732/2309/1686
f 1732/2309/1686 1729/2306/1683 1731/2308/1685
f 1730/2307/1684 1732/2309/1686 1733/2310/1687
f 1733/2310/1687 1732/2309/1686 1734/2311/1688
f 1734/2311/1688 1732/2309/1686 1735/2312/1689
f 1731/2308/1685 1710/2287/1664 1736/2313/1690
f 1731/2308/1685 1736/2313/1690 1732/2309/1686
f 1736/2313/1690 1710/2287/1664 1701/2278/1655
f 1735/2312/1689 1732/2309/1686 1737/2314/1691
f 1736/2313/1690 1701/2278/1655 1738/2315/1692
f 1737/2314/1691 1732/2309/1686 1738/2315/1692
f 1732/2309/1686 1736/2313/1690 1739/2316/1693
f 1739/2316/1693 1736/2313/1690 1738/2315/1692
f 1739/2316/1693 1738/2315/1692 1732/2309/1686
f 1738/2315/1692 1701/2278/1655 1700/2277/1654
f 1737/2314/1691 1738/2315/1692 1740/2317/1694
f 1740/2317/1694 1738/2315/1692 1700/2277/1654
f 1737/2314/1691 1740/2317/1694 1741/2318/1695
f 1740/2317/1694 1700/2277/1654 1742/2319/1696
f 1742/2319/1696 1700/2277/1654 1691/2268/1645
f 1741/2318/1695 1740/2317/1694 1743/2320/1697
f 1743/2320/1697 1740/2317/1694 1742/2319/1696
f 1742/2319/1696 1691/2268/1645 1744/2321/1698
f 1742/2319/1696 1744/2321/1698 1743/2320/1697
f 1744/2321/1698 1691/2268/1645 1682/2256/1637
f 1743/2320/1697 1744/2321/1698 1745/2322/1699
f 1741/2318/1695 1743/2320/1697 1746/2323/1700
f 1746/2323/1700 1743/2320/1697 1745/2322/1699
f 1741/2318/1695 1746/2323/1700 1747/2324/1701
f 1745/2322/1699 1744/2321/1698 1748/2325/1702
f 1745/2322/1699 1748/2325/1702 1746/2323/1700
f 1748/2325/1702 1744/2321/1698 1682/2256/1637
f 1746/2323/1700 1748/2325/1702 1683/2257/1638
f 1683/2257/1638 1748/2325/1702 1682/2256/1637
f 1397/2326/1358 1401/2327/1362 1669/2328/1624
f 1669/2328/1624 1401/2327/1362 1403/2329/1364
f 1669/2328/1624 1403/2329/1364 1671/2330/1626
f 1671/2330/1626 1403/2329/1364 1675/2331/1630
f 1675/2331/1630 1403/2329/1364 1749/2332/1703
f 1675/2331/1630 1749/2332/1703 1678/2333/1633
f 1678/2333/1633 1749/2332/1703 1683/2334/1638
f 1683/2334/1638 1749/2332/1703 1750/2335/1704
f 1683/2334/1638 1750/2335/1704 1746/2336/1700
f 1749/2332/1703 1403/2329/1364 1751/2337/1705
f 1746/2336/1700 1750/2335/1704 1752/2338/1706
f 1752/2338/1706 1750/2335/1704 1749/2332/1703
f 1752/2338/1706 1749/2332/1703 1751/2337/1705
f 1746/2336/1700 1752/2338/1706 1747/2339/1701
f 1747/2339/1701 1752/2338/1706 1751/2337/1705
f 1751/2337/1705 1403/2329/1364 1406/2340/1367
f 1747/2339/1701 1751/2337/1705 1753/2341/1707
f 1747/2339/1701 1753/2341/1707 1754/2342/1708
f 1753/2341/1707 1751/2337/1705 1755/2343/1709
f 1755/2343/1709 1751/2337/1705 1406/2340/1367
f 1747/2339/1701 1754/2342/1708 1741/2344/1695
f 1753/2341/1707 1755/2343/1709 1756/2345/1710
f 1755/2343/1709 1406/2340/1367 1757/2346/1711
f 1755/2343/1709 1757/2346/1711 1756/2345/1710
f 1753/2341/1707 1756/2345/1710 1758/2347/1712
f 1753/2341/1707 1758/2347/1712 1754/2342/1708
f 1756/2345/1710 1757/2346/1711 1759/2348/1713
f 1757/2346/1711 1406/2340/1367 1760/2349/1714
f 1757/2346/1711 1760/2349/1714 1759/2348/1713
f 1758/2347/1712 1756/2345/1710 1761/2350/1715
f 1761/2350/1715 1756/2345/1710 1759/2348/1713
f 1754/2342/1708 1758/2347/1712 1762/2351/1716
f 1762/2351/1716 1758/2347/1712 1763/2352/1717
f 1758/2347/1712 1761/2350/1715 1764/2353/1718
f 1758/2347/1712 1764/2353/1718 1763/2352/1717
f 1761/2350/1715 1759/2348/1713 1765/2354/1719
f 1754/2342/1708 1762/2351/1716 1766/2355/1720
f 1754/2342/1708 1766/2355/1720 1767/2356/1721
f 1754/2342/1708 1767/2356/1721 1741/2344/1695
f 1741/2344/1695 1767/2356/1721 1766/2355/1720
f 1735/2357/1689 1737/2358/1691 1741/2344/1695
f 1735/2357/1689 1741/2344/1695 1768/2359/1722
f 1768/2359/1722 1741/2344/1695 1766/2355/1720
f 1735/2357/1689 1768/2359/1722 1734/2360/1688
f 1769/2361/1723 1766/2355/1720 1762/2351/1716
f 1769/2361/1723 1762/2351/1716 1763/2352/1717
f 1734/2360/1688 1768/2359/1722 1770/2362/1724
f 1768/2359/1722 1766/2355/1720 1771/2363/1725
f 1771/2363/1725 1766/2355/1720 1772/2364/1726
f 1772/2364/1726 1766/2355/1720 1769/2361/1723
f 1768/2359/1722 1771/2363/1725 1773/2365/1727
f 1768/2359/1722 1773/2365/1727 1770/2362/1724
f 1771/2363/1725 1772/2364/1726 1774/2366/1728
f 1774/2366/1728 1772/2364/1726 1769/2361/1723
f 1771/2363/1725 1774/2366/1728 1773/2365/1727
f 1770/2362/1724 1773/2365/1727 1775/2367/1729
f 1773/2365/1727 1774/2366/1728 1776/2368/1730
f 1770/2362/1724 1775/2367/1729 1777/2369/1731
f 1770/2362/1724 1777/2369/1731 1778/2370/1732
f 1770/2362/1724 1778/2370/1732 1779/2371/1733
f 1777/2369/1731 1775/2367/1729 1780/2372/1734
f 1780/2372/1734 1775/2367/1729 1773/2365/1727
f 1780/2372/1734 1773/2365/1727 1776/2368/1730
f 1777/2369/1731 1780/2372/1734 1781/2373/1735
f 1782/2374/1736 1776/2368/1730 1774/2366/1728
f 1776/2368/1730 1782/2374/1736 1780/2372/1734
f 1782/2374/1736 1774/2366/1728 1783/2375/1737
f 1783/2375/1737 1774/2366/1728 1769/2361/1723
f 1780/2372/1734 1782/2374/1736 1784/2376/1738
f 1780/2372/1734 1784/2376/1738 1781/2373/1735
f 1784/2376/1738 1782/2374/1736 1783/2375/1737
f 1781/2373/1735 1784/2376/1738 1785/2377/1739
f 1783/2375/1737 1769/2361/1723 1786/2378/1740
f 1785/2377/1739 1784/2376/1738 1787/2379/1741
f 1786/2378/1740 1769/2361/1723 1763/2352/1717
f 1786/2378/1740 1763/2352/1717 1788/2380/1742
f 1788/2380/1742 1763/2352/1717 1786/2380/1743
f 1786/2380/1743 1763/2352/1717 1764/2353/1718
f 1788/2380/1742 1786/2380/1743 1789/2381/1744
f 1788/2380/1742 1789/2381/1744 1786/2378/1740
f 1789/2381/1744 1786/2380/1743 1764/2353/1718
f 1786/2378/1740 1789/2381/1744 1790/2382/1745
f 1790/2382/1745 1789/2381/1744 1764/2353/1718
f 1786/2378/1740 1790/2382/1745 1783/2375/1737
f 1790/2382/1745 1764/2353/1718 1791/2383/1746
f 1791/2383/1746 1764/2353/1718 1761/2350/1715
f 1783/2375/1737 1790/2382/1745 1792/2384/1747
f 1783/2375/1737 1792/2384/1747 1784/2376/1738
f 1790/2382/1745 1791/2383/1746 1793/2385/1748
f 1790/2382/1745 1793/2385/1748 1792/2384/1747
f 1791/2383/1746 1761/2350/1715 1794/2386/1749
f 1791/2383/1746 1794/2386/1749 1793/2385/1748
f 1794/2386/1749 1761/2350/1715 1765/2354/1719
f 1793/2385/1748 1794/2386/1749 1795/2387/1750
f 1795/2387/1750 1794/2386/1749 1765/2354/1719
f 1796/2388/1751 1784/2376/1738 1792/2384/1747
f 1792/2384/1747 1793/2385/1748 1797/2389/1752
f 1792/2384/1747 1797/2389/1752 1796/2388/1751
f 1797/2389/1752 1793/2385/1748 1798/2390/1753
f 1798/2390/1753 1793/2385/1748 1795/2387/1750
f 1797/2389/1752 1798/2390/1753 1799/2391/1754
f 1796/2388/1751 1797/2389/1752 1800/2392/1755
f 1796/2388/1751 1800/2392/1755 1784/2376/1738
f 1800/2392/1755 1797/2389/1752 1799/2391/1754
f 1799/2391/1754 1798/2390/1753 1801/2393/1231
f 1801/2393/1231 1798/2390/1753 1795/2387/1750
f 1799/2391/1754 1801/2393/1231 1800/2392/1755
f 1801/2393/1231 1795/2387/1750 1802/2394/1756
f 1784/2376/1738 1800/2392/1755 1803/2395/1757
f 1784/2376/1738 1803/2395/1757 1787/2379/1741
f 1787/2379/1741 1803/2395/1757 1804/2396/1758
f 1787/2379/1741 1804/2396/1758 1805/2397/1759
f 1804/2396/1758 1803/2395/1757 1806/2398/1760
f 1806/2398/1760 1803/2395/1757 1800/2392/1755
f 1801/2393/1231 1802/2394/1756 1807/2399/1761
f 1806/2398/1760 1800/2392/1755 1808/2400/1762
f 1808/2400/1762 1800/2392/1755 1801/2393/1231
f 1808/2400/1762 1801/2393/1231 1807/2399/1761
f 1806/2398/1760 1808/2400/1762 1809/2401/1763
f 1808/2400/1762 1807/2399/1761 1810/2402/1764
f 1808/2400/1762 1810/2402/1764 1809/2401/1763
f 1809/2401/1763 1810/2402/1764 1811/2403/1765
f 1809/2401/1763 1811/2403/1765 1812/2404/1766
f 1813/2405/1767 1802/2394/1756 1795/2387/1750
f 1813/2405/1767 1795/2387/1750 1765/2354/1719
f 1802/2394/1756 1813/2405/1767 1814/2406/1768
f 1814/2406/1768 1813/2405/1767 1815/2407/1769
f 1814/2406/1768 1815/2407/1769 1816/2408/1770
f 1816/2408/1770 1815/2407/1769 1817/2409/1771
f 1817/2409/1771 1815/2407/1769 1813/2405/1767
f 1813/2405/1767 1765/2354/1719 1818/2410/1772
f 1813/2405/1767 1818/2410/1772 1819/2411/1773
f 1819/2411/1773 1818/2410/1772 1820/2412/1774
f 1818/2410/1772 1765/2354/1719 1759/2348/1713
f 1820/2412/1774 1818/2410/1772 1821/2413/1775
f 1818/2410/1772 1759/2348/1713 1822/2414/1776
f 1822/2414/1776 1759/2348/1713 1760/2349/1714
f 1822/2414/1776 1760/2349/1714 1818/2410/1772
f 1818/2410/1772 1760/2349/1714 1821/2413/1775
f 1821/2413/1775 1760/2349/1714 1823/2415/1777
f 1823/2415/1777 1760/2349/1714 1824/2416/1778
f 1823/2415/1777 1824/2416/1778 1411/2417/1372
f 1824/2416/1778 1760/2349/1714 1406/2340/1367
f 1411/2417/1372 1824/2416/1778 1405/2418/1366
f 1405/2418/1366 1824/2416/1778 1406/2340/1367
f 1825/2419/1779 1396/2420/1357 924/2421/902
f 1244/2422/14 1826/2423/14 1223/2424/14
f 1223/2424/14 1826/2423/14 1622/2425/14
f 1826/2423/14 1244/2422/14 1827/2426/14
f 1827/2426/14 1244/2422/14 1245/2427/14
f 1828/2428/1780 923/2429/901 922/2430/900
f 923/2429/901 1828/2428/1780 1829/2431/1781
f 923/2429/901 1829/2431/1781 1830/2432/1782
f 1830/2432/1782 1829/2431/1781 1831/2433/1783
f 1825/2434/1779 924/2435/902 923/2429/901
f 1825/2434/1779 923/2429/901 1830/2432/1782
f 1830/2432/1782 1831/2433/1783 1832/2436/1784
f 1830/2432/1782 1832/2436/1784 1833/2437/1785
f 1825/2434/1779 1830/2432/1782 1834/2438/1786
f 1834/2438/1786 1830/2432/1782 1833/2437/1785
f 1825/2434/1779 1834/2438/1786 1835/2439/1787
f 1825/2434/1779 1835/2439/1787 1836/2440/1788
f 1836/2440/1788 1835/2439/1787 1837/2441/1789
f 1835/2439/1787 1834/2438/1786 1838/2442/1790
f 1838/2442/1790 1834/2438/1786 1833/2437/1785
f 1835/2439/1787 1838/2442/1790 1837/2441/1789
f 1838/2442/1790 1833/2437/1785 1832/2436/1784
f 1837/2441/1789 1838/2442/1790 1839/2443/1791
f 1839/2443/1791 1838/2442/1790 1832/2436/1784
f 1837/2441/1789 1839/2443/1791 1840/2444/1792
f 1839/2443/1791 1832/2436/1784 1841/2445/1793
f 1839/2443/1791 1841/2445/1793 1840/2444/1792
f 1615/2446/1571 1664/2447/1619 1613/2448/1569
f 1664/2447/1619 1615/2446/1571 1616/2449/1572
f 1664/2447/1619 1616/2449/1572 1842/2450/1794
f 1664/2447/1619 1842/2450/1794 1843/2451/1795
f 1664/2447/1619 1843/2451/1795 1667/2452/1622
f 1842/2450/1794 1616/2449/1572 1844/2453/1796
f 1842/2450/1794 1844/2453/1796 1843/2451/1795
f 1844/2453/1796 1616/2449/1572 1618/2454/1574
f 1667/2452/1622 1843/2451/1795 1666/2455/1621
f 1844/2453/1796 1618/2454/1574 1217/2456/1186
f 1843/2451/1795 1844/2453/1796 1845/2457/1797
f 1845/2457/1797 1844/2453/1796 1846/2458/1798
f 1845/2457/1797 1846/2458/1798 1847/2459/1799
f 1847/2459/1799 1846/2458/1798 1844/2453/1796
f 1845/2457/1797 1847/2459/1799 1843/2451/1795
f 1847/2459/1799 1844/2453/1796 1217/2456/1186
f 1843/2451/1795 1847/2459/1799 1848/2460/1800
f 1848/2460/1800 1847/2459/1799 1217/2456/1186
f 1849/2461/1801 1666/2455/1621 1843/2451/1795
f 1849/2461/1801 1843/2451/1795 1848/2460/1800
f 1666/2455/1621 1849/2461/1801 1850/2462/1802
f 1666/2455/1621 1850/2462/1802 1851/2463/1803
f 1849/2461/1801 1848/2460/1800 1852/2464/1804
f 1851/2463/1803 1850/2462/1802 1853/2465/1805
f 1853/2465/1805 1850/2462/1802 1849/2461/1801
f 1853/2465/1805 1849/2461/1801 1852/2464/1804
f 1851/2463/1803 1853/2465/1805 1854/2466/1806
f 1852/2464/1804 1848/2460/1800 1855/2467/1807
f 1853/2465/1805 1852/2464/1804 1856/2468/1808
f 1855/2467/1807 1848/2460/1800 1857/2469/1809
f 1857/2469/1809 1848/2460/1800 1217/2456/1186
f 1855/2467/1807 1857/2469/1809 1858/2470/1810
f 1858/2470/1810 1857/2469/1809 1859/2471/1811
f 1859/2471/1811 1857/2469/1809 1628/2472/1583
f 1628/2472/1583 1857/2469/1809 1217/2456/1186
f 1628/2472/1583 1217/2456/1186 1215/2473/1184
f 1853/2465/1805 1856/2468/1808 1860/2474/1812
f 1860/2474/1812 1856/2468/1808 1861/2475/1813
f 1860/2474/1812 1861/2475/1813 1862/2476/1814
f 1860/2474/1812 1862/2476/1814 1853/2465/1805
f 1862/2476/1814 1861/2475/1813 1863/2477/1815
f 1862/2476/1814 1863/2477/1815 1864/2478/1816
f 1862/2476/1814 1864/2478/1816 1865/2479/1817
f 1862/2476/1814 1865/2479/1817 1853/2465/1805
f 1853/2465/1805 1865/2479/1817 1866/2480/1818
f 1853/2465/1805 1866/2480/1818 1854/2466/1806
f 1866/2480/1818 1865/2479/1817 1867/2481/1819
f 1866/2480/1818 1867/2481/1819 1854/2466/1806
f 1854/2466/1806 1867/2481/1819 1868/2482/1820
f 1869/2483/14 934/2484/14 935/2485/14
f 938/2486/14 937/2487/14 1622/2488/14
f 769/2489/748 890/2490/867 892/2491/869
f 890/2490/867 769/2489/748 1870/2492/1821
f 1870/2492/1821 769/2489/748 764/2493/743
f 890/2490/867 1870/2492/1821 1871/2494/1822
f 1870/2492/1821 764/2493/743 765/2495/744
f 1870/2492/1821 765/2495/744 1871/2494/1822
f 1871/2494/1822 765/2495/744 1872/2496/1823
f 856/2497/833 855/2498/832 893/2499/870
f 856/2497/833 893/2499/870 1873/2500/1824
f 856/2497/833 1873/2500/1824 853/2501/830
f 1873/2500/1824 893/2499/870 1874/2502/1825
f 1873/2500/1824 1874/2502/1825 1875/2503/1826
f 1873/2500/1824 1875/2503/1826 1829/2504/1781
f 853/2501/830 1873/2500/1824 921/2505/899
f 1873/2500/1824 1829/2504/1781 1828/2506/1780
f 1873/2500/1824 1828/2506/1780 921/2505/899
f 921/2505/899 1828/2506/1780 922/2507/900
f 891/2508/868 889/2509/866 893/2510/870
f 1876/2511/1827 1874/2512/1825 893/2510/870
f 893/2510/870 889/2509/866 1877/2513/1828
f 893/2510/870 1877/2513/1828 1876/2511/1827
f 1877/2513/1828 889/2509/866 1878/2514/1829
f 1876/2511/1827 1877/2513/1828 1879/2515/1830
f 1878/2514/1829 889/2509/866 890/2516/867
f 1876/2511/1827 1879/2515/1830 1880/2517/1831
f 1878/2514/1829 890/2516/867 1881/2518/1832
f 1881/2518/1832 890/2516/867 1871/2519/1822
f 1881/2518/1832 1871/2519/1822 1882/2520/1833
f 1881/2518/1832 1882/2520/1833 1878/2514/1829
f 1882/2520/1833 1871/2519/1822 1872/2521/1823
f 1882/2520/1833 1872/2521/1823 1883/2522/1834
f 1878/2514/1829 1882/2520/1833 1884/2523/1835
f 1878/2514/1829 1884/2523/1835 1877/2513/1828
f 1882/2520/1833 1883/2522/1834 1885/2524/1836
f 1882/2520/1833 1885/2524/1836 1884/2523/1835
f 1885/2524/1836 1883/2522/1834 1886/2525/1837
f 1877/2513/1828 1884/2523/1835 1879/2515/1830
f 1885/2524/1836 1886/2525/1837 1887/2526/1838
f 1885/2524/1836 1887/2526/1838 1884/2523/1835
f 1887/2526/1838 1886/2525/1837 1888/2527/1839
f 1887/2526/1838 1888/2527/1839 1880/2517/1831
f 1887/2526/1838 1880/2517/1831 1879/2515/1830
f 1884/2523/1835 1887/2526/1838 1889/2528/1840
f 1889/2528/1840 1887/2526/1838 1879/2515/1830
f 1890/2529/1841 1879/2515/1830 1884/2523/1835
f 1879/2515/1830 1890/2529/1841 1889/2528/1840
f 1889/2528/1840 1890/2529/1841 1884/2523/1835
f 1460/2530/1419 1891/2531/1842 1438/2532/1399
f 1438/2532/1399 1891/2531/1842 1440/2533/1401
f 1891/2531/1842 1460/2530/1419 1892/2534/1843
f 1444/2535/1405 1442/2536/1403 1440/2533/1401
f 1444/2535/1405 1440/2533/1401 1893/2537/1844
f 1440/2533/1401 1891/2531/1842 1894/2538/1845
f 1440/2533/1401 1894/2538/1845 1893/2537/1844
f 1892/2534/1843 1460/2530/1419 1461/2539/14
f 1891/2531/1842 1892/2534/1843 1895/2540/1846
f 1891/2531/1842 1895/2540/1846 1894/2538/1845
f 1895/2540/1846 1892/2534/1843 1896/2541/1847
f 1892/2534/1843 1461/2539/14 1897/2542/1848
f 1892/2534/1843 1897/2542/1848 1896/2541/1847
f 1895/2540/1846 1896/2541/1847 1898/2543/1849
f 1898/2543/1849 1896/2541/1847 1897/2542/1848
f 1895/2540/1846 1898/2543/1849 1894/2538/1845
f 1898/2543/1849 1897/2542/1848 1899/2544/1850
f 1898/2543/1849 1899/2544/1850 1894/2538/1845
f 1897/2542/1848 1461/2539/14 1900/2545/1851
f 1899/2544/1850 1897/2542/1848 1901/2546/1852
f 1901/2546/1852 1897/2542/1848 1900/2545/1851
f 1899/2544/1850 1901/2546/1852 1902/2547/1853
f 1899/2544/1850 1902/2547/1853 1894/2538/1845
f 1894/2538/1845 1902/2547/1853 1903/2548/1854
f 1894/2538/1845 1903/2548/1854 1893/2537/1844
f 1903/2548/1854 1902/2547/1853 1904/2549/1855
f 1904/2549/1855 1902/2547/1853 1905/2550/1856
f 1893/2537/1844 1903/2548/1854 1906/2551/1857
f 1905/2550/1856 1902/2547/1853 1907/2552/1858
f 1905/2550/1856 1907/2552/1858 1908/2553/1859
f 1907/2552/1858 1902/2547/1853 1909/2554/1860
f 1909/2554/1860 1902/2547/1853 1901/2546/1852
f 1907/2552/1858 1909/2554/1860 1908/2553/1859
f 1910/2555/1861 1908/2553/1859 1461/2539/14
f 1461/2539/14 1908/2553/1859 1900/2545/1851
f 1911/2556/1862 1901/2546/1852 1900/2545/1851
f 1901/2546/1852 1911/2556/1862 1909/2554/1860
f 1900/2545/1851 1908/2553/1859 1912/2557/1863
f 1912/2557/1863 1908/2553/1859 1909/2554/1860
f 1911/2556/1862 1900/2545/1851 1913/2558/1864
f 1911/2556/1862 1913/2558/1864 1909/2554/1860
f 1900/2545/1851 1912/2557/1863 1914/2559/1865
f 1914/2559/1865 1912/2557/1863 1909/2554/1860
f 1900/2545/1851 1914/2559/1865 1913/2558/1864
f 1913/2558/1864 1914/2559/1865 1909/2554/1860
f 1915/2560/1866 1451/2561/1412 1906/2551/1857
f 1906/2551/1857 1451/2561/1412 1916/2562/1867
f 1916/2562/1867 1451/2561/1412 1446/2563/1407
f 1916/2562/1867 1446/2563/1407 1444/2535/1405
f 1916/2562/1867 1444/2535/1405 1893/2537/1844
f 1906/2551/1857 1916/2562/1867 1917/2564/1868
f 1906/2551/1857 1917/2564/1868 1893/2537/1844
f 1893/2537/1844 1917/2564/1868 1916/2562/1867
f 1918/2565/1869 1629/2566/1584 1630/2567/1585
f 1629/2566/1584 1918/2565/1869 1919/2568/1400
f 1629/2566/1584 1919/2568/1400 1628/2569/1583
f 1628/2569/1583 1919/2568/1400 1859/2570/1811
f 1859/2570/1811 1919/2568/1400 1858/2571/1810
f 1858/2571/1810 1919/2568/1400 1920/2572/1870
f 1920/2572/1870 1919/2568/1400 1918/2565/1869
f 1858/2571/1810 1920/2572/1870 1921/2573/1871
f 1918/2565/1869 1630/2567/1585 1922/2574/1872
f 1918/2565/1869 1922/2574/1872 1920/2572/1870
f 1922/2574/1872 1630/2567/1585 1631/2575/1586
f 1921/2573/1871 1920/2572/1870 1923/2576/1873
f 1923/2576/1873 1920/2572/1870 1922/2574/1872
f 1922/2574/1872 1631/2575/1586 1924/2577/1874
f 1924/2577/1874 1631/2575/1586 1638/2578/1593
f 1924/2577/1874 1638/2578/1593 1925/2579/1875
f 1924/2577/1874 1925/2579/1875 1922/2574/1872
f 1925/2579/1875 1638/2578/1593 1640/2580/1595
f 1925/2579/1875 1640/2580/1595 1453/2581/1414
f 1922/2574/1872 1925/2579/1875 1926/2582/1876
f 1925/2579/1875 1453/2581/1414 1927/2583/1877
f 1925/2579/1875 1927/2583/1877 1926/2582/1876
f 1927/2583/1877 1453/2581/1414 1928/2584/1878
f 1928/2584/1878 1453/2581/1414 1452/2585/1413
f 1927/2583/1877 1928/2584/1878 1929/2586/1879
f 1927/2583/1877 1929/2586/1879 1926/2582/1876
f 1928/2584/1878 1452/2585/1413 1930/2587/1880
f 1928/2584/1878 1930/2587/1880 1929/2586/1879
f 1931/2588/1881 1922/2574/1872 1926/2582/1876
f 1922/2574/1872 1931/2588/1881 1923/2576/1873
f 1931/2588/1881 1926/2582/1876 1932/2589/1882
f 1931/2588/1881 1932/2589/1882 1923/2576/1873
f 1932/2589/1882 1926/2582/1876 1933/2590/1883
f 1923/2576/1873 1932/2589/1882 1934/2591/1884
f 1934/2591/1884 1932/2589/1882 1933/2590/1883
f 1923/2576/1873 1934/2591/1884 1935/2592/1885
f 1923/2576/1873 1935/2592/1885 1921/2573/1871
f 1935/2592/1885 1934/2591/1884 1936/2593/1009
f 1935/2592/1885 1936/2593/1009 1921/2573/1871
f 1936/2593/1009 1934/2591/1884 1933/2590/1883
f 1921/2573/1871 1936/2593/1009 1937/2594/1886
f 1938/2595/1887 1933/2590/1883 1926/2582/1876
f 1933/2590/1883 1938/2595/1887 1936/2593/1009
f 1938/2595/1887 1926/2582/1876 1929/2586/1879
f 1937/2594/1886 1936/2593/1009 1939/2596/1888
f 1939/2596/1888 1936/2593/1009 1938/2595/1887
f 1937/2594/1886 1939/2596/1888 1940/2597/1889
f 1940/2597/1889 1939/2596/1888 1938/2595/1887
f 1937/2594/1886 1940/2597/1889 1941/2598/1890
f 1937/2594/1886 1941/2598/1890 1942/2599/1891
f 1942/2599/1891 1941/2598/1890 1943/2600/1892
f 1943/2600/1892 1941/2598/1890 1944/2601/1893
f 1945/2602/1894 1938/2595/1887 1929/2586/1879
f 1945/2602/1894 1929/2586/1879 1930/2587/1880
f 1940/2597/1889 1938/2595/1887 1946/2603/1219
f 1940/2597/1889 1946/2603/1219 1941/2598/1890
f 1938/2595/1887 1945/2602/1894 1947/2604/1895
f 1938/2595/1887 1947/2604/1895 1946/2603/1219
f 1944/2601/1893 1941/2598/1890 1948/2605/1896
f 1948/2605/1896 1941/2598/1890 1946/2603/1219
f 1944/2601/1893 1948/2605/1896 1949/2606/1897
f 1947/2604/1895 1945/2602/1894 1950/2607/1898
f 1950/2607/1898 1945/2602/1894 1930/2587/1880
f 1949/2606/1897 1948/2605/1896 1951/2608/1899
f 1947/2604/1895 1950/2607/1898 1952/2609/1900
f 1947/2604/1895 1952/2609/1900 1946/2603/1219
f 1948/2605/1896 1946/2603/1219 1953/2610/1901
f 1948/2605/1896 1953/2610/1901 1951/2608/1899
f 1949/2606/1897 1951/2608/1899 1954/2611/1902
f 1954/2611/1902 1951/2608/1899 1953/2610/1901
f 1949/2606/1897 1954/2611/1902 1955/2612/1903
f 1955/2612/1903 1954/2611/1902 1956/2613/1904
f 1956/2613/1904 1954/2611/1902 1957/2614/1905
f 1957/2614/1905 1954/2611/1902 1953/2610/1901
f 1956/2613/1904 1957/2614/1905 1958/2615/1906
f 1957/2614/1905 1953/2610/1901 1959/2616/1907
f 1960/2617/1908 1953/2610/1901 1946/2603/1219
f 1953/2610/1901 1960/2617/1908 1959/2616/1907
f 1960/2617/1908 1946/2603/1219 1952/2609/1900
f 1959/2616/1907 1960/2617/1908 1961/2618/1909
f 1959/2616/1907 1961/2618/1909 1962/2619/1910
f 1962/2619/1910 1961/2618/1909 1960/2617/1908
f 1962/2619/1910 1960/2617/1908 1952/2609/1900
f 1962/2619/1910 1952/2609/1900 1963/2620/1911
f 1963/2620/1911 1952/2609/1900 1950/2607/1898
f 1963/2620/1911 1950/2607/1898 1964/2621/1912
f 1964/2621/1912 1950/2607/1898 1930/2587/1880
f 1963/2620/1911 1964/2621/1912 1965/2622/1913
f 1963/2620/1911 1965/2622/1913 1966/2623/1914
f 1966/2623/1914 1965/2622/1913 1964/2621/1912
f 1966/2623/1914 1964/2621/1912 1967/2624/1915
f 1964/2621/1912 1930/2587/1880 1455/2625/1416
f 1964/2621/1912 1455/2625/1416 1967/2624/1915
f 1455/2625/1416 1930/2587/1880 1452/2585/1413
f 1455/2625/1416 1452/2585/1413 1454/2626/1415
f 1967/2624/1915 1455/2625/1416 1451/2627/1412
f 1966/2623/1914 1967/2624/1915 1968/2628/1916
f 1967/2624/1915 1451/2627/1412 1915/2629/1866
f 1967/2624/1915 1915/2629/1866 1968/2628/1916
f 1968/2628/1916 1915/2629/1866 1903/2630/1854
f 1903/2630/1854 1915/2629/1866 1906/2631/1857
f 1968/2628/1916 1903/2630/1854 1969/2632/1917
f 1969/2632/1917 1903/2630/1854 1904/2633/1855
f 1490/2634/1447 765/2635/744 762/2636/741
f 1875/2637/1826 1874/2638/1825 1876/2639/1827
f 1875/2637/1826 1876/2639/1827 1970/2640/1918
f 1970/2640/1918 1876/2639/1827 1880/2641/1831
f 1875/2637/1826 1970/2640/1918 1831/2642/1783
f 1831/2642/1783 1970/2640/1918 1832/2643/1784
f 1875/2637/1826 1831/2642/1783 1971/2644/1919
f 1971/2644/1919 1831/2642/1783 1829/2645/1781
f 1971/2644/1919 1829/2645/1781 1972/2646/1920
f 1559/2647/1515 1973/2648/1921 1560/2649/1516
f 1973/2648/1921 1559/2647/1515 1974/2650/1922
f 1974/2650/1922 1559/2647/1515 1975/2651/1923
f 1973/2648/1921 1974/2650/1922 1976/2652/1924
f 1973/2648/1921 1976/2652/1924 1560/2649/1516
f 1976/2652/1924 1974/2650/1922 1975/2651/1923
f 1975/2651/1923 1559/2647/1515 1561/2653/1517
f 1975/2651/1923 1561/2653/1517 1977/2654/1925
f 1564/2655/1520 1567/2656/1523 1561/2653/1517
f 1561/2653/1517 1567/2656/1523 1977/2654/1925
f 1977/2654/1925 1567/2656/1523 1978/2657/1855
f 1978/2657/1855 1567/2656/1523 1979/2658/1926
f 1979/2658/1926 1567/2656/1523 1569/2659/1525
f 1979/2658/1926 1569/2659/1525 1574/2660/1530
f 1978/2657/1855 1979/2658/1926 1980/2661/1927
f 1980/2661/1927 1979/2658/1926 1574/2660/1530
f 1978/2657/1855 1980/2661/1927 1981/2662/1928
f 1981/2662/1928 1980/2661/1927 1574/2660/1530
f 1978/2657/1855 1981/2662/1928 1982/2663/1929
f 1982/2663/1929 1981/2662/1928 1574/2660/1530
f 1978/2657/1855 1982/2663/1929 1983/2664/1930
f 1978/2657/1855 1983/2664/1930 1977/2654/1925
f 1572/2665/1528 1575/2666/1531 1574/2660/1530
f 1574/2660/1530 1575/2666/1531 1984/2667/1931
f 1574/2660/1530 1984/2667/1931 1982/2663/1929
f 1984/2667/1931 1575/2666/1531 1985/2668/1932
f 1985/2668/1932 1575/2666/1531 1576/2669/1532
f 1977/2654/1925 1983/2664/1930 1986/2670/1933
f 1985/2668/1932 1576/2669/1532 1578/2671/1534
f 1986/2670/1933 1983/2664/1930 1987/2672/1934
f 1987/2672/1934 1983/2664/1930 1982/2663/1929
f 1977/2654/1925 1986/2670/1933 1988/2673/1935
f 1986/2670/1933 1987/2672/1934 1989/2674/1936
f 1986/2670/1933 1989/2674/1936 1988/2673/1935
f 1989/2674/1936 1987/2672/1934 1990/2675/1937
f 1990/2675/1937 1987/2672/1934 1982/2663/1929
f 1988/2673/1935 1989/2674/1936 1991/2676/1938
f 1991/2676/1938 1989/2674/1936 1990/2675/1937
f 1977/2654/1925 1988/2673/1935 1992/2677/1939
f 1992/2677/1939 1988/2673/1935 1991/2676/1938
f 1977/2654/1925 1992/2677/1939 1975/2651/1923
f 1975/2651/1923 1992/2677/1939 1993/2678/1940
f 1990/2675/1937 1982/2663/1929 1994/2679/1941
f 1975/2651/1923 1993/2678/1940 1976/2652/1924
f 1993/2678/1940 1992/2677/1939 1995/2680/1942
f 1995/2680/1942 1992/2677/1939 1991/2676/1938
f 1976/2652/1924 1993/2678/1940 1996/2681/1943
f 1993/2678/1940 1995/2680/1942 1997/2682/1944
f 1993/2678/1940 1997/2682/1944 1996/2681/1943
f 1997/2682/1944 1995/2680/1942 1998/2683/1945
f 1998/2683/1945 1995/2680/1942 1991/2676/1938
f 1999/2684/1946 1991/2676/1938 1990/2675/1937
f 1999/2684/1946 1990/2675/1937 1994/2679/1941
f 1991/2676/1938 1999/2684/1946 2000/2685/1947
f 1991/2676/1938 2000/2685/1947 2001/2686/1948
f 1991/2676/1938 2001/2686/1948 1998/2683/1945
f 2000/2685/1947 1999/2684/1946 2002/2687/1949
f 2002/2687/1949 1999/2684/1946 1994/2679/1941
f 2001/2686/1948 2000/2685/1947 2003/2688/1950
f 2003/2688/1950 2000/2685/1947 2002/2687/1949
f 1998/2683/1945 2001/2686/1948 2004/2689/1951
f 2004/2689/1951 2001/2686/1948 2003/2688/1950
f 2004/2689/1951 2003/2688/1950 2005/2690/1629
f 2004/2689/1951 2005/2690/1629 2006/2691/1952
f 2004/2689/1951 2006/2691/1952 2007/2692/1953
f 2004/2689/1951 2007/2692/1953 1998/2683/1945
f 2007/2692/1953 2006/2691/1952 2008/2693/1281
f 1998/2683/1945 2007/2692/1953 2009/2694/1954
f 1998/2683/1945 2009/2694/1954 1997/2682/1944
f 2007/2692/1953 2008/2693/1281 2010/2695/1955
f 2007/2692/1953 2010/2695/1955 2009/2694/1954
f 2010/2695/1955 2008/2693/1281 2011/2696/1956
f 2010/2695/1955 2011/2696/1956 1247/2697/14
f 1246/2698/1211 1558/2699/1514 1247/2697/14
f 1247/2697/14 1558/2699/1514 1560/2649/1516
f 2010/2695/1955 1247/2697/14 2012/2700/1957
f 2012/2700/1957 1247/2697/14 1560/2649/1516
f 2010/2695/1955 2012/2700/1957 2009/2694/1954
f 2013/2701/1958 1997/2682/1944 2009/2694/1954
f 2013/2701/1958 2009/2694/1954 2014/2702/1959
f 2014/2702/1959 2009/2694/1954 2012/2700/1957
f 2014/2702/1959 2012/2700/1957 2013/2701/1958
f 1997/2682/1944 2013/2701/1958 1996/2681/1943
f 1996/2681/1943 2013/2701/1958 2012/2700/1957
f 1996/2681/1943 2012/2700/1957 2015/2703/1960
f 2016/2704/1961 2012/2700/1957 1560/2649/1516
f 2012/2700/1957 2016/2704/1961 2015/2703/1960
f 2016/2704/1961 1560/2649/1516 1976/2652/1924
f 1996/2681/1943 2015/2703/1960 2017/2705/1962
f 2017/2705/1962 2015/2703/1960 2016/2704/1961
f 1996/2681/1943 2017/2705/1962 1976/2652/1924
f 1976/2652/1924 2017/2705/1962 2016/2704/1961
f 938/2706/14 1622/2707/14 2018/2708/14
f 2018/2708/14 1622/2707/14 1826/2709/14
f 2018/2708/14 1826/2709/14 1827/2710/14
f 2019/2711/1963 1872/2712/1823 765/2713/744
f 1872/2712/1823 2019/2711/1963 1496/2714/1453
f 2019/2711/1963 765/2713/744 1490/2715/1447
f 2019/2711/1963 1490/2715/1447 1496/2714/1453
f 1496/2714/1453 1490/2715/1447 1491/2716/1448
f 1491/2716/1448 1490/2715/1447 1489/2717/1446
f 1496/2714/1453 1491/2716/1448 1492/2718/1449
f 1972/2719/1920 1829/2720/1781 1875/2721/1826
f 1972/2719/1920 1875/2721/1826 2020/2722/1964
f 2020/2722/1964 1875/2721/1826 2021/2723/1965
f 1972/2719/1920 2020/2722/1964 2022/2724/1966
f 2020/2722/1964 2021/2723/1965 1888/2725/1839
f 2020/2722/1964 1888/2725/1839 2022/2724/1966
f 1888/2725/1839 2021/2723/1965 1880/2726/1831
f 1880/2726/1831 2021/2723/1965 1970/2727/1918
f 2022/2724/1966 1888/2725/1839 2023/2728/1967
f 1972/2719/1920 2022/2724/1966 1971/2729/1919
f 1971/2729/1919 2022/2724/1966 1875/2730/1826
f 2022/2724/1966 2023/2728/1967 2024/2731/1968
f 1875/2730/1826 2022/2724/1966 2021/2732/1965
f 2022/2724/1966 2024/2731/1968 2025/2733/1969
f 2022/2724/1966 2025/2733/1969 2021/2732/1965
f 2025/2733/1969 2024/2731/1968 1841/2734/1793
f 1841/2734/1793 2024/2731/1968 2026/2735/1970
f 1841/2734/1793 2026/2735/1970 1840/2736/1792
f 2025/2733/1969 1841/2734/1793 1832/2737/1784
f 2025/2733/1969 1832/2737/1784 2021/2732/1965
f 2021/2732/1965 1832/2737/1784 1970/2738/1918
f 1648/2739/1603 1647/2740/1602 1649/2741/1604
f 1648/2739/1603 1649/2741/1604 2027/2742/1971
f 2027/2742/1971 1649/2741/1604 2028/2743/1972
f 2027/2742/1971 2028/2743/1972 1648/2739/1603
f 2028/2743/1972 1649/2741/1604 1655/2744/1610
f 2028/2743/1972 1655/2744/1610 2029/2745/1973
f 1648/2739/1603 2028/2743/1972 1653/2746/1608
f 1648/2739/1603 1653/2746/1608 1651/2747/1606
f 1653/2746/1608 2028/2743/1972 2029/2745/1973
f 1653/2746/1608 2029/2745/1973 2030/2748/1974
f 1653/2746/1608 2030/2748/1974 2031/2749/1975
f 1653/2746/1608 2031/2749/1975 2032/2750/1976
f 2031/2749/1975 2030/2748/1974 2033/2751/1977
f 1653/2746/1608 2032/2750/1976 1652/2752/1607
f 2032/2750/1976 2031/2749/1975 2034/2753/1978
f 1652/2752/1607 2032/2750/1976 2035/2754/1979
f 2035/2754/1979 2032/2750/1976 2034/2753/1978
f 1652/2752/1607 2035/2754/1979 2036/2755/1980
f 2035/2754/1979 2034/2753/1978 2037/2756/1981
f 2035/2754/1979 2037/2756/1981 2036/2755/1980
f 2037/2756/1981 2034/2753/1978 2038/2757/1982
f 2038/2757/1982 2034/2753/1978 1511/2758/1468
f 2036/2755/1980 2037/2756/1981 1357/2759/1318
f 2038/2757/1982 1511/2758/1468 2039/2760/1983
f 2038/2757/1982 2039/2760/1983 2037/2756/1981
f 2039/2760/1983 1511/2758/1468 1354/2761/1315
f 2039/2760/1983 1354/2761/1315 1355/2762/1316
f 2039/2760/1983 1355/2762/1316 1356/2763/1317
f 2039/2760/1983 1356/2763/1317 2037/2756/1981
f 2037/2756/1981 1356/2763/1317 1357/2759/1318
f 2036/2755/1980 1357/2759/1318 1360/2764/1321
f 2036/2755/1980 1360/2764/1321 1652/2752/1607
f 1652/2752/1607 1360/2764/1321 1650/2765/1605
f 1650/2765/1605 1360/2764/1321 2040/2766/1984
f 1650/2765/1605 2040/2766/1984 1367/2767/1328
f 1367/2767/1328 2040/2766/1984 1360/2764/1321
f 2041/2768/1985 1396/2769/1357 1836/2770/1788
f 1836/2770/1788 1396/2769/1357 1825/2771/1779
f 1396/2769/1357 2041/2768/1985 1413/2772/1374
f 1396/2769/1357 1413/2772/1374 1409/2773/1370
f 1413/2772/1374 2041/2768/1985 1414/2774/1375
f 1414/2774/1375 2041/2768/1985 1836/2770/1788
f 1413/2772/1374 1414/2774/1375 1412/2775/1373
f 1414/2774/1375 1836/2770/1788 2042/2776/1986
f 2042/2776/1986 1836/2770/1788 1837/2777/1789
f 2042/2776/1986 1837/2777/1789 1840/2778/1792
f 2042/2776/1986 1840/2778/1792 2026/2779/1970
f 1872/2780/1823 1886/2781/1837 1883/2782/1834
f 1886/2781/1837 1872/2780/1823 2043/2783/374
f 1886/2781/1837 2043/2783/374 2044/2784/1987
f 1886/2781/1837 2044/2784/1987 1888/2785/1839
f 2043/2783/374 1872/2780/1823 2045/2786/1988
f 1888/2785/1839 2044/2784/1987 2046/2787/1989
f 2046/2787/1989 2044/2784/1987 2043/2783/374
f 1888/2785/1839 2046/2787/1989 2023/2788/1967
f 2043/2783/374 2045/2786/1988 2047/2789/1990
f 2043/2783/374 2047/2789/1990 2046/2787/1989
f 2023/2788/1967 2046/2787/1989 2048/2790/1991
f 2048/2790/1991 2046/2787/1989 2047/2789/1990
f 2048/2790/1991 2047/2789/1990 2045/2786/1988
f 2023/2788/1967 2048/2790/1991 2049/2791/1992
f 2049/2791/1992 2048/2790/1991 2050/2792/1993
f 2051/2793/1994 2045/2786/1988 2050/2792/1993
f 2045/2786/1988 2051/2793/1994 2048/2790/1991
f 2051/2793/1994 2050/2792/1993 2052/2794/1995
f 2052/2794/1995 2050/2792/1993 2048/2790/1991
f 2052/2794/1995 2048/2790/1991 2051/2793/1994
f 2045/2795/1988 1872/2796/1823 1496/2797/1453
f 2045/2795/1988 1496/2797/1453 2050/2798/1993
f 2050/2798/1993 1496/2797/1453 1497/2799/1454
f 2050/2798/1993 1497/2799/1454 2053/2800/1996
f 2050/2798/1993 2053/2800/1996 2054/2801/1997
f 2050/2798/1993 2054/2801/1997 2049/2802/1992
f 2054/2801/1997 2053/2800/1996 2055/2803/1998
f 2055/2803/1998 2053/2800/1996 1497/2799/1454
f 2055/2803/1998 1497/2799/1454 1498/2804/1455
f 938/2805/14 1869/2806/14 935/2807/14
f 1869/2806/14 938/2805/14 2056/2808/14
f 2056/2808/14 938/2805/14 2018/2809/14
f 1869/2806/14 2056/2808/14 2057/2810/14
f 2057/2810/14 2056/2808/14 2058/2811/14
f 2058/2811/14 2056/2808/14 2059/2812/14
f 2057/2810/14 2058/2811/14 2060/2813/14
f 1459/2814/14 934/2815/14 2057/2816/14
f 2057/2816/14 934/2815/14 1869/2817/14
f 1459/2814/14 2057/2816/14 2061/2818/14
f 2061/2818/14 2057/2816/14 2060/2819/14
f 1459/2814/14 2061/2818/14 2062/2820/14
f 2062/2820/14 2061/2818/14 2063/2821/14
f 1459/2814/14 2062/2820/14 2064/2822/14
f 1459/2814/14 2064/2822/14 1458/2823/14
f 1458/2823/14 2064/2822/14 1461/2824/14
f 2065/2825/1999 1858/2826/1810 1921/2827/1871
f 1858/2826/1810 2065/2825/1999 2066/2828/2000
f 2066/2828/2000 2065/2825/1999 1921/2827/1871
f 1858/2826/1810 2066/2828/2000 2067/2829/2001
f 2067/2829/2001 2066/2828/2000 1921/2827/1871
f 1858/2826/1810 2067/2829/2001 1855/2830/1807
f 2067/2829/2001 1921/2827/1871 2068/2831/2002
f 1855/2830/1807 2067/2829/2001 2069/2832/2003
f 2069/2832/2003 2067/2829/2001 2068/2831/2002
f 2068/2831/2002 1921/2827/1871 2070/2833/2004
f 2070/2833/2004 1921/2827/1871 1937/2834/1886
f 2068/2831/2002 2070/2833/2004 2071/2835/2005
f 2071/2835/2005 2070/2833/2004 1937/2834/1886
f 2069/2832/2003 2068/2831/2002 2072/2836/2006
f 2072/2836/2006 2068/2831/2002 2071/2835/2005
f 1855/2830/1807 2069/2832/2003 2073/2837/2007
f 1855/2830/1807 2073/2837/2007 1852/2838/1804
f 2071/2835/2005 1937/2834/1886 2074/2839/2008
f 2074/2839/2008 1937/2834/1886 1942/2840/1891
f 2074/2839/2008 1942/2840/1891 1943/2841/1892
f 2074/2839/2008 1943/2841/1892 2075/2842/2009
f 2075/2842/2009 1943/2841/1892 2076/2843/2010
f 2071/2835/2005 2074/2839/2008 2077/2844/2011
f 2077/2844/2011 2074/2839/2008 2075/2842/2009
f 2075/2842/2009 2076/2843/2010 2078/2845/2012
f 2075/2842/2009 2078/2845/2012 2077/2844/2011
f 2071/2835/2005 2077/2844/2011 2079/2846/2013
f 2071/2835/2005 2079/2846/2013 2072/2836/2006
f 2079/2846/2013 2077/2844/2011 2080/2847/2014
f 2080/2847/2014 2077/2844/2011 2078/2845/2012
f 2072/2836/2006 2079/2846/2013 2081/2848/2015
f 2081/2848/2015 2079/2846/2013 2080/2847/2014
f 2082/2849/2016 2078/2845/2012 2076/2843/2010
f 2082/2849/2016 2076/2843/2010 2083/2850/2017
f 2082/2849/2016 2083/2850/2017 2084/2851/2018
f 2081/2848/2015 2080/2847/2014 2085/2852/2019
f 2078/2845/2012 2082/2849/2016 2086/2853/2020
f 2081/2848/2015 2085/2852/2019 2087/2854/2021
f 2087/2854/2021 2085/2852/2019 2080/2847/2014
f 2088/2855/2022 2080/2847/2014 2078/2845/2012
f 2088/2855/2022 2078/2845/2012 2086/2853/2020
f 2080/2847/2014 2088/2855/2022 2087/2854/2021
f 2088/2855/2022 2086/2853/2020 2089/2856/2023
f 2088/2855/2022 2089/2856/2023 2090/2857/2024
f 2090/2857/2024 2089/2856/2023 2091/2858/2025
f 2088/2855/2022 2090/2857/2024 2087/2854/2021
f 2092/2859/2026 2081/2848/2015 2087/2854/2021
f 2081/2848/2015 2092/2859/2026 2072/2836/2006
f 2087/2854/2021 2090/2857/2024 2093/2860/2027
f 2093/2860/2027 2090/2857/2024 2094/2861/2028
f 2087/2854/2021 2093/2860/2027 2095/2862/2029
f 2087/2854/2021 2095/2862/2029 2092/2859/2026
f 2093/2860/2027 2094/2861/2028 1864/2863/1816
f 1864/2863/1816 2094/2861/2028 2096/2864/2030
f 1864/2863/1816 2096/2864/2030 1865/2865/1817
f 1865/2865/1817 2096/2864/2030 1867/2866/1819
f 2093/2860/2027 1864/2863/1816 2097/2867/2031
f 2093/2860/2027 2097/2867/2031 2095/2862/2029
f 2097/2867/2031 1864/2863/1816 1863/2868/1815
f 2097/2867/2031 1863/2868/1815 1861/2869/1813
f 2095/2862/2029 2097/2867/2031 2098/2870/2032
f 2098/2870/2032 2097/2867/2031 1861/2869/1813
f 2095/2862/2029 2098/2870/2032 2092/2859/2026
f 2098/2870/2032 1861/2869/1813 2099/2871/2033
f 2098/2870/2032 2099/2871/2033 2092/2859/2026
f 2099/2871/2033 1861/2869/1813 1856/2872/1808
f 2099/2871/2033 1856/2872/1808 2100/2873/2034
f 2100/2873/2034 1856/2872/1808 1852/2838/1804
f 2100/2873/2034 1852/2838/1804 2073/2837/2007
f 2100/2873/2034 2073/2837/2007 2099/2871/2033
f 2099/2871/2033 2073/2837/2007 2101/2874/2035
f 2092/2859/2026 2099/2871/2033 2102/2875/2036
f 2102/2875/2036 2099/2871/2033 2101/2874/2035
f 2102/2875/2036 2101/2874/2035 2073/2837/2007
f 2092/2859/2026 2102/2875/2036 2072/2836/2006
f 2102/2875/2036 2073/2837/2007 2069/2832/2003
f 2102/2875/2036 2069/2832/2003 2072/2836/2006
f 2103/2876/14 1827/2877/14 1245/2878/14
f 1827/2877/14 2103/2876/14 2104/2879/14
f 2104/2879/14 2103/2876/14 2105/2880/14
f 2103/2876/14 1245/2878/14 2011/2881/1956
f 2011/2881/1956 1245/2878/14 1247/2882/14
f 2105/2880/14 2103/2876/14 2106/2883/14
f 2106/2883/14 2103/2876/14 2011/2881/1956
f 2107/2884/2037 2108/2885/1211 2106/2883/14
f 2107/2884/2037 2106/2883/14 2109/2886/2038
f 2106/2883/14 2011/2881/1956 2110/2887/2039
f 2106/2883/14 2110/2887/2039 2109/2886/2038
f 2110/2887/2039 2011/2881/1956 2111/2888/2040
f 2111/2888/2040 2011/2881/1956 2112/2889/2041
f 2112/2889/2041 2011/2881/1956 2008/2890/1281
f 2110/2887/2039 2111/2888/2040 2113/2891/2042
f 2113/2891/2042 2111/2888/2040 2112/2889/2041
f 2110/2887/2039 2113/2891/2042 2114/2892/2043
f 2110/2887/2039 2114/2892/2043 2109/2886/2038
f 2113/2891/2042 2112/2889/2041 2115/2893/1135
f 2113/2891/2042 2115/2893/1135 2114/2892/2043
f 2112/2889/2041 2008/2890/1281 2116/2894/2044
f 2115/2893/1135 2112/2889/2041 2117/2895/2045
f 2117/2895/2045 2112/2889/2041 2116/2894/2044
f 2116/2894/2044 2008/2890/1281 2006/2896/1952
f 2116/2894/2044 2006/2896/1952 2118/2897/2046
f 2116/2894/2044 2118/2897/2046 2119/2898/2047
f 2116/2894/2044 2119/2898/2047 2117/2895/2045
f 2118/2897/2046 2006/2896/1952 2120/2899/2048
f 2118/2897/2046 2120/2899/2048 2119/2898/2047
f 2117/2895/2045 2119/2898/2047 2121/2900/2049
f 2121/2900/2049 2119/2898/2047 2122/2901/2050
f 2121/2900/2049 2122/2901/2050 2117/2895/2045
f 2122/2901/2050 2119/2898/2047 2120/2899/2048
f 2120/2899/2048 2006/2896/1952 2123/2902/2051
f 2123/2902/2051 2006/2896/1952 2005/2903/1629
f 2123/2902/2051 2005/2903/1629 2003/2904/1950
f 2123/2902/2051 2003/2904/1950 2124/2905/2052
f 2124/2905/2052 2003/2904/1950 2125/2906/2053
f 2124/2905/2052 2125/2906/2053 2126/2907/2054
f 2124/2905/2052 2126/2907/2054 2123/2902/2051
f 2123/2902/2051 2126/2907/2054 2127/2908/2055
f 2123/2902/2051 2127/2908/2055 2120/2899/2048
f 2120/2899/2048 2127/2908/2055 2128/2909/2056
f 2120/2899/2048 2128/2909/2056 2122/2901/2050
f 2122/2901/2050 2128/2909/2056 2129/2910/2057
f 2129/2910/2057 2128/2909/2056 2130/2911/2058
f 2122/2901/2050 2129/2910/2057 2131/2912/2059
f 2131/2912/2059 2129/2910/2057 2130/2911/2058
f 2132/2913/2060 2117/2895/2045 2122/2901/2050
f 2132/2913/2060 2122/2901/2050 2131/2912/2059
f 2117/2895/2045 2132/2913/2060 2115/2893/1135
f 2132/2913/2060 2131/2912/2059 2133/2914/2061
f 2115/2893/1135 2132/2913/2060 2134/2915/2062
f 2134/2915/2062 2132/2913/2060 2133/2914/2061
f 2115/2893/1135 2134/2915/2062 2114/2892/2043
f 2133/2914/2061 2131/2912/2059 2135/2916/2063
f 2133/2914/2061 2135/2916/2063 2134/2915/2062
f 2135/2916/2063 2131/2912/2059 2136/2917/2064
f 2136/2917/2064 2131/2912/2059 2130/2911/2058
f 2134/2915/2062 2135/2916/2063 2137/2918/2065
f 2114/2892/2043 2134/2915/2062 2138/2919/2066
f 2138/2919/2066 2134/2915/2062 2137/2918/2065
f 2114/2892/2043 2138/2919/2066 2139/2920/2067
f 2114/2892/2043 2139/2920/2067 2109/2886/2038
f 2138/2919/2066 2137/2918/2065 2140/2921/2068
f 2138/2919/2066 2140/2921/2068 2139/2920/2067
f 2137/2918/2065 2135/2916/2063 2141/2922/2069
f 2141/2922/2069 2135/2916/2063 2136/2917/2064
f 2140/2921/2068 2137/2918/2065 2142/2923/1239
f 2140/2921/2068 2142/2923/1239 2139/2920/2067
f 2137/2918/2065 2141/2922/2069 2143/2924/2070
f 2137/2918/2065 2143/2924/2070 2142/2923/1239
f 2141/2922/2069 2136/2917/2064 2144/2925/2071
f 2141/2922/2069 2144/2925/2071 2143/2924/2070
f 2143/2924/2070 2144/2925/2071 2145/2926/2072
f 2143/2924/2070 2145/2926/2072 2146/2927/2073
f 2143/2924/2070 2146/2927/2073 2147/2928/2074
f 2143/2924/2070 2147/2928/2074 2142/2923/1239
f 2142/2923/1239 2147/2928/2074 2139/2920/2067
f 2144/2925/2071 2136/2917/2064 2148/2929/2075
f 2148/2929/2075 2136/2917/2064 2149/2930/2076
f 2149/2930/2076 2136/2917/2064 2130/2911/2058
f 2144/2925/2071 2148/2929/2075 2150/2931/2077
f 2149/2930/2076 2130/2911/2058 2151/2932/2078
f 2149/2930/2076 2151/2932/2078 2148/2929/2075
f 2148/2929/2075 2151/2932/2078 2150/2931/2077
f 2151/2932/2078 2130/2911/2058 2152/2933/2079
f 2150/2931/2077 2151/2932/2078 2153/2934/2080
f 2153/2934/2080 2151/2932/2078 2152/2933/2079
f 2150/2931/2077 2153/2934/2080 2154/2935/2081
f 2153/2934/2080 2152/2933/2079 2155/2936/2082
f 2153/2934/2080 2155/2936/2082 2154/2935/2081
f 2155/2936/2082 2152/2933/2079 2156/2937/2083
f 2155/2936/2082 2156/2937/2083 2157/2938/2084
f 2150/2931/2077 2154/2935/2081 2158/2939/2085
f 2155/2936/2082 2157/2938/2084 2159/2940/2086
f 2155/2936/2082 2159/2940/2086 2154/2935/2081
f 2159/2940/2086 2157/2938/2084 2160/2941/2087
f 2160/2941/2087 2157/2938/2084 2161/2942/2088
f 2160/2941/2087 2161/2942/2088 2162/2943/2089
f 2160/2941/2087 2162/2943/2089 2163/2944/2090
f 2163/2944/2090 2162/2943/2089 2164/2945/2091
f 2164/2945/2091 2162/2943/2089 2165/2946/2092
f 2160/2941/2087 2163/2944/2090 2166/2947/2093
f 2166/2947/2093 2163/2944/2090 2164/2945/2091
f 2166/2947/2093 2164/2945/2091 2165/2946/2092
f 2160/2941/2087 2166/2947/2093 2159/2940/2086
f 2166/2947/2093 2165/2946/2092 2167/2948/2094
f 2159/2940/2086 2166/2947/2093 2168/2949/2095
f 2159/2940/2086 2168/2949/2095 2154/2935/2081
f 2166/2947/2093 2167/2948/2094 2169/2950/2096
f 2166/2947/2093 2169/2950/2096 2168/2949/2095
f 2169/2950/2096 2167/2948/2094 1694/2951/1648
f 2169/2950/2096 1694/2951/1648 1695/2952/1649
f 2169/2950/2096 1695/2952/1649 2168/2949/2095
f 2154/2935/2081 2168/2949/2095 2170/2953/2097
f 2170/2953/2097 2168/2949/2095 1695/2952/1649
f 2170/2953/2097 1695/2952/1649 1703/2954/1657
f 2170/2953/2097 1703/2954/1657 1705/2955/1659
f 2154/2935/2081 2170/2953/2097 2158/2939/2085
f 2170/2953/2097 1705/2955/1659 1709/2956/1663
f 2170/2953/2097 1709/2956/1663 2158/2939/2085
f 2158/2939/2085 1709/2956/1663 2171/2957/2098
f 2158/2939/2085 2171/2957/2098 2172/2958/2099
f 2171/2957/2098 1709/2956/1663 2173/2959/2100
f 1577/2960/1533 1580/2961/1536 1578/2671/1534
f 1578/2671/1534 1580/2961/1536 2174/2962/2101
f 2174/2962/2101 1580/2961/1536 1587/2963/1543
f 1578/2671/1534 2174/2962/2101 2175/2964/2102
f 1578/2671/1534 2175/2964/2102 1985/2668/1932
f 2174/2962/2101 1587/2963/1543 2176/2965/2103
f 2175/2964/2102 2174/2962/2101 2177/2966/2104
f 2177/2966/2104 2174/2962/2101 2176/2965/2103
f 2176/2965/2103 1587/2963/1543 2178/2967/2105
f 2178/2967/2105 1587/2963/1543 1589/2968/1545
f 2178/2967/2105 1589/2968/1545 1591/2969/1547
f 2176/2965/2103 2178/2967/2105 2179/2970/2106
f 2176/2965/2103 2179/2970/2106 2177/2966/2104
f 2178/2967/2105 1591/2969/1547 2180/2971/2107
f 2178/2967/2105 2180/2971/2107 2179/2970/2106
f 2180/2971/2107 1591/2969/1547 1590/2972/1546
f 2180/2971/2107 1590/2972/1546 1595/2973/1551
f 2180/2971/2107 1595/2973/1551 1611/2974/1567
f 1611/2974/1567 1595/2973/1551 1594/2975/1550
f 2179/2970/2106 2180/2971/2107 2181/2976/2108
f 2180/2971/2107 1611/2974/1567 2182/2977/2109
f 2180/2971/2107 2182/2977/2109 2181/2976/2108
f 1608/2978/1564 1611/2974/1567 1609/2979/1565
f 1611/2974/1567 1608/2978/1564 2182/2977/2109
f 2182/2977/2109 1608/2978/1564 1687/2980/1641
f 2182/2977/2109 1687/2980/1641 1694/2981/1648
f 2182/2977/2109 1694/2981/1648 2183/2982/2110
f 2181/2976/2108 2182/2977/2109 2184/2983/2111
f 2184/2983/2111 2182/2977/2109 2183/2982/2110
f 2183/2982/2110 1694/2981/1648 2167/2984/2094
f 2183/2982/2110 2167/2984/2094 2184/2983/2111
f 2184/2983/2111 2167/2984/2094 2181/2976/2108
f 2181/2976/2108 2167/2984/2094 2162/2985/2089
f 2181/2976/2108 2162/2985/2089 2179/2970/2106
f 2162/2985/2089 2167/2984/2094 2165/2986/2092
f 2179/2970/2106 2162/2985/2089 2185/2987/2112
f 2185/2987/2112 2162/2985/2089 2161/2988/2088
f 2179/2970/2106 2185/2987/2112 2177/2966/2104
f 2185/2987/2112 2161/2988/2088 2157/2989/2084
f 2177/2966/2104 2185/2987/2112 2186/2990/2113
f 2177/2966/2104 2186/2990/2113 2175/2964/2102
f 2185/2987/2112 2157/2989/2084 2187/2991/2114
f 2187/2991/2114 2157/2989/2084 2156/2992/2083
f 2187/2991/2114 2156/2992/2083 2152/2993/2079
f 2185/2987/2112 2187/2991/2114 2188/2994/2115
f 2185/2987/2112 2188/2994/2115 2186/2990/2113
f 2187/2991/2114 2152/2993/2079 2189/2995/2116
f 2187/2991/2114 2189/2995/2116 2188/2994/2115
f 2190/2996/2117 2175/2964/2102 2186/2990/2113
f 2190/2996/2117 2186/2990/2113 2188/2994/2115
f 2190/2996/2117 2188/2994/2115 2189/2995/2116
f 2175/2964/2102 2190/2996/2117 1985/2668/1932
f 2189/2995/2116 2152/2993/2079 2130/2997/2058
f 1985/2668/1932 2190/2996/2117 2191/2998/2118
f 2191/2998/2118 2190/2996/2117 2189/2995/2116
f 1985/2668/1932 2191/2998/2118 2192/2999/2119
f 1985/2668/1932 2192/2999/2119 1984/2667/1931
f 2191/2998/2118 2189/2995/2116 2193/3000/2120
f 2193/3000/2120 2189/2995/2116 2130/2997/2058
f 2192/2999/2119 2191/2998/2118 2194/3001/2121
f 2194/3001/2121 2191/2998/2118 2193/3000/2120
f 1984/2667/1931 2192/2999/2119 2195/3002/2122
f 1984/2667/1931 2195/3002/2122 1982/2663/1929
f 1982/2663/1929 2195/3002/2122 1994/2679/1941
f 2195/3002/2122 2192/2999/2119 2196/3003/2123
f 2195/3002/2122 2196/3003/2123 1994/2679/1941
f 2196/3003/2123 2192/2999/2119 2194/3001/2121
f 1994/2679/1941 2196/3003/2123 2197/3004/2124
f 2197/3004/2124 2196/3003/2123 2194/3001/2121
f 2197/3004/2124 2194/3001/2121 2193/3000/2120
f 1994/2679/1941 2197/3004/2124 2002/2687/1949
f 2002/2687/1949 2197/3004/2124 2193/3000/2120
f 2002/2687/1949 2193/3000/2120 2003/2688/1950
f 2003/2688/1950 2193/3000/2120 2198/3005/2125
f 2198/3005/2125 2193/3000/2120 2130/2997/2058
f 2125/3006/2053 2003/2688/1950 2126/3007/2054
f 2126/3007/2054 2003/2688/1950 2199/3008/2126
f 2199/3008/2126 2003/2688/1950 2198/3005/2125
f 2126/3007/2054 2199/3008/2126 2127/3009/2055
f 2198/3005/2125 2130/2997/2058 2200/3010/2127
f 2198/3005/2125 2200/3010/2127 2199/3008/2126
f 2199/3008/2126 2200/3010/2127 2127/3009/2055
f 2200/3010/2127 2130/2997/2058 2128/3011/2056
f 2200/3010/2127 2128/3011/2056 2127/3009/2055
f 1414/3012/1375 2042/3013/1986 2201/3014/2128
f 1414/3012/1375 2201/3014/2128 1823/3015/1777
f 1414/3012/1375 1823/3015/1777 1411/3016/1372
f 1823/3015/1777 2201/3014/2128 1821/3017/1775
f 2201/3014/2128 2042/3013/1986 2202/3018/2129
f 2201/3014/2128 2202/3018/2129 1821/3017/1775
f 1821/3017/1775 2202/3018/2129 1820/3019/1774
f 2202/3018/2129 2042/3013/1986 2026/3020/1970
f 2202/3018/2129 2026/3020/1970 2203/3021/2130
f 2203/3021/2130 2026/3020/1970 2024/3022/1968
f 2204/3023/2131 1904/3024/1855 1905/3025/1856
f 2204/3023/2131 1905/3025/1856 1910/3026/1861
f 1910/3026/1861 1905/3025/1856 1908/3027/1859
f 1904/3024/1855 2204/3023/2131 2205/3028/2132
f 2205/3028/2132 2204/3023/2131 1910/3026/1861
f 1904/3024/1855 2205/3028/2132 2206/3029/2133
f 1904/3024/1855 2206/3029/2133 2207/3030/2134
f 2207/3030/2134 2206/3029/2133 2205/3028/2132
f 1904/3024/1855 2207/3030/2134 1969/3031/1917
f 1969/3031/1917 2207/3030/2134 1968/3032/1916
f 2205/3028/2132 1910/3026/1861 2208/3033/2135
f 2205/3028/2132 2208/3033/2135 2209/3034/2136
f 2205/3028/2132 2209/3034/2136 2207/3030/2134
f 2208/3033/2135 1910/3026/1861 2210/3035/2137
f 2209/3034/2136 2208/3033/2135 2211/3036/2138
f 2211/3036/2138 2208/3033/2135 2210/3035/2137
f 2207/3030/2134 2209/3034/2136 2212/3037/2139
f 2213/3038/2140 1968/3032/1916 2207/3030/2134
f 1968/3032/1916 2213/3038/2140 2214/3039/2141
f 1968/3032/1916 2214/3039/2141 1966/3040/1914
f 2213/3038/2140 2207/3030/2134 2215/3041/2142
f 2215/3041/2142 2207/3030/2134 2212/3037/2139
f 1966/3040/1914 2214/3039/2141 1963/3042/1911
f 2214/3039/2141 2213/3038/2140 2216/3043/2143
f 2214/3039/2141 2216/3043/2143 1963/3042/1911
f 2216/3043/2143 2213/3038/2140 2215/3041/2142
f 2216/3043/2143 2215/3041/2142 2217/3044/2144
f 2216/3043/2143 2217/3044/2144 2218/3045/2145
f 2218/3045/2145 2217/3044/2144 2215/3041/2142
f 2216/3043/2143 2218/3045/2145 1963/3042/1911
f 2218/3045/2145 2215/3041/2142 2212/3037/2139
f 1963/3042/1911 2218/3045/2145 2219/3046/2146
f 1963/3042/1911 2219/3046/2146 1962/3047/1910
f 1962/3047/1910 2219/3046/2146 1959/3048/1907
f 1959/3048/1907 2219/3046/2146 1957/3049/1905
f 2218/3045/2145 2212/3037/2139 2220/3050/2147
f 2218/3045/2145 2220/3050/2147 2219/3046/2146
f 2220/3050/2147 2212/3037/2139 2221/3051/2148
f 2221/3051/2148 2212/3037/2139 2209/3034/2136
f 2221/3051/2148 2209/3034/2136 2211/3036/2138
f 2220/3050/2147 2221/3051/2148 2222/3052/2149
f 2221/3051/2148 2211/3036/2138 2223/3053/2150
f 2221/3051/2148 2223/3053/2150 2222/3052/2149
f 2223/3053/2150 2211/3036/2138 2224/3054/2151
f 2223/3053/2150 2224/3054/2151 2222/3052/2149
f 2222/3052/2149 2224/3054/2151 2211/3036/2138
f 2222/3052/2149 2211/3036/2138 2225/3055/2152
f 2220/3050/2147 2222/3052/2149 2226/3056/2153
f 2226/3056/2153 2222/3052/2149 2225/3055/2152
f 2220/3050/2147 2226/3056/2153 2227/3057/2154
f 2220/3050/2147 2227/3057/2154 2219/3046/2146
f 2227/3057/2154 2226/3056/2153 2228/3058/2155
f 2228/3058/2155 2226/3056/2153 2229/3059/2156
f 2229/3059/2156 2226/3056/2153 2225/3055/2152
f 2227/3057/2154 2228/3058/2155 2230/3060/2157
f 2227/3057/2154 2230/3060/2157 2219/3046/2146
f 2230/3060/2157 2228/3058/2155 2229/3059/2156
f 2225/3055/2152 2211/3036/2138 2210/3035/2137
f 2219/3046/2146 2230/3060/2157 2231/3061/2158
f 2219/3046/2146 2231/3061/2158 2232/3062/2159
f 2219/3046/2146 2232/3062/2159 1957/3049/1905
f 1957/3049/1905 2232/3062/2159 1958/3063/1906
f 2232/3062/2159 2231/3061/2158 2233/3064/2160
f 2232/3062/2159 2233/3064/2160 1958/3063/1906
f 2233/3064/2160 2231/3061/2158 2230/3060/2157
f 1958/3063/1906 2233/3064/2160 2234/3065/2161
f 1958/3063/1906 2234/3065/2161 2235/3066/2162
f 2233/3064/2160 2230/3060/2157 2236/3067/2163
f 2233/3064/2160 2236/3067/2163 2234/3065/2161
f 2236/3067/2163 2230/3060/2157 2237/3068/2164
f 2236/3067/2163 2237/3068/2164 2234/3065/2161
f 2238/3069/2165 2239/3070/2166 2235/3066/2162
f 2235/3066/2162 2234/3065/2161 2240/3071/2167
f 2235/3066/2162 2240/3071/2167 2238/3069/2165
f 2240/3071/2167 2234/3065/2161 2241/3072/2168
f 2241/3072/2168 2234/3065/2161 2237/3068/2164
f 2238/3069/2165 2240/3071/2167 2242/3073/2169
f 2238/3069/2165 2242/3073/2169 2243/3074/2170
f 2243/3074/2170 2242/3073/2169 2244/3075/2171
f 2244/3075/2171 2242/3073/2169 2245/3076/2172
f 2245/3076/2172 2242/3073/2169 2240/3071/2167
f 2245/3076/2172 2240/3071/2167 2241/3072/2168
f 2241/3072/2168 2237/3068/2164 2246/3077/2173
f 2245/3076/2172 2241/3072/2168 2247/3078/2174
f 2247/3078/2174 2241/3072/2168 2246/3077/2173
f 2245/3076/2172 2247/3078/2174 2248/3079/2175
f 2247/3078/2174 2246/3077/2173 2249/3080/2176
f 2247/3078/2174 2249/3080/2176 2248/3079/2175
f 2245/3076/2172 2248/3079/2175 2250/3081/2177
f 2250/3081/2177 2248/3079/2175 2249/3080/2176
f 2245/3076/2172 2250/3081/2177 2251/3082/2178
f 2249/3080/2176 2246/3077/2173 2252/3083/2179
f 2253/3084/2180 2246/3077/2173 2237/3068/2164
f 2246/3077/2173 2253/3084/2180 2252/3083/2179
f 2249/3080/2176 2252/3083/2179 2254/3085/2181
f 2254/3085/2181 2252/3083/2179 2253/3084/2180
f 2249/3080/2176 2254/3085/2181 2250/3081/2177
f 2253/3084/2180 2237/3068/2164 2255/3086/2182
f 2255/3086/2182 2237/3068/2164 2230/3060/2157
f 2255/3086/2182 2230/3060/2157 2256/3087/2183
f 2256/3087/2183 2230/3060/2157 2229/3059/2156
f 2253/3084/2180 2255/3086/2182 2257/3088/2184
f 2257/3088/2184 2255/3086/2182 2256/3087/2183
f 2254/3085/2181 2253/3084/2180 2258/3089/1919
f 2258/3089/1919 2253/3084/2180 2257/3088/2184
f 2256/3087/2183 2229/3059/2156 2259/3090/2185
f 2256/3087/2183 2259/3090/2185 2257/3088/2184
f 2259/3090/2185 2229/3059/2156 2260/3091/2186
f 2260/3091/2186 2229/3059/2156 2225/3055/2152
f 2257/3088/2184 2259/3090/2185 2261/3092/2187
f 2261/3092/2187 2259/3090/2185 2260/3091/2186
f 2257/3088/2184 2261/3092/2187 2258/3089/1919
f 2260/3091/2186 2225/3055/2152 2262/3093/2188
f 2260/3091/2186 2262/3093/2188 2261/3092/2187
f 2262/3093/2188 2225/3055/2152 2210/3035/2137
f 2261/3092/2187 2262/3093/2188 2263/3094/2189
f 2263/3094/2189 2262/3093/2188 2210/3035/2137
f 2261/3092/2187 2263/3094/2189 2264/3095/910
f 2261/3092/2187 2264/3095/910 2258/3089/1919
f 2263/3094/2189 2210/3035/2137 2265/3096/2190
f 2263/3094/2189 2265/3096/2190 2264/3095/910
f 2265/3096/2190 2210/3035/2137 1910/3026/1861
f 2265/3096/2190 1910/3026/1861 1461/3097/14
f 2265/3096/2190 1461/3097/14 2064/3098/14
f 2265/3096/2190 2064/3098/14 2264/3095/910
f 2264/3095/910 2064/3098/14 2266/3099/14
f 2267/3100/2191 2258/3089/1919 2264/3095/910
f 2264/3095/910 2266/3099/14 2268/3101/2192
f 2258/3089/1919 2267/3100/2191 2269/3102/2193
f 2268/3101/2192 2266/3099/14 2270/3103/2194
f 2258/3089/1919 2269/3102/2193 2271/3104/2195
f 2271/3104/2195 2269/3102/2193 2267/3100/2191
f 2271/3104/2195 2267/3100/2191 2264/3095/910
f 2271/3104/2195 2264/3095/910 2268/3101/2192
f 2258/3089/1919 2271/3104/2195 2254/3085/2181
f 2254/3085/2181 2271/3104/2195 2268/3101/2192
f 2254/3085/2181 2268/3101/2192 2250/3081/2177
f 2268/3101/2192 2270/3103/2194 2272/3105/2196
f 2268/3101/2192 2272/3105/2196 2250/3081/2177
f 2272/3105/2196 2270/3103/2194 2273/3106/2197
f 2272/3105/2196 2273/3106/2197 2250/3081/2177
f 2273/3106/2197 2270/3103/2194 2274/3107/2198
f 2250/3081/2177 2273/3106/2197 2275/3108/2199
f 2250/3081/2177 2275/3108/2199 2276/3109/2200
f 2029/3110/1973 1655/3111/1610 1658/3112/1613
f 2029/3110/1973 1658/3112/1613 2277/3113/2201
f 2277/3113/2201 1658/3112/1613 2278/3114/1569
f 2277/3113/2201 2278/3114/1569 2279/3115/2202
f 2278/3114/1569 1658/3112/1613 2280/3116/2203
f 2280/3116/2203 1658/3112/1613 1659/3117/1614
f 2280/3116/2203 1659/3117/1614 2278/3114/1569
f 2279/3115/2202 2278/3114/1569 2281/3118/2204
f 2279/3115/2202 2281/3118/2204 2282/3119/2205
f 2279/3115/2202 2282/3119/2205 2283/3120/2206
f 2281/3118/2204 2278/3114/1569 2284/3121/2207
f 2281/3118/2204 2284/3121/2207 2282/3119/2205
f 2284/3121/2207 2278/3114/1569 2285/3122/2208
f 2284/3121/2207 2285/3122/2208 2282/3119/2205
f 2285/3122/2208 2278/3114/1569 2286/3123/2209
f 2285/3122/2208 2286/3123/2209 2282/3119/2205
f 2287/3124/2210 2278/3114/1569 1659/3117/1614
f 2278/3114/1569 2287/3124/2210 2288/3125/2211
f 2278/3114/1569 2288/3125/2211 2286/3123/2209
f 2287/3124/2210 1659/3117/1614 2289/3126/2212
f 2288/3125/2211 2287/3124/2210 2290/3127/2213
f 2290/3127/2213 2287/3124/2210 2289/3126/2212
f 2286/3123/2209 2288/3125/2211 2291/3128/2214
f 2291/3128/2214 2288/3125/2211 2290/3127/2213
f 2289/3126/2212 1659/3117/1614 2292/3129/2215
f 2292/3129/2215 1659/3117/1614 1660/3130/1615
f 2292/3129/2215 1660/3130/1615 1851/3131/1803
f 1851/3131/1803 1660/3130/1615 1666/3132/1621
f 2292/3129/2215 1851/3131/1803 1854/3133/1806
f 2289/3126/2212 2292/3129/2215 2293/3134/2216
f 2293/3134/2216 2292/3129/2215 1854/3133/1806
f 2289/3126/2212 2293/3134/2216 2290/3127/2213
f 2293/3134/2216 1854/3133/1806 2294/3135/2217
f 2290/3127/2213 2293/3134/2216 2295/3136/2218
f 2295/3136/2218 2293/3134/2216 2296/3137/2219
f 2295/3136/2218 2296/3137/2219 2290/3127/2213
f 2296/3137/2219 2293/3134/2216 2294/3135/2217
f 2290/3127/2213 2296/3137/2219 2297/3138/2220
f 2297/3138/2220 2296/3137/2219 2294/3135/2217
f 2297/3138/2220 2294/3135/2217 2290/3127/2213
f 2290/3127/2213 2294/3135/2217 2291/3128/2214
f 1868/3139/1820 2294/3135/2217 1854/3133/1806
f 2294/3135/2217 1868/3139/1820 2291/3128/2214
f 2291/3128/2214 1868/3139/1820 2298/3140/2221
f 2291/3128/2214 2298/3140/2221 2299/3141/2222
f 2291/3128/2214 2299/3141/2222 2286/3123/2209
f 2298/3140/2221 1868/3139/1820 2300/3142/2223
f 2298/3140/2221 2300/3142/2223 2299/3141/2222
f 2300/3142/2223 1868/3139/1820 2301/3143/2224
f 2286/3123/2209 2299/3141/2222 2302/3144/2225
f 2302/3144/2225 2299/3141/2222 2300/3142/2223
f 2300/3142/2223 2301/3143/2224 2303/3145/2226
f 2300/3142/2223 2303/3145/2226 2302/3144/2225
f 2286/3123/2209 2302/3144/2225 2282/3119/2205
f 2302/3144/2225 2303/3145/2226 2304/3146/2227
f 2304/3146/2227 2303/3145/2226 2305/3147/2228
f 2305/3147/2228 2303/3145/2226 2306/3148/2229
f 2302/3144/2225 2304/3146/2227 2307/3149/2230
f 2307/3149/2230 2304/3146/2227 2305/3147/2228
f 2307/3149/2230 2305/3147/2228 2306/3148/2229
f 2302/3144/2225 2307/3149/2230 2282/3119/2205
f 2307/3149/2230 2306/3148/2229 2308/3150/2231
f 2307/3149/2230 2308/3150/2231 2282/3119/2205
f 2282/3119/2205 2308/3150/2231 2309/3151/2232
f 2310/3152/2233 2049/3153/1992 2311/3154/2234
f 2310/3152/2233 2311/3154/2234 2312/3155/2235
f 2310/3152/2233 2312/3155/2235 2313/3156/2236
f 2310/3152/2233 2313/3156/2236 2314/3157/2237
f 2310/3152/2233 2314/3157/2237 2049/3153/1992
f 2049/3153/1992 2314/3157/2237 2315/3158/2238
f 2049/3153/1992 2315/3158/2238 2023/3159/1967
f 2315/3158/2238 2314/3157/2237 2316/3160/2239
f 2315/3158/2238 2316/3160/2239 2023/3159/1967
f 2316/3160/2239 2314/3157/2237 2317/3161/2240
f 2316/3160/2239 2317/3161/2240 2318/3162/2241
f 2316/3160/2239 2318/3162/2241 2023/3159/1967
f 2023/3159/1967 2318/3162/2241 2203/3163/2130
f 2023/3159/1967 2203/3163/2130 2024/3164/1968
f 2203/3165/2130 2319/3166/2242 2202/3167/2129
f 2202/3167/2129 2319/3166/2242 2320/3168/2243
f 2320/3168/2243 2319/3166/2242 2203/3165/2130
f 2320/3168/2243 2203/3165/2130 2321/3169/2244
f 2321/3169/2244 2203/3165/2130 2318/3170/2241
f 2202/3167/2129 2320/3168/2243 2322/3171/2245
f 2322/3171/2245 2320/3168/2243 2321/3169/2244
f 2322/3171/2245 2321/3169/2244 2318/3170/2241
f 2202/3167/2129 2322/3171/2245 1820/3172/1774
f 2322/3171/2245 2318/3170/2241 1819/3173/1773
f 2322/3171/2245 1819/3173/1773 1820/3172/1774
f 2311/3174/2234 2049/3175/1992 2054/3176/1997
f 2311/3174/2234 2054/3176/1997 2323/3177/2246
f 2311/3174/2234 2323/3177/2246 2312/3178/2235
f 2323/3177/2246 2054/3176/1997 2055/3179/1998
f 2312/3178/2235 2323/3177/2246 2324/3180/2247
f 2323/3177/2246 2055/3179/1998 2325/3181/2248
f 2325/3181/2248 2055/3179/1998 1498/3182/1455
f 2325/3181/2248 1498/3182/1455 1499/3183/1456
f 2325/3181/2248 1499/3183/1456 2323/3177/2246
f 2323/3177/2246 1499/3183/1456 1522/3184/1479
f 2323/3177/2246 1522/3184/1479 2324/3180/2247
f 2324/3180/2247 1522/3184/1479 1518/3185/1475
f 2324/3180/2247 1518/3185/1475 2326/3186/2249
f 2324/3180/2247 2326/3186/2249 2327/3187/2250
f 2326/3186/2249 1518/3185/1475 1515/3188/1472
f 2326/3186/2249 1515/3188/1472 2328/3189/2251
f 2326/3186/2249 2328/3189/2251 2329/3190/2252
f 2329/3190/2252 2328/3189/2251 2330/3191/2253
f 2328/3189/2251 1515/3188/1472 2331/3192/2254
f 2328/3189/2251 2331/3192/2254 2330/3191/2253
f 2330/3191/2253 2331/3192/2254 1515/3188/1472
f 1511/3193/1468 2034/3194/1978 2332/3195/2255
f 1511/3193/1468 2332/3195/2255 1514/3196/1471
f 2332/3195/2255 2034/3194/1978 2333/3197/2256
f 2333/3197/2256 2034/3194/1978 2031/3198/1975
f 1514/3196/1471 2332/3195/2255 2334/3199/2257
f 2334/3199/2257 2332/3195/2255 2333/3197/2256
f 2333/3197/2256 2031/3198/1975 2033/3200/1977
f 2333/3197/2256 2033/3200/1977 2334/3199/2257
f 1514/3196/1471 2334/3199/2257 1515/3201/1472
f 2334/3199/2257 2033/3200/1977 2335/3202/2258
f 1515/3201/1472 2334/3199/2257 2336/3203/2259
f 2336/3203/2259 2334/3199/2257 2335/3202/2258
f 1515/3201/1472 2336/3203/2259 2330/3204/2253
f 2336/3203/2259 2335/3202/2258 2337/3205/2260
f 2330/3204/2253 2336/3203/2259 2338/3206/2261
f 2330/3204/2253 2338/3206/2261 2329/3207/2252
f 2336/3203/2259 2337/3205/2260 2339/3208/2262
f 2337/3205/2260 2335/3202/2258 2340/3209/2263
f 2337/3205/2260 2340/3209/2263 2339/3208/2262
f 2340/3209/2263 2335/3202/2258 2341/3210/2264
f 2340/3209/2263 2341/3210/2264 2342/3211/2265
f 2338/3206/2261 2336/3203/2259 2343/3212/2266
f 2343/3212/2266 2336/3203/2259 2339/3208/2262
f 2338/3206/2261 2343/3212/2266 2344/3213/2267
f 2338/3206/2261 2344/3213/2267 2329/3207/2252
f 2343/3212/2266 2339/3208/2262 2345/3214/2268
f 2343/3212/2266 2345/3214/2268 2344/3213/2267
f 2346/3215/2269 2339/3208/2262 2340/3209/2263
f 2346/3215/2269 2340/3209/2263 2347/3216/2270
f 2346/3215/2269 2347/3216/2270 2348/3217/2271
f 2346/3215/2269 2348/3217/2271 2349/3218/2272
f 2339/3208/2262 2346/3215/2269 2350/3219/2273
f 2350/3219/2273 2346/3215/2269 2349/3218/2272
f 2339/3208/2262 2350/3219/2273 2345/3214/2268
f 2350/3219/2273 2349/3218/2272 2351/3220/2274
f 2350/3219/2273 2351/3220/2274 2345/3214/2268
f 2352/3221/86 2329/3207/2252 2344/3213/2267
f 2329/3207/2252 2352/3221/86 2353/3222/2275
f 2329/3207/2252 2353/3222/2275 2326/3223/2249
f 2352/3221/86 2344/3213/2267 2354/3224/2276
f 2352/3221/86 2354/3224/2276 2353/3222/2275
f 2354/3224/2276 2344/3213/2267 2345/3214/2268
f 2353/3222/2275 2354/3224/2276 2355/3225/2277
f 2354/3224/2276 2345/3214/2268 2356/3226/2278
f 2354/3224/2276 2356/3226/2278 2355/3225/2277
f 2356/3226/2278 2345/3214/2268 2351/3220/2274
f 2355/3225/2277 2356/3226/2278 2357/3227/2279
f 2356/3226/2278 2351/3220/2274 2358/3228/2280
f 2356/3226/2278 2358/3228/2280 2357/3227/2279
f 2358/3228/2280 2351/3220/2274 2359/3229/2281
f 2357/3227/2279 2358/3228/2280 2360/3230/2282
f 2360/3230/2282 2358/3228/2280 2359/3229/2281
f 2277/3231/2201 2361/3232/2283 2029/2745/1973
f 2361/3232/2283 2277/3231/2201 2279/3233/2202
f 2029/2745/1973 2361/3232/2283 2362/3234/2284
f 2361/3232/2283 2279/3233/2202 2283/3235/2206
f 2029/2745/1973 2362/3234/2284 2030/2748/1974
f 2362/3234/2284 2361/3232/2283 2363/3236/2285
f 2363/3236/2285 2361/3232/2283 2283/3235/2206
f 2362/3234/2284 2363/3236/2285 2030/2748/1974
f 2030/2748/1974 2363/3236/2285 2283/3235/2206
f 2030/2748/1974 2283/3235/2206 2364/3237/2286
f 2364/3237/2286 2283/3235/2206 2309/3238/2232
f 2364/3237/2286 2309/3238/2232 2030/2748/1974
f 2309/3238/2232 2283/3235/2206 2282/3239/2205
f 2030/2748/1974 2309/3238/2232 2033/2751/1977
f 2033/2751/1977 2309/3238/2232 2335/3240/2258
f 2335/3240/2258 2309/3238/2232 2308/3241/2231
f 2365/3242/14 2366/3243/14 2018/3244/14
f 2018/3244/14 2366/3243/14 2056/3245/14
f 2056/3245/14 2366/3243/14 2059/3246/14
f 2365/3242/14 2018/3244/14 1827/3247/14
f 2366/3243/14 2365/3242/14 2104/3248/14
f 2104/3248/14 2365/3242/14 1827/3247/14
f 2367/3249/2287 2313/3250/2236 2312/3251/2235
f 2367/3249/2287 2312/3251/2235 2327/3252/2250
f 2327/3252/2250 2312/3251/2235 2324/3253/2247
f 2367/3249/2287 2327/3252/2250 2368/3254/2288
f 2367/3249/2287 2368/3254/2288 2313/3250/2236
f 2313/3250/2236 2368/3254/2288 2327/3252/2250
f 2313/3250/2236 2327/3252/2250 2369/3255/2289
f 2313/3250/2236 2369/3255/2289 2370/3256/2290
f 2313/3250/2236 2370/3256/2290 2314/3257/2237
f 2314/3257/2237 2370/3256/2290 2317/3258/2240
f 2318/3259/2241 2317/3260/2240 2371/3261/2291
f 2371/3261/2291 2317/3260/2240 2372/3262/2292
f 2372/3262/2292 2317/3260/2240 2373/3263/2293
f 2318/3259/2241 2371/3261/2291 2374/3264/2294
f 2374/3264/2294 2371/3261/2291 2372/3262/2292
f 2318/3259/2241 2374/3264/2294 2375/3265/2295
f 2374/3264/2294 2372/3262/2292 2376/3266/2296
f 2374/3264/2294 2376/3266/2296 2375/3265/2295
f 2376/3266/2296 2372/3262/2292 2373/3263/2293
f 2318/3259/2241 2375/3265/2295 1817/3267/1771
f 1817/3267/1771 2375/3265/2295 2376/3266/2296
f 1817/3267/1771 2376/3266/2296 2373/3263/2293
f 2318/3259/2241 1817/3267/1771 1819/3268/1773
f 1819/3268/1773 1817/3267/1771 1813/3269/1767
f 1817/3267/1771 2373/3263/2293 1814/3270/1768
f 1817/3267/1771 1814/3270/1768 1816/3271/1770
f 2377/3272/2297 2317/3273/2240 2370/3274/2290
f 2317/3273/2240 2377/3272/2297 2378/3275/2298
f 2377/3272/2297 2370/3274/2290 2379/3276/2299
f 2377/3272/2297 2379/3276/2299 2378/3275/2298
f 2379/3276/2299 2370/3274/2290 2369/3277/2289
f 2379/3276/2299 2369/3277/2289 2380/3278/2300
f 2378/3275/2298 2379/3276/2299 2381/3279/2301
f 2381/3279/2301 2379/3276/2299 2380/3278/2300
f 2381/3279/2301 2380/3278/2300 2378/3275/2298
f 2317/3273/2240 2378/3275/2298 2373/3280/2293
f 2378/3275/2298 2380/3278/2300 2382/3281/2302
f 1814/3282/1768 2373/3280/2293 1802/3283/1756
f 1802/3283/1756 2373/3280/2293 2383/3284/2041
f 1802/3283/1756 2383/3284/2041 1807/3285/1761
f 2373/3280/2293 2378/3275/2298 2384/3286/2303
f 2373/3280/2293 2384/3286/2303 2383/3284/2041
f 2383/3284/2041 2384/3286/2303 2385/3287/2304
f 2383/3284/2041 2385/3287/2304 1807/3285/1761
f 2384/3286/2303 2378/3275/2298 2386/3288/2305
f 2386/3288/2305 2378/3275/2298 2382/3281/2302
f 2385/3287/2304 2384/3286/2303 2387/3289/2306
f 2385/3287/2304 2387/3289/2306 1807/3285/1761
f 2387/3289/2306 2384/3286/2303 2386/3288/2305
f 1807/3285/1761 2387/3289/2306 1810/3290/1764
f 1810/3290/1764 2387/3289/2306 1811/3291/1765
f 1811/3291/1765 2387/3289/2306 1812/3292/1766
f 1812/3292/1766 2387/3289/2306 2388/3293/2307
f 2387/3289/2306 2386/3288/2305 2389/3294/2308
f 2387/3289/2306 2389/3294/2308 2388/3293/2307
f 2389/3294/2308 2386/3288/2305 2382/3281/2302
f 2388/3293/2307 2389/3294/2308 2390/3295/2309
f 2388/3293/2307 2390/3295/2309 2391/3296/2310
f 2391/3296/2310 2390/3295/2309 2392/3297/2311
f 2390/3295/2309 2389/3294/2308 2393/3298/2312
f 2393/3298/2312 2389/3294/2308 2382/3281/2302
f 2390/3295/2309 2393/3298/2312 2392/3297/2311
f 2393/3298/2312 2382/3281/2302 2380/3278/2300
f 2392/3297/2311 2393/3298/2312 2394/3299/2313
f 2394/3299/2313 2393/3298/2312 2380/3278/2300
f 2392/3297/2311 2394/3299/2313 2395/3300/2314
f 2394/3299/2313 2380/3278/2300 2396/3301/1684
f 2395/3300/2314 2394/3299/2313 2397/3302/2315
f 2397/3302/2315 2394/3299/2313 2396/3301/1684
f 1949/3303/1897 2398/3304/2316 1944/3305/1893
f 1944/3305/1893 2398/3304/2316 1943/3306/1892
f 1943/3306/1892 2398/3304/2316 2076/3307/2010
f 2398/3304/2316 1949/3303/1897 1955/3308/1903
f 2076/3307/2010 2398/3304/2316 2083/3309/2017
f 2083/3309/2017 2398/3304/2316 1955/3308/1903
f 2083/3309/2017 1955/3308/1903 2399/3310/2317
f 2083/3309/2017 2399/3310/2317 2400/3311/2318
f 2083/3309/2017 2400/3311/2318 2084/3312/2018
f 2084/3312/2018 2400/3311/2318 2401/3313/2319
f 2401/3313/2319 2400/3311/2318 2399/3310/2317
f 2084/3312/2018 2401/3313/2319 2402/3314/2320
f 2403/3315/2321 2404/3316/2322 2401/3313/2319
f 2403/3315/2321 2401/3313/2319 2399/3310/2317
f 2405/3317/2323 2399/3310/2317 1955/3308/1903
f 2405/3317/2323 1955/3308/1903 1956/3318/1904
f 2405/3317/2323 1956/3318/1904 1958/3319/1906
f 2399/3310/2317 2405/3317/2323 2406/3320/2324
f 2405/3317/2323 1958/3319/1906 2407/3321/2325
f 2405/3317/2323 2407/3321/2325 2406/3320/2324
f 2399/3310/2317 2406/3320/2324 2408/3322/2326
f 2408/3322/2326 2406/3320/2324 2407/3321/2325
f 2409/3323/2327 2403/3315/2321 2399/3310/2317
f 2409/3323/2327 2399/3310/2317 2408/3322/2326
f 2403/3315/2321 2409/3323/2327 2410/3324/2328
f 2409/3323/2327 2408/3322/2326 2411/3325/2329
f 2409/3323/2327 2411/3325/2329 2410/3324/2328
f 2410/3324/2328 2411/3325/2329 2407/3321/2325
f 2411/3325/2329 2408/3322/2326 2412/3326/2330
f 2411/3325/2329 2412/3326/2330 2407/3321/2325
f 2412/3326/2330 2408/3322/2326 2413/3327/2331
f 2413/3327/2331 2408/3322/2326 2407/3321/2325
f 2412/3326/2330 2413/3327/2331 2414/3328/2332
f 2412/3326/2330 2414/3328/2332 2407/3321/2325
f 2407/3321/2325 2414/3328/2332 2413/3327/2331
f 2410/3324/2328 2407/3321/2325 2415/3329/2333
f 2415/3329/2333 2407/3321/2325 1958/3319/1906
f 2410/3324/2328 2415/3329/2333 2416/3330/2334
f 2415/3329/2333 1958/3319/1906 2235/3331/2162
f 2416/3330/2334 2415/3329/2333 2417/3332/2335
f 2417/3332/2335 2415/3329/2333 2235/3331/2162
f 2417/3332/2335 2235/3331/2162 2239/3333/2166
f 2369/3334/2289 2327/3335/2250 2326/3336/2249
f 2369/3334/2289 2326/3336/2249 2353/3337/2275
f 2369/3334/2289 2353/3337/2275 2418/3338/2336
f 2418/3338/2336 2353/3337/2275 2355/3339/2277
f 2418/3338/2336 2355/3339/2277 2357/3340/2279
f 2418/3338/2336 2357/3340/2279 2419/3341/2337
f 2418/3338/2336 2419/3341/2337 2395/3342/2314
f 2369/3334/2289 2418/3338/2336 2380/3343/2300
f 2418/3338/2336 2395/3342/2314 2397/3344/2315
f 2418/3338/2336 2397/3344/2315 2380/3343/2300
f 2380/3343/2300 2397/3344/2315 2396/3345/1684
f 1867/3346/1819 2420/3347/2338 1868/3348/1820
f 1868/3348/1820 2420/3347/2338 2301/3349/2224
f 2420/3347/2338 1867/3346/1819 2096/3350/2030
f 2301/3349/2224 2420/3347/2338 2421/3351/2339
f 2301/3349/2224 2421/3351/2339 2422/3352/2340
f 2422/3352/2340 2421/3351/2339 2423/3353/2341
f 2423/3353/2341 2421/3351/2339 2424/3354/2342
f 2424/3354/2342 2421/3351/2339 2425/3355/1593
f 2425/3355/1593 2421/3351/2339 2420/3347/2338
f 2424/3354/2342 2425/3355/1593 2426/3356/2343
f 2420/3347/2338 2096/3350/2030 2427/3357/2344
f 2420/3347/2338 2427/3357/2344 2425/3355/1593
f 2425/3355/1593 2427/3357/2344 2426/3356/2343
f 2427/3357/2344 2096/3350/2030 2094/3358/2028
f 2427/3357/2344 2094/3358/2028 2091/3359/2025
f 2427/3357/2344 2091/3359/2025 2426/3356/2343
f 2091/3359/2025 2094/3358/2028 2090/3360/2024
f 2426/3356/2343 2091/3359/2025 2428/3361/2345
f 2428/3361/2345 2091/3359/2025 2089/3362/2023
f 2426/3356/2343 2428/3361/2345 2429/3363/2346
f 2428/3361/2345 2089/3362/2023 2086/3364/2020
f 2428/3361/2345 2086/3364/2020 2429/3363/2346
f 2429/3363/2346 2086/3364/2020 2430/3365/2347
f 2429/3363/2346 2430/3365/2347 2431/3366/2348
f 2430/3365/2347 2086/3364/2020 2432/3367/2349
f 2433/3368/2350 2434/3369/2351 2435/3370/2352
f 2435/3370/2352 2434/3369/2351 2436/3371/2353
f 2434/3369/2351 2433/3368/2350 2437/3372/2354
f 2434/3369/2351 2437/3372/2354 2436/3371/2353
f 2435/3370/2352 2436/3371/2353 2341/3373/2264
f 2341/3373/2264 2436/3371/2353 2342/3374/2265
f 2435/3370/2352 2341/3373/2264 2438/3375/2355
f 2435/3370/2352 2438/3375/2355 2433/3368/2350
f 2438/3375/2355 2341/3373/2264 2335/3376/2258
f 2438/3375/2355 2335/3376/2258 2308/3377/2231
f 2438/3375/2355 2308/3377/2231 2306/3378/2229
f 2438/3375/2355 2306/3378/2229 2433/3368/2350
f 2342/3374/2265 2436/3371/2353 2439/3379/2356
f 2439/3379/2356 2436/3371/2353 2437/3372/2354
f 2342/3374/2265 2439/3379/2356 2440/3380/2357
f 2433/3368/2350 2306/3378/2229 2301/3381/2224
f 2301/3381/2224 2306/3378/2229 2303/3382/2226
f 2441/3383/758 2437/3372/2354 2433/3368/2350
f 2433/3368/2350 2301/3381/2224 2442/3384/2358
f 2433/3368/2350 2442/3384/2358 2441/3383/758
f 2441/3383/758 2442/3384/2358 2437/3372/2354
f 2442/3384/2358 2301/3381/2224 2422/3385/2340
f 2443/3386/2359 2439/3379/2356 2437/3372/2354
f 2439/3379/2356 2443/3386/2359 2440/3380/2357
f 2443/3386/2359 2437/3372/2354 2442/3384/2358
f 2440/3380/2357 2443/3386/2359 2444/3387/2360
f 2440/3380/2357 2444/3387/2360 2445/3388/2361
f 2443/3386/2359 2442/3384/2358 2446/3389/294
f 2446/3389/294 2442/3384/2358 2447/3390/2362
f 2447/3390/2362 2442/3384/2358 2422/3385/2340
f 2447/3390/2362 2422/3385/2340 2448/3391/2363
f 2448/3391/2363 2422/3385/2340 2449/3392/2364
f 2450/3393/2365 2348/3394/2271 2347/3395/2270
f 2450/3393/2365 2347/3395/2270 2340/3396/2263
f 2450/3393/2365 2340/3396/2263 2342/3397/2265
f 2450/3393/2365 2342/3397/2265 2440/3398/2357
f 2348/3394/2271 2450/3393/2365 2349/3399/2272
f 2445/3400/2361 2451/3401/2366 2440/3398/2357
f 2440/3398/2357 2451/3401/2366 2452/3402/2367
f 2440/3398/2357 2452/3402/2367 2450/3393/2365
f 2452/3402/2367 2451/3401/2366 2453/3403/2368
f 2453/3403/2368 2451/3401/2366 2454/3404/2369
f 2453/3403/2368 2454/3404/2369 2455/3405/2370
f 2453/3403/2368 2455/3405/2370 2452/3402/2367
f 2452/3402/2367 2455/3405/2370 2450/3393/2365
f 2450/3393/2365 2455/3405/2370 2456/3406/2371
f 2456/3406/2371 2455/3405/2370 2457/3407/2372
f 2450/3393/2365 2456/3406/2371 2458/3408/2373
f 2450/3393/2365 2458/3408/2373 2349/3399/2272
f 2458/3408/2373 2456/3406/2371 2459/3409/2374
f 2458/3408/2373 2459/3409/2374 2349/3399/2272
f 2349/3399/2272 2459/3409/2374 2456/3406/2371
f 2349/3399/2272 2456/3406/2371 2460/3410/2375
f 2349/3399/2272 2460/3410/2375 2359/3411/2281
f 2349/3399/2272 2359/3411/2281 2351/3412/2274
f 2359/3411/2281 2460/3410/2375 2461/3413/2376
f 2359/3411/2281 2461/3413/2376 2360/3414/2282
f 2461/3413/2376 2460/3410/2375 2462/3415/2377
f 2172/3416/2099 2150/3417/2077 2158/3418/2085
f 2463/3419/2378 2464/3420/2379 2172/3416/2099
f 2172/3416/2099 2464/3420/2379 2465/3421/2380
f 2172/3416/2099 2465/3421/2380 2150/3417/2077
f 2150/3417/2077 2465/3421/2380 2171/3422/2098
f 2150/3417/2077 2171/3422/2098 2464/3423/2379
f 2464/3423/2379 2171/3422/2098 2173/3424/2100
f 2464/3423/2379 2173/3424/2100 2465/3425/2380
f 2466/3426/2381 2109/2886/2038 2139/2920/2067
f 2109/2886/2038 2466/3426/2381 2467/3427/2382
f 2467/3427/2382 2466/3426/2381 2139/2920/2067
f 2109/2886/2038 2467/3427/2382 2107/2884/2037
f 2107/2884/2037 2467/3427/2382 2468/3428/2383
f 2468/3428/2383 2467/3427/2382 2139/2920/2067
f 2468/3428/2383 2139/2920/2067 2469/3429/2384
f 2469/3429/2384 2139/2920/2067 2147/2928/2074
f 2468/3428/2383 2469/3429/2384 2470/3430/30
f 2469/3429/2384 2147/2928/2074 2471/3431/2385
f 2469/3429/2384 2471/3431/2385 2470/3430/30
f 2470/3430/30 2471/3431/2385 2472/3432/2386
f 2473/3433/2387 2086/2853/2020 2082/2849/2016
f 2473/3433/2387 2082/2849/2016 2084/2851/2018
f 2086/2853/2020 2473/3433/2387 2474/3434/2388
f 2086/2853/2020 2474/3434/2388 2475/3435/2389
f 2474/3434/2388 2473/3433/2387 2476/3436/2390
f 2476/3436/2390 2473/3433/2387 2084/2851/2018
f 2476/3436/2390 2084/2851/2018 2477/3437/2391
f 2150/3438/2077 2464/3439/2379 2144/3440/2071
f 2144/3440/2071 2464/3439/2379 2145/3441/2072
f 2145/3441/2072 2464/3439/2379 2478/3442/2392
f 2478/3442/2392 2464/3439/2379 2463/3443/2378
f 2145/3441/2072 2478/3442/2392 2479/3444/2393
f 2145/3441/2072 2479/3444/2393 2146/3445/2073
f 2478/3442/2392 2463/3443/2378 2480/3446/2394
f 2478/3442/2392 2480/3446/2394 2479/3444/2393
f 2480/3446/2394 2463/3443/2378 2481/3447/2395
f 2481/3447/2395 2463/3443/2378 2172/3448/2099
f 2480/3446/2394 2481/3447/2395 2482/3449/2396
f 2480/3446/2394 2482/3449/2396 2483/3450/2397
f 2481/3447/2395 2172/3448/2099 1717/3451/1671
f 2480/3446/2394 2483/3450/2397 2484/3452/2398
f 2480/3446/2394 2484/3452/2398 2479/3444/2393
f 1717/3451/1671 2172/3448/2099 1715/3453/1669
f 1715/3453/1669 2172/3448/2099 2171/3454/2098
f 1715/3453/1669 2171/3454/2098 2465/3455/2380
f 1715/3453/1669 2465/3455/2380 2173/3456/2100
f 1715/3453/1669 2173/3456/2100 1714/3457/1668
f 1714/3457/1668 2173/3456/2100 1709/3458/1663
f 2479/3444/2393 2484/3452/2398 2485/3459/2399
f 2485/3459/2399 2484/3452/2398 2486/3460/2400
f 2479/3444/2393 2485/3459/2399 2146/3445/2073
f 2485/3459/2399 2486/3460/2400 2471/3461/2385
f 2146/3445/2073 2485/3459/2399 2147/3462/2074
f 2147/3462/2074 2485/3459/2399 2471/3461/2385
f 2243/3463/2170 2239/3464/2166 2238/3465/2165
f 2416/3466/2334 2417/3467/2335 2239/3464/2166
f 2239/3464/2166 2243/3463/2170 2487/3468/2401
f 2416/3466/2334 2239/3464/2166 2488/3469/2402
f 2488/3469/2402 2239/3464/2166 2487/3468/2401
f 2416/3466/2334 2488/3469/2402 2489/3470/2403
f 2416/3466/2334 2489/3470/2403 2410/3471/2328
f 2488/3469/2402 2487/3468/2401 2490/3472/2404
f 2490/3472/2404 2487/3468/2401 2243/3463/2170
f 2489/3470/2403 2488/3469/2402 2491/3473/2405
f 2410/3471/2328 2489/3470/2403 2404/3474/2322
f 2410/3471/2328 2404/3474/2322 2403/3475/2321
f 2404/3474/2322 2489/3470/2403 2492/3476/2406
f 2492/3476/2406 2489/3470/2403 2491/3473/2405
f 2404/3474/2322 2492/3476/2406 2402/3477/2320
f 2404/3474/2322 2402/3477/2320 2401/3478/2319
f 2402/3477/2320 2492/3476/2406 2493/3479/2407
f 2084/3480/2018 2402/3477/2320 2477/3481/2391
f 2477/3481/2391 2402/3477/2320 2493/3479/2407
f 2492/3476/2406 2491/3473/2405 2494/3482/2408
f 2492/3476/2406 2494/3482/2408 2493/3479/2407
f 2477/3481/2391 2493/3479/2407 2495/3483/2409
f 2477/3481/2391 2495/3483/2409 2476/3484/2390
f 2476/3484/2390 2495/3483/2409 2474/3485/2388
f 2474/3485/2388 2495/3483/2409 2475/3486/2389
f 2494/3482/2408 2491/3473/2405 2496/3487/2410
f 2493/3479/2407 2494/3482/2408 2497/3488/2411
f 2497/3488/2411 2494/3482/2408 2496/3487/2410
f 2495/3483/2409 2493/3479/2407 2498/3489/2412
f 2498/3489/2412 2493/3479/2407 2497/3488/2411
f 2475/3486/2389 2495/3483/2409 2499/3490/2413
f 2499/3490/2413 2495/3483/2409 2498/3489/2412
f 2475/3486/2389 2499/3490/2413 2432/3491/2349
f 2475/3486/2389 2432/3491/2349 2086/3492/2020
f 2432/3491/2349 2499/3490/2413 2500/3493/2414
f 2500/3493/2414 2499/3490/2413 2501/3494/2415
f 2500/3493/2414 2501/3494/2415 2432/3491/2349
f 2501/3494/2415 2499/3490/2413 2498/3489/2412
f 2432/3491/2349 2501/3494/2415 2430/3495/2347
f 2430/3495/2347 2501/3494/2415 2431/3496/2348
f 2502/3497/2416 2498/3489/2412 2497/3488/2411
f 2431/3496/2348 2501/3494/2415 2503/3498/2417
f 2501/3494/2415 2498/3489/2412 2504/3499/2418
f 2501/3494/2415 2504/3499/2418 2503/3498/2417
f 2498/3489/2412 2502/3497/2416 2505/3500/2419
f 2498/3489/2412 2505/3500/2419 2504/3499/2418
f 2502/3497/2416 2497/3488/2411 2506/3501/2420
f 2502/3497/2416 2506/3501/2420 2505/3500/2419
f 2506/3501/2420 2497/3488/2411 2507/3502/2421
f 2505/3500/2419 2506/3501/2420 2508/3503/2422
f 2505/3500/2419 2508/3503/2422 2504/3499/2418
f 2508/3503/2422 2506/3501/2420 2509/3504/200
f 2509/3504/200 2506/3501/2420 2507/3502/2421
f 2504/3499/2418 2508/3503/2422 2510/3505/2423
f 2507/3502/2421 2497/3488/2411 2496/3487/2410
f 2508/3503/2422 2509/3504/200 2511/3506/2424
f 2508/3503/2422 2511/3506/2424 2510/3505/2423
f 2509/3504/200 2507/3502/2421 2512/3507/2425
f 2509/3504/200 2512/3507/2425 2511/3506/2424
f 2507/3502/2421 2496/3487/2410 2513/3508/2426
f 2512/3507/2425 2507/3502/2421 2514/3509/2427
f 2514/3509/2427 2507/3502/2421 2513/3508/2426
f 2512/3507/2425 2514/3509/2427 2515/3510/2428
f 2515/3510/2428 2514/3509/2427 2513/3508/2426
f 2511/3506/2424 2512/3507/2425 2516/3511/2429
f 2516/3511/2429 2512/3507/2425 2517/3512/2430
f 2517/3512/2430 2512/3507/2425 2515/3510/2428
f 2511/3506/2424 2516/3511/2429 2518/3513/2431
f 2518/3513/2431 2516/3511/2429 2517/3512/2430
f 2517/3512/2430 2515/3510/2428 2519/3514/2432
f 2517/3512/2430 2519/3514/2432 2520/3515/2433
f 2517/3512/2430 2520/3515/2433 2518/3513/2431
f 2520/3515/2433 2519/3514/2432 2521/3516/2434
f 2521/3516/2434 2519/3514/2432 2515/3510/2428
f 2518/3513/2431 2520/3515/2433 2522/3517/2435
f 2522/3517/2435 2520/3515/2433 2521/3516/2434
f 2522/3517/2435 2521/3516/2434 2523/3518/2436
f 2522/3517/2435 2523/3518/2436 2518/3513/2431
f 2524/3519/2437 2511/3506/2424 2518/3513/2431
f 2523/3518/2436 2521/3516/2434 2525/3520/2438
f 2518/3513/2431 2523/3518/2436 2526/3521/2439
f 2518/3513/2431 2526/3521/2439 2527/3522/2440
f 2518/3513/2431 2527/3522/2440 2524/3519/2437
f 2526/3521/2439 2523/3518/2436 2528/3523/2441
f 2528/3523/2441 2523/3518/2436 2529/3524/2442
f 2529/3524/2442 2523/3518/2436 2525/3520/2438
f 2528/3523/2441 2529/3524/2442 2530/3525/2443
f 2528/3523/2441 2530/3525/2443 2531/3526/2444
f 2528/3523/2441 2531/3526/2444 2526/3521/2439
f 2526/3521/2439 2531/3526/2444 2527/3522/2440
f 2529/3524/2442 2525/3520/2438 2532/3527/2445
f 2529/3524/2442 2532/3527/2445 2533/3528/2446
f 2527/3522/2440 2531/3526/2444 2534/3529/2447
f 2534/3529/2447 2531/3526/2444 2535/3530/2448
f 2534/3529/2447 2535/3530/2448 2536/3531/2449
f 2534/3529/2447 2536/3531/2449 2537/3532/2450
f 2534/3529/2447 2537/3532/2450 2538/3533/2451
f 2534/3529/2447 2538/3533/2451 2539/3534/2452
f 2534/3529/2447 2539/3534/2452 2540/3535/2453
f 2534/3529/2447 2540/3535/2453 2541/3536/2454
f 2527/3522/2440 2534/3529/2447 2542/3537/2455
f 2534/3529/2447 2541/3536/2454 2543/3538/2456
f 2534/3529/2447 2543/3538/2456 2542/3537/2455
f 2543/3538/2456 2541/3536/2454 2544/3539/2457
f 2544/3539/2457 2541/3536/2454 2545/3540/2458
f 2544/3539/2457 2545/3540/2458 2546/3541/2459
f 2544/3539/2457 2546/3541/2459 2547/3542/2460
f 2544/3539/2457 2547/3542/2460 2548/3543/2461
f 2544/3539/2457 2548/3543/2461 2543/3538/2456
f 2543/3538/2456 2548/3543/2461 2549/3544/2462
f 2543/3538/2456 2549/3544/2462 2542/3537/2455
f 2549/3544/2462 2548/3543/2461 2550/3545/2463
f 2549/3544/2462 2550/3545/2463 2542/3537/2455
f 2550/3545/2463 2548/3543/2461 2551/3546/2464
f 2552/3547/2465 2527/3522/2440 2542/3537/2455
f 2527/3522/2440 2552/3547/2465 2524/3519/2437
f 2552/3547/2465 2542/3537/2455 2553/3548/2466
f 2553/3548/2466 2542/3537/2455 2550/3545/2463
f 2552/3547/2465 2553/3548/2466 2524/3519/2437
f 2550/3545/2463 2551/3546/2464 2554/3549/2467
f 2554/3549/2467 2551/3546/2464 2555/3550/2468
f 2553/3548/2466 2550/3545/2463 2556/3551/2469
f 2553/3548/2466 2556/3551/2469 2524/3519/2437
f 2556/3551/2469 2550/3545/2463 2554/3549/2467
f 2524/3519/2437 2556/3551/2469 2557/3552/2470
f 2557/3552/2470 2556/3551/2469 2554/3549/2467
f 2524/3519/2437 2557/3552/2470 2511/3506/2424
f 2554/3549/2467 2555/3550/2468 2558/3553/2471
f 2511/3506/2424 2557/3552/2470 2510/3505/2423
f 2554/3549/2467 2558/3553/2471 2559/3554/2472
f 2510/3505/2423 2557/3552/2470 2560/3555/2473
f 2560/3555/2473 2557/3552/2470 2554/3549/2467
f 2560/3555/2473 2554/3549/2467 2561/3556/2474
f 2561/3556/2474 2554/3549/2467 2559/3554/2472
f 2559/3554/2472 2558/3553/2471 2562/3557/2475
f 2559/3554/2472 2562/3557/2475 2561/3556/2474
f 2562/3557/2475 2558/3553/2471 2563/3558/2476
f 2562/3557/2475 2563/3558/2476 2564/3559/2477
f 2510/3505/2423 2560/3555/2473 2565/3560/2478
f 2565/3560/2478 2560/3555/2473 2561/3556/2474
f 2510/3505/2423 2565/3560/2478 2566/3561/2479
f 2510/3505/2423 2566/3561/2479 2504/3499/2418
f 2565/3560/2478 2561/3556/2474 2567/3562/2480
f 2565/3560/2478 2567/3562/2480 2566/3561/2479
f 2568/3563/2481 2561/3556/2474 2562/3557/2475
f 2568/3563/2481 2562/3557/2475 2564/3559/2477
f 2561/3556/2474 2568/3563/2481 2567/3562/2480
f 2566/3561/2479 2567/3562/2480 2569/3564/2482
f 2566/3561/2479 2569/3564/2482 2504/3499/2418
f 2569/3564/2482 2567/3562/2480 2568/3563/2481
f 2504/3499/2418 2569/3564/2482 2503/3498/2417
f 2568/3563/2481 2564/3559/2477 2570/3565/2483
f 2568/3563/2481 2570/3565/2483 2569/3564/2482
f 2570/3565/2483 2564/3559/2477 2571/3566/2484
f 2570/3565/2483 2571/3566/2484 2572/3567/2485
f 2570/3565/2483 2572/3567/2485 2573/3568/2486
f 2503/3498/2417 2569/3564/2482 2574/3569/2487
f 2574/3569/2487 2569/3564/2482 2570/3565/2483
f 2503/3498/2417 2574/3569/2487 2431/3496/2348
f 2431/3496/2348 2574/3569/2487 2429/3570/2346
f 2429/3570/2346 2574/3569/2487 2575/3571/2488
f 2575/3571/2488 2574/3569/2487 2576/3572/2489
f 2575/3571/2488 2576/3572/2489 2577/3573/2490
f 2574/3569/2487 2570/3565/2483 2578/3574/2491
f 2574/3569/2487 2578/3574/2491 2576/3572/2489
f 2578/3574/2491 2570/3565/2483 2573/3568/2486
f 2576/3572/2489 2578/3574/2491 2577/3573/2490
f 2578/3574/2491 2573/3568/2486 2579/3575/2492
f 2578/3574/2491 2579/3575/2492 2577/3573/2490
f 2060/3576/14 2058/3577/14 2580/3578/14
f 2580/3578/14 2058/3577/14 2059/3579/14
f 2580/3578/14 2059/3579/14 2581/3580/14
f 2581/3580/14 2059/3579/14 2582/3581/14
f 2580/3578/14 2581/3580/14 2583/3582/14
f 2583/3582/14 2581/3580/14 2584/3583/14
f 2575/3584/2488 2426/3585/2343 2429/3586/2346
f 2426/3585/2343 2575/3584/2488 2585/3587/2493
f 2426/3585/2343 2585/3587/2493 2424/3588/2342
f 2585/3587/2493 2575/3584/2488 2577/3589/2490
f 2424/3588/2342 2585/3587/2493 2423/3590/2341
f 2585/3587/2493 2577/3589/2490 2586/3591/2494
f 2586/3591/2494 2577/3589/2490 2579/3592/2492
f 2423/3590/2341 2585/3587/2493 2587/3593/2495
f 2587/3593/2495 2585/3587/2493 2588/3594/2496
f 2588/3594/2496 2585/3587/2493 2586/3591/2494
f 2423/3590/2341 2587/3593/2495 2449/3595/2364
f 2423/3590/2341 2449/3595/2364 2422/3596/2340
f 2587/3593/2495 2588/3594/2496 2589/3597/2497
f 2589/3597/2497 2588/3594/2496 2586/3591/2494
f 2587/3593/2495 2589/3597/2497 2449/3595/2364
f 2449/3595/2364 2589/3597/2497 2590/3598/2498
f 2449/3595/2364 2590/3598/2498 2448/3599/2363
f 2590/3598/2498 2589/3597/2497 2591/3600/2499
f 2590/3598/2498 2591/3600/2499 2448/3599/2363
f 2591/3600/2499 2589/3597/2497 2586/3591/2494
f 2592/3601/1617 2586/3591/2494 2579/3592/2492
f 2586/3591/2494 2592/3601/1617 2591/3600/2499
f 2592/3601/1617 2579/3592/2492 2593/3602/2500
f 2593/3602/2500 2579/3592/2492 2573/3603/2486
f 2591/3600/2499 2592/3601/1617 2594/3604/2501
f 2594/3604/2501 2592/3601/1617 2593/3602/2500
f 2595/3605/2502 2448/3599/2363 2591/3600/2499
f 2448/3599/2363 2595/3605/2502 2447/3606/2362
f 2595/3605/2502 2591/3600/2499 2596/3607/2503
f 2596/3607/2503 2591/3600/2499 2594/3604/2501
f 2447/3606/2362 2595/3605/2502 2597/3608/2504
f 2597/3608/2504 2595/3605/2502 2596/3607/2503
f 2598/3609/2505 2593/3602/2500 2573/3603/2486
f 2598/3609/2505 2573/3603/2486 2572/3610/2485
f 2598/3609/2505 2572/3610/2485 2599/3611/2506
f 2599/3611/2506 2572/3610/2485 2600/3612/2507
f 2593/3602/2500 2598/3609/2505 2601/3613/2508
f 2593/3602/2500 2601/3613/2508 2594/3604/2501
f 2598/3609/2505 2599/3611/2506 2602/3614/2509
f 2598/3609/2505 2602/3614/2509 2601/3613/2508
f 2602/3614/2509 2599/3611/2506 2600/3612/2507
f 2594/3604/2501 2601/3613/2508 2603/3615/2510
f 2604/3616/2511 2596/3607/2503 2594/3604/2501
f 2596/3607/2503 2604/3616/2511 2597/3608/2504
f 2594/3604/2501 2603/3615/2510 2605/3617/2512
f 2594/3604/2501 2605/3617/2512 2604/3616/2511
f 2603/3615/2510 2601/3613/2508 2606/3618/2513
f 2606/3618/2513 2601/3613/2508 2602/3614/2509
f 2603/3615/2510 2606/3618/2513 2607/3619/2514
f 2603/3615/2510 2607/3619/2514 2605/3617/2512
f 2607/3619/2514 2606/3618/2513 2608/3620/2515
f 2608/3620/2515 2606/3618/2513 2602/3614/2509
f 2607/3619/2514 2608/3620/2515 2605/3617/2512
f 2608/3620/2515 2602/3614/2509 2609/3621/2516
f 2609/3621/2516 2602/3614/2509 2610/3622/2517
f 2610/3622/2517 2602/3614/2509 2600/3612/2507
f 2608/3620/2515 2609/3621/2516 2611/3623/2518
f 2608/3620/2515 2611/3623/2518 2605/3617/2512
f 2611/3623/2518 2609/3621/2516 2612/3624/2519
f 2612/3624/2519 2609/3621/2516 2610/3622/2517
f 2611/3623/2518 2612/3624/2519 2613/3625/2520
f 2611/3623/2518 2613/3625/2520 2605/3617/2512
f 2612/3624/2519 2610/3622/2517 2614/3626/2521
f 2612/3624/2519 2614/3626/2521 2613/3625/2520
f 2615/3627/2522 2610/3622/2517 2600/3612/2507
f 2615/3627/2522 2600/3612/2507 2616/3628/2523
f 2614/3626/2521 2610/3622/2517 2617/3629/2524
f 2617/3629/2524 2610/3622/2517 2615/3627/2522
f 2613/3625/2520 2614/3626/2521 2618/3630/2525
f 2618/3630/2525 2614/3626/2521 2617/3629/2524
f 2613/3625/2520 2618/3630/2525 2619/3631/2526
f 2618/3630/2525 2617/3629/2524 2620/3632/2527
f 2619/3631/2526 2618/3630/2525 2621/3633/2528
f 2621/3633/2528 2618/3630/2525 2620/3632/2527
f 2620/3632/2527 2617/3629/2524 2622/3634/2529
f 2620/3632/2527 2622/3634/2529 2621/3633/2528
f 2623/3635/2530 2617/3629/2524 2615/3627/2522
f 2623/3635/2530 2615/3627/2522 2624/3636/2531
f 2623/3635/2530 2624/3636/2531 2625/3637/2532
f 2623/3635/2530 2625/3637/2532 2626/3638/2533
f 2617/3629/2524 2623/3635/2530 2627/3639/2534
f 2617/3629/2524 2627/3639/2534 2622/3634/2529
f 2627/3639/2534 2623/3635/2530 2626/3638/2533
f 2622/3634/2529 2627/3639/2534 2628/3640/2535
f 2628/3640/2535 2627/3639/2534 2626/3638/2533
f 2622/3634/2529 2628/3640/2535 2621/3633/2528
f 2628/3640/2535 2626/3638/2533 2629/3641/2536
f 2621/3633/2528 2628/3640/2535 2630/3642/2537
f 2630/3642/2537 2628/3640/2535 2631/3643/2538
f 2621/3633/2528 2630/3642/2537 2632/3644/2539
f 2621/3633/2528 2632/3644/2539 2619/3631/2526
f 2619/3631/2526 2632/3644/2539 2613/3625/2520
f 2632/3644/2539 2630/3642/2537 2633/3645/2540
f 2633/3645/2540 2630/3642/2537 2634/3646/2541
f 2613/3625/2520 2632/3644/2539 2635/3647/2542
f 2633/3645/2540 2634/3646/2541 2636/3648/2543
f 2633/3645/2540 2636/3648/2543 2632/3644/2539
f 2636/3648/2543 2634/3646/2541 2637/3649/2544
f 2613/3625/2520 2635/3647/2542 2605/3617/2512
f 2635/3647/2542 2632/3644/2539 2638/3650/2545
f 2638/3650/2545 2632/3644/2539 2636/3648/2543
f 2605/3617/2512 2635/3647/2542 2639/3651/2546
f 2635/3647/2542 2638/3650/2545 2640/3652/2547
f 2639/3651/2546 2635/3647/2542 2641/3653/2548
f 2641/3653/2548 2635/3647/2542 2640/3652/2547
f 2639/3651/2546 2641/3653/2548 2642/3654/2549
f 2605/3617/2512 2639/3651/2546 2643/3655/2550
f 2643/3655/2550 2639/3651/2546 2642/3654/2549
f 2642/3654/2549 2641/3653/2548 2644/3656/2551
f 2644/3656/2551 2641/3653/2548 2640/3652/2547
f 2643/3655/2550 2642/3654/2549 2645/3657/2552
f 2605/3617/2512 2643/3655/2550 2646/3658/2553
f 2646/3658/2553 2643/3655/2550 2645/3657/2552
f 2605/3617/2512 2646/3658/2553 2604/3616/2511
f 2645/3657/2552 2642/3654/2549 2647/3659/2554
f 2647/3659/2554 2642/3654/2549 2644/3656/2551
f 2647/3659/2554 2644/3656/2551 2648/3660/2555
f 2645/3657/2552 2647/3659/2554 2649/3661/2556
f 2649/3661/2556 2647/3659/2554 2648/3660/2555
f 2648/3660/2555 2644/3656/2551 2650/3662/2557
f 2648/3660/2555 2650/3662/2557 2649/3661/2556
f 2651/3663/2558 2644/3656/2551 2640/3652/2547
f 2644/3656/2551 2651/3663/2558 2650/3662/2557
f 2651/3663/2558 2640/3652/2547 2652/3664/2559
f 2652/3664/2559 2640/3652/2547 2653/3665/2560
f 2653/3665/2560 2640/3652/2547 2638/3650/2545
f 2651/3663/2558 2652/3664/2559 2654/3666/2559
f 2654/3666/2559 2652/3664/2559 2653/3665/2560
f 2651/3663/2558 2654/3666/2559 2655/3667/2559
f 2655/3667/2559 2654/3666/2559 2653/3665/2560
f 2655/3667/2559 2653/3665/2560 2651/3663/2558
f 2653/3665/2560 2638/3650/2545 2656/3668/2545
f 2656/3668/2545 2638/3650/2545 2636/3648/2543
f 2656/3668/2545 2636/3648/2543 2657/3669/2561
f 2656/3668/2545 2657/3669/2561 2653/3665/2560
f 2657/3669/2561 2636/3648/2543 2658/3670/2562
f 2657/3669/2561 2658/3670/2562 2653/3665/2560
f 2653/3665/2560 2658/3670/2562 2636/3648/2543
f 2653/3665/2560 2636/3648/2543 2659/3671/2563
f 2653/3665/2560 2659/3671/2563 2660/3672/2564
f 2661/3673/2564 2651/3663/2558 2653/3665/2560
f 2661/3673/2564 2653/3665/2560 2660/3672/2564
f 2651/3663/2558 2661/3673/2564 2650/3662/2557
f 2661/3673/2564 2660/3672/2564 2662/3674/2564
f 2661/3673/2564 2662/3674/2564 2650/3662/2557
f 2650/3662/2557 2662/3674/2564 2663/3675/2565
f 2663/3675/2565 2662/3674/2564 2664/3676/2566
f 2664/3676/2566 2662/3674/2564 2665/3677/2567
f 2650/3662/2557 2663/3675/2565 2666/3678/2568
f 2666/3678/2568 2663/3675/2565 2667/3679/2569
f 2666/3678/2568 2667/3679/2569 2650/3662/2557
f 2667/3679/2569 2663/3675/2565 2668/3680/805
f 2668/3680/805 2663/3675/2565 2664/3676/2566
f 2650/3662/2557 2667/3679/2569 2669/3681/2570
f 2667/3679/2569 2668/3680/805 2670/3682/2571
f 2667/3679/2569 2670/3682/2571 2669/3681/2570
f 2650/3662/2557 2669/3681/2570 2671/3683/2572
f 2650/3662/2557 2671/3683/2572 2649/3661/2556
f 2671/3683/2572 2669/3681/2570 2672/3684/2573
f 2671/3683/2572 2672/3684/2573 2649/3661/2556
f 2672/3684/2573 2669/3681/2570 2673/3685/2574
f 2673/3685/2574 2669/3681/2570 2670/3682/2571
f 2649/3661/2556 2672/3684/2573 2674/3686/1311
f 2674/3686/1311 2672/3684/2573 2673/3685/2574
f 2649/3661/2556 2674/3686/1311 2675/3687/2575
f 2649/3661/2556 2675/3687/2575 2645/3657/2552
f 2674/3686/1311 2673/3685/2574 2676/3688/2576
f 2676/3688/2576 2673/3685/2574 2670/3682/2571
f 2675/3687/2575 2674/3686/1311 2677/3689/2577
f 2677/3689/2577 2674/3686/1311 2676/3688/2576
f 2645/3657/2552 2675/3687/2575 2461/3690/2376
f 2461/3690/2376 2675/3687/2575 2677/3689/2577
f 2677/3689/2577 2676/3688/2576 2360/3691/2282
f 2677/3689/2577 2360/3691/2282 2461/3690/2376
f 2360/3691/2282 2676/3688/2576 2670/3682/2571
f 2645/3657/2552 2461/3690/2376 2646/3658/2553
f 2646/3658/2553 2461/3690/2376 2462/3692/2377
f 2360/3691/2282 2670/3682/2571 2678/3693/2578
f 2678/3693/2578 2670/3682/2571 2668/3680/805
f 2679/3694/2579 2357/3695/2279 2360/3691/2282
f 2679/3694/2579 2360/3691/2282 2680/3696/2580
f 2679/3694/2579 2680/3696/2580 2681/3697/2581
f 2680/3696/2580 2360/3691/2282 2678/3693/2578
f 2678/3693/2578 2668/3680/805 2664/3676/2566
f 2680/3696/2580 2678/3693/2578 2682/3698/2582
f 2680/3696/2580 2682/3698/2582 2683/3699/2583
f 2683/3699/2583 2682/3698/2582 2665/3677/2567
f 2665/3677/2567 2682/3698/2582 2664/3676/2566
f 2682/3698/2582 2678/3693/2578 2684/3700/2584
f 2682/3698/2582 2684/3700/2584 2664/3676/2566
f 2678/3693/2578 2664/3676/2566 2685/3701/2585
f 2678/3693/2578 2685/3701/2585 2684/3700/2584
f 2684/3700/2584 2685/3701/2585 2664/3676/2566
f 2686/3702/2586 2604/3616/2511 2646/3658/2553
f 2604/3616/2511 2686/3702/2586 2597/3608/2504
f 2686/3702/2586 2646/3658/2553 2687/3703/2587
f 2687/3703/2587 2646/3658/2553 2462/3692/2377
f 2687/3703/2587 2462/3692/2377 2460/3704/2375
f 2687/3703/2587 2460/3704/2375 2456/3705/2371
f 2686/3702/2586 2687/3703/2587 2688/3706/2588
f 2688/3706/2588 2687/3703/2587 2456/3705/2371
f 2686/3702/2586 2688/3706/2588 2597/3608/2504
f 2688/3706/2588 2456/3705/2371 2689/3707/2589
f 2689/3707/2589 2456/3705/2371 2457/3708/2372
f 2597/3608/2504 2688/3706/2588 2690/3709/2590
f 2690/3709/2590 2688/3706/2588 2689/3707/2589
f 2689/3707/2589 2457/3708/2372 2454/3710/2369
f 2454/3710/2369 2457/3708/2372 2455/3711/2370
f 2689/3707/2589 2454/3710/2369 2445/3712/2361
f 2689/3707/2589 2445/3712/2361 2690/3709/2590
f 2445/3712/2361 2454/3710/2369 2451/3713/2366
f 2690/3709/2590 2445/3712/2361 2691/3714/2591
f 2690/3709/2590 2691/3714/2591 2597/3608/2504
f 2691/3714/2591 2445/3712/2361 2444/3715/2360
f 2691/3714/2591 2444/3715/2360 2692/3716/2592
f 2692/3716/2592 2444/3715/2360 2443/3717/2359
f 2597/3608/2504 2691/3714/2591 2693/3718/2593
f 2693/3718/2593 2691/3714/2591 2692/3716/2592
f 2693/3718/2593 2692/3716/2592 2443/3717/2359
f 2597/3608/2504 2693/3718/2593 2447/3606/2362
f 2693/3718/2593 2443/3717/2359 2446/3719/294
f 2693/3718/2593 2446/3719/294 2447/3606/2362
f 2274/3720/2198 2694/3721/2594 2273/3722/2197
f 2276/3723/2200 2275/3724/2199 2273/3722/2197
f 2276/3723/2200 2273/3722/2197 2694/3721/2594
f 2694/3721/2594 2274/3720/2198 2695/3725/2595
f 2695/3725/2595 2274/3720/2198 2696/3726/2596
f 2695/3725/2595 2696/3726/2596 2697/3727/393
f 2695/3725/2595 2697/3727/393 2698/3728/2597
f 2695/3725/2595 2698/3728/2597 2694/3721/2594
f 2698/3728/2597 2697/3727/393 2699/3729/2598
f 2276/3723/2200 2694/3721/2594 2700/3730/2599
f 2700/3730/2599 2694/3721/2594 2698/3728/2597
f 2698/3728/2597 2699/3729/2598 2701/3731/2600
f 2698/3728/2597 2701/3731/2600 2700/3730/2599
f 2700/3730/2599 2701/3731/2600 2276/3723/2200
f 2276/3723/2200 2701/3731/2600 2702/3732/2601
f 2245/3733/2172 2251/3734/2178 2244/3735/2171
f 2244/3735/2171 2251/3734/2178 2703/3736/2602
f 2244/3735/2171 2703/3736/2602 2243/3463/2170
f 2703/3736/2602 2251/3734/2178 2704/3737/2603
f 2703/3736/2602 2704/3737/2603 2243/3463/2170
f 2705/3738/2604 2251/3734/2178 2250/3739/2177
f 2705/3738/2604 2250/3739/2177 2706/3740/2605
f 2251/3734/2178 2705/3738/2604 2707/3741/2606
f 2707/3741/2606 2705/3738/2604 2706/3740/2605
f 2251/3734/2178 2707/3741/2606 2704/3737/2603
f 2243/3463/2170 2704/3737/2603 2708/3742/2607
f 2704/3737/2603 2707/3741/2606 2709/3743/2608
f 2243/3463/2170 2708/3742/2607 2490/3472/2404
f 2704/3737/2603 2709/3743/2608 2710/3744/2609
f 2704/3737/2603 2710/3744/2609 2708/3742/2607
f 2709/3743/2608 2707/3741/2606 2711/3745/2610
f 2709/3743/2608 2711/3745/2610 2710/3744/2609
f 2711/3745/2610 2707/3741/2606 2712/3746/2611
f 2712/3746/2611 2707/3741/2606 2706/3740/2605
f 2710/3744/2609 2711/3745/2610 2713/3747/2612
f 2713/3747/2612 2711/3745/2610 2712/3746/2611
f 2708/3742/2607 2710/3744/2609 2714/3748/2613
f 2708/3742/2607 2714/3748/2613 2490/3472/2404
f 2714/3748/2613 2710/3744/2609 2715/3749/2614
f 2715/3749/2614 2710/3744/2609 2713/3747/2612
f 2490/3472/2404 2714/3748/2613 2716/3750/2615
f 2714/3748/2613 2715/3749/2614 2717/3751/2616
f 2714/3748/2613 2717/3751/2616 2716/3750/2615
f 2715/3749/2614 2713/3747/2612 2718/3752/2617
f 2715/3749/2614 2718/3752/2617 2717/3751/2616
f 2716/3750/2615 2717/3751/2616 2719/3753/2618
f 2490/3472/2404 2716/3750/2615 2513/3508/2426
f 2716/3750/2615 2719/3753/2618 2515/3510/2428
f 2515/3510/2428 2719/3753/2618 2717/3751/2616
f 2716/3750/2615 2515/3510/2428 2513/3508/2426
f 2717/3751/2616 2718/3752/2617 2720/3754/2619
f 2717/3751/2616 2720/3754/2619 2515/3510/2428
f 2720/3754/2619 2718/3752/2617 2713/3747/2612
f 2515/3510/2428 2720/3754/2619 2521/3516/2434
f 2521/3516/2434 2720/3754/2619 2525/3520/2438
f 2525/3520/2438 2720/3754/2619 2713/3747/2612
f 2525/3520/2438 2713/3747/2612 2532/3527/2445
f 2721/3755/2620 2490/3472/2404 2513/3508/2426
f 2490/3472/2404 2721/3755/2620 2488/3469/2402
f 2721/3755/2620 2513/3508/2426 2496/3487/2410
f 2488/3469/2402 2721/3755/2620 2491/3473/2405
f 2721/3755/2620 2496/3487/2410 2722/3756/2621
f 2722/3756/2621 2496/3487/2410 2491/3473/2405
f 2722/3756/2621 2491/3473/2405 2721/3755/2620
f 2723/3757/2622 2532/3527/2445 2713/3747/2612
f 2723/3757/2622 2713/3747/2612 2724/3758/2623
f 2724/3758/2623 2713/3747/2612 2712/3746/2611
f 2532/3527/2445 2723/3757/2622 2725/3759/2624
f 2724/3758/2623 2712/3746/2611 2726/3760/2625
f 2726/3760/2625 2712/3746/2611 2706/3740/2605
f 2724/3758/2623 2726/3760/2625 2727/3761/2626
f 2727/3761/2626 2726/3760/2625 2728/3762/2627
f 2723/3757/2622 2724/3758/2623 2729/3763/489
f 2723/3757/2622 2729/3763/489 2725/3759/2624
f 2729/3763/489 2724/3758/2623 2730/3764/2628
f 2729/3763/489 2730/3764/2628 2731/3765/2629
f 2729/3763/489 2731/3765/2629 2725/3759/2624
f 2731/3765/2629 2730/3764/2628 2732/3766/2630
f 2731/3765/2629 2732/3766/2630 2725/3759/2624
f 2725/3759/2624 2732/3766/2630 2533/3528/2446
f 2725/3759/2624 2533/3528/2446 2733/3767/2631
f 2733/3767/2631 2533/3528/2446 2532/3527/2445
f 2733/3767/2631 2532/3527/2445 2725/3759/2624
f 2734/3768/2632 2728/3762/2627 2726/3760/2625
f 2734/3768/2632 2726/3760/2625 2706/3740/2605
f 2728/3762/2627 2734/3768/2632 2735/3769/2633
f 2734/3768/2632 2706/3740/2605 2736/3770/2634
f 2735/3769/2633 2734/3768/2632 2737/3771/2635
f 2734/3768/2632 2736/3770/2634 2266/3772/14
f 2734/3768/2632 2266/3772/14 2737/3771/2635
f 2736/3773/2634 2270/3774/2194 2266/3775/14
f 2270/3774/2194 2736/3773/2634 2276/3776/2200
f 2276/3776/2200 2736/3773/2634 2706/3777/2605
f 2276/3776/2200 2706/3777/2605 2250/3778/2177
f 2270/3774/2194 2276/3776/2200 2702/3779/2601
f 2270/3774/2194 2702/3779/2601 2274/3780/2198
f 2274/3780/2198 2702/3779/2601 2738/3781/2636
f 2274/3780/2198 2738/3781/2636 2696/3782/2596
f 2696/3782/2596 2738/3781/2636 2697/3783/393
f 2697/3783/393 2738/3781/2636 2699/3784/2598
f 2699/3784/2598 2738/3781/2636 2702/3779/2601
f 2699/3784/2598 2702/3779/2601 2701/3785/2600
f 2739/3786/2637 2740/3787/2638 2741/3788/2639
f 2739/3786/2637 2741/3788/2639 2742/3789/2640
f 1718/3790/1672 1722/3791/1676 1720/3792/1674
f 1720/3792/1674 1722/3791/1676 2743/3793/2641
f 1721/3794/1675 1723/3795/1677 1722/3791/1676
f 1722/3791/1676 1723/3795/1677 2743/3793/2641
f 1720/3792/1674 2743/3793/2641 2744/3796/2642
f 2744/3796/2642 2743/3793/2641 2745/3797/2643
f 1720/3792/1674 2744/3796/2642 1712/3798/1666
f 1720/3792/1674 1712/3798/1666 1711/3799/1665
f 1712/3798/1666 2744/3796/2642 2746/3800/2644
f 1712/3798/1666 2746/3800/2644 1716/3801/1670
f 1712/3798/1666 1716/3801/1670 1713/3802/1667
f 2747/3803/2645 2743/3793/2641 1723/3795/1677
f 2743/3793/2641 2747/3803/2645 2748/3804/2646
f 2743/3793/2641 2748/3804/2646 2749/3805/2647
f 2747/3803/2645 1723/3795/1677 2750/3806/2648
f 2749/3805/2647 2748/3804/2646 2751/3807/2649
f 2750/3806/2648 1723/3795/1677 2752/3808/2650
f 2753/3809/2651 2754/3810/2652 2751/3807/2649
f 2753/3809/2651 2751/3807/2649 2755/3811/2653
f 2755/3811/2653 2751/3807/2649 2748/3804/2646
f 2752/3808/2650 1723/3795/1677 2756/3812/2654
f 2752/3808/2650 2756/3812/2654 2750/3806/2648
f 2750/3806/2648 2756/3812/2654 2747/3803/2645
f 2747/3803/2645 2756/3812/2654 2748/3804/2646
f 2756/3812/2654 1723/3795/1677 1710/3813/1664
f 2755/3811/2653 2748/3804/2646 2757/3814/2655
f 2757/3814/2655 2748/3804/2646 2756/3812/2654
f 2756/3812/2654 1710/3813/1664 1724/3815/1678
f 2756/3812/2654 1724/3815/1678 2757/3814/2655
f 2757/3814/2655 1724/3815/1678 2758/3816/2656
f 2755/3811/2653 2757/3814/2655 1726/3817/1680
f 1726/3817/1680 2757/3814/2655 2758/3816/2656
f 2755/3811/2653 1726/3817/1680 1727/3818/1681
f 2758/3816/2656 1724/3815/1678 2759/3819/2657
f 2758/3816/2656 2759/3819/2657 1726/3817/1680
f 2760/3820/2658 1724/3815/1678 1726/3817/1680
f 2760/3820/2658 1726/3817/1680 2759/3819/2657
f 2760/3820/2658 2759/3819/2657 1724/3815/1678
f 2472/3821/2386 2471/3822/2385 2486/3823/2400
f 2472/3821/2386 2486/3823/2400 2761/3824/2659
f 2761/3824/2659 2486/3823/2400 2762/3825/2660
f 2762/3825/2660 2486/3823/2400 2484/3826/2398
f 2762/3825/2660 2484/3826/2398 2763/3827/2661
f 2763/3827/2661 2484/3826/2398 2483/3828/2397
f 2762/3825/2660 2763/3827/2661 2764/3829/2662
f 2762/3825/2660 2764/3829/2662 2761/3824/2659
f 2763/3827/2661 2483/3828/2397 2765/3830/2663
f 2763/3827/2661 2765/3830/2663 2764/3829/2662
f 2765/3830/2663 2483/3828/2397 2482/3831/2396
f 2766/3832/2664 2472/3821/2386 2761/3824/2659
f 2472/3821/2386 2766/3832/2664 2470/3833/30
f 2470/3833/30 2766/3832/2664 2468/3834/2383
f 2107/3835/2037 2468/3834/2383 2108/3836/1211
f 2108/3836/1211 2468/3834/2383 2766/3832/2664
f 2108/3836/1211 2766/3832/2664 2767/3837/2665
f 2767/3837/2665 2766/3832/2664 2768/3838/2666
f 2767/3837/2665 2768/3838/2666 2769/3839/2667
f 2770/3840/2668 2766/3832/2664 2761/3824/2659
f 2766/3832/2664 2770/3840/2668 2768/3838/2666
f 2769/3839/2667 2768/3838/2666 2771/3841/421
f 2771/3841/421 2768/3838/2666 2770/3840/2668
f 2769/3839/2667 2771/3841/421 2772/3842/2669
f 2771/3841/421 2770/3840/2668 2773/3843/2670
f 2771/3841/421 2773/3843/2670 2772/3842/2669
f 2770/3840/2668 2761/3824/2659 2774/3844/2671
f 2774/3844/2671 2761/3824/2659 2764/3829/2662
f 2770/3840/2668 2774/3844/2671 2775/3845/2672
f 2770/3840/2668 2775/3845/2672 2773/3843/2670
f 2774/3844/2671 2764/3829/2662 2776/3846/2673
f 2773/3843/2670 2775/3845/2672 2777/3847/2674
f 2775/3845/2672 2774/3844/2671 2778/3848/2675
f 2778/3848/2675 2774/3844/2671 2776/3846/2673
f 2777/3847/2674 2775/3845/2672 2779/3849/2676
f 2779/3849/2676 2775/3845/2672 2778/3848/2675
f 2773/3843/2670 2777/3847/2674 2780/3850/2677
f 2780/3850/2677 2777/3847/2674 2779/3849/2676
f 2773/3843/2670 2780/3850/2677 2781/3851/2678
f 2781/3851/2678 2780/3850/2677 2779/3849/2676
f 2773/3843/2670 2781/3851/2678 2772/3842/2669
f 2772/3842/2669 2781/3851/2678 2782/3852/2679
f 2782/3852/2679 2781/3851/2678 2783/3853/2680
f 2783/3853/2680 2781/3851/2678 2779/3849/2676
f 2782/3852/2679 2783/3853/2680 2784/3854/2681
f 2784/3854/2681 2783/3853/2680 2785/3855/2682
f 2783/3853/2680 2779/3849/2676 2786/3856/2683
f 2783/3853/2680 2786/3856/2683 2785/3855/2682
f 2786/3856/2683 2779/3849/2676 2778/3848/2675
f 2785/3855/2682 2786/3856/2683 2787/3857/2684
f 2785/3855/2682 2787/3857/2684 2788/3858/2685
f 2786/3856/2683 2778/3848/2675 2789/3859/2686
f 2786/3856/2683 2789/3859/2686 2787/3857/2684
f 2789/3859/2686 2778/3848/2675 2776/3846/2673
f 2788/3858/2685 2787/3857/2684 2790/3860/2687
f 2790/3860/2687 2787/3857/2684 2789/3859/2686
f 2788/3858/2685 2790/3860/2687 2791/3861/2688
f 2788/3858/2685 2791/3861/2688 2792/3862/2689
f 2790/3860/2687 2789/3859/2686 2793/3863/2690
f 2793/3863/2690 2789/3859/2686 2776/3846/2673
f 2791/3861/2688 2790/3860/2687 2794/3864/2691
f 2794/3864/2691 2790/3860/2687 2793/3863/2690
f 2792/3862/2689 2791/3861/2688 2795/3865/2692
f 2792/3862/2689 2795/3865/2692 2796/3866/2693
f 2791/3861/2688 2794/3864/2691 2797/3867/2694
f 2797/3867/2694 2794/3864/2691 2793/3863/2690
f 2795/3865/2692 2791/3861/2688 2798/3868/2695
f 2798/3868/2695 2791/3861/2688 2797/3867/2694
f 2796/3866/2693 2795/3865/2692 2799/3869/2696
f 2799/3869/2696 2795/3865/2692 2798/3868/2695
f 2796/3866/2693 2799/3869/2696 2800/3870/2697
f 2800/3870/2697 2799/3869/2696 2801/3871/2698
f 2801/3871/2698 2799/3869/2696 2802/3872/2699
f 2801/3871/2698 2802/3872/2699 2803/3873/2700
f 2802/3872/2699 2799/3869/2696 2804/3874/2701
f 2799/3869/2696 2798/3868/2695 2805/3875/2702
f 2799/3869/2696 2805/3875/2702 2804/3874/2701
f 2802/3872/2699 2804/3874/2701 2806/3876/2703
f 2803/3873/2700 2802/3872/2699 2807/3877/2704
f 2807/3877/2704 2802/3872/2699 2806/3876/2703
f 2803/3873/2700 2807/3877/2704 2808/3878/2705
f 2803/3873/2700 2808/3878/2705 2809/3879/2706
f 2807/3877/2704 2806/3876/2703 2810/3880/2707
f 2810/3880/2707 2806/3876/2703 2804/3874/2701
f 2808/3878/2705 2807/3877/2704 2811/3881/2708
f 2811/3881/2708 2807/3877/2704 2810/3880/2707
f 2809/3879/2706 2808/3878/2705 2812/3882/2709
f 2809/3879/2706 2812/3882/2709 2813/3883/2710
f 2813/3883/2710 2812/3882/2709 2808/3878/2705
f 2809/3879/2706 2813/3883/2710 2814/3884/2711
f 2814/3884/2711 2813/3883/2710 2815/3885/2712
f 2815/3885/2712 2813/3883/2710 2816/3886/2713
f 2816/3886/2713 2813/3883/2710 2808/3878/2705
f 2816/3886/2713 2808/3878/2705 2817/3887/2714
f 2817/3887/2714 2808/3878/2705 2811/3881/2708
f 2816/3886/2713 2817/3887/2714 2753/3888/2651
f 2753/3888/2651 2817/3887/2714 2754/3889/2652
f 2754/3889/2652 2817/3887/2714 2811/3881/2708
f 2754/3889/2652 2811/3881/2708 2810/3880/2707
f 2754/3889/2652 2810/3880/2707 2751/3890/2649
f 2751/3890/2649 2810/3880/2707 2749/3891/2647
f 2749/3891/2647 2810/3880/2707 2818/3892/2715
f 2749/3891/2647 2818/3892/2715 2743/3893/2641
f 2818/3892/2715 2810/3880/2707 2804/3874/2701
f 2818/3892/2715 2804/3874/2701 2819/3894/2716
f 2819/3894/2716 2804/3874/2701 2805/3875/2702
f 2819/3894/2716 2805/3875/2702 2818/3892/2715
f 2743/3893/2641 2818/3892/2715 2745/3895/2643
f 2745/3895/2643 2818/3892/2715 2805/3875/2702
f 2745/3895/2643 2805/3875/2702 2820/3896/2717
f 2820/3896/2717 2805/3875/2702 2821/3897/2718
f 2821/3897/2718 2805/3875/2702 2798/3868/2695
f 2745/3895/2643 2820/3896/2717 2822/3898/2719
f 2820/3896/2717 2821/3897/2718 2823/3899/2720
f 2820/3896/2717 2823/3899/2720 2822/3898/2719
f 2821/3897/2718 2798/3868/2695 2824/3900/2721
f 2821/3897/2718 2824/3900/2721 2823/3899/2720
f 2824/3900/2721 2798/3868/2695 2797/3867/2694
f 2745/3895/2643 2822/3898/2719 2825/3901/2722
f 2745/3895/2643 2825/3901/2722 2744/3902/2642
f 2744/3902/2642 2825/3901/2722 2746/3903/2644
f 2746/3903/2644 2825/3901/2722 1716/3904/1670
f 2825/3901/2722 2822/3898/2719 2826/3905/2723
f 1716/3904/1670 2825/3901/2722 2827/3906/2724
f 2827/3906/2724 2825/3901/2722 2826/3905/2723
f 1716/3904/1670 2827/3906/2724 1717/3907/1671
f 2826/3905/2723 2822/3898/2719 2828/3908/2725
f 2828/3908/2725 2822/3898/2719 2823/3899/2720
f 2826/3905/2723 2828/3908/2725 2827/3906/2724
f 1717/3907/1671 2827/3906/2724 2482/3831/2396
f 1717/3907/1671 2482/3831/2396 2481/3909/2395
f 2482/3831/2396 2827/3906/2724 2829/3910/2726
f 2482/3831/2396 2829/3910/2726 2765/3830/2663
f 2827/3906/2724 2828/3908/2725 2830/3911/2727
f 2827/3906/2724 2830/3911/2727 2829/3910/2726
f 2828/3908/2725 2823/3899/2720 2831/3912/2728
f 2831/3912/2728 2823/3899/2720 2832/3913/2729
f 2831/3912/2728 2832/3913/2729 2828/3908/2725
f 2832/3913/2729 2823/3899/2720 2824/3900/2721
f 2830/3911/2727 2828/3908/2725 2833/3914/2730
f 2833/3914/2730 2828/3908/2725 2832/3913/2729
f 2833/3914/2730 2832/3913/2729 2824/3900/2721
f 2830/3911/2727 2833/3914/2730 2829/3910/2726
f 2833/3914/2730 2824/3900/2721 2797/3867/2694
f 2833/3914/2730 2797/3867/2694 2793/3863/2690
f 2829/3910/2726 2833/3914/2730 2834/3915/2731
f 2834/3915/2731 2833/3914/2730 2793/3863/2690
f 2829/3910/2726 2834/3915/2731 2835/3916/2732
f 2829/3910/2726 2835/3916/2732 2765/3830/2663
f 2834/3915/2731 2793/3863/2690 2836/3917/2733
f 2834/3915/2731 2836/3917/2733 2835/3916/2732
f 2836/3917/2733 2793/3863/2690 2776/3846/2673
f 2765/3830/2663 2835/3916/2732 2837/3918/2734
f 2837/3918/2734 2835/3916/2732 2836/3917/2733
f 2837/3918/2734 2836/3917/2733 2776/3846/2673
f 2765/3830/2663 2837/3918/2734 2764/3829/2662
f 2764/3829/2662 2837/3918/2734 2776/3846/2673
f 2395/3919/2314 2419/3920/2337 2838/3921/2735
f 2395/3919/2314 2838/3921/2735 2392/3922/2311
f 2838/3921/2735 2419/3920/2337 2357/3923/2279
f 2838/3921/2735 2357/3923/2279 2679/3924/2579
f 1770/3925/1724 1779/3926/1733 1734/3927/1688
f 1734/3927/1688 1779/3926/1733 2839/3928/2736
f 1734/3927/1688 2839/3928/2736 2840/3929/2737
f 2840/3929/2737 2839/3928/2736 2841/3930/2738
f 2841/3930/2738 2839/3928/2736 2842/3931/2739
f 2839/3928/2736 1779/3926/1733 2843/3932/2740
f 2839/3928/2736 2843/3932/2740 2842/3931/2739
f 2844/3933/2741 2845/3934/2742 2842/3931/2739
f 2844/3933/2741 2842/3931/2739 2843/3932/2740
f 2844/3933/2741 2843/3932/2740 2846/3935/2743
f 2843/3932/2740 1779/3926/1733 2847/3936/2744
f 2847/3936/2744 1779/3926/1733 1777/3937/1731
f 2847/3936/2744 1777/3937/1731 2843/3932/2740
f 1777/3937/1731 1779/3926/1733 1778/3938/1732
f 2843/3932/2740 1777/3937/1731 2846/3935/2743
f 2846/3935/2743 1777/3937/1731 2848/3939/2745
f 2848/3939/2745 1777/3937/1731 1781/3940/1735
f 2848/3939/2745 1781/3940/1735 2849/3941/2746
f 2849/3941/2746 1781/3940/1735 1785/3942/1739
f 2849/3941/2746 1785/3942/1739 1787/3943/1741
f 2849/3941/2746 1787/3943/1741 2850/3944/2747
f 2849/3941/2746 2850/3944/2747 2846/3935/2743
f 2846/3935/2743 2850/3944/2747 2851/3945/2748
f 2848/3939/2745 2849/3941/2746 2852/3946/2749
f 2852/3946/2749 2849/3941/2746 2846/3935/2743
f 2853/3947/2750 2846/3935/2743 2848/3939/2745
f 2846/3935/2743 2853/3947/2750 2852/3946/2749
f 2852/3946/2749 2853/3947/2750 2848/3939/2745
f 2391/3948/2310 2392/3949/2311 2854/3950/2751
f 2854/3950/2751 2392/3949/2311 2838/3951/2735
f 2391/3948/2310 2854/3950/2751 2855/3952/2752
f 2391/3948/2310 2855/3952/2752 2856/3953/2753
f 2391/3948/2310 2856/3953/2753 2857/3954/2754
f 2857/3954/2754 2856/3953/2753 2858/3955/2755
f 1812/3956/1766 2388/3957/2307 2391/3948/2310
f 1812/3956/1766 2391/3948/2310 2859/3958/2756
f 2859/3958/2756 2391/3948/2310 2857/3954/2754
f 1812/3956/1766 2859/3958/2756 1809/3959/1763
f 1809/3959/1763 2859/3958/2756 2860/3960/2757
f 1809/3959/1763 2860/3960/2757 1806/3961/1760
f 1806/3961/1760 2860/3960/2757 1804/3962/1758
f 2859/3958/2756 2857/3954/2754 2861/3963/2758
f 2860/3960/2757 2859/3958/2756 2862/3964/2759
f 2862/3964/2759 2859/3958/2756 2861/3963/2758
f 1804/3962/1758 2860/3960/2757 2863/3965/2760
f 2863/3965/2760 2860/3960/2757 2862/3964/2759
f 2861/3963/2758 2857/3954/2754 2864/3966/2761
f 2864/3966/2761 2857/3954/2754 2858/3955/2755
f 2861/3963/2758 2864/3966/2761 2865/3967/2351
f 2861/3963/2758 2865/3967/2351 2862/3964/2759
f 2864/3966/2761 2858/3955/2755 2866/3968/2762
f 2866/3968/2762 2858/3955/2755 2867/3969/2763
f 2866/3968/2762 2867/3969/2763 2865/3967/2351
f 2864/3966/2761 2866/3968/2762 2868/3970/2764
f 2864/3966/2761 2868/3970/2764 2865/3967/2351
f 2865/3967/2351 2868/3970/2764 2866/3968/2762
f 2865/3967/2351 2867/3969/2763 2869/3971/2765
f 2869/3971/2765 2867/3969/2763 2870/3972/2766
f 2871/3973/2767 2862/3964/2759 2865/3967/2351
f 2871/3973/2767 2865/3967/2351 2869/3971/2765
f 2869/3971/2765 2870/3972/2766 2872/3974/2768
f 2872/3974/2768 2870/3972/2766 2873/3975/2769
f 2871/3973/2767 2869/3971/2765 2874/3976/2770
f 2874/3976/2770 2869/3971/2765 2872/3974/2768
f 2872/3974/2768 2873/3975/2769 2875/3977/2771
f 2871/3973/2767 2874/3976/2770 2876/3978/2772
f 2872/3974/2768 2875/3977/2771 2877/3979/2773
f 2874/3976/2770 2872/3974/2768 2878/3980/2774
f 2878/3980/2774 2872/3974/2768 2877/3979/2773
f 2874/3976/2770 2878/3980/2774 2876/3978/2772
f 2877/3979/2773 2875/3977/2771 2879/3981/2775
f 2877/3979/2773 2879/3981/2775 2878/3980/2774
f 2879/3981/2775 2875/3977/2771 2880/3982/2776
f 2871/3973/2767 2876/3978/2772 2881/3983/2777
f 2871/3973/2767 2881/3983/2777 2862/3964/2759
f 2876/3978/2772 2878/3980/2774 2882/3984/2778
f 2876/3978/2772 2882/3984/2778 2881/3983/2777
f 2862/3964/2759 2881/3983/2777 2883/3985/2779
f 2883/3985/2779 2881/3983/2777 2882/3984/2778
f 2879/3981/2775 2880/3982/2776 2884/3986/2780
f 2879/3981/2775 2884/3986/2780 2878/3980/2774
f 2882/3984/2778 2878/3980/2774 2885/3987/2781
f 2885/3987/2781 2878/3980/2774 2884/3986/2780
f 2882/3984/2778 2885/3987/2781 2883/3985/2779
f 2884/3986/2780 2880/3982/2776 2886/3988/2782
f 2884/3986/2780 2886/3988/2782 2885/3987/2781
f 2886/3988/2782 2880/3982/2776 2887/3989/2783
f 2883/3985/2779 2863/3965/2760 2862/3964/2759
f 2886/3988/2782 2887/3989/2783 2888/3990/2784
f 2886/3988/2782 2888/3990/2784 2885/3987/2781
f 2845/3991/2742 2844/3992/2741 2887/3989/2783
f 2887/3989/2783 2844/3992/2741 2888/3990/2784
f 2888/3990/2784 2844/3992/2741 2889/3993/2785
f 2889/3993/2785 2844/3992/2741 2846/3994/2743
f 2889/3993/2785 2846/3994/2743 2851/3995/2748
f 2889/3993/2785 2851/3995/2748 2888/3990/2784
f 2888/3990/2784 2851/3995/2748 2890/3996/2786
f 2888/3990/2784 2890/3996/2786 2885/3987/2781
f 2890/3996/2786 2851/3995/2748 2850/3997/2747
f 2891/3998/2787 2883/3985/2779 2885/3987/2781
f 2891/3998/2787 2885/3987/2781 2892/3999/2788
f 2892/3999/2788 2885/3987/2781 2890/3996/2786
f 2883/3985/2779 2891/3998/2787 2893/4000/2789
f 2893/4000/2789 2891/3998/2787 2892/3999/2788
f 2883/3985/2779 2893/4000/2789 2863/3965/2760
f 2893/4000/2789 2892/3999/2788 2894/4001/2790
f 2893/4000/2789 2894/4001/2790 2863/3965/2760
f 2894/4001/2790 2892/3999/2788 2890/3996/2786
f 2895/4002/2791 2890/3996/2786 2850/3997/2747
f 2895/4002/2791 2850/3997/2747 1787/4003/1741
f 2895/4002/2791 1787/4003/1741 2896/4004/2792
f 2896/4004/2792 1787/4003/1741 1805/4005/1759
f 2896/4004/2792 1805/4005/1759 2895/4002/2791
f 2890/3996/2786 2895/4002/2791 2897/4006/2793
f 2890/3996/2786 2897/4006/2793 2894/4001/2790
f 2897/4006/2793 2895/4002/2791 1805/4005/1759
f 2894/4001/2790 2897/4006/2793 2898/4007/2794
f 2897/4006/2793 1805/4005/1759 2899/4008/2795
f 2897/4006/2793 2899/4008/2795 2898/4007/2794
f 2898/4007/2794 2899/4008/2795 2894/4001/2790
f 2894/4001/2790 2899/4008/2795 2863/3965/2760
f 2899/4008/2795 1805/4005/1759 1804/3962/1758
f 2899/4008/2795 1804/3962/1758 2863/3965/2760
f 1727/4009/1681 1730/4010/1684 2900/4011/2796
f 1727/4009/1681 2900/4011/2796 2755/4012/2653
f 2755/4012/2653 2900/4011/2796 2901/4013/2797
f 2755/4012/2653 2901/4013/2797 2753/4014/2651
f 2753/4014/2651 2901/4013/2797 2816/4015/2713
f 2816/4015/2713 2901/4013/2797 2815/4016/2712
f 2901/4013/2797 2900/4011/2796 2902/4017/2798
f 2902/4017/2798 2900/4011/2796 1730/4010/1684
f 2901/4013/2797 2902/4017/2798 2903/4018/2799
f 2903/4018/2799 2902/4017/2798 2904/4019/2800
f 2904/4019/2800 2902/4017/2798 1730/4010/1684
f 2904/4019/2800 1730/4010/1684 1733/4020/1687
f 2904/4019/2800 1733/4020/1687 2905/4021/2801
f 2905/4021/2801 1733/4020/1687 1734/4022/1688
f 2904/4019/2800 2905/4021/2801 2841/4023/2738
f 2905/4021/2801 1734/4022/1688 2840/4024/2737
f 2905/4021/2801 2840/4024/2737 2841/4023/2738
f 2906/4025/2802 2740/4026/2638 2739/4027/2637
f 2740/4026/2638 2906/4025/2802 2741/4028/2639
f 2906/4025/2802 2739/4027/2637 2742/4029/2640
f 2906/4025/2802 2742/4029/2640 2741/4028/2639
f 2907/4030/14 2366/4031/14 2104/4032/14
f 2366/4031/14 2907/4030/14 2908/4033/14
f 2366/4031/14 2908/4033/14 2059/4034/14
f 2059/4034/14 2908/4033/14 2582/4035/14
f 2582/4035/14 2908/4033/14 2907/4030/14
f 2582/4035/14 2907/4030/14 2909/4036/14
f 2108/4037/1211 2105/4038/14 2106/4039/14
f 2105/4038/14 2108/4037/1211 2910/4040/1956
f 2910/4040/1956 2108/4037/1211 2767/4041/2665
f 2105/4038/14 2910/4040/1956 2911/4042/14
f 2910/4040/1956 2767/4041/2665 2912/4043/2803
f 2912/4043/2803 2767/4041/2665 2913/4044/2804
f 2913/4044/2804 2767/4041/2665 2914/4045/2805
f 2914/4045/2805 2767/4041/2665 2769/4046/2667
f 2914/4045/2805 2769/4046/2667 2913/4044/2804
f 2913/4044/2804 2769/4046/2667 2912/4043/2803
f 2912/4043/2803 2769/4046/2667 2772/4047/2669
f 2912/4043/2803 2772/4047/2669 2915/4048/2806
f 2915/4048/2806 2772/4047/2669 2782/4049/2679
f 2916/4050/2807 2910/4040/1956 2912/4043/2803
f 2910/4040/1956 2916/4050/2807 2911/4042/14
f 2912/4043/2803 2915/4048/2806 2917/4051/2808
f 2912/4043/2803 2917/4051/2808 2916/4050/2807
f 2915/4048/2806 2782/4049/2679 2918/4052/2809
f 2918/4052/2809 2782/4049/2679 2784/4053/2681
f 2918/4052/2809 2784/4053/2681 2919/4054/2810
f 2915/4048/2806 2918/4052/2809 2920/4055/2811
f 2915/4048/2806 2920/4055/2811 2921/4056/2812
f 2921/4056/2812 2920/4055/2811 2918/4052/2809
f 2915/4048/2806 2921/4056/2812 2917/4051/2808
f 2918/4052/2809 2919/4054/2810 2922/4057/2813
f 2918/4052/2809 2922/4057/2813 2921/4056/2812
f 2922/4057/2813 2919/4054/2810 2923/4058/2814
f 2921/4056/2812 2922/4057/2813 2924/4059/2815
f 2924/4059/2815 2922/4057/2813 2923/4058/2814
f 2921/4056/2812 2924/4059/2815 2917/4051/2808
f 2924/4059/2815 2923/4058/2814 2925/4060/2816
f 2925/4060/2816 2923/4058/2814 2926/4061/2817
f 2917/4051/2808 2924/4059/2815 2927/4062/2818
f 2927/4062/2818 2924/4059/2815 2925/4060/2816
f 2917/4051/2808 2927/4062/2818 2928/4063/1950
f 2925/4060/2816 2926/4061/2817 2929/4064/2819
f 2929/4064/2819 2926/4061/2817 2930/4065/2820
f 2929/4064/2819 2930/4065/2820 2931/4066/2821
f 2929/4064/2819 2931/4066/2821 2925/4060/2816
f 2931/4066/2821 2930/4065/2820 2932/4067/2822
f 2931/4066/2821 2932/4067/2822 2933/4068/2823
f 2933/4068/2823 2932/4067/2822 2911/4042/14
f 2931/4066/2821 2933/4068/2823 2934/4069/2824
f 2934/4069/2824 2933/4068/2823 2911/4042/14
f 2925/4060/2816 2931/4066/2821 2935/4070/2825
f 2935/4070/2825 2931/4066/2821 2934/4069/2824
f 2936/4071/2826 2927/4062/2818 2925/4060/2816
f 2936/4071/2826 2925/4060/2816 2935/4070/2825
f 2927/4062/2818 2936/4071/2826 2928/4063/1950
f 2934/4069/2824 2911/4042/14 2937/4072/2827
f 2935/4070/2825 2934/4069/2824 2938/4073/2828
f 2935/4070/2825 2938/4073/2828 2936/4071/2826
f 2938/4073/2828 2934/4069/2824 2937/4072/2827
f 2937/4072/2827 2911/4042/14 2916/4050/2807
f 2928/4063/1950 2916/4050/2807 2917/4051/2808
f 2938/4073/2828 2937/4072/2827 2939/4074/2829
f 2938/4073/2828 2939/4074/2829 2936/4071/2826
f 2939/4074/2829 2937/4072/2827 2916/4050/2807
f 2936/4071/2826 2939/4074/2829 2928/4063/1950
f 2939/4074/2829 2916/4050/2807 2940/4075/2830
f 2940/4075/2830 2916/4050/2807 2928/4063/1950
f 2940/4075/2830 2928/4063/1950 2939/4074/2829
f 2941/4076/14 2061/4077/14 2060/4078/14
f 2061/4077/14 2941/4076/14 2063/4079/14
f 2941/4076/14 2060/4078/14 2583/4080/14
f 2583/4080/14 2060/4078/14 2580/4081/14
f 2063/4079/14 2941/4076/14 2942/4082/14
f 2063/4079/14 2942/4082/14 2062/4083/14
f 2062/4083/14 2942/4082/14 2943/4084/14
f 2062/4083/14 2943/4084/14 2064/4085/14
f 2064/4085/14 2943/4084/14 2266/4086/14
f 2266/4086/14 2943/4084/14 2737/4087/2635
f 2737/4087/2635 2943/4084/14 2944/4088/14
f 2737/4087/2635 2944/4088/14 2945/4089/2831
f 2737/4087/2635 2945/4089/2831 2946/4090/2832
f 2946/4090/2832 2945/4089/2831 2947/4091/2833
f 2946/4090/2832 2947/4091/2833 2948/4092/2834
f 2838/4093/2735 2679/4094/2579 2854/4095/2751
f 2854/4095/2751 2679/4094/2579 2681/4096/2581
f 2854/4095/2751 2681/4096/2581 2949/4097/2835
f 2854/4095/2751 2949/4097/2835 2855/4098/2752
f 2949/4097/2835 2681/4096/2581 2683/4099/2583
f 2683/4099/2583 2681/4096/2581 2680/4100/2580
f 2855/4098/2752 2949/4097/2835 2950/4101/1354
f 2950/4101/1354 2949/4097/2835 2683/4099/2583
f 2855/4098/2752 2950/4101/1354 2856/4102/2753
f 2950/4101/1354 2683/4099/2583 2951/4103/2836
f 2856/4102/2753 2950/4101/1354 2952/4104/2837
f 2856/4102/2753 2952/4104/2837 2858/4105/2755
f 2858/4105/2755 2952/4104/2837 2867/4106/2763
f 2950/4101/1354 2951/4103/2836 2953/4107/2838
f 2950/4101/1354 2953/4107/2838 2952/4104/2837
f 2951/4103/2836 2683/4099/2583 2954/4108/2839
f 2951/4103/2836 2954/4108/2839 2953/4107/2838
f 2954/4108/2839 2683/4099/2583 2665/4109/2567
f 2953/4107/2838 2954/4108/2839 2955/4110/2840
f 2953/4107/2838 2955/4110/2840 2952/4104/2837
f 2954/4108/2839 2665/4109/2567 2662/4111/2564
f 2954/4108/2839 2662/4111/2564 2955/4110/2840
f 2955/4110/2840 2662/4111/2564 2952/4104/2837
f 2956/4112/2841 2867/4106/2763 2952/4104/2837
f 2867/4106/2763 2956/4112/2841 2957/4113/2842
f 2952/4104/2837 2662/4111/2564 2958/4114/2843
f 2952/4104/2837 2958/4114/2843 2956/4112/2841
f 2956/4112/2841 2958/4114/2843 2957/4113/2842
f 2958/4114/2843 2662/4111/2564 2660/4115/2564
f 2958/4114/2843 2660/4115/2564 2957/4113/2842
f 2957/4113/2842 2660/4115/2564 2959/4116/2844
f 2959/4116/2844 2660/4115/2564 2960/4117/2845
f 2960/4117/2845 2660/4115/2564 2961/4118/2846
f 2841/4119/2738 2842/4120/2739 2904/4121/2800
f 2904/4121/2800 2842/4120/2739 2962/4122/2847
f 2962/4122/2847 2842/4120/2739 2963/4123/2848
f 2963/4123/2848 2842/4120/2739 2845/4124/2742
f 2904/4121/2800 2962/4122/2847 2964/4125/2849
f 2904/4121/2800 2964/4125/2849 2965/4126/2850
f 2904/4121/2800 2965/4126/2850 2903/4127/2799
f 2903/4127/2799 2965/4126/2850 2966/4128/2851
f 2966/4128/2851 2965/4126/2850 2964/4125/2849
f 2903/4127/2799 2966/4128/2851 2901/4129/2797
f 2901/4129/2797 2966/4128/2851 2815/4130/2712
f 2815/4130/2712 2966/4128/2851 2967/4131/2852
f 2966/4128/2851 2964/4125/2849 2968/4132/2853
f 2966/4128/2851 2968/4132/2853 2967/4131/2852
f 2968/4132/2853 2964/4125/2849 2962/4122/2847
f 2967/4131/2852 2968/4132/2853 2969/4133/2854
f 2967/4131/2852 2969/4133/2854 2970/4134/2855
f 2968/4132/2853 2962/4122/2847 2971/4135/2856
f 2971/4135/2856 2962/4122/2847 2963/4123/2848
f 2970/4134/2855 2969/4133/2854 2972/4136/2857
f 2970/4134/2855 2972/4136/2857 2973/4137/2858
f 2972/4136/2857 2969/4133/2854 2974/4138/2859
f 2974/4138/2859 2969/4133/2854 2975/4139/2860
f 2976/4140/2861 2969/4133/2854 2968/4132/2853
f 2976/4140/2861 2968/4132/2853 2971/4135/2856
f 2976/4140/2861 2971/4135/2856 2977/4141/2862
f 2969/4133/2854 2976/4140/2861 2978/4142/2863
f 2978/4142/2863 2976/4140/2861 2977/4141/2862
f 2975/4139/2860 2969/4133/2854 2979/4143/2864
f 2979/4143/2864 2969/4133/2854 2978/4142/2863
f 2975/4139/2860 2979/4143/2864 2980/4144/2865
f 2975/4139/2860 2980/4144/2865 2981/4145/2866
f 2979/4143/2864 2978/4142/2863 2982/4146/2867
f 2979/4143/2864 2982/4146/2867 2980/4144/2865
f 2978/4142/2863 2977/4141/2862 2983/4147/2868
f 2983/4147/2868 2977/4141/2862 2971/4135/2856
f 2982/4146/2867 2978/4142/2863 2984/4148/2869
f 2984/4148/2869 2978/4142/2863 2983/4147/2868
f 2980/4144/2865 2982/4146/2867 2985/4149/2870
f 2980/4144/2865 2985/4149/2870 2986/4150/244
f 2986/4150/244 2985/4149/2870 2987/4151/2871
f 2985/4149/2870 2982/4146/2867 2988/4152/2872
f 2988/4152/2872 2982/4146/2867 2984/4148/2869
f 2987/4151/2871 2985/4149/2870 2989/4153/2873
f 2989/4153/2873 2985/4149/2870 2988/4152/2872
f 2987/4151/2871 2989/4153/2873 2990/4154/2874
f 2988/4152/2872 2984/4148/2869 2991/4155/2875
f 2988/4152/2872 2991/4155/2875 2992/4156/2876
f 2988/4152/2872 2992/4156/2876 2993/4157/2877
f 2988/4152/2872 2993/4157/2877 2989/4153/2873
f 2989/4153/2873 2993/4157/2877 2994/4158/2878
f 2887/4159/2783 2984/4148/2869 2983/4147/2868
f 2887/4159/2783 2983/4147/2868 2995/4160/2879
f 2995/4160/2879 2983/4147/2868 2971/4135/2856
f 2995/4160/2879 2971/4135/2856 2963/4123/2848
f 2887/4159/2783 2995/4160/2879 2996/4161/2880
f 2887/4159/2783 2996/4161/2880 2845/4124/2742
f 2845/4124/2742 2996/4161/2880 2963/4123/2848
f 2996/4161/2880 2995/4160/2879 2997/4162/2881
f 2997/4162/2881 2995/4160/2879 2963/4123/2848
f 2997/4162/2881 2963/4123/2848 2996/4161/2880
f 2735/4163/2633 2998/4164/2882 2728/4165/2627
f 2728/4165/2627 2998/4164/2882 2727/4166/2626
f 2727/4166/2626 2998/4164/2882 2735/4163/2633
f 2727/4166/2626 2735/4163/2633 2724/4167/2623
f 2724/4167/2623 2735/4163/2633 2730/4168/2628
f 2730/4168/2628 2735/4163/2633 2999/4169/2883
f 2946/4170/2832 2735/4163/2633 2737/4171/2635
f 2735/4163/2633 2946/4170/2832 2999/4169/2883
f 2730/4168/2628 2999/4169/2883 3000/4172/2884
f 2730/4168/2628 3000/4172/2884 2732/4173/2630
f 2732/4173/2630 3000/4172/2884 2533/4174/2446
f 3000/4172/2884 2999/4169/2883 3001/4175/2885
f 2533/4174/2446 3000/4172/2884 3002/4176/2886
f 2533/4174/2446 3002/4176/2886 2529/4177/2442
f 2529/4177/2442 3002/4176/2886 2530/4178/2443
f 3002/4176/2886 3000/4172/2884 3003/4179/1073
f 3002/4176/2886 3003/4179/1073 2530/4178/2443
f 3000/4172/2884 3001/4175/2885 3004/4180/2887
f 3000/4172/2884 3004/4180/2887 3003/4179/1073
f 3005/4181/2888 3001/4175/2885 2999/4169/2883
f 3001/4175/2885 3005/4181/2888 3004/4180/2887
f 2535/4182/2448 2531/4183/2444 2530/4178/2443
f 2535/4182/2448 2530/4178/2443 3006/4184/2889
f 3006/4184/2889 2530/4178/2443 3003/4179/1073
f 3003/4179/1073 3004/4180/2887 3007/4185/2890
f 3007/4185/2890 3004/4180/2887 3005/4181/2888
f 3003/4179/1073 3007/4185/2890 3006/4184/2889
f 3008/4186/2891 3005/4181/2888 2999/4169/2883
f 3008/4186/2891 2999/4169/2883 2946/4170/2832
f 3007/4185/2890 3005/4181/2888 3009/4187/2892
f 3009/4187/2892 3005/4181/2888 3008/4186/2891
f 3006/4184/2889 3007/4185/2890 3010/4188/2893
f 3010/4188/2893 3007/4185/2890 3009/4187/2892
f 3006/4184/2889 3010/4188/2893 3011/4189/2894
f 3006/4184/2889 3011/4189/2894 3012/4190/2895
f 3012/4190/2895 3011/4189/2894 3013/4191/2896
f 3011/4189/2894 3010/4188/2893 3014/4192/2897
f 3011/4189/2894 3014/4192/2897 3013/4191/2896
f 3014/4192/2897 3010/4188/2893 3009/4187/2892
f 3013/4191/2896 3014/4192/2897 3015/4193/2898
f 3014/4192/2897 3009/4187/2892 3016/4194/2899
f 3013/4191/2896 3015/4193/2898 2537/4195/2450
f 3013/4191/2896 2537/4195/2450 2536/4196/2449
f 2537/4195/2450 3015/4193/2898 3017/4197/2900
f 3016/4194/2899 3009/4187/2892 3018/4198/2901
f 3016/4194/2899 3018/4198/2901 3019/4199/2902
f 3019/4199/2902 3018/4198/2901 3020/4200/2903
f 3018/4198/2901 3009/4187/2892 3021/4201/2904
f 3021/4201/2904 3009/4187/2892 3008/4186/2891
f 3020/4200/2903 3018/4198/2901 2947/4202/2833
f 2947/4202/2833 3018/4198/2901 3021/4201/2904
f 3020/4200/2903 2947/4202/2833 2945/4203/2831
f 3021/4201/2904 3008/4186/2891 3022/4204/2905
f 3021/4201/2904 3022/4204/2905 2947/4202/2833
f 3022/4204/2905 3008/4186/2891 2946/4170/2832
f 2947/4202/2833 3022/4204/2905 2948/4205/2834
f 2948/4205/2834 3022/4204/2905 2946/4170/2832
f 2801/4206/2698 3023/4207/2906 3024/4208/2907
f 2801/4206/2698 3024/4208/2907 2800/4209/2697
f 2800/4209/2697 3024/4208/2907 3025/4210/2908
f 3025/4210/2908 3024/4208/2907 3023/4207/2906
f 3023/4207/2906 2801/4206/2698 3026/4211/1042
f 3026/4211/1042 2801/4206/2698 2803/4212/2700
f 3026/4211/1042 2803/4212/2700 2809/4213/2706
f 3023/4207/2906 3026/4211/1042 3027/4214/2909
f 3023/4207/2906 3027/4214/2909 3025/4210/2908
f 3026/4211/1042 2809/4213/2706 3028/4215/2910
f 3026/4211/1042 3028/4215/2910 3027/4214/2909
f 3025/4210/2908 3027/4214/2909 3029/4216/2911
f 3029/4216/2911 3027/4214/2909 3028/4215/2910
f 3025/4210/2908 3029/4216/2911 3030/4217/2912
f 3028/4215/2910 2809/4213/2706 3031/4218/2913
f 3025/4210/2908 3030/4217/2912 3032/4219/2914
f 3031/4218/2913 2809/4213/2706 3033/4220/2915
f 3029/4216/2911 3028/4215/2910 3034/4221/2916
f 3029/4216/2911 3034/4221/2916 3030/4217/2912
f 3028/4215/2910 3031/4218/2913 3035/4222/2771
f 3035/4222/2771 3031/4218/2913 3033/4220/2915
f 3028/4215/2910 3035/4222/2771 3034/4221/2916
f 3036/4223/2917 3033/4220/2915 3037/4224/2918
f 3033/4220/2915 3036/4223/2917 3038/4225/2919
f 3033/4220/2915 3038/4225/2919 3035/4222/2771
f 3035/4222/2771 3038/4225/2919 3039/4226/2920
f 3035/4222/2771 3039/4226/2920 3040/4227/2921
f 3040/4227/2921 3039/4226/2920 3041/4228/2922
f 3040/4227/2921 3041/4228/2922 3035/4222/2771
f 3035/4222/2771 3041/4228/2922 3042/4229/2923
f 3042/4229/2923 3041/4228/2922 3043/4230/2924
f 3042/4229/2923 3043/4230/2924 3035/4222/2771
f 3043/4230/2924 3041/4228/2922 3044/4231/2925
f 3045/4232/2926 3034/4221/2916 3035/4222/2771
f 3045/4232/2926 3035/4222/2771 3043/4230/2924
f 3034/4221/2916 3045/4232/2926 3030/4217/2912
f 3030/4217/2912 3045/4232/2926 3046/4233/2927
f 3046/4233/2927 3045/4232/2926 3043/4230/2924
f 3030/4217/2912 3046/4233/2927 3047/4234/2928
f 3047/4234/2928 3046/4233/2927 3043/4230/2924
f 3030/4217/2912 3047/4234/2928 3032/4219/2914
f 3048/4235/2929 3043/4230/2924 3044/4231/2925
f 3048/4235/2929 3044/4231/2925 3049/4236/2930
f 3047/4234/2928 3043/4230/2924 3050/4237/2931
f 3047/4234/2928 3050/4237/2931 3032/4219/2914
f 3050/4237/2931 3043/4230/2924 3048/4235/2929
f 3032/4219/2914 3050/4237/2931 3051/4238/2932
f 3051/4238/2932 3050/4237/2931 3048/4235/2929
f 2784/4239/2681 2785/4240/2682 3052/4241/2933
f 2784/4239/2681 3052/4241/2933 2919/4242/2810
f 3052/4241/2933 2785/4240/2682 3053/4243/2934
f 3052/4241/2933 3053/4243/2934 2919/4242/2810
f 3053/4243/2934 2785/4240/2682 2788/4244/2685
f 2919/4242/2810 3053/4243/2934 2923/4245/2814
f 3053/4243/2934 2788/4244/2685 2792/4246/2689
f 2923/4245/2814 3053/4243/2934 3054/4247/2935
f 3053/4243/2934 2792/4246/2689 3055/4248/2936
f 3053/4243/2934 3055/4248/2936 3054/4247/2935
f 3055/4248/2936 2792/4246/2689 2796/4249/2693
f 2923/4245/2814 3054/4247/2935 3056/4250/2937
f 2923/4245/2814 3056/4250/2937 2926/4251/2817
f 2926/4251/2817 3056/4250/2937 3054/4247/2935
f 3055/4248/2936 2796/4249/2693 3057/4252/2938
f 3057/4252/2938 2796/4249/2693 3058/4253/2939
f 3058/4253/2939 2796/4249/2693 2800/4254/2697
f 3058/4253/2939 2800/4254/2697 3025/4255/2908
f 3058/4253/2939 3025/4255/2908 3057/4252/2938
f 3057/4252/2938 3025/4255/2908 3055/4248/2936
f 3059/4256/2940 3025/4255/2908 3032/4257/2914
f 3025/4255/2908 3059/4256/2940 3060/4258/2941
f 3025/4255/2908 3060/4258/2941 3055/4248/2936
f 3055/4248/2936 3060/4258/2941 3061/4259/2942
f 3062/4260/2943 3063/4261/2944 3061/4259/2942
f 3061/4259/2942 3063/4261/2944 3064/4262/2945
f 3061/4259/2942 3064/4262/2945 3055/4248/2936
f 3064/4262/2945 3063/4261/2944 3065/4263/2946
f 3064/4262/2945 3065/4263/2946 3062/4264/2943
f 3055/4248/2936 3064/4262/2945 3066/4265/2947
f 3066/4265/2947 3064/4262/2945 3062/4264/2943
f 3066/4265/2947 3062/4264/2943 3061/4266/2942
f 3066/4265/2947 3061/4266/2942 3060/4267/2941
f 3055/4248/2936 3066/4265/2947 3054/4247/2935
f 3066/4265/2947 3060/4267/2941 3067/4268/2948
f 3054/4247/2935 3066/4265/2947 3068/4269/2949
f 3054/4247/2935 3068/4269/2949 2926/4251/2817
f 3066/4265/2947 3067/4268/2948 3069/4270/2950
f 3066/4265/2947 3069/4270/2950 3068/4269/2949
f 3069/4270/2950 3067/4268/2948 2930/4271/2820
f 2926/4251/2817 3068/4269/2949 3070/4272/2951
f 2926/4251/2817 3070/4272/2951 2930/4271/2820
f 3070/4272/2951 3068/4269/2949 3069/4270/2950
f 3070/4272/2951 3069/4270/2950 2930/4271/2820
f 3071/4273/2952 2873/4274/2769 2867/4275/2763
f 2867/4275/2763 2873/4274/2769 2870/4276/2766
f 3071/4273/2952 2867/4275/2763 2957/4277/2842
f 2873/4274/2769 3071/4273/2952 3072/4278/2953
f 2873/4274/2769 3072/4278/2953 2875/4279/2771
f 3071/4273/2952 2957/4277/2842 3073/4280/2954
f 3072/4278/2953 3071/4273/2952 3074/4281/2955
f 3074/4281/2955 3071/4273/2952 3073/4280/2954
f 3072/4278/2953 3074/4281/2955 3075/4282/2956
f 3075/4282/2956 3074/4281/2955 3073/4280/2954
f 2875/4279/2771 3072/4278/2953 3076/4283/2957
f 3076/4283/2957 3072/4278/2953 3075/4282/2956
f 3076/4283/2957 3075/4282/2956 3073/4280/2954
f 2959/4284/2844 3073/4280/2954 2957/4277/2842
f 3076/4283/2957 3073/4280/2954 3077/4285/2958
f 3076/4283/2957 3077/4285/2958 3078/4286/2959
f 3076/4283/2957 3078/4286/2959 3079/4287/2960
f 3079/4287/2960 3078/4286/2959 3077/4285/2958
f 3073/4280/2954 2959/4284/2844 3080/4288/448
f 3073/4280/2954 3080/4288/448 3077/4285/2958
f 3080/4288/448 2959/4284/2844 3081/4289/2961
f 3079/4287/2960 3077/4285/2958 3082/4290/2962
f 3081/4289/2961 2959/4284/2844 2960/4291/2845
f 3081/4289/2961 2960/4291/2845 3083/4292/2963
f 3077/4285/2958 3080/4288/448 3084/4293/2964
f 3085/4294/2965 2960/4291/2845 2961/4295/2846
f 3080/4288/448 3081/4289/2961 3086/4296/2966
f 3080/4288/448 3086/4296/2966 3084/4293/2964
f 3081/4289/2961 3083/4292/2963 3087/4297/2967
f 3081/4289/2961 3087/4297/2967 3086/4296/2966
f 3083/4292/2963 2960/4291/2845 3088/4298/2968
f 3083/4292/2963 3088/4298/2968 3087/4297/2967
f 3088/4298/2968 2960/4291/2845 3085/4294/2965
f 3088/4298/2968 3085/4294/2965 3089/4299/405
f 3089/4299/405 3085/4294/2965 3090/4300/2969
f 3087/4297/2967 3088/4298/2968 3091/4301/2970
f 3091/4301/2970 3088/4298/2968 3092/4302/2971
f 3091/4301/2970 3092/4302/2971 3093/4303/2972
f 3091/4301/2970 3093/4303/2972 3094/4304/2973
f 3094/4304/2973 3093/4303/2972 3095/4305/2974
f 3087/4297/2967 3091/4301/2970 3096/4306/2975
f 3087/4297/2967 3096/4306/2975 3086/4296/2966
f 3091/4301/2970 3094/4304/2973 3097/4307/2976
f 3091/4301/2970 3097/4307/2976 3096/4306/2975
f 3097/4307/2976 3094/4304/2973 3095/4305/2974
f 3086/4296/2966 3096/4306/2975 3098/4308/2977
f 3098/4308/2977 3096/4306/2975 3097/4307/2976
f 3086/4296/2966 3098/4308/2977 3084/4293/2964
f 3098/4308/2977 3097/4307/2976 3099/4309/2978
f 3084/4293/2964 3098/4308/2977 3100/4310/2979
f 3098/4308/2977 3099/4309/2978 3101/4311/2980
f 3098/4308/2977 3101/4311/2980 3100/4310/2979
f 3084/4293/2964 3100/4310/2979 3102/4312/2981
f 3102/4312/2981 3100/4310/2979 3101/4311/2980
f 3084/4293/2964 3102/4312/2981 3077/4285/2958
f 3077/4285/2958 3102/4312/2981 3082/4290/2962
f 3082/4290/2962 3102/4312/2981 3101/4311/2980
f 3103/4313/2982 3099/4309/2978 3097/4307/2976
f 3099/4309/2978 3103/4313/2982 3101/4311/2980
f 3104/4314/2983 3097/4307/2976 3095/4305/2974
f 3097/4307/2976 3104/4314/2983 3103/4313/2982
f 3104/4314/2983 3095/4305/2974 3105/4315/2984
f 3105/4315/2984 3095/4305/2974 3106/4316/2985
f 3104/4314/2983 3105/4315/2984 3107/4317/2986
f 3107/4317/2986 3105/4315/2984 3106/4316/2985
f 3107/4317/2986 3106/4316/2985 3108/4318/2987
f 3108/4318/2987 3106/4316/2985 3109/4319/2988
f 3104/4314/2983 3107/4317/2986 3110/4320/2989
f 3110/4320/2989 3107/4317/2986 3108/4318/2987
f 3110/4320/2989 3108/4318/2987 3109/4319/2988
f 3104/4314/2983 3110/4320/2989 3103/4313/2982
f 3110/4320/2989 3109/4319/2988 3111/4321/2990
f 3103/4313/2982 3110/4320/2989 3112/4322/2991
f 3113/4323/2992 3101/4311/2980 3103/4313/2982
f 3113/4323/2992 3103/4313/2982 3114/4324/1642
f 3113/4323/2992 3114/4324/1642 3115/4325/2993
f 3101/4311/2980 3113/4323/2992 3116/4326/2994
f 3101/4311/2980 3116/4326/2994 3082/4290/2962
f 3113/4323/2992 3115/4325/2993 3117/4327/2995
f 3113/4323/2992 3117/4327/2995 3116/4326/2994
f 3117/4327/2995 3115/4325/2993 2994/4328/2878
f 2994/4328/2878 3115/4325/2993 3118/4329/2996
f 2994/4328/2878 3118/4329/2996 2989/4330/2873
f 3117/4327/2995 2994/4328/2878 2993/4331/2877
f 3082/4290/2962 3116/4326/2994 3119/4332/2997
f 3116/4326/2994 3117/4327/2995 3120/4333/2998
f 3116/4326/2994 3120/4333/2998 3119/4332/2997
f 3082/4290/2962 3119/4332/2997 3079/4287/2960
f 3120/4333/2998 3117/4327/2995 3121/4334/2999
f 3121/4334/2999 3117/4327/2995 2993/4331/2877
f 3120/4333/2998 3121/4334/2999 3119/4332/2997
f 3121/4334/2999 2993/4331/2877 3122/4335/3000
f 3122/4335/3000 2993/4331/2877 3123/4336/3001
f 3121/4334/2999 3122/4335/3000 3124/4337/3002
f 3124/4337/3002 3122/4335/3000 3123/4336/3001
f 3121/4334/2999 3124/4337/3002 3119/4332/2997
f 3125/4338/3003 3079/4287/2960 3119/4332/2997
f 3125/4338/3003 3119/4332/2997 3124/4337/3002
f 3125/4338/3003 3124/4337/3002 3123/4336/3001
f 3125/4338/3003 3123/4336/3001 3126/4339/940
f 3125/4338/3003 3126/4339/940 3127/4340/3004
f 3128/4341/14 2104/4342/14 2105/4343/14
f 2104/4342/14 3128/4341/14 2907/4344/14
f 3128/4341/14 2105/4343/14 2911/4345/14
f 2880/4346/2776 3129/4347/3005 3130/4348/3006
f 3130/4348/3006 3129/4347/3005 3126/4349/940
f 3130/4348/3006 3126/4349/940 3123/4350/3001
f 3126/4349/940 3129/4347/3005 3127/4351/3004
f 3127/4351/3004 3129/4347/3005 2880/4346/2776
f 2993/4352/2877 2992/4353/2876 3123/4350/3001
f 3123/4350/3001 2992/4353/2876 3131/4354/3007
f 3123/4350/3001 3131/4354/3007 3130/4348/3006
f 3131/4354/3007 2992/4353/2876 2991/4355/2875
f 3130/4348/3006 3131/4354/3007 3132/4356/3008
f 3132/4356/3008 3131/4354/3007 2991/4355/2875
f 3130/4348/3006 3132/4356/3008 2880/4346/2776
f 2880/4346/2776 3132/4356/3008 2991/4355/2875
f 2880/4346/2776 2991/4355/2875 2984/4357/2869
f 2880/4346/2776 2984/4357/2869 2887/4358/2783
f 2875/4359/2771 3127/4351/3004 2880/4346/2776
f 3127/4351/3004 2875/4359/2771 3079/4360/2960
f 3127/4351/3004 3079/4360/2960 3125/4361/3003
f 3079/4360/2960 2875/4359/2771 3076/4362/2957
f 3133/4363/3009 3016/4364/2899 3019/4365/2902
f 3016/4364/2899 3133/4363/3009 3014/4366/2897
f 3133/4363/3009 3019/4365/2902 3134/4367/3010
f 3134/4367/3010 3019/4365/2902 3020/4368/2903
f 3134/4367/3010 3020/4368/2903 2945/4369/2831
f 3134/4367/3010 2945/4369/2831 3135/4370/3011
f 3133/4363/3009 3134/4367/3010 3136/4371/3012
f 3136/4371/3012 3134/4367/3010 3135/4370/3011
f 3135/4370/3011 2945/4369/2831 3137/4372/3013
f 3135/4370/3011 3137/4372/3013 3136/4371/3012
f 3137/4372/3013 2945/4369/2831 2944/4373/14
f 3137/4372/3013 2944/4373/14 3138/4374/3014
f 3137/4372/3013 3138/4374/3014 3136/4371/3012
f 3138/4374/3014 2944/4373/14 3139/4375/3015
f 3133/4363/3009 3136/4371/3012 3140/4376/3016
f 3140/4376/3016 3136/4371/3012 3138/4374/3014
f 3133/4363/3009 3140/4376/3016 3014/4366/2897
f 3140/4376/3016 3138/4374/3014 3141/4377/3017
f 3140/4376/3016 3141/4377/3017 3017/4378/2900
f 3140/4376/3016 3017/4378/2900 3015/4379/2898
f 3014/4366/2897 3140/4376/3016 3142/4380/3018
f 3014/4366/2897 3142/4380/3018 3015/4379/2898
f 3015/4379/2898 3142/4380/3018 3140/4376/3016
f 3143/4381/3019 3144/4382/3020 2564/4383/2477
f 3143/4381/3019 2564/4383/2477 3145/4384/3021
f 3145/4384/3021 2564/4383/2477 2563/4385/2476
f 3145/4384/3021 2563/4385/2476 2558/4386/2471
f 2564/4383/2477 3144/4382/3020 2571/4387/2484
f 3145/4384/3021 2558/4386/2471 3146/4388/3022
f 3145/4384/3021 3146/4388/3022 3143/4381/3019
f 3146/4388/3022 2558/4386/2471 3147/4389/3023
f 3143/4381/3019 3146/4388/3022 3148/4390/3024
f 3148/4390/3024 3146/4388/3022 3147/4389/3023
f 3147/4389/3023 2558/4386/2471 2555/4391/2468
f 3143/4381/3019 3148/4390/3024 3149/4392/3025
f 3143/4381/3019 3149/4392/3025 3150/4393/3026
f 3150/4393/3026 3149/4392/3025 3148/4390/3024
f 3151/4394/3027 3144/4382/3020 3143/4381/3019
f 3151/4394/3027 3143/4381/3019 3150/4393/3026
f 3150/4393/3026 3148/4390/3024 3152/4395/3028
f 3151/4394/3027 3150/4393/3026 3153/4396/3029
f 3153/4396/3029 3150/4393/3026 3152/4395/3028
f 3152/4395/3028 3148/4390/3024 3154/4397/3030
f 3154/4397/3030 3148/4390/3024 3147/4389/3023
f 3152/4395/3028 3154/4397/3030 3153/4396/3029
f 3154/4397/3030 3147/4389/3023 3155/4398/3031
f 3155/4398/3031 3147/4389/3023 2555/4391/2468
f 3153/4396/3029 3154/4397/3030 3156/4399/3032
f 3156/4399/3032 3154/4397/3030 3155/4398/3031
f 3155/4398/3031 2555/4391/2468 3157/4400/3033
f 3157/4400/3033 2555/4391/2468 3158/4401/3034
f 3155/4398/3031 3157/4400/3033 3159/4402/3035
f 3159/4402/3035 3157/4400/3033 3158/4401/3034
f 3155/4398/3031 3159/4402/3035 3160/4403/3036
f 3155/4398/3031 3160/4403/3036 3156/4399/3032
f 3160/4403/3036 3159/4402/3035 3161/4404/3037
f 3156/4399/3032 3160/4403/3036 3162/4405/3038
f 3162/4405/3038 3160/4403/3036 3161/4404/3037
f 3161/4404/3037 3159/4402/3035 3163/4406/3039
f 3156/4399/3032 3162/4405/3038 3164/4407/3040
f 3159/4402/3035 3158/4401/3034 3165/4408/3041
f 3159/4402/3035 3165/4408/3041 3163/4406/3039
f 3166/4409/3042 3158/4401/3034 2555/4391/2468
f 3166/4409/3042 2555/4391/2468 2551/4410/2464
f 3158/4401/3034 3166/4409/3042 3167/4411/3043
f 3166/4409/3042 2551/4410/2464 2547/4412/2460
f 2547/4412/2460 2551/4410/2464 2548/4413/2461
f 3167/4411/3043 3166/4409/3042 3168/4414/3044
f 3168/4414/3044 3166/4409/3042 2547/4412/2460
f 3158/4401/3034 3167/4411/3043 3169/4415/3045
f 3158/4401/3034 3169/4415/3045 3165/4408/3041
f 3169/4415/3045 3167/4411/3043 3168/4414/3044
f 3165/4408/3041 3169/4415/3045 3170/4416/3046
f 3165/4408/3041 3170/4416/3046 3163/4406/3039
f 3170/4416/3046 3169/4415/3045 3171/4417/3047
f 3171/4417/3047 3169/4415/3045 3168/4414/3044
f 3163/4406/3039 3170/4416/3046 3172/4418/3048
f 3170/4416/3046 3171/4417/3047 3173/4419/3049
f 3170/4416/3046 3173/4419/3049 3172/4418/3048
f 3173/4419/3049 3171/4417/3047 3174/4420/3050
f 3174/4420/3050 3171/4417/3047 3168/4414/3044
f 3172/4418/3048 3173/4419/3049 3175/4421/3051
f 3175/4421/3051 3173/4419/3049 3176/4422/3052
f 3175/4421/3051 3176/4422/3052 3177/4423/3053
f 3175/4421/3051 3177/4423/3053 3172/4418/3048
f 3172/4418/3048 3177/4423/3053 3178/4424/3054
f 3178/4424/3054 3177/4423/3053 3179/4425/3055
f 3172/4418/3048 3178/4424/3054 3180/4426/3056
f 3172/4418/3048 3180/4426/3056 3163/4406/3039
f 3178/4424/3054 3179/4425/3055 3181/4427/3057
f 3178/4424/3054 3181/4427/3057 3180/4426/3056
f 3181/4427/3057 3179/4425/3055 3182/4428/3058
f 3181/4427/3057 3182/4428/3058 3183/4429/3059
f 3181/4427/3057 3183/4429/3059 3180/4426/3056
f 3180/4426/3056 3183/4429/3059 3182/4428/3058
f 3163/4406/3039 3180/4426/3056 3184/4430/3060
f 3163/4406/3039 3184/4430/3060 3161/4404/3037
f 3180/4426/3056 3182/4428/3058 3185/4431/3061
f 3185/4431/3061 3182/4428/3058 3186/4432/3062
f 3185/4431/3061 3186/4432/3062 3187/4433/3063
f 3180/4426/3056 3185/4431/3061 3188/4434/3064
f 3180/4426/3056 3188/4434/3064 3184/4430/3060
f 3185/4431/3061 3187/4433/3063 3189/4435/3065
f 3185/4431/3061 3189/4435/3065 3188/4434/3064
f 3189/4435/3065 3187/4433/3063 3190/4436/3066
f 3184/4430/3060 3188/4434/3064 3191/4437/3067
f 3192/4438/3068 3161/4404/3037 3184/4430/3060
f 3192/4438/3068 3184/4430/3060 3191/4437/3067
f 3161/4404/3037 3192/4438/3068 3162/4405/3038
f 3191/4437/3067 3188/4434/3064 3193/4439/3069
f 3193/4439/3069 3188/4434/3064 3189/4435/3065
f 3191/4437/3067 3193/4439/3069 3192/4438/3068
f 3194/4440/3070 3189/4435/3065 3190/4436/3066
f 3189/4435/3065 3194/4440/3070 3193/4439/3069
f 3194/4440/3070 3190/4436/3066 3195/4441/3071
f 3192/4438/3068 3193/4439/3069 3196/4442/3072
f 3196/4442/3072 3193/4439/3069 3194/4440/3070
f 3194/4440/3070 3195/4441/3071 3197/4443/3073
f 3194/4440/3070 3197/4443/3073 3196/4442/3072
f 3197/4443/3073 3195/4441/3071 3198/4444/1909
f 3192/4438/3068 3196/4442/3072 3199/4445/3074
f 3200/4446/3075 3162/4405/3038 3192/4438/3068
f 3200/4446/3075 3192/4438/3068 3199/4445/3074
f 3162/4405/3038 3200/4446/3075 3164/4407/3040
f 3199/4445/3074 3196/4442/3072 3201/4447/3076
f 3199/4445/3074 3201/4447/3076 3200/4446/3075
f 3201/4447/3076 3196/4442/3072 3197/4443/3073
f 3164/4407/3040 3200/4446/3075 3202/4448/3077
f 3202/4448/3077 3200/4446/3075 3201/4447/3076
f 3202/4448/3077 3201/4447/3076 3203/4449/3078
f 3203/4449/3078 3201/4447/3076 3197/4443/3073
f 3202/4448/3077 3203/4449/3078 3204/4450/3079
f 3202/4448/3077 3204/4450/3079 3205/4451/3080
f 3202/4448/3077 3205/4451/3080 3164/4407/3040
f 3203/4449/3078 3197/4443/3073 3206/4452/3081
f 3206/4452/3081 3197/4443/3073 3207/4453/794
f 3164/4407/3040 3205/4451/3080 3208/4454/3082
f 3207/4453/794 3197/4443/3073 3209/4455/3083
f 3164/4407/3040 3208/4454/3082 3156/4399/3032
f 3209/4455/3083 3197/4443/3073 3210/4456/3084
f 3209/4455/3083 3210/4456/3084 3207/4453/794
f 3210/4456/3084 3197/4443/3073 3198/4444/1909
f 3207/4453/794 3210/4456/3084 3211/4457/3085
f 3211/4457/3085 3210/4456/3084 3212/4458/3086
f 3211/4457/3085 3212/4458/3086 3213/4459/3087
f 3214/4460/3088 3208/4454/3082 3205/4451/3080
f 3208/4454/3082 3214/4460/3088 3215/4461/3089
f 3215/4461/3089 3214/4460/3088 3216/4462/3090
f 3217/4463/3091 3156/4399/3032 3208/4454/3082
f 3156/4399/3032 3217/4463/3091 3153/4396/3029
f 3217/4463/3091 3208/4454/3082 3218/4464/3092
f 3218/4464/3092 3208/4454/3082 3215/4461/3089
f 3218/4464/3092 3215/4461/3089 3153/4396/3029
f 3217/4463/3091 3218/4464/3092 3219/4465/3093
f 3217/4463/3091 3219/4465/3093 3153/4396/3029
f 3153/4396/3029 3219/4465/3093 3218/4464/3092
f 3153/4396/3029 3215/4461/3089 3151/4394/3027
f 3220/4466/3094 3215/4461/3089 3216/4462/3090
f 3215/4461/3089 3220/4466/3094 3151/4394/3027
f 3151/4394/3027 3220/4466/3094 3144/4382/3020
f 3144/4382/3020 3220/4466/3094 3221/4467/3095
f 3221/4467/3095 3220/4466/3094 3222/4468/3096
f 3221/4467/3095 3222/4468/3096 2616/4469/2523
f 3144/4382/3020 3221/4467/3095 2571/4387/2484
f 3221/4467/3095 2616/4469/2523 2600/4470/2507
f 2572/4471/2485 2571/4387/2484 2600/4470/2507
f 2571/4387/2484 3221/4467/3095 3223/4472/3097
f 3223/4472/3097 3221/4467/3095 2600/4470/2507
f 3223/4472/3097 2600/4470/2507 2571/4387/2484
f 3224/4473/3098 2814/4474/2711 2815/4475/2712
f 3224/4473/3098 2815/4475/2712 2967/4476/2852
f 2814/4474/2711 3224/4473/3098 3225/4477/3099
f 2814/4474/2711 3225/4477/3099 2809/4478/2706
f 3224/4473/3098 2967/4476/2852 3226/4479/3100
f 3226/4479/3100 2967/4476/2852 2970/4480/2855
f 3226/4479/3100 2970/4480/2855 3227/4481/3101
f 3226/4479/3100 3227/4481/3101 3228/4482/3102
f 2809/4478/2706 3225/4477/3099 3229/4483/3103
f 2809/4478/2706 3229/4483/3103 3033/4484/2915
f 3033/4484/2915 3229/4483/3103 3037/4485/2918
f 3037/4485/2918 3229/4483/3103 3230/4486/3104
f 3037/4485/2918 3230/4486/3104 3231/4487/3105
f 3229/4483/3103 3225/4477/3099 3232/4488/3106
f 3229/4483/3103 3232/4488/3106 3230/4486/3104
f 3231/4487/3105 3230/4486/3104 3233/4489/3107
f 3232/4488/3106 3225/4477/3099 3234/4490/3108
f 3234/4490/3108 3225/4477/3099 3224/4473/3098
f 3230/4486/3104 3232/4488/3106 3235/4491/3109
f 3235/4491/3109 3232/4488/3106 3234/4490/3108
f 3230/4486/3104 3235/4491/3109 3233/4489/3107
f 3235/4491/3109 3234/4490/3108 3236/4492/3110
f 3235/4491/3109 3236/4492/3110 3233/4489/3107
f 3234/4490/3108 3224/4473/3098 3237/4493/3111
f 3234/4490/3108 3237/4493/3111 3236/4492/3110
f 3237/4493/3111 3224/4473/3098 3226/4479/3100
f 3233/4489/3107 3236/4492/3110 3238/4494/3112
f 3233/4489/3107 3238/4494/3112 3239/4495/3113
f 3239/4495/3113 3238/4494/3112 3240/4496/3114
f 3240/4496/3114 3238/4494/3112 3236/4492/3110
f 3237/4493/3111 3226/4479/3100 3241/4497/3115
f 3237/4493/3111 3241/4497/3115 3236/4492/3110
f 3236/4492/3110 3241/4497/3115 3240/4496/3114
f 3241/4497/3115 3226/4479/3100 3228/4482/3102
f 3240/4496/3114 3241/4497/3115 3242/4498/3116
f 3242/4498/3116 3241/4497/3115 3228/4482/3102
f 3240/4496/3114 3242/4498/3116 3243/4499/3117
f 3243/4499/3117 3242/4498/3116 3228/4482/3102
f 3244/4500/3118 3006/4501/2889 3245/4502/3119
f 3245/4502/3119 3006/4501/2889 3246/4503/3120
f 3245/4502/3119 3246/4503/3120 3244/4500/3118
f 3006/4501/2889 3244/4500/3118 2535/4504/2448
f 2535/4504/2448 3244/4500/3118 3247/4505/3121
f 2535/4504/2448 3247/4505/3121 2536/4506/2449
f 3247/4505/3121 3244/4500/3118 3248/4507/3122
f 3248/4507/3122 3244/4500/3118 3246/4503/3120
f 3247/4505/3121 3248/4507/3122 2537/4508/2450
f 2537/4508/2450 3248/4507/3122 3249/4509/3123
f 3249/4509/3123 3248/4507/3122 3246/4503/3120
f 3249/4509/3123 3246/4503/3120 3017/4510/2900
f 3017/4510/2900 3246/4503/3120 2537/4511/2450
f 2537/4511/2450 3246/4503/3120 3247/4512/3121
f 3247/4512/3121 3246/4503/3120 2536/4513/2449
f 2536/4513/2449 3246/4503/3120 3006/4501/2889
f 2536/4513/2449 3006/4501/2889 3012/4514/2895
f 2536/4513/2449 3012/4514/2895 3013/4515/2896
f 3250/4516/3124 3063/4517/2944 3062/4518/2943
f 3063/4517/2944 3250/4516/3124 3251/4519/3125
f 3250/4516/3124 3062/4518/2943 3065/4520/2946
f 3251/4519/3125 3250/4516/3124 3067/4521/2948
f 3251/4519/3125 3067/4521/2948 3060/4522/2941
f 3067/4521/2948 3250/4516/3124 2930/4523/2820
f 2930/4523/2820 3250/4516/3124 3252/4524/3126
f 3252/4524/3126 3250/4516/3124 3065/4520/2946
f 2930/4523/2820 3252/4524/3126 2932/4525/2822
f 2932/4525/2822 3252/4524/3126 3253/4526/3127
f 3252/4524/3126 3065/4520/2946 3254/4527/3128
f 3254/4527/3128 3065/4520/2946 3063/4528/2944
f 3253/4526/3127 3252/4524/3126 3255/4529/3129
f 3255/4529/3129 3252/4524/3126 3254/4527/3128
f 3254/4527/3128 3063/4528/2944 3251/4530/3125
f 3254/4527/3128 3251/4530/3125 3255/4529/3129
f 3253/4526/3127 3255/4529/3129 3256/4531/3130
f 3257/4532/3131 3258/4533/3132 3256/4531/3130
f 3257/4532/3131 3256/4531/3130 3259/4534/3133
f 3259/4534/3133 3256/4531/3130 3255/4529/3129
f 3257/4532/3131 3259/4534/3133 3260/4535/3134
f 3260/4535/3134 3259/4534/3133 3261/4536/2514
f 3261/4536/2514 3259/4534/3133 3262/4537/3135
f 3261/4536/2514 3262/4537/3135 3044/4538/2925
f 3044/4538/2925 3262/4537/3135 3049/4539/2930
f 3049/4539/2930 3262/4537/3135 3259/4534/3133
f 3049/4539/2930 3259/4534/3133 3263/4540/3136
f 3263/4540/3136 3259/4534/3133 3255/4529/3129
f 3049/4539/2930 3263/4540/3136 3048/4541/2929
f 3048/4541/2929 3263/4540/3136 3255/4529/3129
f 3048/4541/2929 3255/4529/3129 3251/4530/3125
f 3048/4541/2929 3251/4530/3125 3264/4542/3137
f 3048/4541/2929 3264/4542/3137 3051/4543/2932
f 3051/4543/2932 3264/4542/3137 3251/4530/3125
f 3051/4543/2932 3251/4530/3125 3032/4544/2914
f 3032/4544/2914 3251/4530/3125 3265/4545/3138
f 3032/4544/2914 3265/4545/3138 3059/4546/2940
f 3265/4545/3138 3251/4530/3125 3060/4547/2941
f 3265/4545/3138 3060/4547/2941 3059/4546/2940
f 3266/4548/3139 2616/4549/2523 3222/4550/3096
f 3266/4548/3139 3222/4550/3096 3220/4551/3094
f 2616/4549/2523 3266/4548/3139 3267/4552/3140
f 3267/4552/3140 3266/4548/3139 3220/4551/3094
f 2616/4549/2523 3267/4552/3140 2615/4553/2522
f 2615/4553/2522 3267/4552/3140 3268/4554/3141
f 2615/4553/2522 3268/4554/3141 2624/4555/2531
f 3267/4552/3140 3220/4551/3094 3269/4556/3142
f 2624/4555/2531 3268/4554/3141 3270/4557/3143
f 3270/4557/3143 3268/4554/3141 3267/4552/3140
f 3269/4556/3142 3220/4551/3094 3271/4558/3144
f 3271/4558/3144 3220/4551/3094 3216/4559/3090
f 3267/4552/3140 3269/4556/3142 3272/4560/3145
f 3272/4560/3145 3269/4556/3142 3271/4558/3144
f 3270/4557/3143 3267/4552/3140 3273/4561/3146
f 3273/4561/3146 3267/4552/3140 3272/4560/3145
f 2624/4555/2531 3270/4557/3143 3274/4562/3147
f 3272/4560/3145 3271/4558/3144 3275/4563/3148
f 3271/4558/3144 3216/4559/3090 3276/4564/3149
f 3271/4558/3144 3276/4564/3149 3275/4563/3148
f 3276/4564/3149 3216/4559/3090 3214/4565/3088
f 3272/4560/3145 3275/4563/3148 3277/4566/3150
f 3277/4566/3150 3275/4563/3148 3276/4564/3149
f 3276/4564/3149 3214/4565/3088 3205/4567/3080
f 3272/4560/3145 3277/4566/3150 3278/4568/3151
f 3278/4568/3151 3277/4566/3150 3276/4564/3149
f 3272/4560/3145 3278/4568/3151 3273/4561/3146
f 3276/4564/3149 3205/4567/3080 3279/4569/3152
f 3276/4564/3149 3279/4569/3152 3278/4568/3151
f 3279/4569/3152 3205/4567/3080 3204/4570/3079
f 3279/4569/3152 3204/4570/3079 3280/4571/3153
f 3279/4569/3152 3280/4571/3153 3278/4568/3151
f 3280/4571/3153 3204/4570/3079 3203/4572/3078
f 3273/4561/3146 3278/4568/3151 3281/4573/3154
f 3281/4573/3154 3278/4568/3151 3282/4574/3155
f 3282/4574/3155 3278/4568/3151 3283/4575/3156
f 3283/4575/3156 3278/4568/3151 3280/4571/3153
f 3281/4573/3154 3282/4574/3155 3284/4576/3157
f 3281/4573/3154 3284/4576/3157 3273/4561/3146
f 3282/4574/3155 3283/4575/3156 3285/4577/3158
f 3282/4574/3155 3285/4577/3158 3284/4576/3157
f 3284/4576/3157 3285/4577/3158 3286/4578/3159
f 3284/4576/3157 3286/4578/3159 3287/4579/3160
f 3287/4579/3160 3286/4578/3159 3285/4577/3158
f 3284/4576/3157 3287/4579/3160 3273/4561/3146
f 3285/4577/3158 3283/4575/3156 3288/4580/3161
f 3285/4577/3158 3288/4580/3161 3287/4579/3160
f 3288/4580/3161 3283/4575/3156 3289/4581/3162
f 3289/4581/3162 3283/4575/3156 3280/4571/3153
f 3288/4580/3161 3289/4581/3162 3290/4582/3163
f 3289/4581/3162 3280/4571/3153 3291/4583/3164
f 3289/4581/3162 3291/4583/3164 3290/4582/3163
f 3292/4584/3165 3273/4561/3146 3287/4579/3160
f 3273/4561/3146 3292/4584/3165 3293/4585/3166
f 3293/4585/3166 3292/4584/3165 3287/4579/3160
f 3273/4561/3146 3293/4585/3166 3270/4557/3143
f 3270/4557/3143 3293/4585/3166 3274/4562/3147
f 3274/4562/3147 3293/4585/3166 3287/4579/3160
f 3294/4586/3167 3287/4579/3160 3288/4580/3161
f 3287/4579/3160 3294/4586/3167 3274/4562/3147
f 3294/4586/3167 3288/4580/3161 3290/4582/3163
f 3274/4562/3147 3294/4586/3167 3295/4587/3168
f 3295/4587/3168 3294/4586/3167 3296/4588/3169
f 3274/4562/3147 3295/4587/3168 3297/4589/3170
f 3274/4562/3147 3297/4589/3170 2624/4555/2531
f 3295/4587/3168 3296/4588/3169 3298/4590/3171
f 3298/4590/3171 3296/4588/3169 3294/4586/3167
f 3295/4587/3168 3298/4590/3171 3297/4589/3170
f 3298/4590/3171 3294/4586/3167 3290/4582/3163
f 2624/4555/2531 3297/4589/3170 2625/4591/2532
f 2625/4591/2532 3297/4589/3170 3299/4592/3172
f 2625/4591/2532 3299/4592/3172 2626/4593/2533
f 3297/4589/3170 3298/4590/3171 3300/4594/3173
f 3300/4594/3173 3298/4590/3171 3290/4582/3163
f 3297/4589/3170 3300/4594/3173 3299/4592/3172
f 2626/4593/2533 3299/4592/3172 3301/4595/3174
f 2626/4593/2533 3301/4595/3174 2629/4596/2536
f 3301/4595/3174 3299/4592/3172 3302/4597/3175
f 3302/4597/3175 3299/4592/3172 3300/4594/3173
f 3302/4597/3175 3300/4594/3173 3303/4598/3176
f 3303/4598/3176 3300/4594/3173 3290/4582/3163
f 3302/4597/3175 3303/4598/3176 3304/4599/3177
f 3303/4598/3176 3290/4582/3163 3305/4600/3178
f 3305/4600/3178 3290/4582/3163 3291/4583/3164
f 3305/4600/3178 3291/4583/3164 3303/4598/3176
f 3304/4599/3177 3303/4598/3176 3306/4601/3179
f 3304/4599/3177 3306/4601/3179 3307/4602/3180
f 3304/4599/3177 3307/4602/3180 3308/4603/3181
f 3307/4602/3180 3306/4601/3179 3309/4604/3182
f 3309/4604/3182 3306/4601/3179 3303/4598/3176
f 3309/4604/3182 3303/4598/3176 3291/4583/3164
f 3309/4604/3182 3291/4583/3164 3310/4605/3183
f 3310/4605/3183 3291/4583/3164 3311/4606/3184
f 3310/4605/3183 3311/4606/3184 3312/4607/1061
f 3312/4607/1061 3311/4606/3184 3211/4608/3085
f 3211/4608/3085 3311/4606/3184 3313/4609/3185
f 3313/4609/3185 3311/4606/3184 3291/4583/3164
f 3211/4608/3085 3313/4609/3185 3207/4610/794
f 3207/4610/794 3313/4609/3185 3314/4611/3186
f 3207/4610/794 3314/4611/3186 3206/4612/3081
f 3206/4612/3081 3314/4611/3186 3313/4609/3185
f 3206/4612/3081 3313/4609/3185 3315/4613/3187
f 3206/4612/3081 3315/4613/3187 3203/4572/3078
f 3313/4609/3185 3291/4583/3164 3316/4614/3188
f 3313/4609/3185 3316/4614/3188 3315/4613/3187
f 3315/4613/3187 3316/4614/3188 3203/4572/3078
f 3316/4614/3188 3291/4583/3164 3280/4571/3153
f 3316/4614/3188 3280/4571/3153 3203/4572/3078
f 3317/4615/3189 2537/4616/2450 3249/4617/3123
f 2537/4616/2450 3317/4615/3189 2538/4618/2451
f 2538/4618/2451 3317/4615/3189 3174/4619/3050
f 3317/4615/3189 3249/4617/3123 3318/4620/3190
f 3317/4615/3189 3318/4620/3190 3174/4619/3050
f 3017/4621/2900 3141/4622/3017 3249/4617/3123
f 3249/4617/3123 3141/4622/3017 3318/4620/3190
f 3139/4623/3015 3141/4622/3017 3138/4624/3014
f 3141/4622/3017 3139/4623/3015 3319/4625/3191
f 3141/4622/3017 3319/4625/3191 3318/4620/3190
f 3319/4625/3191 3139/4623/3015 3320/4626/3192
f 3321/4627/3193 3174/4619/3050 3318/4620/3190
f 3174/4619/3050 3321/4627/3193 3173/4628/3049
f 3321/4627/3193 3318/4620/3190 3322/4629/3194
f 3318/4620/3190 3319/4625/3191 3323/4630/3195
f 3318/4620/3190 3323/4630/3195 3322/4629/3194
f 3319/4625/3191 3320/4626/3192 3324/4631/3196
f 3319/4625/3191 3324/4631/3196 3323/4630/3195
f 3322/4629/3194 3323/4630/3195 3325/4632/3197
f 3322/4629/3194 3325/4632/3197 3321/4627/3193
f 3325/4632/3197 3323/4630/3195 3324/4631/3196
f 3326/4633/3198 3173/4628/3049 3321/4627/3193
f 3326/4633/3198 3321/4627/3193 3325/4632/3197
f 3173/4628/3049 3326/4633/3198 3327/4634/3199
f 3325/4632/3197 3324/4631/3196 3328/4635/3200
f 3325/4632/3197 3328/4635/3200 3326/4633/3198
f 3327/4634/3199 3326/4633/3198 3329/4636/420
f 3329/4636/420 3326/4633/3198 3328/4635/3200
f 3329/4636/420 3328/4635/3200 3324/4631/3196
f 3329/4636/420 3324/4631/3196 3320/4626/3192
f 3329/4636/420 3320/4626/3192 3330/4637/3201
f 3329/4636/420 3330/4637/3201 3331/4638/3202
f 3332/4639/14 2943/4640/14 2942/4641/14
f 2943/4640/14 3332/4639/14 3333/4642/14
f 3333/4642/14 3332/4639/14 3334/4643/14
f 3332/4639/14 2942/4641/14 3335/4644/14
f 3335/4644/14 2942/4641/14 2941/4645/14
f 3335/4644/14 2941/4645/14 2583/4646/14
f 3336/4647/14 3128/4648/14 2911/4649/14
f 3336/4647/14 2911/4649/14 3337/4650/1137
f 3337/4650/1137 2911/4649/14 2932/4651/2822
f 3337/4650/1137 2932/4651/2822 3253/4652/3127
f 3336/4647/14 3337/4650/1137 3338/4653/3203
f 3336/4647/14 3338/4653/3203 3339/4654/3204
f 3339/4654/3204 3338/4653/3203 3340/4655/3205
f 3340/4655/3205 3338/4653/3203 3341/4656/3206
f 3340/4655/3205 3341/4656/3206 3342/4657/3207
f 3340/4655/3205 3342/4657/3207 3343/4658/3208
f 3341/4656/3206 3338/4653/3203 3344/4659/3209
f 3341/4656/3206 3344/4659/3209 3342/4657/3207
f 3345/4660/3210 3338/4653/3203 3337/4650/1137
f 3338/4653/3203 3345/4660/3210 3344/4659/3209
f 3345/4660/3210 3337/4650/1137 3346/4661/3211
f 3346/4661/3211 3337/4650/1137 3253/4652/3127
f 3344/4659/3209 3345/4660/3210 3347/4662/3212
f 3347/4662/3212 3345/4660/3210 3346/4661/3211
f 3347/4662/3212 3346/4661/3211 3344/4659/3209
f 3348/4663/3213 3342/4657/3207 3344/4659/3209
f 3348/4663/3213 3344/4659/3209 3346/4661/3211
f 3342/4657/3207 3348/4663/3213 3343/4658/3208
f 3346/4661/3211 3253/4652/3127 3349/4664/1
f 3346/4661/3211 3349/4664/1 3348/4663/3213
f 3349/4664/1 3253/4652/3127 3350/4665/3214
f 3349/4664/1 3350/4665/3214 3348/4663/3213
f 3348/4663/3213 3350/4665/3214 3343/4658/3208
f 3350/4665/3214 3253/4652/3127 3256/4666/3130
f 3343/4658/3208 3350/4665/3214 3351/4667/3215
f 3351/4667/3215 3350/4665/3214 3256/4666/3130
f 3351/4667/3215 3256/4666/3130 3258/4668/3132
f 3228/4669/3102 2973/4670/2858 2972/4671/2857
f 3228/4669/3102 2972/4671/2857 2974/4672/2859
f 3228/4669/3102 2974/4672/2859 2975/4673/2860
f 3228/4669/3102 2975/4673/2860 3352/4674/3216
f 3228/4669/3102 3352/4674/3216 3353/4675/3217
f 3352/4674/3216 2975/4673/2860 3354/4676/3218
f 3352/4674/3216 3354/4676/3218 3353/4675/3217
f 3354/4676/3218 2975/4673/2860 3355/4677/3219
f 3353/4675/3217 3354/4676/3218 3356/4678/3220
f 3228/4669/3102 3353/4675/3217 3357/4679/3221
f 3357/4679/3221 3353/4675/3217 3356/4678/3220
f 3228/4669/3102 3357/4679/3221 3243/4680/3117
f 3356/4678/3220 3354/4676/3218 3358/4681/3222
f 3358/4681/3222 3354/4676/3218 3355/4677/3219
f 3357/4679/3221 3356/4678/3220 3359/4682/3223
f 3359/4682/3223 3356/4678/3220 3358/4681/3222
f 3243/4680/3117 3357/4679/3221 3360/4683/3224
f 3360/4683/3224 3357/4679/3221 3359/4682/3223
f 3243/4680/3117 3360/4683/3224 3240/4684/3114
f 3360/4683/3224 3359/4682/3223 3361/4685/3225
f 3240/4684/3114 3360/4683/3224 3362/4686/3226
f 3362/4686/3226 3360/4683/3224 3361/4685/3225
f 3240/4684/3114 3362/4686/3226 3239/4687/3113
f 3239/4687/3113 3362/4686/3226 3233/4688/3107
f 3233/4688/3107 3362/4686/3226 3363/4689/3227
f 3363/4689/3227 3362/4686/3226 3361/4685/3225
f 3361/4685/3225 3359/4682/3223 3364/4690/3228
f 3364/4690/3228 3359/4682/3223 3358/4681/3222
f 3361/4685/3225 3364/4690/3228 3365/4691/3229
f 3233/4688/3107 3363/4689/3227 3366/4692/3230
f 3233/4688/3107 3366/4692/3230 3231/4693/3105
f 3363/4689/3227 3361/4685/3225 3367/4694/3231
f 3367/4694/3231 3361/4685/3225 3365/4691/3229
f 3231/4693/3105 3366/4692/3230 3368/4695/3232
f 3231/4693/3105 3368/4695/3232 3369/4696/3233
f 3366/4692/3230 3363/4689/3227 3370/4697/3234
f 3366/4692/3230 3370/4697/3234 3368/4695/3232
f 3363/4689/3227 3367/4694/3231 3371/4698/3235
f 3363/4689/3227 3371/4698/3235 3370/4697/3234
f 3370/4697/3234 3371/4698/3235 3372/4699/3236
f 3371/4698/3235 3367/4694/3231 3373/4700/3237
f 3371/4698/3235 3373/4700/3237 3372/4699/3236
f 3370/4697/3234 3372/4699/3236 3374/4701/3238
f 3370/4697/3234 3374/4701/3238 3368/4695/3232
f 3374/4701/3238 3372/4699/3236 3373/4700/3237
f 3368/4695/3232 3374/4701/3238 3375/4702/3239
f 3375/4702/3239 3374/4701/3238 3373/4700/3237
f 3376/4703/3240 3369/4696/3233 3368/4695/3232
f 3376/4703/3240 3368/4695/3232 3375/4702/3239
f 3369/4696/3233 3376/4703/3240 3377/4704/3241
f 3377/4704/3241 3376/4703/3240 3378/4705/3242
f 3378/4705/3242 3376/4703/3240 3375/4702/3239
f 3378/4705/3242 3375/4702/3239 3379/4706/3243
f 3379/4706/3243 3375/4702/3239 3380/4707/3244
f 3380/4707/3244 3375/4702/3239 3373/4700/3237
f 3381/4708/3245 3373/4700/3237 3367/4694/3231
f 3373/4700/3237 3381/4708/3245 3380/4707/3244
f 3381/4708/3245 3367/4694/3231 3365/4691/3229
f 3380/4707/3244 3381/4708/3245 3382/4709/3246
f 3380/4707/3244 3382/4709/3246 3383/4710/3247
f 3381/4708/3245 3365/4691/3229 3384/4711/3248
f 3384/4711/3248 3365/4691/3229 3385/4712/3249
f 3382/4709/3246 3381/4708/3245 3386/4713/3250
f 3381/4708/3245 3384/4711/3248 3387/4714/3251
f 3381/4708/3245 3387/4714/3251 3386/4713/3250
f 3386/4713/3250 3387/4714/3251 3382/4709/3246
f 3387/4714/3251 3384/4711/3248 3385/4712/3249
f 3385/4712/3249 3365/4691/3229 3364/4690/3228
f 3388/4715/2670 3383/4710/3247 3382/4709/3246
f 3388/4715/2670 3382/4709/3246 3387/4714/3251
f 3383/4710/3247 3388/4715/2670 3389/4716/3252
f 3383/4710/3247 3389/4716/3252 3390/4717/3253
f 3390/4717/3253 3389/4716/3252 3391/4718/3254
f 3391/4718/3254 3389/4716/3252 3392/4719/3255
f 3393/4720/3256 3394/4721/3257 3392/4719/3255
f 3393/4720/3256 3392/4719/3255 3389/4716/3252
f 3389/4716/3252 3388/4715/2670 3395/4722/3258
f 3395/4722/3258 3388/4715/2670 3387/4714/3251
f 3389/4716/3252 3395/4722/3258 3396/4723/3259
f 3396/4723/3259 3395/4722/3258 3387/4714/3251
f 3393/4720/3256 3389/4716/3252 3397/4724/3260
f 3397/4724/3260 3389/4716/3252 3396/4723/3259
f 3393/4720/3256 3397/4724/3260 3398/4725/3261
f 3398/4725/3261 3397/4724/3260 3399/4726/3262
f 3399/4726/3262 3397/4724/3260 3396/4723/3259
f 3399/4726/3262 3396/4723/3259 3400/4727/3263
f 3400/4727/3263 3396/4723/3259 3401/4728/3264
f 3401/4728/3264 3396/4723/3259 3387/4714/3251
f 3400/4727/3263 3401/4728/3264 3402/4729/3265
f 3403/4730/3266 3404/4731/3267 3402/4729/3265
f 3403/4730/3266 3402/4729/3265 3401/4728/3264
f 3401/4728/3264 3387/4714/3251 3405/4732/3268
f 3405/4732/3268 3387/4714/3251 3385/4712/3249
f 3401/4728/3264 3405/4732/3268 3406/4733/3269
f 3401/4728/3264 3406/4733/3269 3407/4734/3270
f 3407/4734/3270 3406/4733/3269 3405/4732/3268
f 3401/4728/3264 3407/4734/3270 3403/4730/3266
f 3405/4732/3268 3385/4712/3249 3408/4735/3271
f 3405/4732/3268 3408/4735/3271 3407/4734/3270
f 3408/4735/3271 3385/4712/3249 3409/4736/3272
f 3409/4736/3272 3385/4712/3249 3364/4690/3228
f 3409/4736/3272 3364/4690/3228 3358/4681/3222
f 3408/4735/3271 3409/4736/3272 3410/4737/1526
f 3410/4737/1526 3409/4736/3272 3358/4681/3222
f 3407/4734/3270 3408/4735/3271 3411/4738/3273
f 3411/4738/3273 3408/4735/3271 3410/4737/1526
f 3412/4739/3274 3403/4730/3266 3407/4734/3270
f 3403/4730/3266 3412/4739/3274 3413/4740/3275
f 3412/4739/3274 3407/4734/3270 3414/4741/3276
f 3414/4741/3276 3407/4734/3270 3411/4738/3273
f 3412/4739/3274 3414/4741/3276 3415/4742/3277
f 3415/4742/3277 3414/4741/3276 3411/4738/3273
f 3411/4738/3273 3410/4737/1526 3416/4743/3278
f 3411/4738/3273 3416/4743/3278 3417/4744/3279
f 3417/4744/3279 3416/4743/3278 3410/4737/1526
f 3411/4738/3273 3417/4744/3279 3415/4742/3277
f 3417/4744/3279 3410/4737/1526 3358/4681/3222
f 3417/4744/3279 3358/4681/3222 3418/4745/3084
f 3418/4745/3084 3358/4681/3222 3355/4677/3219
f 3418/4745/3084 3355/4677/3219 3417/4744/3279
f 3417/4744/3279 3355/4677/3219 3415/4742/3277
f 3419/4746/3280 3412/4739/3274 3415/4742/3277
f 3412/4739/3274 3419/4746/3280 3413/4740/3275
f 3419/4746/3280 3415/4742/3277 3420/4747/3281
f 3420/4747/3281 3415/4742/3277 3355/4677/3219
f 3413/4740/3275 3419/4746/3280 3421/4748/3282
f 3419/4746/3280 3420/4747/3281 3422/4749/3283
f 3422/4749/3283 3420/4747/3281 3355/4677/3219
f 3419/4746/3280 3422/4749/3283 3421/4748/3282
f 3413/4740/3275 3421/4748/3282 3402/4750/3265
f 3422/4749/3283 3355/4677/3219 3423/4751/3284
f 3424/4752/3285 3400/4753/3263 3402/4750/3265
f 3424/4752/3285 3402/4750/3265 3425/4754/3286
f 3425/4754/3286 3402/4750/3265 3421/4748/3282
f 3424/4752/3285 3425/4754/3286 3426/4755/3287
f 3426/4755/3287 3425/4754/3286 3427/4756/3288
f 3423/4751/3284 3355/4677/3219 3428/4757/3289
f 3428/4757/3289 3355/4677/3219 2975/4673/2860
f 3428/4757/3289 2975/4673/2860 2981/4758/2866
f 3428/4757/3289 2981/4758/2866 2980/4759/2865
f 3428/4757/3289 2980/4759/2865 3423/4751/3284
f 3427/4756/3288 3425/4754/3286 2986/4760/244
f 3427/4756/3288 2986/4760/244 2987/4761/2871
f 3427/4756/3288 2987/4761/2871 3429/4762/3290
f 2986/4760/244 3425/4754/3286 3430/4763/3291
f 2986/4760/244 3430/4763/3291 2980/4759/2865
f 3430/4763/3291 3425/4754/3286 3421/4748/3282
f 3423/4751/3284 2980/4759/2865 3431/4764/3292
f 3431/4764/3292 2980/4759/2865 3430/4763/3291
f 3431/4764/3292 3430/4763/3291 3421/4748/3282
f 3423/4751/3284 3431/4764/3292 3422/4749/3283
f 3422/4749/3283 3431/4764/3292 3421/4748/3282
f 3432/4765/3293 3433/4766/3294 3227/4767/3101
f 3432/4765/3293 3227/4767/3101 3434/4768/3295
f 3433/4766/3294 3432/4765/3293 2973/4670/2858
f 3433/4766/3294 2973/4670/2858 3227/4767/3101
f 2973/4670/2858 3432/4765/3293 3434/4768/3295
f 3227/4767/3101 2973/4670/2858 3228/4669/3102
f 3434/4768/3295 3227/4767/3101 2970/4769/2855
f 3434/4768/3295 2970/4769/2855 2973/4670/2858
f 2541/4770/2454 2540/4771/2453 3435/4772/3296
f 2541/4770/2454 3435/4772/3296 2546/4773/2459
f 2541/4770/2454 2546/4773/2459 2545/4774/2458
f 2546/4773/2459 3435/4772/3296 3436/4775/3297
f 2546/4773/2459 3436/4775/3297 2547/4412/2460
f 2547/4412/2460 3436/4775/3297 3168/4414/3044
f 3168/4414/3044 3436/4775/3297 3435/4772/3296
f 3168/4414/3044 3435/4772/3296 2540/4771/2453
f 3168/4414/3044 2540/4771/2453 3437/4776/3298
f 3168/4414/3044 3437/4776/3298 3174/4420/3050
f 3437/4776/3298 2540/4771/2453 2539/4777/2452
f 3174/4420/3050 3437/4776/3298 2538/4778/2451
f 2538/4778/2451 3437/4776/3298 2539/4777/2452
f 2909/4779/14 3438/4780/14 2582/4781/14
f 3438/4780/14 2909/4779/14 3439/4782/14
f 3439/4782/14 2909/4779/14 2907/4783/14
f 3439/4782/14 2907/4783/14 3128/4784/14
f 3439/4782/14 3128/4784/14 3440/4785/14
f 3439/4782/14 3440/4785/14 3441/4786/14
f 2944/4787/14 2943/4788/14 3333/4789/14
f 2944/4787/14 3333/4789/14 3139/4790/3015
f 3139/4790/3015 3333/4789/14 3442/4791/3299
f 3442/4791/3299 3333/4789/14 3443/4792/3300
f 3443/4792/3300 3333/4789/14 3444/4793/2190
f 3445/4794/3301 3446/4795/3198 3447/4796/3302
f 3446/4797/3198 3448/4798/3303 3447/4799/3302
f 3447/4799/3302 3448/4798/3303 3139/4800/3015
f 3139/4800/3015 3448/4798/3303 3320/4801/3192
f 3320/4801/3192 3448/4798/3303 3449/4802/3304
f 3449/4802/3304 3448/4798/3303 3450/4803/3305
f 3450/4803/3305 3448/4798/3303 3446/4797/3198
f 3449/4802/3304 3450/4803/3305 3451/4804/3306
f 3450/4803/3305 3446/4797/3198 3452/4805/3307
f 3450/4803/3305 3452/4805/3307 3451/4804/3306
f 3452/4805/3307 3446/4797/3198 3445/4806/3301
f 3451/4804/3306 3452/4805/3307 3453/4807/3308
f 3451/4804/3306 3453/4807/3308 3454/4808/3309
f 3453/4807/3308 3452/4805/3307 3455/4809/3310
f 3455/4809/3310 3452/4805/3307 3445/4806/3301
f 3453/4807/3308 3455/4809/3310 3454/4808/3309
f 3455/4809/3310 3445/4806/3301 3139/4810/3015
f 3139/4810/3015 3445/4806/3301 3447/4811/3302
f 3455/4809/3310 3139/4810/3015 3442/4812/3299
f 3455/4809/3310 3442/4812/3299 3454/4808/3309
f 3454/4808/3309 3442/4812/3299 3456/4813/3311
f 3454/4808/3309 3456/4813/3311 3457/4814/3312
f 3456/4813/3311 3442/4812/3299 3458/4815/3313
f 3458/4815/3313 3442/4812/3299 3459/4816/3314
f 3458/4815/3313 3459/4816/3314 3330/4817/3201
f 3458/4815/3313 3330/4817/3201 3443/4818/3300
f 3458/4815/3313 3443/4818/3300 3444/4819/2190
f 3456/4813/3311 3458/4815/3313 3460/4820/3315
f 3460/4820/3315 3458/4815/3313 3444/4819/2190
f 3460/4820/3315 3444/4819/2190 3461/4821/3316
f 3460/4820/3315 3461/4821/3316 3330/4822/3201
f 3460/4820/3315 3330/4822/3201 3459/4823/3314
f 2584/4824/14 2581/4825/14 2582/4826/14
f 2660/4827/2564 2659/4828/2563 2961/4829/2846
f 2961/4829/2846 2659/4828/2563 3462/4830/3317
f 3231/4831/3105 3463/4832/3318 3037/4833/2918
f 3037/4833/2918 3463/4832/3318 3036/4834/2917
f 3036/4834/2917 3463/4832/3318 3038/4835/2919
f 3038/4835/2919 3463/4832/3318 3039/4836/2920
f 3463/4832/3318 3231/4831/3105 3464/4837/3319
f 3039/4836/2920 3463/4832/3318 3465/4838/3320
f 3465/4838/3320 3463/4832/3318 3464/4837/3319
f 3464/4837/3319 3231/4831/3105 3369/4839/3233
f 3465/4838/3320 3464/4837/3319 3466/4840/3321
f 3465/4838/3320 3466/4840/3321 3039/4836/2920
f 3466/4840/3321 3464/4837/3319 3369/4839/3233
f 3044/4841/2925 3041/4842/2922 3039/4836/2920
f 3044/4841/2925 3039/4836/2920 3466/4840/3321
f 3044/4841/2925 3466/4840/3321 3467/4843/3322
f 3044/4841/2925 3467/4843/3322 3261/4844/2514
f 3467/4843/3322 3466/4840/3321 3468/4845/3323
f 3261/4844/2514 3467/4843/3322 3469/4846/3324
f 3469/4846/3324 3467/4843/3322 3468/4845/3323
f 3468/4845/3323 3466/4840/3321 3470/4847/3325
f 3470/4847/3325 3466/4840/3321 3369/4839/3233
f 3468/4845/3323 3470/4847/3325 3469/4846/3324
f 3470/4847/3325 3369/4839/3233 3471/4848/3326
f 3471/4848/3326 3369/4839/3233 3377/4849/3241
f 3470/4847/3325 3471/4848/3326 3472/4850/3327
f 3470/4847/3325 3472/4850/3327 3469/4846/3324
f 3471/4848/3326 3377/4849/3241 3473/4851/3328
f 3472/4850/3327 3471/4848/3326 3474/4852/3329
f 3472/4850/3327 3474/4852/3329 3469/4846/3324
f 3474/4852/3329 3471/4848/3326 3473/4851/3328
f 3475/4853/3330 3261/4844/2514 3469/4846/3324
f 3469/4846/3324 3474/4852/3329 3476/4854/3331
f 3469/4846/3324 3476/4854/3331 3475/4853/3330
f 3261/4844/2514 3475/4853/3330 3477/4855/3332
f 3261/4844/2514 3477/4855/3332 3260/4856/3134
f 3260/4856/3134 3477/4855/3332 3257/4857/3131
f 3475/4853/3330 3476/4854/3331 3478/4858/3333
f 3475/4853/3330 3478/4858/3333 3479/4859/2122
f 3475/4853/3330 3479/4859/2122 3477/4855/3332
f 3479/4859/2122 3478/4858/3333 3476/4854/3331
f 3477/4855/3332 3479/4859/2122 3480/4860/3334
f 3477/4855/3332 3480/4860/3334 3257/4857/3131
f 3480/4860/3334 3479/4859/2122 3476/4854/3331
f 3257/4857/3131 3480/4860/3334 3481/4861/3335
f 3257/4857/3131 3481/4861/3335 3482/4862/3336
f 3257/4857/3131 3482/4862/3336 3258/4863/3132
f 3481/4861/3335 3480/4860/3334 3483/4864/3337
f 3481/4861/3335 3483/4864/3337 3482/4862/3336
f 3258/4863/3132 3482/4862/3336 3484/4865/3338
f 3484/4865/3338 3482/4862/3336 3483/4864/3337
f 3258/4863/3132 3484/4865/3338 3339/4866/3204
f 3339/4866/3204 3484/4865/3338 3483/4864/3337
f 3258/4863/3132 3339/4866/3204 3343/4867/3208
f 3258/4863/3132 3343/4867/3208 3351/4868/3215
f 3343/4867/3208 3339/4866/3204 3340/4869/3205
f 3339/4866/3204 3483/4864/3337 3336/4870/14
f 3336/4870/14 3483/4864/3337 3485/4871/14
f 3336/4870/14 3485/4871/14 3128/4872/14
f 3128/4872/14 3485/4871/14 3440/4873/14
f 3486/4874/3339 3483/4864/3337 3480/4860/3334
f 3483/4864/3337 3486/4874/3339 3487/4875/3340
f 3483/4864/3337 3487/4875/3340 3485/4871/14
f 3486/4874/3339 3480/4860/3334 3488/4876/3341
f 3488/4876/3341 3480/4860/3334 3476/4854/3331
f 3487/4875/3340 3486/4874/3339 3489/4877/3342
f 3489/4877/3342 3486/4874/3339 3488/4876/3341
f 3485/4871/14 3487/4875/3340 3490/4878/3343
f 3490/4878/3343 3487/4875/3340 3489/4877/3342
f 3491/4879/14 3440/4873/14 3485/4871/14
f 3489/4877/3342 3488/4876/3341 3492/4880/3344
f 3489/4877/3342 3492/4880/3344 3490/4878/3343
f 3492/4880/3344 3488/4876/3341 3493/4881/3345
f 3485/4871/14 3490/4878/3343 3494/4882/3346
f 3485/4871/14 3494/4882/3346 3491/4879/14
f 3492/4880/3344 3493/4881/3345 3495/4883/3347
f 3495/4883/3347 3493/4881/3345 3488/4876/3341
f 3490/4878/3343 3492/4880/3344 3496/4884/3348
f 3496/4884/3348 3492/4880/3344 3495/4883/3347
f 3495/4883/3347 3488/4876/3341 3497/4885/3349
f 3497/4885/3349 3488/4876/3341 3476/4854/3331
f 3497/4885/3349 3476/4854/3331 3498/4886/3350
f 3498/4886/3350 3476/4854/3331 3474/4852/3329
f 3497/4885/3349 3498/4886/3350 3499/4887/3351
f 3499/4887/3351 3498/4886/3350 3474/4852/3329
f 3495/4883/3347 3497/4885/3349 3500/4888/3352
f 3500/4888/3352 3497/4885/3349 3499/4887/3351
f 3495/4883/3347 3500/4888/3352 3501/4889/1209
f 3495/4883/3347 3501/4889/1209 3496/4884/3348
f 3500/4888/3352 3499/4887/3351 3502/4890/3353
f 3500/4888/3352 3502/4890/3353 3501/4889/1209
f 3499/4887/3351 3474/4852/3329 3503/4891/3354
f 3503/4891/3354 3474/4852/3329 3473/4851/3328
f 3502/4890/3353 3499/4887/3351 3504/4892/3355
f 3504/4892/3355 3499/4887/3351 3503/4891/3354
f 3501/4889/1209 3502/4890/3353 3505/4893/3356
f 3505/4893/3356 3502/4890/3353 3504/4892/3355
f 3504/4892/3355 3503/4891/3354 3506/4894/3357
f 3506/4894/3357 3503/4891/3354 3473/4851/3328
f 3504/4892/3355 3506/4894/3357 3505/4893/3356
f 3501/4889/1209 3505/4893/3356 3507/4895/3358
f 3501/4889/1209 3507/4895/3358 3508/4896/1109
f 3501/4889/1209 3508/4896/1109 3496/4884/3348
f 3507/4895/3358 3505/4893/3356 3509/4897/3359
f 3507/4895/3358 3509/4897/3359 3508/4896/1109
f 3505/4893/3356 3506/4894/3357 3510/4898/3360
f 3505/4893/3356 3510/4898/3360 3509/4897/3359
f 3511/4899/3361 3506/4894/3357 3473/4851/3328
f 3511/4899/3361 3473/4851/3328 3512/4900/3362
f 3512/4900/3362 3473/4851/3328 3377/4849/3241
f 3512/4900/3362 3377/4849/3241 3378/4901/3242
f 3511/4899/3361 3512/4900/3362 3513/4902/3363
f 3511/4899/3361 3513/4902/3363 3506/4894/3357
f 3512/4900/3362 3378/4901/3242 3514/4903/3364
f 3512/4900/3362 3514/4903/3364 3513/4902/3363
f 3514/4903/3364 3378/4901/3242 3379/4904/3243
f 3506/4894/3357 3513/4902/3363 3515/4905/3365
f 3513/4902/3363 3514/4903/3364 3516/4906/3366
f 3513/4902/3363 3516/4906/3366 3515/4905/3365
f 3506/4894/3357 3515/4905/3365 3517/4907/3367
f 3506/4894/3357 3517/4907/3367 3510/4898/3360
f 3515/4905/3365 3516/4906/3366 3518/4908/3368
f 3515/4905/3365 3518/4908/3368 3517/4907/3367
f 3516/4906/3366 3514/4903/3364 3519/4909/3369
f 3516/4906/3366 3519/4909/3369 3518/4908/3368
f 3520/4910/3370 3514/4903/3364 3379/4904/3243
f 3514/4903/3364 3520/4910/3370 3519/4909/3369
f 3520/4910/3370 3379/4904/3243 3521/4911/3371
f 3521/4911/3371 3379/4904/3243 3380/4912/3244
f 3520/4910/3370 3521/4911/3371 3522/4913/3372
f 3521/4911/3371 3380/4912/3244 3523/4914/3373
f 3521/4911/3371 3523/4914/3373 3522/4913/3372
f 3523/4914/3373 3380/4912/3244 3383/4915/3247
f 3520/4910/3370 3522/4913/3372 3524/4916/3374
f 3520/4910/3370 3524/4916/3374 3519/4909/3369
f 3524/4916/3374 3522/4913/3372 3523/4914/3373
f 3523/4914/3373 3383/4915/3247 3390/4917/3253
f 3524/4916/3374 3523/4914/3373 3525/4918/3375
f 3524/4916/3374 3525/4918/3375 3519/4909/3369
f 3525/4918/3375 3523/4914/3373 3390/4917/3253
f 3519/4909/3369 3525/4918/3375 3526/4919/3376
f 3519/4909/3369 3526/4919/3376 3518/4908/3368
f 3526/4919/3376 3525/4918/3375 3390/4917/3253
f 3518/4908/3368 3526/4919/3376 3527/4920/3377
f 3518/4908/3368 3527/4920/3377 3517/4907/3367
f 3517/4907/3367 3527/4920/3377 3528/4921/3378
f 3517/4907/3367 3528/4921/3378 3510/4898/3360
f 3510/4898/3360 3528/4921/3378 3529/4922/3379
f 3528/4921/3378 3527/4920/3377 3530/4923/3380
f 3528/4921/3378 3530/4923/3380 3529/4922/3379
f 3510/4898/3360 3529/4922/3379 3509/4897/3359
f 3530/4923/3380 3527/4920/3377 3531/4924/3381
f 3531/4924/3381 3527/4920/3377 3526/4919/3376
f 3529/4922/3379 3530/4923/3380 3532/4925/3382
f 3532/4925/3382 3530/4923/3380 3531/4924/3381
f 3509/4897/3359 3529/4922/3379 3533/4926/3383
f 3533/4926/3383 3529/4922/3379 3532/4925/3382
f 3509/4897/3359 3533/4926/3383 3534/4927/3384
f 3509/4897/3359 3534/4927/3384 3535/4928/3385
f 3509/4897/3359 3535/4928/3385 3508/4896/1109
f 3534/4927/3384 3533/4926/3383 3536/4929/3386
f 3508/4896/1109 3535/4928/3385 3537/4930/3387
f 3508/4896/1109 3537/4930/3387 3496/4884/3348
f 3535/4928/3385 3534/4927/3384 3538/4931/3388
f 3538/4931/3388 3534/4927/3384 3536/4929/3386
f 3537/4930/3387 3535/4928/3385 3539/4932/3389
f 3539/4932/3389 3535/4928/3385 3538/4931/3388
f 3496/4884/3348 3537/4930/3387 3540/4933/3390
f 3540/4933/3390 3537/4930/3387 3539/4932/3389
f 3496/4884/3348 3540/4933/3390 3541/4934/3391
f 3496/4884/3348 3541/4934/3391 3542/4935/3392
f 3542/4935/3392 3541/4934/3391 3540/4933/3390
f 3496/4884/3348 3542/4935/3392 3490/4878/3343
f 3490/4878/3343 3542/4935/3392 3494/4882/3346
f 3494/4882/3346 3542/4935/3392 3540/4933/3390
f 3540/4933/3390 3539/4932/3389 3543/4936/3393
f 3540/4933/3390 3543/4936/3393 3494/4882/3346
f 3494/4882/3346 3543/4936/3393 3544/4937/3394
f 3544/4937/3394 3543/4936/3393 3545/4938/3395
f 3544/4937/3394 3545/4938/3395 3494/4882/3346
f 3545/4938/3395 3543/4936/3393 3539/4932/3389
f 3494/4882/3346 3545/4938/3395 3546/4939/3396
f 3546/4939/3396 3545/4938/3395 3539/4932/3389
f 3546/4939/3396 3539/4932/3389 3538/4931/3388
f 3494/4882/3346 3546/4939/3396 3491/4879/14
f 3546/4939/3396 3538/4931/3388 3547/4940/3397
f 3546/4939/3396 3547/4940/3397 3548/4941/3398
f 3547/4940/3397 3538/4931/3388 3549/4942/3399
f 3547/4940/3397 3549/4942/3399 3548/4941/3398
f 3546/4939/3396 3548/4941/3398 3550/4943/3400
f 3546/4939/3396 3550/4943/3400 3491/4879/14
f 3550/4943/3400 3548/4941/3398 3549/4942/3399
f 3491/4879/14 3550/4943/3400 3551/4944/3401
f 3551/4944/3401 3550/4943/3400 3549/4942/3399
f 3549/4942/3399 3538/4931/3388 3552/4945/3402
f 3491/4879/14 3551/4944/3401 3553/4946/3403
f 3552/4945/3402 3538/4931/3388 3536/4929/3386
f 3491/4879/14 3553/4946/3403 3440/4873/14
f 3549/4942/3399 3552/4945/3402 3554/4947/3404
f 3549/4942/3399 3554/4947/3404 3551/4944/3401
f 3552/4945/3402 3536/4929/3386 3555/4948/3405
f 3552/4945/3402 3555/4948/3405 3554/4947/3404
f 3551/4944/3401 3554/4947/3404 3556/4949/3406
f 3551/4944/3401 3556/4949/3406 3553/4946/3403
f 3440/4873/14 3553/4946/3403 3557/4950/3407
f 3440/4873/14 3557/4950/3407 3558/4951/3403
f 3553/4946/3403 3556/4949/3406 3559/4952/3408
f 3553/4946/3403 3559/4952/3408 3557/4950/3407
f 3556/4949/3406 3554/4947/3404 3560/4953/3409
f 3560/4953/3409 3554/4947/3404 3555/4948/3405
f 3559/4952/3408 3556/4949/3406 3561/4954/3410
f 3561/4954/3410 3556/4949/3406 3562/4955/3411
f 3562/4955/3411 3556/4949/3406 3560/4953/3409
f 3559/4952/3408 3561/4954/3410 3563/4956/3412
f 3559/4952/3408 3563/4956/3412 3557/4950/3407
f 3561/4954/3410 3562/4955/3411 3564/4957/3413
f 3561/4954/3410 3564/4957/3413 3563/4956/3412
f 3562/4955/3411 3560/4953/3409 3565/4958/3414
f 3562/4955/3411 3565/4958/3414 3564/4957/3413
f 3557/4950/3407 3563/4956/3412 3566/4959/3415
f 3566/4959/3415 3563/4956/3412 3564/4957/3413
f 3567/4960/3416 3557/4950/3407 3568/4961/3417
f 3568/4961/3417 3557/4950/3407 3569/4962/3418
f 3569/4962/3418 3557/4950/3407 3566/4959/3415
f 3568/4961/3417 3569/4962/3418 3570/4963/3419
f 3569/4962/3418 3566/4959/3415 3571/4964/3420
f 3571/4964/3420 3566/4959/3415 3564/4957/3413
f 3569/4962/3418 3571/4964/3420 3572/4965/3421
f 3571/4964/3420 3564/4957/3413 3573/4966/3422
f 3571/4964/3420 3573/4966/3422 3572/4965/3421
f 3573/4966/3422 3564/4957/3413 3565/4958/3414
f 3574/4967/3423 3575/4968/3424 3572/4965/3421
f 3573/4966/3422 3565/4958/3414 3576/4969/3425
f 3576/4969/3425 3565/4958/3414 3560/4953/3409
f 3572/4965/3421 3573/4966/3422 3577/4970/3426
f 3572/4965/3421 3577/4970/3426 3574/4967/3423
f 3577/4970/3426 3573/4966/3422 3576/4969/3425
f 3574/4967/3423 3577/4970/3426 3578/4971/3427
f 3576/4969/3425 3560/4953/3409 3579/4972/3428
f 3579/4972/3428 3560/4953/3409 3555/4948/3405
f 3577/4970/3426 3576/4969/3425 3580/4973/3429
f 3580/4973/3429 3576/4969/3425 3579/4972/3428
f 3577/4970/3426 3580/4973/3429 3578/4971/3427
f 3574/4967/3423 3578/4971/3427 3581/4974/3430
f 3579/4972/3428 3555/4948/3405 3582/4975/3431
f 3579/4972/3428 3582/4975/3431 3580/4973/3429
f 3581/4974/3430 3578/4971/3427 3583/4976/3432
f 3581/4974/3430 3583/4976/3432 3584/4977/3433
f 3578/4971/3427 3580/4973/3429 3585/4978/3434
f 3585/4978/3434 3580/4973/3429 3582/4975/3431
f 3583/4976/3432 3578/4971/3427 3586/4979/3435
f 3586/4979/3435 3578/4971/3427 3585/4978/3434
f 3587/4980/3436 3582/4975/3431 3555/4948/3405
f 3587/4980/3436 3555/4948/3405 3536/4929/3386
f 3587/4980/3436 3536/4929/3386 3588/4981/3437
f 3588/4981/3437 3536/4929/3386 3533/4926/3383
f 3588/4981/3437 3533/4926/3383 3532/4925/3382
f 3587/4980/3436 3588/4981/3437 3589/4982/3438
f 3589/4982/3438 3588/4981/3437 3532/4925/3382
f 3587/4980/3436 3589/4982/3438 3582/4975/3431
f 3589/4982/3438 3532/4925/3382 3531/4924/3381
f 3582/4975/3431 3589/4982/3438 3590/4983/3439
f 3590/4983/3439 3589/4982/3438 3531/4924/3381
f 3582/4975/3431 3590/4983/3439 3585/4978/3434
f 3590/4983/3439 3531/4924/3381 3526/4919/3376
f 3590/4983/3439 3526/4919/3376 3585/4978/3434
f 3585/4978/3434 3526/4919/3376 3591/4984/3440
f 3591/4984/3440 3526/4919/3376 3592/4985/3441
f 3585/4978/3434 3591/4984/3440 3593/4986/3442
f 3593/4986/3442 3591/4984/3440 3592/4985/3441
f 3585/4978/3434 3593/4986/3442 3586/4979/3435
f 3592/4985/3441 3526/4919/3376 3390/4917/3253
f 3593/4986/3442 3592/4985/3441 3594/4987/3443
f 3594/4987/3443 3592/4985/3441 3390/4917/3253
f 3586/4979/3435 3593/4986/3442 3595/4988/3444
f 3595/4988/3444 3593/4986/3442 3594/4987/3443
f 3586/4979/3435 3595/4988/3444 3596/4989/3445
f 3595/4988/3444 3594/4987/3443 3597/4990/3446
f 3595/4988/3444 3597/4990/3446 3596/4989/3445
f 3597/4990/3446 3594/4987/3443 3390/4917/3253
f 3586/4979/3435 3596/4989/3445 3598/4991/3447
f 3598/4991/3447 3596/4989/3445 3597/4990/3446
f 3598/4991/3447 3597/4990/3446 3390/4917/3253
f 3586/4979/3435 3598/4991/3447 3583/4976/3432
f 3598/4991/3447 3390/4917/3253 3391/4992/3254
f 3583/4976/3432 3598/4991/3447 3599/4993/3448
f 3599/4993/3448 3598/4991/3447 3391/4992/3254
f 3599/4993/3448 3391/4992/3254 3392/4994/3255
f 2636/4995/2543 3600/4996/3449 2659/4997/2563
f 3600/4996/3449 2636/4995/2543 2637/4998/2544
f 2659/4997/2563 3600/4996/3449 3601/4999/3450
f 3601/4999/3450 3600/4996/3449 2637/4998/2544
f 2659/4997/2563 3601/4999/3450 3462/5000/3317
f 3462/5000/3317 3601/4999/3450 3602/5001/3451
f 3602/5001/3451 3601/4999/3450 3603/5002/3452
f 3602/5001/3451 3603/5002/3452 3604/5003/3453
f 3604/5003/3453 3603/5002/3452 3605/5004/3454
f 3605/5004/3454 3603/5002/3452 3606/5005/3455
f 3603/5002/3452 3601/4999/3450 3607/5006/3456
f 3603/5002/3452 3607/5006/3456 3606/5005/3455
f 3608/5007/3457 3601/4999/3450 2637/4998/2544
f 3601/4999/3450 3608/5007/3457 3607/5006/3456
f 3608/5007/3457 2637/4998/2544 3609/5008/3458
f 3609/5008/3458 2637/4998/2544 2634/5009/2541
f 3608/5007/3457 3609/5008/3458 3610/5010/3459
f 3608/5007/3457 3610/5010/3459 3607/5006/3456
f 3609/5008/3458 2634/5009/2541 3611/5011/3460
f 3609/5008/3458 3611/5011/3460 3610/5010/3459
f 3611/5011/3460 2634/5009/2541 2630/5012/2537
f 3607/5006/3456 3610/5010/3459 3612/5013/3461
f 3611/5011/3460 2630/5012/2537 3613/5014/3462
f 3610/5010/3459 3611/5011/3460 3614/5015/3463
f 3610/5010/3459 3614/5015/3463 3612/5013/3461
f 3614/5015/3463 3611/5011/3460 3615/5016/3464
f 3611/5011/3460 3613/5014/3462 3616/5017/3465
f 3611/5011/3460 3616/5017/3465 3615/5016/3464
f 3613/5014/3462 2630/5012/2537 3617/5018/3466
f 3613/5014/3462 3617/5018/3466 3616/5017/3465
f 3615/5016/3464 3616/5017/3465 3618/5019/3467
f 3615/5016/3464 3618/5019/3467 3614/5015/3463
f 3618/5019/3467 3616/5017/3465 3617/5018/3466
f 3614/5015/3463 3618/5019/3467 3619/5020/3468
f 3614/5015/3463 3619/5020/3468 3612/5013/3461
f 3619/5020/3468 3618/5019/3467 3620/5021/3469
f 3620/5021/3469 3618/5019/3467 3617/5018/3466
f 3612/5013/3461 3619/5020/3468 3606/5005/3455
f 3620/5021/3469 3617/5018/3466 3621/5022/3470
f 3621/5022/3470 3617/5018/3466 2630/5012/2537
f 3620/5021/3469 3621/5022/3470 3622/5023/3471
f 3621/5022/3470 2630/5012/2537 2631/5024/2538
f 3622/5023/3471 3621/5022/3470 3623/5025/3472
f 3623/5025/3472 3621/5022/3470 2631/5024/2538
f 3612/5013/3461 3606/5005/3455 3624/5026/1996
f 3624/5026/1996 3606/5005/3455 3625/5027/3473
f 3612/5013/3461 3624/5026/1996 3625/5028/3474
f 3612/5013/3461 3625/5028/3474 3607/5006/3456
f 3624/5026/1996 3625/5027/3473 3626/5027/3475
f 3624/5026/1996 3626/5027/3475 3625/5028/3474
f 3625/5027/3473 3606/5005/3455 3627/5029/3476
f 3627/5029/3476 3606/5005/3455 3607/5006/3456
f 3625/5027/3473 3627/5029/3476 3626/5027/3475
f 3627/5029/3476 3607/5006/3456 3625/5028/3474
f 3627/5029/3476 3625/5028/3474 3626/5027/3475
f 3438/5030/14 2584/5031/14 2582/5032/14
f 2584/5031/14 3438/5030/14 3628/5033/14
f 3628/5033/14 3438/5030/14 3629/5034/14
f 3629/5034/14 3438/5030/14 3630/5035/14
f 3630/5035/14 3438/5030/14 3439/5036/14
f 3630/5035/14 3439/5036/14 3441/5037/14
f 3173/5038/3049 3327/5039/3199 3176/5040/3052
f 3176/5040/3052 3327/5039/3199 3177/5041/3053
f 3177/5041/3053 3327/5039/3199 3179/5042/3055
f 3179/5042/3055 3327/5039/3199 3631/5043/3477
f 3631/5043/3477 3327/5039/3199 3331/5044/3202
f 3331/5044/3202 3327/5039/3199 3329/5045/420
f 3631/5043/3477 3331/5044/3202 3632/5046/3478
f 3179/5042/3055 3631/5043/3477 3633/5047/3479
f 3633/5047/3479 3631/5043/3477 3632/5046/3478
f 3632/5046/3478 3331/5044/3202 3634/5048/3480
f 3632/5046/3478 3634/5048/3480 3633/5047/3479
f 3634/5048/3480 3331/5044/3202 3330/5049/3201
f 3179/5042/3055 3633/5047/3479 3635/5050/3426
f 3634/5048/3480 3330/5049/3201 3636/5051/3481
f 3634/5048/3480 3636/5051/3481 3633/5047/3479
f 3179/5042/3055 3635/5050/3426 3182/5052/3058
f 3636/5051/3481 3330/5049/3201 3637/5053/3482
f 3637/5053/3482 3330/5049/3201 3461/5054/3316
f 3637/5053/3482 3461/5054/3316 3444/5055/2190
f 3636/5051/3481 3637/5053/3482 3638/5056/3483
f 3637/5053/3482 3444/5055/2190 3639/5057/3484
f 3637/5053/3482 3639/5057/3484 3638/5056/3483
f 3639/5057/3484 3444/5055/2190 3640/5058/14
f 3640/5058/14 3444/5055/2190 3333/5059/14
f 3638/5056/3483 3639/5057/3484 3641/5060/3485
f 3638/5056/3483 3641/5060/3485 3636/5051/3481
f 3642/5061/3486 3643/5062/3487 3333/5059/14
f 3333/5059/14 3643/5062/3487 3640/5058/14
f 3640/5058/14 3643/5062/3487 3644/5063/3488
f 3641/5060/3485 3639/5057/3484 3645/5064/3489
f 3645/5064/3489 3639/5057/3484 3640/5058/14
f 3645/5064/3489 3640/5058/14 3646/5065/3490
f 3646/5065/3490 3640/5058/14 3644/5063/3488
f 3641/5060/3485 3645/5064/3489 3647/5066/3491
f 3645/5064/3489 3646/5065/3490 3648/5067/3492
f 3645/5064/3489 3648/5067/3492 3647/5066/3491
f 3648/5067/3492 3646/5065/3490 3649/5068/3493
f 3649/5068/3493 3646/5065/3490 3644/5063/3488
f 3647/5066/3491 3648/5067/3492 3650/5069/3494
f 3650/5069/3494 3648/5067/3492 3651/5070/2468
f 3651/5070/2468 3648/5067/3492 3649/5068/3493
f 3650/5069/3494 3651/5070/2468 3647/5066/3491
f 3649/5068/3493 3644/5063/3488 3652/5071/3495
f 3651/5070/2468 3649/5068/3493 3653/5072/3496
f 3653/5072/3496 3649/5068/3493 3652/5071/3495
f 3651/5070/2468 3653/5072/3496 3654/5073/3497
f 3651/5070/2468 3654/5073/3497 3647/5066/3491
f 3653/5072/3496 3652/5071/3495 3655/5074/3498
f 3655/5074/3498 3652/5071/3495 3644/5063/3488
f 3653/5072/3496 3655/5074/3498 3654/5073/3497
f 3655/5074/3498 3644/5063/3488 3656/5075/3499
f 3655/5074/3498 3656/5075/3499 3654/5073/3497
f 3656/5075/3499 3644/5063/3488 3657/5076/3500
f 3657/5076/3500 3644/5063/3488 3658/5077/3501
f 3656/5075/3499 3657/5076/3500 3659/5078/3502
f 3659/5078/3502 3657/5076/3500 3660/5079/3503
f 3659/5078/3502 3660/5079/3503 3661/5080/3504
f 3656/5075/3499 3659/5078/3502 3662/5081/3505
f 3662/5081/3505 3659/5078/3502 3661/5080/3504
f 3656/5075/3499 3662/5081/3505 3654/5073/3497
f 3662/5081/3505 3661/5080/3504 3663/5082/3506
f 3663/5082/3506 3661/5080/3504 3664/5083/3507
f 3654/5073/3497 3662/5081/3505 3665/5084/3508
f 3662/5081/3505 3663/5082/3506 3666/5085/3509
f 3662/5081/3505 3666/5085/3509 3665/5084/3508
f 3654/5073/3497 3665/5084/3508 3667/5086/3510
f 3654/5073/3497 3667/5086/3510 3668/5087/3511
f 3668/5087/3511 3667/5086/3510 3665/5084/3508
f 3654/5073/3497 3668/5087/3511 3647/5066/3491
f 3668/5087/3511 3665/5084/3508 3669/5088/3512
f 3669/5088/3512 3665/5084/3508 3666/5085/3509
f 3668/5087/3511 3669/5088/3512 3670/5089/3513
f 3668/5087/3511 3670/5089/3513 3647/5066/3491
f 3670/5089/3513 3669/5088/3512 3666/5085/3509
f 3671/5090/3514 3666/5085/3509 3663/5082/3506
f 3671/5090/3514 3663/5082/3506 3672/5091/3515
f 3671/5090/3514 3672/5091/3515 3673/5092/3516
f 3671/5090/3514 3673/5092/3516 3674/5093/3517
f 3666/5085/3509 3671/5090/3514 3675/5094/623
f 3671/5090/3514 3674/5093/3517 3676/5095/3518
f 3675/5094/623 3671/5090/3514 3677/5096/3519
f 3677/5096/3519 3671/5090/3514 3676/5095/3518
f 3675/5094/623 3677/5096/3519 3678/5097/3520
f 3675/5094/623 3678/5097/3520 3666/5085/3509
f 3677/5096/3519 3676/5095/3518 3679/5098/3521
f 3679/5098/3521 3676/5095/3518 3674/5093/3517
f 3677/5096/3519 3679/5098/3521 3680/5099/3522
f 3677/5096/3519 3680/5099/3522 3678/5097/3520
f 3679/5098/3521 3674/5093/3517 3681/5100/3523
f 3679/5098/3521 3681/5100/3523 3680/5099/3522
f 3681/5100/3523 3674/5093/3517 3682/5101/3524
f 3681/5100/3523 3682/5101/3524 3683/5102/3525
f 3681/5100/3523 3683/5102/3525 3680/5099/3522
f 3684/5103/3526 3666/5085/3509 3678/5097/3520
f 3666/5085/3509 3684/5103/3526 3670/5089/3513
f 3684/5103/3526 3678/5097/3520 3685/5104/3527
f 3684/5103/3526 3685/5104/3527 3670/5089/3513
f 3686/5105/3528 3678/5097/3520 3680/5099/3522
f 3678/5097/3520 3686/5105/3528 3685/5104/3527
f 3687/5106/2257 3680/5099/3522 3683/5102/3525
f 3680/5099/3522 3687/5106/2257 3686/5105/3528
f 3688/5107/985 3689/5108/3529 3683/5102/3525
f 3683/5102/3525 3689/5108/3529 3690/5109/2476
f 3683/5102/3525 3690/5109/2476 3687/5106/2257
f 3690/5109/2476 3689/5108/3529 3691/5110/3530
f 3690/5109/2476 3691/5110/3530 3692/5111/3531
f 3686/5105/3528 3687/5106/2257 3693/5112/3532
f 3686/5105/3528 3693/5112/3532 3685/5104/3527
f 3687/5106/2257 3690/5109/2476 3694/5113/3533
f 3687/5106/2257 3694/5113/3533 3693/5112/3532
f 3690/5109/2476 3692/5111/3531 3695/5114/3534
f 3695/5114/3534 3692/5111/3531 3212/5115/3086
f 3695/5114/3534 3212/5115/3086 3210/5116/3084
f 3690/5109/2476 3695/5114/3534 3696/5117/3535
f 3696/5117/3535 3695/5114/3534 3210/5116/3084
f 3690/5109/2476 3696/5117/3535 3694/5113/3533
f 3696/5117/3535 3210/5116/3084 3198/5118/1909
f 3696/5117/3535 3198/5118/1909 3195/5119/3071
f 3696/5117/3535 3195/5119/3071 3694/5113/3533
f 3694/5113/3533 3195/5119/3071 3190/5120/3066
f 3697/5121/3536 3693/5112/3532 3694/5113/3533
f 3697/5121/3536 3694/5113/3533 3190/5120/3066
f 3693/5112/3532 3697/5121/3536 3698/5122/3537
f 3698/5122/3537 3697/5121/3536 3190/5120/3066
f 3693/5112/3532 3698/5122/3537 3685/5104/3527
f 3186/5123/3062 3190/5120/3066 3187/5124/3063
f 3190/5120/3066 3186/5123/3062 3698/5122/3537
f 3698/5122/3537 3186/5123/3062 3699/5125/3538
f 3699/5125/3538 3186/5123/3062 3182/5052/3058
f 3685/5104/3527 3698/5122/3537 3700/5126/3539
f 3685/5104/3527 3700/5126/3539 3670/5089/3513
f 3699/5125/3538 3182/5052/3058 3701/5127/3540
f 3701/5127/3540 3182/5052/3058 3702/5128/3541
f 3701/5127/3540 3702/5128/3541 3699/5125/3538
f 3702/5128/3541 3182/5052/3058 3635/5050/3426
f 3698/5122/3537 3699/5125/3538 3703/5129/3542
f 3703/5129/3542 3699/5125/3538 3702/5128/3541
f 3704/5130/3543 3700/5126/3539 3698/5122/3537
f 3704/5130/3543 3698/5122/3537 3703/5129/3542
f 3705/5131/3544 3670/5089/3513 3700/5126/3539
f 3705/5131/3544 3700/5126/3539 3704/5130/3543
f 3670/5089/3513 3705/5131/3544 3647/5066/3491
f 3704/5130/3543 3703/5129/3542 3706/5132/3545
f 3706/5132/3545 3703/5129/3542 3702/5128/3541
f 3704/5130/3543 3706/5132/3545 3705/5131/3544
f 3706/5132/3545 3702/5128/3541 3635/5050/3426
f 3706/5132/3545 3635/5050/3426 3705/5131/3544
f 3647/5066/3491 3705/5131/3544 3707/5133/3546
f 3647/5066/3491 3707/5133/3546 3641/5060/3485
f 3641/5060/3485 3707/5133/3546 3636/5051/3481
f 3707/5133/3546 3705/5131/3544 3708/5134/3547
f 3636/5051/3481 3707/5133/3546 3709/5135/3548
f 3709/5135/3548 3707/5133/3546 3708/5134/3547
f 3709/5135/3548 3708/5134/3547 3705/5131/3544
f 3709/5135/3548 3705/5131/3544 3635/5050/3426
f 3636/5051/3481 3709/5135/3548 3633/5047/3479
f 3633/5047/3479 3709/5135/3548 3635/5050/3426
f 3710/5136/3549 3711/5137/3550 2961/5138/2846
f 3711/5137/3550 3710/5136/3549 3712/5139/3551
f 3710/5136/3549 2961/5138/2846 3462/5140/3317
f 3710/5136/3549 3462/5140/3317 3712/5139/3551
f 3712/5139/3551 3462/5140/3317 3713/5141/3552
f 3713/5141/3552 3462/5140/3317 3714/5142/3553
f 3714/5142/3553 3462/5140/3317 3602/5143/3451
f 3713/5141/3552 3714/5142/3553 3715/5144/3554
f 3714/5142/3553 3602/5143/3451 3604/5145/3453
f 3714/5142/3553 3604/5145/3453 3716/5146/3555
f 3715/5144/3554 3714/5142/3553 3717/5147/3556
f 3714/5142/3553 3716/5146/3555 3718/5148/3557
f 3714/5142/3553 3718/5148/3557 3717/5147/3556
f 3717/5147/3556 3718/5148/3557 3719/5149/3558
f 3720/5150/3559 2961/5151/2846 3711/5152/3550
f 2961/5151/2846 3720/5150/3559 3085/5153/2965
f 3085/5153/2965 3720/5150/3559 3090/5154/2969
f 3720/5150/3559 3711/5152/3550 3721/5155/3560
f 3721/5155/3560 3711/5152/3550 3712/5156/3551
f 3090/5154/2969 3720/5150/3559 3722/5157/3561
f 3722/5157/3561 3720/5150/3559 3721/5155/3560
f 3722/5157/3561 3721/5155/3560 3090/5154/2969
f 3090/5154/2969 3721/5155/3560 3716/5158/3555
f 3090/5154/2969 3716/5158/3555 3604/5159/3453
f 3716/5158/3555 3721/5155/3560 3718/5160/3557
f 3459/5161/3314 3320/5162/3192 3449/5163/3304
f 3320/5162/3192 3459/5161/3314 3442/5164/3299
f 3320/5162/3192 3442/5164/3299 3443/5165/3300
f 3320/5162/3192 3443/5165/3300 3330/5166/3201
f 3459/5161/3314 3449/5163/3304 3457/5167/3312
f 3457/5167/3312 3449/5163/3304 3451/5168/3306
f 3457/5167/3312 3451/5168/3306 3454/5169/3309
f 3459/5161/3314 3457/5167/3312 3460/5170/3315
f 3460/5170/3315 3457/5167/3312 3456/5171/3311
f 3628/5172/14 2583/5173/14 2584/5174/14
f 2583/5173/14 3628/5172/14 3335/5175/14
f 3335/5175/14 3628/5172/14 3723/5176/14
f 3723/5176/14 3628/5172/14 3724/5177/14
f 3335/5175/14 3723/5176/14 3332/5178/14
f 3332/5178/14 3723/5176/14 3725/5179/14
f 3332/5178/14 3725/5179/14 3334/5180/14
f 3334/5180/14 3725/5179/14 3726/5181/14
f 3334/5180/14 3726/5181/14 3727/5182/3488
f 3727/5182/3488 3726/5181/14 3728/5183/3562
f 3728/5183/3562 3726/5181/14 3729/5184/3563
f 3727/5182/3488 3728/5183/3562 3730/5185/3564
f 3728/5183/3562 3729/5184/3563 3731/5186/3565
f 3731/5186/3565 3729/5184/3563 3732/5187/3566
f 3731/5186/3565 3732/5187/3566 3733/5188/3567
f 3731/5186/3565 3733/5188/3567 3734/5189/3568
f 3731/5186/3565 3734/5189/3568 3728/5183/3562
f 3734/5189/3568 3733/5188/3567 3735/5190/3569
f 3734/5189/3568 3735/5190/3569 3736/5191/3570
f 3734/5189/3568 3736/5191/3570 3737/5192/3571
f 3728/5183/3562 3734/5189/3568 3738/5193/3572
f 3728/5183/3562 3738/5193/3572 3739/5194/3573
f 3739/5194/3573 3738/5193/3572 3734/5189/3568
f 3728/5183/3562 3739/5194/3573 3730/5185/3564
f 3739/5194/3573 3734/5189/3568 3737/5192/3571
f 3730/5185/3564 3739/5194/3573 3740/5195/3574
f 3740/5195/3574 3739/5194/3573 3737/5192/3571
f 3730/5185/3564 3740/5195/3574 3741/5196/3575
f 3740/5195/3574 3737/5192/3571 3742/5197/3576
f 3741/5196/3575 3740/5195/3574 3743/5198/3577
f 3743/5198/3577 3740/5195/3574 3742/5197/3576
f 2990/5199/2874 2989/5200/2873 3118/5201/2996
f 2990/5199/2874 3118/5201/2996 3744/5202/3578
f 3744/5202/3578 3118/5201/2996 3114/5203/1642
f 3114/5203/1642 3118/5201/2996 3115/5204/2993
f 2990/5199/2874 3744/5202/3578 3745/5205/3579
f 3745/5205/3579 3744/5202/3578 3114/5203/1642
f 2990/5199/2874 3745/5205/3579 3746/5206/3580
f 2990/5199/2874 3746/5206/3580 2987/5207/2871
f 2987/5207/2871 3746/5206/3580 3429/5208/3290
f 3746/5206/3580 3745/5205/3579 3747/5209/3581
f 3745/5205/3579 3114/5203/1642 3748/5210/3582
f 3745/5205/3579 3748/5210/3582 3747/5209/3581
f 3112/5211/2991 3114/5203/1642 3103/5212/2982
f 3114/5203/1642 3112/5211/2991 3748/5210/3582
f 3748/5210/3582 3112/5211/2991 3111/5213/2990
f 3111/5213/2990 3112/5211/2991 3110/5214/2989
f 3746/5206/3580 3747/5209/3581 3749/5215/3583
f 3749/5215/3583 3747/5209/3581 3748/5210/3582
f 3748/5210/3582 3111/5213/2990 3750/5216/3584
f 3750/5216/3584 3111/5213/2990 3109/5217/2988
f 3750/5216/3584 3109/5217/2988 3106/5218/2985
f 3750/5216/3584 3106/5218/2985 3751/5219/3585
f 3750/5216/3584 3751/5219/3585 3752/5220/3586
f 3752/5220/3586 3751/5219/3585 3753/5221/3587
f 3748/5210/3582 3750/5216/3584 3754/5222/3588
f 3754/5222/3588 3750/5216/3584 3752/5220/3586
f 3754/5222/3588 3752/5220/3586 3755/5223/3589
f 3755/5223/3589 3752/5220/3586 3756/5224/3590
f 3754/5222/3588 3755/5223/3589 3757/5225/3591
f 3748/5210/3582 3754/5222/3588 3758/5226/3592
f 3758/5226/3592 3754/5222/3588 3757/5225/3591
f 3748/5210/3582 3758/5226/3592 3749/5215/3583
f 3758/5226/3592 3757/5225/3591 3759/5227/3593
f 3749/5215/3583 3758/5226/3592 3760/5228/3594
f 3749/5215/3583 3760/5228/3594 3761/5229/3595
f 3758/5226/3592 3759/5227/3593 3762/5230/3596
f 3758/5226/3592 3762/5230/3596 3760/5228/3594
f 3762/5230/3596 3759/5227/3593 3763/5231/3597
f 3763/5231/3597 3759/5227/3593 3764/5232/3598
f 3760/5228/3594 3762/5230/3596 3765/5233/3599
f 3760/5228/3594 3765/5233/3599 3761/5229/3595
f 3749/5215/3583 3761/5229/3595 3766/5234/3600
f 3766/5234/3600 3761/5229/3595 3765/5233/3599
f 3749/5215/3583 3766/5234/3600 3746/5206/3580
f 3765/5233/3599 3762/5230/3596 3767/5235/3601
f 3767/5235/3601 3762/5230/3596 3763/5231/3597
f 3765/5233/3599 3767/5235/3601 3766/5234/3600
f 3746/5206/3580 3766/5234/3600 3429/5208/3290
f 3429/5208/3290 3766/5234/3600 3767/5235/3601
f 3426/5236/3287 3427/5237/3288 3429/5208/3290
f 3426/5236/3287 3429/5208/3290 3424/5238/3285
f 3424/5238/3285 3429/5208/3290 3400/5239/3263
f 3400/5239/3263 3429/5208/3290 3767/5235/3601
f 3400/5239/3263 3767/5235/3601 3399/5240/3262
f 3399/5240/3262 3767/5235/3601 3768/5241/3602
f 3399/5240/3262 3768/5241/3602 3398/5242/3261
f 3769/5243/2964 3767/5235/3601 3763/5231/3597
f 3767/5235/3601 3769/5243/2964 3768/5241/3602
f 3769/5243/2964 3763/5231/3597 3770/5244/3603
f 3769/5243/2964 3770/5244/3603 3771/5245/3604
f 3768/5241/3602 3769/5243/2964 3772/5246/3605
f 3772/5246/3605 3769/5243/2964 3771/5245/3604
f 3772/5246/3605 3771/5245/3604 3768/5241/3602
f 3768/5241/3602 3771/5245/3604 3394/5247/3257
f 3768/5241/3602 3394/5247/3257 3398/5242/3261
f 3398/5242/3261 3394/5247/3257 3393/5248/3256
f 3089/5249/405 3773/5250/3606 3088/5251/2968
f 3088/5251/2968 3773/5250/3606 3092/5252/2971
f 3773/5250/3606 3089/5249/405 3774/5253/3607
f 3092/5252/2971 3773/5250/3606 3775/5254/3608
f 3775/5254/3608 3773/5250/3606 3774/5253/3607
f 3774/5253/3607 3089/5249/405 3776/5255/3609
f 3774/5253/3607 3776/5255/3609 3777/5256/3610
f 3774/5253/3607 3777/5256/3610 3778/5257/3611
f 3775/5254/3608 3774/5253/3607 3779/5258/3612
f 3775/5254/3608 3779/5258/3612 3092/5252/2971
f 3779/5258/3612 3774/5253/3607 3778/5257/3611
f 3780/5259/3613 3093/5260/2972 3092/5252/2971
f 3780/5259/3613 3092/5252/2971 3779/5258/3612
f 3780/5259/3613 3779/5258/3612 3781/5261/3614
f 3781/5261/3614 3779/5258/3612 3782/5262/3615
f 3779/5258/3612 3778/5257/3611 3783/5263/3616
f 3779/5258/3612 3783/5263/3616 3782/5262/3615
f 3783/5263/3616 3778/5257/3611 3784/5264/706
f 3782/5262/3615 3783/5263/3616 3785/5265/3617
f 3785/5265/3617 3783/5263/3616 3784/5264/706
f 3782/5262/3615 3785/5265/3617 3786/5266/3618
f 3786/5266/3618 3785/5265/3617 3787/5267/2691
f 3787/5267/2691 3785/5265/3617 3784/5264/706
f 3786/5266/3618 3787/5267/2691 3788/5268/3619
f 3788/5268/3619 3787/5267/2691 3789/5269/3620
f 3790/5270/3621 3791/5271/3622 3789/5269/3620
f 3790/5270/3621 3789/5269/3620 3787/5267/2691
f 3790/5270/3621 3787/5267/2691 3792/5272/3623
f 3792/5272/3623 3787/5267/2691 3793/5273/3624
f 3787/5267/2691 3784/5264/706 3794/5274/3625
f 3787/5267/2691 3794/5274/3625 3793/5273/3624
f 3794/5274/3625 3784/5264/706 3795/5275/3626
f 3793/5273/3624 3794/5274/3625 3796/5276/3627
f 3796/5276/3627 3794/5274/3625 3795/5275/3626
f 3797/5277/3628 3798/5278/3629 3799/5279/3630
f 3798/5278/3629 3797/5277/3628 3800/5280/3631
f 3798/5278/3629 3800/5280/3631 3799/5279/3630
f 3799/5279/3630 3800/5280/3631 3801/5281/3632
f 3799/5279/3630 3801/5281/3632 3802/5282/3633
f 3801/5281/3632 3800/5280/3631 3803/5283/3634
f 3604/5284/3453 3089/5285/405 3090/5286/2969
f 3089/5285/405 3604/5284/3453 3605/5287/3454
f 3089/5285/405 3605/5287/3454 3804/5288/3635
f 3089/5285/405 3804/5288/3635 3776/5289/3609
f 3776/5289/3609 3804/5288/3635 3777/5290/3610
f 3804/5288/3635 3605/5287/3454 3805/5291/3636
f 3777/5290/3610 3804/5288/3635 3806/5292/3637
f 3806/5292/3637 3804/5288/3635 3805/5291/3636
f 3805/5291/3636 3605/5287/3454 3606/5293/3455
f 3777/5290/3610 3806/5292/3637 3807/5294/3638
f 3777/5290/3610 3807/5294/3638 3778/5295/3611
f 3778/5295/3611 3807/5294/3638 3784/5296/706
f 3807/5294/3638 3806/5292/3637 3808/5297/3639
f 3807/5294/3638 3808/5297/3639 3784/5296/706
f 3808/5297/3639 3806/5292/3637 3809/5298/3640
f 3784/5296/706 3808/5297/3639 3810/5299/3641
f 3810/5299/3641 3808/5297/3639 3809/5298/3640
f 3809/5298/3640 3806/5292/3637 3811/5300/3642
f 3811/5300/3642 3806/5292/3637 3805/5291/3636
f 3810/5299/3641 3809/5298/3640 3812/5301/3643
f 3812/5301/3643 3809/5298/3640 3811/5300/3642
f 3810/5299/3641 3812/5301/3643 3813/5302/3644
f 3812/5301/3643 3811/5300/3642 3814/5303/3645
f 3814/5303/3645 3811/5300/3642 3815/5304/3646
f 3815/5304/3646 3811/5300/3642 3816/5305/3647
f 3816/5305/3647 3811/5300/3642 3817/5306/3648
f 3810/5299/3641 3813/5302/3644 3818/5307/3649
f 3810/5299/3641 3818/5307/3649 3819/5308/3650
f 3819/5308/3650 3818/5307/3649 3813/5302/3644
f 3810/5299/3641 3819/5308/3650 3784/5296/706
f 3819/5308/3650 3813/5302/3644 3795/5309/3626
f 3819/5308/3650 3795/5309/3626 3784/5296/706
f 3817/5306/3648 3811/5300/3642 3820/5310/3651
f 3820/5310/3651 3811/5300/3642 3805/5291/3636
f 3821/5311/3652 3817/5306/3648 3822/5312/3653
f 3817/5306/3648 3820/5310/3651 3823/5313/3654
f 3817/5306/3648 3823/5313/3654 3822/5312/3653
f 3820/5310/3651 3805/5291/3636 3824/5314/3655
f 3820/5310/3651 3824/5314/3655 3823/5313/3654
f 3824/5314/3655 3805/5291/3636 3825/5315/3656
f 3825/5315/3656 3805/5291/3636 3606/5293/3455
f 3822/5312/3653 3823/5313/3654 3620/5316/3469
f 3822/5312/3653 3620/5316/3469 3622/5317/3471
f 3824/5314/3655 3825/5315/3656 3826/5318/3657
f 3824/5314/3655 3826/5318/3657 3823/5313/3654
f 3826/5318/3657 3825/5315/3656 3606/5293/3455
f 3620/5316/3469 3823/5313/3654 3827/5319/3658
f 3827/5319/3658 3823/5313/3654 3826/5318/3657
f 3620/5316/3469 3827/5319/3658 3619/5320/3468
f 3826/5318/3657 3606/5293/3455 3828/5321/3659
f 3826/5318/3657 3828/5321/3659 3827/5319/3658
f 3828/5321/3659 3606/5293/3455 3619/5320/3468
f 3828/5321/3659 3619/5320/3468 3827/5319/3658
f 3829/5322/3660 3797/5323/3628 3799/5324/3630
f 3829/5322/3660 3799/5324/3630 3802/5325/3633
f 3829/5322/3660 3802/5325/3633 3830/5326/3661
f 3797/5323/3628 3829/5322/3660 3831/5327/3662
f 3797/5323/3628 3831/5327/3662 3800/5328/3631
f 3800/5328/3631 3831/5327/3662 3803/5329/3634
f 3712/5330/3551 3713/5331/3552 3832/5332/3663
f 3712/5330/3551 3832/5332/3663 3721/5333/3560
f 3833/5334/3664 3834/5335/3665 3721/5333/3560
f 3833/5334/3664 3721/5333/3560 3830/5336/3661
f 3830/5336/3661 3721/5333/3560 3832/5332/3663
f 3830/5336/3661 3832/5332/3663 3835/5337/3666
f 3835/5337/3666 3832/5332/3663 3713/5331/3552
f 3830/5336/3661 3835/5337/3666 3829/5338/3660
f 3829/5338/3660 3835/5337/3666 3836/5339/3667
f 3829/5338/3660 3836/5339/3667 3837/5340/3668
f 3837/5340/3668 3836/5339/3667 3838/5341/3669
f 3835/5337/3666 3713/5331/3552 3839/5342/3670
f 3839/5342/3670 3713/5331/3552 3836/5339/3667
f 3836/5339/3667 3713/5331/3552 3715/5343/3554
f 3836/5339/3667 3715/5343/3554 3838/5341/3669
f 3838/5341/3669 3715/5343/3554 3717/5344/3556
f 3838/5341/3669 3717/5344/3556 3834/5345/3665
f 3834/5345/3665 3717/5344/3556 3719/5346/3558
f 3835/5337/3666 3839/5342/3670 3840/5347/3671
f 3839/5342/3670 3836/5339/3667 3840/5348/3672
f 3840/5347/3671 3839/5342/3670 3841/5349/3673
f 3841/5349/3673 3839/5342/3670 3840/5348/3672
f 3840/5347/3671 3841/5349/3673 3842/5350/3674
f 3840/5347/3671 3842/5350/3674 3835/5337/3666
f 3842/5350/3674 3841/5349/3673 3840/5348/3672
f 3835/5337/3666 3842/5350/3674 3836/5339/3667
f 3836/5339/3667 3842/5350/3674 3840/5348/3672
f 3843/5351/3675 2631/5352/2538 2628/5353/2535
f 3843/5351/3675 2628/5353/2535 2629/5354/2536
f 3403/5355/3266 3413/5356/3275 3404/5357/3267
f 3404/5357/3267 3413/5356/3275 3402/5358/3265
f 3301/5359/3174 3302/5360/3175 2629/5361/2536
f 2629/5361/2536 3302/5360/3175 3844/5362/3676
f 3844/5362/3676 3302/5360/3175 3304/5363/3177
f 2629/5361/2536 3844/5362/3676 3843/5364/3675
f 3623/5365/3472 2631/5366/2538 3843/5364/3675
f 3844/5362/3676 3304/5363/3177 3845/5367/3677
f 3845/5367/3677 3304/5363/3177 3308/5368/3181
f 3843/5364/3675 3844/5362/3676 3846/5369/3678
f 3623/5365/3472 3843/5364/3675 3847/5370/2112
f 3847/5370/2112 3843/5364/3675 3846/5369/3678
f 3623/5365/3472 3847/5370/2112 3848/5371/3679
f 3623/5365/3472 3848/5371/3679 3622/5372/3471
f 3847/5370/2112 3846/5369/3678 3849/5373/3680
f 3847/5370/2112 3849/5373/3680 3848/5371/3679
f 3846/5369/3678 3844/5362/3676 3850/5374/3681
f 3846/5369/3678 3850/5374/3681 3849/5373/3680
f 3622/5372/3471 3848/5371/3679 3851/5375/3682
f 3622/5372/3471 3851/5375/3682 3822/5376/3653
f 3822/5376/3653 3851/5375/3682 3821/5377/3652
f 3821/5377/3652 3851/5375/3682 3852/5378/3683
f 3821/5377/3652 3852/5378/3683 3817/5379/3648
f 3817/5379/3648 3852/5378/3683 3853/5380/3684
f 3853/5380/3684 3852/5378/3683 3851/5375/3682
f 3817/5379/3648 3853/5380/3684 3854/5381/3685
f 3854/5381/3685 3853/5380/3684 3855/5382/3686
f 3855/5382/3686 3853/5380/3684 3851/5375/3682
f 3855/5382/3686 3851/5375/3682 3848/5371/3679
f 3855/5382/3686 3848/5371/3679 3856/5383/3687
f 3856/5383/3687 3848/5371/3679 3849/5373/3680
f 3855/5382/3686 3856/5383/3687 3857/5384/3688
f 3857/5384/3688 3856/5383/3687 3858/5385/3689
f 3857/5384/3688 3858/5385/3689 3859/5386/3690
f 3857/5384/3688 3859/5386/3690 3860/5387/3691
f 3858/5385/3689 3856/5383/3687 3861/5388/3692
f 3858/5385/3689 3861/5388/3692 3859/5386/3690
f 3856/5383/3687 3849/5373/3680 3862/5389/3693
f 3860/5387/3691 3859/5386/3690 3863/5390/3694
f 3861/5388/3692 3856/5383/3687 3864/5391/3695
f 3864/5391/3695 3856/5383/3687 3862/5389/3693
f 3861/5388/3692 3864/5391/3695 3865/5392/3696
f 3865/5392/3696 3864/5391/3695 3862/5389/3693
f 3861/5388/3692 3865/5392/3696 3866/5393/3697
f 3866/5393/3697 3865/5392/3696 3862/5389/3693
f 3866/5393/3697 3862/5389/3693 3861/5388/3692
f 3867/5394/3698 3859/5386/3690 3861/5388/3692
f 3867/5394/3698 3861/5388/3692 3862/5389/3693
f 3859/5386/3690 3867/5394/3698 3868/5395/3699
f 3868/5395/3699 3867/5394/3698 3862/5389/3693
f 3859/5386/3690 3868/5395/3699 3869/5396/3700
f 3859/5386/3690 3869/5396/3700 3863/5390/3694
f 3869/5396/3700 3868/5395/3699 3870/5397/3701
f 3869/5396/3700 3870/5397/3701 3863/5390/3694
f 3868/5395/3699 3862/5389/3693 3871/5398/3702
f 3868/5395/3699 3871/5398/3702 3870/5397/3701
f 3872/5399/3703 3863/5390/3694 3873/5400/3704
f 3873/5400/3704 3863/5390/3694 3874/5401/3705
f 3874/5401/3705 3863/5390/3694 3870/5397/3701
f 3873/5400/3704 3874/5401/3705 3875/5402/3706
f 3870/5397/3701 3871/5398/3702 3876/5403/3707
f 3870/5397/3701 3876/5403/3707 3874/5401/3705
f 3875/5402/3706 3874/5401/3705 3877/5404/3708
f 3877/5404/3708 3874/5401/3705 3876/5403/3707
f 3875/5402/3706 3877/5404/3708 3878/5405/3709
f 3876/5403/3707 3871/5398/3702 3879/5406/3710
f 3876/5403/3707 3879/5406/3710 3877/5404/3708
f 3879/5406/3710 3871/5398/3702 3880/5407/3711
f 3880/5407/3711 3871/5398/3702 3862/5389/3693
f 3877/5404/3708 3879/5406/3710 3881/5408/3712
f 3881/5408/3712 3879/5406/3710 3880/5407/3711
f 3878/5405/3709 3877/5404/3708 3882/5409/3713
f 3882/5409/3713 3877/5404/3708 3881/5408/3712
f 3878/5405/3709 3882/5409/3713 3883/5410/3714
f 3883/5410/3714 3882/5409/3713 3884/5411/3715
f 3884/5411/3715 3882/5409/3713 3881/5408/3712
f 3883/5410/3714 3884/5411/3715 3885/5412/3716
f 3885/5412/3716 3884/5411/3715 3881/5408/3712
f 3883/5410/3714 3885/5412/3716 3886/5413/3717
f 3886/5413/3717 3885/5412/3716 3881/5408/3712
f 3886/5413/3717 3881/5408/3712 3887/5414/3718
f 3887/5414/3718 3881/5408/3712 3880/5407/3711
f 3886/5413/3717 3887/5414/3718 3888/5415/3719
f 3886/5413/3717 3888/5415/3719 3889/5416/3720
f 3889/5416/3720 3888/5415/3719 3890/5417/3721
f 3890/5417/3721 3888/5415/3719 3887/5414/3718
f 3889/5416/3720 3890/5417/3721 3891/5418/3722
f 3887/5414/3718 3880/5407/3711 3892/5419/3723
f 3887/5414/3718 3892/5419/3723 3890/5417/3721
f 3890/5417/3721 3892/5419/3723 3893/5420/3724
f 3890/5417/3721 3893/5420/3724 3894/5421/3725
f 3892/5419/3723 3880/5407/3711 3895/5422/3726
f 3892/5419/3723 3895/5422/3726 3896/5423/3727
f 3892/5419/3723 3896/5423/3727 3893/5420/3724
f 3895/5422/3726 3880/5407/3711 3897/5424/3728
f 3897/5424/3728 3880/5407/3711 3862/5389/3693
f 3897/5424/3728 3862/5389/3693 3849/5373/3680
f 3895/5422/3726 3897/5424/3728 3898/5425/3729
f 3895/5422/3726 3898/5425/3729 3896/5423/3727
f 3897/5424/3728 3849/5373/3680 3899/5426/3730
f 3897/5424/3728 3899/5426/3730 3898/5425/3729
f 3899/5426/3730 3849/5373/3680 3850/5374/3681
f 3896/5423/3727 3898/5425/3729 3900/5427/3731
f 3900/5427/3731 3898/5425/3729 3899/5426/3730
f 3896/5423/3727 3900/5427/3731 3893/5420/3724
f 3899/5426/3730 3850/5374/3681 3901/5428/3732
f 3899/5426/3730 3901/5428/3732 3900/5427/3731
f 3901/5428/3732 3850/5374/3681 3844/5362/3676
f 3901/5428/3732 3844/5362/3676 3845/5367/3677
f 3900/5427/3731 3901/5428/3732 3902/5429/3733
f 3902/5429/3733 3901/5428/3732 3845/5367/3677
f 3893/5420/3724 3900/5427/3731 3903/5430/3734
f 3903/5430/3734 3900/5427/3731 3902/5429/3733
f 3902/5429/3733 3845/5367/3677 3904/5431/3735
f 3902/5429/3733 3904/5431/3735 3903/5430/3734
f 3904/5431/3735 3845/5367/3677 3308/5368/3181
f 3904/5431/3735 3308/5368/3181 3307/5432/3180
f 3904/5431/3735 3307/5432/3180 3903/5430/3734
f 3903/5430/3734 3307/5432/3180 3309/5433/3182
f 3903/5430/3734 3309/5433/3182 3905/5434/3736
f 3905/5434/3736 3309/5433/3182 3310/5435/3183
f 3906/5436/3737 3893/5420/3724 3903/5430/3734
f 3893/5420/3724 3906/5436/3737 3894/5421/3725
f 3903/5430/3734 3905/5434/3736 3907/5437/3738
f 3907/5437/3738 3905/5434/3736 3310/5435/3183
f 3903/5430/3734 3907/5437/3738 3906/5436/3737
f 3894/5421/3725 3906/5436/3737 3908/5438/3737
f 3908/5438/3737 3906/5436/3737 3907/5437/3738
f 3894/5421/3725 3908/5438/3737 3909/5439/3739
f 3909/5439/3739 3908/5438/3737 3907/5437/3738
f 3907/5437/3738 3310/5435/3183 3910/5440/3740
f 3910/5440/3740 3310/5435/3183 3312/5441/1061
f 3907/5437/3738 3910/5440/3740 3911/5442/3741
f 3911/5442/3741 3910/5440/3740 3312/5441/1061
f 3907/5437/3738 3911/5442/3741 3909/5439/3739
f 3911/5442/3741 3312/5441/1061 3211/5443/3085
f 3911/5442/3741 3211/5443/3085 3213/5444/3087
f 3911/5442/3741 3213/5444/3087 3912/5445/3742
f 3911/5442/3741 3912/5445/3742 3913/5446/3743
f 3914/5447/3744 3913/5446/3743 3909/5439/3739
f 3913/5446/3743 3914/5447/3744 3911/5442/3741
f 3911/5442/3741 3914/5447/3744 3909/5439/3739
f 3831/5448/3662 3829/5449/3660 3915/5450/3745
f 3915/5450/3745 3829/5449/3660 3837/5451/3668
f 3831/5448/3662 3915/5450/3745 3803/5452/3634
f 3803/5452/3634 3915/5450/3745 3916/5453/3746
f 3803/5452/3634 3916/5453/3746 3917/5454/3747
f 3917/5454/3747 3916/5453/3746 3918/5455/3748
f 3919/5456/3749 3801/5457/3632 3803/5452/3634
f 3919/5456/3749 3803/5452/3634 3917/5454/3747
f 3919/5456/3749 3917/5454/3747 3920/5458/3750
f 3917/5454/3747 3918/5455/3748 3921/5459/3751
f 3917/5454/3747 3921/5459/3751 3922/5460/3752
f 3917/5454/3747 3922/5460/3752 3920/5458/3750
f 3922/5460/3752 3921/5459/3751 3923/5461/3753
f 3922/5460/3752 3923/5461/3753 3924/5462/3754
f 3920/5458/3750 3922/5460/3752 3925/5463/3755
f 3920/5458/3750 3925/5463/3755 3926/5464/3756
f 3922/5460/3752 3924/5462/3754 3927/5465/3757
f 3922/5460/3752 3927/5465/3757 3925/5463/3755
f 3927/5465/3757 3924/5462/3754 3928/5466/3758
f 3926/5464/3756 3925/5463/3755 3929/5467/3759
f 3929/5467/3759 3925/5463/3755 3927/5465/3757
f 3927/5465/3757 3928/5466/3758 3930/5468/3760
f 3929/5467/3759 3927/5465/3757 3931/5469/3761
f 3931/5469/3761 3927/5465/3757 3930/5468/3760
f 3931/5469/3761 3930/5468/3760 3929/5467/3759
f 3929/5467/3759 3930/5468/3760 3932/5470/3762
f 3932/5470/3762 3930/5468/3760 3933/5471/1240
f 3929/5467/3759 3932/5470/3762 3934/5472/3763
f 3934/5472/3763 3932/5470/3762 3933/5471/1240
f 3935/5473/3764 3936/5474/3765 3093/5475/2972
f 3935/5473/3764 3093/5475/2972 3780/5476/3613
f 3093/5475/2972 3936/5474/3765 3095/5477/2974
f 3935/5473/3764 3780/5476/3613 3781/5478/3614
f 3095/5477/2974 3936/5474/3765 3937/5479/3766
f 3095/5477/2974 3937/5479/3766 3106/5480/2985
f 3106/5480/2985 3937/5479/3766 3751/5481/3585
f 3751/5481/3585 3937/5479/3766 3938/5482/3767
f 3937/5479/3766 3936/5474/3765 3939/5483/3768
f 3937/5479/3766 3939/5483/3768 3753/5484/3587
f 3753/5484/3587 3939/5483/3768 3752/5485/3586
f 3752/5485/3586 3939/5483/3768 3756/5486/3590
f 3939/5483/3768 3936/5474/3765 3940/5487/3769
f 3940/5487/3769 3936/5474/3765 3935/5473/3764
f 3756/5486/3590 3939/5483/3768 3941/5488/3770
f 3941/5488/3770 3939/5483/3768 3940/5487/3769
f 3756/5486/3590 3941/5488/3770 3753/5489/3587
f 3753/5489/3587 3941/5488/3770 3937/5490/3766
f 3937/5490/3766 3941/5488/3770 3942/5491/3771
f 3942/5491/3771 3941/5488/3770 3940/5487/3769
f 3942/5491/3771 3940/5487/3769 3943/5492/3759
f 3943/5492/3759 3940/5487/3769 3935/5473/3764
f 3942/5491/3771 3943/5492/3759 3944/5493/3772
f 3944/5493/3772 3943/5492/3759 3945/5494/3773
f 3945/5494/3773 3943/5492/3759 3935/5473/3764
f 3945/5494/3773 3935/5473/3764 3781/5478/3614
f 3782/5495/3615 3786/5496/3618 3781/5478/3614
f 3781/5478/3614 3786/5496/3618 3946/5497/3774
f 3781/5478/3614 3946/5497/3774 3945/5494/3773
f 3946/5497/3774 3786/5496/3618 3788/5498/3619
f 3945/5494/3773 3946/5497/3774 3791/5499/3622
f 3791/5499/3622 3946/5497/3774 3788/5498/3619
f 3945/5494/3773 3791/5499/3622 3947/5500/3775
f 3791/5499/3622 3788/5498/3619 3789/5501/3620
f 3948/5502/3776 3949/5503/3777 3950/5504/3778
f 3950/5504/3778 3949/5503/3777 3951/5505/3779
f 3950/5504/3778 3951/5505/3779 3952/5506/3780
f 3950/5504/3778 3952/5506/3780 3953/5507/3781
f 3950/5504/3778 3953/5507/3781 3948/5502/3776
f 3952/5506/3780 3951/5505/3779 3954/5508/3782
f 3954/5508/3782 3951/5505/3779 3949/5503/3777
f 3954/5508/3782 3949/5503/3777 3955/5509/3783
f 3955/5509/3783 3949/5503/3777 3948/5502/3776
f 3954/5508/3782 3955/5509/3783 3956/5510/3784
f 3954/5508/3782 3956/5510/3784 3938/5511/3767
f 3955/5509/3783 3948/5502/3776 3957/5512/3785
f 3751/5513/3585 3938/5511/3767 3958/5514/3786
f 3938/5511/3767 3956/5510/3784 3959/5515/3787
f 3938/5511/3767 3959/5515/3787 3958/5514/3786
f 3956/5510/3784 3955/5509/3783 3960/5516/3788
f 3956/5510/3784 3960/5516/3788 3959/5515/3787
f 3960/5516/3788 3955/5509/3783 3957/5512/3785
f 3958/5514/3786 3959/5515/3787 3961/5517/3789
f 3961/5517/3789 3959/5515/3787 3960/5516/3788
f 3958/5514/3786 3961/5517/3789 3962/5518/3790
f 3961/5517/3789 3960/5516/3788 3963/5519/3791
f 3963/5519/3791 3960/5516/3788 3957/5512/3785
f 3962/5518/3790 3961/5517/3789 3964/5520/3792
f 3962/5518/3790 3964/5520/3792 3965/5521/3793
f 3961/5517/3789 3963/5519/3791 3966/5522/3794
f 3961/5517/3789 3966/5522/3794 3964/5520/3792
f 3965/5521/3793 3964/5520/3792 3967/5523/3795
f 3965/5521/3793 3967/5523/3795 3968/5524/3796
f 3967/5523/3795 3964/5520/3792 3966/5522/3794
f 3966/5522/3794 3963/5519/3791 3969/5525/3797
f 3969/5525/3797 3963/5519/3791 3957/5512/3785
f 3967/5523/3795 3966/5522/3794 3970/5526/3798
f 3966/5522/3794 3969/5525/3797 3971/5527/3799
f 3966/5522/3794 3971/5527/3799 3970/5526/3798
f 3969/5525/3797 3957/5512/3785 3972/5528/3800
f 3967/5523/3795 3970/5526/3798 3973/5529/3801
f 3971/5527/3799 3969/5525/3797 3974/5530/3802
f 3974/5530/3802 3969/5525/3797 3972/5528/3800
f 3971/5527/3799 3974/5530/3802 3975/5531/3803
f 3970/5526/3798 3971/5527/3799 3976/5532/3804
f 3976/5532/3804 3971/5527/3799 3975/5531/3803
f 3973/5529/3801 3970/5526/3798 3977/5533/3805
f 3977/5533/3805 3970/5526/3798 3976/5532/3804
f 3977/5533/3805 3976/5532/3804 3978/5534/3806
f 3978/5534/3806 3976/5532/3804 3975/5531/3803
f 3977/5533/3805 3978/5534/3806 3973/5529/3801
f 3978/5534/3806 3975/5531/3803 3974/5530/3802
f 3979/5535/3807 3967/5523/3795 3973/5529/3801
f 3979/5535/3807 3973/5529/3801 3978/5534/3806
f 3967/5523/3795 3979/5535/3807 3980/5536/3808
f 3980/5536/3808 3979/5535/3807 3981/5537/3809
f 3981/5537/3809 3979/5535/3807 3982/5538/3810
f 3978/5534/3806 3974/5530/3802 3983/5539/3811
f 3979/5535/3807 3978/5534/3806 3984/5540/3812
f 3984/5540/3812 3978/5534/3806 3983/5539/3811
f 3979/5535/3807 3984/5540/3812 3985/5541/3813
f 3985/5541/3813 3984/5540/3812 3983/5539/3811
f 3982/5538/3810 3979/5535/3807 3986/5542/3814
f 3986/5542/3814 3979/5535/3807 3985/5541/3813
f 3982/5538/3810 3986/5542/3814 3987/5543/3815
f 3983/5539/3811 3974/5530/3802 3972/5528/3800
f 3985/5541/3813 3983/5539/3811 3988/5544/3816
f 3986/5542/3814 3985/5541/3813 3989/5545/3817
f 3988/5544/3816 3983/5539/3811 3990/5546/3818
f 3990/5546/3818 3983/5539/3811 3972/5528/3800
f 3985/5541/3813 3988/5544/3816 3991/5547/3819
f 3985/5541/3813 3991/5547/3819 3989/5545/3817
f 3991/5547/3819 3988/5544/3816 3990/5546/3818
f 3986/5542/3814 3989/5545/3817 3992/5548/3820
f 3986/5542/3814 3992/5548/3820 3987/5543/3815
f 3992/5548/3820 3989/5545/3817 3991/5547/3819
f 3987/5543/3815 3992/5548/3820 3993/5549/3821
f 3987/5543/3815 3993/5549/3821 3994/5550/3822
f 3994/5550/3822 3993/5549/3821 3995/5551/3823
f 3995/5551/3823 3993/5549/3821 3996/5552/3824
f 3996/5552/3824 3993/5549/3821 3997/5553/3825
f 3997/5553/3825 3993/5549/3821 3992/5548/3820
f 3992/5548/3820 3991/5547/3819 3998/5554/3826
f 3992/5548/3820 3998/5554/3826 3997/5553/3825
f 3998/5554/3826 3991/5547/3819 3990/5546/3818
f 3997/5553/3825 3998/5554/3826 3999/5555/3827
f 3998/5554/3826 3990/5546/3818 4000/5556/3828
f 3998/5554/3826 4000/5556/3828 3999/5555/3827
f 4000/5556/3828 3990/5546/3818 3972/5528/3800
f 3997/5553/3825 3999/5555/3827 4001/5557/3829
f 3999/5555/3827 4000/5556/3828 4002/5558/3830
f 3999/5555/3827 4002/5558/3830 4001/5557/3829
f 4002/5558/3830 4000/5556/3828 4003/5559/3831
f 4003/5559/3831 4000/5556/3828 3972/5528/3800
f 4002/5558/3830 4003/5559/3831 4001/5557/3829
f 4003/5559/3831 3972/5528/3800 4004/5560/3832
f 4001/5557/3829 4003/5559/3831 4005/5561/3833
f 4005/5561/3833 4003/5559/3831 4004/5560/3832
f 4001/5557/3829 4005/5561/3833 4006/5562/3834
f 4004/5560/3832 3972/5528/3800 3957/5512/3785
f 4006/5562/3834 4005/5561/3833 4007/5563/3835
f 4007/5563/3835 4005/5561/3833 4004/5560/3832
f 4004/5560/3832 3957/5512/3785 4008/5564/3836
f 4008/5564/3836 3957/5512/3785 3948/5502/3776
f 4004/5560/3832 4008/5564/3836 4009/5565/3837
f 4009/5565/3837 4008/5564/3836 3948/5502/3776
f 4004/5560/3832 4009/5565/3837 4007/5563/3835
f 4009/5565/3837 3948/5502/3776 3953/5507/3781
f 4006/5562/3834 4007/5563/3835 4010/5566/3838
f 4009/5565/3837 3953/5507/3781 4011/5567/3839
f 4009/5565/3837 4011/5567/3839 4007/5563/3835
f 4011/5567/3839 3953/5507/3781 4012/5568/3840
f 4011/5567/3839 4012/5568/3840 4007/5563/3835
f 4007/5563/3835 4012/5568/3840 4010/5566/3838
f 4010/5566/3838 4012/5568/3840 4013/5569/3841
f 4014/5570/3842 3912/5571/3742 3213/5572/3087
f 4014/5570/3842 3213/5572/3087 3212/5573/3086
f 3912/5571/3742 4014/5570/3842 4015/5574/3843
f 3912/5571/3742 4015/5574/3843 3913/5575/3743
f 3913/5575/3743 4015/5574/3843 4016/5576/3844
f 4015/5574/3843 4014/5570/3842 4017/5577/3845
f 4015/5574/3843 4017/5577/3845 4016/5576/3844
f 4014/5570/3842 3212/5573/3086 4018/5578/3846
f 4014/5570/3842 4018/5578/3846 4017/5577/3845
f 4018/5578/3846 3212/5573/3086 4019/5579/3847
f 4019/5579/3847 3212/5573/3086 3692/5580/3531
f 4017/5577/3845 4018/5578/3846 4020/5581/3848
f 4020/5581/3848 4018/5578/3846 4019/5579/3847
f 4019/5579/3847 3692/5580/3531 4021/5582/3849
f 4019/5579/3847 4021/5582/3849 4020/5581/3848
f 4021/5582/3849 3692/5580/3531 3691/5583/3530
f 4017/5577/3845 4020/5581/3848 4022/5584/3850
f 4017/5577/3845 4022/5584/3850 4016/5576/3844
f 4020/5581/3848 4021/5582/3849 3688/5585/985
f 3688/5585/985 4021/5582/3849 3691/5583/3530
f 4020/5581/3848 3688/5585/985 4022/5584/3850
f 3688/5585/985 3691/5583/3530 3689/5586/3529
f 3909/5587/3739 3913/5575/3743 4016/5576/3844
f 3909/5587/3739 4016/5576/3844 4023/5588/3851
f 4023/5588/3851 4016/5576/3844 4024/5589/3852
f 4023/5588/3851 4024/5589/3852 3909/5587/3739
f 4024/5589/3852 4016/5576/3844 4022/5584/3850
f 3909/5587/3739 4024/5589/3852 4025/5590/3853
f 3909/5587/3739 4025/5590/3853 3894/5591/3725
f 3894/5591/3725 4025/5590/3853 3890/5592/3721
f 3890/5592/3721 4025/5590/3853 4026/5593/3854
f 3890/5592/3721 4026/5593/3854 4027/5594/3855
f 3890/5592/3721 4027/5594/3855 3891/5595/3722
f 4026/5593/3854 4025/5590/3853 4028/5596/3856
f 4028/5596/3856 4025/5590/3853 4024/5589/3852
f 4027/5594/3855 4026/5593/3854 4029/5597/3857
f 4027/5594/3855 4029/5597/3857 3891/5595/3722
f 4026/5593/3854 4028/5596/3856 4030/5598/3858
f 4026/5593/3854 4030/5598/3858 4029/5597/3857
f 4028/5596/3856 4024/5589/3852 4031/5599/3859
f 4028/5596/3856 4031/5599/3859 4030/5598/3858
f 4029/5597/3857 4030/5598/3858 4032/5600/3860
f 4029/5597/3857 4032/5600/3860 3891/5595/3722
f 4032/5600/3860 4030/5598/3858 4031/5599/3859
f 3891/5595/3722 4032/5600/3860 4033/5601/3861
f 3891/5595/3722 4033/5601/3861 3889/5602/3720
f 4032/5600/3860 4031/5599/3859 4034/5603/3862
f 4032/5600/3860 4034/5603/3862 4035/5604/3863
f 4034/5603/3862 4031/5599/3859 4036/5605/3864
f 4034/5603/3862 4036/5605/3864 4035/5604/3863
f 4032/5600/3860 4035/5604/3863 4037/5606/3865
f 4037/5606/3865 4035/5604/3863 4036/5605/3864
f 4032/5600/3860 4037/5606/3865 4038/5607/3866
f 4032/5600/3860 4038/5607/3866 4033/5601/3861
f 4039/5608/3867 3889/5602/3720 4033/5601/3861
f 3889/5602/3720 4039/5608/3867 3886/5609/3717
f 4039/5608/3867 4033/5601/3861 4040/5610/3868
f 3886/5609/3717 4039/5608/3867 4041/5611/2277
f 4041/5611/2277 4039/5608/3867 4040/5610/3868
f 3886/5609/3717 4041/5611/2277 3883/5612/3714
f 3883/5612/3714 4041/5611/2277 4042/5613/3869
f 3883/5612/3714 4042/5613/3869 3878/5614/3709
f 3878/5614/3709 4042/5613/3869 4043/5615/3870
f 4042/5613/3869 4041/5611/2277 4044/5616/3871
f 4042/5613/3869 4044/5616/3871 4043/5615/3870
f 4044/5616/3871 4041/5611/2277 4040/5610/3868
f 4043/5615/3870 4044/5616/3871 4045/5617/2160
f 4043/5615/3870 4045/5617/2160 4046/5618/3872
f 4044/5616/3871 4040/5610/3868 4047/5619/3873
f 4044/5616/3871 4047/5619/3873 4048/5620/3874
f 4048/5620/3874 4047/5619/3873 4049/5621/3875
f 4049/5621/3875 4047/5619/3873 3742/5622/3576
f 3742/5622/3576 4047/5619/3873 4050/5623/3876
f 4050/5623/3876 4047/5619/3873 4040/5610/3868
f 3742/5622/3576 4050/5623/3876 3743/5624/3577
f 4050/5623/3876 4040/5610/3868 4051/5625/3877
f 4050/5623/3876 4051/5625/3877 3743/5624/3577
f 4051/5625/3877 4040/5610/3868 4033/5601/3861
f 4051/5625/3877 4033/5601/3861 4038/5607/3866
f 4051/5625/3877 4038/5607/3866 3743/5624/3577
f 3743/5624/3577 4038/5607/3866 4052/5626/3878
f 3743/5624/3577 4052/5626/3878 3741/5627/3575
f 4052/5626/3878 4038/5607/3866 4037/5606/3865
f 3741/5627/3575 4052/5626/3878 4053/5628/3879
f 4053/5628/3879 4052/5626/3878 4037/5606/3865
f 3741/5627/3575 4053/5628/3879 4054/5629/3880
f 4053/5628/3879 4037/5606/3865 4036/5605/3864
f 4054/5629/3880 4053/5628/3879 4055/5630/3881
f 4054/5629/3880 4055/5630/3881 4056/5631/3882
f 4054/5629/3880 4056/5631/3882 4057/5632/3883
f 4055/5630/3881 4053/5628/3879 4058/5633/3884
f 4058/5633/3884 4053/5628/3879 4036/5605/3864
f 4055/5630/3881 4058/5633/3884 4056/5631/3882
f 4057/5632/3883 4056/5631/3882 4059/5634/3885
f 4058/5633/3884 4036/5605/3864 4060/5635/3886
f 4058/5633/3884 4060/5635/3886 4056/5631/3882
f 4059/5634/3885 4056/5631/3882 4061/5636/3887
f 4061/5636/3887 4056/5631/3882 4060/5635/3886
f 4059/5634/3885 4061/5636/3887 4062/5637/3888
f 4062/5637/3888 4061/5636/3887 4063/5638/3889
f 4063/5638/3889 4061/5636/3887 4060/5635/3886
f 4062/5637/3888 4063/5638/3889 4064/5639/3890
f 4064/5639/3890 4063/5638/3889 4065/5640/3891
f 4064/5639/3890 4065/5640/3891 4066/5641/3892
f 4064/5639/3890 4066/5641/3892 4067/5642/3893
f 4064/5639/3890 4067/5642/3893 4068/5643/3894
f 4068/5643/3894 4067/5642/3893 4066/5641/3892
f 4068/5643/3894 4066/5641/3892 4065/5640/3891
f 4068/5643/3894 4065/5640/3891 4063/5638/3889
f 4068/5643/3894 4063/5638/3889 4069/5644/3895
f 4069/5644/3895 4063/5638/3889 4060/5635/3886
f 4068/5643/3894 4069/5644/3895 4070/5645/3896
f 4070/5645/3896 4069/5644/3895 4071/5646/3897
f 4070/5645/3896 4071/5646/3897 4072/5647/3898
f 4072/5647/3898 4071/5646/3897 4073/5648/3899
f 4073/5648/3899 4071/5646/3897 3642/5649/3486
f 3642/5649/3486 4071/5646/3897 4074/5650/3900
f 4074/5650/3900 4071/5646/3897 4075/5651/3901
f 4075/5651/3901 4071/5646/3897 4069/5644/3895
f 4074/5650/3900 4075/5651/3901 4076/5652/3902
f 4075/5651/3901 4069/5644/3895 4077/5653/3903
f 4075/5651/3901 4077/5653/3903 4076/5652/3902
f 4077/5653/3903 4069/5644/3895 4060/5635/3886
f 4076/5652/3902 4077/5653/3903 4078/5654/3904
f 4076/5652/3902 4078/5654/3904 4079/5655/3905
f 4076/5652/3902 4079/5655/3905 4080/5656/3906
f 4078/5654/3904 4077/5653/3903 4081/5657/3907
f 4082/5658/3908 4083/5659/3909 4080/5656/3906
f 4082/5658/3908 4080/5656/3906 3674/5660/3517
f 3674/5660/3517 4080/5656/3906 4084/5661/3910
f 4084/5661/3910 4080/5656/3906 4079/5655/3905
f 3674/5660/3517 4084/5661/3910 3682/5662/3524
f 4085/5663/3911 4079/5655/3905 4078/5654/3904
f 4085/5663/3911 4078/5654/3904 4081/5657/3907
f 4079/5655/3905 4085/5663/3911 4084/5661/3910
f 3682/5662/3524 4084/5661/3910 3688/5585/985
f 3688/5585/985 4084/5661/3910 4085/5663/3911
f 3682/5662/3524 3688/5585/985 3683/5664/3525
f 3688/5585/985 4085/5663/3911 4086/5665/3912
f 4086/5665/3912 4085/5663/3911 4081/5657/3907
f 3688/5585/985 4086/5665/3912 4022/5584/3850
f 4087/5666/3913 4081/5657/3907 4077/5653/3903
f 4081/5657/3907 4087/5666/3913 4086/5665/3912
f 4087/5666/3913 4077/5653/3903 4060/5635/3886
f 4022/5584/3850 4086/5665/3912 4088/5667/3914
f 4088/5667/3914 4086/5665/3912 4087/5666/3913
f 4022/5584/3850 4088/5667/3914 4024/5589/3852
f 4087/5666/3913 4060/5635/3886 4089/5668/3915
f 4087/5666/3913 4089/5668/3915 4088/5667/3914
f 4088/5667/3914 4089/5668/3915 4024/5589/3852
f 4089/5668/3915 4060/5635/3886 4036/5605/3864
f 4024/5589/3852 4089/5668/3915 4031/5599/3859
f 4031/5599/3859 4089/5668/3915 4036/5605/3864
f 3837/5669/3668 3916/5670/3746 3915/5671/3745
f 3916/5670/3746 3837/5669/3668 4090/5672/3916
f 3916/5670/3746 4090/5672/3916 4091/5673/3917
f 4091/5673/3917 4090/5672/3916 4092/5674/3918
f 4092/5674/3918 4090/5672/3916 4093/5675/3919
f 4092/5674/3918 4093/5675/3919 4094/5676/3920
f 4090/5672/3916 3837/5669/3668 4095/5677/3921
f 4090/5672/3916 4095/5677/3921 4093/5675/3919
f 4093/5675/3919 4095/5677/3921 4094/5676/3920
f 4095/5677/3921 3837/5669/3668 3838/5678/3669
f 4094/5676/3920 4095/5677/3921 4096/5679/3922
f 4095/5677/3921 3838/5678/3669 3834/5680/3665
f 4095/5677/3921 3834/5680/3665 4096/5679/3922
f 3952/5681/3780 3954/5682/3782 4097/5683/3923
f 4097/5683/3923 3954/5682/3782 4098/5684/3924
f 4098/5684/3924 3954/5682/3782 3938/5685/3767
f 4098/5684/3924 3938/5685/3767 3937/5686/3766
f 4098/5684/3924 3937/5686/3766 3942/5687/3771
f 4098/5684/3924 3942/5687/3771 4099/5688/3925
f 4098/5684/3924 4099/5688/3925 4097/5683/3923
f 4099/5688/3925 3942/5687/3771 3944/5689/3772
f 4097/5683/3923 4099/5688/3925 4100/5690/3926
f 4100/5690/3926 4099/5688/3925 3944/5689/3772
f 4097/5683/3923 4100/5690/3926 3952/5681/3780
f 4100/5690/3926 3944/5689/3772 3947/5691/3775
f 3947/5691/3775 3944/5689/3772 3945/5692/3773
f 4100/5690/3926 3947/5691/3775 4101/5693/3927
f 4100/5690/3926 4101/5693/3927 3952/5681/3780
f 4101/5693/3927 3947/5691/3775 3791/5694/3622
f 4101/5693/3927 3791/5694/3622 4102/5695/3928
f 4102/5695/3928 3791/5694/3622 4103/5696/3929
f 4102/5695/3928 4103/5696/3929 4104/5697/3930
f 4102/5695/3928 4104/5697/3930 4105/5698/3931
f 4101/5693/3927 4102/5695/3928 4106/5699/3932
f 4101/5693/3927 4106/5699/3932 3952/5681/3780
f 4106/5699/3932 4102/5695/3928 4105/5698/3931
f 3952/5681/3780 4106/5699/3932 4107/5700/3933
f 4107/5700/3933 4106/5699/3932 4105/5698/3931
f 3952/5681/3780 4107/5700/3933 3953/5701/3781
f 3953/5701/3781 4107/5700/3933 4012/5702/3840
f 4012/5702/3840 4107/5700/3933 4105/5698/3931
f 4012/5702/3840 4105/5698/3931 4013/5703/3841
f 4013/5703/3841 4105/5698/3931 4108/5704/3934
f 3719/5705/3558 3718/5706/3557 3721/5707/3560
f 3719/5705/3558 3721/5707/3560 3834/5708/3665
f 3751/5709/3585 3756/5710/3590 3753/5711/3587
f 3756/5710/3590 3751/5709/3585 3958/5712/3786
f 3756/5710/3590 3958/5712/3786 3962/5713/3790
f 3756/5710/3590 3962/5713/3790 3755/5714/3589
f 3755/5714/3589 3962/5713/3790 4109/5715/3935
f 3755/5714/3589 4109/5715/3935 4110/5716/3936
f 3755/5714/3589 4110/5716/3936 3757/5717/3591
f 4109/5715/3935 3962/5713/3790 4111/5718/3937
f 4111/5718/3937 3962/5713/3790 3965/5719/3793
f 4111/5718/3937 3965/5719/3793 3968/5720/3796
f 4111/5718/3937 3968/5720/3796 4112/5721/3938
f 4111/5718/3937 4112/5721/3938 4109/5715/3935
f 4112/5721/3938 3968/5720/3796 4113/5722/3939
f 4114/5723/3940 4110/5716/3936 4109/5715/3935
f 4114/5723/3940 4109/5715/3935 4112/5721/3938
f 4114/5723/3940 4112/5721/3938 4113/5722/3939
f 4110/5716/3936 4114/5723/3940 3757/5717/3591
f 4114/5723/3940 4113/5722/3939 4115/5724/3941
f 4115/5724/3941 4113/5722/3939 4116/5725/3942
f 3757/5717/3591 4114/5723/3940 4117/5726/3943
f 4117/5726/3943 4114/5723/3940 4115/5724/3941
f 3757/5717/3591 4117/5726/3943 3759/5727/3593
f 4117/5726/3943 4115/5724/3941 3764/5728/3598
f 4117/5726/3943 3764/5728/3598 3759/5727/3593
f 3724/5729/14 3628/5730/14 4118/5731/14
f 4118/5731/14 3628/5730/14 3629/5732/14
f 3724/5729/14 4118/5731/14 3723/5733/14
f 3723/5733/14 4118/5731/14 3725/5734/14
f 3725/5734/14 4118/5731/14 4119/5735/14
f 3725/5734/14 4119/5735/14 4120/5736/14
f 3725/5734/14 4120/5736/14 3726/5737/14
f 4120/5736/14 4119/5735/14 4121/5738/3944
f 3726/5737/14 4120/5736/14 4122/5739/3945
f 4120/5736/14 4121/5738/3944 4123/5740/3946
f 4123/5740/3946 4121/5738/3944 4124/5741/3947
f 4122/5739/3945 4120/5736/14 4125/5742/3948
f 4122/5739/3945 4125/5742/3948 4126/5743/3949
f 4120/5736/14 4123/5740/3946 4127/5744/3950
f 4123/5740/3946 4124/5741/3947 4128/5745/3951
f 4128/5745/3951 4124/5741/3947 4129/5746/3952
f 4127/5744/3950 4123/5740/3946 4130/5747/3953
f 4128/5745/3951 4129/5746/3952 4131/5748/3954
f 4131/5748/3954 4129/5746/3952 4132/5749/3955
f 4123/5740/3946 4128/5745/3951 4133/5750/3956
f 4123/5740/3946 4133/5750/3956 4130/5747/3953
f 4133/5750/3956 4128/5745/3951 4131/5748/3954
f 4127/5744/3950 4130/5747/3953 4134/5751/3957
f 4134/5751/3957 4130/5747/3953 4133/5750/3956
f 4135/5752/3958 4120/5736/14 4127/5744/3950
f 4135/5752/3958 4127/5744/3950 4134/5751/3957
f 4120/5736/14 4135/5752/3958 4125/5742/3948
f 4133/5750/3956 4131/5748/3954 4136/5753/3959
f 4134/5751/3957 4133/5750/3956 4137/5754/3960
f 4133/5750/3956 4136/5753/3959 4138/5755/3961
f 4133/5750/3956 4138/5755/3961 4137/5754/3960
f 4138/5755/3961 4136/5753/3959 4139/5756/3962
f 4139/5756/3962 4136/5753/3959 4131/5748/3954
f 4137/5754/3960 4138/5755/3961 4140/5757/1051
f 4134/5751/3957 4137/5754/3960 4141/5758/3963
f 4141/5758/3963 4137/5754/3960 4140/5757/1051
f 4138/5755/3961 4139/5756/3962 4142/5759/3964
f 4138/5755/3961 4142/5759/3964 4140/5757/1051
f 4139/5756/3962 4131/5748/3954 4143/5760/3965
f 4143/5760/3965 4131/5748/3954 4144/5761/3966
f 4143/5760/3965 4144/5761/3966 4145/5762/3967
f 4139/5756/3962 4143/5760/3965 4146/5763/3968
f 4139/5756/3962 4146/5763/3968 4142/5759/3964
f 4143/5760/3965 4145/5762/3967 4147/5764/3969
f 4143/5760/3965 4147/5764/3969 4146/5763/3968
f 4147/5764/3969 4145/5762/3967 4148/5765/3970
f 4148/5765/3970 4145/5762/3967 4149/5766/3971
f 4148/5765/3970 4149/5766/3971 4150/5767/3972
f 4148/5765/3970 4150/5767/3972 4151/5768/3973
f 4147/5764/3969 4148/5765/3970 4152/5769/3974
f 4152/5769/3974 4148/5765/3970 4151/5768/3973
f 4146/5763/3968 4147/5764/3969 4153/5770/3975
f 4153/5770/3975 4147/5764/3969 4152/5769/3974
f 4146/5763/3968 4153/5770/3975 4154/5771/3976
f 4146/5763/3968 4154/5771/3976 4142/5759/3964
f 4153/5770/3975 4152/5769/3974 4155/5772/3977
f 4153/5770/3975 4155/5772/3977 4154/5771/3976
f 4155/5772/3977 4152/5769/3974 4151/5768/3973
f 4154/5771/3976 4155/5772/3977 4156/5773/3978
f 4156/5773/3978 4155/5772/3977 4151/5768/3973
f 4154/5771/3976 4156/5773/3978 4142/5759/3964
f 4156/5773/3978 4151/5768/3973 4157/5774/3979
f 4142/5759/3964 4156/5773/3978 4158/5775/3980
f 4158/5775/3980 4156/5773/3978 4157/5774/3979
f 4157/5774/3979 4151/5768/3973 4159/5776/3981
f 4142/5759/3964 4158/5775/3980 4160/5777/3982
f 4160/5777/3982 4158/5775/3980 4157/5774/3979
f 4157/5774/3979 4159/5776/3981 4161/5778/3983
f 4160/5777/3982 4157/5774/3979 4162/5779/3984
f 4162/5779/3984 4157/5774/3979 4161/5778/3983
f 4161/5778/3983 4159/5776/3981 4163/5780/3985
f 4161/5778/3983 4163/5780/3985 4162/5779/3984
f 4162/5779/3984 4163/5780/3985 4160/5777/3982
f 4142/5759/3964 4160/5777/3982 4164/5781/3986
f 4164/5781/3986 4160/5777/3982 4163/5780/3985
f 4142/5759/3964 4164/5781/3986 4140/5757/1051
f 4140/5757/1051 4164/5781/3986 4165/5782/3987
f 4164/5781/3986 4163/5780/3985 4166/5783/3988
f 4164/5781/3986 4166/5783/3988 4165/5782/3987
f 4140/5757/1051 4165/5782/3987 4141/5758/3963
f 4141/5758/3963 4165/5782/3987 4166/5783/3988
f 4141/5758/3963 4166/5783/3988 4167/5784/3989
f 4167/5784/3989 4166/5783/3988 4168/5785/3990
f 4167/5784/3989 4168/5785/3990 4169/5786/3991
f 4141/5758/3963 4167/5784/3989 4170/5787/3992
f 4170/5787/3992 4167/5784/3989 4169/5786/3991
f 4141/5758/3963 4170/5787/3992 4134/5751/3957
f 4134/5751/3957 4170/5787/3992 4135/5752/3958
f 4135/5752/3958 4170/5787/3992 4171/5788/3993
f 4135/5752/3958 4171/5788/3993 4125/5742/3948
f 4125/5742/3948 4171/5788/3993 4172/5789/3994
f 4171/5788/3993 4170/5787/3992 4173/5790/3873
f 4171/5788/3993 4173/5790/3873 4172/5789/3994
f 4170/5787/3992 4169/5786/3991 4174/5791/3995
f 4170/5787/3992 4174/5791/3995 4173/5790/3873
f 4174/5791/3995 4169/5786/3991 4175/5792/3996
f 4172/5789/3994 4173/5790/3873 4176/5793/3997
f 4172/5789/3994 4176/5793/3997 4125/5742/3948
f 4176/5793/3997 4173/5790/3873 4177/5794/3998
f 4176/5793/3997 4177/5794/3998 4178/5795/3999
f 4177/5794/3998 4173/5790/3873 4179/5796/4000
f 4179/5796/4000 4173/5790/3873 4174/5791/3995
f 4177/5794/3998 4179/5796/4000 4180/5797/4001
f 4179/5796/4000 4174/5791/3995 4181/5798/2026
f 4181/5798/2026 4174/5791/3995 4175/5792/3996
f 4179/5796/4000 4181/5798/2026 4182/5799/4002
f 4176/5793/3997 4178/5795/3999 4183/5800/4003
f 4176/5793/3997 4183/5800/4003 4125/5742/3948
f 4183/5800/4003 4178/5795/3999 4184/5801/4004
f 4125/5742/3948 4183/5800/4003 4126/5743/3949
f 4126/5743/3949 4183/5800/4003 4184/5801/4004
f 4181/5798/2026 4175/5792/3996 4185/5802/4005
f 4181/5798/2026 4185/5802/4005 4182/5799/4002
f 4185/5802/4005 4175/5792/3996 4169/5786/3991
f 4185/5802/4005 4169/5786/3991 4186/5803/4006
f 4185/5802/4005 4186/5803/4006 4187/5804/4007
f 4185/5802/4005 4187/5804/4007 4182/5799/4002
f 4182/5799/4002 4187/5804/4007 4045/5805/2160
f 3830/5806/3661 3802/5807/3633 3833/5808/3664
f 3833/5808/3664 3802/5807/3633 4188/5809/4008
f 4188/5809/4008 3802/5807/3633 3801/5810/3632
f 3833/5808/3664 4188/5809/4008 4096/5811/3922
f 3833/5808/3664 4096/5811/3922 3834/5812/3665
f 4188/5809/4008 3801/5810/3632 4189/5813/4009
f 4188/5809/4008 4189/5813/4009 4096/5811/3922
f 4096/5811/3922 4189/5813/4009 4092/5814/3918
f 4096/5811/3922 4092/5814/3918 4094/5815/3920
f 4092/5814/3918 4189/5813/4009 4091/5816/3917
f 4189/5813/4009 3801/5810/3632 4190/5817/4010
f 4189/5813/4009 4190/5817/4010 4091/5816/3917
f 4190/5817/4010 3801/5810/3632 3919/5818/3749
f 4091/5816/3917 4190/5817/4010 4191/5819/4011
f 4191/5819/4011 4190/5817/4010 3919/5818/3749
f 3918/5820/3748 3916/5821/3746 4091/5816/3917
f 3918/5820/3748 4091/5816/3917 4191/5819/4011
f 3918/5820/3748 4191/5819/4011 3921/5822/3751
f 3921/5822/3751 4191/5819/4011 3923/5823/3753
f 4191/5819/4011 3919/5818/3749 4192/5824/4012
f 4191/5819/4011 4192/5824/4012 3923/5823/3753
f 4192/5824/4012 3919/5818/3749 3920/5825/3750
f 4192/5824/4012 3920/5825/3750 3926/5826/3756
f 3923/5823/3753 4192/5824/4012 3928/5827/3758
f 3928/5827/3758 4192/5824/4012 3926/5826/3756
f 3923/5823/3753 3928/5827/3758 3924/5828/3754
f 3928/5827/3758 3926/5826/3756 4193/5829/4013
f 4193/5829/4013 3926/5826/3756 3929/5830/3759
f 4193/5829/4013 3929/5830/3759 3934/5831/3763
f 4193/5829/4013 3934/5831/3763 3933/5832/1240
f 3928/5827/3758 4193/5829/4013 4194/5833/4014
f 4194/5833/4014 4193/5829/4013 3933/5832/1240
f 3928/5827/3758 4194/5833/4014 3930/5834/3760
f 3930/5834/3760 4194/5833/4014 3933/5832/1240
f 3816/5835/3647 3817/5836/3648 3854/5837/3685
f 3816/5835/3647 3854/5837/3685 3815/5838/3646
f 3815/5838/3646 3854/5837/3685 4195/5839/4015
f 4195/5839/4015 3854/5837/3685 3855/5840/3686
f 4195/5839/4015 3855/5840/3686 3857/5841/3688
f 4195/5839/4015 3857/5841/3688 4196/5842/4016
f 4196/5842/4016 3857/5841/3688 3860/5843/3691
f 4196/5842/4016 3860/5843/3691 4197/5844/4017
f 4196/5842/4016 4197/5844/4017 4195/5839/4015
f 3815/5838/3646 4195/5839/4015 4198/5845/4018
f 3815/5838/3646 4198/5845/4018 3814/5846/3645
f 3814/5846/3645 4198/5845/4018 4199/5847/4019
f 3814/5846/3645 4199/5847/4019 3812/5848/3643
f 4199/5847/4019 4198/5845/4018 4200/5849/4020
f 4199/5847/4019 4200/5849/4020 3812/5848/3643
f 4200/5849/4020 4198/5845/4018 4195/5839/4015
f 4201/5850/4021 4195/5839/4015 4197/5844/4017
f 3812/5848/3643 4200/5849/4020 4202/5851/4022
f 3812/5848/3643 4202/5851/4022 4203/5852/4023
f 4203/5852/4023 4202/5851/4022 4204/5853/4024
f 4204/5853/4024 4202/5851/4022 4205/5854/4025
f 4205/5854/4025 4202/5851/4022 4200/5849/4020
f 4195/5839/4015 4201/5850/4021 4206/5855/4026
f 4195/5839/4015 4206/5855/4026 4200/5849/4020
f 4205/5854/4025 4200/5849/4020 4207/5856/4027
f 4207/5856/4027 4200/5849/4020 4206/5855/4026
f 4205/5854/4025 4207/5856/4027 4208/5857/4028
f 4206/5855/4026 4201/5850/4021 4209/5858/4029
f 4209/5858/4029 4201/5850/4021 4197/5844/4017
f 4206/5855/4026 4209/5858/4029 4207/5856/4027
f 4208/5857/4028 4207/5856/4027 4210/5859/4030
f 4209/5858/4029 4197/5844/4017 4211/5860/4031
f 4209/5858/4029 4211/5860/4031 4207/5856/4027
f 4211/5860/4031 4197/5844/4017 4212/5861/4032
f 4211/5860/4031 4212/5861/4032 4210/5862/4030
f 4210/5862/4030 4212/5861/4032 4213/5863/4033
f 4207/5856/4027 4211/5860/4031 4214/5864/4034
f 4207/5856/4027 4214/5864/4034 4215/5865/4035
f 4207/5856/4027 4215/5865/4035 4210/5859/4030
f 4210/5859/4030 4215/5865/4035 4211/5866/4031
f 4216/5867/4036 3644/5868/3488 3643/5869/3487
f 4216/5867/4036 3643/5869/3487 4080/5870/3906
f 3644/5868/3488 4216/5867/4036 3658/5871/3501
f 4216/5867/4036 4080/5870/3906 4217/5872/4037
f 4216/5867/4036 4217/5872/4037 3658/5871/3501
f 4217/5872/4037 4080/5870/3906 4083/5873/3909
f 4217/5872/4037 4083/5873/3909 3663/5874/3506
f 3663/5874/3506 4083/5873/3909 3672/5875/3515
f 4217/5872/4037 3663/5874/3506 3664/5876/3507
f 3658/5871/3501 4217/5872/4037 4218/5877/4038
f 4218/5877/4038 4217/5872/4037 3664/5876/3507
f 3658/5871/3501 4218/5877/4038 3660/5878/3503
f 3660/5878/3503 4218/5877/4038 3664/5876/3507
f 3658/5871/3501 3660/5878/3503 3657/5879/3500
f 3660/5878/3503 3664/5876/3507 3661/5880/3504
f 4082/5881/3908 3674/5882/3517 3673/5883/3516
f 4083/5884/3909 4082/5881/3908 3672/5885/3515
f 3672/5885/3515 4082/5881/3908 4219/5886/4039
f 4219/5886/4039 4082/5881/3908 3673/5883/3516
f 3672/5885/3515 4219/5886/4039 3643/5887/3487
f 3643/5887/3487 4219/5886/4039 4080/5888/3906
f 4080/5888/3906 4219/5886/4039 4076/5889/3902
f 4076/5889/3902 4219/5886/4039 4074/5890/3900
f 4074/5890/3900 4219/5886/4039 3673/5883/3516
f 4074/5890/3900 3673/5883/3516 3643/5891/3487
f 4074/5890/3900 3643/5891/3487 3642/5892/3486
f 3643/5891/3487 3673/5883/3516 3672/5893/3515
f 4073/5894/3899 3333/5895/14 3334/5896/14
f 3333/5895/14 4073/5894/3899 3642/5897/3486
f 4073/5894/3899 3334/5896/14 4220/5898/4040
f 4220/5898/4040 3334/5896/14 3727/5899/3488
f 4072/5900/3898 4073/5894/3899 4070/5901/3896
f 4070/5901/3896 4073/5894/3899 4220/5898/4040
f 4070/5901/3896 4220/5898/4040 4068/5902/3894
f 4068/5902/3894 4220/5898/4040 4221/5903/4041
f 4068/5902/3894 4221/5903/4041 4064/5904/3890
f 4064/5904/3890 4221/5903/4041 4062/5905/3888
f 4062/5905/3888 4221/5903/4041 4059/5906/3885
f 4059/5906/3885 4221/5903/4041 4222/5907/4042
f 4059/5906/3885 4222/5907/4042 4057/5908/3883
f 4057/5908/3883 4222/5907/4042 4221/5903/4041
f 4057/5908/3883 4221/5903/4041 4220/5898/4040
f 4057/5908/3883 4220/5898/4040 3727/5899/3488
f 4057/5908/3883 3727/5899/3488 3730/5909/3564
f 4057/5908/3883 3730/5909/3564 4054/5910/3880
f 4054/5910/3880 3730/5909/3564 3741/5911/3575
f 3769/5912/4043 4223/5913/4043 3772/5914/4043
f 4103/5915/3929 3791/5916/3622 3790/5917/3621
f 4103/5915/3929 3790/5917/3621 3792/5918/3623
f 4103/5915/3929 3792/5918/3623 4224/5919/4044
f 4224/5919/4044 3792/5918/3623 3793/5920/3624
f 4225/5921/4045 4104/5922/3930 4103/5915/3929
f 4225/5921/4045 4103/5915/3929 4224/5919/4044
f 4226/5923/4046 4225/5921/4045 4227/5924/4047
f 4227/5924/4047 4225/5921/4045 4224/5919/4044
f 4227/5924/4047 4224/5919/4044 4228/5925/4048
f 4228/5925/4048 4224/5919/4044 4229/5926/4049
f 4224/5919/4044 3793/5920/3624 4230/5927/4050
f 4230/5927/4050 3793/5920/3624 3796/5928/3627
f 4230/5927/4050 3796/5928/3627 4231/5929/4051
f 4231/5929/4051 3796/5928/3627 3795/5930/3626
f 4230/5927/4050 4231/5929/4051 4232/5931/4052
f 4232/5931/4052 4231/5929/4051 4233/5932/4053
f 4224/5919/4044 4230/5927/4050 4234/5933/4054
f 4234/5933/4054 4230/5927/4050 4232/5931/4052
f 4232/5931/4052 4233/5932/4053 4235/5934/4055
f 4232/5931/4052 4235/5934/4055 4234/5933/4054
f 4224/5919/4044 4234/5933/4054 4236/5935/4056
f 4236/5935/4056 4234/5933/4054 4235/5934/4055
f 4224/5919/4044 4236/5935/4056 4229/5926/4049
f 4235/5934/4055 4233/5932/4053 4237/5936/4057
f 4235/5934/4055 4237/5936/4057 4236/5935/4056
f 4237/5936/4057 4233/5932/4053 4238/5937/4058
f 4229/5926/4049 4236/5935/4056 4239/5938/4059
f 4239/5938/4059 4236/5935/4056 4237/5936/4057
f 4239/5938/4059 4237/5936/4057 4229/5926/4049
f 4240/5939/4060 4237/5936/4057 4241/5940/4061
f 4242/5941/4062 4243/5942/4063 4240/5939/4060
f 4240/5939/4060 4243/5942/4063 4244/5943/4064
f 4240/5939/4060 4244/5943/4064 4237/5936/4057
f 4237/5936/4057 4244/5943/4064 4245/5944/4065
f 4237/5936/4057 4245/5944/4065 4229/5926/4049
f 4245/5944/4065 4244/5943/4064 4246/5945/4066
f 4245/5944/4065 4246/5945/4066 4247/5946/4067
f 4245/5944/4065 4247/5946/4067 4248/5947/4068
f 4249/5948/4069 4248/5947/4068 4229/5926/4049
f 4248/5947/4068 4249/5948/4069 4245/5944/4065
f 4249/5948/4069 4229/5926/4049 4250/5949/4070
f 4250/5949/4070 4229/5926/4049 4245/5944/4065
f 4250/5949/4070 4245/5944/4065 4249/5948/4069
f 3863/5950/3694 3872/5951/3703 3860/5952/3691
f 3860/5952/3691 3872/5951/3703 4197/5953/4017
f 4197/5953/4017 3872/5951/3703 4251/5954/4071
f 4251/5954/4071 3872/5951/3703 3873/5955/3704
f 4197/5953/4017 4251/5954/4071 4212/5956/4032
f 4212/5956/4032 4251/5954/4071 4252/5957/4072
f 4252/5957/4072 4251/5954/4071 4253/5958/4073
f 4212/5956/4032 4252/5957/4072 4254/5959/4074
f 4212/5956/4032 4254/5959/4074 4255/5960/4075
f 4256/5961/4076 4257/5962/4077 4252/5957/4072
f 4252/5957/4072 4257/5962/4077 4258/5963/4078
f 4252/5957/4072 4258/5963/4078 4254/5959/4074
f 4258/5963/4078 4257/5962/4077 4259/5964/4079
f 4254/5959/4074 4258/5963/4078 4260/5965/4080
f 4254/5959/4074 4260/5965/4080 4255/5960/4075
f 4260/5965/4080 4258/5963/4078 4261/5966/4081
f 4261/5966/4081 4258/5963/4078 4259/5964/4079
f 4260/5965/4080 4261/5966/4081 4255/5960/4075
f 4213/5967/4033 4212/5956/4032 4255/5960/4075
f 4261/5966/4081 4259/5964/4079 4262/5968/4082
f 4262/5968/4082 4259/5964/4079 4263/5969/4083
f 4261/5966/4081 4262/5968/4082 4264/5970/4084
f 4261/5966/4081 4264/5970/4084 4265/5971/4085
f 4265/5971/4085 4264/5970/4084 4262/5968/4082
f 4261/5966/4081 4265/5971/4085 4255/5960/4075
f 4265/5971/4085 4262/5968/4082 4263/5969/4083
f 4255/5960/4075 4265/5971/4085 4266/5972/4086
f 4255/5960/4075 4266/5972/4086 4213/5967/4033
f 4213/5967/4033 4266/5972/4086 4265/5971/4085
f 4265/5971/4085 4263/5969/4083 4267/5973/4087
f 4265/5971/4085 4267/5973/4087 4213/5967/4033
f 4267/5973/4087 4263/5969/4083 4268/5974/4088
f 4213/5967/4033 4267/5973/4087 4269/5975/4089
f 4269/5975/4089 4267/5973/4087 4268/5974/4088
f 4268/5974/4088 4263/5969/4083 4270/5976/4090
f 4213/5967/4033 4269/5975/4089 4210/5977/4030
f 4268/5974/4088 4270/5976/4090 4271/5978/4091
f 4271/5978/4091 4270/5976/4090 4272/5979/4092
f 4268/5974/4088 4271/5978/4091 4273/5980/4093
f 4268/5974/4088 4273/5980/4093 4269/5975/4089
f 4210/5977/4030 4269/5975/4089 4274/5981/4094
f 4274/5981/4094 4269/5975/4089 4273/5980/4093
f 4210/5977/4030 4274/5981/4094 4214/5982/4034
f 4214/5982/4034 4274/5981/4094 4215/5983/4035
f 4215/5983/4035 4274/5981/4094 4211/5984/4031
f 4273/5980/4093 4271/5978/4091 4275/5985/4095
f 4211/5984/4031 4274/5981/4094 4276/5986/4096
f 4276/5986/4096 4274/5981/4094 4273/5980/4093
f 4211/5984/4031 4276/5986/4096 4214/5987/4034
f 4273/5980/4093 4275/5985/4095 4277/5988/4097
f 4277/5988/4097 4275/5985/4095 4243/5989/4063
f 4277/5988/4097 4243/5989/4063 4242/5990/4062
f 4277/5988/4097 4242/5990/4062 4273/5980/4093
f 4273/5980/4093 4242/5990/4062 4276/5986/4096
f 4214/5987/4034 4276/5986/4096 4208/5991/4028
f 4208/5991/4028 4276/5986/4096 4242/5990/4062
f 4214/5987/4034 4208/5991/4028 4210/5992/4030
f 4208/5991/4028 4242/5990/4062 4278/5993/4098
f 4208/5991/4028 4278/5993/4098 4205/5994/4025
f 4205/5994/4025 4278/5993/4098 4204/5995/4024
f 4278/5993/4098 4242/5990/4062 4279/5996/4099
f 4278/5993/4098 4279/5996/4099 4204/5995/4024
f 4279/5996/4099 4242/5990/4062 4240/5997/4060
f 4279/5996/4099 4240/5997/4060 4241/5998/4061
f 4279/5996/4099 4241/5998/4061 4204/5995/4024
f 4204/5995/4024 4241/5998/4061 4233/5999/4053
f 3599/6000/3448 3392/6001/3255 3394/6002/3257
f 3599/6000/3448 3394/6002/3257 4280/6003/4100
f 4280/6003/4100 3394/6002/3257 3771/6004/3604
f 4280/6003/4100 3771/6004/3604 3770/6005/3603
f 3599/6000/3448 4280/6003/4100 4281/6006/4101
f 3599/6000/3448 4281/6006/4101 3583/6007/3432
f 4280/6003/4100 3770/6005/3603 4282/6008/4102
f 3583/6007/3432 4281/6006/4101 3584/6009/3433
f 3584/6009/3433 4281/6006/4101 4283/6010/4103
f 3584/6009/3433 4283/6010/4103 3581/6011/3430
f 3581/6011/3430 4283/6010/4103 3574/6012/3423
f 4283/6010/4103 4281/6006/4101 4284/6013/4104
f 4282/6008/4102 3770/6005/3603 3763/6014/3597
f 4285/6015/4105 4281/6006/4101 4280/6003/4100
f 4281/6006/4101 4285/6015/4105 4284/6013/4104
f 4285/6015/4105 4280/6003/4100 4282/6008/4102
f 4284/6013/4104 4285/6015/4105 4286/6016/4106
f 4282/6008/4102 3763/6014/3597 4287/6017/4107
f 4287/6017/4107 3763/6014/3597 4288/6018/4108
f 4282/6008/4102 4287/6017/4107 4289/6019/4109
f 4289/6019/4109 4287/6017/4107 4288/6018/4108
f 4288/6018/4108 3763/6014/3597 3764/6020/3598
f 4285/6015/4105 4282/6008/4102 4290/6021/4110
f 4285/6015/4105 4290/6021/4110 4291/6022/4111
f 4290/6021/4110 4282/6008/4102 4289/6019/4109
f 4288/6018/4108 3764/6020/3598 4292/6023/4112
f 4289/6019/4109 4288/6018/4108 4293/6024/2446
f 4293/6024/2446 4288/6018/4108 4292/6023/4112
f 4292/6023/4112 3764/6020/3598 4294/6025/4113
f 4292/6023/4112 4294/6025/4113 4293/6024/2446
f 4293/6024/2446 4294/6025/4113 4289/6019/4109
f 4294/6025/4113 3764/6020/3598 4115/6026/3941
f 4290/6021/4110 4289/6019/4109 4295/6027/4114
f 4295/6027/4114 4289/6019/4109 4294/6025/4113
f 4294/6025/4113 4115/6026/3941 4296/6028/4115
f 4296/6028/4115 4115/6026/3941 4297/6029/4116
f 4297/6029/4116 4115/6026/3941 4116/6030/3942
f 4294/6025/4113 4296/6028/4115 4298/6031/4117
f 4298/6031/4117 4296/6028/4115 4297/6029/4116
f 4295/6027/4114 4294/6025/4113 4299/6032/4118
f 4295/6027/4114 4299/6032/4118 4290/6021/4110
f 4294/6025/4113 4298/6031/4117 4300/6033/4119
f 4300/6033/4119 4298/6031/4117 4297/6029/4116
f 4297/6029/4116 4116/6030/3942 4301/6034/4120
f 4300/6033/4119 4297/6029/4116 4302/6035/4121
f 4300/6033/4119 4302/6035/4121 4303/6036/4122
f 4302/6035/4121 4297/6029/4116 4304/6037/4123
f 4302/6035/4121 4304/6037/4123 4303/6036/4122
f 4304/6037/4123 4297/6029/4116 4301/6034/4120
f 4300/6033/4119 4303/6036/4122 4305/6038/4124
f 4300/6033/4119 4305/6038/4124 4294/6025/4113
f 4305/6038/4124 4303/6036/4122 4304/6037/4123
f 4306/6039/2326 4299/6032/4118 4294/6025/4113
f 4306/6039/2326 4294/6025/4113 4305/6038/4124
f 4299/6032/4118 4306/6039/2326 4307/6040/4125
f 4299/6032/4118 4307/6040/4125 4290/6021/4110
f 4307/6040/4125 4306/6039/2326 4308/6041/4126
f 4307/6040/4125 4308/6041/4126 4290/6021/4110
f 4290/6021/4110 4308/6041/4126 4306/6039/2326
f 4290/6021/4110 4306/6039/2326 4309/6042/4127
f 4309/6042/4127 4306/6039/2326 4310/6043/4128
f 4310/6043/4128 4306/6039/2326 4305/6038/4124
f 4290/6021/4110 4309/6042/4127 4311/6044/4129
f 4311/6044/4129 4309/6042/4127 4310/6043/4128
f 4290/6021/4110 4311/6044/4129 4312/6045/4130
f 4312/6045/4130 4311/6044/4129 4310/6043/4128
f 4290/6021/4110 4312/6045/4130 4313/6046/4131
f 4313/6046/4131 4312/6045/4130 4310/6043/4128
f 4290/6021/4110 4313/6046/4131 4314/6047/4132
f 4313/6046/4131 4310/6043/4128 4315/6048/4133
f 4315/6048/4133 4310/6043/4128 4305/6038/4124
f 4315/6048/4133 4305/6038/4124 4316/6049/4134
f 4316/6049/4134 4305/6038/4124 4317/6050/4135
f 4317/6050/4135 4305/6038/4124 4318/6051/4136
f 4318/6051/4136 4305/6038/4124 4319/6052/4137
f 4319/6052/4137 4305/6038/4124 4320/6053/4138
f 4319/6052/4137 4320/6053/4138 4321/6054/4139
f 4320/6053/4138 4305/6038/4124 4304/6037/4123
f 4321/6054/4139 4320/6053/4138 4322/6055/4140
f 4322/6055/4140 4320/6053/4138 4304/6037/4123
f 4321/6054/4139 4322/6055/4140 4323/6056/4141
f 4323/6056/4141 4322/6055/4140 4324/6057/4142
f 4324/6057/4142 4322/6055/4140 4304/6037/4123
f 4323/6056/4141 4324/6057/4142 4325/6058/4143
f 4325/6058/4143 4324/6057/4142 4326/6059/4144
f 4324/6057/4142 4304/6037/4123 4327/6060/4145
f 4324/6057/4142 4327/6060/4145 4326/6059/4144
f 4327/6060/4145 4304/6037/4123 4301/6034/4120
f 4326/6059/4144 4327/6060/4145 4328/6061/4146
f 4327/6060/4145 4301/6034/4120 4329/6062/4147
f 4327/6060/4145 4329/6062/4147 4328/6061/4146
f 4329/6062/4147 4301/6034/4120 4330/6063/4148
f 4329/6062/4147 4330/6063/4148 4328/6061/4146
f 4330/6063/4148 4301/6034/4120 4331/6064/4149
f 4330/6063/4148 4331/6064/4149 4332/6065/4150
f 4328/6061/4146 4330/6063/4148 4333/6066/4151
f 4333/6066/4151 4330/6063/4148 4332/6065/4150
f 4334/6067/4152 4328/6061/4146 4335/6068/4153
f 4335/6068/4153 4328/6061/4146 4336/6069/4154
f 4336/6069/4154 4328/6061/4146 4333/6066/4151
f 4335/6068/4153 4336/6069/4154 4337/6070/4155
f 4337/6070/4155 4336/6069/4154 4338/6071/4156
f 4336/6069/4154 4333/6066/4151 4339/6072/4157
f 4339/6072/4157 4333/6066/4151 4332/6065/4150
f 4338/6071/4156 4336/6069/4154 4340/6073/4158
f 4340/6073/4158 4336/6069/4154 4339/6072/4157
f 4338/6071/4156 4340/6073/4158 4341/6074/4159
f 4339/6072/4157 4332/6065/4150 4342/6075/4160
f 4339/6072/4157 4342/6075/4160 4340/6073/4158
f 4340/6073/4158 4342/6075/4160 4341/6074/4159
f 4342/6075/4160 4332/6065/4150 4343/6076/4161
f 4342/6075/4160 4343/6076/4161 4341/6074/4159
f 4341/6074/4159 4343/6076/4161 4344/6077/4162
f 4231/6078/4051 3795/6079/3626 3813/6080/3644
f 4231/6078/4051 3813/6080/3644 4233/6081/4053
f 4233/6081/4053 3813/6080/3644 4203/6082/4023
f 4233/6081/4053 4203/6082/4023 4204/6083/4024
f 4203/6082/4023 3813/6080/3644 3812/6084/3643
f 4010/6085/3838 4013/6086/3841 4108/6087/3934
f 4105/6088/3931 4104/6089/3930 4108/6087/3934
f 4108/6087/3934 4104/6089/3930 4225/6090/4045
f 4010/6085/3838 4108/6087/3934 4345/6091/4163
f 4108/6087/3934 4225/6090/4045 4226/6092/4046
f 4108/6087/3934 4226/6092/4046 4345/6091/4163
f 4010/6085/3838 4345/6091/4163 4006/6093/3834
f 4227/6094/4047 4346/6095/4164 4226/6092/4046
f 4006/6093/3834 4345/6091/4163 4347/6096/4165
f 4006/6093/3834 4347/6096/4165 4001/6097/3829
f 4001/6097/3829 4347/6096/4165 3997/6098/3825
f 4347/6096/4165 4345/6091/4163 4348/6099/4166
f 4345/6091/4163 4226/6092/4046 4349/6100/4167
f 4345/6091/4163 4349/6100/4167 4348/6099/4166
f 4349/6100/4167 4226/6092/4046 4346/6095/4164
f 4347/6096/4165 4348/6099/4166 4350/6101/4168
f 4347/6096/4165 4350/6101/4168 3997/6098/3825
f 4350/6101/4168 4348/6099/4166 4349/6100/4167
f 3997/6098/3825 4350/6101/4168 4351/6102/4169
f 4351/6102/4169 4350/6101/4168 4349/6100/4167
f 4351/6102/4169 4349/6100/4167 4346/6095/4164
f 3997/6098/3825 4351/6102/4169 3996/6103/3824
f 4351/6102/4169 4346/6095/4164 4352/6104/4170
f 3996/6103/3824 4351/6102/4169 3995/6105/3823
f 3995/6105/3823 4351/6102/4169 4352/6104/4170
f 3995/6105/3823 4352/6104/4170 4353/6106/4171
f 3441/6107/14 3440/6108/14 3558/6109/3403
f 3441/6107/14 3558/6109/3403 4354/6110/3403
f 3441/6107/14 4354/6110/3403 4355/6111/14
f 4356/6112/14 4118/6113/14 3629/6114/14
f 4356/6112/14 3629/6114/14 3630/6115/14
f 4356/6112/14 3630/6115/14 3441/6116/14
f 4356/6112/14 3441/6116/14 4355/6117/14
f 4356/6112/14 4355/6117/14 4357/6118/4172
f 4356/6112/14 4357/6118/4172 4358/6119/14
f 4356/6112/14 4358/6119/14 4118/6113/14
f 4118/6113/14 4358/6119/14 4119/6120/14
f 4119/6120/14 4358/6119/14 4359/6121/3899
f 4241/6122/4061 4238/6123/4058 4233/6124/4053
f 4238/6123/4058 4241/6122/4061 4237/6125/4057
f 4251/6126/4071 3873/6127/3704 4256/6128/4076
f 4256/6128/4076 3873/6127/3704 4257/6129/4077
f 4251/6126/4071 4256/6128/4076 4253/6130/4073
f 4253/6130/4073 4256/6128/4076 4252/6131/4072
f 3873/6132/3704 3875/6133/3706 4257/6134/4077
f 4257/6134/4077 3875/6133/3706 3878/6135/3709
f 4257/6134/4077 3878/6135/3709 4360/6136/4173
f 4257/6134/4077 4360/6136/4173 4259/6137/4079
f 4360/6136/4173 3878/6135/3709 4361/6138/4174
f 4361/6138/4174 3878/6135/3709 4043/6139/3870
f 4259/6137/4079 4360/6136/4173 4362/6140/4175
f 4362/6140/4175 4360/6136/4173 4361/6138/4174
f 4361/6138/4174 4043/6139/3870 4046/6141/3872
f 4259/6137/4079 4362/6140/4175 4363/6142/4176
f 4259/6137/4079 4363/6142/4176 4263/6143/4083
f 4362/6140/4175 4361/6138/4174 4364/6144/4177
f 4362/6140/4175 4364/6144/4177 4363/6142/4176
f 4263/6143/4083 4363/6142/4176 4365/6145/4178
f 4263/6143/4083 4365/6145/4178 4366/6146/4179
f 4365/6145/4178 4363/6142/4176 4367/6147/4180
f 4365/6145/4178 4367/6147/4180 4366/6146/4179
f 4367/6147/4180 4363/6142/4176 4368/6148/4181
f 4368/6148/4181 4363/6142/4176 4364/6144/4177
f 4366/6146/4179 4367/6147/4180 4369/6149/4182
f 4369/6149/4182 4367/6147/4180 4368/6148/4181
f 4366/6146/4179 4369/6149/4182 4370/6150/4183
f 4368/6148/4181 4364/6144/4177 4371/6151/4184
f 4368/6148/4181 4371/6151/4184 4369/6149/4182
f 4370/6150/4183 4369/6149/4182 4372/6152/4185
f 4372/6152/4185 4369/6149/4182 4371/6151/4184
f 4370/6150/4183 4372/6152/4185 4373/6153/4186
f 4373/6153/4186 4372/6152/4185 4374/6154/4187
f 4374/6154/4187 4372/6152/4185 4371/6151/4184
f 4373/6153/4186 4374/6154/4187 4159/6155/3981
f 4159/6155/3981 4374/6154/4187 4163/6156/3985
f 4375/6157/4188 4371/6151/4184 4364/6144/4177
f 4163/6156/3985 4374/6154/4187 4376/6158/4189
f 4376/6158/4189 4374/6154/4187 4371/6151/4184
f 4163/6156/3985 4376/6158/4189 4377/6159/4190
f 4163/6156/3985 4377/6159/4190 4166/6160/3988
f 4376/6158/4189 4371/6151/4184 4378/6161/4191
f 4378/6161/4191 4371/6151/4184 4375/6157/4188
f 4377/6159/4190 4376/6158/4189 4379/6162/4192
f 4379/6162/4192 4376/6158/4189 4378/6161/4191
f 4377/6159/4190 4379/6162/4192 4166/6160/3988
f 4380/6163/4193 4375/6157/4188 4364/6144/4177
f 4375/6157/4188 4380/6163/4193 4378/6161/4191
f 4380/6163/4193 4364/6144/4177 4361/6138/4174
f 4379/6162/4192 4378/6161/4191 4381/6164/4194
f 4379/6162/4192 4381/6164/4194 4166/6160/3988
f 4381/6164/4194 4378/6161/4191 4380/6163/4193
f 4380/6163/4193 4361/6138/4174 4046/6141/3872
f 4166/6160/3988 4381/6164/4194 4168/6165/3990
f 4168/6165/3990 4381/6164/4194 4186/6166/4006
f 4168/6165/3990 4186/6166/4006 4169/6167/3991
f 4186/6166/4006 4381/6164/4194 4187/6168/4007
f 4381/6164/4194 4380/6163/4193 4382/6169/4195
f 4381/6164/4194 4382/6169/4195 4187/6168/4007
f 4380/6163/4193 4046/6141/3872 4383/6170/4196
f 4380/6163/4193 4383/6170/4196 4382/6169/4195
f 4382/6169/4195 4383/6170/4196 4187/6168/4007
f 4383/6170/4196 4046/6141/3872 4045/6171/2160
f 4383/6170/4196 4045/6171/2160 4187/6168/4007
f 3980/6172/3808 3968/6173/3796 3967/6174/3795
f 3968/6173/3796 3980/6172/3808 4384/6175/4197
f 4384/6175/4197 3980/6172/3808 4385/6176/4198
f 3968/6173/3796 4384/6175/4197 4386/6177/4199
f 4386/6177/4199 4384/6175/4197 4385/6176/4198
f 3968/6173/3796 4386/6177/4199 4113/6178/3939
f 4385/6176/4198 3980/6172/3808 3981/6179/3809
f 4113/6178/3939 4386/6177/4199 4387/6180/4200
f 4113/6178/3939 4387/6180/4200 4116/6181/3942
f 4116/6181/3942 4387/6180/4200 4388/6182/4201
f 4388/6182/4201 4387/6180/4200 4386/6177/4199
f 4116/6181/3942 4388/6182/4201 4389/6183/4202
f 4389/6183/4202 4388/6182/4201 4386/6177/4199
f 4116/6181/3942 4389/6183/4202 4301/6184/4120
f 4301/6184/4120 4389/6183/4202 4331/6185/4149
f 4390/6186/4203 4385/6176/4198 3981/6179/3809
f 4390/6186/4203 3981/6179/3809 3982/6187/3810
f 4385/6176/4198 4390/6186/4203 4391/6188/4204
f 4331/6185/4149 4389/6183/4202 4332/6189/4150
f 4385/6176/4198 4391/6188/4204 4392/6190/4205
f 4385/6176/4198 4392/6190/4205 4386/6177/4199
f 4391/6188/4204 4390/6186/4203 4393/6191/4206
f 4391/6188/4204 4393/6191/4206 4392/6190/4205
f 4393/6191/4206 4390/6186/4203 3982/6187/3810
f 4386/6177/4199 4392/6190/4205 4394/6192/4207
f 4394/6192/4207 4392/6190/4205 4393/6191/4206
f 4386/6177/4199 4394/6192/4207 4389/6183/4202
f 4393/6191/4206 3982/6187/3810 4395/6193/4208
f 4393/6191/4206 4395/6193/4208 4394/6192/4207
f 4395/6193/4208 3982/6187/3810 4396/6194/4209
f 4394/6192/4207 4395/6193/4208 4397/6195/4210
f 4397/6195/4210 4395/6193/4208 4396/6194/4209
f 4394/6192/4207 4397/6195/4210 4398/6196/4211
f 4394/6192/4207 4398/6196/4211 4389/6183/4202
f 4397/6195/4210 4396/6194/4209 4399/6197/4212
f 4397/6195/4210 4399/6197/4212 4398/6196/4211
f 4396/6194/4209 3982/6187/3810 4400/6198/4213
f 4396/6194/4209 4400/6198/4213 4399/6197/4212
f 4400/6198/4213 3982/6187/3810 3987/6199/3815
f 4398/6196/4211 4399/6197/4212 4401/6200/4214
f 4400/6198/4213 3987/6199/3815 4402/6201/4215
f 4400/6198/4213 4402/6201/4215 4399/6197/4212
f 4402/6201/4215 3987/6199/3815 3994/6202/3822
f 4401/6200/4214 4399/6197/4212 4403/6203/4216
f 4403/6203/4216 4399/6197/4212 4402/6201/4215
f 4402/6201/4215 3994/6202/3822 4404/6204/4217
f 4402/6201/4215 4404/6204/4217 4403/6203/4216
f 4404/6204/4217 3994/6202/3822 3995/6205/3823
f 4404/6204/4217 3995/6205/3823 4353/6206/4171
f 4405/6207/4218 4398/6196/4211 4401/6200/4214
f 4405/6207/4218 4401/6200/4214 4403/6203/4216
f 4403/6203/4216 4404/6204/4217 4406/6208/4219
f 4406/6208/4219 4404/6204/4217 4353/6206/4171
f 4403/6203/4216 4406/6208/4219 4407/6209/4220
f 4403/6203/4216 4407/6209/4220 4405/6207/4218
f 4406/6208/4219 4353/6206/4171 4408/6210/4221
f 4408/6210/4221 4353/6206/4171 4352/6211/4170
f 4407/6209/4220 4406/6208/4219 4409/6212/4222
f 4409/6212/4222 4406/6208/4219 4408/6210/4221
f 4408/6210/4221 4352/6211/4170 4410/6213/4223
f 4408/6210/4221 4410/6213/4223 4409/6212/4222
f 4410/6213/4223 4352/6211/4170 4346/6214/4164
f 4227/6215/4047 4228/6216/4048 4346/6214/4164
f 4346/6214/4164 4228/6216/4048 4410/6213/4223
f 4410/6213/4223 4228/6216/4048 4248/6217/4068
f 4248/6217/4068 4228/6216/4048 4229/6218/4049
f 4409/6212/4222 4410/6213/4223 4411/6219/4224
f 4409/6212/4222 4411/6219/4224 4407/6209/4220
f 4410/6213/4223 4248/6217/4068 4412/6220/4225
f 4410/6213/4223 4412/6220/4225 4411/6219/4224
f 4412/6220/4225 4248/6217/4068 4247/6221/4067
f 4407/6209/4220 4411/6219/4224 4413/6222/4226
f 4407/6209/4220 4413/6222/4226 4405/6207/4218
f 4411/6219/4224 4412/6220/4225 4414/6223/4227
f 4411/6219/4224 4414/6223/4227 4413/6222/4226
f 4412/6220/4225 4247/6221/4067 4415/6224/4228
f 4412/6220/4225 4415/6224/4228 4414/6223/4227
f 4415/6224/4228 4247/6221/4067 4246/6225/4066
f 4415/6224/4228 4246/6225/4066 4416/6226/4229
f 4414/6223/4227 4415/6224/4228 4417/6227/4230
f 4417/6227/4230 4415/6224/4228 4416/6226/4229
f 4414/6223/4227 4417/6227/4230 4413/6222/4226
f 4417/6227/4230 4416/6226/4229 4418/6228/4231
f 4417/6227/4230 4418/6228/4231 4419/6229/4232
f 4419/6229/4232 4418/6228/4231 4420/6230/4233
f 4413/6222/4226 4417/6227/4230 4421/6231/4234
f 4413/6222/4226 4421/6231/4234 4405/6207/4218
f 4421/6231/4234 4417/6227/4230 4419/6229/4232
f 4419/6229/4232 4420/6230/4233 4422/6232/4235
f 4405/6207/4218 4421/6231/4234 4423/6233/4236
f 4423/6233/4236 4421/6231/4234 4419/6229/4232
f 4405/6207/4218 4423/6233/4236 4398/6196/4211
f 4419/6229/4232 4422/6232/4235 4424/6234/4237
f 4419/6229/4232 4424/6234/4237 4423/6233/4236
f 4398/6196/4211 4423/6233/4236 4389/6183/4202
f 4424/6234/4237 4422/6232/4235 4425/6235/1866
f 4424/6234/4237 4425/6235/1866 4423/6233/4236
f 4389/6183/4202 4423/6233/4236 4426/6236/4238
f 4426/6236/4238 4423/6233/4236 4425/6235/1866
f 4389/6183/4202 4426/6236/4238 4427/6237/4239
f 4389/6183/4202 4427/6237/4239 4332/6189/4150
f 4332/6189/4150 4427/6237/4239 4426/6236/4238
f 4425/6235/1866 4422/6232/4235 4428/6238/4240
f 4425/6235/1866 4428/6238/4240 4426/6236/4238
f 4428/6238/4240 4422/6232/4235 4429/6239/4241
f 4332/6189/4150 4426/6236/4238 4430/6240/4242
f 4430/6240/4242 4426/6236/4238 4428/6238/4240
f 4332/6189/4150 4430/6240/4242 4343/6241/4161
f 4428/6238/4240 4429/6239/4241 4431/6242/4243
f 4431/6242/4243 4429/6239/4241 4343/6241/4161
f 4428/6238/4240 4431/6242/4243 4430/6240/4242
f 4430/6240/4242 4431/6242/4243 4343/6241/4161
f 3574/6243/3423 4283/6244/4103 4432/6245/4244
f 3574/6243/3423 4432/6245/4244 3575/6246/3424
f 4432/6245/4244 4283/6244/4103 4433/6247/4245
f 3575/6246/3424 4432/6245/4244 4434/6248/613
f 4434/6248/613 4432/6245/4244 4433/6247/4245
f 3575/6246/3424 4434/6248/613 4435/6249/4246
f 4435/6249/4246 4434/6248/613 4436/6250/4247
f 4436/6250/4247 4434/6248/613 4433/6247/4245
f 4433/6247/4245 4283/6244/4103 4284/6251/4104
f 4436/6250/4247 4433/6247/4245 4437/6252/4248
f 4433/6247/4245 4284/6251/4104 4438/6253/4249
f 4433/6247/4245 4438/6253/4249 4437/6252/4248
f 4438/6253/4249 4284/6251/4104 4286/6254/4106
f 4436/6250/4247 4437/6252/4248 4439/6255/4250
f 4437/6252/4248 4438/6253/4249 4440/6256/2067
f 4440/6256/2067 4438/6253/4249 4286/6254/4106
f 4439/6255/4250 4437/6252/4248 4441/6257/4251
f 4437/6252/4248 4440/6256/2067 4442/6258/4252
f 4442/6258/4252 4440/6256/2067 4286/6254/4106
f 4437/6252/4248 4442/6258/4252 4441/6257/4251
f 4439/6255/4250 4441/6257/4251 4443/6259/4253
f 4442/6258/4252 4286/6254/4106 4444/6260/4254
f 4444/6260/4254 4286/6254/4106 4291/6261/4111
f 4291/6261/4111 4286/6254/4106 4285/6262/4105
f 4444/6260/4254 4291/6261/4111 4445/6263/4255
f 4444/6260/4254 4445/6263/4255 4442/6258/4252
f 4290/6264/4110 4314/6265/4132 4291/6261/4111
f 4291/6261/4111 4314/6265/4132 4445/6263/4255
f 4446/6266/4256 4443/6259/4253 4441/6257/4251
f 4443/6259/4253 4446/6266/4256 4447/6267/4257
f 4443/6259/4253 4447/6267/4257 4448/6268/4258
f 4446/6266/4256 4441/6257/4251 4449/6269/4259
f 4449/6269/4259 4441/6257/4251 4442/6258/4252
f 4447/6267/4257 4446/6266/4256 4450/6270/4260
f 4450/6270/4260 4446/6266/4256 4449/6269/4259
f 4448/6268/4258 4447/6267/4257 4451/6271/4261
f 4448/6268/4258 4451/6271/4261 4452/6272/4262
f 4451/6271/4261 4447/6267/4257 4453/6273/4263
f 4453/6273/4263 4447/6267/4257 4450/6270/4260
f 4451/6271/4261 4453/6273/4263 4454/6274/4264
f 4451/6271/4261 4454/6274/4264 4452/6272/4262
f 4454/6274/4264 4453/6273/4263 4450/6270/4260
f 4452/6272/4262 4454/6274/4264 4455/6275/4265
f 4452/6272/4262 4455/6275/4265 4456/6276/4266
f 4455/6275/4265 4454/6274/4264 4457/6277/4267
f 4457/6277/4267 4454/6274/4264 4450/6270/4260
f 4456/6276/4266 4455/6275/4265 4458/6278/4268
f 4458/6278/4268 4455/6275/4265 4457/6277/4267
f 4459/6279/4269 4456/6276/4266 4354/6280/3403
f 4354/6280/3403 4456/6276/4266 4458/6278/4268
f 4354/6280/3403 4458/6278/4268 4355/6281/14
f 4458/6278/4268 4457/6277/4267 4460/6282/4270
f 4355/6281/14 4458/6278/4268 4461/6283/4271
f 4458/6278/4268 4460/6282/4270 4462/6284/4272
f 4458/6278/4268 4462/6284/4272 4461/6283/4271
f 4461/6283/4271 4462/6284/4272 4460/6282/4270
f 4355/6281/14 4461/6283/4271 4463/6285/4273
f 4355/6281/14 4463/6285/4273 4464/6286/4172
f 4461/6283/4271 4460/6282/4270 4465/6287/4274
f 4466/6288/4275 4460/6282/4270 4457/6277/4267
f 4460/6282/4270 4466/6288/4275 4465/6287/4274
f 4461/6283/4271 4465/6287/4274 4467/6289/4276
f 4461/6283/4271 4467/6289/4276 4468/6290/4277
f 4468/6290/4277 4467/6289/4276 4465/6287/4274
f 4461/6283/4271 4468/6290/4277 4463/6285/4273
f 4468/6290/4277 4465/6287/4274 4469/6291/3341
f 4469/6291/3341 4465/6287/4274 4466/6288/4275
f 4468/6290/4277 4469/6291/3341 4470/6292/4278
f 4468/6290/4277 4470/6292/4278 4463/6285/4273
f 4463/6285/4273 4470/6292/4278 4469/6291/3341
f 4471/6293/4279 4464/6286/4172 4463/6285/4273
f 4463/6285/4273 4469/6291/3341 4472/6294/2874
f 4472/6294/2874 4469/6291/3341 4466/6288/4275
f 4463/6285/4273 4472/6294/2874 4471/6293/4279
f 4472/6294/2874 4466/6288/4275 4473/6295/4280
f 4472/6294/2874 4473/6295/4280 4471/6293/4279
f 4474/6296/4281 4466/6288/4275 4457/6277/4267
f 4474/6296/4281 4457/6277/4267 4450/6270/4260
f 4466/6288/4275 4474/6296/4281 4475/6297/4282
f 4466/6288/4275 4475/6297/4282 4473/6295/4280
f 4475/6297/4282 4474/6296/4281 4476/6298/4283
f 4473/6295/4280 4475/6297/4282 4477/6299/4284
f 4477/6299/4284 4475/6297/4282 4476/6298/4283
f 4474/6296/4281 4450/6270/4260 4478/6300/4285
f 4474/6296/4281 4478/6300/4285 4476/6298/4283
f 4478/6300/4285 4450/6270/4260 4479/6301/4286
f 4476/6298/4283 4478/6300/4285 4480/6302/4287
f 4480/6302/4287 4478/6300/4285 4479/6301/4286
f 4479/6301/4286 4450/6270/4260 4481/6303/4288
f 4479/6301/4286 4481/6303/4288 4480/6302/4287
f 4481/6303/4288 4450/6270/4260 4449/6269/4259
f 4481/6303/4288 4449/6269/4259 4482/6304/4289
f 4482/6304/4289 4449/6269/4259 4442/6258/4252
f 4481/6303/4288 4482/6304/4289 4483/6305/4290
f 4483/6305/4290 4482/6304/4289 4442/6258/4252
f 4481/6303/4288 4483/6305/4290 4480/6302/4287
f 4483/6305/4290 4442/6258/4252 4484/6306/4291
f 4484/6306/4291 4442/6258/4252 4445/6263/4255
f 4480/6302/4287 4483/6305/4290 4485/6307/4292
f 4485/6307/4292 4483/6305/4290 4484/6306/4291
f 4480/6302/4287 4485/6307/4292 4486/6308/4293
f 4480/6302/4287 4486/6308/4293 4476/6298/4283
f 4485/6307/4292 4484/6306/4291 4487/6309/4294
f 4485/6307/4292 4487/6309/4294 4486/6308/4293
f 4487/6309/4294 4484/6306/4291 4445/6263/4255
f 4476/6298/4283 4486/6308/4293 4488/6310/4295
f 4476/6298/4283 4488/6310/4295 4477/6299/4284
f 4477/6299/4284 4488/6310/4295 4473/6295/4280
f 4488/6310/4295 4486/6308/4293 4489/6311/4296
f 4489/6311/4296 4486/6308/4293 4487/6309/4294
f 4473/6295/4280 4488/6310/4295 4490/6312/4297
f 4490/6312/4297 4488/6310/4295 4489/6311/4296
f 4487/6309/4294 4445/6263/4255 4491/6313/4298
f 4489/6311/4296 4487/6309/4294 4492/6314/4299
f 4492/6314/4299 4487/6309/4294 4491/6313/4298
f 4491/6313/4298 4445/6263/4255 4493/6315/4300
f 4491/6313/4298 4493/6315/4300 4492/6314/4299
f 4493/6315/4300 4445/6263/4255 4494/6316/4301
f 4494/6316/4301 4445/6263/4255 4314/6265/4132
f 4494/6316/4301 4314/6265/4132 4313/6317/4131
f 4494/6316/4301 4313/6317/4131 4315/6318/4133
f 4494/6316/4301 4315/6318/4133 4316/6319/4134
f 4493/6315/4300 4494/6316/4301 4495/6320/4302
f 4493/6315/4300 4495/6320/4302 4492/6314/4299
f 4494/6316/4301 4316/6319/4134 4496/6321/4303
f 4494/6316/4301 4496/6321/4303 4495/6320/4302
f 4496/6321/4303 4316/6319/4134 4317/6322/4135
f 4496/6321/4303 4317/6322/4135 4318/6323/4136
f 4496/6321/4303 4318/6323/4136 4497/6324/4304
f 4496/6321/4303 4497/6324/4304 4495/6320/4302
f 4495/6320/4302 4497/6324/4304 4492/6314/4299
f 4492/6314/4299 4497/6324/4304 4498/6325/4305
f 4498/6325/4305 4497/6324/4304 4499/6326/4306
f 4498/6325/4305 4499/6326/4306 4500/6327/4307
f 4492/6314/4299 4498/6325/4305 4501/6328/4308
f 4492/6314/4299 4501/6328/4308 4489/6311/4296
f 4489/6311/4296 4501/6328/4308 4490/6312/4297
f 4501/6328/4308 4498/6325/4305 4502/6329/4309
f 4502/6329/4309 4498/6325/4305 4500/6327/4307
f 4501/6328/4308 4502/6329/4309 4503/6330/4310
f 4501/6328/4308 4503/6330/4310 4490/6312/4297
f 4503/6330/4310 4502/6329/4309 4504/6331/4311
f 4504/6331/4311 4502/6329/4309 4505/6332/4312
f 4504/6331/4311 4505/6332/4312 4503/6330/4310
f 4505/6332/4312 4502/6329/4309 4500/6327/4307
f 4490/6312/4297 4503/6330/4310 4506/6333/4313
f 4506/6333/4313 4503/6330/4310 4505/6332/4312
f 4506/6333/4313 4505/6332/4312 4507/6334/4314
f 4506/6333/4313 4507/6334/4314 4508/6335/4315
f 4506/6333/4313 4508/6335/4315 4490/6312/4297
f 4507/6334/4314 4505/6332/4312 4509/6336/4316
f 4507/6334/4314 4509/6336/4316 4508/6335/4315
f 4505/6332/4312 4500/6327/4307 4510/6337/4317
f 4505/6332/4312 4510/6337/4317 4509/6336/4316
f 4510/6337/4317 4500/6327/4307 4511/6338/4318
f 4511/6338/4318 4500/6327/4307 4512/6339/4319
f 4511/6338/4318 4512/6339/4319 4513/6340/4320
f 4511/6338/4318 4513/6340/4320 4514/6341/4321
f 4510/6337/4317 4511/6338/4318 4515/6342/4322
f 4511/6338/4318 4514/6341/4321 4516/6343/4323
f 4511/6338/4318 4516/6343/4323 4515/6342/4322
f 4516/6343/4323 4514/6341/4321 4517/6344/4324
f 4516/6343/4323 4517/6344/4324 4518/6345/4325
f 4518/6345/4325 4517/6344/4324 4519/6346/4326
f 4516/6343/4323 4518/6345/4325 4520/6347/4327
f 4520/6347/4327 4518/6345/4325 4521/6348/2958
f 4515/6342/4322 4516/6343/4323 4522/6349/4328
f 4515/6342/4322 4522/6349/4328 4510/6337/4317
f 4522/6349/4328 4516/6343/4323 4520/6347/4327
f 4520/6347/4327 4521/6348/2958 4523/6350/4329
f 4510/6337/4317 4522/6349/4328 4524/6351/4330
f 4524/6351/4330 4522/6349/4328 4520/6347/4327
f 4510/6337/4317 4524/6351/4330 4509/6336/4316
f 4524/6351/4330 4520/6347/4327 4525/6352/4331
f 4524/6351/4330 4525/6352/4331 4509/6336/4316
f 4525/6352/4331 4520/6347/4327 4523/6350/4329
f 4509/6336/4316 4525/6352/4331 4508/6335/4315
f 4525/6352/4331 4523/6350/4329 4526/6353/4332
f 4526/6353/4332 4523/6350/4329 4527/6354/4333
f 4508/6335/4315 4525/6352/4331 4528/6355/4334
f 4528/6355/4334 4525/6352/4331 4526/6353/4332
f 4526/6353/4332 4527/6354/4333 4529/6356/4335
f 4529/6356/4335 4527/6354/4333 4530/6357/4336
f 4529/6356/4335 4530/6357/4336 4526/6353/4332
f 4526/6353/4332 4530/6357/4336 4528/6355/4334
f 4530/6357/4336 4527/6354/4333 4531/6358/4337
f 4528/6355/4334 4530/6357/4336 4532/6359/4338
f 4532/6359/4338 4530/6357/4336 4531/6358/4337
f 4533/6360/4339 4508/6335/4315 4528/6355/4334
f 4533/6360/4339 4528/6355/4334 4532/6359/4338
f 4508/6335/4315 4533/6360/4339 4534/6361/4340
f 4508/6335/4315 4534/6361/4340 4490/6312/4297
f 4533/6360/4339 4532/6359/4338 4535/6362/4341
f 4533/6360/4339 4535/6362/4341 4534/6361/4340
f 4535/6362/4341 4532/6359/4338 4531/6358/4337
f 4534/6361/4340 4535/6362/4341 4490/6312/4297
f 4535/6362/4341 4531/6358/4337 4536/6363/4342
f 4536/6363/4342 4531/6358/4337 4537/6364/4343
f 4490/6312/4297 4535/6362/4341 4538/6365/4344
f 4490/6312/4297 4538/6365/4344 4473/6295/4280
f 4473/6295/4280 4538/6365/4344 4471/6293/4279
f 4538/6365/4344 4535/6362/4341 4539/6366/4345
f 4538/6365/4344 4539/6366/4345 4471/6293/4279
f 4539/6366/4345 4535/6362/4341 4536/6363/4342
f 4471/6293/4279 4539/6366/4345 4537/6364/4343
f 4537/6364/4343 4539/6366/4345 4536/6363/4342
f 4243/6367/4063 4540/6368/4346 4244/6369/4064
f 4540/6368/4346 4243/6367/4063 4275/6370/4095
f 4540/6368/4346 4275/6370/4095 4271/6371/4091
f 4540/6368/4346 4271/6371/4091 4541/6372/4347
f 4540/6368/4346 4541/6372/4347 4244/6369/4064
f 4272/6373/4092 4542/6374/4348 4271/6371/4091
f 4271/6371/4091 4542/6374/4348 4541/6372/4347
f 4541/6372/4347 4542/6374/4348 4543/6375/4349
f 4543/6375/4349 4542/6374/4348 4544/6376/4350
f 4541/6372/4347 4543/6375/4349 4545/6377/4351
f 4244/6369/4064 4541/6372/4347 4546/6378/4352
f 4546/6378/4352 4541/6372/4347 4545/6377/4351
f 4546/6378/4352 4545/6377/4351 4547/6379/4353
f 4546/6378/4352 4547/6379/4353 4244/6369/4064
f 4547/6379/4353 4545/6377/4351 4548/6380/4354
f 4244/6369/4064 4547/6379/4353 4416/6381/4229
f 4416/6381/4229 4547/6379/4353 4548/6380/4354
f 4244/6369/4064 4416/6381/4229 4246/6382/4066
f 4416/6381/4229 4548/6380/4354 4549/6383/4355
f 4416/6381/4229 4549/6383/4355 4550/6384/4356
f 4550/6384/4356 4549/6383/4355 4551/6385/4357
f 4416/6381/4229 4550/6384/4356 4552/6386/4358
f 4552/6386/4358 4550/6384/4356 4551/6385/4357
f 4416/6381/4229 4552/6386/4358 4418/6387/4231
f 4552/6386/4358 4551/6385/4357 4553/6388/4359
f 4418/6387/4231 4552/6386/4358 4554/6389/4360
f 4553/6388/4359 4551/6385/4357 4555/6390/4361
f 4555/6390/4361 4551/6385/4357 4556/6391/4362
f 4552/6386/4358 4553/6388/4359 4557/6392/4363
f 4557/6392/4363 4553/6388/4359 4555/6390/4361
f 4552/6386/4358 4557/6392/4363 4554/6389/4360
f 4555/6390/4361 4556/6391/4362 4558/6393/4364
f 4418/6387/4231 4554/6389/4360 4559/6394/4365
f 4559/6394/4365 4554/6389/4360 4557/6392/4363
f 4557/6392/4363 4555/6390/4361 4560/6395/4366
f 4560/6395/4366 4555/6390/4361 4558/6393/4364
f 4560/6395/4366 4558/6393/4364 4557/6392/4363
f 4559/6394/4365 4557/6392/4363 4561/6396/4367
f 4561/6396/4367 4557/6392/4363 4558/6393/4364
f 4418/6387/4231 4559/6394/4365 4562/6397/4368
f 4562/6397/4368 4559/6394/4365 4561/6396/4367
f 4562/6397/4368 4561/6396/4367 4558/6393/4364
f 4418/6387/4231 4562/6397/4368 4420/6398/4233
f 4420/6398/4233 4562/6397/4368 4558/6393/4364
f 4563/6399/4369 4558/6393/4364 4556/6391/4362
f 4558/6393/4364 4563/6399/4369 4564/6400/4370
f 4558/6393/4364 4564/6400/4370 4420/6398/4233
f 4564/6400/4370 4563/6399/4369 4565/6401/4371
f 4564/6400/4370 4565/6401/4371 4566/6402/4372
f 4566/6402/4372 4565/6401/4371 4567/6403/4373
f 4566/6402/4372 4567/6403/4373 4568/6404/4374
f 4568/6404/4374 4567/6403/4373 4569/6405/4375
f 4564/6400/4370 4566/6402/4372 4570/6406/4376
f 4570/6406/4376 4566/6402/4372 4568/6404/4374
f 4568/6404/4374 4569/6405/4375 4571/6407/4377
f 4568/6404/4374 4571/6407/4377 4570/6406/4376
f 4571/6407/4377 4569/6405/4375 4517/6408/4324
f 4571/6407/4377 4517/6408/4324 4570/6406/4376
f 4517/6408/4324 4569/6405/4375 4519/6409/4326
f 4564/6400/4370 4570/6406/4376 4572/6410/4378
f 4572/6410/4378 4570/6406/4376 4517/6408/4324
f 4564/6400/4370 4572/6410/4378 4420/6398/4233
f 4572/6410/4378 4517/6408/4324 4514/6411/4321
f 4572/6410/4378 4514/6411/4321 4513/6412/4320
f 4420/6398/4233 4572/6410/4378 4573/6413/4379
f 4420/6398/4233 4573/6413/4379 4422/6414/4235
f 4422/6414/4235 4573/6413/4379 4429/6415/4241
f 4429/6415/4241 4573/6413/4379 4572/6410/4378
f 4429/6415/4241 4572/6410/4378 4513/6412/4320
f 4429/6415/4241 4513/6412/4320 4344/6416/4162
f 4429/6415/4241 4344/6416/4162 4343/6417/4161
f 3575/6418/3424 4574/6419/4380 3572/6420/3421
f 3572/6420/3421 4574/6419/4380 3569/6421/3418
f 4574/6419/4380 3575/6418/3424 4436/6422/4247
f 4436/6422/4247 3575/6418/3424 4435/6423/4246
f 4574/6419/4380 4436/6422/4247 4575/6424/4381
f 4574/6419/4380 4575/6424/4381 3569/6421/3418
f 4575/6424/4381 4436/6422/4247 4439/6425/4250
f 3569/6421/3418 4575/6424/4381 4576/6426/4382
f 3569/6421/3418 4576/6426/4382 3570/6427/3419
f 3570/6427/3419 4576/6426/4382 3568/6428/3417
f 3568/6428/3417 4576/6426/4382 4577/6429/4383
f 4577/6429/4383 4576/6426/4382 4575/6424/4381
f 3568/6428/3417 4577/6429/4383 3567/6430/3416
f 4575/6424/4381 4439/6425/4250 4578/6431/4384
f 4575/6424/4381 4578/6431/4384 4577/6429/4383
f 4578/6431/4384 4439/6425/4250 4443/6432/4253
f 4578/6431/4384 4443/6432/4253 4448/6433/4258
f 4577/6429/4383 4578/6431/4384 4579/6434/4385
f 4578/6431/4384 4448/6433/4258 4580/6435/3579
f 4578/6431/4384 4580/6435/3579 4579/6434/4385
f 4581/6436/4386 3567/6430/3416 4577/6429/4383
f 4581/6436/4386 4577/6429/4383 4579/6434/4385
f 4581/6436/4386 4579/6434/4385 4582/6437/4387
f 4582/6437/4387 4579/6434/4385 4580/6435/3579
f 3567/6430/3416 4581/6436/4386 3558/6438/3403
f 3558/6438/3403 4581/6436/4386 4582/6437/4387
f 3558/6438/3403 4582/6437/4387 4580/6435/3579
f 3567/6430/3416 3558/6438/3403 3557/6439/3407
f 3558/6438/3403 4580/6435/3579 4354/6440/3403
f 4583/6441/4388 4580/6435/3579 4448/6433/4258
f 4580/6435/3579 4583/6441/4388 4354/6440/3403
f 4583/6441/4388 4448/6433/4258 4452/6442/4262
f 4354/6440/3403 4583/6441/4388 4459/6443/4269
f 4459/6443/4269 4583/6441/4388 4452/6442/4262
f 4459/6443/4269 4452/6442/4262 4456/6444/4266
f 4319/6445/4137 4321/6446/4139 4318/6447/4136
f 4318/6447/4136 4321/6446/4139 4584/6448/4389
f 4318/6447/4136 4584/6448/4389 4585/6449/4390
f 4318/6447/4136 4585/6449/4390 4497/6450/4304
f 4584/6448/4389 4321/6446/4139 4586/6451/4391
f 4584/6448/4389 4586/6451/4391 4585/6449/4390
f 4586/6451/4391 4321/6446/4139 4323/6452/4141
f 4497/6450/4304 4585/6449/4390 4499/6453/4306
f 4586/6451/4391 4323/6452/4141 4325/6454/4143
f 4499/6453/4306 4585/6449/4390 4587/6455/4392
f 4499/6453/4306 4587/6455/4392 4500/6456/4307
f 4586/6451/4391 4325/6454/4143 4588/6457/4393
f 4588/6457/4393 4325/6454/4143 4326/6458/4144
f 4588/6457/4393 4326/6458/4144 4586/6451/4391
f 4586/6451/4391 4326/6458/4144 4328/6459/4146
f 4586/6451/4391 4328/6459/4146 4334/6460/4152
f 4586/6451/4391 4334/6460/4152 4585/6449/4390
f 4585/6449/4390 4334/6460/4152 4337/6461/4155
f 4337/6461/4155 4334/6460/4152 4335/6462/4153
f 4585/6449/4390 4337/6461/4155 4587/6455/4392
f 4587/6455/4392 4337/6461/4155 4338/6463/4156
f 4587/6455/4392 4338/6463/4156 4344/6464/4162
f 4344/6464/4162 4338/6463/4156 4341/6465/4159
f 4587/6455/4392 4344/6464/4162 4589/6466/4394
f 4587/6455/4392 4589/6466/4394 4500/6456/4307
f 4589/6466/4394 4344/6464/4162 4513/6467/4320
f 4500/6456/4307 4589/6466/4394 4512/6468/4319
f 4512/6468/4319 4589/6466/4394 4513/6467/4320
f 4044/6469/3871 4590/6470/4395 4045/6471/2160
f 4179/6472/4000 4182/6473/4002 4045/6471/2160
f 4179/6472/4000 4045/6471/2160 4180/6474/4001
f 4180/6474/4001 4045/6471/2160 4590/6470/4395
f 4590/6470/4395 4044/6469/3871 4591/6475/4396
f 4591/6475/4396 4044/6469/3871 4048/6476/3874
f 4591/6475/4396 4048/6476/3874 4049/6477/3875
f 4591/6475/4396 4049/6477/3875 4590/6470/4395
f 4590/6470/4395 4049/6477/3875 4592/6478/4397
f 4590/6470/4395 4592/6478/4397 4593/6479/4398
f 4590/6470/4395 4593/6479/4398 4180/6474/4001
f 4592/6478/4397 4049/6477/3875 4594/6480/4399
f 4594/6480/4399 4049/6477/3875 3742/6481/3576
f 4594/6480/4399 3742/6481/3576 3737/6482/3571
f 4594/6480/4399 3737/6482/3571 3736/6483/3570
f 4592/6478/4397 4594/6480/4399 4595/6484/4400
f 4592/6478/4397 4595/6484/4400 4593/6479/4398
f 4595/6484/4400 4594/6480/4399 4596/6485/4401
f 4595/6484/4400 4596/6485/4401 4593/6479/4398
f 4593/6479/4398 4596/6485/4401 4594/6480/4399
f 4594/6480/4399 3736/6483/3570 3735/6486/3569
f 4594/6480/4399 3735/6486/3569 4593/6479/4398
f 4593/6479/4398 3735/6486/3569 4597/6487/4402
f 4593/6479/4398 4597/6487/4402 4598/6488/707
f 4598/6488/707 4597/6487/4402 3735/6486/3569
f 4599/6489/4403 4180/6474/4001 4593/6479/4398
f 4599/6489/4403 4593/6479/4398 4598/6488/707
f 4180/6474/4001 4599/6489/4403 4600/6490/4404
f 4180/6474/4001 4600/6490/4404 4601/6491/4405
f 4601/6491/4405 4600/6490/4404 4599/6489/4403
f 4180/6474/4001 4601/6491/4405 4177/6492/3998
f 4177/6492/3998 4601/6491/4405 4178/6493/3999
f 4178/6493/3999 4601/6491/4405 4184/6494/4004
f 4184/6494/4004 4601/6491/4405 4599/6489/4403
f 4599/6489/4403 4598/6488/707 4602/6495/4406
f 4599/6489/4403 4602/6495/4406 4184/6494/4004
f 4603/6496/4407 4598/6488/707 3735/6486/3569
f 4603/6496/4407 3735/6486/3569 3733/6497/3567
f 4603/6496/4407 3733/6497/3567 3732/6498/3566
f 4603/6496/4407 3732/6498/3566 3729/6499/3563
f 4603/6496/4407 3729/6499/3563 4598/6488/707
f 4598/6488/707 3729/6499/3563 4602/6495/4406
f 4602/6495/4406 3729/6499/3563 3726/6500/14
f 4602/6495/4406 3726/6500/14 4604/6501/4408
f 4604/6501/4408 3726/6500/14 4122/6502/3945
f 4604/6501/4408 4122/6502/3945 4184/6494/4004
f 4184/6494/4004 4122/6502/3945 4126/6503/3949
f 4602/6495/4406 4604/6501/4408 4605/6504/4409
f 4602/6495/4406 4605/6504/4409 4184/6494/4004
f 4604/6501/4408 4184/6494/4004 4606/6505/4410
f 4606/6505/4410 4184/6494/4004 4605/6504/4409
f 4606/6505/4410 4605/6504/4409 4604/6501/4408
f 4263/6506/4083 4607/6507/4411 4270/6508/4090
f 4607/6507/4411 4263/6506/4083 4366/6509/4179
f 4270/6508/4090 4607/6507/4411 4608/6510/4412
f 4607/6507/4411 4366/6509/4179 4609/6511/4413
f 4607/6507/4411 4609/6511/4413 4608/6510/4412
f 4609/6511/4413 4366/6509/4179 4370/6512/4183
f 4270/6508/4090 4608/6510/4412 4272/6513/4092
f 4272/6513/4092 4608/6510/4412 4544/6514/4350
f 4272/6513/4092 4544/6514/4350 4542/6515/4348
f 4544/6514/4350 4608/6510/4412 4610/6516/4414
f 4544/6514/4350 4610/6516/4414 4543/6517/4349
f 4610/6516/4414 4608/6510/4412 4611/6518/4415
f 4611/6518/4415 4608/6510/4412 4609/6511/4413
f 4611/6518/4415 4609/6511/4413 4612/6519/4416
f 4612/6519/4416 4609/6511/4413 4613/6520/4417
f 4613/6520/4417 4609/6511/4413 4614/6521/4418
f 4614/6521/4418 4609/6511/4413 4370/6512/4183
f 4614/6521/4418 4370/6512/4183 4373/6522/4186
f 4614/6521/4418 4373/6522/4186 4159/6523/3981
f 4613/6520/4417 4614/6521/4418 4615/6524/4419
f 4614/6521/4418 4159/6523/3981 4151/6525/3973
f 4614/6521/4418 4151/6525/3973 4615/6524/4419
f 4615/6524/4419 4151/6525/3973 4150/6526/3972
f 4615/6524/4419 4150/6526/3972 4616/6527/4420
f 4548/6528/4354 4545/6529/4351 4549/6530/4355
f 4549/6530/4355 4545/6529/4351 4551/6531/4357
f 4551/6531/4357 4545/6529/4351 4617/6532/4421
f 4551/6531/4357 4617/6532/4421 4618/6533/4020
f 4551/6531/4357 4618/6533/4020 4556/6534/4362
f 4618/6533/4020 4617/6532/4421 4619/6535/4422
f 4618/6533/4020 4619/6535/4422 4620/6536/4423
f 4545/6537/4351 4543/6538/4349 4617/6539/4421
f 4617/6539/4421 4543/6538/4349 4620/6540/4423
f 4620/6540/4423 4543/6538/4349 4610/6541/4414
f 4620/6540/4423 4610/6541/4414 4621/6542/4424
f 4620/6540/4423 4621/6542/4424 4622/6543/4425
f 4620/6540/4423 4622/6543/4425 4618/6544/4020
f 4618/6544/4020 4622/6543/4425 4623/6545/4426
f 4623/6545/4426 4622/6543/4425 4624/6546/4427
f 4624/6546/4427 4622/6543/4425 4625/6547/4428
f 4626/6548/4429 4610/6549/4414 4611/6550/4415
f 4610/6549/4414 4626/6548/4429 4621/6551/4424
f 4626/6548/4429 4611/6550/4415 4627/6552/4430
f 4627/6552/4430 4611/6550/4415 4612/6553/4416
f 4621/6551/4424 4626/6548/4429 4625/6554/4428
f 4621/6551/4424 4625/6554/4428 4622/6555/4425
f 4626/6548/4429 4627/6552/4430 4628/6556/4431
f 4626/6548/4429 4628/6556/4431 4625/6554/4428
f 4627/6552/4430 4612/6553/4416 4629/6557/4432
f 4629/6557/4432 4612/6553/4416 4613/6558/4417
f 4629/6557/4432 4613/6558/4417 4615/6559/4419
f 4630/6560/4433 4624/6561/4427 4625/6554/4428
f 4630/6560/4433 4625/6554/4428 4628/6556/4431
f 4630/6560/4433 4628/6556/4431 4631/6562/4434
f 4632/6563/4435 4628/6556/4431 4627/6552/4430
f 4632/6563/4435 4627/6552/4430 4629/6557/4432
f 4628/6556/4431 4632/6563/4435 4633/6564/4436
f 4628/6556/4431 4633/6564/4436 4631/6562/4434
f 4633/6564/4436 4632/6563/4435 4629/6557/4432
f 4616/6565/4420 4629/6557/4432 4615/6559/4419
f 4631/6562/4434 4633/6564/4436 4634/6566/4437
f 4631/6562/4434 4634/6566/4437 4635/6567/4438
f 4635/6567/4438 4634/6566/4437 4636/6568/4439
f 4635/6567/4438 4636/6568/4439 4637/6569/4440
f 4636/6568/4439 4634/6566/4437 4638/6570/4441
f 4636/6568/4439 4638/6570/4441 4637/6569/4440
f 4638/6570/4441 4634/6566/4437 4633/6564/4436
f 4637/6569/4440 4638/6570/4441 4639/6571/4442
f 4637/6569/4440 4639/6571/4442 4640/6572/4443
f 4639/6571/4442 4638/6570/4441 4641/6573/4444
f 4641/6573/4444 4638/6570/4441 4633/6564/4436
f 4641/6573/4444 4633/6564/4436 4629/6557/4432
f 4641/6573/4444 4629/6557/4432 4642/6574/4445
f 4642/6574/4445 4629/6557/4432 4616/6565/4420
f 4642/6574/4445 4616/6565/4420 4643/6575/4446
f 4643/6575/4446 4616/6565/4420 4150/6576/3972
f 4643/6575/4446 4150/6576/3972 4644/6577/4447
f 4643/6575/4446 4644/6577/4447 4642/6574/4445
f 4644/6577/4447 4150/6576/3972 4149/6578/3971
f 4642/6574/4445 4644/6577/4447 4645/6579/4448
f 4645/6579/4448 4644/6577/4447 4149/6578/3971
f 4645/6579/4448 4149/6578/3971 4646/6580/4449
f 4645/6579/4448 4646/6580/4449 4642/6574/4445
f 4646/6580/4449 4149/6578/3971 4145/6581/3967
f 4646/6580/4449 4145/6581/3967 4647/6582/4450
f 4646/6580/4449 4647/6582/4450 4648/6583/4451
f 4642/6574/4445 4646/6580/4449 4649/6584/4452
f 4649/6584/4452 4646/6580/4449 4648/6583/4451
f 4642/6574/4445 4649/6584/4452 4641/6573/4444
f 4649/6584/4452 4648/6583/4451 4650/6585/4453
f 4649/6584/4452 4650/6585/4453 4641/6573/4444
f 4620/6586/4423 4651/6587/4454 4617/6588/4421
f 4651/6587/4454 4620/6586/4423 4619/6589/4422
f 4617/6588/4421 4651/6587/4454 4652/6590/4455
f 4617/6588/4421 4652/6590/4455 4619/6591/4422
f 4651/6587/4454 4619/6589/4422 4653/6592/4456
f 4651/6587/4454 4653/6592/4456 4652/6590/4455
f 4653/6592/4456 4619/6589/4422 4654/6593/4457
f 4654/6593/4457 4619/6589/4422 4655/6594/4458
f 4653/6592/4456 4654/6593/4457 4656/6595/4459
f 4654/6593/4457 4655/6594/4458 4618/6596/4020
f 4654/6593/4457 4618/6596/4020 4657/6597/4460
f 4657/6597/4460 4618/6596/4020 4623/6598/4426
f 4652/6590/4455 4653/6592/4456 4567/6599/4373
f 4567/6599/4373 4653/6592/4456 4658/6600/4461
f 4567/6599/4373 4658/6600/4461 4569/6601/4375
f 4652/6590/4455 4567/6599/4373 4659/6602/4462
f 4652/6590/4455 4659/6602/4462 4619/6591/4422
f 4659/6602/4462 4567/6599/4373 4565/6603/4371
f 4619/6591/4422 4659/6602/4462 4655/6604/4458
f 4659/6602/4462 4565/6603/4371 4660/6605/4463
f 4659/6602/4462 4660/6605/4463 4655/6604/4458
f 4660/6605/4463 4565/6603/4371 4563/6606/4369
f 4655/6604/4458 4660/6605/4463 4618/6607/4020
f 4660/6605/4463 4563/6606/4369 4556/6608/4362
f 4660/6605/4463 4556/6608/4362 4618/6607/4020
f 4640/6609/4443 4635/6610/4438 4637/6611/4440
f 4635/6610/4438 4640/6609/4443 4661/6612/4464
f 4635/6610/4438 4661/6612/4464 4662/6613/4465
f 4662/6613/4465 4661/6612/4464 4640/6609/4443
f 4635/6610/4438 4662/6613/4465 4663/6614/4466
f 4635/6610/4438 4663/6614/4466 4631/6615/4434
f 4631/6615/4434 4663/6614/4466 4630/6616/4433
f 4663/6614/4466 4662/6613/4465 4653/6617/4456
f 4630/6616/4433 4663/6614/4466 4664/6618/4467
f 4664/6618/4467 4663/6614/4466 4665/6619/4468
f 4665/6619/4468 4663/6614/4466 4653/6617/4456
f 4664/6618/4467 4665/6619/4468 4656/6620/4459
f 4656/6620/4459 4665/6619/4468 4653/6617/4456
f 4664/6618/4467 4656/6620/4459 4623/6621/4426
f 4664/6618/4467 4623/6621/4426 4630/6616/4433
f 4630/6616/4433 4623/6621/4426 4624/6622/4427
f 4623/6621/4426 4656/6620/4459 4654/6623/4457
f 4623/6621/4426 4654/6623/4457 4657/6624/4460
f 4666/6625/3465 4653/6617/4456 4662/6613/4465
f 4666/6625/3465 4662/6613/4465 4640/6609/4443
f 4653/6617/4456 4666/6625/3465 4667/6626/4469
f 4653/6617/4456 4667/6626/4469 4658/6627/4461
f 4658/6627/4461 4667/6626/4469 4668/6628/4470
f 4668/6628/4470 4667/6626/4469 4669/6629/4471
f 4669/6629/4471 4667/6626/4469 4670/6630/4472
f 4670/6630/4472 4667/6626/4469 4671/6631/4173
f 4671/6631/4173 4667/6626/4469 4666/6625/3465
f 4666/6625/3465 4640/6609/4443 4672/6632/4473
f 4666/6625/3465 4672/6632/4473 4671/6631/4173
f 4672/6632/4473 4640/6609/4443 4673/6633/4474
f 4672/6632/4473 4673/6633/4474 4671/6631/4173
f 4673/6633/4474 4640/6609/4443 4674/6634/4475
f 4674/6634/4475 4640/6609/4443 4639/6635/4442
f 4671/6631/4173 4673/6633/4474 4675/6636/4476
f 4671/6631/4173 4675/6636/4476 4676/6637/4477
f 4676/6637/4477 4675/6636/4476 4677/6638/4478
f 4675/6636/4476 4673/6633/4474 4678/6639/4479
f 4678/6639/4479 4673/6633/4474 4674/6634/4475
f 4677/6638/4478 4675/6636/4476 4679/6640/4480
f 4679/6640/4480 4675/6636/4476 4678/6639/4479
f 4678/6639/4479 4674/6634/4475 4680/6641/4481
f 4680/6641/4481 4674/6634/4475 4681/6642/4482
f 4680/6641/4481 4681/6642/4482 4678/6639/4479
f 4678/6639/4479 4681/6642/4482 4679/6640/4480
f 4679/6640/4480 4681/6642/4482 4682/6643/4483
f 4679/6640/4480 4682/6643/4483 4683/6644/4484
f 4677/6638/4478 4679/6640/4480 4684/6645/4485
f 4684/6645/4485 4679/6640/4480 4683/6644/4484
f 4677/6638/4478 4684/6645/4485 4685/6646/4486
f 4684/6645/4485 4683/6644/4484 4686/6647/4487
f 4686/6647/4487 4683/6644/4484 4687/6648/4488
f 4641/6649/4444 4650/6650/4453 4688/6651/4489
f 4641/6649/4444 4688/6651/4489 4639/6652/4442
f 4681/6653/4482 4674/6654/4475 4639/6652/4442
f 4681/6653/4482 4639/6652/4442 4688/6651/4489
f 4681/6653/4482 4688/6651/4489 4682/6655/4483
f 4682/6655/4483 4688/6651/4489 4689/6656/4490
f 4688/6651/4489 4650/6650/4453 4690/6657/4491
f 4688/6651/4489 4690/6657/4491 4691/6658/4492
f 4688/6651/4489 4691/6658/4492 4689/6656/4490
f 4690/6657/4491 4650/6650/4453 4692/6659/4493
f 4691/6658/4492 4690/6657/4491 4693/6660/4494
f 4691/6658/4492 4693/6660/4494 4689/6656/4490
f 4693/6660/4494 4690/6657/4491 4692/6659/4493
f 4692/6659/4493 4650/6650/4453 4648/6661/4451
f 4689/6656/4490 4693/6660/4494 4119/6662/14
f 4119/6662/14 4693/6660/4494 4692/6659/4493
f 4689/6656/4490 4119/6662/14 4359/6663/3899
f 4119/6662/14 4692/6659/4493 4694/6664/4495
f 4694/6664/4495 4692/6659/4493 4648/6661/4451
f 4694/6664/4495 4648/6661/4451 4647/6665/4450
f 4694/6664/4495 4647/6665/4450 4144/6666/3966
f 4144/6666/3966 4647/6665/4450 4145/6667/3967
f 4695/6668/4496 4682/6655/4483 4689/6656/4490
f 4682/6655/4483 4695/6668/4496 4683/6669/4484
f 4695/6668/4496 4689/6656/4490 4686/6670/4487
f 4683/6669/4484 4695/6668/4496 4687/6671/4488
f 4687/6671/4488 4695/6668/4496 4686/6670/4487
f 4694/6672/4495 4121/6673/3944 4119/6674/14
f 4121/6673/3944 4694/6672/4495 4132/6675/3955
f 4121/6673/3944 4132/6675/3955 4129/6676/3952
f 4121/6673/3944 4129/6676/3952 4144/6677/3966
f 4121/6673/3944 4144/6677/3966 4131/6678/3954
f 4569/6679/4375 4658/6680/4461 4668/6681/4470
f 4569/6679/4375 4668/6681/4470 4696/6682/4497
f 4569/6679/4375 4696/6682/4497 4697/6683/2049
f 4569/6679/4375 4697/6683/2049 4519/6684/4326
f 4519/6684/4326 4697/6683/2049 4696/6682/4497
f 4696/6682/4497 4668/6681/4470 4698/6685/4498
f 4698/6685/4498 4668/6681/4470 4699/6686/4499
f 4699/6686/4499 4668/6681/4470 4669/6687/4471
f 4696/6682/4497 4698/6685/4498 4700/6688/4500
f 4696/6682/4497 4700/6688/4500 4701/6689/4501
f 4701/6689/4501 4700/6688/4500 4698/6685/4498
f 4696/6682/4497 4701/6689/4501 4519/6684/4326
f 4698/6685/4498 4699/6686/4499 4702/6690/4502
f 4702/6690/4502 4699/6686/4499 4669/6687/4471
f 4698/6685/4498 4702/6690/4502 4703/6691/4503
f 4698/6685/4498 4703/6691/4503 4701/6689/4501
f 4702/6690/4502 4669/6687/4471 4704/6692/4504
f 4702/6690/4502 4704/6692/4504 4703/6691/4503
f 4519/6684/4326 4701/6689/4501 4705/6693/4505
f 4519/6684/4326 4705/6693/4505 4706/6694/4506
f 4705/6693/4505 4701/6689/4501 4707/6695/4507
f 4706/6694/4506 4705/6693/4505 4708/6696/4508
f 4708/6696/4508 4705/6693/4505 4707/6695/4507
f 4706/6694/4506 4708/6696/4508 4709/6697/4509
f 4707/6695/4507 4701/6689/4501 4710/6698/4510
f 4710/6698/4510 4701/6689/4501 4703/6691/4503
f 4707/6695/4507 4710/6698/4510 4708/6696/4508
f 4709/6697/4509 4708/6696/4508 4711/6699/4511
f 4708/6696/4508 4710/6698/4510 4712/6700/4512
f 4711/6699/4511 4708/6696/4508 4713/6701/4513
f 4713/6701/4513 4708/6696/4508 4712/6700/4512
f 4710/6698/4510 4703/6691/4503 4713/6701/4513
f 4712/6700/4512 4710/6698/4510 4714/6702/4514
f 4714/6702/4514 4710/6698/4510 4713/6701/4513
f 4714/6702/4514 4713/6701/4513 4712/6700/4512
f 4711/6699/4511 4713/6701/4513 4715/6703/4515
f 4670/6704/4472 4715/6703/4515 4669/6687/4471
f 4715/6703/4515 4670/6704/4472 4671/6705/4173
f 4715/6703/4515 4671/6705/4173 4676/6706/4477
f 4669/6687/4471 4715/6703/4515 4704/6692/4504
f 4715/6703/4515 4676/6706/4477 4716/6707/4516
f 4716/6707/4516 4676/6706/4477 4677/6708/4478
f 4716/6707/4516 4677/6708/4478 4685/6709/4486
f 4704/6692/4504 4715/6703/4515 4713/6701/4513
f 4704/6692/4504 4713/6701/4513 4717/6710/4517
f 4704/6692/4504 4717/6710/4517 4718/6711/4518
f 4717/6710/4517 4713/6701/4513 4718/6712/4519
f 4718/6711/4518 4717/6710/4517 4719/6713/4520
f 4719/6713/4520 4717/6710/4517 4718/6712/4519
f 4718/6711/4518 4719/6713/4520 4720/6714/4521
f 4718/6711/4518 4720/6714/4521 4704/6692/4504
f 4720/6714/4521 4719/6713/4520 4718/6712/4519
f 4720/6714/4521 4718/6712/4519 4713/6701/4513
f 4704/6692/4504 4720/6714/4521 4703/6691/4503
f 4703/6691/4503 4720/6714/4521 4713/6701/4513
f 4721/6715/4522 4357/6716/4172 4355/6717/14
f 4721/6715/4522 4355/6717/14 4464/6718/4172
f 4357/6716/4172 4721/6715/4522 4722/6719/4523
f 4357/6716/4172 4722/6719/4523 4723/6720/4524
f 4357/6716/4172 4723/6720/4524 4724/6721/4040
f 4722/6719/4523 4721/6715/4522 4725/6722/4525
f 4722/6719/4523 4725/6722/4525 4723/6720/4524
f 4725/6722/4525 4721/6715/4522 4726/6723/4526
f 4726/6723/4526 4721/6715/4522 4531/6724/4337
f 4723/6720/4524 4725/6722/4525 4727/6725/4527
f 4727/6725/4527 4725/6722/4525 4726/6723/4526
f 4726/6723/4526 4531/6724/4337 4527/6726/4333
f 4728/6727/4528 4724/6721/4040 4723/6720/4524
f 4728/6727/4528 4723/6720/4524 4727/6725/4527
f 4724/6721/4040 4728/6727/4528 4729/6728/4529
f 4729/6728/4529 4728/6727/4528 4730/6729/4530
f 4730/6729/4530 4728/6727/4528 4727/6725/4527
f 4730/6729/4530 4727/6725/4527 4731/6730/4531
f 4726/6723/4526 4527/6726/4333 4732/6731/4532
f 4733/6732/4533 4727/6725/4527 4726/6723/4526
f 4727/6725/4527 4733/6732/4533 4731/6730/4531
f 4733/6732/4533 4726/6723/4526 4732/6731/4532
f 4731/6730/4531 4733/6732/4533 4734/6733/2515
f 4734/6733/2515 4733/6732/4533 4732/6731/4532
f 4731/6730/4531 4734/6733/2515 4735/6734/4534
f 4732/6731/4532 4527/6726/4333 4523/6735/4329
f 4735/6734/4534 4734/6733/2515 4736/6736/4535
f 4732/6731/4532 4523/6735/4329 4737/6737/4536
f 4737/6737/4536 4523/6735/4329 4521/6738/2958
f 4734/6733/2515 4732/6731/4532 4738/6739/4537
f 4738/6739/4537 4732/6731/4532 4737/6737/4536
f 4734/6733/2515 4738/6739/4537 4736/6736/4535
f 4738/6739/4537 4737/6737/4536 4521/6738/2958
f 4735/6734/4534 4736/6736/4535 4739/6740/4538
f 4739/6740/4538 4736/6736/4535 4738/6739/4537
f 4739/6740/4538 4738/6739/4537 4521/6738/2958
f 4739/6740/4538 4521/6738/2958 4518/6741/4325
f 4739/6740/4538 4518/6741/4325 4519/6742/4326
f 4706/6743/4506 4739/6744/4538 4519/6745/4326
f 4739/6744/4538 4706/6743/4506 4735/6746/4534
f 4735/6746/4534 4706/6743/4506 4730/6747/4530
f 4735/6746/4534 4730/6747/4530 4731/6748/4531
f 4730/6747/4530 4706/6743/4506 4709/6749/4509
f 4121/6750/3944 4131/6751/3954 4124/6752/3947
f 4124/6752/3947 4131/6751/3954 4132/6753/3955
f 4124/6752/3947 4132/6753/3955 4144/6754/3966
f 4124/6752/3947 4144/6754/3966 4129/6755/3952
f 4144/6754/3966 4132/6753/3955 4694/6756/4495
f 4684/6757/4485 4689/6758/4490 4359/6759/3899
f 4689/6758/4490 4684/6757/4485 4686/6760/4487
f 4685/6761/4486 4684/6757/4485 4716/6762/4516
f 4716/6762/4516 4684/6757/4485 4359/6759/3899
f 4724/6763/4040 4359/6759/3899 4358/6764/14
f 4359/6759/3899 4724/6763/4040 4740/6765/4539
f 4740/6765/4539 4724/6763/4040 4729/6766/4529
f 4359/6759/3899 4740/6765/4539 4741/6767/4540
f 4741/6767/4540 4740/6765/4539 4742/6768/4541
f 4716/6762/4516 4359/6759/3899 4743/6769/4542
f 4743/6769/4542 4359/6759/3899 4741/6767/4540
f 4741/6767/4540 4742/6768/4541 4744/6770/4543
f 4716/6762/4516 4743/6769/4542 4745/6771/4544
f 4741/6767/4540 4744/6770/4543 4745/6771/4544
f 4716/6762/4516 4745/6771/4544 4715/6772/4515
f 4715/6772/4515 4745/6771/4544 4744/6770/4543
f 4741/6767/4540 4745/6771/4544 4746/6773/4545
f 4741/6767/4540 4746/6773/4545 4743/6769/4542
f 4743/6769/4542 4746/6773/4545 4745/6771/4544
f 4724/6774/4040 4358/6775/14 4357/6776/4172
f 4645/6777/4546 4747/6778/4547 4748/6779/4548
f 4645/6777/4546 4748/6779/4548 4149/6780/4549
f 4645/6777/4546 4149/6780/4549 4747/6778/4547
f 4149/6780/4549 4748/6779/4548 4749/6781/4550
f 4747/6778/4547 4149/6780/4549 4750/6782/4551
f 4750/6782/4551 4149/6780/4549 4749/6781/4550
f 4747/6778/4547 4750/6782/4551 4751/6783/4552
f 4751/6783/4552 4750/6782/4551 4749/6781/4550
f 4747/6778/4547 4751/6783/4552 4752/6784/4553
f 4752/6784/4553 4751/6783/4552 4749/6781/4550
f 4748/6785/4548 4747/6786/4547 4753/6787/4554
f 4753/6787/4554 4747/6786/4547 4752/6788/4553
f 4748/6785/4548 4753/6787/4554 4749/6789/4550
f 4749/6789/4550 4753/6787/4554 4752/6788/4553
f 4537/6790/4343 4754/6791/1323 4755/6792/4555
f 4755/6792/4555 4754/6791/1323 4756/6793/4556
f 4754/6791/1323 4537/6790/4343 4721/6794/4522
f 4754/6791/1323 4721/6794/4522 4757/6795/4557
f 4757/6795/4557 4721/6794/4522 4758/6796/4558
f 4721/6794/4522 4537/6790/4343 4531/6797/4337
f 4537/6790/4343 4755/6792/4555 4759/6798/4559
f 4537/6790/4343 4759/6798/4559 4471/6799/4279
f 4755/6792/4555 4756/6793/4556 4760/6800/4560
f 4755/6792/4555 4760/6800/4560 4759/6798/4559
f 4759/6798/4559 4760/6800/4560 4471/6799/4279
f 4760/6800/4560 4756/6793/4556 4761/6801/4561
f 4471/6799/4279 4760/6800/4560 4464/6802/4172
f 4464/6802/4172 4760/6800/4560 4761/6801/4561
f 4464/6802/4172 4761/6801/4561 4721/6803/4522
f 4721/6803/4522 4761/6801/4561 4758/6804/4558
f 4709/6805/4509 4711/6806/4511 4762/6807/4562
f 4709/6805/4509 4762/6807/4562 4730/6808/4530
f 4730/6808/4530 4762/6807/4562 4729/6809/4529
f 4762/6807/4562 4711/6806/4511 4744/6810/4543
f 4744/6810/4543 4711/6806/4511 4715/6811/4515
f 4762/6807/4562 4744/6810/4543 4742/6812/4541
f 4762/6807/4562 4742/6812/4541 4763/6813/4563
f 4763/6813/4563 4742/6812/4541 4740/6814/4539
f 4763/6813/4563 4740/6814/4539 4764/6815/4564
f 4765/6816/4565 4756/6817/4556 4754/6818/1323
f 4765/6816/4565 4754/6818/1323 4757/6819/4557
f 4756/6817/4556 4765/6816/4565 4766/6820/3874
f 4756/6817/4556 4766/6820/3874 4761/6821/4561
f 4766/6820/3874 4765/6816/4565 4767/6822/4566
f 4761/6821/4561 4766/6820/3874 4768/6823/4567
f 4768/6823/4567 4766/6820/3874 4767/6822/4566
f 4768/6823/4567 4767/6822/4566 4765/6816/4565
f 4768/6823/4567 4765/6816/4565 4757/6819/4557
f 4761/6821/4561 4768/6823/4567 4758/6824/4558
f 4758/6824/4558 4768/6823/4567 4757/6819/4557
f 4769/6825/4568 4762/6826/4562 4763/6827/4563
f 4762/6826/4562 4769/6825/4568 4729/6828/4529
f 4769/6825/4568 4763/6827/4563 4770/6829/4569
f 4769/6825/4568 4770/6829/4569 4729/6828/4529
f 4770/6829/4569 4763/6827/4563 4764/6830/4564
f 4770/6829/4569 4764/6830/4564 4729/6828/4529
f 4729/6828/4529 4764/6830/4564 4740/6831/4539
