mtllib ruined+rubble+3d+model.mtl
o tripo_node_1c031554-f016-4bdb-8160-dec8ab024a49
g tripo_node_1c031554-f016-4bdb-8160-dec8ab024a49
usemtl tripo_material_1c031554_f016_4bdb_8160_dec8ab024a49
v -0.499786377 0.008590683 0.076416120
vt 0.009765625 0.374755859
vn -0.196673796 0.605754852 -0.770960748
v -0.499603271 0.001113877 0.076881513
vt 0.011474609 0.377197266
vn -0.692763150 -0.582550824 -0.425104529
v -0.500000000 0.007949814 0.084663495
vt 0.008056641 0.379394531
vn -0.416330159 0.581291318 0.699120641
v -0.498107910 0.001098618 0.083976850
vt 0.013183594 0.379638672
vn -0.015710944 -0.777697504 0.628442466
v -0.491455078 0.002487168 0.078163251
vt 0.017089844 0.377685547
vn -0.290144831 -0.799858570 -0.525397182
v -0.491394043 0.003997788 0.080688581
vt 0.015625000 0.382324219
vn -0.418231279 0.039455816 0.907483280
v -0.489013672 0.000793442 0.090217695
vt 0.019531250 0.385742188
vn -0.402712405 -0.900180817 0.165822878
v -0.485473633 0.000732407 0.066764936
vt 0.026367188 0.372802734
vn -0.149181440 -0.973605216 -0.172736362
v -0.488586426 0.006179795 0.090561017
vt 0.018310547 0.389160156
vn -0.039334726 0.928299665 0.369746476
v -0.491210938 0.006286606 0.078804120
vt 0.014160156 0.381835938
vn -0.117934950 0.974928319 -0.188695833
v -0.483398438 0.001113877 0.089454755
vt 0.022705078 0.387939453
vn 0.031536229 -0.993389368 0.110376626
v -0.483917236 0.003112778 0.093559369
vt 0.021972656 0.389892578
vn -0.298869848 0.070785016 0.951664984
v -0.469543457 0.001098618 0.070678808
vt 0.038818359 0.379150391
vn -0.054951392 -0.996975899 -0.054951377
v -0.469421387 0.001968369 0.080230810
vt 0.036621094 0.387451172
vn -0.260359526 -0.946762204 0.189352512
v -0.448608398 0.000976548 0.092819311
vt 0.049560547 0.397460938
vn -0.007873728 -0.999969006 0.000000045
v -0.467681885 0.001022324 0.056762796
vt 0.047363281 0.372802734
vn -0.015746037 -0.999876022 0.000000046
vt 0.245849609 0.973144531
vt 0.242919922 0.967041016
vt 0.248535156 0.966308594
vt 0.248535156 0.972412109
vt 0.243652344 0.974121094
vt 0.243652344 0.982666016
vt 0.499023438 0.550781250
v -0.483245850 0.003478989 0.068145856
vt 0.503662109 0.544677734
vn -0.062865689 0.793677926 -0.605081260
vt 0.504638672 0.545898438
vt 0.508789062 0.537841797
v -0.467285156 0.004333481 0.070526220
vt 0.507812500 0.537109375
vn -0.434094876 0.883974910 -0.173637912
v -0.468444824 0.002990708 0.057369333
vt 0.512207031 0.531982422
vn -0.795226276 0.606261611 0.007873606
v -0.462371826 0.008209214 0.059646707
vt 0.508056641 0.531005859
vn -0.496741056 0.867325664 0.031539138
vt 0.514160156 0.531982422
v -0.465118408 0.008758530 0.053653818
vt 0.509277344 0.528808594
vn -0.635494590 0.768869936 -0.070610456
v -0.462554932 0.006942734 0.047145944
vt 0.508300781 0.523437500
vn -0.457317203 0.875210404 -0.157695547
v -0.471435547 0.001678452 0.053672895
vt 0.512451172 0.528076172
vn -0.983033836 0.157285362 -0.094371133
v -0.464080811 0.000915512 0.035671335
vt 0.516357422 0.518798828
vn -0.118121184 -0.992218256 -0.039373681
v -0.467407227 0.002853379 0.041702371
vt 0.513671875 0.521972656
vn -0.715096056 0.652230322 -0.251462251
v -0.461120605 0.002700791 0.026743034
vt 0.516601562 0.513671875
vn -0.518273175 0.832378030 -0.196315527
v -0.450927734 0.014404282 0.063583471
vt 0.500488281 0.527343750
vn -0.506328523 0.862340748 0.000000029
v -0.462982178 0.006561264 0.079826452
vt 0.499511719 0.536865234
vn -0.480404377 0.874178410 0.070879348
v -0.446075439 0.014801010 0.046169378
vt 0.501953125 0.516357422
vn -0.465491444 0.867865324 -0.173573062
v -0.439544678 0.019882187 0.048915956
vt 0.498046875 0.515380859
vn -0.591984451 0.797205627 -0.118396841
v -0.436737061 0.023239121 0.065689184
vt 0.491699219 0.521972656
vn -0.740639925 0.520023644 -0.425473899
v -0.438018799 0.016128525 0.032142732
vt 0.505859375 0.507324219
vn -0.553519726 0.814464688 -0.173963293
v -0.455108643 0.001144394 0.008891204
vt 0.523193359 0.504638672
vn -0.165549427 -0.985413551 -0.039416473
v -0.437896729 0.000946030 0.008433439
vt 0.532714844 0.505859375
vn 0.000000044 -1.000000000 0.000000044
vt 0.526611328 0.551269531
v -0.390472412 0.000839218 0.037098024
vt 0.562744141 0.519531250
v -0.358062744 0.000915512 -0.031837374
vt 0.579101562 0.484863281
v -0.330902100 0.000884995 0.029117666
vt 0.597412109 0.510009766
v -0.285919189 0.000915512 -0.059089582
vt 0.621582031 0.471191406
v -0.274993896 0.000793442 0.025787428
vt 0.627929688 0.515625000
v -0.220565796 0.000869736 0.004474232
vt 0.659423828 0.505371094
v -0.445281982 0.000961289 -0.037261862
vt 0.531494141 0.481933594
v -0.449798584 0.001098618 -0.020278832
vt 0.527099609 0.489990234
vn -0.102616973 -0.994595706 -0.015787177
v -0.450531006 0.001251206 -0.025098702
vt 0.527343750 0.487060547
vn -0.674432039 0.721485436 -0.156844586
v -0.451293945 0.002838120 -0.020170113
vt 0.525634766 0.489257812
vn -0.561760962 0.807036817 -0.181978852
v -0.439025879 0.009353623 -0.016918086
vt 0.518554688 0.486328125
vn -0.773767412 0.623751163 -0.110538118
v -0.454010010 0.002899155 -0.006852528
vt 0.523925781 0.495849609
vn -0.606882811 0.788159430 -0.102460682
v -0.436859131 0.012054428 -0.005383872
vt 0.514404297 0.491210938
vn -0.710957289 0.703057706 0.015799114
v -0.455261230 0.002929673 0.008482078
vt 0.522460938 0.503906250
vn -0.521759510 0.845882833 -0.110676222
v -0.448059082 0.006927475 0.006444552
vt 0.518554688 0.500732422
vn -0.481991440 0.869164765 -0.110620946
v -0.433135986 0.015167221 0.008535481
vt 0.510009766 0.496582031
vn -0.638965070 0.765180409 0.078884631
v -0.427612305 0.018692002 0.007033443
vt 0.506591797 0.494384766
vn -0.637005925 0.770698428 0.015728589
v -0.426483154 0.027389511 0.027536487
vt 0.498535156 0.502197266
vn -0.644451857 0.746620953 -0.165042460
v -0.410461426 0.036178574 0.005949589
vt 0.493408203 0.490478516
vn -0.849472582 0.471929163 -0.235964507
v -0.411651611 0.036437973 0.023441406
vt 0.489990234 0.497070312
vn -0.991542220 0.125910074 0.031477656
v -0.434082031 0.023086533 0.038036440
vt 0.500244141 0.508544922
vn -0.654416263 0.741146028 -0.149806067
v -0.418029785 0.035339341 0.044479463
vt 0.488769531 0.506103516
vn -0.525850236 0.847639084 -0.070636556
v -0.428894043 0.026672348 0.044097994
vt 0.495605469 0.509033203
vn -0.591487169 0.804422379 -0.055205416
v -0.431762695 0.025833115 0.049266908
vt 0.494628906 0.511962891
vn -0.584583163 0.805776656 -0.094797224
v -0.429168701 0.026672348 0.044956300
vt 0.495605469 0.509521484
vn -0.481555700 0.868378997 -0.118415304
v -0.429077148 0.026718125 0.044956300
vt 0.495361328 0.509521484
vn 0.794364989 0.605605066 0.047189869
vn -0.607562542 0.773261309 -0.181479648
v -0.429168701 0.026870713 0.045814607
vt 0.495117188 0.509765625
vn -0.607468009 0.765251815 -0.213008195
v -0.427032471 0.029647812 0.053398225
vt 0.490478516 0.512695312
vn -0.550993264 0.834361196 -0.015742628
v -0.412719727 0.037338242 0.050560091
vt 0.484130859 0.506835938
vn -0.598573744 0.795472860 -0.094511583
v -0.403991699 0.043655381 0.034393400
vt 0.482177734 0.498291016
vn -0.785480261 0.251353711 0.565545917
v -0.397979736 0.049102768 0.036933988
vt 0.477539062 0.498291016
vn -0.844406545 0.378799230 0.378799319
v -0.394714355 0.053909287 0.055370420
vt 0.470703125 0.503906250
vn -0.715648592 0.692055762 0.094371319
v -0.416381836 0.038452134 0.065170377
vt 0.480957031 0.512451172
vn -0.409195244 0.889212668 -0.204597577
v -0.420837402 0.033340439 0.058750246
vt 0.485839844 0.513427734
vn -0.457260430 0.575517297 -0.678006530
v -0.434539795 0.040328965 0.065574743
vt 0.482177734 0.521484375
vn -0.518833339 0.778249919 -0.353749961
v -0.421447754 0.043853745 0.062507719
vt 0.479736328 0.514648438
vn 0.071137793 0.829942346 -0.553294897
v -0.470733643 0.006729111 0.074325658
vt 0.760253906 0.976806641
vn 0.165426120 0.984679520 0.055141985
vt 0.775634766 0.979736328
vt 0.771972656 0.989013672
vt 0.768798828 0.970458984
vt 0.757080078 0.973388672
vt 0.757324219 0.981689453
v -0.480407715 0.002395615 0.087585546
vt 0.762451172 0.988769531
vn 0.479720503 0.849341214 0.220199481
vt 0.762207031 0.990722656
vt 0.771484375 0.991943359
v -0.475585938 0.008209214 0.094383337
vt 0.764648438 0.991943359
vn 0.188550130 0.982032180 -0.007856325
v -0.473632812 0.001113877 0.091781713
vt 0.761718750 0.994873047
vn 0.478877217 -0.792894900 0.376821309
vt 0.000244141 0.863281250
vt 0.002929688 0.856933594
vt 0.003906250 0.859375000
vt 0.000000000 0.855957031
v -0.471130371 0.001464829 0.160064802
vt 0.217285156 0.824951172
vn -0.518273056 -0.832378030 0.196315676
v -0.470611572 0.005325302 0.150314435
vt 0.218750000 0.826660156
vn -0.448360533 0.888854980 -0.094391659
v -0.467590332 0.001327500 0.141311750
vt 0.218261719 0.828369141
vn -0.063099913 -0.339161456 -0.938609540
v -0.462951660 0.005355820 0.157638654
vt 0.221679688 0.825927734
vn -0.520654440 0.694205821 -0.496988207
v -0.458862305 0.000991806 0.152465925
vt 0.211425781 0.828125000
vn -0.047189958 -0.998854995 -0.007864949
v -0.457855225 0.003219590 0.154068097
vt 0.220947266 0.832275391
vn -0.614097238 0.251937211 -0.747938693
v -0.464508057 0.001159653 0.160995588
vt 0.216796875 0.820556641
vn -0.290762246 -0.927295983 0.235753313
v -0.467864990 0.006378159 0.164428815
vt 0.220703125 0.819580078
vn -0.812106848 -0.007884543 0.583455622
v -0.449340820 0.000991821 0.172988996
vt 0.213867188 0.803466797
vn -0.054925986 -0.996515274 0.062772669
v -0.463409424 0.020660385 0.154159650
vt 0.226806641 0.828369141
vn -0.874097168 0.456735402 -0.165369615
v -0.452484131 0.022750854 0.175674543
vt 0.232910156 0.822753906
vn -0.197137862 0.938376188 0.283878505
v -0.458831787 0.019073471 0.149551496
vt 0.228759766 0.831542969
vn -0.149034619 0.737328589 -0.658889413
v -0.459716797 0.002426133 0.144851789
vt 0.217773438 0.835205078
vn -0.457787007 0.884002447 0.094714567
v -0.447570801 0.014053345 0.179092512
vt 0.229980469 0.813964844
vn 0.054951552 0.054951470 0.996975780
v -0.434600830 0.018188462 0.163253888
vt 0.241699219 0.823242188
vn 0.471259087 0.871829391 0.133523300
v -0.452697754 0.006149277 0.148239240
vt 0.227539062 0.837158203
vn -0.250974745 0.533321023 -0.807824552
v -0.446502686 0.017837510 0.150436506
vt 0.237060547 0.831787109
vn 0.329840541 0.761774898 -0.557587922
v -0.430572510 0.012832627 0.162735090
vt 0.247558594 0.822265625
vn 0.015799068 0.900545895 0.434473902
v -0.444671631 0.004089355 0.176147565
vt 0.225585938 0.805175781
vn 0.007835281 0.846206844 0.532796860
v -0.441833496 0.009155259 0.154449567
vt 0.241210938 0.836181641
vn -0.173443660 0.930288196 -0.323235720
v -0.444213867 0.009567246 0.142288312
vt 0.229980469 0.842773438
vn -0.433662832 0.898864746 0.063078247
v -0.433807373 0.016647324 0.144592389
vt 0.238281250 0.846191406
vn -0.936398506 -0.118033461 0.330493718
v -0.434112549 0.014434800 0.134323224
vt 0.232910156 0.851318359
vn -0.884305537 0.442152739 0.150016218
v -0.465576172 0.001968369 0.131637678
vt 0.212890625 0.841552734
vn -0.946261644 0.228679851 0.228679985
vt 0.186279297 0.854248047
v -0.396545410 0.000778183 0.127578825
vt 0.164062500 0.783203125
v -0.443145752 0.000946045 0.189819440
vt 0.220214844 0.788085938
vn -0.015741643 -0.999597251 0.023612577
v -0.445465088 0.003448486 0.188827619
vt 0.221679688 0.790283203
vn -0.259160548 0.950255275 0.172773674
v -0.383728027 0.000991821 0.195358366
vt 0.193115234 0.742431641
v -0.414489746 0.000915527 0.204696760
vt 0.218750000 0.758300781
vn -0.054981854 -0.973965526 0.219927743
v -0.467559814 0.000961289 0.105293371
vt 0.831542969 0.913818359
vn -0.070688814 -0.997498453 0.000000053
v -0.471343994 0.002090439 0.101966955
vt 0.830322266 0.911376953
vn -0.536164880 0.835786402 0.118271694
v -0.468933105 0.002685532 0.097084142
vt 0.832031250 0.909179688
vn -0.819634914 0.567439437 -0.078810960
vt 0.836914062 0.901855469
vt 0.845458984 0.915771484
v -0.465332031 0.001800522 0.118507482
vt 0.825195312 0.921875000
vn -0.912057936 -0.345953077 0.220152065
vt 0.820068359 0.931396484
v -0.462402344 0.006515488 0.091270544
vt 0.829101562 0.903076172
vn -0.471856236 0.880798221 -0.039321322
v -0.458190918 0.006774887 0.122078039
vt 0.817138672 0.922363281
vn -0.416690379 0.904139459 0.094345003
vt 0.799316406 0.923339844
v -0.455963135 0.008361802 0.107009985
vt 0.819091797 0.911865234
vn -0.440059096 0.887976289 0.133589372
v -0.436859131 0.014587387 0.128250226
vt 0.801757812 0.919189453
vn -0.456735462 0.874097109 0.165369734
v -0.437774658 0.017852768 0.116241552
vt 0.802978516 0.909667969
vn -0.900658369 0.434528142 0.000000099
v -0.453430176 0.011779770 0.100143529
vt 0.818847656 0.906005859
vn -0.482398152 0.869898260 0.102806173
vt 0.834228516 0.895751953
vt 0.840332031 0.898681641
vt 0.847412109 0.896972656
v -0.451843262 0.010696396 0.090377904
vt 0.822998047 0.899169922
vn -0.505932868 0.861666799 0.039526030
vt 0.830322266 0.882080078
v -0.444824219 0.015792832 0.101394750
vt 0.812500000 0.903564453
vn -0.604409814 0.792797267 0.078494824
v -0.431213379 0.028717026 0.099357702
vt 0.800537109 0.896728516
vn -0.560708821 0.694963098 0.450146556
v -0.432373047 0.022430405 0.116149999
vt 0.798583984 0.907226562
vn -0.409005344 0.739355683 -0.534853041
v -0.414764404 0.030593857 0.114715666
vt 0.785400391 0.901611328
vn -0.487630039 0.873014987 0.007865026
v -0.417541504 0.035079941 0.096717924
vt 0.787841797 0.891113281
vn -0.055377904 0.791113555 0.609157383
v -0.445404053 0.016860947 0.085098363
vt 0.819580078 0.892089844
vn -0.941531420 0.298151553 -0.156921774
vt 0.821533203 0.875732422
v -0.440979004 0.019454941 0.090759374
vt 0.812500000 0.896240234
vn -0.763732135 0.322814643 0.559020579
v -0.431579590 0.037689194 0.099983312
vt 0.798095703 0.890869141
vn -0.181225896 0.417607784 0.890371203
v -0.452941895 0.030181870 0.084953405
vt 0.812011719 0.886962891
vn -0.915459871 0.078918941 0.394594908
v -0.440734863 0.034011826 0.092529394
vt 0.804443359 0.887695312
vn -0.517937899 0.792601883 0.321749330
v -0.420074463 0.043502793 0.094665617
vt 0.792480469 0.885498047
vn 0.031446390 0.943391621 0.330187023
v -0.414337158 0.041397080 0.079086393
vt 0.788818359 0.874755859
vn 0.102680981 0.979418874 0.173767805
v -0.446899414 0.033981308 0.074119665
vt 0.813232422 0.878906250
vn -0.834852874 0.307162762 -0.456806123
vt 0.809814453 0.868896484
v -0.418151855 0.046157822 0.078292936
vt 0.794433594 0.871337891
vn -0.173201546 0.984099448 0.039363954
vt 0.791748047 0.861816406
vt 0.801513672 0.862548828
v -0.466400146 0.001815781 -0.051078696
vt 0.002929688 0.810546875
vn -0.795226216 -0.007873536 0.606261730
v -0.465454102 0.011444077 -0.064735316
vt 0.000244141 0.797851562
vn -0.803149760 0.519685030 -0.291338533
v -0.466247559 0.001007065 -0.062759303
vt 0.004882812 0.805664062
vn -0.481600672 -0.860565186 -0.165796846
v -0.452819824 0.001266465 -0.048293967
vt 0.009277344 0.816406250
vn 0.086450957 -0.864508510 0.495127618
v -0.456359863 0.000717148 -0.074752711
vt 0.010742188 0.803955078
vn -0.274960518 -0.887729704 -0.369232655
v -0.455200195 0.007766709 -0.076042078
vt 0.014892578 0.800537109
vn 0.142084986 0.836723387 -0.528872371
v -0.447235107 0.001251206 -0.071266077
vt 0.014160156 0.808837891
vn 0.306991488 -0.889488101 -0.338477761
v -0.440246582 0.006988510 -0.065269373
vt 0.018310547 0.812744141
vn 0.694292188 0.504939854 -0.512829602
v -0.438659668 0.001815781 -0.060886286
vt 0.019775391 0.818115234
vn -0.275522292 -0.818694711 -0.503812015
v -0.444702148 0.002365097 -0.052055258
vt 0.013183594 0.819824219
vn -0.541680694 0.839997590 0.031401813
v -0.442535400 0.011642441 -0.055538081
vt 0.010986328 0.822265625
vn 0.416368812 0.887729704 0.196400270
vt 0.010498047 0.828125000
vt 0.006835938 0.834228516
v -0.419860840 0.001007065 -0.089599520
vt 0.037109375 0.812500000
vn -0.055019233 -0.998206854 -0.023579638
vt 0.465087891 0.956054688
vt 0.474853516 0.956298828
v -0.458190918 0.015335068 -0.051872157
vt 0.469970703 0.962646484
vn -0.102473468 0.938026309 0.331068069
vt 0.477294922 0.966552734
vt 0.457275391 0.962402344
vt 0.468750000 0.972167969
vt 0.462402344 0.973388672
v -0.439056396 0.004257187 -0.056644343
vt 0.465087891 0.975830078
vn -0.188306347 0.957223535 -0.219690666
vt 0.469726562 0.977294922
v -0.436065674 0.007827744 -0.044364832
vt 0.469238281 0.981201172
vn -0.441698730 0.891284823 -0.102537163
vt 0.462402344 0.976806641
v -0.419830322 0.005477890 -0.073409945
vt 0.458251953 0.987060547
vn -0.442318290 0.845143676 -0.300144464
v -0.428466797 0.010818467 -0.049323943
vt 0.467773438 0.982910156
vn -0.456466585 0.857842326 -0.236103371
vt 0.849609375 0.888427734
vt 0.857910156 0.889404297
vt 0.856689453 0.892578125
v -0.425231934 0.006378174 0.179168805
vt 0.856689453 0.875976562
vn -0.212690756 0.937414765 0.275710225
vt 0.868408203 0.880615234
v -0.430725098 0.003250122 0.197525129
vt 0.843994141 0.881103516
vn -0.180465728 0.918021262 0.353085130
vt 0.847167969 0.888183594
vt 0.836914062 0.874755859
vt 0.819335938 0.864501953
v -0.382873535 0.001419067 0.208999723
vt 0.827148438 0.858886719
vn 0.015702901 -0.965723753 0.259096622
v -0.389587402 0.003631592 0.206909269
vt 0.830322266 0.860107422
vn 0.000000018 0.900658369 0.434528142
v -0.414276123 0.003433228 0.204162702
vt 0.838378906 0.873535156
vn -0.086883940 0.963621795 0.252753228
v -0.390899658 0.005691528 0.196548551
vt 0.839111328 0.857910156
vn -0.047140449 0.942809105 0.329983145
v -0.387298584 0.002273560 0.201431364
vt 0.834716797 0.855957031
vn 0.408739865 0.911804378 0.039301820
v -0.410736084 0.008255005 0.182708845
vt 0.852294922 0.866699219
vn -0.094391659 0.888854980 0.448360443
v -0.403350830 0.014373779 0.174255475
vt 0.856201172 0.858154297
vn -0.109733872 0.744623005 0.658403456
v -0.391693115 0.013351440 0.181869596
vt 0.849365234 0.851806641
vn -0.236889631 0.686980128 0.686980069
v -0.398193359 0.027923569 0.167816266
vt 0.863769531 0.849853516
vn -0.023613166 0.440780967 0.897304058
v -0.410064697 0.019073486 0.178527936
vt 0.859863281 0.863769531
vn 0.109865688 0.619956017 0.776906848
v -0.421783447 0.012588501 0.177597150
vt 0.859863281 0.872314453
vn -0.433487594 0.575356424 0.693580270
v -0.403289795 0.023529038 0.167709455
vt 0.862304688 0.855957031
vn 0.408853680 -0.031450216 0.912057936
v -0.412841797 0.023086548 0.170715436
vt 0.866455078 0.863281250
vn -0.370354265 0.236396447 0.898306429
v -0.422973633 0.017868027 0.168518171
vt 0.867431641 0.872558594
vn -0.778514624 0.165139467 0.605511487
v -0.406677246 0.032897949 0.180084333
vt 0.869628906 0.853271484
vn -0.102508359 0.134049609 0.985658526
v -0.402252197 0.041061386 0.170288190
vt 0.872802734 0.845214844
vn 0.252407163 0.473263323 0.843986154
v -0.407623291 0.044158921 0.165054426
vt 0.878662109 0.848144531
vn -0.078958258 0.757999778 0.647458076
v -0.381011963 0.043014511 0.160156339
vt 0.882324219 0.830810547
vn 0.519830108 0.787621379 0.330800891
v -0.419006348 0.037933335 0.165130720
vt 0.878662109 0.859375000
vn -0.462095261 0.548248708 0.697059095
v -0.432403564 0.030792221 0.165741071
vt 0.878173828 0.869873047
vn -0.658100188 0.156690553 0.736445665
vt 0.880859375 0.888671875
vt 0.873779297 0.890380859
v -0.390747070 0.049041733 0.154495329
vt 0.887695312 0.837158203
vn 0.482081711 0.814006805 0.324022055
v -0.389129639 0.043746933 0.139053434
vt 0.897460938 0.832275391
vn 0.062943362 0.967754304 0.243905500
v -0.380218506 0.038879380 0.157302946
vt 0.884277344 0.828613281
vn -0.322494835 0.637124121 0.700049996
v -0.362548828 0.048553452 0.158172697
vt 0.890136719 0.816406250
vn -0.378598839 0.780860126 0.496911019
v -0.392883301 0.048980698 0.142440885
vt 0.897705078 0.836914062
vn 0.632435799 0.751017511 0.189730614
v -0.402587891 0.056426987 0.155502409
vt 0.890380859 0.845214844
vn 0.055027783 0.927611053 0.369472176
v -0.406036377 0.054168686 0.130294889
vt 0.909179688 0.847900391
vn -0.047220763 0.960153878 -0.275453985
v -0.418731689 0.043884262 0.157943830
vt 0.884277344 0.857666016
vn -0.457260251 0.678006589 0.575517356
v -0.411499023 0.057525620 0.144714445
vt 0.898193359 0.851318359
vn -0.142085150 0.963021159 -0.228914887
v -0.423004150 0.054382309 0.141662687
vt 0.898437500 0.859130859
vn -0.512701869 0.804547548 0.299733430
v -0.429504395 0.046462998 0.144729719
vt 0.894531250 0.864990234
vn -0.473838449 0.766038835 0.434351951
v -0.421966553 0.048233017 0.132888898
vt 0.906982422 0.861572266
vn -0.314337730 0.762268782 -0.565807700
v -0.412384033 0.041137680 0.122863859
vt 0.916748047 0.860595703
vn -0.338645786 0.590661049 -0.732419670
v -0.405090332 0.051727280 0.123443693
vt 0.913818359 0.850097656
vn -0.691116095 0.683262408 0.235607833
v -0.400695801 0.041671738 0.117141813
vt 0.922607422 0.856201172
vn -0.984007955 0.125952974 0.125953153
vt 0.920654297 0.868896484
vt 0.912109375 0.888427734
v -0.438385010 0.047332749 0.138153180
vt 0.900390625 0.870361328
vn -0.354980677 0.930837989 -0.086773030
v -0.446685791 0.039031968 0.134292707
vt 0.901855469 0.877929688
vn -0.472075403 0.668773234 -0.574358165
vt 0.905761719 0.892578125
v -0.443817139 0.035018906 0.149841413
vt 0.890869141 0.875976562
vn -0.872718036 0.125797167 0.471739650
v -0.447082520 0.034835801 0.134796247
vt 0.899658203 0.880126953
vn -0.881425381 -0.464322358 0.086568713
vt 0.887451172 0.893554688
vt 0.613769531 0.250976562
vt 0.598632812 0.258544922
vt 0.603759766 0.249267578
v -0.433654785 0.010864243 -0.023595713
vt 0.612060547 0.258300781
vn -0.678006649 0.575517297 -0.457260251
vt 0.605468750 0.263183594
vt 0.607177734 0.267089844
vt 0.599609375 0.263916016
vt 0.596191406 0.273925781
v -0.410797119 0.015991196 -0.060398012
vt 0.606689453 0.278564453
vn -0.511795223 0.810998440 -0.283455729
v -0.414398193 0.024002060 -0.031444456
vt 0.620605469 0.273437500
vn -0.504375041 0.772324204 -0.386162072
v -0.399108887 0.020660385 -0.073646456
vt 0.610595703 0.288574219
vn -0.663001895 0.678787589 -0.315715104
v -0.419464111 0.019577011 -0.032386687
vt 0.616699219 0.269042969
vn -0.581291378 0.416330159 -0.699120522
v -0.408782959 0.026565537 -0.041492373
vt 0.621582031 0.280029297
vn -0.946173489 0.181349844 -0.268082321
v -0.429992676 0.030395493 -0.030431652
vt 0.620605469 0.263916016
vn -0.471041292 0.824322104 -0.314027429
v -0.420318604 0.033828720 -0.033901121
vt 0.622802734 0.268798828
vn -0.109865718 0.871077359 -0.478700221
v -0.408691406 0.028930649 -0.026094344
vt 0.628662109 0.274169922
vn -0.134053826 0.883177519 -0.449474245
v -0.411010742 0.035766587 -0.025415329
vt 0.627929688 0.270019531
vn 0.408853531 0.912057996 -0.031450368
v -0.414215088 0.032272324 -0.003677514
vt 0.635986328 0.264648438
vn -0.354980648 0.930837989 0.086773045
v -0.439300537 0.027816758 -0.019603632
vt 0.620361328 0.258056641
vn -0.903023899 0.369061887 -0.219866574
v -0.433715820 0.026748642 0.005431747
vt 0.630126953 0.254638672
vn -0.189146504 0.929970324 0.315244168
v -0.437622070 0.024826035 0.002971983
vt 0.627441406 0.253173828
vn -0.974958420 0.031450242 0.220152035
vt 0.622314453 0.248046875
vt 0.632812500 0.250976562
vt 0.634765625 0.254394531
vt 0.643066406 0.263427734
v -0.402282715 0.035766587 -0.028097063
vt 0.636474609 0.277587891
vn -0.669685900 0.740593851 0.055150665
v -0.404632568 0.041381821 0.001078458
vt 0.645019531 0.268798828
vn -0.637281954 0.354045421 -0.684487820
v -0.419464111 0.051330552 -0.000620511
vt 0.652343750 0.263427734
vn -0.866894603 0.315234333 -0.386161983
vt 0.651611328 0.251220703
v -0.394317627 0.046371445 -0.001217038
vt 0.650878906 0.280029297
vn -0.496771961 0.827953219 -0.260213822
v -0.421997070 0.056457505 0.027748201
vt 0.663330078 0.260253906
vn -0.946261644 0.323306024 -0.007885403
v -0.420104980 0.050064072 0.034648988
vt 0.666259766 0.257324219
vn -0.418544143 0.007897082 0.908162117
vt 0.667968750 0.251464844
v -0.401977539 0.064910874 0.027919859
vt 0.672363281 0.270751953
vn -0.792895019 0.565231979 -0.227662846
v -0.403106689 0.053924546 -0.009579568
vt 0.651611328 0.271728516
vn 0.290216058 0.243154064 -0.925554335
vt 0.672363281 0.257080078
v -0.401519775 0.052185044 0.034568876
vt 0.673095703 0.261718750
vn -0.426148981 0.363015890 0.828623235
v -0.405364990 0.049880967 0.042320341
vt 0.677001953 0.258056641
vn -0.852271676 -0.434027284 -0.291981816
v -0.404022217 0.051925644 0.050037473
vt 0.680664062 0.254394531
vn -0.548821211 -0.329292804 0.768349946
vt 0.682373047 0.247802734
v -0.415405273 0.075881943 0.043781374
vt 0.688720703 0.265136719
vn -0.937676728 -0.291546583 -0.189111143
v -0.395690918 0.069381699 0.053749174
vt 0.692382812 0.252929688
vn -0.511922002 -0.031502884 0.858454108
v -0.384887695 0.060836777 0.063034147
vt 0.690673828 0.245117188
vn -0.614097059 0.251937270 0.747938812
v -0.380065918 0.089218125 0.065643400
vt 0.709228516 0.247802734
vn -0.558052480 -0.086458847 0.825289190
v -0.392974854 0.088363633 0.056598753
vt 0.706787109 0.254882812
vn -0.512510478 -0.110386878 0.851556122
v -0.406768799 0.098152146 0.050788965
vt 0.712402344 0.263916016
vn -0.551061392 0.000000012 0.834464729
v -0.419128418 0.095367417 0.044597715
vt 0.701171875 0.267333984
vn -0.662321270 0.015769560 0.749054015
v -0.420227051 0.112510666 0.031046005
vt 0.706054688 0.275634766
vn -0.997713923 -0.039280124 -0.054991975
v -0.403930664 0.108169541 0.051300135
vt 0.718261719 0.269042969
vn -0.692827404 -0.133841664 0.708573699
v -0.370178223 0.118309006 0.077377409
vt 0.739746094 0.264648438
vn -0.520654261 -0.055220906 0.851979971
v -0.399169922 0.122924790 0.057380762
vt 0.727294922 0.278564453
vn -0.605829835 0.118018828 0.786792159
v -0.420532227 0.124496445 0.032947630
vt 0.711181641 0.280029297
vn -0.946173370 -0.181349933 0.268082589
v -0.417846680 0.124992356 0.047729582
vt 0.718750000 0.279785156
vn -0.653017163 0.511399031 0.558605134
v -0.398193359 0.132324204 0.043350305
vt 0.723388672 0.291503906
vn -0.267451376 0.959678411 0.086528376
v -0.415374756 0.128921494 0.025354473
vt 0.709716797 0.284179688
vn -0.573719382 0.738761783 -0.353662521
v -0.392578125 0.135971054 0.062206354
vt 0.733886719 0.289306641
vn -0.588620126 0.651406348 0.478744507
v -0.409149170 0.109321579 0.013916104
vt 0.695800781 0.284667969
vn -0.828907311 -0.086837962 -0.552604675
v -0.404693604 0.130569443 0.024517145
vt 0.711181641 0.290527344
vn -0.245214611 0.901756585 -0.355956554
v -0.379272461 0.131881699 0.031148994
vt 0.722167969 0.306640625
vn -0.221124664 0.971368849 -0.086870402
v -0.381042480 0.137672409 0.064346395
vt 0.739990234 0.298095703
vn -0.212204173 0.958848178 -0.188625887
v -0.359344482 0.141128525 0.050659262
vt 0.742187500 0.322998047
vn 0.426614344 0.861128926 0.276509166
v -0.396881104 0.077011093 0.011528104
vt 0.671142578 0.284912109
vn -0.823992193 -0.290359199 -0.486547589
v -0.397003174 0.127403244 0.009291735
vt 0.703125000 0.295410156
vn -0.494806856 0.856094301 -0.149227425
v -0.401977539 0.110321030 0.001628606
vt 0.687988281 0.292236328
vn -0.873907447 -0.204699084 -0.440890104
v -0.375396729 0.132949814 0.001873576
vt 0.704589844 0.310791016
vn -0.260448843 0.962871253 -0.071031488
v -0.403747559 0.125160202 -0.004825982
vt 0.693847656 0.298095703
vn -0.769201458 0.565127492 -0.298261732
v -0.388519287 0.109992966 -0.021140967
vt 0.681152344 0.308105469
vn 0.157990366 -0.000000036 -0.987440705
v -0.388397217 0.129104599 -0.017578041
vt 0.692626953 0.307617188
vn -0.307688236 0.757386148 -0.575929046
v -0.376922607 0.131927475 -0.010260499
vt 0.697021484 0.312988281
vn 0.410008341 0.520395279 -0.749054015
v -0.365264893 0.130607590 -0.003827967
vt 0.700683594 0.319580078
vn 0.458115190 0.221159086 -0.860940933
v -0.355804443 0.140449509 0.002644857
vt 0.708251953 0.322021484
vn -0.236631706 0.962301970 -0.134091273
v -0.345092773 0.142967209 0.029867250
vt 0.723144531 0.330566406
vn 0.416999817 0.849735498 0.322584659
v -0.354248047 0.113815293 0.057144243
vt 0.735595703 0.340576172
vn 0.830851257 0.276950449 0.482684880
v -0.338867188 0.142036423 0.012106974
vt 0.711914062 0.330566406
vn 0.642707348 0.509463251 -0.572166502
v -0.331359863 0.123733506 0.015239794
vt 0.705566406 0.340576172
vn 0.931098700 0.228829384 -0.284064144
v -0.345458984 0.095153794 0.052352984
vt 0.716552734 0.352539062
vn 0.860136330 0.291972935 0.418231279
v -0.383605957 0.076766953 -0.009963903
vt 0.664062500 0.301269531
vn -0.845645130 -0.245000020 -0.474193394
v -0.326232910 0.104965195 0.018854219
vt 0.694824219 0.347656250
vn 0.915688038 0.284179062 0.284178913
v -0.336639404 0.098793015 0.010793765
vt 0.687500000 0.341552734
vn 0.533978283 0.094231471 -0.840230823
v -0.334716797 0.083419785 0.040634237
vt 0.703369141 0.358886719
vn 0.410378575 0.836540997 0.363027155
v -0.342132568 0.080856308 0.058658682
vt 0.713378906 0.361083984
vn 0.786792099 0.605829954 0.118018687
v -0.335784912 0.082168564 0.053978048
vt 0.710693359 0.362792969
vn 0.180404544 0.831430137 -0.525526643
v -0.301239014 0.090499863 0.047859270
vt 0.692626953 0.372314453
vn -0.880145371 0.471506417 0.055009179
v -0.319915771 0.086517319 0.017854769
vt 0.684326172 0.354248047
vn 0.063204043 0.995464504 -0.071104653
v -0.302490234 0.091430649 0.027877882
vt 0.685546875 0.366943359
vn -0.972005606 0.079024807 0.221269697
v -0.308074951 0.090164170 0.024681168
vt 0.684082031 0.362060547
vn -0.772132397 0.598796546 0.212730438
v -0.307891846 0.092361435 0.006513671
vt 0.678710938 0.361328125
vn -0.904922903 0.424920291 0.023606785
v -0.331390381 0.081390366 0.011866650
vt 0.678710938 0.347167969
vn 0.243965834 0.598110020 -0.763377368
v -0.326599121 0.082412705 0.001170237
vt 0.672363281 0.350585938
vn -0.408853590 0.912057996 -0.031450264
v -0.309509277 0.091003403 -0.016645355
vt 0.664794922 0.361083984
vn -0.756374657 0.653948843 -0.015757734
v -0.350860596 0.073272690 -0.002388872
vt 0.669677734 0.333984375
vn 0.353498757 0.455620736 -0.816975176
v -0.354064941 0.069931015 -0.019853508
vt 0.661376953 0.330078125
vn -0.196436778 0.974326313 0.110004559
v -0.307830811 0.090133652 -0.033676069
vt 0.657958984 0.360351562
vn -0.802975416 0.582550764 -0.125956848
v -0.327758789 0.080459580 -0.042278208
vt 0.653564453 0.345458984
vn -0.369016469 0.918615341 -0.141325429
v -0.344635010 0.072494492 -0.042114176
vt 0.651611328 0.335449219
vn 0.023563622 0.989674628 -0.141382128
v -0.379943848 0.091873154 -0.017959509
vt 0.672363281 0.313232422
vn 0.433178186 0.078759678 -0.897860527
v -0.367187500 0.065185532 -0.012796317
vt 0.664062500 0.320800781
vn 0.568074822 0.441836119 -0.694313943
v -0.360443115 0.067031845 -0.011724388
vt 0.664794922 0.325927734
vn -0.387064725 0.916316330 -0.102690607
v -0.356018066 0.087081894 -0.039211188
vt 0.651611328 0.323974609
vn 0.681980669 0.697658479 0.219487920
v -0.365844727 0.072586045 -0.019586477
vt 0.660888672 0.320068359
vn 0.133850068 0.322814673 0.936949790
v -0.378448486 0.075851426 -0.018484030
vt 0.659912109 0.308837891
vn -0.486622661 0.863362670 -0.133428752
v -0.363708496 0.084182724 -0.019748604
vt 0.657226562 0.319824219
vn -0.015680104 0.878087163 0.478243887
v -0.359527588 0.083160385 -0.045093451
vt 0.648681641 0.321533203
vn -0.400854766 0.903888106 -0.149338022
v -0.355590820 0.083587632 -0.054588232
vt 0.645996094 0.325195312
vn 0.165472239 0.693407953 -0.701287687
v -0.389160156 0.064300522 -0.051982790
vt 0.638427734 0.308349609
vn -0.762527764 0.573861063 -0.298722148
v -0.395935059 0.064071640 -0.028777987
vt 0.647705078 0.302001953
vn -0.989919007 -0.047139052 -0.133560359
v -0.390777588 0.069503769 -0.015060337
vt 0.656494141 0.301757812
vn -0.838757813 -0.062710881 0.540881336
v -0.377655029 0.049911484 -0.048335943
vt 0.630126953 0.299072266
vn -0.922261119 -0.110356085 -0.370480835
v -0.370758057 0.054138169 -0.064140230
vt 0.625000000 0.306152344
vn -0.070636705 -0.251152366 -0.965366781
v -0.384704590 0.050781235 -0.024280461
vt 0.643554688 0.292480469
vn -0.989461064 -0.031411499 0.141351700
v -0.377258301 0.057235703 -0.011197004
vt 0.654541016 0.292968750
vn -0.985413551 0.039416488 -0.165549338
v -0.386260986 0.048278794 -0.034862429
vt 0.636230469 0.293457031
vn -0.353837490 0.927840412 0.117945828
v -0.389099121 0.053756699 0.014734357
vt 0.658935547 0.279541016
vn -0.512925386 0.418231338 -0.749660015
v -0.397216797 0.062637314 0.020643324
vt 0.667480469 0.274902344
vn -0.330095381 0.534439862 -0.778081656
v -0.401702881 0.060485825 0.002173752
vt 0.657958984 0.270996094
vn 0.023591273 0.951517940 -0.306687623
v -0.410827637 0.044754013 -0.029289154
vt 0.632568359 0.281982422
vn -0.645269275 0.503624856 0.574447215
v -0.389495850 0.054916367 -0.039638430
vt 0.630615234 0.291015625
vn -0.071164660 0.972582757 -0.221400976
v -0.414611816 0.039169297 -0.049850371
vt 0.624511719 0.285400391
vn -0.757952631 0.402662247 -0.513196945
v -0.390197754 0.036483750 -0.058711916
vt 0.619628906 0.295410156
vn -0.551934540 0.638666987 -0.536164820
v -0.395477295 0.043212876 -0.058486849
vt 0.623046875 0.291992188
vn -0.165451914 0.709079146 -0.685443223
v -0.421630859 0.002624497 -0.081787020
vt 0.132812500 0.209472656
vn -0.454835594 0.870461166 -0.188207805
vt 0.136474609 0.217773438
vt 0.131835938 0.212646484
vt 0.133544922 0.205566406
v -0.411651611 0.008270249 -0.086509615
vt 0.127197266 0.208984375
vn -0.535366714 0.826669157 -0.173206836
v -0.422332764 0.002029404 -0.090629488
vt 0.131591797 0.206054688
vn -0.549142063 0.823713124 -0.141207904
v -0.413665771 0.009399399 -0.076667696
vt 0.128662109 0.212890625
vn -0.576072574 0.789140463 -0.213067874
vt 0.127929688 0.220947266
v -0.399963379 0.019805893 -0.074417025
vt 0.122070312 0.215576172
vn -0.591634333 0.773068786 -0.228765205
v -0.400817871 0.019439682 -0.073554903
vt 0.122558594 0.215820312
vn -0.566227496 0.794291317 -0.220199540
vt 0.121582031 0.216064453
v -0.397094727 0.014755234 -0.097976595
vt 0.119628906 0.205322266
vn -0.541230619 0.815767825 -0.203941911
v -0.399963379 0.019927964 -0.074005038
vn -0.535018682 0.715980768 -0.448471397
vt 0.122070312 0.215820312
vn -0.566648185 0.787011266 -0.243973449
v -0.381530762 0.032608017 -0.083160311
vt 0.112548828 0.215332031
vn -0.844301403 0.520783901 -0.126250595
vt 0.116455078 0.223632812
v -0.412109375 0.002868637 -0.119575411
vt 0.125976562 0.194091797
vn -0.574003041 0.802031517 -0.165124103
v -0.398529053 0.008117661 -0.125823870
vt 0.117431641 0.194091797
vn -0.401749253 0.905905068 -0.133916378
vt 0.150634766 0.216552734
v -0.372711182 0.000915512 -0.114181429
vt 0.139892578 0.185546875
v -0.408447266 0.001052842 -0.125610247
vt 0.125488281 0.190429688
vn -0.031479437 -0.999473393 -0.007869822
v -0.414093018 0.001998886 -0.133911029
vt 0.122070312 0.189697266
vn -0.520848989 0.828623295 -0.205182865
v -0.374755859 0.000930756 -0.178314120
vt 0.119140625 0.166748047
vn -0.007873485 -0.999938011 -0.007873483
v -0.309906006 0.001022324 -0.133727938
vt 0.150146484 0.157958984
v -0.331665099 0.001037568 -0.216171175
vt 0.113525391 0.145019531
vn 0.000000043 -0.999969006 -0.007873728
v -0.356323302 0.001113862 -0.207260042
vt 0.110595703 0.155517578
vn -0.062861666 -0.990071774 -0.125723332
v -0.392730713 0.009521469 -0.132964998
vt 0.113525391 0.190917969
vn -0.482836217 0.854857445 -0.189968288
v -0.405273438 0.001724228 -0.141082659
vt 0.121093750 0.185302734
vn -0.900405467 0.023694823 -0.434406012
v -0.373687744 0.027816758 -0.112556368
vt 0.105957031 0.203613281
vn -0.667041242 0.682736278 -0.298206598
v -0.384887695 0.011596665 -0.150298983
vt 0.111083984 0.182617188
vn -0.480538517 0.850789368 -0.212697312
v -0.395599365 0.001770005 -0.163925081
vt 0.116943359 0.176269531
vn -0.692377090 0.637301505 -0.338320494
v -0.376098633 0.015884385 -0.154495150
vt 0.107421875 0.181884766
vn -0.999473393 0.031479433 0.007870000
v -0.388397217 0.002014130 -0.176315218
vt 0.114501953 0.171630859
vn -0.850710213 -0.496247649 -0.173292711
v -0.375854492 0.009643525 -0.170761019
vt 0.108398438 0.175048828
vn -0.645269394 0.723960757 -0.243943229
v -0.377777100 0.007400483 -0.181899935
vt 0.109130859 0.170654297
vn -0.345472902 0.926495254 -0.149181455
v -0.392150879 0.002304047 -0.182525545
vt 0.113769531 0.169189453
vn -0.798001468 -0.497763336 -0.339743078
v -0.377563536 0.001388520 -0.196258456
vt 0.111816406 0.163818359
vn -0.370480984 -0.804022491 -0.465071738
v -0.358551085 0.002792329 -0.206329256
vt 0.109375000 0.156250000
vn -0.236653820 0.844064891 -0.481195897
v -0.377807677 0.007202119 -0.187362581
vt 0.109375000 0.167724609
vn -0.236286521 0.913640797 -0.330800980
v -0.344848692 0.009674042 -0.197463900
vt 0.104492188 0.157958984
vn -0.189897045 0.902010500 -0.387706280
v -0.358337462 0.007842988 -0.190002352
vt 0.105468750 0.163085938
vn -0.283719838 0.866921484 -0.409817427
v -0.370727539 0.011306733 -0.177871615
vt 0.104980469 0.169677734
vn -0.338561833 0.385802865 -0.858214557
v -0.341796935 0.016555756 -0.191146761
vt 0.101318359 0.158691406
vn -0.236191332 0.810923159 -0.535366714
v -0.335968077 0.010528535 -0.197540194
vt 0.101806641 0.154052734
vn -0.362801373 0.772924423 -0.520540953
v -0.334564269 0.017822236 -0.183669955
vt 0.097167969 0.156494141
vn -0.164905190 0.785262287 -0.596799433
v -0.355957031 0.018127412 -0.179794222
vt 0.100097656 0.164062500
vn -0.007865123 -0.133705035 -0.990989983
v -0.339508116 0.026321381 -0.186798006
vt 0.093994141 0.159179688
vn 0.204243645 0.157110572 -0.966230273
v -0.342865050 0.033431977 -0.182922274
vt 0.090576172 0.161621094
vn 0.676494539 0.291050047 -0.676494718
v -0.353393614 0.040863007 -0.190139681
vt 0.083984375 0.165039062
vn -0.031456247 0.180872574 -0.983003378
v -0.376281798 0.023361176 -0.185302645
vt 0.098632812 0.170410156
vn -0.559801936 0.370572984 -0.741146028
v -0.378295898 0.016143769 -0.180251986
vt 0.103759766 0.172607422
vn -0.898445904 -0.409817457 -0.157621950
v -0.350891173 0.052947968 -0.172958300
vt 0.083984375 0.176025391
vn -0.557949305 0.754410326 -0.345771372
v -0.348358214 0.051696748 -0.176162630
vt 0.082763672 0.174560547
vn -0.488856375 0.433662742 -0.756938636
v -0.384399414 0.029464707 -0.161712557
vt 0.100341797 0.178710938
vn -0.795843303 0.496417046 -0.346703947
v -0.347076416 0.048507676 -0.160507113
vt 0.080810547 0.183105469
vn 0.259184539 0.934635103 0.243476316
v -0.357818604 0.051101670 -0.163864046
vt 0.086425781 0.179199219
vn -0.417607844 0.843094945 -0.338813782
v -0.359954834 0.057418808 -0.150268480
vt 0.087402344 0.183837891
vn -0.188271523 0.980580688 -0.054912534
v -0.348297119 0.041107163 -0.142517000
vt 0.086914062 0.191650391
vn -0.078708425 0.873663723 0.480121493
v -0.336853027 0.036560044 -0.160522372
vt 0.078857422 0.187500000
vn 0.118165106 0.850789487 -0.512049258
v -0.340942383 0.045272812 -0.144027621
vt 0.083251953 0.193847656
vn -0.853548348 -0.086935535 -0.513709486
v -0.344970703 0.048950180 -0.132858187
vt 0.084716797 0.197998047
vn -0.990989983 0.133704945 0.007865124
v -0.374511719 0.049987778 -0.142593294
vt 0.094238281 0.185791016
vn -0.417413414 0.811199665 0.409537703
v -0.385803223 0.037460312 -0.147140414
vt 0.099609375 0.184570312
vn -0.978808463 -0.094723441 0.181553319
v -0.378936768 0.037841782 -0.139694124
vt 0.098876953 0.188476562
vn -0.173335761 0.346671760 0.921831548
v -0.357574463 0.044723496 -0.118476786
vt 0.091552734 0.199951172
vn -0.385814935 0.409436047 -0.826745987
v -0.342864990 0.053527817 -0.117698587
vt 0.084472656 0.203125000
vn -0.748937607 0.378410518 -0.543965042
v -0.375427246 0.019073471 -0.132842928
vt 0.105957031 0.192138672
vn -0.825825036 0.558414936 0.078650087
v -0.366485596 0.024963364 -0.133224398
vt 0.101074219 0.194580078
vn -0.614955366 0.772636235 0.157680914
v -0.344696045 0.069824204 -0.118858255
vt 0.080078125 0.210205078
vn -0.827670276 0.275889993 -0.488719434
v -0.368072510 0.031616196 -0.119705118
vt 0.100341797 0.200195312
vn -0.211883828 0.196188539 -0.957400382
v -0.379486084 0.031311020 -0.122970492
vt 0.101318359 0.205810547
vn -0.550907969 -0.519427478 -0.653219342
v -0.372528076 0.055206284 -0.118400484
vt 0.092773438 0.206054688
vn -0.007880750 0.118209191 -0.992957532
v -0.373474121 0.065750107 -0.118026644
vt 0.090087891 0.210937500
vn -0.141561374 0.298851490 -0.943741679
v -0.357177734 0.076583847 -0.110618509
vt 0.085937500 0.217041016
vn -0.189429134 0.978716910 -0.078928806
v -0.386535645 0.057189927 -0.115081698
vt 0.094482422 0.210449219
vn -0.810898066 0.433003753 -0.393639743
v -0.342224121 0.061630234 -0.095558085
vt 0.079101562 0.227050781
vn 0.458115280 0.884636521 0.086883843
v -0.388763428 0.042648301 -0.117561251
vt 0.099365234 0.208984375
vn -0.966319680 -0.219975248 -0.133556217
v -0.385559082 0.036209092 -0.087470919
vt 0.108154297 0.215087891
vn -0.915175021 -0.402361453 -0.023668183
v -0.392456055 0.054504380 -0.092674166
vt 0.100830078 0.216308594
vn -0.748774707 0.662074387 -0.031527288
v -0.360321045 0.077499375 -0.073539652
vt 0.094726562 0.227539062
vn -0.086515032 0.990989983 0.102244966
v -0.349243164 0.065689072 -0.070526041
vt 0.096435547 0.232910156
vn -0.251835853 0.936514497 0.243965968
v -0.389678955 0.048873886 -0.076431185
vt 0.105468750 0.219238281
vn -0.590093970 -0.180962190 0.786792159
v -0.374481201 0.067016587 -0.070159823
vt 0.100830078 0.224609375
vn -0.449683905 0.370792091 0.812586904
v -0.364288330 0.052902207 -0.072395243
vt 0.106445312 0.227050781
vn -0.465491265 0.173573107 0.867865384
v -0.355133057 0.064453110 -0.056312475
vt 0.100830078 0.235351562
vn -0.023562351 0.699012697 -0.714720964
vt 0.096191406 0.239257812
v -0.368865967 0.051757798 -0.064628519
vt 0.108642578 0.227294922
vn -0.614173293 0.716535449 -0.330708593
vt 0.113037109 0.231201172
vt 0.097900391 0.244384766
vt 0.108642578 0.228271484
v -0.378082275 0.067901596 -0.066963106
vt 0.105957031 0.236816406
vn -0.315499157 0.433811158 -0.843959928
vt 0.109130859 0.238769531
v -0.419830322 0.051864609 0.098114103
vt 0.024902344 0.625976562
vn -0.985842407 0.126187786 0.110414468
v -0.414947510 0.057235703 0.080917448
vt 0.029296875 0.637451172
vn -0.829243302 0.379082561 -0.410672724
v -0.416381836 0.053253159 0.085228056
vt 0.026367188 0.636230469
vn -0.747637630 -0.503671706 -0.432842702
v -0.411590576 0.038650498 0.096954435
vt 0.016357422 0.624755859
vn -0.967664361 0.015734348 0.251750201
v -0.406738281 0.046508774 0.081749052
vt 0.023437500 0.646240234
vn -0.813625753 0.466057360 -0.347568184
v -0.410369873 0.058441147 0.096397489
vt 0.031250000 0.625244141
vn -0.529896855 0.846253216 0.055362392
v -0.413604736 0.056503281 0.113227934
vt 0.026611328 0.614013672
vn -0.875400782 0.047318950 0.481076270
vt 0.019531250 0.605957031
vt 0.009033203 0.613281250
vt 0.011230469 0.626464844
vt 0.029541016 0.602050781
vt 0.019042969 0.644287109
vt 0.011962891 0.648193359
vt 0.037109375 0.669189453
v -0.401672363 0.063690171 0.109344572
vt 0.038085938 0.613037109
vn -0.338404387 0.818466485 0.464322329
v -0.399139404 0.051788315 0.074821562
vt 0.031982422 0.652587891
vn -0.739355862 0.409005255 -0.534852982
v -0.389587402 0.058654770 0.067360014
vt 0.044433594 0.653564453
vn -0.157125279 0.463519126 -0.872044563
v -0.404541016 0.058853135 0.072837919
vt 0.033203125 0.645996094
vn -0.478656024 -0.360953718 -0.800375402
vt 0.048339844 0.655029297
v -0.408691406 0.062103257 0.078468412
vt 0.034179688 0.637939453
vn -0.550907969 0.834232092 0.023610378
v -0.384979248 0.073410019 0.098144621
vt 0.052734375 0.623046875
vn -0.047098354 0.996914387 0.062797718
v -0.399139404 0.067535385 0.065521330
vt 0.041259766 0.645507812
vn -0.353892267 0.692055762 -0.629141569
v -0.384796143 0.075088486 0.082229704
vt 0.051269531 0.635742188
vn -0.125972584 0.992033720 -0.000000027
v -0.386108398 0.072875962 0.076759428
vt 0.051025391 0.640380859
vn 0.558708727 0.456410080 -0.692484319
v -0.383636475 0.060165390 0.073295683
vt 0.053222656 0.645507812
vn -0.007852454 0.973695278 -0.227719098
v -0.357757568 0.069076523 0.079536520
vt 0.072265625 0.633056641
vn -0.541881025 0.337694019 0.769628286
v -0.373779297 0.062103257 0.082481474
vt 0.061767578 0.634277344
vn 0.323065013 0.945556402 -0.039398264
v -0.363281250 0.063369736 0.099556051
vt 0.067871094 0.618408203
vn -0.754970074 0.605548799 -0.251656592
v -0.352569580 0.071899399 0.078094564
vt 0.074462891 0.633300781
vn -0.906045675 -0.204845145 -0.370296776
v -0.370666504 0.060455307 0.107788175
vt 0.064941406 0.607666016
vn -0.047146365 0.911494613 -0.408601046
v -0.368774414 0.073760971 0.103752218
vt 0.073242188 0.614257812
vn -0.769106686 -0.266832948 -0.580753863
v -0.364288330 0.105377182 0.079147421
vt 0.094970703 0.628173828
vn -0.958996296 -0.282982528 0.015721390
v -0.373260498 0.068771347 0.109451383
vt 0.070312500 0.608886719
vn -0.682316303 -0.117640793 -0.721529722
v -0.385528564 0.072601303 0.112960905
vt 0.051757812 0.612548828
vn 0.039231736 0.729709268 0.682631135
v -0.382690430 0.062728867 0.113868803
vt 0.054199219 0.607421875
vn 0.449866176 0.173632577 0.876054883
v -0.383392334 0.053802475 0.115577787
vt 0.050781250 0.601318359
vn 0.015775533 0.496926457 0.867649317
v -0.383270264 0.051345810 0.121543974
vt 0.050048828 0.598144531
vn -0.774637163 -0.007904522 -0.632356644
v -0.397644043 0.051986679 0.121811002
vt 0.036865234 0.601074219
vn 0.157695577 0.890979946 0.425777972
vt 0.028320312 0.597900391
v -0.390747070 0.047759995 0.122627348
vt 0.043457031 0.597412109
vn 0.196188569 0.957400382 0.211883605
v -0.394866943 0.055816635 0.126907423
vt 0.037109375 0.596191406
vn 0.236948758 0.971490085 0.007898220
vt 0.034667969 0.585693359
v -0.392181396 0.052581772 0.133422926
vt 0.037841797 0.590820312
vn -0.992772579 0.047274835 -0.110307939
v -0.390747070 0.049957260 0.130584806
vt 0.041748047 0.591796875
vn -0.489526361 -0.244763181 -0.836932003
v -0.386352539 0.048416123 0.132827848
vt 0.046386719 0.591064453
vn -0.513565183 -0.513565242 0.687387466
vt 0.049804688 0.591064453
vt 0.044433594 0.585937500
vt 0.052978516 0.566894531
vt 0.042236328 0.583007812
vt 0.040039062 0.589111328
v -0.400482178 0.097999565 0.136932462
vt 0.311035156 0.121093750
vn -0.960153878 0.236103371 0.149532259
v -0.401123047 0.089675888 0.133483976
vt 0.303466797 0.121582031
vn -0.882218063 -0.141785085 -0.448985815
v -0.405578613 0.089782700 0.151229948
vt 0.308593750 0.110839844
vn -0.882108569 0.165395334 0.441054434
v -0.396728516 0.100341789 0.153411940
vt 0.316894531 0.109375000
vn -0.886145055 0.188207775 0.423467696
v -0.398193359 0.111038201 0.139816374
vt 0.320312500 0.121337891
vn -0.963261306 0.244763061 0.110538296
v -0.384826660 0.098976128 0.158905104
vt 0.319824219 0.099121094
vn -0.401674330 -0.063007735 0.913612545
v -0.400238037 0.110809319 0.152481169
vt 0.322509766 0.112792969
vn -0.807774782 0.039212357 0.588185668
v -0.395141602 0.128379822 0.153793409
vt 0.333007812 0.114013672
vn -0.755086601 0.330350399 0.566315114
v -0.393493652 0.127799988 0.136734083
vt 0.329833984 0.126464844
vn -0.363196939 0.931679010 0.007895592
v -0.381378174 0.130470276 0.161224440
vt 0.338867188 0.103759766
vn -0.409550399 0.819100857 0.401674479
v -0.397216797 0.128089905 0.115135282
vt 0.324462891 0.141601562
vn -0.678851068 0.655170202 -0.331531823
v -0.370941162 0.108879082 0.168975905
vt 0.328857422 0.090576172
vn -0.541530430 -0.039241333 0.839764893
v -0.366699219 0.099334709 0.167617872
vt 0.323486328 0.086914062
vn -0.519105911 -0.220226794 0.825850546
v -0.402770996 0.115005486 0.128601164
vt 0.318359375 0.130126953
vn -0.945233643 -0.047261734 -0.322954684
v -0.388824463 0.103096001 0.113632292
vt 0.303710938 0.138183594
vn -0.781419396 -0.197328180 -0.591984272
v -0.379516602 0.113235466 0.098136991
vt 0.303955078 0.150878906
vn -0.787304103 -0.055111345 -0.614097059
v -0.377227783 0.087310776 0.158828810
vt 0.312500000 0.092041016
vn -0.448679715 -0.086587325 0.889488161
v -0.354553223 0.078308105 0.172363356
vt 0.311767578 0.073974609
vn -0.377589971 -0.157329172 0.912509441
v -0.364013672 0.070526108 0.166366652
vt 0.303466797 0.078857422
vn -0.353662461 -0.015718309 0.935241044
v -0.384277344 0.071914658 0.156341627
vt 0.300537109 0.093505859
vn -0.408853441 -0.031450253 0.912058055
v -0.390472412 0.081466660 0.122192472
vt 0.292236328 0.126464844
vn -0.716491163 -0.196838275 -0.669249773
vt 0.292724609 0.164306641
vt 0.278808594 0.139404297
vt 0.278076172 0.134277344
vt 0.272949219 0.130371094
vt 0.273437500 0.117431641
vt 0.276855469 0.110351562
v -0.393524170 0.063827500 0.129623488
vt 0.285644531 0.114013672
vn -0.912481129 -0.251718968 -0.322514743
vt 0.279052734 0.108642578
v -0.403869629 0.075790390 0.150848478
vt 0.300292969 0.106689453
vn -0.819533050 -0.299444795 0.488567948
v -0.395111084 0.064987168 0.149093702
vt 0.292480469 0.102050781
vn -0.787011325 -0.306934446 0.535167813
v -0.393554688 0.052032456 0.147476271
vt 0.283447266 0.100585938
vn -0.931795120 -0.252690256 0.260586917
vt 0.279541016 0.101318359
v -0.380096436 0.052627549 0.158645704
vt 0.288330078 0.088623047
vn -0.220753103 -0.804172397 0.551883101
vt 0.273437500 0.096923828
v -0.367462158 0.056808457 0.168518141
vt 0.294189453 0.079101562
vn -0.227915734 -0.447972536 0.864508569
v -0.360595703 0.058197007 0.164871290
vt 0.294433594 0.074218750
vn 0.149181545 -0.722352207 0.675242305
v -0.359649658 0.054412827 0.148284987
vt 0.280761719 0.074951172
vn 0.023527518 -0.901884496 0.431336105
v -0.348419189 0.059677109 0.167480543
vt 0.292480469 0.067138672
vn 0.102713168 -0.718991339 0.687387407
vt 0.272216797 0.073974609
v -0.344329834 0.057754502 0.153640822
vt 0.274902344 0.066162109
vn -0.197162271 0.331232816 0.922719896
v -0.386077881 0.029907212 0.165847868
vt 0.682617188 0.979003906
vn 0.283719838 0.409817457 0.866921425
vt 0.671630859 0.987792969
vt 0.673583984 0.978027344
v -0.385253906 0.038299561 0.171402067
vt 0.681152344 0.985351562
vn 0.400558025 0.227768287 0.887510598
vt 0.687500000 0.991210938
vt 0.690429688 0.986328125
v -0.342102051 0.043777466 0.174987882
vt 0.716796875 0.974365234
vn -0.378481060 0.646571875 0.662342012
vt 0.703857422 0.990966797
v -0.358978271 0.024627686 0.178695768
vt 0.700195312 0.966064453
vn -0.402474105 0.631331980 0.662898660
v -0.371582031 0.025238022 0.170318693
vt 0.690673828 0.970458984
vn -0.086697496 0.796041012 0.599001110
v -0.382843018 0.025497437 0.177764982
vt 0.682617188 0.969238281
vn -0.086927280 0.742833555 0.663808644
vt 0.674804688 0.962890625
v -0.373565674 0.022109985 0.178497404
vt 0.689453125 0.965332031
vn -0.173767850 0.845143795 0.505506516
v -0.358337402 0.018310547 0.192520231
vt 0.698486328 0.955078125
vn -0.229301006 0.972552359 -0.039534658
v -0.376678467 0.015853882 0.182769865
vt 0.685546875 0.961181641
vn -0.228084907 0.668524981 0.707849979
v -0.375671387 0.012893677 0.190322965
vt 0.685791016 0.955810547
vn -0.497763366 0.861209571 -0.102713034
v -0.374389648 0.027130127 0.200470060
vt 0.693115234 0.946289062
vn -0.197162464 0.922719896 -0.331232786
v -0.377777100 0.019210815 0.196075529
vt 0.687011719 0.950439453
vn -0.993111670 0.078818351 0.086700350
v -0.376220703 0.005508423 0.196777433
vt 0.681884766 0.949951172
vn -0.945938110 0.291664243 0.141890809
v -0.382110596 0.003707886 0.197280973
vt 0.678710938 0.949218750
vn -0.173056737 0.794487953 0.582100034
vt 0.671142578 0.951416016
vt 0.672363281 0.948974609
vt 0.677001953 0.947753906
vt 0.671142578 0.942626953
v -0.377319336 0.001052856 0.206695646
vt 0.675537109 0.943359375
vn -0.055019226 -0.998206854 0.023579739
vt 0.874267578 0.203125000
vt 0.903808594 0.150390625
vt 0.922119141 0.186523438
vt 0.835937500 0.183349609
v -0.340911865 0.000976548 0.103660665
vt 0.863281250 0.141357422
vt 0.915527344 0.108154297
vt 0.803466797 0.167236328
v -0.293518066 0.000900254 0.135177702
vt 0.845703125 0.104248047
vt 0.908935547 0.564941406
vt 0.899902344 0.535644531
vt 0.921142578 0.565185547
vt 0.916015625 0.591064453
vt 0.898681641 0.580810547
vt 0.888916016 0.547363281
vt 0.894775391 0.580078125
v -0.364318848 0.116950974 0.074707113
vt 0.887207031 0.532714844
vn 0.629141629 0.692055821 0.353892058
vt 0.881347656 0.545898438
v -0.355834961 0.128860459 0.064788900
vt 0.874023438 0.534667969
vn -0.780641735 0.307525426 -0.544083416
v -0.348602295 0.111656174 0.056270678
vt 0.866210938 0.526855469
vn -0.433689892 0.134049505 -0.891035259
vt 0.871337891 0.525390625
vt 0.882568359 0.507080078
v -0.374053955 0.141662583 0.074760519
vt 0.898193359 0.516357422
vn 0.228261620 0.613944948 0.755624413
vt 0.906005859 0.506103516
vt 0.912597656 0.505371094
vt 0.919921875 0.506835938
vt 0.693115234 0.382568359
vt 0.728271484 0.377929688
vt 0.706542969 0.413574219
vt 0.679931641 0.421875000
vt 0.662109375 0.392822266
v -0.222702056 0.000961289 -0.140685961
vt 0.645019531 0.434326172
v -0.213180557 0.000869736 -0.079460077
vt 0.631835938 0.398681641
vt 0.628417969 0.376953125
v -0.156646743 0.000885010 -0.036136564
vt 0.601074219 0.402099609
v -0.179245010 0.000869736 -0.112205446
vt 0.621337891 0.412597656
v -0.163772583 0.000793457 0.013172210
vt 0.605224609 0.375244141
v -0.085098267 0.000885010 0.012695363
vt 0.582031250 0.374511719
v -0.061302200 0.000885010 -0.063964799
vt 0.567626953 0.389648438
v -0.355651855 0.133659363 0.109993063
vt 0.098632812 0.589111328
vn -0.125956967 0.991910815 0.015744589
vt 0.079101562 0.608154297
vt 0.068603516 0.596679688
vt 0.060791016 0.581298828
vt 0.057617188 0.590332031
v -0.365356445 0.132705688 0.154815748
vt 0.072509766 0.572998047
vn -0.062836528 0.997529209 -0.031418279
v -0.369262695 0.132606506 0.098342977
vt 0.099853516 0.602539062
vn -0.487901807 0.786938250 -0.377730340
vt 0.095458984 0.619628906
v -0.358551025 0.133666977 0.080497824
vt 0.114746094 0.602050781
vn -0.165657640 0.986057103 -0.015776934
v -0.321228027 0.137573242 0.102882460
vt 0.119873047 0.577636719
vn -0.141382128 0.989674628 0.023563657
v -0.360443115 0.132118210 0.078445517
vt 0.114257812 0.604736328
vn -0.798225760 0.474193454 -0.371451497
vt 0.123046875 0.609375000
v -0.359283447 0.132293686 0.077163778
vt 0.115722656 0.604492188
vn -0.361399084 0.872071505 -0.329972953
v -0.325378418 0.138671860 0.070350721
vt 0.135986328 0.593750000
vn 0.363196760 0.750080526 -0.552690983
v -0.342590332 0.135665879 0.056610186
vt 0.133544922 0.605957031
vn -0.189399719 0.860189915 -0.473499030
v -0.345733643 0.120422348 0.051277239
vt 0.143798828 0.608154297
vn 0.181096628 0.118106559 -0.976347804
v -0.334259033 0.110221848 0.058353502
vt 0.153808594 0.602294922
vn 0.575195551 0.102432087 -0.811577439
vt 0.457519531 0.022460938
vt 0.463134766 0.016357422
v -0.378051758 0.003204346 0.209991544
vt 0.461914062 0.025878906
vn -0.591707945 0.788943887 0.165678263
vt 0.464111328 0.022216797
v -0.379791260 0.002182007 0.205474943
vt 0.459228516 0.027099609
vn -0.727756202 0.680293679 -0.087014250
vt 0.463623047 0.035888672
vt 0.460205078 0.033691406
vt 0.455078125 0.025390625
vt 0.456054688 0.027832031
vt 0.453369141 0.029052734
v -0.374969482 0.001022339 0.223709196
vt 0.935058594 0.994140625
vn -0.078436747 -0.996147394 0.039218456
v -0.374511719 0.005218506 0.216598600
vt 0.936523438 0.989501953
vn -0.889212608 0.204597563 0.409195304
vt 0.941650391 0.991210938
vt 0.942626953 0.993408203
vt 0.948730469 0.983642578
vt 0.942626953 0.975097656
v -0.372711182 0.023193359 0.216888517
vt 0.929931641 0.979492188
vn -0.914264917 0.244329408 0.323145479
vt 0.938720703 0.971191406
vt 0.937744141 0.621826172
v -0.361236572 0.136093140 0.174026564
vt 0.944091797 0.633300781
vn -0.362519443 0.622587860 0.693515658
vt 0.931152344 0.629394531
v -0.358978271 0.110160820 0.176574782
vt 0.943847656 0.623046875
vn -0.370792001 -0.102559492 0.923035741
vt 0.939453125 0.617919922
v -0.357238770 0.123893730 0.175705031
vt 0.944824219 0.628662109
vn -0.614859700 0.023648463 0.788281918
vt 0.946289062 0.610595703
v -0.352050781 0.091949463 0.173095778
vt 0.947753906 0.615966797
vn -0.188876748 -0.165267244 0.967994034
v -0.351379395 0.089462280 0.176971510
vt 0.949951172 0.615478516
vn -0.741099954 -0.110376604 0.662259758
v -0.348175049 0.075088486 0.169616774
vt 0.948974609 0.609130859
vn -0.764300883 -0.291537493 0.575195730
vt 0.948974609 0.603271484
vt 0.943847656 0.606445312
vt 0.945312500 0.602294922
v -0.344635010 0.062820420 0.166595533
vt 0.951171875 0.603759766
vn -0.361443579 -0.911466479 0.196436837
v -0.336761475 0.062072739 0.154220656
vt 0.952392578 0.598388672
vn 0.394055307 -0.851159334 0.346768558
v -0.347137451 0.062225342 0.174911574
vt 0.953125000 0.606689453
vn -0.456876993 -0.819227874 0.346596509
v -0.332946777 0.061386093 0.154098585
vt 0.953857422 0.597900391
vn 0.205253303 -0.923639476 0.323668540
vt 0.949707031 0.596923828
vt 0.945556641 0.595947266
v -0.343292236 0.072189331 0.181503370
vt 0.955566406 0.610595703
vn -0.698259234 -0.117684163 0.706105113
v -0.330352783 0.070144653 0.194519117
vt 0.963134766 0.610595703
vn 0.039387271 -0.921660006 0.385994405
v -0.330841064 0.080902100 0.194183424
vt 0.961914062 0.615234375
vn -0.637005806 -0.015728535 0.770698547
v -0.338439941 0.054214463 0.163116530
vt 0.951904297 0.593261719
vn -0.276267946 0.797230422 0.536749184
vt 0.945556641 0.590820312
vt 0.950195312 0.584716797
v -0.321777344 0.052932739 0.173141554
vt 0.955078125 0.588134766
vn -0.306924880 0.826336265 0.472192168
v -0.320007324 0.065689072 0.153503492
vt 0.958984375 0.595703125
vn 0.353695452 -0.699530780 0.620931804
v -0.320281982 0.072433472 0.190719679
vt 0.967041016 0.607666016
vn 0.337777436 -0.934779286 0.109974027
v -0.305297852 0.074661240 0.165985182
vt 0.969726562 0.597656250
vn 0.379283786 -0.916602373 0.126427919
v -0.299865723 0.075027451 0.147445753
vt 0.966308594 0.591064453
vn 0.157970920 0.015797129 0.987317383
v -0.277435303 0.084213242 0.159637511
vt 0.980712891 0.593505859
vn 0.268609047 -0.955932021 0.118503973
v -0.283935547 0.079971299 0.145492613
vt 0.973876953 0.588623047
vn -0.149806052 0.488841116 0.859414160
v -0.289550781 0.083099365 0.185745314
vt 0.979736328 0.605468750
vn 0.447696149 -0.824703515 -0.345590055
v -0.300048828 0.080001831 0.202835158
vt 0.977294922 0.612060547
vn -0.756257355 -0.023633102 -0.653847337
v -0.304443359 0.078353882 0.212890700
vt 0.975341797 0.616210938
vn -0.995371222 0.094797216 0.015799670
v -0.317352295 0.074920654 0.206588820
vt 0.969726562 0.614257812
vn -0.448027819 -0.440167814 0.778153837
v -0.297088623 0.089660645 0.220642164
vt 0.976318359 0.623046875
vn -0.495740294 0.267542422 0.826234043
v -0.291107178 0.097541802 0.227050856
vt 0.979980469 0.626220703
vn 0.432722390 -0.149485812 0.889047503
v -0.295318604 0.109497063 0.223159865
vt 0.977294922 0.630371094
vn 0.023527555 -0.086267173 0.995994210
v -0.314056396 0.096969604 0.206375197
vt 0.967773438 0.624023438
vn -0.597075462 -0.117843859 0.793482006
v -0.297180176 0.129524231 0.226226881
vt 0.975341797 0.638427734
vn -0.268074006 -0.134037033 0.954028606
v -0.289916992 0.118865959 0.228759840
vt 0.979003906 0.634765625
vn 0.627282321 -0.062728152 0.776261687
v -0.320434570 0.135826111 0.211166456
vt 0.962402344 0.638671875
vn -0.622781277 -0.055183150 0.780447602
v -0.301177979 0.138397217 0.226684645
vt 0.972900391 0.642333984
vn -0.220233545 0.597777009 0.770817637
v -0.334472656 0.112533562 0.193908766
vt 0.956787109 0.626953125
vn -0.632356644 -0.110662445 0.766732693
v -0.332702637 0.131317139 0.198791578
vt 0.956054688 0.635009766
vn -0.707543612 0.377356648 0.597481430
v -0.370025635 0.002746582 0.229415983
vt 0.453613281 0.460449219
vn -0.410724044 0.774056911 0.481810987
vt 0.449951172 0.456542969
vt 0.452148438 0.457519531
v -0.363647461 0.008666992 0.221023649
vt 0.449707031 0.463623047
vn -0.281792223 0.634032726 0.720135927
v -0.353942871 0.000946045 0.241088957
vt 0.459960938 0.465820312
vn -0.031432737 -0.997991085 0.055007432
v -0.342712402 0.003112793 0.246917814
vt 0.461669922 0.470947266
vn -0.314037144 0.785092890 0.533863187
v -0.328308105 0.000991821 0.209274381
vt 0.474365234 0.457275391
vt 0.455322266 0.451171875
vt 0.454833984 0.446777344
vt 0.494873047 0.432128906
v -0.319915771 0.000976562 0.244598478
vt 0.471679688 0.471191406
vn 0.000000046 -0.999876022 0.015746122
v -0.264007568 0.000930786 0.206237867
vt 0.498291016 0.467041016
v -0.228225708 0.000930771 0.090057440
vt 0.527099609 0.426757812
vt 0.519775391 0.396240234
vt 0.543945312 0.395263672
vt 0.562500000 0.404541016
v -0.156356812 0.000854492 0.078369200
vt 0.556884766 0.432861328
vt 0.588378906 0.411132812
v -0.204177842 0.000976562 0.183654860
vt 0.523681641 0.466308594
v -0.129852280 0.000885010 0.131286681
vt 0.557128906 0.461181641
v -0.259948671 0.000900269 0.273101866
vt 0.507080078 0.488525391
v -0.301574707 0.001266479 0.253051817
vt 0.478759766 0.477539062
vn -0.007899215 -0.987409830 0.157985613
v -0.335388184 0.001373291 0.248916715
vt 0.464111328 0.470703125
vn -0.047248397 -0.921345472 0.385862648
v -0.327423096 0.002426147 0.247879118
vt 0.466064453 0.471923828
vn 0.228900686 0.734060705 0.639343023
v -0.319793701 0.002227783 0.252563536
vt 0.471923828 0.474365234
vn -0.739309967 0.259544998 0.621335089
v -0.311309814 0.007629395 0.252746642
vt 0.471923828 0.476318359
vn 0.023614777 0.795029283 0.606111348
v -0.304626465 0.009490967 0.242340177
vt 0.467773438 0.477783203
vn -0.425104558 0.692763090 0.582550824
v -0.317596436 0.003097534 0.245788664
vt 0.469482422 0.473388672
vn -0.236081466 0.881370842 0.409207880
v -0.323211670 0.009124756 0.232666105
vt 0.464599609 0.475830078
vn -0.094359525 0.802056313 0.589747310
v -0.315521240 0.013397217 0.232757658
vt 0.465087891 0.477294922
vn -0.575588763 0.630782247 0.520395398
v -0.335876465 0.007995605 0.246292204
vt 0.462402344 0.472656250
vn -0.047138974 0.872071505 0.487102985
v -0.330200195 0.011215210 0.233627409
vt 0.462158203 0.475585938
vn 0.134082943 0.828159213 0.544218779
v -0.315307617 0.017211914 0.228454679
vt 0.462646484 0.479248047
vn 0.165165082 0.526955068 0.833689988
v -0.310882568 0.024017334 0.219116300
vt 0.459228516 0.483642578
vn -0.496494114 0.756562531 0.425566435
v -0.341796875 0.009033203 0.234695524
vt 0.457519531 0.472412109
vn -0.235782340 0.919551075 0.314376444
v -0.320312500 0.021636963 0.227172941
vt 0.460449219 0.479003906
vn -0.125937372 0.779237807 0.613944888
v -0.334838867 0.008941650 0.232360929
vt 0.458984375 0.474365234
vn -0.377660215 0.841867566 0.385528177
v -0.327636719 0.021133423 0.222580045
vt 0.457275391 0.478759766
vn -0.470751226 0.870889664 0.141225353
v -0.330444336 0.017944336 0.216186613
vt 0.454101562 0.478759766
vn -0.322514892 0.912481189 0.251718968
v -0.328308105 0.024978638 0.198410124
vt 0.448974609 0.484130859
vn -0.456622154 0.716424465 0.527477324
v -0.340881348 0.013031006 0.223724455
vt 0.454101562 0.473876953
vn -0.031539086 0.867325604 0.496740997
v -0.340942383 0.019042969 0.205444425
vt 0.447753906 0.478271484
vn 0.125847757 0.959589362 0.251695484
v -0.347686768 0.021453857 0.198074430
vt 0.443359375 0.479003906
vn 0.039409135 0.993111670 -0.110345788
vt 0.438476562 0.479248047
v -0.343261719 0.018325806 0.223724455
vt 0.451904297 0.473144531
vn 0.244117245 0.803224385 0.543357551
v -0.355194092 0.025863647 0.196411222
vt 0.440917969 0.475585938
vn 0.196116075 0.980580688 -0.000000069
vt 0.436279297 0.464355469
v -0.367706299 0.022766113 0.222244352
vt 0.444091797 0.463867188
vn -0.031378545 0.807998538 0.588348389
vt 0.442626953 0.461914062
vt 0.065917969 0.438964844
vt 0.060791016 0.442871094
vt 0.059570312 0.434082031
v -0.350158691 0.131958008 0.153122023
vt 0.068359375 0.433105469
vn -0.031479523 0.999473393 -0.007869910
v -0.348236084 0.133659363 0.123703085
vt 0.075439453 0.440429688
vn -0.007858233 0.997991085 0.062865533
vt 0.076660156 0.447021484
vt 0.087890625 0.437988281
v -0.343902588 0.132690430 0.127121046
vt 0.075927734 0.438476562
vn -0.205208495 0.978686512 -0.007892649
v -0.305664062 0.141830444 0.114585944
vt 0.089599609 0.430664062
v -0.305328369 0.141403198 0.094200201
vt 0.092285156 0.437500000
vn -0.975169599 -0.212335363 -0.062914029
v -0.332275391 0.136581421 0.153274611
vt 0.072998047 0.427001953
vn -0.282799125 0.958374739 -0.039277654
v -0.302246094 0.146179199 0.130020216
vt 0.088623047 0.424072266
vn -0.377251774 0.919551075 0.110031776
v -0.355255127 0.131401062 0.169616774
vt 0.061035156 0.431152344
vn -0.315244198 0.929970324 0.189146504
vt 0.056396484 0.430175781
vt 0.054687500 0.416259766
v -0.327301025 0.140007019 0.186889723
vt 0.062011719 0.417236328
vn -0.330095291 0.943129361 0.039297059
v -0.300781250 0.147216797 0.154342726
vt 0.083984375 0.416503906
vn -0.236838043 0.971035779 0.031578388
v -0.266418457 0.152442932 0.132980406
vt 0.099121094 0.412353516
vn 0.007872099 0.834438801 0.551044405
v -0.307281494 0.143638611 0.179870680
vt 0.070068359 0.413085938
vn -0.180962205 0.983490050 -0.000000019
v -0.321624756 0.142501831 0.205276564
vt 0.057861328 0.410400391
vn -0.361790031 0.920204997 0.149434999
vt 0.054443359 0.407958984
v -0.307586670 0.143402100 0.211105421
vt 0.059326172 0.404296875
vn -0.181096777 0.976347685 0.118106559
vt 0.056640625 0.397216797
v -0.265075684 0.153686523 0.139465392
vt 0.099121094 0.410400391
vn 0.606205344 -0.795152307 0.015745547
v -0.271453857 0.153312683 0.138290465
vt 0.096435547 0.411132812
vn -0.542903364 -0.818289101 -0.188835844
v -0.263214111 0.154167175 0.146148741
vt 0.096435547 0.405761719
vn -0.031425029 0.934894681 0.353531599
v -0.296783447 0.143989563 0.177368239
vt 0.073242188 0.410156250
vn -0.189541340 0.979296744 0.071077965
v -0.292144775 0.146453857 0.213623121
vt 0.062500000 0.398681641
vn 0.023591353 0.951517940 0.306687564
v -0.284362793 0.146347046 0.200424269
vt 0.068115234 0.399414062
vn -0.039466873 0.986671269 0.157867357
v -0.284332275 0.140747070 0.217468336
vt 0.062255859 0.394042969
vn 0.684678733 0.306924999 0.661068976
vt 0.054443359 0.392089844
v -0.270263672 0.151184082 0.185791075
vt 0.076660156 0.400146484
vn -0.244969398 0.964073002 0.102729067
v -0.243545517 0.158233643 0.172424376
vt 0.087646484 0.396728516
vn 0.260124892 0.961673975 0.086708225
v -0.264801025 0.151313782 0.194824278
vt 0.075195312 0.395996094
vn 0.487841368 0.409157246 0.771103919
v -0.275085449 0.137626648 0.203613341
vt 0.069091797 0.392333984
vn 0.658889532 0.149034575 0.737328589
v -0.257843018 0.146980286 0.144104064
vt 0.098144531 0.400146484
vn 0.841633022 0.117985964 -0.527004004
vt 0.099121094 0.405029297
vt 0.101806641 0.404052734
v -0.268463135 0.134651184 0.131637633
vt 0.104736328 0.396972656
vn 0.899676204 0.094702810 0.426162302
v -0.285278320 0.126655579 0.211807325
vt 0.062744141 0.388183594
vn 0.741630495 -0.015779309 0.670623124
v -0.268371582 0.124176018 0.196228087
vt 0.072998047 0.384765625
vn 0.605605125 0.047190059 0.794364929
v -0.254516602 0.131134033 0.150528014
vt 0.097900391 0.391113281
vn 0.843042493 0.047273427 -0.535765469
v -0.264007568 0.111259453 0.133194029
vt 0.105957031 0.385986328
vn 0.977226615 0.197021529 -0.078808725
v -0.241394028 0.137870789 0.174758971
vt 0.089111328 0.390380859
vn 0.960153818 0.149532184 -0.236103535
v -0.253173828 0.137512207 0.185501158
vt 0.080810547 0.390136719
vn 0.542081833 0.196406484 0.817050695
v -0.236160263 0.124946594 0.185669005
vt 0.086425781 0.385498047
vn 0.816471517 -0.117760256 0.565249324
v -0.243286118 0.118728638 0.167236388
vt 0.092773438 0.382324219
vn 0.944413662 -0.220363155 -0.243973628
v -0.256042480 0.115379326 0.191391051
vt 0.081542969 0.379882812
vn 0.583637059 -0.110417731 0.804472387
v -0.245452866 0.103332520 0.159011900
vt 0.095458984 0.377197266
vn 0.959441006 0.110099822 -0.259521037
v -0.259490967 0.099128716 0.132995665
vt 0.104980469 0.379150391
vn 0.818187952 -0.165210947 0.550703228
v -0.254913330 0.110527039 0.184463561
vt 0.084228516 0.377929688
vn 0.925468922 -0.337247103 0.172544941
v -0.256042480 0.103485100 0.168167174
vt 0.090332031 0.374511719
vn 0.924100339 -0.118474349 0.363321364
v -0.254974365 0.100433350 0.194641173
vt 0.078125000 0.374267578
vn 0.904726923 -0.031468701 0.424828172
v -0.272033691 0.106925957 0.202102721
vt 0.068603516 0.378173828
vn 0.599690795 0.173594728 0.781175911
v -0.255767822 0.092819214 0.184936583
vt 0.082031250 0.371093750
vn 0.974958539 -0.157251328 0.157251239
v -0.243667588 0.090240464 0.161743224
vt 0.095703125 0.372558594
vn 0.906383336 -0.409842879 -0.102460831
v -0.253143311 0.089492798 0.172561705
vt 0.088378906 0.369384766
vn 0.385862768 -0.897721350 0.212618232
v -0.262390137 0.090988159 0.194885314
vt 0.075683594 0.370361328
vn 0.439408362 -0.855276883 0.274630159
v -0.259857178 0.085266098 0.147934020
vt 0.100097656 0.369384766
vn 0.425025702 -0.905147195 -0.007870862
v -0.264221191 0.088241562 0.134521544
vt 0.104980469 0.375000000
vn 0.157499880 0.858374238 0.488249511
vt 0.092529297 0.361083984
vt 0.098876953 0.359619141
v -0.272857666 0.087142944 0.184814513
vt 0.079101562 0.365478516
vn 0.204143077 -0.973605216 0.102071524
vt 0.075439453 0.360595703
v -0.271270752 0.090057373 0.209945738
vt 0.067626953 0.371826172
vn 0.961823463 -0.055186536 0.268049002
v -0.263977051 0.101547234 0.200180113
vt 0.072998047 0.375244141
vn 0.661089599 0.062960960 0.747660637
v -0.282958984 0.091949463 0.214096129
vt 0.061035156 0.373046875
vn 0.392873555 0.597167790 0.699314773
vt 0.055419922 0.372314453
vt 0.053710938 0.375976562
vt 0.055908203 0.382324219
v -0.284637451 0.117256157 0.215103224
vt 0.060791016 0.384521484
vn 0.813321412 0.078963295 0.576431513
vt 0.053710938 0.386474609
v -0.355072081 0.115982033 -0.174713060
vt 0.420166016 0.006103516
vn -0.591984451 0.781419396 -0.197328076
v -0.353515685 0.098876931 -0.186340258
vt 0.423095703 0.013916016
vn -0.622163117 -0.070879392 -0.779672563
v -0.350769103 0.095108017 -0.159896776
vt 0.414306641 0.016601562
vn -0.991880059 -0.118081003 0.047232516
v -0.355041504 0.120498635 -0.143340990
vt 0.408691406 0.005371094
vn -0.645269394 0.747568130 -0.157382712
v -0.347656250 0.080459580 -0.126861498
vt 0.400878906 0.016845703
vn -0.985352218 -0.141890749 0.094593942
v -0.334198058 0.115997292 -0.189910814
vt 0.430419922 0.007080078
vn -0.212204248 0.188625813 -0.958848178
v -0.350921690 0.084060639 -0.173812792
vt 0.420166016 0.020507812
vn -0.993111670 -0.110345781 -0.039409056
v -0.345794737 0.083709687 -0.184890673
vt 0.425048828 0.020019531
vn -0.354925513 -0.149857447 -0.922805965
v -0.351287901 0.075164765 -0.183410570
vt 0.423339844 0.023925781
vn -0.505838096 -0.205496728 -0.837794125
v -0.317962706 0.083343476 -0.186447069
vt 0.435302734 0.019775391
vn -0.062990293 -0.165349245 -0.984221458
v -0.344024718 0.067764252 -0.181747362
vt 0.426269531 0.026611328
vn -0.228502467 -0.196984842 -0.953406334
v -0.321258605 0.062667817 -0.182784960
vt 0.435058594 0.028076172
vn -0.055068750 -0.173072875 -0.983368337
v -0.298950255 0.051803559 -0.181579515
vt 0.443115234 0.031738281
vn -0.173330605 0.007878607 -0.984832168
v -0.282989562 0.065292329 -0.185424745
vt 0.448730469 0.026855469
vn -0.974085748 -0.078555353 -0.212099195
v -0.290252745 0.091735810 -0.189056322
vt 0.446044922 0.017333984
vn -0.330667794 0.314921588 -0.889653504
v -0.307495177 0.091232270 -0.188980028
vt 0.439697266 0.016845703
vn -0.063147075 -0.149974078 -0.986671269
v -0.287811339 0.111244179 -0.192642137
vt 0.447509766 0.009033203
vn -0.133408353 -0.141255826 -0.980942965
v -0.323394835 0.114692666 -0.190246508
vt 0.434570312 0.007324219
vn -0.086867809 -0.134250090 -0.987132728
v -0.310821593 0.118934609 -0.192275926
vt 0.438720703 0.003906250
vn -0.101980463 0.941357434 -0.321630478
v -0.290161192 0.122756936 -0.185699388
vt 0.447021484 0.003417969
vn -0.172907129 0.966707587 -0.188625887
vt 0.039794922 0.008300781
vt 0.050781250 0.006347656
vt 0.044433594 0.012939453
vt 0.053222656 0.014892578
vt 0.035400391 0.015869141
v -0.340759277 0.099357590 0.051178057
vt 0.031494141 0.009765625
vn 0.260359436 0.189352378 -0.946762145
vt 0.021484375 0.009521484
vt 0.030517578 0.006591797
vt 0.039794922 0.006103516
v -0.332122862 0.006622285 -0.210479647
vt 0.217285156 0.272705078
vn -0.157985657 0.908417046 -0.387064666
vt 0.208251953 0.285156250
vt 0.208984375 0.273681641
vt 0.212158203 0.268798828
v -0.336334288 0.002731293 -0.216094881
vt 0.218505859 0.276855469
vn -0.386486441 0.607335567 -0.694097817
vt 0.208740234 0.286132812
v -0.323791564 0.008468598 -0.206954867
vt 0.219238281 0.267089844
vn -0.150274068 0.790915489 -0.593186736
vt 0.223144531 0.275146484
v -0.335907042 0.001083344 -0.223480135
vt 0.220947266 0.274414062
vn -0.228765324 -0.591634333 -0.773068726
v -0.331695616 0.003478974 -0.218017489
vt 0.220947266 0.271972656
vn -0.031535298 0.843566358 -0.536098242
v -0.317871153 0.002426118 -0.220031649
vt 0.225097656 0.269042969
vn -0.086838014 0.828907251 -0.552604854
v -0.314086974 0.001296967 -0.222732455
vt 0.227783203 0.267089844
vn -0.173121035 -0.975773275 -0.133775294
v -0.330444396 0.014495820 -0.201354891
vt 0.214355469 0.267089844
vn -0.368834674 0.604260802 -0.706278920
v -0.321136534 0.015701264 -0.205795199
vt 0.219238281 0.262939453
vn -0.039394647 0.614554405 -0.787890315
v -0.316864073 0.010589570 -0.205001742
vt 0.222656250 0.261962891
vn -0.408752620 0.676013768 -0.613128722
v -0.320221007 0.017044038 -0.200485140
vt 0.218505859 0.260253906
vn -0.157793805 0.702181876 -0.694292307
v -0.322052062 0.021743745 -0.193023592
vt 0.215820312 0.257324219
vn -0.157008991 0.902801216 -0.400372714
v -0.326843321 0.025833100 -0.191955477
vt 0.212890625 0.261230469
vn -0.070987366 0.922834694 -0.378598899
v -0.317688048 0.024795502 -0.197387606
vt 0.218505859 0.256835938
vn -0.274537355 0.800079942 -0.533386648
v -0.313751280 0.025955170 -0.190490633
vt 0.218505859 0.253906250
vn -0.458215415 0.766325653 -0.450315028
v -0.309204161 0.022262543 -0.198959261
vt 0.221923828 0.254394531
vn -0.418231487 0.749660075 -0.512925267
v -0.299163878 0.027053803 -0.202804476
vt 0.225830078 0.246337891
vn -0.605830014 0.566490293 -0.558622301
v -0.321258545 0.032913178 -0.175216585
vt 0.210205078 0.257080078
vn -0.558760822 0.574500501 -0.598110020
v -0.307434142 0.021865815 -0.209258944
vt 0.226562500 0.253173828
vn -0.582550883 0.692763090 -0.425104558
v -0.305358946 0.016372651 -0.212921053
vt 0.229248047 0.255859375
vn -0.630527616 0.417724401 -0.654172182
v -0.305114806 0.007827729 -0.218490511
vt 0.232177734 0.260009766
vn -0.542685091 0.605605006 -0.582009971
v -0.296142638 0.024108857 -0.213027865
vt 0.231445312 0.248779297
vn -0.502320230 0.792724013 -0.345345080
v -0.302856505 0.014846772 -0.219085604
vt 0.232910156 0.256103516
vn -0.699985147 0.424709946 -0.574144900
v -0.294525206 0.023849458 -0.223342806
vt 0.236572266 0.250488281
vn -0.441218644 0.614554405 -0.653948843
v -0.295318663 0.014480561 -0.222396761
vt 0.238037109 0.254882812
vn -0.527935743 0.386102140 -0.756445050
v -0.283477843 0.028976411 -0.218215868
vt 0.239257812 0.244140625
vn -0.582623124 0.661355793 -0.472396970
v -0.283264220 0.024246186 -0.222991869
vt 0.241943359 0.246582031
vn -0.589948118 0.542752147 -0.597813904
v -0.297515929 0.008865327 -0.224273592
vt 0.238525391 0.257812500
vn -0.536098301 0.693774164 -0.480911642
v -0.276153624 0.039703339 -0.222061083
vt 0.242431641 0.236572266
vn -0.825442135 0.125781581 -0.550294578
v -0.304779112 0.006744355 -0.223174959
vt 0.234619141 0.260986328
vn -0.204908788 0.945732594 -0.252195328
v -0.311584532 0.006515473 -0.224929720
vt 0.232177734 0.265380859
vn -0.543290198 0.787377179 0.291329592
v -0.317016661 0.001098603 -0.231048495
vt 0.232666016 0.270019531
vn -0.923208117 0.126250625 -0.362970591
v -0.297973692 0.001190156 -0.240646273
vt 0.245117188 0.263916016
vn -0.149227411 -0.981759489 -0.117811076
v -0.310089171 0.007049531 -0.230850130
vt 0.235107422 0.265625000
vn -0.039475560 0.892145455 -0.450020283
v -0.307891905 0.001419038 -0.236038119
vt 0.238281250 0.266601562
vn -0.149250522 -0.769818246 -0.620567679
v -0.305084288 0.001174897 -0.233962923
vt 0.239257812 0.265136719
vn 0.015810927 -0.996086419 -0.086959884
v -0.286560118 0.007690400 -0.239257723
vt 0.248779297 0.257080078
vn -0.465883136 0.742254376 -0.481675684
v -0.297241271 0.002899140 -0.244048983
vt 0.247070312 0.263916016
vn -0.430978447 0.830612838 -0.352618635
v -0.290771544 0.001434296 -0.248916537
vt 0.252197266 0.263183594
vn -0.782737195 -0.284631729 -0.553450346
v -0.285766661 0.015121430 -0.235107332
vt 0.246826172 0.252441406
vn -0.574642956 0.566770971 -0.590386450
v -0.269348204 0.011642426 -0.247146532
vt 0.257324219 0.249511719
vn -0.568075001 0.694313884 -0.441836089
v -0.266632140 0.023925751 -0.243286058
vt 0.255859375 0.240234375
vn -0.707106948 0.424264014 -0.565685272
v -0.287933409 0.002838105 -0.256378114
vt 0.256835938 0.262207031
vn -0.456537306 0.865846515 -0.204654619
v -0.280883849 0.000915498 -0.265960634
vt 0.262939453 0.264160156
vn -0.125657439 -0.989552617 -0.070682265
v -0.278167784 0.002868623 -0.270599306
vt 0.265136719 0.262207031
vn -0.472309262 0.842284739 -0.259770006
v -0.271423399 0.001388520 -0.283264101
vt 0.271240234 0.261474609
vn -0.433433801 -0.898390174 0.070925631
v -0.268707335 0.008132905 -0.269805849
vt 0.268554688 0.256347656
vn -0.267683297 0.700700581 0.661335349
v -0.268829405 0.010543793 -0.254913270
vt 0.261474609 0.251464844
vn -0.466159344 0.845407546 -0.260733128
v -0.260772765 0.014419526 -0.258117616
vt 0.265869141 0.248291016
vn -0.518801391 0.723177493 -0.455916226
v -0.250091612 0.011749238 -0.276916444
vt 0.278564453 0.251953125
vn 0.007865050 0.770769954 0.637064934
v -0.267822325 0.018234223 -0.252654970
vt 0.260742188 0.246582031
vn -0.792089939 0.415651083 -0.447020948
v -0.261688292 0.020919770 -0.254943788
vt 0.263427734 0.243896484
vn -0.667390764 0.549615860 -0.502505839
v -0.248992965 0.014175385 -0.268096864
vt 0.275634766 0.248046875
vn -0.426149249 0.560307086 -0.710248470
v -0.245300338 0.018554658 -0.278900087
vt 0.282470703 0.248779297
vn -0.094573237 0.914208114 0.394055188
v -0.253418028 0.023223847 -0.266601503
vt 0.271240234 0.243896484
vn -0.543560028 0.409639299 -0.732624233
v -0.257934630 0.026855439 -0.251129091
vt 0.262207031 0.238525391
vn -0.535765469 0.543644249 -0.646069944
v -0.237091109 0.033889741 -0.264465272
vt 0.277832031 0.236572266
vn -0.007884665 0.583455443 -0.812106907
v -0.230011031 0.027618378 -0.264068544
vt 0.283447266 0.236816406
vn -0.244382635 0.780447423 -0.575481474
v -0.244552657 0.030181855 -0.264251649
vt 0.274414062 0.239013672
vn -0.456862986 0.850710332 -0.259939224
v -0.243148848 0.032546967 -0.253845155
vt 0.271728516 0.233642578
vn -0.213067994 0.789140344 -0.576072514
v -0.224655196 0.036529511 -0.256530702
vt 0.281738281 0.229492188
vn -0.919295549 0.392861307 -0.023571577
v -0.226379439 0.026016206 -0.270477235
vt 0.289062500 0.237304688
vn -0.354980737 0.489084333 -0.796734214
v -0.231918380 0.018310517 -0.284118593
vt 0.288818359 0.245361328
vn 0.180604726 0.981547654 0.062818982
v -0.213439986 0.019561738 -0.282165468
vt 0.293945312 0.242919922
vn -0.118641138 0.917490721 -0.379651338
v -0.199951217 0.028915375 -0.276702821
vt 0.299316406 0.242919922
vn -0.338059247 -0.102203980 -0.935558915
v -0.191055343 0.021224946 -0.287200868
vt 0.302246094 0.247802734
vn -0.330821604 0.748286664 -0.574999273
v -0.209045455 0.029769868 -0.286102235
vt 0.299072266 0.240234375
vn -0.277202249 -0.467283696 -0.839526594
v -0.229827926 0.027465791 -0.278167665
vt 0.291748047 0.234863281
vn -0.950871348 -0.282903880 -0.125734910
v -0.230423018 0.044113129 -0.279571474
vt 0.297851562 0.230957031
vn -0.661089540 -0.196752876 -0.724050343
v -0.189468428 0.060577363 -0.297515810
vt 0.321533203 0.242187500
vn -0.212902367 -0.118279077 -0.969888031
v -0.227432296 0.058670014 -0.254913270
vt 0.286865234 0.220458984
vn -0.858214438 -0.039367653 0.511779428
v -0.230178878 0.070617646 -0.285491884
vt 0.309326172 0.223632812
vn -0.188748434 0.833638489 -0.519057930
v -0.237625167 0.069427460 -0.275207460
vt 0.299804688 0.223388672
vn -0.981941283 -0.188532770 0.015711196
v -0.235168502 0.070907563 -0.260772645
vt 0.294921875 0.219726562
vn -0.260343403 0.891478896 0.370792121
v -0.205658004 0.068374604 -0.250457704
vt 0.293701172 0.209228516
vn 0.094025895 0.877574801 0.470129371
v -0.199310347 0.067199677 -0.262054384
vt 0.298828125 0.207763672
vn -0.149894699 0.986149132 0.071002707
v -0.187973067 0.068771333 -0.298767030
vt 0.320312500 0.207031250
vn 0.243221387 0.957194090 -0.156917125
v -0.182693526 0.058639497 -0.269683778
vt 0.300048828 0.199707031
vn 0.954058111 0.299621582 -0.000000138
v -0.190078780 0.064376801 -0.251586854
vt 0.304199219 0.205078125
vn -0.942285657 0.259128511 0.212014377
v -0.193222091 0.060470551 -0.252807558
vt 0.290771484 0.203857422
vn 0.386018246 0.913839221 0.126046702
v -0.213867232 0.051208466 -0.246932909
vt 0.282714844 0.214599609
vn -0.616066873 0.702948093 0.355423242
v -0.205139205 0.055557221 -0.249206483
vt 0.286865234 0.208740234
vn -0.251750112 0.967664421 -0.015734389
vt 0.290039062 0.199707031
v -0.174957320 0.056564301 -0.259765565
vt 0.298339844 0.199462891
vn -0.574732006 0.409397990 -0.708573520
v -0.210830733 0.062087983 -0.243728578
vt 0.281494141 0.207763672
vn -0.306963086 0.669021845 -0.676892579
v -0.222442672 0.044692963 -0.245483324
vt 0.278564453 0.219726562
vn -0.673831403 0.611149430 -0.415268123
v -0.223022506 0.061447114 -0.235320985
vt 0.273193359 0.208251953
vn -0.314337730 0.565807641 -0.762268662
v -0.203582808 0.063537568 -0.239364564
vt 0.282470703 0.203369141
vn -0.268449962 0.765871644 -0.584273279
v -0.230926558 0.039581269 -0.247680590
vt 0.275878906 0.225097656
vn 0.015711419 0.707019448 -0.707019567
v -0.235870406 0.047134370 -0.240508959
vt 0.270507812 0.218750000
vn -0.244185463 0.708925188 -0.661663473
v -0.247772262 0.042236298 -0.252899110
vt 0.267822266 0.230224609
vn -0.165165111 0.652794898 -0.739310026
v -0.242767379 0.063888520 -0.226043642
vt 0.259521484 0.208007812
vn -0.384565234 0.824068189 -0.415958196
v -0.206466720 0.071594208 -0.233413637
vt 0.278564453 0.199951172
vn -0.197506696 0.900630116 -0.387112945
v -0.191497847 0.071609467 -0.234756410
vt 0.284179688 0.194335938
vn -0.157149449 0.950753808 -0.267153949
v -0.262817442 0.033218354 -0.247558519
vt 0.257080078 0.234130859
vn -0.682001770 0.376276731 -0.627127886
v -0.254364073 0.046234101 -0.237487718
vt 0.260498047 0.224853516
vn -0.314269781 0.864241660 -0.392837107
v -0.249816924 0.053924531 -0.221633852
vt 0.254882812 0.213378906
vn -0.213008359 0.607467890 -0.765251815
v -0.269989073 0.040313691 -0.235565111
vt 0.250000000 0.230712891
vn -0.157329291 -0.503453493 -0.849577725
v -0.263763487 0.045196503 -0.225707933
vt 0.254150391 0.224121094
vn -0.370067358 0.873988688 -0.314950824
v -0.242034942 0.063949555 -0.215347230
vt 0.254394531 0.201660156
vn 0.228615865 0.938113689 -0.260149240
v -0.259429991 0.054794282 -0.230483949
vt 0.250000000 0.217529297
vn 0.549971879 0.172848344 -0.817101300
v -0.284820616 0.037765473 -0.216949373
vt 0.237060547 0.237304688
vn -0.402161270 -0.788551450 -0.465245247
v -0.276306212 0.047286958 -0.244140550
vt 0.244384766 0.225830078
vn 0.070793636 -0.322504908 -0.943916738
v -0.289245665 0.048568696 -0.230514437
vt 0.238281250 0.230468750
vn -0.605361640 -0.668256342 -0.432401061
v -0.285369933 0.056488007 -0.242187425
vt 0.238037109 0.223876953
vn -0.055007514 -0.031432837 -0.997991085
v -0.295440733 0.056686372 -0.227035448
vt 0.229980469 0.229980469
vn -0.653017223 -0.432722270 -0.621546388
v -0.281860411 0.037475556 -0.213775560
vt 0.236816406 0.239990234
vn -0.747660875 -0.062960967 -0.661089420
v -0.296539366 0.036972016 -0.211410433
vt 0.228271484 0.237792969
vn -0.400224715 -0.831839681 -0.384529561
v -0.293670714 0.038665742 -0.201003939
vt 0.226074219 0.241699219
vn -0.787499309 -0.275624812 -0.551249385
v -0.297363341 0.041824311 -0.193878084
vt 0.218017578 0.240234375
vn -0.965247869 0.196188509 -0.172645837
v -0.310730040 0.042663544 -0.179473788
vt 0.208984375 0.243408203
vn -0.504672945 0.244450867 -0.827978849
vt 0.208740234 0.239501953
v -0.285705626 0.056823701 -0.185333177
vt 0.207763672 0.233642578
vn -0.851159334 0.394055218 0.346768677
vt 0.201416016 0.228027344
v -0.312408507 0.046401948 -0.208373934
vt 0.219726562 0.232421875
vn -0.945321620 -0.196942031 0.259963572
v -0.310730040 0.061477631 -0.211532518
vt 0.217773438 0.225830078
vn -0.927553713 0.094327480 0.361588895
v -0.298217833 0.078170747 -0.199722216
vt 0.211669922 0.214599609
vn -0.756257176 0.023633033 0.653847516
vt 0.209472656 0.201171875
v -0.307739317 0.067886323 -0.219558641
vt 0.222412109 0.225097656
vn -0.732419789 -0.448902458 -0.511906147
v -0.298156798 0.081787080 -0.203674242
vt 0.213623047 0.210205078
vn -0.379070818 0.892395735 -0.244816542
v -0.268005431 0.083801240 -0.209182680
vt 0.231201172 0.199218750
vn -0.180956677 0.904782891 -0.385516196
v -0.308075011 0.068756074 -0.219558641
vt 0.221923828 0.224853516
vn -0.921431303 -0.118132271 -0.370147496
v -0.308471739 0.068756074 -0.218688890
vt 0.221435547 0.224365234
vn -0.937211335 -0.039378680 -0.346531808
v -0.309173644 0.072738618 -0.216949388
vt 0.220214844 0.221435547
vn -0.822676003 0.564120531 0.070515163
v -0.305175841 0.071609467 -0.228439257
vt 0.223388672 0.218505859
vn -0.346596509 0.819227874 -0.456877053
v -0.287933409 0.069381684 -0.245223925
vt 0.234130859 0.219238281
vn -0.355423361 0.071084589 -0.931998610
v -0.276519835 0.072708100 -0.237197816
vt 0.236816406 0.212646484
vn -0.063052855 0.906383336 -0.417724550
v -0.271087706 0.066467255 -0.233596742
vt 0.241699219 0.214355469
vn 0.558743298 0.070826612 -0.826310873
v -0.262237608 0.079193085 -0.228561342
vt 0.239501953 0.206054688
vn -0.102473550 0.827670157 -0.551780105
v -0.261016905 0.088592499 -0.206359804
vt 0.236816406 0.194335938
vn 0.268608928 0.955932021 -0.118504047
v -0.253326476 0.085586518 -0.220245302
vt 0.241699219 0.201416016
vn 0.725129008 0.378328234 -0.575374365
v -0.251678526 0.074707001 -0.218093812
vt 0.246582031 0.200683594
vn 0.876929402 0.434514642 -0.205407023
v -0.270965636 0.092788666 -0.191329896
vt 0.226806641 0.192871094
vn -0.007854203 -0.070686720 -0.997467637
v -0.265045226 0.089416474 -0.199783266
vt 0.233398438 0.193359375
vn 0.843959928 0.181411982 0.504798293
v -0.260162413 0.073791474 -0.202484071
vt 0.241699219 0.189453125
vn 0.804973304 0.284108281 0.520864964
v -0.271972716 0.076370209 -0.187957704
vt 0.233154297 0.183105469
vn 0.078564867 -0.117847547 -0.989919007
v -0.261169493 0.064056367 -0.189178407
vt 0.246337891 0.186279297
vn 0.251586556 0.967036128 -0.039310485
v -0.230972320 0.069778413 -0.208206117
vt 0.258544922 0.195068359
vn -0.299537838 0.922261059 -0.244359776
v -0.248764068 0.070388764 -0.190017641
vt 0.250244141 0.186279297
vn -0.220664203 0.267949194 -0.937822223
v -0.213577300 0.072036713 -0.212325990
vt 0.267822266 0.192626953
vn -0.134049624 0.985658526 -0.102508515
v -0.215255767 0.072875947 -0.196762025
vt 0.264404297 0.185058594
vn -0.274731815 0.643657088 -0.714302421
v -0.179565459 0.078216523 -0.218215883
vt 0.284667969 0.183837891
vn -0.369472295 0.809694350 -0.455944389
v -0.167221114 0.073791489 -0.233932450
vt 0.292724609 0.183837891
vn -0.550226748 0.809619427 0.204369992
v -0.189437911 0.086410493 -0.258483827
vt 0.298828125 0.192626953
vn -0.440167785 0.778153837 0.448027998
vt 0.296630859 0.197509766
v -0.174881026 0.082550019 -0.246917665
vt 0.300292969 0.188232422
vn -0.086344279 0.981184721 0.172688484
v -0.168228194 0.084625229 -0.237670854
vt 0.299072266 0.182373047
vn -0.078545630 0.981820107 0.172800317
v -0.190139815 0.082458466 -0.267272890
vt 0.302978516 0.192626953
vn -0.760720015 0.305856436 -0.572500527
v -0.187942550 0.067092866 -0.270812929
vt 0.303466797 0.194335938
vn -0.353444457 0.212066546 -0.911100864
vt 0.595703125 0.037353516
v -0.354431152 0.127304047 -0.115493692
vt 0.595947266 0.054931641
vn -0.952608287 0.299166203 0.055109680
v -0.354400635 0.117813088 -0.133346483
vt 0.588378906 0.052978516
vn -0.985474706 -0.157675996 0.063070513
vt 0.583007812 0.055175781
v -0.342803955 0.081909165 -0.100982584
vt 0.605957031 0.037841797
vn -0.961584270 -0.173400477 0.212809771
vt 0.598144531 0.034179688
vt 0.591308594 0.029785156
vt 0.596435547 0.029052734
v -0.337677002 0.067779526 -0.086463846
vt 0.610839844 0.031982422
vn -0.981456876 0.157033056 0.109923288
vt 0.607421875 0.029052734
vt 0.613769531 0.027587891
v -0.343841553 0.118141159 -0.075241007
vt 0.614501953 0.050781250
vn -0.710691094 -0.031586275 0.702794790
v -0.348144531 0.135581940 -0.086555399
vt 0.610351562 0.056884766
vn -0.386282146 0.922347069 0.007883319
v -0.325561523 0.139236435 -0.079566881
vt 0.618896484 0.061035156
vn -0.110603698 0.908530474 0.402913481
v -0.336151123 0.072616562 -0.070083536
vt 0.617919922 0.031738281
vn -0.505049884 0.860163093 0.071022667
vt 0.618652344 0.019287109
v -0.338562012 0.097518906 -0.074409403
vt 0.617431641 0.042236328
vn -0.376380771 0.047047637 0.925269723
vt 0.625244141 0.021484375
v -0.297271729 0.134506211 -0.081146166
vt 0.631591797 0.058105469
vn 0.078545727 0.172800392 0.981820107
v -0.314514160 0.139244050 -0.085830614
vt 0.623535156 0.062744141
vn -0.110212363 0.991910815 -0.062978491
v -0.323516846 0.079910263 -0.071845926
vt 0.622558594 0.034912109
vn 0.015755970 0.173314393 0.984740555
v -0.293945312 0.142494187 -0.083404474
vt 0.632080078 0.062255859
vn -0.062797792 0.996914387 0.047098279
v -0.307525635 0.078704819 -0.071639940
vt 0.627929688 0.034667969
vn -0.346284986 0.747660816 0.566648185
v -0.271606445 0.133819565 -0.083686754
vt 0.640869141 0.068847656
vn 0.078422442 0.219582573 0.972436905
v -0.274932861 0.142326325 -0.091178827
vt 0.637207031 0.070312500
vn -0.134153917 0.986425459 -0.094696872
v -0.248397857 0.148017868 -0.088005006
vt 0.646972656 0.077392578
vn -0.141103819 0.979887545 0.141103759
v -0.217498809 0.134544358 -0.087585382
vt 0.665283203 0.075927734
vn -0.118271574 0.346930295 0.930403829
v -0.313232422 0.083297715 -0.052379530
vt 0.629882812 0.027587891
vn -0.370021462 0.889625907 -0.267675012
vt 0.634765625 0.021972656
v -0.308166504 0.086166367 -0.050277632
vt 0.632812500 0.027587891
vn -0.999009490 0.031464823 -0.031464737
v -0.307769775 0.112243637 -0.031232757
vt 0.643066406 0.021484375
vn -0.998607934 0.023589123 0.047178458
v -0.308776855 0.140792832 -0.035388872
vt 0.653320312 0.023925781
vn -0.997006476 -0.070654042 0.031401914
v -0.225646988 0.110549919 -0.083839349
vt 0.659912109 0.067626953
vn -0.133750394 0.275368720 0.951988995
v -0.225128189 0.130088806 -0.075492792
vt 0.666259766 0.067138672
vn -0.440059185 0.133589298 -0.887976229
v -0.305206299 0.094177231 -0.074333116
vt 0.631835938 0.039794922
vn -0.999690175 -0.007871621 -0.023614598
v -0.308868408 0.139076218 -0.070419244
vt 0.647460938 0.038330078
vn -0.997529209 0.031418193 -0.062836349
v -0.305908203 0.142204270 -0.068588190
vt 0.649902344 0.038330078
vn -0.680038571 0.205592975 -0.703760684
v -0.307952881 0.114547715 -0.067748949
vt 0.639648438 0.039062500
vn -0.955216885 -0.047366172 -0.292090982
v -0.307708740 0.109153733 -0.076614305
vt 0.633544922 0.046142578
vn 0.000000118 0.227726102 0.973725259
v -0.304199219 0.139320359 -0.075233392
vt 0.647705078 0.041259766
vn -0.204300642 0.094292492 -0.974356353
v -0.273712158 0.141479477 -0.076202326
vt 0.657958984 0.045654297
vn -0.015744265 0.369986981 -0.928903520
v -0.267517090 0.143280014 -0.073501520
vt 0.660644531 0.045898438
vn -0.071104735 0.063204050 -0.995464504
v -0.301086426 0.116859421 -0.074867174
vt 0.639404297 0.044189453
vn -0.110400751 0.023657227 -0.993605554
v -0.253692627 0.142906189 -0.074218690
vt 0.666259766 0.050537109
vn -0.031456243 0.039320089 -0.998731434
v -0.265441895 0.126380906 -0.076270983
vt 0.656982422 0.050781250
vn -0.000000131 0.007873728 -0.999969006
v -0.277496338 0.098716721 -0.075485155
vt 0.644531250 0.052734375
vn -0.007894489 0.102626562 -0.994688690
v -0.253143311 0.095809922 -0.078834467
vt 0.650146484 0.059814453
vn 0.054978643 0.306308985 0.950343192
v -0.226272598 0.111968987 -0.076003961
vt 0.660888672 0.064941406
vn -0.094593942 0.141890660 -0.985352218
v -0.212951675 0.142463684 -0.077560365
vt 0.673339844 0.067138672
vn -0.164905205 0.157052413 -0.973725259
v -0.348999083 0.066467255 -0.172149584
vt 0.957275391 0.226318359
vn -0.993760109 -0.110417835 -0.015773835
vt 0.969726562 0.222656250
vt 0.964355469 0.230224609
vt 0.960449219 0.233398438
vt 0.957519531 0.232666016
vt 0.950927734 0.226806641
vt 0.946777344 0.218505859
v -0.346862793 0.045791611 -0.154968172
vt 0.946777344 0.215332031
vn -0.986149132 -0.149894714 0.071002863
vt 0.968505859 0.201904297
vt 0.953125000 0.202392578
vt 0.937011719 0.214355469
vt 0.947265625 0.208740234
v -0.341644287 0.043075547 -0.158111483
vt 0.941894531 0.212646484
vn 0.267949283 -0.937822223 0.220664084
v -0.326599121 0.045074448 -0.158492953
vt 0.940673828 0.204345703
vn -0.393055618 -0.793972254 -0.463805497
v -0.341491699 0.040039033 -0.171630770
vt 0.934814453 0.211181641
vn 0.526759565 -0.849104881 -0.039310444
vt 0.930175781 0.215087891
v -0.322540343 0.042602509 -0.179061800
vt 0.927490234 0.207763672
vn 0.039242517 -0.824093699 -0.565092683
v -0.344512999 0.042663544 -0.177535921
vt 0.929443359 0.211914062
vn -0.039302029 -0.220090732 -0.974687338
vt 0.927490234 0.212646484
vt 0.925537109 0.214355469
vt 0.919677734 0.211181641
vt 0.917968750 0.207763672
vt 0.924316406 0.204345703
vt 0.919677734 0.201660156
vt 0.854980469 0.926513672
vt 0.841796875 0.928466797
vt 0.843261719 0.924560547
v -0.327819824 0.040115356 0.188034147
vt 0.854248047 0.932617188
vn -0.489938676 0.608472288 0.624276817
vt 0.847900391 0.934326172
vt 0.852783203 0.939453125
v -0.309295654 0.038253784 0.208709806
vt 0.864257812 0.929931641
vn -0.718050599 0.378751993 0.583909452
v -0.309509277 0.041976929 0.204010099
vt 0.863769531 0.934814453
vn -0.653502762 0.716491044 0.244079426
vt 0.864257812 0.922119141
v -0.298156738 0.053756714 0.190612867
vt 0.861572266 0.943359375
vn -0.425566405 0.851132810 0.307353556
v -0.302917480 0.036254883 0.218154997
vt 0.868896484 0.925048828
vn -0.623420835 -0.031565610 0.781249046
v -0.303070068 0.050247192 0.198806852
vt 0.863281250 0.940673828
vn -0.614097178 -0.251937330 -0.747938693
v -0.304840088 0.056167603 0.195327833
vt 0.864501953 0.944580078
vn -0.748356462 0.181180954 -0.638072133
v -0.290222168 0.061050415 0.180191115
vt 0.860595703 0.948242188
vn -0.734655917 0.600363910 -0.315980941
vt 0.868652344 0.960449219
v -0.284088135 0.064895630 0.178024366
vt 0.860839844 0.953369141
vn -0.015773585 0.843881130 -0.536298335
vt 0.876464844 0.958984375
v -0.324249268 0.067977905 0.225601271
vt 0.876220703 0.944335938
vn -0.794365048 0.401114911 -0.456169933
vt 0.879394531 0.954101562
v -0.319183350 0.042236328 0.211059660
vt 0.867431641 0.935791016
vn -0.822089553 -0.015809475 -0.569138765
v -0.317321777 0.037567139 0.216232389
vt 0.867675781 0.931884766
vn -0.496416986 -0.858880281 0.126074269
v -0.326049805 0.053421021 0.225891188
vt 0.873291016 0.937011719
vn -0.763945282 -0.220520303 0.606430948
v -0.305572510 0.082000732 0.227233961
vt 0.884277344 0.950439453
vn -0.369746506 0.841763318 0.393347353
vt 0.887695312 0.953613281
v -0.318328857 0.070861816 0.229980543
vt 0.878906250 0.944091797
vn -0.614173114 0.165354326 0.771653593
v -0.317504883 0.045547485 0.225738615
vt 0.871826172 0.931640625
vn -0.251152217 -0.635729253 0.729911566
v -0.304107666 0.059921265 0.236541823
vt 0.880615234 0.934326172
vn -0.550686121 -0.338278711 0.763093889
v -0.310852051 0.075225830 0.237396315
vt 0.882568359 0.943603516
vn -0.528526545 0.465418935 0.709961236
v -0.273254395 0.079132080 0.232605040
vt 0.897216797 0.945312500
vn -0.094196595 0.808521092 0.580879211
vt 0.897216797 0.953613281
v -0.297149658 0.074554443 0.233398512
vt 0.887695312 0.945556641
vn -0.047173936 0.904167414 0.424565554
v -0.255767822 0.085601807 0.228576720
vt 0.903564453 0.941162109
vn 0.513053119 0.781419337 0.355190545
v -0.301971436 0.071350098 0.248046950
vt 0.885986328 0.939208984
vn -0.500841320 0.524318337 0.688656926
v -0.275878906 0.074569702 0.244644225
vt 0.895996094 0.937744141
vn 0.251648962 0.699898481 0.668442190
vt 0.902832031 0.949951172
v -0.289642334 0.069473267 0.254943907
vt 0.889648438 0.935546875
vn 0.078936271 0.355212808 0.931446731
v -0.287719727 0.059020996 0.251556456
vt 0.888916016 0.930664062
vn 0.149894804 -0.071002677 0.986149132
v -0.264038086 0.070510864 0.233520567
vt 0.900878906 0.933837891
vn 0.635494649 0.070610568 0.768869877
v -0.271362305 0.082382202 0.209106505
vt 0.907226562 0.948486328
vn 0.689438343 0.454402596 -0.564086080
vt 0.911621094 0.959716797
v -0.275634766 0.066696167 0.187515318
vt 0.915039062 0.952636719
vn 0.472778052 0.717046857 -0.512176394
vt 0.917480469 0.955810547
v -0.262054443 0.073516846 0.207382262
vt 0.911376953 0.943847656
vn -0.055007432 0.997991085 -0.031432826
v -0.255798340 0.075927734 0.222671568
vt 0.906982422 0.937500000
vn 0.796560705 0.599392295 -0.078867532
v -0.254577637 0.067565918 0.210861266
vt 0.912109375 0.937988281
vn 0.204237491 0.934779286 0.290645599
v -0.243621811 0.068664551 0.220977843
vt 0.907958984 0.930664062
vn -0.063219897 0.987810552 0.142244682
v -0.252075195 0.064804077 0.227386534
vt 0.904052734 0.929931641
vn 0.267783046 0.685209394 0.677333295
v -0.261840820 0.058120728 0.236496031
vt 0.898193359 0.926757812
vn 0.384529740 0.400224805 0.831839621
v -0.249038666 0.065917969 0.234695494
vt 0.904296875 0.926025391
vn -0.290216178 0.925554276 0.243154094
v -0.223434433 0.071456909 0.227951109
vt 0.915039062 0.926269531
vn -0.165165007 0.959529996 0.228084967
v -0.258636475 0.058563232 0.242569029
vt 0.899169922 0.923583984
vn -0.510027409 0.502180994 0.698345423
v -0.238998383 0.065811157 0.243270934
vt 0.907470703 0.921630859
vn -0.164986476 0.911354005 0.377112001
v -0.213867158 0.065582275 0.250549376
vt 0.916015625 0.914794922
vn -0.133717358 0.731512964 0.668587029
v -0.199157685 0.072982788 0.240570128
vt 0.923583984 0.917480469
vn -0.078713328 0.960302532 0.267625242
v -0.244354218 0.059173584 0.248458922
vt 0.904052734 0.919433594
vn -0.275547743 0.417258203 0.866007566
v -0.224578828 0.047027588 0.253082335
vt 0.910156250 0.910400391
vn -0.330708563 0.543307126 0.771653593
v -0.263702393 0.048202515 0.236679152
vt 0.894531250 0.921630859
vn -0.267261118 0.534522474 0.801783741
v -0.239120454 0.046356201 0.256256163
vt 0.903564453 0.912597656
vn -0.220746264 0.528214514 0.819914997
v -0.224151582 0.038864136 0.256439269
vt 0.907714844 0.906982422
vn -0.847874105 0.471041173 0.243371367
v -0.227416962 0.059219360 0.263458312
vt 0.915283203 0.908447266
vn -0.767925203 0.086195618 -0.634713531
v -0.248229951 0.042648315 0.258667052
vt 0.899169922 0.912109375
vn -0.134053648 0.567757010 0.812207818
v -0.279663086 0.047210693 0.252227843
vt 0.888427734 0.925292969
vn 0.386823475 -0.331562817 0.860484600
v -0.289123535 0.049301147 0.247802824
vt 0.885498047 0.927734375
vn -0.597998857 -0.582262218 0.550788581
v -0.294586182 0.047546387 0.235168546
vt 0.879638672 0.927246094
vn -0.417296857 -0.716491044 0.559020579
v -0.282104492 0.041702271 0.237381056
vt 0.883056641 0.921875000
vn -0.535300255 -0.653381348 0.535300434
v -0.287292480 0.042816162 0.227691740
vt 0.878417969 0.922851562
vn -0.544083416 -0.307525486 0.780641735
v -0.274108887 0.045013428 0.240097120
vt 0.888916016 0.920898438
vn -0.362801224 0.520541072 0.772924602
v -0.276702881 0.031616211 0.251617491
vt 0.885009766 0.915039062
vn -0.597222984 0.526499212 0.605081260
v -0.289733887 0.033309937 0.236709684
vt 0.876708984 0.918457031
vn -0.605604947 0.582010031 0.542685032
v -0.263000488 0.037857056 0.259796202
vt 0.892333984 0.912353516
vn -0.331531823 0.655170202 0.678851068
v -0.304138184 0.024673462 0.228424162
vt 0.868896484 0.918945312
vn -0.605361640 0.668256342 0.432401240
vt 0.862792969 0.915527344
v -0.309173584 0.022155762 0.236694425
vt 0.867919922 0.916015625
vn -0.480300069 0.669270635 0.566911638
v -0.296722412 0.019561768 0.241516203
vt 0.873046875 0.914062500
vn -0.489480436 0.647377372 0.584218740
v -0.295410156 0.019104004 0.245315641
vt 0.874511719 0.912597656
vn -0.559384644 0.488476813 0.669685960
v -0.305328369 0.015213013 0.238540739
vt 0.868652344 0.913330078
vn -0.522020459 0.276829094 0.806759119
vt 0.869140625 0.910644531
v -0.287811279 0.012344360 0.255645812
vt 0.878173828 0.908447266
vn -0.513196945 0.402662247 0.757952511
v -0.279541016 0.017227173 0.255310118
vt 0.882080078 0.909667969
vn -0.472192079 0.306924909 0.826336324
v -0.292236328 0.003356934 0.255889952
vt 0.876220703 0.906005859
vn -0.470765650 0.690456331 0.549226582
vt 0.871826172 0.905517578
v -0.290008545 0.000930786 0.260650694
vt 0.875488281 0.904052734
vn -0.039328601 -0.998947680 0.023597237
v -0.272796631 0.012008667 0.258636534
vt 0.883789062 0.906005859
vn -0.594228327 0.451613545 0.665535808
v -0.278808594 0.021438599 0.258789122
vt 0.884277344 0.910156250
vn -0.505002558 0.213048011 0.836410761
v -0.267120361 0.026184082 0.259948790
vt 0.889892578 0.908691406
vn -0.488355458 0.448972017 0.748286784
v -0.271209717 0.019134521 0.264099181
vt 0.887451172 0.906005859
vn -0.887428463 0.329840630 0.321987450
v -0.268768251 0.010787964 0.271057189
vt 0.887207031 0.901855469
vn -0.526369154 0.691350698 0.494944245
v -0.253784180 0.027984619 0.274261534
vt 0.895263672 0.902832031
vn -0.384577006 0.729911506 0.565092742
v -0.252685487 0.014999390 0.275787413
vt 0.892822266 0.898437500
vn -0.455944359 0.652472198 0.605305612
v -0.239395112 0.026702881 0.272460997
vt 0.900634766 0.899169922
vn -0.228736773 0.812410057 0.536348343
v -0.256958008 0.031570435 0.259674132
vt 0.894042969 0.909179688
vn -0.094761737 0.742300689 0.663332462
v -0.239349335 0.033813477 0.271972716
vt 0.900878906 0.902343750
vn 0.149227515 0.714721024 0.683304548
v -0.242843598 0.031036377 0.260192931
vt 0.899414062 0.907226562
vn -0.125410125 0.705432355 0.697594106
v -0.256896973 0.039978027 0.256713927
vt 0.895263672 0.912597656
vn -0.165724576 0.631332040 0.757598460
vt 0.929443359 0.567871094
vt 0.922607422 0.551757812
v -0.326141417 0.119758584 -0.163589403
vt 0.936523438 0.553466797
vn -0.117811203 0.981759489 -0.149227470
vt 0.947021484 0.560791016
vt 0.937500000 0.566894531
vt 0.950683594 0.556640625
v -0.317016602 0.129806489 -0.118499674
vt 0.930908203 0.535644531
vn -0.117869407 0.966528535 -0.227880731
vt 0.916503906 0.542480469
v -0.288482726 0.126571625 -0.154861376
vt 0.951660156 0.538818359
vn -0.181271091 0.969406009 -0.165508345
v -0.239196807 0.130088791 -0.199630678
vt 0.962890625 0.560058594
vn -0.173686698 0.963171303 -0.205266014
vt 0.911865234 0.532470703
vt 0.917724609 0.525390625
vt 0.922607422 0.524414062
vt 0.928466797 0.518554688
vt 0.937255859 0.516601562
v -0.266479492 0.137443513 -0.119758539
vt 0.946777344 0.523925781
vn -0.173400506 0.969466150 -0.173400462
vt 0.944824219 0.509277344
v -0.203155547 0.146285996 -0.133605897
vt 0.966552734 0.510498047
vn 0.007856189 0.982032180 -0.188550219
v -0.254242003 0.137100205 -0.149063051
vt 0.956787109 0.527587891
vn -0.181502357 0.970642745 -0.157828093
v -0.242569000 0.133254990 -0.172622621
vt 0.964843750 0.530761719
vn -0.157597691 0.969225407 -0.189117193
vt 0.130859375 0.985107422
vt 0.125732422 0.983398438
vt 0.131103516 0.974121094
vt 0.313720703 0.973144531
vt 0.305664062 0.968994141
vt 0.314941406 0.968017578
vt 0.324218750 0.973144531
v -0.314147949 0.044219941 -0.171188265
vt 0.322265625 0.967773438
vn -0.770317554 -0.322275728 -0.550226629
vt 0.322509766 0.963134766
vt 0.325439453 0.967041016
vt 0.335449219 0.961914062
v -0.333740234 0.023284882 -0.174255282
vt 0.319335938 0.978515625
vn 0.235426202 0.761211753 -0.604260981
vt 0.314697266 0.982421875
vt 0.318603516 0.984130859
vt 0.322021484 0.983154297
v -0.325744689 0.022415131 -0.182769686
vt 0.323242188 0.979736328
vn -0.442373425 0.853148699 -0.276483327
vt 0.327880859 0.979248047
vt 0.327148438 0.982421875
vt 0.326416016 0.983642578
v -0.334198058 0.021636933 -0.191085726
vt 0.324462891 0.985107422
vn -0.738169372 0.659640610 -0.141351491
vt 0.323730469 0.989990234
vt 0.326660156 0.990234375
v -0.314086914 0.139579773 0.089714125
vt 0.087646484 0.666015625
vn -0.007844437 0.996239424 0.086288407
vt 0.089111328 0.660156250
vt 0.089355469 0.667968750
v -0.308685303 0.139350876 0.083908148
vt 0.086425781 0.665283203
vn 0.659376323 0.486682624 -0.573029637
v -0.307434082 0.137123108 0.089614935
vt 0.085205078 0.666503906
vn 0.455944330 0.809694350 -0.369472295
vt 0.085205078 0.672363281
v -0.304840088 0.119880661 0.083656386
vt 0.083496094 0.660888672
vn 0.693601668 0.220691472 -0.685720026
v -0.302276611 0.112731919 0.082466200
vt 0.082763672 0.658203125
vn 0.204724267 0.141732246 -0.968503952
vt 0.092773438 0.642333984
v -0.302581787 0.126358032 0.087158278
vt 0.081542969 0.662109375
vn -0.997252405 -0.062819093 -0.039261773
vt 0.075927734 0.638916016
v -0.302703857 0.084869370 0.081115797
vt 0.084716797 0.644042969
vn -0.735367537 0.561409473 -0.379544407
v -0.317382812 0.083358750 0.068504415
vt 0.091796875 0.636962891
vn 0.495556265 0.534886181 -0.684339762
v -0.304351807 0.138397202 0.055103377
vt 0.071044922 0.659912109
vn -0.986057103 -0.165657640 0.015777050
v -0.309600830 0.140258774 0.047519758
vt 0.069091797 0.660888672
vn -0.978778005 -0.197334319 -0.055253461
v -0.309783936 0.147087097 0.112037726
vt 0.084472656 0.680908203
vn -0.996423304 -0.078458570 0.031383544
vt 0.087402344 0.679687500
v -0.308868408 0.159992203 0.072685309
vt 0.067382812 0.677490234
v -0.309326172 0.174087510 0.045513228
vt 0.054443359 0.673339844
vn -0.975622237 -0.055075496 -0.212433740
v -0.307312012 0.174613938 0.090309210
vt 0.067138672 0.689697266
vn -0.997991085 0.062865533 -0.007858070
v -0.305480957 0.216165528 0.095092840
vt 0.053710938 0.694091797
vn -0.995744109 0.079027265 0.047416512
v -0.308074951 0.153411865 0.125076368
vt 0.086669922 0.689941406
vn -0.995433331 -0.086902954 0.039501455
vt 0.091064453 0.689941406
v -0.308898926 0.176464066 0.116241522
vt 0.074462891 0.697509766
vn -0.998114347 0.039295793 -0.047154877
v -0.306060791 0.215462670 0.131836012
vt 0.056884766 0.708496094
vn -0.983459711 0.180956542 -0.007867555
v -0.309143066 0.154724121 0.129028395
vt 0.088867188 0.692382812
vn -0.416343033 -0.864108324 0.282799155
vt 0.106201172 0.700927734
v -0.252136230 0.153984070 0.132675231
vt 0.112548828 0.705566406
vn -0.251843512 -0.826361895 0.503687322
v -0.309265137 0.186698914 0.150604323
vt 0.077392578 0.709228516
vn -0.502753794 0.023566606 0.864108384
v -0.308349609 0.202865601 0.146881178
vt 0.070312500 0.712646484
vn -0.974928319 0.188695759 0.117935002
v -0.309875488 0.157829285 0.147857741
vt 0.087890625 0.700927734
vn -0.852616787 -0.236838043 0.465781540
v -0.301086426 0.181053162 0.147461012
vt 0.083984375 0.709960938
vn 0.125957057 -0.015744567 0.991910815
v -0.275085449 0.191059113 0.143981993
vt 0.095458984 0.719726562
vn -0.015741559 0.023612576 0.999597251
v -0.289642334 0.154930115 0.147628859
vt 0.095947266 0.704101562
vn -0.039231542 -0.258929044 0.965099335
v -0.248580933 0.164653778 0.150878966
vt 0.109375000 0.718261719
vn -0.023608748 -0.023608839 0.999442518
vt 0.107666016 0.710449219
v -0.251098633 0.157341003 0.145217955
vt 0.110351562 0.715576172
vn -0.259890735 -0.590661049 0.763921738
vt 0.104980469 0.706054688
vt 0.107910156 0.707519531
vt 0.115234375 0.710449219
vt 0.110351562 0.710205078
vt 0.986328125 0.330078125
vt 0.973144531 0.312011719
vt 0.989013672 0.311279297
vt 0.972167969 0.293701172
vt 0.959472656 0.331787109
v -0.308044434 0.066314682 0.156814650
vt 0.879638672 0.412353516
vn -0.205670193 0.822680891 0.529996276
vt 0.875000000 0.412353516
vt 0.873535156 0.405273438
vt 0.884033203 0.416992188
v -0.300415039 0.062789902 0.165618971
vt 0.881591797 0.409179688
vn -0.267360359 0.864989579 0.424631238
vt 0.880371094 0.400146484
vt 0.885498047 0.406005859
v -0.273254395 0.072525010 0.162750304
vt 0.893798828 0.412841797
vn -0.283719718 0.866921484 0.409817427
vt 0.890625000 0.419921875
vt 0.887695312 0.405273438
v -0.248184189 0.085082993 0.154174864
vt 0.904785156 0.420898438
vn -0.244931161 0.924417555 0.292337179
vt 0.900878906 0.423095703
vt 0.900146484 0.429687500
v -0.276611328 0.067794800 0.175399840
vt 0.891601562 0.407226562
vn -0.529449940 0.837637186 -0.134337991
vt 0.890136719 0.401123047
v -0.251464844 0.081497177 0.163772643
vt 0.904052734 0.415527344
vn -0.432896495 0.897276282 -0.086579271
v -0.277099609 0.069625854 0.178665221
vt 0.892333984 0.406005859
vn -0.638072252 0.748356342 0.181181073
vt 0.897216797 0.392089844
v -0.257843018 0.085540771 0.175949156
vt 0.902343750 0.409667969
vn -0.550294757 0.825442076 -0.125781596
v -0.256134033 0.080062866 0.197341979
vt 0.900146484 0.399169922
vn -0.661663473 0.708925188 0.244185403
v -0.250305176 0.079833984 0.209198058
vt 0.904052734 0.393798828
vn 0.267849505 0.480553418 0.835059941
vt 0.904052734 0.388671875
v -0.248733506 0.092620850 0.196380675
vt 0.905273438 0.401123047
vn -0.172933742 0.896111250 0.408752501
v -0.248748764 0.090545654 0.187240660
vt 0.905761719 0.404785156
vn 0.180738464 0.950841904 -0.251462370
v -0.241668686 0.083923325 0.168701231
vt 0.909423828 0.413330078
vn -0.078497238 0.996914387 -0.000000033
v -0.228622422 0.083358765 0.188598692
vt 0.914306641 0.402343750
vn 0.204546943 0.912594080 0.354023516
v -0.235916123 0.073074341 0.197937071
vt 0.912597656 0.395507812
vn 0.055294994 0.797827125 0.600345135
v -0.234176621 0.073577881 0.209793150
vt 0.913818359 0.390380859
vn -0.173298240 0.976771712 0.126035050
vt 0.910400391 0.384521484
v -0.209762558 0.079940796 0.203018248
vt 0.923583984 0.395507812
vn -0.221138388 0.884553611 0.410685599
v -0.223831162 0.073104858 0.209991515
vt 0.918457031 0.391113281
vn -0.188625887 0.966707587 0.172907040
vt 0.917968750 0.382568359
v -0.223068222 0.077484131 0.221618712
vt 0.919677734 0.386230469
vn -0.109940149 0.989461064 0.094234362
v -0.208374009 0.074111938 0.217468321
vt 0.924560547 0.386718750
vn -0.055131812 0.992372096 0.110263526
vt 0.927490234 0.376953125
v -0.198852524 0.076797485 0.211303771
vt 0.927734375 0.389160156
vn -0.181530565 0.931330681 0.315705329
v -0.190216050 0.083007812 0.209686339
vt 0.929931641 0.392333984
vn -0.164757833 0.917936563 0.360898137
v -0.193572983 0.086059570 0.195770323
vt 0.931884766 0.397460938
vn -0.385623485 0.440712690 0.810596585
v -0.215087876 0.086364746 0.181686461
vt 0.919921875 0.404541016
vn -0.408942014 0.715648651 0.566227436
v -0.188568100 0.088470459 0.190033019
vt 0.938964844 0.398925781
vn 0.290762335 0.644392133 0.707259536
v -0.227600083 0.086730942 0.168762267
vt 0.915527344 0.412353516
vn -0.833689928 0.243814990 0.495495111
v -0.217498764 0.100402832 0.186599791
vt 0.924072266 0.407714844
vn -0.575517237 0.678006589 0.457260370
v -0.221817002 0.091598496 0.160827696
vt 0.917480469 0.418212891
vn -0.488431364 0.866571665 -0.102412984
v -0.229446396 0.098403931 0.166153014
vt 0.919433594 0.415039062
vn -0.786062479 0.613128662 -0.078606173
v -0.202346787 0.103500366 0.197189391
vt 0.931152344 0.405029297
vn -0.173546031 0.749403477 0.638965011
v -0.211761460 0.105598450 0.155960143
vt 0.926269531 0.420410156
vn -0.471288204 0.879737854 -0.062838398
v -0.184783921 0.112777710 0.163757384
vt 0.938232422 0.417480469
vn -0.062836520 0.997529209 0.031418204
v -0.183731064 0.110000610 0.188995421
vt 0.937744141 0.408935547
vn 0.597814023 0.542752147 0.589947939
v -0.174438462 0.100898743 0.171188414
vt 0.945068359 0.413818359
vn 0.566034973 0.676097274 0.471695721
v -0.169647202 0.095474258 0.184219405
vt 0.946533203 0.406738281
vn -0.806229770 0.545390606 0.229222253
v -0.168151841 0.109504700 0.159637496
vt 0.948242188 0.419433594
vn -0.953880250 0.260149121 0.149782956
v -0.177825913 0.102981567 0.164291441
vt 0.941894531 0.419921875
vn 0.094620228 0.993512928 -0.063080244
v -0.206100449 0.109954834 0.144622862
vt 0.929443359 0.425048828
vn 0.102308184 0.794856787 -0.598110139
v -0.183242783 0.111679077 0.144088805
vt 0.939453125 0.428466797
vn -0.228261441 0.377812266 0.897304118
v -0.164199814 0.115974426 0.147460982
vt 0.948974609 0.425048828
vn -0.659783065 0.494837373 0.565528452
v -0.175720200 0.116462708 0.155349791
vt 0.952392578 0.420654297
vn -0.961375356 -0.063041061 -0.267924130
v -0.174530014 0.109069824 0.185974181
vt 0.959472656 0.418945312
vn -0.998607934 0.047178283 -0.023589035
v -0.170562729 0.127555847 0.164047301
vt 0.957763672 0.423339844
vn -0.925582826 0.376508266 -0.039219502
v -0.201995835 0.102310181 0.143203795
vt 0.930419922 0.428955078
vn -0.007865134 0.330340236 0.943829238
v -0.199874863 0.137519836 0.144867003
vt 0.935791016 0.441894531
vn 0.047098454 -0.062797710 0.996914387
v -0.208206162 0.097778320 0.144790709
vt 0.925292969 0.426513672
vn -0.668690443 0.645089626 0.369746566
v -0.224517807 0.093505844 0.143707335
vt 0.917724609 0.425781250
vn -0.472792864 0.780108273 0.409753859
v -0.216979966 0.113960266 0.144699156
vt 0.925048828 0.434082031
vn -0.110417657 -0.015773933 0.993760109
v -0.224273667 0.131195068 0.144821227
vt 0.926025391 0.443115234
vn -0.454611838 0.094057672 0.885709584
v -0.216155991 0.138298035 0.143600523
vt 0.929443359 0.446533203
vn -0.063178331 -0.229021907 0.971368968
v -0.224914536 0.117401123 0.138473570
vt 0.922119141 0.437500000
vn -0.971490026 0.007898262 0.236948937
v -0.244934067 0.091674790 0.131851256
vt 0.907470703 0.430175781
vn -0.102680966 0.837245166 0.537100613
v -0.224151611 0.137390137 0.133468688
vt 0.921875000 0.446777344
vn -0.567774534 -0.323316127 0.757032931
vt 0.901611328 0.435302734
v -0.225036621 0.098060608 0.125137389
vt 0.915039062 0.433593750
vn -0.754969835 0.251656622 0.605548918
v -0.235382080 0.097557068 0.121185370
vt 0.911621094 0.434570312
vn 0.606882811 -0.102460645 0.788159251
v -0.251190186 0.138107300 0.132537901
vt 0.913574219 0.455078125
vn -0.315715045 -0.663001835 0.678787649
v -0.248245224 0.141174316 0.145813048
vt 0.920410156 0.458496094
vn -0.078740023 -0.236220434 0.968503952
vt 0.917236328 0.465332031
vt 0.912109375 0.462402344
vt 0.906738281 0.461181641
vt 0.904541016 0.456054688
v -0.235748291 0.122261047 0.128616393
vt 0.913818359 0.444824219
vn 0.188865319 -0.110171303 0.975803435
v -0.251647949 0.132453918 0.128067076
vt 0.910644531 0.452148438
vn 0.047416519 -0.079027265 0.995744109
v -0.239517212 0.126213074 0.133606017
vt 0.909179688 0.446289062
vn 0.102508612 0.134049609 0.985658526
vt 0.900878906 0.440673828
v -0.234268174 0.101219177 0.132644713
vt 0.908691406 0.437011719
vn 0.465592951 -0.126262411 0.875945807
v -0.317779541 0.293289185 0.012742111
vt 0.298583984 0.623291016
vn -0.984740555 -0.173314393 0.015755985
v -0.316833496 0.332389832 -0.036086969
vt 0.270019531 0.618652344
vn -0.999504447 0.031480409 0.000000130
v -0.318420410 0.308769226 -0.074058466
vt 0.260986328 0.598144531
vn -0.849525094 -0.023597976 -0.527020037
v -0.317047119 0.293273926 -0.070480272
vt 0.266601562 0.591796875
vn -0.700505137 -0.708376050 -0.086579166
v -0.306213379 0.292625427 -0.072715692
vt 0.259521484 0.591064453
vn -0.536098301 -0.031535249 -0.843566298
v -0.317565918 0.378875732 0.008197850
vt 0.271972656 0.649902344
vn -0.992710948 0.118179835 -0.023635851
v -0.263122618 0.353347778 -0.075363100
vt 0.224121094 0.614746094
vn -0.197537586 0.031605940 -0.979785740
v -0.317749023 0.316825867 0.037189551
vt 0.300781250 0.645507812
vn -0.938113630 -0.070949793 0.338982373
v -0.317535400 0.338989258 -0.074714594
vt 0.250732422 0.610595703
vn -0.456622243 0.007872737 -0.889625847
v -0.314941406 0.372253418 -0.020460065
vt 0.263916016 0.639160156
vn -0.949435830 0.313863039 -0.007846466
v -0.317352295 0.348022461 0.039108343
vt 0.291503906 0.654052734
vn -0.897554278 -0.000000020 0.440903991
v -0.315673888 0.381637573 -0.074447565
vt 0.248046875 0.626220703
vn -0.600364029 0.734655857 -0.315980941
v -0.300781250 0.381851196 -0.012270865
vt 0.259033203 0.648437500
vn -0.070680186 0.997375369 0.015706666
v -0.315765381 0.381042480 0.040973727
vt 0.279541016 0.662597656
vn -0.322017103 0.871802449 0.369141579
v -0.301696777 0.331169128 0.040870734
vt 0.300781250 0.660400391
vn -0.920974314 -0.055101056 0.385707349
v -0.300964355 0.295700073 0.040954657
vt 0.311035156 0.650390625
vn -0.967305183 0.125828281 0.220199689
v -0.310546875 0.294906616 0.038791724
vt 0.309570312 0.646240234
vn -0.994936705 0.071066856 0.071067028
v -0.303131104 0.294479370 0.078025885
vt 0.325439453 0.650878906
v -0.300933838 0.328475952 0.092575133
vt 0.318603516 0.663330078
vn -0.997991085 0.007858156 0.062865712
v -0.302642822 0.373596191 0.043903414
vt 0.279296875 0.669189453
vn -0.386282086 0.733147681 0.559714854
v -0.304992676 0.373535156 0.057716433
vt 0.282958984 0.673583984
vn -0.989674628 -0.023563730 -0.141381949
v -0.261016846 0.375488281 0.054920252
vt 0.262207031 0.685546875
vn 0.054866817 0.376230538 -0.924900115
v -0.243667617 0.375244141 0.041709956
vt 0.251220703 0.682617188
vn 0.165262103 0.983703256 0.070826560
v -0.259124756 0.380035400 0.041835841
vt 0.258300781 0.677246094
vn 0.062921919 0.991020679 0.117978603
v -0.248016387 0.380401611 -0.020645088
vt 0.234130859 0.656494141
vn 0.188410655 0.981305718 -0.039252296
v -0.271697998 0.382019043 -0.033351839
vt 0.240722656 0.647460938
vn 0.007873485 0.999938011 0.007873483
v -0.253082335 0.382125854 -0.076347299
vt 0.225341797 0.628417969
vn 0.244079247 0.716491044 -0.653502882
v -0.210433990 0.376098633 -0.015979717
vt 0.220214844 0.664550781
vn 0.228679806 0.946261644 -0.228679955
v -0.236297637 0.362075806 -0.028753225
vt 0.222167969 0.649658203
vn 0.686573446 0.647115350 -0.331449419
v -0.239440948 0.367324829 -0.072914071
vt 0.218505859 0.628417969
vn 0.781419337 0.355190605 -0.513053238
v -0.240478545 0.359161377 -0.073020883
vt 0.214111328 0.626464844
vn 0.125937372 0.991757214 -0.023613328
v -0.243560821 0.359512329 -0.089660592
vt 0.211914062 0.619384766
vn -0.023672141 0.205157310 -0.978442788
v -0.213867202 0.377349854 0.038490348
vt 0.237548828 0.687255859
vn 0.071031474 0.962871253 0.260448754
v -0.220535293 0.359481812 0.043895774
vt 0.244384766 0.693847656
vn 0.298731446 0.935501158 0.188672423
v -0.210769668 0.362533569 0.053115893
vt 0.239501953 0.697265625
vn 0.118121184 0.992218256 0.039373681
v -0.208801284 0.370208740 -0.007156798
vt 0.219970703 0.668945312
vn 0.425830871 0.780690014 -0.457374066
v -0.200927749 0.374267578 0.046119738
vt 0.234863281 0.694091797
vn 0.345228165 0.878762603 0.329535872
v -0.187011734 0.364013672 0.007171679
vt 0.217773438 0.682128906
vn 0.291329503 0.944852650 -0.149601758
v -0.161666885 0.362564087 0.036457106
vt 0.217285156 0.698242188
vn 0.805023432 0.591929138 0.039461806
v -0.182144195 0.359008789 -0.013406705
vt 0.209716797 0.678466797
vn 0.931795120 0.260586828 -0.252690345
v -0.167922989 0.331367493 0.040130664
vt 0.204833984 0.705566406
vn 0.780447483 0.055183169 -0.622781456
v -0.180938736 0.337982178 -0.005437326
vt 0.201660156 0.685058594
vn 0.679274380 -0.726665616 0.102680944
v -0.260376036 0.307777375 -0.090850770
vt 0.226074219 0.596191406
vn -0.440849364 -0.015744673 -0.897442997
v -0.219833404 0.296539307 -0.090530336
vt 0.212158203 0.590332031
vn 0.086442724 -0.110018209 -0.990163505
v -0.256439209 0.292800903 -0.083663873
vt 0.228515625 0.587646484
vn -0.007872927 -0.015745636 -0.999845147
v -0.262817383 0.294593811 -0.073059015
vt 0.235595703 0.591064453
vn -0.386498451 0.205080673 -0.899200141
v -0.295898438 0.292579651 -0.082687311
vt 0.252685547 0.586669922
vn -0.102486312 0.307458520 -0.946026325
v -0.295684814 0.238185868 -0.083579950
vt 0.254882812 0.563232422
vn 0.023615332 -0.000000043 -0.999721229
v -0.305206299 0.255172700 -0.085571222
vt 0.259765625 0.571777344
vn -0.971035898 -0.031578455 -0.236837879
v -0.303894043 0.226747498 -0.083007745
vt 0.257568359 0.560058594
vn -0.979510665 -0.039496444 -0.197481856
v -0.297058105 0.216097817 -0.084014826
vt 0.256347656 0.552734375
vn -0.015687952 -0.337288648 -0.941270590
v -0.308746338 0.291343689 0.028490134
vt 0.764404297 0.957031250
vn -0.949202120 -0.313785851 0.023534073
vt 0.773437500 0.964843750
vt 0.762939453 0.965332031
vt 0.768554688 0.956298828
v -0.308715820 0.269737244 0.030847618
vt 0.762207031 0.946777344
vn -0.997991085 -0.062865622 0.007858331
v -0.305847168 0.246507630 0.065475531
vt 0.772705078 0.933349609
vn -0.998391926 -0.031445455 0.047168255
v -0.305236816 0.292671204 0.023056095
vt 0.761962891 0.958007812
vn -0.972975552 -0.227550775 -0.039232746
v -0.308227539 0.262241364 0.024341652
vt 0.758544922 0.944335938
vn -0.997375369 0.054973397 -0.047119971
v -0.307189941 0.242582306 0.031425547
vt 0.758789062 0.935058594
vn -0.998607934 -0.047178373 0.023589296
v -0.307830811 0.216644272 0.054031443
vt 0.765869141 0.921386719
vn -0.995713115 0.031609893 -0.086927213
v -0.307067871 0.292556763 -0.034713678
vt 0.738525391 0.966552734
vn -0.678914428 -0.734174967 0.007894475
vt 0.723876953 0.975585938
vt 0.722167969 0.970947266
v -0.305694580 0.273460388 -0.033271722
vt 0.735595703 0.957275391
vn -0.999597251 -0.015741734 -0.023612402
vt 0.710449219 0.956787109
v -0.308441162 0.244680390 0.003578017
vt 0.746826172 0.939697266
vn -0.997375369 -0.047120143 -0.054973312
v -0.302673340 0.239442810 -0.050933767
vt 0.722900391 0.944335938
vn -0.999969006 0.007873728 0.000000131
vt 0.707031250 0.943847656
v -0.303710938 0.229084954 -0.032745291
vt 0.728759766 0.937255859
vn -0.997898698 -0.015714984 -0.062859625
v -0.308044434 0.218740210 -0.025440145
vt 0.729492188 0.930908203
vn -0.940366328 0.339796185 -0.015804369
v -0.303802490 0.218284592 -0.014940192
vt 0.734863281 0.930419922
vn -0.996086419 0.086959884 -0.015810767
v -0.306610107 0.218295559 0.020454478
vt 0.749511719 0.926025391
vn -0.993852854 -0.007887760 0.110428222
v -0.301818848 0.216474995 -0.070907526
vt 0.708496094 0.934326172
vt 0.703613281 0.938232422
v -0.311248779 0.216140732 -0.061008383
vt 0.713378906 0.929931641
vn -0.849341333 0.479720503 -0.220199496
v -0.311614990 0.216495976 -0.032863546
vt 0.726806641 0.929443359
vn -0.997467637 0.007854035 0.070686810
v -0.309906006 0.207582459 -0.016212393
vt 0.733398438 0.924804688
vn -0.995371222 0.015799504 0.094797388
v -0.303466797 0.197856888 0.030897211
vt 0.751220703 0.916015625
vn -0.994688690 0.007894316 0.102626733
v -0.305145264 0.205907807 0.033428263
vt 0.753173828 0.918945312
vn -0.668586969 0.291032016 0.684318542
v -0.293395996 0.200433716 0.041095801
vt 0.757568359 0.914794922
vn -0.947943151 0.276483357 -0.157990396
v -0.296752930 0.215997681 0.029773781
vt 0.754882812 0.923339844
vn -0.909353733 -0.063259415 0.411186159
v -0.305908203 0.219556794 0.031238627
vt 0.758056641 0.925048828
vn -0.820450664 -0.441781193 -0.362891495
v -0.296966553 0.214637741 0.041965552
vt 0.759765625 0.919433594
vn -0.674017668 -0.219447672 -0.705367267
v -0.311553955 0.192657456 0.041896891
vt 0.764404297 0.909667969
vn -0.971368909 0.063178405 -0.229021773
v -0.310516357 0.195545182 -0.047130514
vt 0.980468750 0.528564453
vn -0.992464483 -0.086643763 0.086643860
vt 0.982421875 0.517822266
v -0.311462402 0.191692337 -0.071464472
vt 0.986572266 0.534179688
vn -0.937938809 -0.000000056 -0.346800774
vt 0.991210938 0.523925781
vt 0.993164062 0.525878906
v -0.303100586 0.169319138 -0.071334772
vt 0.985351562 0.543701172
vn -0.062865712 0.007858151 -0.997991085
v -0.310119629 0.158020005 -0.066718988
vt 0.979248047 0.544433594
v -0.305786133 0.165401444 -0.029979633
vt 0.968017578 0.536376953
vn -0.996392667 0.047073629 0.070610635
v -0.311279297 0.146301255 -0.052913591
vt 0.971679688 0.546875000
vn -0.999845028 0.007872753 0.015745722
v -0.310546875 0.148796067 -0.070762567
vt 0.978515625 0.548095703
vn -0.204985246 -0.047304310 -0.977621377
v -0.263458252 0.174327835 -0.072738580
vt 0.996093750 0.557373047
vn -0.055019405 0.023579644 -0.998206854
vt 0.976806641 0.550781250
vt 0.964355469 0.548828125
vt 0.986083984 0.563476562
vt 0.989990234 0.567382812
v -0.268798888 0.000976533 -0.208312914
vt 0.454101562 0.798828125
vt 0.446044922 0.834472656
vt 0.424072266 0.802001953
vt 0.432373047 0.798095703
v -0.257843018 0.000900254 -0.169403002
vt 0.465576172 0.815429688
vt 0.484863281 0.827636719
v -0.172805816 0.000884980 -0.214935228
vt 0.498291016 0.783203125
v -0.130126983 0.001007080 -0.159408510
vt 0.527099609 0.802001953
vt 0.508544922 0.836914062
vt 0.498046875 0.848632812
v -0.052372001 0.000915527 -0.117073014
vt 0.567382812 0.815429688
vt 0.534667969 0.861328125
vt 0.577392578 0.836181641
v -0.198440596 0.000854462 -0.283325136
vt 0.475830078 0.753417969
vt 0.428466797 0.794921875
vt 0.432373047 0.792480469
vt 0.434082031 0.792236328
vt 0.435546875 0.788330078
v -0.268341124 0.000915498 -0.253509462
vt 0.445800781 0.777343750
vt 0.434570312 0.787353516
vt 0.434326172 0.784667969
vt 0.437255859 0.774414062
vt 0.437011719 0.765136719
v -0.251770079 0.001144379 -0.311920106
vt 0.442382812 0.747802734
vn -0.047343984 -0.986333430 -0.157813296
v -0.277008116 0.000991791 -0.306579530
vt 0.435546875 0.754394531
vn -0.457274526 -0.709563911 -0.536114812
v -0.229217574 0.001144379 -0.328247011
vt 0.453369141 0.736572266
vn -0.015741648 -0.999597251 -0.023612488
v -0.241317794 0.001663178 -0.321289003
vt 0.447265625 0.741455078
vn -0.528181791 0.559714854 -0.638547897
v -0.306915283 0.217075810 0.080123968
vt 0.185058594 0.701416016
vn -0.995744228 0.047416352 0.079027444
vt 0.202148438 0.712402344
vt 0.191894531 0.724609375
vt 0.195556641 0.703125000
vt 0.176269531 0.698974609
vt 0.193115234 0.684570312
v -0.303436279 0.230195031 0.113731451
vt 0.170654297 0.691650391
vn -0.998947680 -0.023597229 0.039328780
vt 0.180664062 0.717529297
vt 0.161376953 0.702148438
v -0.300323486 0.216366291 0.136291578
vt 0.158691406 0.700195312
vn -0.757787228 0.536765873 0.371000051
vt 0.157226562 0.707763672
vt 0.166992188 0.717041016
v -0.298004150 0.214043617 0.145736769
vt 0.155029297 0.702880859
vn -0.189772144 0.498152167 0.846067905
vt 0.152587891 0.718017578
v -0.270446777 0.217463970 0.145553648
vt 0.146728516 0.696289062
vn -0.039252106 0.188410714 0.981305599
vt 0.142822266 0.707519531
vt 0.123046875 0.713378906
v -0.282989502 0.216792583 0.136276305
vt 0.152587891 0.696289062
vn -0.283666760 0.102435298 0.953436077
v -0.227172852 0.201858521 0.149856627
vt 0.126464844 0.698730469
vn 0.149227560 0.117811196 0.981759489
v -0.235397339 0.182212830 0.144485533
vt 0.120361328 0.703857422
vn 0.070669375 -0.023556368 0.997221589
vt 0.120117188 0.719238281
v -0.235122681 0.217179775 0.142684996
vt 0.125976562 0.691650391
vn 0.023589289 0.133671969 0.990744889
v -0.202133179 0.215053558 0.142791808
vt 0.109130859 0.691894531
vn 0.062797882 0.133445278 0.989064693
v -0.279571533 0.218833685 0.142105162
vt 0.149658203 0.694580078
vn -0.062836356 0.031418283 0.997529209
v -0.298767090 0.231837273 0.135665968
vt 0.159667969 0.691406250
vn -0.744325697 -0.344740391 0.571955800
v -0.305908203 0.239971161 0.138824537
vt 0.161376953 0.686279297
vn -0.934779227 -0.109974056 0.337777495
v -0.299316406 0.256858826 0.141647413
vt 0.158203125 0.678710938
vn 0.007872927 0.015745636 0.999845147
v -0.267822266 0.250160217 0.138443053
vt 0.144042969 0.680419922
vn 0.023568900 0.062850103 0.997744679
v -0.302673340 0.281547546 0.140991285
vt 0.160156250 0.667724609
v -0.304779053 0.293731689 0.127822950
vt 0.166748047 0.660888672
vn -0.993760109 0.078869805 0.078869976
v -0.207138062 0.268852234 0.139556944
vt 0.119873047 0.666503906
vn -0.070610374 0.047073711 0.996392667
v -0.283172607 0.294204712 0.141555846
vt 0.153320312 0.657714844
vn 0.031477667 -0.440685391 0.897109628
v -0.307708740 0.293395996 0.100799628
vt 0.179199219 0.661132812
vn -0.997252405 0.039261866 0.062819183
vt 0.210205078 0.655761719
vt 0.187744141 0.655517578
v -0.248153687 0.286201477 0.134658873
vt 0.137207031 0.660888672
vn 0.000000134 -0.070688814 0.997498453
v -0.296112061 0.293342590 0.140396193
vt 0.161621094 0.656250000
vn -0.986149132 0.071002692 0.149894804
v -0.227767944 0.293174744 0.141418517
vt 0.127441406 0.655517578
vn -0.062768631 -0.596303165 0.800301731
v -0.228363037 0.295700073 0.151886046
vt 0.127197266 0.650634766
vn 0.015729165 -0.330309540 0.943741679
v -0.195602417 0.291366577 0.140014708
vt 0.111328125 0.655761719
vn 0.197039992 -0.409842879 0.890620172
v -0.293151855 0.295860291 0.151001051
vt 0.157470703 0.652587891
vn -0.102093406 -0.102093503 0.989522040
v -0.296691895 0.315246582 0.141983107
vt 0.163085938 0.644531250
vn -0.992002964 0.007873002 0.125968769
vt 0.187255859 0.636962891
vt 0.199218750 0.646484375
v -0.293884277 0.362274170 0.152999952
vt 0.159423828 0.623291016
vn -0.645509183 0.015744135 0.763590336
v -0.249862671 0.325645447 0.146865904
vt 0.137207031 0.637451172
vn 0.047185756 0.015728585 0.998762369
v -0.250701904 0.370468140 0.149688780
vt 0.138916016 0.615966797
vn 0.007867810 -0.039338343 0.999195039
v -0.224456787 0.315597534 0.148529112
vt 0.125244141 0.641601562
vn 0.000000130 0.023615502 0.999721110
v -0.220184326 0.368423462 0.148757994
vt 0.123046875 0.615966797
vn 0.180956692 0.007867726 0.983459592
v -0.173782349 0.316513062 0.148101866
vt 0.101318359 0.642089844
vn 0.062922083 -0.117978610 0.991020679
v -0.300598145 0.372573853 0.143219069
vt 0.163085938 0.616699219
vn -0.819100797 -0.409550428 0.401674598
v -0.176651001 0.301582336 0.148559630
vt 0.103027344 0.649169922
vn 0.236956343 0.000000053 0.971520364
v -0.179122925 0.291969299 0.133483946
vt 0.102539062 0.656005859
vn -0.669956207 -0.047291033 0.740892947
v -0.297729492 0.372421265 0.111198485
vt 0.176269531 0.617919922
vn -0.983459592 -0.149485901 0.102279924
v -0.304840088 0.374267578 0.108863890
vt 0.179687500 0.612792969
vn -0.986671269 -0.149974078 0.063147090
vt 0.192871094 0.613037109
vt 0.201660156 0.621093750
v -0.192214966 0.255432129 0.140594542
vt 0.108398438 0.671386719
vn 0.424710125 -0.039324939 0.904474914
v -0.184402466 0.220345020 0.132644713
vt 0.101562500 0.685791016
vn -0.205157220 0.023672037 0.978442788
v -0.187103271 0.270015717 0.147262633
vt 0.112304688 0.665039062
vn -0.062865444 0.007858238 0.997991085
vt 0.415527344 0.896240234
vt 0.427734375 0.908691406
vt 0.418212891 0.909667969
v -0.305572510 0.173774704 0.041854933
vt 0.419677734 0.913818359
vn -0.646571994 -0.094620347 -0.756962180
vt 0.434570312 0.912841797
v -0.304443359 0.141365036 0.043277815
vt 0.402099609 0.919677734
vn -0.722775817 0.102131285 -0.683494210
vt 0.400390625 0.917236328
vt 0.395996094 0.918457031
v -0.308929443 0.173847184 0.038166121
vt 0.422363281 0.918701172
vn -0.970642745 0.157828048 0.181502432
vt 0.437011719 0.918945312
v -0.290740967 0.148612961 0.042770457
vt 0.408447266 0.923339844
vn -0.940131545 -0.244908288 -0.237007827
v -0.306732178 0.155242905 0.037956312
vt 0.416015625 0.925048828
vn -0.832891703 -0.345728666 0.432160944
v -0.306701660 0.161254868 0.019456936
vt 0.421630859 0.931884766
vn -0.999597251 0.023612490 -0.015741561
v -0.306427002 0.185932145 -0.012996602
vt 0.439697266 0.944335938
vn -0.998114347 -0.039295882 0.047155138
vt 0.451904297 0.942138672
vt 0.458984375 0.947265625
vt 0.452148438 0.958007812
vt 0.432617188 0.957031250
v -0.294525146 0.140342698 0.032547068
vt 0.406005859 0.929199219
vn -0.950724542 0.047143344 0.306432009
v -0.305419922 0.140808091 0.017126158
vt 0.410156250 0.937744141
vn -0.993204236 -0.055178057 0.102473579
v -0.306854248 0.151229843 -0.005541728
vt 0.420898438 0.946777344
vn -0.999473393 0.007869827 0.031479608
v -0.310241699 0.145599350 -0.008624002
vt 0.419433594 0.950927734
vn -0.994224012 0.063125297 0.086797461
vt 0.427490234 0.971191406
vt 0.419433594 0.964599609
v -0.305938721 0.140899643 -0.009765551
vt 0.415771484 0.951171875
vn -0.993698299 -0.070978485 0.086751565
vt 0.404785156 0.967285156
v -0.305511475 0.129005417 0.030824736
vt 0.399902344 0.933349609
vn -0.964624345 0.227431700 0.133322179
v -0.305267334 0.124710068 0.004781320
vt 0.404052734 0.947509766
vn -0.997991085 0.055007339 0.031432915
vt 0.389892578 0.963623047
vt 0.392333984 0.972656250
vt 0.386474609 0.952636719
v -0.306457520 0.111724839 0.026155548
vt 0.392578125 0.939453125
vn -0.992772579 0.047274847 0.110308193
vt 0.381103516 0.943847656
v -0.298828125 0.117691025 0.029861523
vt 0.393798828 0.934814453
vn -0.859414101 -0.149806172 0.488841206
v -0.303894043 0.106880173 0.030288771
vt 0.388183594 0.937011719
vn -0.823485076 0.054898996 0.564675570
vt 0.379394531 0.941650391
v -0.303283691 0.117027268 0.035614088
vt 0.393066406 0.931640625
vn -0.997375369 -0.070680186 0.015706832
vt 0.377685547 0.931396484
v -0.301666260 0.114265427 0.032074049
vt 0.392089844 0.934082031
vn -0.756750643 0.362609595 -0.543914318
v -0.301208496 0.115127549 0.032074049
vt 0.392578125 0.933837891
vn -0.811375976 0.354484588 -0.464768648
vn -0.704355717 0.364048898 -0.609386146
v -0.301208496 0.115982041 0.032573774
vt 0.393066406 0.933349609
vn -0.784223437 0.219582483 -0.580325186
v -0.301300049 0.115127549 0.032199934
vn -0.733079433 0.362598300 -0.575427771
v -0.310424805 0.422683716 0.057933871
vt 0.194335938 0.419433594
vn -0.987872362 0.039514840 -0.150156468
v -0.308563232 0.401885986 0.056953494
vt 0.199462891 0.428466797
vn -0.689502060 -0.070517294 -0.720842779
vt 0.175537109 0.474609375
vt 0.203125000 0.443847656
v -0.302581787 0.399230957 0.133194029
vt 0.171875000 0.456787109
vn -0.993111670 0.039409153 0.110345863
vt 0.152832031 0.476318359
v -0.302429199 0.440689087 0.104492247
vt 0.173339844 0.426757812
vn -0.632356763 0.766732633 0.110662498
v -0.301635742 0.388153076 0.159530714
vt 0.156250000 0.465576172
vn -0.849104822 -0.039310426 0.526759624
v -0.310211182 0.444046021 0.066879332
vt 0.185058594 0.412109375
vn -0.401674449 0.913612366 -0.063007735
v -0.296142578 0.431945801 0.155151427
vt 0.158691406 0.451171875
vn -0.283017337 0.000000030 0.959114850
v -0.287628174 0.374618530 0.155151442
vt 0.148437500 0.468750000
vn -0.007889058 -0.165673018 0.986149251
v -0.249313354 0.373519897 0.155593932
vt 0.128906250 0.461914062
vn -0.015804337 -0.292382807 0.956170857
vt 0.127685547 0.463623047
vt 0.112304688 0.451660156
v -0.256500244 0.404846191 0.156860396
vt 0.139160156 0.452636719
vn -0.062772490 -0.054926004 0.996515393
v -0.298004150 0.438140869 0.153991759
vt 0.159667969 0.447265625
vn -0.755811810 0.621970057 0.204699099
v -0.256408691 0.429275513 0.159698531
vt 0.142822266 0.443603516
vn 0.258841544 0.541213989 0.800055325
v -0.262329102 0.438812256 0.160797164
vt 0.148437500 0.441650391
vn 0.117811121 0.981759489 0.149227381
v -0.211456299 0.419631958 0.161148116
vt 0.127685547 0.442871094
vn 0.291982085 0.134153932 0.946968496
v -0.208389282 0.371765137 0.153472960
vt 0.114746094 0.448242188
vn 0.860699356 -0.205304354 0.465882987
v -0.215469360 0.371704102 0.113266043
vt 0.102294922 0.429199219
vn 0.889488161 0.448679924 -0.086587489
v -0.251068115 0.434982300 0.116401725
vt 0.146484375 0.422607422
vn 0.850077629 0.519491911 0.086581849
v -0.215087891 0.413681030 0.137878463
vt 0.123046875 0.433105469
vn 0.960481048 0.244056702 -0.133837655
v -0.216690078 0.386611938 0.106178336
vt 0.109863281 0.421630859
vn 0.845407367 0.071109049 -0.529367387
v -0.231262222 0.375366211 0.097847037
vt 0.104980469 0.413818359
vn 0.635181665 0.509713829 -0.580289662
v -0.230636597 0.424804688 0.145965621
vt 0.133300781 0.434814453
vn 0.268157452 0.962212205 0.047321837
v -0.221923843 0.428329468 0.107696585
vt 0.132324219 0.416503906
vn 0.707259536 0.644392133 -0.290762395
v -0.235931411 0.402297974 0.099655204
vt 0.122314453 0.410400391
vn 0.773116827 -0.063111573 -0.631115973
v -0.251220703 0.429214478 0.109748892
vt 0.144042969 0.418945312
vn 0.266594887 0.956605375 0.117615335
v -0.245407119 0.387863159 0.086769156
vt 0.116943359 0.405029297
vn 0.957459331 0.109872416 -0.266833037
v -0.241531387 0.376876831 0.068473868
vt 0.115234375 0.397216797
vn 0.702597499 0.678914487 -0.213147700
v -0.234039322 0.430297852 0.097656302
vt 0.137695312 0.410644531
vn 0.864108264 0.502753913 0.023566453
v -0.255828857 0.438598633 0.099235594
vt 0.151367188 0.414550781
vn 0.133816764 0.983947039 0.118073590
v -0.284027100 0.441497803 0.090477049
vt 0.166992188 0.416748047
vn 0.047351349 0.994378924 0.094702706
v -0.270294189 0.441864014 0.076629698
vt 0.162597656 0.407470703
vn 0.007900481 0.995464504 0.094806105
v -0.286346436 0.444488525 0.056606349
vt 0.173828125 0.402587891
vn 0.007870709 0.425025642 -0.905147195
v -0.243133560 0.442932129 0.060577445
vt 0.149414062 0.395507812
vn 0.337621033 0.439692646 -0.832275510
v -0.235534683 0.443069458 0.080673270
vt 0.145751953 0.404052734
vn 0.479809493 0.873095989 0.086522937
v -0.236511245 0.419647217 0.081207328
vt 0.134033203 0.401855469
vn 0.986149132 -0.071002692 -0.149894804
v -0.237487808 0.409454346 0.055969290
vt 0.131591797 0.390380859
vn 0.456636220 -0.000000019 -0.889653623
v -0.273101807 0.404586792 0.060134947
vt 0.136962891 0.375000000
vn 0.015714806 0.062859714 -0.997898698
v -0.243621841 0.405197144 0.065826468
vt 0.127685547 0.396240234
vn 0.979999900 -0.197580576 0.023709554
vt 0.111816406 0.386962891
v -0.304565370 0.017333984 0.364929259
vt 0.537597656 0.973144531
vn -0.719935834 0.506328464 0.474683106
v -0.306915224 0.008544922 0.338836730
vt 0.526123047 0.979492188
vn -0.779237866 -0.125937477 -0.613944829
v -0.287445009 0.000000000 0.346832335
vt 0.519042969 0.976318359
vn -0.292091101 -0.955216944 -0.047366049
v -0.283538759 0.007934570 0.380371153
vt 0.530273438 0.962402344
vn 0.000000135 -0.512176275 0.858880401
v -0.288360536 0.017501831 0.344451964
vt 0.525390625 0.986328125
vn 0.196899131 0.677333355 -0.708837330
v -0.269378603 0.018814087 0.358154356
vt 0.535400391 0.989746094
vn 0.503453434 0.849577725 0.157329112
v -0.273498476 0.000762939 0.355041564
vt 0.516357422 0.980224609
vn 0.770698488 -0.581955969 -0.259520978
vt 0.993408203 0.039550781
vt 0.980468750 0.038574219
vt 0.992187500 0.028320312
v -0.285095215 0.411239624 0.056865752
vt 0.979248047 0.023437500
vn 0.054951288 0.054951381 -0.996975780
vt 0.992675781 0.019775391
vt 0.972900391 0.020996094
vt 0.964355469 0.042236328
vt 0.972900391 0.006103516
vt 0.995849609 0.007324219
vt 0.962402344 0.009521484
v -0.261901855 0.215317711 -0.072143488
vt 0.798339844 0.658203125
vn -0.047220800 -0.173142537 -0.983764112
vt 0.781738281 0.650390625
vt 0.784667969 0.647705078
vt 0.773193359 0.675781250
vt 0.794677734 0.681396484
v -0.206161529 0.215450272 -0.075462282
vt 0.825439453 0.661132812
v -0.228744537 0.184394822 -0.074562013
vt 0.811767578 0.676269531
vn -0.078475572 0.023542585 -0.996638060
vt 0.816650391 0.699218750
vt 0.795166016 0.697021484
v -0.174881011 0.159263611 -0.080703683
vt 0.832519531 0.683593750
vn -0.055260617 0.086837858 -0.994688690
v -0.179931670 0.218076214 -0.082672067
vt 0.842529297 0.657470703
vn -0.575213552 -0.189111307 -0.795843124
v -0.192901626 0.153999329 -0.078071542
vt 0.826660156 0.690429688
vn -0.282825381 0.432094127 -0.856332004
v -0.170394927 0.201719269 -0.077384897
vt 0.840332031 0.666992188
vn -0.070978574 -0.086751483 -0.993698299
v -0.165359512 0.163017258 -0.076377816
vt 0.836669922 0.681640625
vn -0.535366774 0.173206821 -0.826669097
v -0.165740997 0.164257035 -0.088157602
vt 0.839111328 0.684570312
vn -0.567933500 0.173535287 0.804572642
v -0.163940459 0.201095566 -0.079215951
vt 0.843505859 0.670166016
vn -0.766038775 -0.118459620 0.631784737
v -0.178726226 0.215941414 -0.089645334
vt 0.846923828 0.661376953
vn -0.949874520 -0.149153888 0.274757206
v -0.179687530 0.191575989 -0.082878061
vt 0.849365234 0.674316406
vn -0.843881071 -0.015773492 0.536298394
v -0.183822662 0.157112107 -0.091804452
vt 0.835205078 0.692626953
vn -0.653847456 0.756257236 0.023633091
v -0.181167632 0.172470078 -0.090652414
vt 0.843017578 0.688232422
vn -0.983459592 -0.007867712 0.180956692
v -0.180694610 0.217483982 -0.123657174
vt 0.862548828 0.671630859
vn -0.989064693 0.062797703 -0.133445099
v -0.183639556 0.217099652 -0.114677377
vt 0.857666016 0.665527344
vn -0.983459592 -0.102279827 0.149485990
v -0.199249297 0.147201523 -0.092536867
vt 0.829101562 0.700683594
vn -0.110171422 0.975803435 -0.188865215
v -0.180923492 0.152976975 -0.109840341
vt 0.843994141 0.699218750
vn -0.994688690 0.102626562 -0.007894228
v -0.182235748 0.181774125 -0.129791200
vt 0.859130859 0.689453125
vn -0.999690175 0.007871534 0.023614859
v -0.187683135 0.149299607 -0.110420175
vt 0.840576172 0.700439453
vn -0.518609107 0.817202151 -0.251446784
v -0.184173614 0.139877304 -0.148818910
vt 0.844238281 0.717773438
vn -0.946202874 0.236550644 -0.220780551
v -0.201522857 0.133720383 -0.129699647
vt 0.836669922 0.713134766
vn 0.361789912 0.825825036 -0.432575077
vt 0.834228516 0.718994141
v -0.203277618 0.153320298 -0.094482362
vt 0.827148438 0.705810547
vn 0.039231673 0.965099335 0.258929044
vt 0.815673828 0.719726562
vt 0.818359375 0.704833984
vt 0.814697266 0.706787109
v -0.176467925 0.217591271 -0.138030946
vt 0.869140625 0.674560547
vn -0.832378030 0.518273056 0.196315646
v -0.183471709 0.208200440 -0.158416688
vt 0.873535156 0.682128906
vn -0.984740555 0.173314303 0.015755970
v -0.157669097 0.218293652 -0.132080033
vt 0.874511719 0.671630859
vn -0.510483503 0.848187983 -0.141364604
v -0.156082183 0.231178269 -0.129913285
vt 0.877685547 0.666259766
vn -0.456127822 0.173013896 -0.872933984
v -0.182525665 0.244173035 -0.124565072
vt 0.866210938 0.657226562
vn -0.923495650 0.228900552 -0.307831764
v -0.186721832 0.220780835 -0.122863717
vt 0.861328125 0.666992188
vn -0.945732534 -0.078811094 -0.315244019
v -0.158599883 0.264575958 -0.128066972
vt 0.884033203 0.655273438
vn -0.620472133 0.683304608 -0.384849727
v -0.172332793 0.239934906 -0.081367441
vt 0.850097656 0.646240234
vn -0.267783076 0.070883662 -0.960868180
vt 0.791015625 0.631835938
v -0.174255401 0.261505127 -0.092636056
vt 0.861328125 0.641113281
vn -0.915174961 0.307688087 -0.260351360
v -0.174316436 0.257202148 -0.081306405
vt 0.854248047 0.636718750
vn -0.007872929 0.015745550 -0.999845147
vt 0.820312500 0.605468750
v -0.173889190 0.265411377 -0.110397287
vt 0.869628906 0.648925781
vn -0.322674721 0.944413662 -0.062960908
v -0.139587432 0.260032654 -0.103263810
vt 0.885009766 0.645996094
vn 0.380043715 0.728417337 -0.570065796
v -0.223526031 0.293754578 -0.080558717
vt 0.839843750 0.611083984
vn 0.039433576 -0.205055252 -0.977955699
vt 0.840820312 0.603271484
v -0.173416167 0.277122498 -0.079734750
vt 0.860107422 0.628662109
vn -0.282277107 0.666487277 -0.690010428
v -0.125045806 0.257698059 -0.124153093
vt 0.895019531 0.649658203
vn -0.047186986 0.440412790 0.896554589
v -0.144195586 0.282249451 -0.135894731
vt 0.889648438 0.659423828
vn -0.795843244 0.575213432 0.189111352
v -0.136428863 0.259483337 -0.124252275
vt 0.890380859 0.650878906
vn 0.243905529 0.967754304 0.062943295
v -0.120773345 0.251935959 -0.081436113
vt 0.894287109 0.634521484
vn 0.149806023 0.835760474 -0.528263748
v -0.130493194 0.266578674 -0.067497209
vt 0.893798828 0.621337891
vn 0.687087119 0.726575077 -0.000000122
v -0.130584747 0.279380798 -0.107910112
vt 0.882812500 0.637207031
vn 0.748008251 0.440931201 -0.496047735
v -0.163574249 0.286827087 -0.099563546
vt 0.871337891 0.635742188
vn -0.378293127 0.677774966 -0.630488276
v -0.135620147 0.293922424 -0.067169145
vt 0.880371094 0.626708984
v -0.168838531 0.276081085 -0.062095594
vt 0.874023438 0.619628906
vn 0.235469863 0.831993401 0.502335489
v -0.145889312 0.268455505 -0.050838426
vt 0.880126953 0.613525391
vn 0.431336105 0.901884615 -0.023527520
v -0.170913726 0.288719177 -0.055343580
vt 0.869873047 0.617675781
vn 0.825518608 0.534621656 -0.180828020
v -0.177352935 0.294586182 -0.082656808
vt 0.857910156 0.615966797
vn 0.748565316 -0.039398175 -0.661889493
v -0.181457549 0.308738708 -0.042251538
vt 0.871826172 0.606445312
vn 0.948997796 0.313718289 0.031371687
v -0.177642852 0.326980591 -0.083290055
vt 0.860351562 0.598876953
vn 0.614859700 0.023648448 -0.788281918
v -0.184341460 0.334167480 -0.048801374
vt 0.876220703 0.597412109
vn 0.996638060 -0.023542585 0.078475304
vt 0.845458984 0.568603516
v -0.180908233 0.356033325 -0.086021379
vt 0.862792969 0.584960938
vn 0.339330286 0.812814593 -0.473484337
vt 0.847656250 0.561279297
v -0.180252105 0.354934692 -0.051624253
vt 0.874511719 0.580566406
vn 0.418439865 0.907935619 0.023685183
vt 0.886230469 0.580322266
v -0.209228531 0.356826782 -0.010698267
vt 0.882568359 0.562011719
vn 0.227697954 0.973605216 -0.015703382
vt 0.865478516 0.551269531
vt 0.879638672 0.550781250
vt 0.509033203 0.934814453
vt 0.509033203 0.929199219
vt 0.525878906 0.918457031
vt 0.515625000 0.939208984
v -0.278900087 0.001052856 0.280212462
vt 0.508789062 0.944091797
vn -0.125657409 -0.989552617 0.070682384
v -0.271606386 0.000869751 0.293579161
vt 0.510986328 0.951660156
vn -0.219927669 -0.973965526 -0.054981854
v -0.242233247 0.000885010 0.322570860
vt 0.523193359 0.949951172
vn -0.007873483 -0.999938011 0.007873572
v -0.281951845 0.002990723 0.275848448
vt 0.507568359 0.942138672
vn -0.535815239 0.780084014 0.323065102
vt 0.508544922 0.932617188
v -0.272613466 0.002807617 0.292297423
vt 0.509765625 0.950683594
vn -0.998453617 0.039309151 -0.039309066
vt 0.500976562 0.942626953
vt 0.500488281 0.936767578
v -0.271179140 0.006362915 0.279510558
vt 0.503662109 0.945800781
vn -0.761892557 0.502691865 -0.408437133
v -0.276641786 0.012878418 0.297210753
vt 0.506103516 0.956054688
vn -0.967185616 -0.094359621 -0.235898808
v -0.263488710 0.009338379 0.279235899
vt 0.498291016 0.945556641
vn 0.031535059 0.536098182 -0.843566477
vt 0.493408203 0.944335938
v -0.275390565 0.021881104 0.283477843
vt 0.500244141 0.951660156
vn -0.836410761 0.505002618 -0.213047907
v -0.267425478 0.026519775 0.279815733
vt 0.496337891 0.951416016
vn -0.102055922 0.400372684 -0.910651684
v -0.248580903 0.020324707 0.285614073
vt 0.489501953 0.948730469
vn -0.282077730 0.752206981 -0.595497191
vt 0.484863281 0.944580078
v -0.240753144 0.023162842 0.288299620
vt 0.485595703 0.949707031
vn 0.275215358 0.927869081 -0.251625597
v -0.254211366 0.030914307 0.285705626
vt 0.488769531 0.953613281
vn 0.385814697 0.409436107 -0.826746106
v -0.253448427 0.034240723 0.290649474
vt 0.488769531 0.956298828
vn -0.354155183 0.928673387 -0.110181585
v -0.236816376 0.030334473 0.301788390
vt 0.480468750 0.958007812
vn 0.779987156 0.614535391 -0.118180014
v -0.278808534 0.021682739 0.312316954
vt 0.503662109 0.964599609
vn -0.661089599 0.747660756 -0.062960848
v -0.268798769 0.026947021 0.322876036
vt 0.499267578 0.972656250
vn -0.534357429 0.809394300 0.243604168
v -0.245666474 0.038421631 0.311920226
vt 0.485107422 0.967773438
vn 0.039442256 0.993945599 0.102549881
v -0.282806337 0.012207031 0.315246642
vt 0.508544922 0.966064453
vn -0.824703455 -0.259192497 0.502676487
v -0.276031435 0.023361206 0.320709288
vt 0.503173828 0.968261719
vn -0.745769203 0.463161975 0.478862464
v -0.255615175 0.018600464 0.323913634
vt 0.506591797 0.976074219
vn -0.221186578 -0.229086205 0.947943091
v -0.276946962 0.000991821 0.314331114
vt 0.516601562 0.964111328
vn -0.362025082 -0.708310187 0.605998814
v -0.253570497 0.000961304 0.319671690
vt 0.522705078 0.961425781
vn -0.173805714 -0.734724641 0.655722022
vt 0.385742188 0.036621094
vt 0.380371094 0.048095703
vt 0.379638672 0.032714844
vt 0.391845703 0.042480469
vt 0.387939453 0.058105469
vt 0.396240234 0.032958984
vt 0.201904297 0.287597656
v -0.278106749 0.123794533 -0.197311342
vt 0.198730469 0.295654297
vn -0.299092203 0.448638111 -0.842180312
vt 0.190917969 0.291748047
vt 0.206787109 0.314208984
v -0.240219146 0.122787461 -0.203262269
vt 0.200683594 0.312744141
vn -0.141535088 -0.117945872 -0.982881844
vt 0.179199219 0.300781250
vt 0.180175781 0.291015625
v -0.214965850 0.098587021 -0.201599061
vt 0.186767578 0.326904297
vn -0.110004686 -0.196436763 -0.974326193
vt 0.173095703 0.303466797
v -0.217666671 0.131309494 -0.206878603
vt 0.202148438 0.324218750
vn 0.118154079 0.740432978 -0.661663532
vt 0.167480469 0.308105469
vt 0.167968750 0.315429688
v -0.207107589 0.119537339 -0.205551088
vt 0.197265625 0.329101562
vn 0.755882025 0.039368860 -0.653523147
vt 0.176757812 0.332031250
v -0.205993682 0.136909470 -0.181365907
vt 0.210693359 0.335937500
vn 0.577025473 0.790445924 -0.205516040
vt 0.223388672 0.321533203
vt 0.241699219 0.307373047
vt 0.225585938 0.354736328
vt 0.219482422 0.360107422
v -0.202117950 0.109039292 -0.165267885
vt 0.198974609 0.348632812
vn 0.745080769 0.501949251 -0.439205706
v -0.204879791 0.104385361 -0.194473207
vt 0.190673828 0.335449219
vn 0.958818495 0.070732541 -0.275070995
v -0.203750640 0.092086762 -0.201782167
vt 0.184814453 0.334472656
vn 0.464322209 -0.086568587 -0.881425500
v -0.202423126 0.084243745 -0.193618715
vt 0.180664062 0.340087891
vn 0.205618635 0.695940375 -0.688032031
v -0.190002471 0.121612534 -0.164245546
vt 0.200195312 0.358154297
vn -0.535765469 0.646070004 -0.543644190
vt 0.211181641 0.372314453
v -0.188583404 0.089981049 -0.198776186
vt 0.177734375 0.348144531
vn -0.472397149 0.661355793 -0.582622945
v -0.184661895 0.084014863 -0.212478578
vt 0.170898438 0.348388672
vn -0.447144896 0.666794837 -0.596193016
vt 0.166259766 0.350097656
v -0.178421050 0.121147141 -0.169830263
vt 0.195556641 0.362060547
vn -0.542752266 0.597813964 -0.589947939
v -0.167282134 0.136970505 -0.172500566
vt 0.196044922 0.372558594
vn -0.622781336 -0.591248095 -0.512414932
v -0.167526275 0.095825180 -0.206405595
vt 0.171386719 0.357421875
vn -0.857842386 0.393505603 -0.330544651
v -0.160766646 0.081603989 -0.235076860
vt 0.157226562 0.358642578
vn -0.922863424 0.315508813 -0.220856085
vt 0.158935547 0.353759766
v -0.163208053 0.099845871 -0.247711137
vt 0.153808594 0.368896484
vn -0.994874716 0.078958265 0.063166775
v -0.160629317 0.117546067 -0.225463822
vt 0.163818359 0.369140625
vn -0.987625599 0.118515022 -0.102712944
v -0.170089751 0.117629990 -0.184738114
vt 0.185546875 0.361816406
vn -0.534357548 0.573648453 -0.620797515
v -0.163894683 0.106651291 -0.200057939
vt 0.174560547 0.362548828
vn -0.794487894 0.487705380 -0.361845911
v -0.182327300 0.137886032 -0.197372377
vt 0.191406250 0.384521484
vn -0.876956761 -0.347622544 -0.331821322
v -0.182861373 0.175216660 -0.197814882
vt 0.182617188 0.401855469
vn -0.956260443 -0.007903033 -0.292410076
v -0.174972579 0.169197068 -0.199035585
vt 0.181152344 0.398925781
vn -0.062867656 -0.000000046 -0.998021960
v -0.159515426 0.152046189 -0.199172929
vt 0.178955078 0.388916016
vn -0.062859893 0.015714895 -0.997898698
v -0.163223296 0.136604294 -0.198669389
vt 0.179931641 0.382324219
vn -0.875945926 -0.481375694 -0.031565480
v -0.161422774 0.154052719 -0.204833940
vt 0.176269531 0.388427734
vn -0.235950053 0.951664925 -0.196624979
v -0.160186812 0.146369919 -0.227172807
vt 0.168701172 0.385253906
vn -0.590661168 0.732419729 -0.338645607
v -0.164138824 0.123489365 -0.202331498
vt 0.173095703 0.372314453
vn -0.959085107 -0.007861383 0.283008844
v -0.154281646 0.126144394 -0.193908647
vt 0.177978516 0.373046875
vn -0.306308836 0.054978557 0.950343251
v -0.151367217 0.122055039 -0.193969682
vt 0.179199219 0.369384766
vn -0.791724861 0.603592098 -0.094066240
v -0.138305694 0.134330735 -0.194625810
vt 0.182617188 0.373046875
vn -0.819100916 -0.086635731 -0.567069709
v -0.281250060 0.011550874 -0.303771913
vt 0.817138672 0.979003906
vn -0.962182164 -0.102527641 0.252375782
v -0.281951964 0.017944306 -0.308593690
vt 0.820068359 0.978759766
vn -0.965813220 0.149190590 -0.212007642
vt 0.816650391 0.985839844
v -0.276214659 0.022216767 -0.294982851
vt 0.818115234 0.972656250
vn -0.786256850 0.597555161 0.157251447
v -0.277679503 0.022567719 -0.312164247
vt 0.823486328 0.977783203
vn -0.566595614 0.393469065 -0.723983109
v -0.277191222 0.012481660 -0.292632997
vt 0.812744141 0.973388672
vn -0.957783818 -0.164864466 0.235520750
vt 0.803466797 0.970214844
v -0.266967833 0.022582978 -0.314697206
vt 0.830078125 0.978759766
vn -0.235702395 -0.235702336 -0.942809045
v -0.273712218 0.019317597 -0.271240175
vt 0.811767578 0.961181641
vn -0.845882833 0.110676251 0.521759629
vt 0.807128906 0.958496094
vt 0.838623047 0.985839844
v -0.259552062 0.030014008 -0.275787294
vt 0.820800781 0.954833984
vn 0.079163469 0.562060118 0.823299170
vt 0.822265625 0.947265625
v -0.274932921 0.022796601 -0.283966005
vt 0.816162109 0.964355469
vn -0.629063785 0.770603180 0.102222912
vt 0.828125000 0.948486328
v -0.267547667 0.027435273 -0.311645448
vt 0.826171875 0.973876953
vn -0.456636369 0.889653563 0.000000021
v -0.247772262 0.031570405 -0.284454286
vt 0.828369141 0.953857422
vn 0.465926677 0.576485515 0.671250165
v -0.253540099 0.033340424 -0.287109315
vt 0.824951172 0.956787109
vn -0.417258203 0.905371487 0.078727968
vt 0.837402344 0.948730469
v -0.263397276 0.028366059 -0.287383974
vt 0.821044922 0.960937500
vn -0.440780967 0.897304058 -0.023613246
v -0.263427794 0.028381318 -0.288696229
vt 0.821044922 0.961425781
vn -0.440562695 0.896859705 0.039335970
v -0.264221251 0.029983491 -0.318450868
vt 0.830078125 0.974853516
vn -0.323668659 0.165781379 -0.931533754
v -0.247924849 0.037048310 -0.318786561
vt 0.834716797 0.968994141
vn -0.189730823 0.956559181 -0.221352547
v -0.242355391 0.039977998 -0.293945253
vt 0.832519531 0.958007812
vn 0.627822816 0.776930869 -0.047086835
v -0.245468184 0.024642915 -0.319915712
vt 0.841552734 0.971435547
vn 0.590313256 0.322704613 -0.739859462
v -0.232421920 0.024780244 -0.294891298
vt 0.839599609 0.954589844
vn 0.828365386 0.560132802 -0.007889327
v -0.252258360 0.017227143 -0.316589296
vt 0.838623047 0.977294922
vn -0.220780775 -0.236550763 -0.946202815
v -0.237686202 0.005111665 -0.317840517
vt 0.847656250 0.974853516
vn -0.282903969 0.125734985 -0.950871289
vt 0.847412109 0.977539062
v -0.228836104 0.003433198 -0.328704774
vt 0.853515625 0.974609375
vn -0.276371390 0.844906569 -0.457986712
v -0.230102584 0.006927460 -0.315917909
vt 0.850830078 0.969726562
vn 0.086608723 0.952696860 -0.291320562
v -0.238220260 0.020492524 -0.319366395
vt 0.844726562 0.969726562
vn 0.149941221 0.284099370 -0.946998060
v -0.229812667 0.012435883 -0.321044862
vt 0.848388672 0.969238281
vn 0.860484600 0.331562877 -0.386823475
v -0.234069869 0.020523041 -0.306335390
vt 0.843994141 0.960449219
vn 0.722909451 0.660047889 -0.204300627
v -0.233337447 0.018783540 -0.300140321
vt 0.844970703 0.956787109
vn 0.576917350 0.719170988 -0.387246042
v -0.229583785 0.009887666 -0.302154481
vt 0.849609375 0.959716797
vn 0.290861011 0.841138899 -0.455944479
v -0.211563155 0.007888764 -0.314117372
vt 0.857666016 0.962890625
vn -0.172417894 0.948297977 -0.266463876
v -0.218048140 0.021438569 -0.292510927
vt 0.846923828 0.949462891
vn 0.062921889 0.991020679 -0.117978707
v -0.212722823 0.015487641 -0.297820985
vt 0.852783203 0.950439453
vn 0.086635552 0.819100738 -0.567069829
vt 0.844970703 0.943847656
v -0.207061812 0.013687104 -0.302673280
vt 0.854003906 0.948730469
vn -0.220301881 0.920546770 -0.322584748
vt 0.129150391 0.068115234
v -0.265685976 0.029373169 0.326385558
vt 0.125000000 0.068115234
vn -0.236690402 0.047338132 0.970431209
vt 0.123046875 0.065185547
v -0.250732362 0.036590576 0.324157774
vt 0.124023438 0.072509766
vn -0.283878505 0.938376069 0.197137818
vt 0.120117188 0.074707031
v -0.248138398 0.032073975 0.327636778
vt 0.126220703 0.073486328
vn 0.284099519 0.149941415 0.946998000
v -0.245346040 0.025817871 0.326080382
vt 0.128662109 0.076660156
vn 0.645269394 0.503624856 0.574447095
v -0.241012543 0.036178589 0.302581847
vt 0.120605469 0.082763672
vn 0.416999668 0.849735379 -0.322584808
vt 0.115234375 0.081054688
vt 0.123046875 0.088867188
v -0.232589692 0.023590088 0.301635802
vt 0.128417969 0.088867188
vn 0.788159430 0.606882811 0.102460593
v -0.233581498 0.011352539 0.328735411
vt 0.136718750 0.078613281
vn -0.109923035 -0.157033056 0.981456876
vt 0.120849609 0.094238281
vt 0.113281250 0.090820312
v -0.231002778 0.013397217 0.324981749
vt 0.136962891 0.081054688
vn 0.797205567 0.544625640 0.260472983
v -0.231430024 0.019027710 0.289611876
vt 0.125244141 0.095947266
vn 0.502320170 0.792723954 0.345345020
vt 0.135986328 0.070556641
vt 0.130126953 0.056396484
v -0.229553193 0.026123047 0.286377013
vt 0.123291016 0.102294922
vn -0.810897946 0.173201516 0.558968604
vt 0.114501953 0.098144531
vt 0.107910156 0.103271484
vt 0.102294922 0.111572266
v -0.231567353 0.051788330 0.281860411
vt 0.111816406 0.111083984
vn -0.965247929 -0.172646031 -0.196188435
vt 0.139892578 0.074951172
vt 0.131835938 0.057373047
v -0.240478486 0.004058838 0.324157774
vt 0.140136719 0.076904297
vn -0.345344990 0.227613851 0.910455346
v -0.225357011 0.000991821 0.339294493
vt 0.149169922 0.077880859
vn -0.723960638 0.133775353 0.676746011
v -0.229873627 0.007369995 0.323944151
vt 0.141601562 0.082031250
vn -0.063219875 0.932493210 0.355611801
v -0.212646440 0.000885010 0.348693907
vt 0.157714844 0.078369141
v -0.229751557 0.046707153 0.287780821
vt 0.115478516 0.113281250
vn -0.450371176 -0.118518747 0.884940147
v -0.236892670 0.069915771 0.281768858
vt 0.103515625 0.118408203
vn -0.605829954 0.786792099 0.118018866
v -0.225234956 0.070098877 0.293304503
vt 0.109863281 0.124023438
vn -0.220199525 0.849341154 0.479720473
v -0.201965302 0.069198608 0.301879942
vt 0.124511719 0.134033203
vn -0.338530093 0.149583161 0.928990006
v -0.200271577 0.031448364 0.297119200
vt 0.132812500 0.115966797
vn -0.227972075 -0.361611068 0.904027760
v -0.186614960 0.048812866 0.304870665
vt 0.138427734 0.129150391
vn -0.275240809 -0.220192730 0.935819268
v -0.198287934 0.041610718 0.299377501
vt 0.133300781 0.121826172
vn -0.220363051 -0.243973494 0.944413662
v -0.182785004 0.028991699 0.294342101
vt 0.145019531 0.118652344
vn -0.189446673 -0.410468012 0.891978681
v -0.212341279 0.026885986 0.288604796
vt 0.131347656 0.107421875
vn -0.094782352 -0.616086066 0.781955421
v -0.225433320 0.024368286 0.283111632
vt 0.126464844 0.101562500
vn -0.149694413 0.646049976 0.748472452
v -0.196426362 0.029174805 0.289428771
vt 0.137207031 0.113769531
vn -0.086754009 -0.394336969 0.914861858
v -0.213027924 0.021591187 0.291076720
vt 0.134765625 0.103759766
vn -0.055220891 0.851979911 0.520654321
v -0.231750458 0.017074585 0.295593321
vt 0.127929688 0.093505859
vn -0.007899301 0.987409830 0.157985523
v -0.223556489 0.021316528 0.299957335
vt 0.133300781 0.095947266
vn -0.070826650 0.983703256 0.165262103
v -0.231842011 0.017593384 0.307037413
vt 0.132324219 0.089355469
vn 0.536983490 0.663332522 0.521189749
v -0.207000703 0.017700195 0.302246153
vt 0.142089844 0.101074219
vn -0.031476531 0.889212668 0.456409991
v -0.228652924 0.009536743 0.309265196
vt 0.137695312 0.088623047
vn 0.165395379 0.882108629 0.441054255
v -0.194457978 0.020217896 0.290252745
vt 0.141113281 0.111328125
vn -0.173686579 0.742115617 0.647377372
v -0.201538056 0.020614624 0.300750792
vt 0.143554688 0.104736328
vn -0.165472388 0.977074921 0.133953780
v -0.185073823 0.022506714 0.294433653
vt 0.145507812 0.114746094
vn -0.274867207 0.903135180 0.329840660
v -0.179016083 0.028091431 0.296356261
vt 0.147460938 0.119384766
vn -0.542752087 0.314638942 0.778731406
v -0.195480317 0.017547607 0.308075011
vt 0.148925781 0.104248047
vn -0.172545046 0.925468862 0.337247133
v -0.207473725 0.012481689 0.315307677
vt 0.148193359 0.095458984
vn -0.165313333 0.944647670 0.283394277
v -0.177032441 0.021377563 0.308471739
vt 0.153808594 0.113525391
vn -0.297922432 0.901607394 0.313602567
v -0.201568574 0.011428833 0.319580138
vt 0.152587891 0.096435547
vn -0.204168230 0.950167477 0.235578701
v -0.183319062 0.015853882 0.320037901
vt 0.158447266 0.105957031
vn -0.196935907 0.968924582 0.149671257
v -0.215988114 0.008071899 0.327758849
vt 0.149902344 0.087646484
vn -0.110110015 0.967395008 0.228084967
v -0.198028535 0.013488770 0.325500548
vt 0.156738281 0.096923828
vn -0.236308411 0.953110516 0.189046696
v -0.227752641 0.004669189 0.336578429
vt 0.148193359 0.080078125
vn -0.339161426 0.883397222 0.323386490
v -0.201888993 0.008758545 0.332702696
vt 0.158691406 0.092041016
vn -0.188625887 0.958848178 0.212204099
v -0.217880204 0.004425049 0.344177306
vt 0.155761719 0.081787109
vn -0.157793701 0.954651773 0.252469867
v -0.218597367 0.001205444 0.348358214
vt 0.155517578 0.079589844
vn -0.581291199 0.180671617 0.793384194
v -0.211898759 0.004318237 0.348144591
vt 0.159179688 0.080810547
vn -0.267319053 0.896305084 0.353804648
v -0.187866166 0.012802124 0.329681456
vt 0.162353516 0.099609375
vn -0.440399110 0.849341154 0.290978014
v -0.201568559 0.004852295 0.355377257
vt 0.165039062 0.082275391
vn -0.936891854 0.204698995 -0.283429325
v -0.202163652 0.001159668 0.360137999
vt 0.169921875 0.076904297
vn -0.259963393 -0.945321679 0.196942076
v -0.173446611 0.000900269 0.371307433
vt 0.189453125 0.069335938
vn -0.007872751 -0.999845147 0.015745638
v -0.147216752 0.000946060 0.331268370
vt 0.183349609 0.049560547
v -0.204009965 0.001022339 0.366485655
vt 0.175292969 0.077880859
vn -0.394594729 -0.915459931 0.078919053
v -0.193099931 0.010528564 0.335327208
vt 0.164550781 0.095947266
vn -0.545271516 0.600588799 -0.584783792
v -0.184295624 0.018035889 0.323516905
vt 0.160644531 0.104736328
vn -0.664244413 0.743321121 -0.079076655
v -0.179305986 0.020828247 0.333343565
vt 0.166503906 0.105712891
vn -0.219690666 0.957223535 0.188306257
v -0.171554536 0.017639160 0.327758849
vt 0.164062500 0.110839844
vn -0.275710225 0.937414765 0.212690741
v -0.178527787 0.012786865 0.344818175
vt 0.173828125 0.103027344
vn 0.078713238 0.928817272 -0.362081349
v -0.166717499 0.024078384 0.309661925
vt 0.156738281 0.118652344
vn -0.426188886 0.733992040 0.528789937
v -0.157730073 0.028884903 0.308715880
vt 0.158203125 0.123779297
vn -0.780860126 0.567898154 0.260286778
v -0.163024873 0.035644546 0.307678282
vt 0.154541016 0.125976562
vn -0.487645030 0.283148736 0.825850666
v -0.156463593 0.045730606 0.307525694
vt 0.154541016 0.132812500
vn -0.967754185 0.196697950 0.157358527
v -0.176803559 0.032379150 0.297302306
vt 0.147705078 0.122558594
vn -0.094182029 0.384577066 0.918275774
v -0.177780122 0.047164917 0.286773741
vt 0.144287109 0.135498047
vn 0.023650719 0.748937607 0.662218451
v -0.183090180 0.052154541 0.304931700
vt 0.139160156 0.131835938
vn 0.859227240 0.425672233 0.283781290
v -0.164642304 0.050720230 0.292297423
vt 0.148681641 0.137695312
vn -0.321947604 0.816647589 0.478995264
v -0.155487031 0.055313125 0.287872374
vt 0.149658203 0.143798828
vn -0.792894840 0.376821339 0.478877187
v -0.164154023 0.053985611 0.288177550
vt 0.147705078 0.140136719
vn -0.449865937 -0.047354303 0.891839802
v -0.178604096 0.054931641 0.273498595
vt 0.142578125 0.143310547
vn 0.519427538 0.550907910 0.653219342
v -0.188415498 0.066589355 0.278930724
vt 0.137451172 0.147705078
vn 0.173201576 0.621950865 0.763661206
v -0.187789887 0.057601929 0.305725157
vt 0.135986328 0.133544922
vn 0.727233112 0.173903614 0.663995206
v -0.186737031 0.069122314 0.305145323
vt 0.132080078 0.138916016
vn 0.370147616 0.921431363 0.118132144
vt 0.257568359 0.105468750
vt 0.266113281 0.112548828
vt 0.258789062 0.122558594
v -0.212219253 0.367568970 0.084007315
vt 0.244384766 0.129882812
vn 0.268349469 0.955008626 -0.126282200
vt 0.243164062 0.107910156
v -0.221328750 0.372756958 0.090477042
vt 0.249755859 0.133056641
vn 0.322315425 0.943362474 -0.078613624
vt 0.254638672 0.137451172
vt 0.249267578 0.144775391
vt 0.237792969 0.112548828
v -0.196960464 0.363220215 0.103019759
vt 0.238281250 0.145263672
vn 0.220260844 0.975441039 -0.000000072
v -0.181930557 0.370544434 0.077156112
vt 0.231689453 0.126953125
vn 0.392727971 0.903274477 -0.172800437
v -0.193679824 0.366561890 0.083427474
vt 0.235351562 0.132568359
vn 0.503375649 0.707871914 0.495510250
v -0.183883682 0.355346680 0.061622664
vt 0.224365234 0.122314453
vn 0.646954060 0.670623183 -0.362925619
v -0.179885879 0.347320557 0.079872176
vt 0.222167969 0.132080078
vn 0.876055062 0.449866146 0.173632398
v -0.170852676 0.341346741 0.043293048
vt 0.212402344 0.118896484
vn 0.291113108 0.818263769 0.495678961
vt 0.235107422 0.106445312
v -0.169982925 0.329414368 0.069358870
vt 0.209960938 0.132568359
vn -0.063070364 0.882985413 0.465144068
v -0.201354980 0.356063843 0.143112242
vt 0.244628906 0.166992188
vn 0.165549517 0.811980724 0.559714794
vt 0.259033203 0.165283203
vt 0.215820312 0.183349609
v -0.198730469 0.363265991 0.154510558
vt 0.235595703 0.166503906
vn -0.393639803 0.763661265 0.511731744
v -0.177520752 0.338821411 0.097755477
vt 0.219238281 0.140136719
vn 0.526369095 0.447806656 -0.722775757
v -0.166030884 0.314598083 0.091583297
vt 0.202880859 0.145019531
vn 0.834361196 0.550993264 -0.015742797
v -0.181655899 0.362838745 0.098983809
vt 0.228759766 0.146484375
vn 0.180962056 0.590094030 -0.786792099
v -0.160736099 0.345169067 0.097648665
vt 0.214599609 0.148681641
vn 0.959945679 0.173105001 -0.220315546
v -0.167465210 0.364883423 0.119560286
vt 0.226806641 0.153808594
vn 0.402023673 0.914406955 -0.047297005
v -0.175491333 0.366760254 0.155227721
vt 0.227294922 0.165039062
vn 0.322465092 0.448305011 0.833689928
v -0.167861938 0.350967407 0.149185225
vt 0.221923828 0.165039062
vn 0.930288255 0.173443630 0.323235601
v -0.163955688 0.329124451 0.146469161
vt 0.214843750 0.167480469
vn 0.977803648 0.070969671 0.197137699
v -0.162841797 0.311424255 0.114585921
vt 0.197753906 0.160156250
vn 0.988547087 -0.133375347 0.070610382
v -0.161651611 0.312171936 0.150466964
vt 0.212158203 0.172607422
vn 0.765109003 -0.552140415 0.331284225
vt 0.204589844 0.181396484
v -0.160644531 0.302162170 0.114326529
vt 0.193603516 0.158691406
vn 0.118308425 0.985903800 0.118308395
v -0.149200439 0.314292908 0.089683577
vt 0.194335938 0.144531250
vn 0.212223873 0.440167844 0.872475505
v -0.162414566 0.332565308 0.091255233
vt 0.200195312 0.133789062
vn -0.385731071 0.551044524 0.739974022
v -0.131652847 0.339660645 0.081741370
vt 0.190917969 0.130371094
vn 0.448318958 0.424723238 0.786524296
v -0.142913833 0.349166870 0.067123458
vt 0.198974609 0.122558594
vn 0.007864974 0.990989983 0.133704945
v -0.152023330 0.348052979 0.032943770
vt 0.203369141 0.107666016
vn 0.489694059 0.639761746 -0.592372060
v -0.126403823 0.323234558 0.075553931
vt 0.183349609 0.130371094
vn 0.841372907 0.534704268 0.078632839
v -0.130325332 0.316688538 0.035697982
vt 0.181884766 0.110839844
vn 0.858480573 0.378046513 -0.346542805
v -0.116889961 0.314308167 0.074531592
vt 0.178222656 0.130615234
vn 0.990285814 0.102172382 -0.094313070
v -0.126449600 0.306877136 0.058319133
vt 0.173095703 0.125732422
vn 0.961673915 -0.086708277 -0.260125041
v -0.136184707 0.306350708 0.029413268
vt 0.175781250 0.108886719
vn 0.338813692 0.417607725 -0.843094945
v -0.124061592 0.303291321 0.085800216
vt 0.175781250 0.138916016
vn 0.308572888 0.933630884 0.181978807
v -0.082878120 0.302444458 0.103004493
vt 0.163818359 0.148193359
vn 0.518721044 0.848816395 -0.102172449
v -0.127212524 0.302314758 0.139755294
vt 0.184814453 0.170410156
vn -0.000000022 0.987440705 0.157990456
v -0.157760620 0.302009583 0.151733443
vt 0.195312500 0.176513672
vn 0.015795153 0.805550516 0.592316568
v -0.132247925 0.287467957 0.148162887
vt 0.183105469 0.181152344
vn 0.000000128 0.070688903 0.997498453
v -0.164901733 0.284370422 0.153030440
vt 0.194824219 0.184814453
vn -0.070634291 0.039241385 0.996730208
v -0.176208496 0.284679413 0.145004332
vt 0.200683594 0.186523438
vn -0.638349473 0.141855463 0.756562591
vt 0.207275391 0.186035156
v -0.180389404 0.266120911 0.151535094
vt 0.197021484 0.194335938
vn -0.283008605 0.007861383 0.959085226
v -0.181045532 0.222883165 0.150940001
vt 0.190673828 0.215332031
vn -0.252375543 -0.102527566 0.962182283
vt 0.196777344 0.221435547
vt 0.969238281 0.786621094
vt 0.979003906 0.762695312
vt 0.976074219 0.780029297
vt 0.957275391 0.779296875
v -0.207214355 0.161472321 0.147155821
vt 0.958251953 0.768310547
vn -0.031464733 -0.031464823 0.999009490
vt 0.948486328 0.777099609
v -0.202636719 0.181468964 0.145874083
vt 0.961181641 0.759277344
vn 0.015741820 0.023612576 0.999597251
v -0.216735840 0.205999374 0.147155821
vt 0.969726562 0.751708984
vn -0.031587135 0.094761834 0.994998753
vt 0.968017578 0.744873047
v -0.179397583 0.212073326 0.143539488
vt 0.954833984 0.741699219
vn 0.031555910 0.205112681 0.978229523
vt 0.960937500 0.738281250
v -0.164169312 0.170352936 0.145553634
vt 0.942871094 0.755126953
vn 0.078458659 -0.031383362 0.996423304
v -0.161972046 0.216965675 0.137802169
vt 0.947998047 0.735107422
vn -0.134153739 -0.291981936 0.946968555
vt 0.959716797 0.730468750
v -0.127838135 0.217969894 0.144195601
vt 0.933837891 0.727294922
vn -0.055029344 -0.125781611 0.990530550
v -0.131057739 0.221685648 0.151916549
vt 0.940917969 0.724853516
vn 0.000000137 -0.188555956 0.982062519
v -0.160507202 0.203739166 0.145507857
vt 0.940917969 0.741455078
vn 0.015759885 0.118198253 0.992864966
v -0.160476685 0.165138245 0.144149825
vt 0.936523438 0.755615234
vn -0.023612402 0.015741730 0.999597251
v -0.183822632 0.138923645 0.139785826
vt 0.941650391 0.771484375
vn 0.015746210 0.000000044 0.999876022
v -0.181777939 0.131072998 0.145858824
vt 0.938720703 0.775390625
vn -0.094696730 0.134153917 0.986425579
vt 0.937011719 0.782714844
v -0.166961655 0.139389038 0.144378707
vt 0.935302734 0.766845703
vn -0.062861569 0.125723436 0.990071774
vt 0.929931641 0.776855469
v -0.161605820 0.133789062 0.147201583
vt 0.931152344 0.769775391
vn -0.258682251 0.595753312 0.760369301
v -0.160583496 0.140655518 0.141372725
vt 0.932373047 0.765136719
vn -0.110307939 0.047274925 0.992772579
v -0.145004258 0.136291504 0.143554732
vt 0.927490234 0.766845703
vn -0.346284896 0.472206771 0.810621679
v -0.156372055 0.143325806 0.146743819
vt 0.931152344 0.763671875
vn -0.188695699 -0.117934860 0.974928439
v -0.143295288 0.147544861 0.145538375
vt 0.928222656 0.759765625
vn -0.102320865 0.259737879 0.960243046
v -0.158416733 0.130340576 0.159256026
vt 0.924804688 0.771728516
vn -0.219927788 0.746183217 -0.628364861
vt 0.922851562 0.778076172
v -0.162948593 0.150001526 0.169311568
vt 0.915771484 0.777099609
vn -0.243604288 0.534357429 -0.809394360
vt 0.925292969 0.780517578
v -0.161636353 0.177394867 0.137725875
vt 0.939697266 0.751220703
vn 0.808172703 -0.023538949 0.588475108
v -0.161193848 0.180393219 0.142852828
vt 0.938720703 0.750000000
vn -0.978595018 -0.015783824 0.205189407
v -0.161209106 0.180400848 0.141998336
vt 0.938964844 0.749755859
vn -0.999102235 0.039334688 0.015734022
v -0.161209106 0.180484772 0.141143844
vt 0.939208984 0.749755859
vn -0.996086299 0.015810855 0.086960047
vt 0.950195312 0.111328125
vt 0.952392578 0.114257812
vt 0.949462891 0.112060547
vt 0.975097656 0.109619141
v -0.184600875 0.000961274 -0.325469911
vt 0.959716797 0.095947266
v -0.219436690 0.001266450 -0.335418642
vt 0.947753906 0.106933594
vn -0.251718968 -0.912481189 -0.322514832
v -0.220886275 0.005279511 -0.327423036
vt 0.945312500 0.111328125
vt 0.946533203 0.117431641
v -0.212356612 0.000884980 -0.341155946
vt 0.946777344 0.103271484
vn -0.062797718 -0.996914387 -0.047098264
v -0.199005172 0.000915498 -0.353515565
vt 0.943847656 0.096191406
vn -0.015745550 -0.999845147 -0.007872751
vt 0.938476562 0.115234375
v -0.202362105 0.002090424 -0.352203310
vt 0.942382812 0.096679688
vn -0.994595706 0.015787194 0.102617145
v -0.204071105 0.000946015 -0.358367860
vt 0.943359375 0.093505859
vn -0.913612425 -0.378046602 0.149643570
v -0.214736983 0.002822846 -0.340423524
vt 0.945312500 0.103759766
vn -0.315734923 0.907737613 -0.276267976
v -0.205017135 0.006088227 -0.333770692
vt 0.940429688 0.105468750
vn -0.205310851 0.947588265 -0.244793653
v -0.195144698 0.009994477 -0.324859560
vt 0.934326172 0.106933594
vn -0.236359760 0.969074905 0.070907898
v -0.197692916 0.006042451 -0.341827333
vt 0.938720703 0.100830078
vn -0.832994640 0.542232275 0.110018246
v -0.202835128 0.019653291 -0.335815370
vt 0.933105469 0.098388672
vn -0.858134687 -0.299166232 0.417258292
v -0.211914122 0.030837983 -0.350707948
vt 0.930175781 0.090087891
vn -0.620951056 0.730992973 -0.282964945
v -0.207733199 0.030517548 -0.346221864
vt 0.929687500 0.092773438
vn -0.023578191 0.801659942 0.597315192
v -0.197174117 0.015624970 -0.329650819
vt 0.932373047 0.103027344
vn -0.204698950 0.621970177 0.755811810
v -0.174621627 0.025436372 -0.342620790
vt 0.916503906 0.099853516
vn 0.213333771 0.924446344 0.316049993
v -0.188827559 0.009780854 -0.323608339
vt 0.931396484 0.108154297
v -0.180938765 0.012023896 -0.335906923
vt 0.925537109 0.107177734
vn 0.165057793 0.982487082 0.086458795
v -0.195312545 0.013748139 -0.315460145
vt 0.932128906 0.112060547
v -0.174926803 0.018020600 -0.315338075
vt 0.925292969 0.112792969
vn -0.369232804 0.887729704 -0.274960488
v -0.198898360 0.010971040 -0.309692323
vt 0.931152344 0.114746094
vn -0.251719028 0.912481070 -0.322514862
vt 0.934082031 0.119384766
vt 0.933837891 0.122314453
vt 0.819580078 0.024902344
v -0.232498139 0.067932129 0.265380919
vt 0.820800781 0.018310547
vn -0.762527883 0.298722178 -0.573861063
vt 0.827148438 0.024902344
vt 0.824707031 0.017089844
v -0.206924409 0.068283081 0.257659972
vt 0.040039062 0.794677734
vn 0.007843601 0.956929028 -0.290216208
vt 0.037597656 0.803955078
vt 0.031738281 0.807617188
vt 0.040283203 0.802490234
vt 0.027587891 0.805419922
v -0.208831757 0.060104370 0.255218565
vt 0.045410156 0.794677734
vn -0.337143511 0.917343855 -0.211694747
vt 0.043701172 0.805664062
vt 0.049072266 0.795410156
v -0.206939667 0.067596436 0.287353575
vt 0.031738281 0.792724609
vn 0.055007335 0.997991085 -0.031432841
vt 0.026123047 0.795410156
vt 0.021728516 0.791259766
vt 0.031250000 0.783935547
v -0.199325532 0.068847656 0.269897521
vt 0.039062500 0.788085938
vn -0.592686415 0.774443448 -0.221269518
v -0.192077607 0.062957764 0.261413634
vt 0.044433594 0.785888672
vn -0.370619208 0.851635456 -0.370619088
v -0.194152802 0.067428589 0.244812071
vt 0.051269531 0.785644531
vn -0.047279265 0.866786957 0.496432513
vt 0.053710938 0.787841797
v -0.188674897 0.070693970 0.243133605
vt 0.053466797 0.781982422
vn -0.086773030 0.930837989 0.354980588
vt 0.064941406 0.786376953
v -0.173431367 0.069519043 0.241897643
vt 0.053222656 0.775390625
vn -0.410685599 0.884553611 0.221138418
v -0.174941987 0.073043823 0.248489439
vt 0.050537109 0.775146484
vn -0.731807351 0.401313573 -0.550822496
v -0.176834077 0.072830200 0.236343443
vt 0.055908203 0.775878906
vn -0.512033224 0.701091766 0.496278465
v -0.175704926 0.080947876 0.253173888
vt 0.048095703 0.772705078
vn -0.086716466 0.969646931 -0.228615969
v -0.169616669 0.082595840 0.245849654
vt 0.051513672 0.769042969
vn -0.922805846 0.149857342 0.354925483
v -0.176773056 0.078475952 0.225784361
vt 0.061279297 0.774169922
vn -0.787011385 0.535167634 0.306934506
v -0.184463486 0.081130981 0.215148985
vt 0.064453125 0.778808594
vn -0.228226230 0.912904918 0.338404417
vt 0.066650391 0.780517578
v -0.171585068 0.082977295 0.212524474
vt 0.069335938 0.775634766
vn -0.643181801 0.760836959 0.086280540
v -0.179061875 0.091613770 0.209213316
vt 0.074462891 0.772949219
vn -0.994719684 -0.039473049 -0.094735079
v -0.167800888 0.088150039 0.200027511
vt 0.075927734 0.777587891
vn -0.558276892 0.802031636 0.212302551
vt 0.077392578 0.783691406
vt 0.084716797 0.777832031
v -0.173751816 0.098655701 0.191696227
vt 0.082275391 0.775146484
vn -0.780084014 -0.504296780 -0.370342791
vt 0.087402344 0.773193359
vt 0.097900391 0.778076172
v -0.175476059 0.092437744 0.226059020
vt 0.066406250 0.769531250
vn -0.957194090 0.243221402 0.156917155
v -0.170669541 0.109390259 0.209030211
vt 0.078857422 0.767333984
vn -0.942082524 0.314027458 0.117760427
vt 0.102539062 0.770019531
v -0.158142075 0.158554077 0.194381759
vt 0.096191406 0.748291016
vn -0.851582527 0.488871425 0.189240664
v -0.163604721 0.125045776 0.228576705
vt 0.074462891 0.756103516
vn -0.772612214 0.559749603 0.299584419
v -0.148391709 0.149826050 0.199523970
vt 0.090332031 0.743896484
vn 0.408323824 0.745976210 0.526109397
v -0.171585053 0.097717285 0.244171202
vt 0.061035156 0.764404297
vn -0.947499633 0.268458188 0.173708379
v -0.146957383 0.129547119 0.229934737
vt 0.074218750 0.746093750
vn 0.385731161 0.834438801 0.393603086
v -0.139526352 0.123001099 0.219604537
vt 0.074951172 0.738037109
vn 0.560848773 0.718834400 0.410762399
v -0.134658799 0.133827209 0.205642745
vt 0.082519531 0.733398438
vn 0.432842880 0.747637689 0.503671587
v -0.157333359 0.126716614 0.245071456
vt 0.067138672 0.751220703
vn -0.368596226 0.823459804 0.431336105
v -0.124870278 0.110443115 0.236038253
vt 0.062744141 0.732666016
vn 0.463576466 0.777865589 0.424290240
v -0.139694184 0.110023499 0.253051817
vt 0.058105469 0.742187500
vn 0.418622702 0.695071518 0.584491849
v -0.109245285 0.119918823 0.202713057
vt 0.075683594 0.718261719
vn 0.371451646 0.798225760 0.474193484
v -0.123390183 0.139533997 0.183990523
vt 0.088378906 0.723632812
vn 0.497763306 0.798001468 0.339743108
v -0.122657754 0.097618103 0.255127013
vt 0.048339844 0.737060547
vn 0.400978684 0.707609355 0.581812024
v -0.095024087 0.092788711 0.241378829
vt 0.046142578 0.723388672
vn 0.470983207 0.769272506 0.431734502
v -0.088294961 0.084579483 0.250427276
vt 0.038574219 0.724121094
vn 0.629531145 0.432802677 0.645269275
v -0.111198403 0.073623672 0.262573272
vt 0.032470703 0.738037109
vn 0.251648933 0.668442309 0.699898362
v -0.159393281 0.116409309 0.258789122
vt 0.060058594 0.751464844
vn -0.275368601 0.464192986 0.841841578
v -0.147994965 0.097785957 0.261291564
vt 0.051757812 0.749755859
vn -0.015765032 0.244359821 0.969556570
v -0.173202485 0.091964722 0.263183653
vt 0.053955078 0.760498047
vn -0.591486990 -0.055205449 0.804422438
v -0.131545991 0.096786514 0.264190733
vt 0.047851562 0.742675781
vn 0.142063066 0.260448784 0.954978764
v -0.148025483 0.080581680 0.260406554
vt 0.044921875 0.754638672
vn -0.110321619 -0.252163976 0.961375296
v -0.125610322 0.087066665 0.260803282
vt 0.042724609 0.741455078
vn 0.070654139 -0.031401735 0.997006595
v -0.163909882 0.086013809 0.253356993
vt 0.051025391 0.764648438
vn -0.616086006 -0.734564185 0.284347504
v -0.152465791 0.077423111 0.250518858
vt 0.043701172 0.760986328
vn 0.086288497 0.792284906 0.604019105
v -0.139373749 0.070220962 0.258361876
vt 0.039062500 0.751464844
vn -0.157950997 0.497545958 0.852935910
v -0.117881753 0.068832412 0.261077940
vt 0.033447266 0.742187500
vn -0.464725435 0.716779947 0.519862413
v -0.104568452 0.093185440 0.272827178
vt 0.025878906 0.730957031
vn -0.595643580 0.768066645 -0.235122412
v -0.092414834 0.068450943 0.259552032
vt 0.034912109 0.729492188
vn 0.172773570 0.777481556 -0.604707956
v -0.108505219 0.068939224 0.287536651
vt 0.021484375 0.741699219
vn -0.645269394 0.747568190 0.157382846
v -0.099700898 0.083755508 0.290893584
vt 0.017089844 0.732177734
vn -0.150086284 0.916316330 0.371266097
v -0.110557526 0.062545791 0.285553008
vt 0.022705078 0.744873047
vn -0.204699054 0.976256907 0.070857339
v -0.124145478 0.068115249 0.295501769
vt 0.016601562 0.749267578
vn 0.015702749 0.965723753 -0.259096622
v -0.136276215 0.065841690 0.278595030
vt 0.030273438 0.752197266
vn 0.086528376 0.959678411 0.267451316
v -0.126647919 0.061782852 0.285736144
vt 0.022949219 0.750488281
vn 0.094161749 0.933771491 -0.345260084
v -0.140853852 0.069305435 0.286102355
vt 0.025878906 0.758056641
vn 0.133605808 0.990255177 -0.039295904
v -0.146865815 0.061096206 0.284881651
vt 0.028076172 0.755371094
vn 0.559714794 0.827747405 -0.039416652
v -0.152236909 0.069274917 0.255523741
vt 0.038085938 0.756835938
vn 0.393749595 0.913499177 0.102374814
v -0.138610810 0.069580093 0.280975401
vt 0.030517578 0.757568359
vn 0.714831114 0.699120641 -0.015710697
v -0.148254365 0.071289077 0.270050108
vt 0.034423828 0.760986328
vn 0.369472176 0.927611053 0.055027686
v -0.165145844 0.074264541 0.274749815
vt 0.035400391 0.769287109
vn 0.235310391 0.964772701 0.117655136
v -0.174423188 0.076858521 0.286377013
vt 0.031982422 0.774414062
vn -0.007899215 0.695136607 0.718834341
v -0.156021088 0.069030777 0.292266905
vt 0.025634766 0.767089844
vn -0.800449371 0.415919840 0.431614995
vt 0.019531250 0.774414062
vt 0.018554688 0.771484375
vt 0.022949219 0.783935547
v -0.181808442 0.081726074 0.277771056
vt 0.036865234 0.777099609
vn 0.387366951 0.917032003 0.094865292
v -0.187240571 0.083038330 0.279327452
vt 0.036621094 0.779296875
vn -0.417465180 0.669519663 0.614382863
v -0.191162080 0.084472656 0.267242491
vt 0.040771484 0.779541016
vn -0.603870571 0.729350090 -0.321541369
vt 0.901611328 0.679687500
vt 0.921142578 0.693603516
v -0.168670624 0.000869766 0.281463683
vt 0.885253906 0.714843750
vt 0.884765625 0.679443359
vt 0.865234375 0.700927734
v -0.098648041 0.000915542 0.283721954
vt 0.855957031 0.729003906
vt 0.922363281 0.742431641
v -0.085632302 0.000961319 0.200103819
vt 0.873046875 0.764160156
v -0.150863633 0.000961319 0.195129454
vt 0.899414062 0.750976562
vt 0.907958984 0.779785156
v -0.059909809 0.000900269 0.113800094
vt 0.881347656 0.802490234
vt 0.917480469 0.802978516
v -0.209060684 0.340194702 0.002018742
vt 0.914794922 0.631591797
vn 0.567069709 0.086635657 -0.819100916
v -0.202911392 0.331207275 -0.005214639
vt 0.913818359 0.626708984
vn 0.598722339 0.504187167 0.622355938
vt 0.922119141 0.625000000
v -0.198028579 0.344398499 -0.004426429
vt 0.917480469 0.617675781
vn -0.874422610 -0.259963512 -0.409639239
vt 0.926757812 0.619140625
vt 0.908447266 0.617919922
vt 0.933349609 0.607910156
vt 0.918945312 0.612060547
v -0.182022110 0.334808350 0.016031314
vt 0.897216797 0.608154297
vn 0.600738823 0.197611511 -0.774637163
vt 0.880615234 0.602539062
vt 0.928466797 0.603759766
vt 0.939208984 0.604003906
v -0.209014848 0.011627197 0.363372862
vt 0.173095703 0.081787109
vn -0.897971988 -0.315077901 -0.307200819
v -0.206527665 0.008651733 0.367950499
vt 0.178955078 0.079589844
vn -0.558743298 0.070826642 0.826310873
v -0.211395219 0.030593872 0.357238829
vt 0.177246094 0.086425781
vn -0.379129857 0.900433421 0.213260546
v -0.204116777 0.024246216 0.344940245
vt 0.171386719 0.090332031
vn -0.582550943 0.299147636 -0.755741477
v -0.185333207 0.018005371 0.341125548
vt 0.172607422 0.098876953
vn 0.275368541 0.464192867 -0.841841459
v -0.176040605 0.025924683 0.349731505
vt 0.180664062 0.094482422
vn 0.165642068 0.978077412 -0.126203597
v -0.163528398 0.022811905 0.354950011
vt 0.185058594 0.096191406
vn 0.583836615 0.670623183 -0.457601815
v -0.161086991 0.012878433 0.354278624
vt 0.189697266 0.097412109
vn 0.094593734 0.930172563 -0.354726851
v -0.161315873 0.017700210 0.359344542
vt 0.190185547 0.094238281
vn 0.401015788 0.770579338 0.495372355
v -0.175079301 0.021484375 0.373352110
vt 0.189208984 0.089355469
vn 0.600457609 0.695266724 0.395037770
v -0.190109208 0.024215698 0.375030577
vt 0.185546875 0.086181641
vn -0.221553341 0.727961183 0.648834884
v -0.181213334 0.021942139 0.377105772
vt 0.188476562 0.087158203
vn 0.165165007 0.904474974 0.393249929
v -0.173858598 0.010696411 0.385711730
vt 0.190673828 0.081542969
vn -0.290887952 -0.102203883 0.951282680
v -0.163833573 0.012756363 0.358581603
vt 0.194091797 0.091796875
vn 0.566315114 0.188771725 0.802279532
v -0.172042802 0.014007568 0.383606017
vt 0.191406250 0.083496094
vn 0.871614397 0.400471509 0.282685578
v -0.171081498 0.010589600 0.367981017
vt 0.195556641 0.087890625
vn 0.560307145 0.710248530 0.426149040
v -0.159027055 0.013397232 0.363891661
vt 0.196777344 0.092529297
vn -0.039566793 0.870470107 0.490628570
v -0.150299028 0.016860977 0.362731993
vt 0.197753906 0.095458984
vn 0.157622114 0.866921484 0.472866207
v -0.142044023 0.011001602 0.362335265
vt 0.201904297 0.097167969
vn -0.102178641 0.888168395 0.448014110
v -0.158782914 0.008193985 0.377502501
vt 0.200195312 0.087890625
vn -0.126392409 0.947943091 0.292282462
v -0.170806840 0.004806519 0.373809874
vt 0.193847656 0.079589844
vn 0.197482079 0.039496440 0.979510546
v -0.130752519 0.009887710 0.378326476
vt 0.211914062 0.089599609
vn -0.118249625 0.953880250 0.275915742
v -0.116058305 0.019210830 0.361023009
vt 0.215087891 0.094726562
vn -0.267211676 0.762339294 0.589437604
v -0.160980180 0.003356948 0.394012511
vt 0.204101562 0.082519531
vn -0.133227840 0.916921139 0.376172781
v -0.163787797 0.001220718 0.384979308
vt 0.199462891 0.083984375
vn -0.283017397 -0.943391621 0.172955200
v -0.183090165 0.001037598 0.374542296
vt 0.187011719 0.072753906
vn 0.047156543 -0.966707587 0.251501173
v -0.181579545 0.003158569 0.375732481
vt 0.187500000 0.073730469
vn 0.251656741 -0.754969895 0.605548799
v -0.195587113 0.001907349 0.372009337
vt 0.179443359 0.076660156
vn -0.464725316 -0.716779888 0.519862473
v -0.189376786 0.004867554 0.376342833
vt 0.185302734 0.077880859
vn -0.408752382 0.172933787 0.896111310
v -0.199340776 0.003219604 0.379455626
vt 0.183349609 0.076416016
vn -0.643835604 0.478950918 0.596725821
v -0.188857988 0.001144409 0.379882872
vt 0.184326172 0.074707031
vn -0.070949689 -0.938113689 0.338982284
v -0.183303788 0.002410889 0.387085021
vt 0.185302734 0.075439453
vn 0.204502687 0.692162871 0.692162752
vt 0.348876953 0.153320312
vt 0.342773438 0.144042969
v -0.196655318 0.030715913 -0.290100038
vt 0.351318359 0.150146484
vn -0.181451544 -0.339235336 -0.923035562
v -0.187377974 0.028823823 -0.287200868
vt 0.355712891 0.149902344
vn -0.284596145 -0.727301180 -0.624530256
vt 0.353027344 0.156250000
vt 0.358154297 0.152587891
v -0.175262496 0.029464692 -0.289825380
vt 0.359375000 0.146484375
vn -0.259713858 0.314804524 -0.912933111
v -0.183776900 0.053985566 -0.299316347
vt 0.347167969 0.142822266
vn 0.732897043 0.212776601 -0.646210492
vt 0.326660156 0.147705078
vt 0.339843750 0.141601562
vt 0.341064453 0.133544922
vt 0.334472656 0.132080078
vt 0.345458984 0.134765625
v -0.177566573 0.053085297 -0.268279970
vt 0.349609375 0.133056641
vn 0.251446694 0.817202032 -0.518609107
vt 0.338867188 0.131835938
vt 0.346191406 0.130126953
v -0.175003096 0.033493012 -0.282653749
vt 0.357177734 0.141845703
vn 0.290977895 0.660598636 -0.692055881
v -0.163864180 0.051864609 -0.281524599
vt 0.357177734 0.131591797
vn -0.534522593 -0.141491309 -0.833226264
vt 0.339355469 0.125244141
v -0.157012984 0.044067368 -0.297576845
vt 0.366210938 0.136230469
vn -0.844196320 0.362925440 -0.394484133
vt 0.347900391 0.125732422
vt 0.346435547 0.121337891
v -0.155670211 0.056106552 -0.278869569
vt 0.360351562 0.128662109
vn -0.978320897 0.134124592 -0.157793567
vt 0.342529297 0.115234375
v -0.182586715 0.083206147 -0.275695741
vt 0.348876953 0.113281250
vn -0.141430199 0.667864203 -0.730722129
v -0.155624434 0.070022568 -0.284393251
vt 0.359375000 0.121093750
vn -0.551044583 0.385731071 -0.739973962
v -0.156860396 0.060302719 -0.318054140
vt 0.378173828 0.128906250
vn -0.994595706 0.102616973 0.015787361
v -0.154083297 0.068817124 -0.319030702
vt 0.375488281 0.122802734
vn -0.133445278 0.989064693 -0.062797785
v -0.156997725 0.067504868 -0.334655702
vt 0.387939453 0.117431641
vn -0.627745569 0.753294587 -0.196170405
v -0.157623336 0.029891953 -0.303649843
vt 0.370849609 0.141845703
vn -0.802031696 0.558276832 -0.212302431
v -0.157272384 0.035034165 -0.339569032
vt 0.390625000 0.135498047
vn -0.597980559 -0.188835993 -0.778948128
v -0.156906188 0.057235703 -0.341979921
vt 0.391357422 0.121582031
vn -0.094441488 -0.196752891 -0.975894094
v -0.162216231 0.024780259 -0.320983827
vt 0.380859375 0.145996094
vn -0.931098819 0.284063995 -0.228829250
v -0.180542037 0.022399873 -0.297668397
vt 0.364257812 0.150146484
vn -0.292054832 0.915630996 -0.276267976
vt 0.352050781 0.158203125
vt 0.360839844 0.158203125
v -0.181213424 0.019927949 -0.308776796
vt 0.369873047 0.151611328
vn -0.314027578 0.871426284 -0.376832992
vt 0.365966797 0.157714844
vt 0.374755859 0.151855469
v -0.151992843 0.015930161 -0.338806093
vt 0.390380859 0.151855469
vn -0.282459438 0.925839126 -0.251075029
v -0.148437545 0.021591172 -0.331268251
vt 0.390380859 0.146240234
vn -0.474430740 0.292565495 -0.830253482
v -0.124946646 0.027984604 -0.336517274
vt 0.403076172 0.143066406
vn -0.212335438 0.534770310 -0.817884088
v -0.172378585 0.016357392 -0.325195253
vt 0.379394531 0.154541016
vn 0.031360172 0.956487715 -0.290082365
v -0.182403609 0.020706147 -0.326232851
vt 0.376220703 0.157958984
vn -0.377590150 0.912509382 -0.157329202
vt 0.372802734 0.160644531
vt 0.380371094 0.161376953
v -0.162368819 0.012725815 -0.346649110
vt 0.389892578 0.158935547
vn 0.165678233 0.923064411 0.347135305
v -0.139785826 0.018264756 -0.352508485
vt 0.401855469 0.154052734
vn -0.250943840 0.870461166 -0.423467577
v -0.156967223 0.018066391 -0.355224550
vt 0.395019531 0.158447266
vn -0.196533918 0.943362474 -0.267286003
v -0.158798277 0.013229355 -0.356536806
vt 0.394775391 0.160888672
vn -0.094345085 0.904139459 -0.416690379
v -0.144332945 0.011367783 -0.354522645
vt 0.402099609 0.157958984
vn -0.094371334 0.880798221 -0.463991940
v -0.158187926 0.008056626 -0.369262636
vt 0.398925781 0.166992188
vn -0.094415121 0.952018380 -0.291113079
v -0.128631651 0.008926377 -0.374298036
vt 0.412597656 0.162841797
vn -0.126105592 0.937909603 -0.323145330
v -0.163513243 0.004241928 -0.379028261
vt 0.401611328 0.171630859
v -0.163635314 0.002029404 -0.386535585
vt 0.404052734 0.175048828
vn -0.015757924 -0.212730408 -0.976983905
v -0.136459410 0.001953110 -0.388000429
vt 0.414794922 0.170166016
vn -0.094444282 -0.944442868 -0.314814240
v -0.111404479 0.004623398 -0.395172089
vt 0.424804688 0.168701172
vn -0.086483002 0.912001491 -0.400966197
v -0.115081847 0.000915512 -0.396148622
vt 0.424560547 0.170898438
vn -0.015728503 -0.998762369 -0.047185574
v -0.085929930 0.001022324 -0.399352998
vt 0.434082031 0.168457031
vn -0.117760301 -0.942082405 -0.314027399
v -0.118415885 0.018478379 -0.356018007
vt 0.414306641 0.153076172
vn -0.228056878 0.786402702 -0.574073970
v -0.107917838 0.013961777 -0.367187470
vt 0.420654297 0.157958984
vn -0.063133292 0.923323095 -0.378799260
v -0.088485777 0.006713852 -0.389617890
vt 0.432128906 0.163085938
vn -0.227389872 0.940923333 -0.250912875
v -0.077224791 0.010238633 -0.403717011
vt 0.438964844 0.169433594
vn -0.260286838 0.567898214 -0.780860066
v -0.083931029 0.013381943 -0.392150849
vt 0.435546875 0.164306641
vn -0.227473751 0.972646296 0.047063518
v -0.089866690 0.010375962 -0.379028291
vt 0.429443359 0.159423828
vn 0.094532095 0.968954682 -0.228452787
v -0.084411673 0.009170517 -0.365539521
vt 0.430908203 0.155029297
vn 0.047154941 0.982396007 -0.180760920
v -0.071380667 0.010345444 -0.378692597
vt 0.439208984 0.157470703
vn -0.062978491 0.991910815 0.110212274
v -0.098602347 0.012130722 -0.364623994
vt 0.423828125 0.155029297
vn 0.157091096 0.761892378 -0.628364921
v -0.101417594 0.022140488 -0.362365693
vt 0.420898438 0.151855469
vn -0.402474284 0.631331980 -0.662898540
v -0.089157157 0.012771592 -0.364532441
vt 0.428466797 0.153564453
vn 0.347048789 0.291836590 -0.891284764
v -0.086547904 0.014801010 -0.358428925
vt 0.430419922 0.150634766
vn -0.007903116 0.292410165 -0.956260383
v -0.066062979 0.010040268 -0.363464326
vt 0.438964844 0.154785156
vn -0.062797874 0.769272506 -0.635827303
v -0.100105338 0.031417832 -0.361785859
vt 0.421875000 0.147705078
vn -0.078555427 0.652008951 -0.754130900
v -0.087310843 0.028274521 -0.357635468
vt 0.426513672 0.144531250
vn 0.409157097 0.771103978 -0.487841368
v -0.069877677 0.021957383 -0.362304658
vt 0.435791016 0.144775391
vn 0.055196740 0.417919189 -0.906805873
v -0.080635123 0.023895249 -0.356903046
vt 0.430419922 0.142822266
vn 0.173621669 0.978595018 0.110486463
v -0.078323416 0.020980820 -0.341064423
vt 0.431396484 0.137451172
vn -0.078811117 0.945732474 -0.315244168
v -0.104171805 0.025772080 -0.352081269
vt 0.417968750 0.145751953
vn -0.274867356 0.651827991 -0.706801474
v -0.095398001 0.029617295 -0.349517792
vt 0.421630859 0.142578125
vn 0.457872540 0.876273453 -0.149992853
v -0.112045340 0.029052719 -0.357238740
vt 0.415039062 0.147216797
vn -0.070654139 0.573082507 -0.816446304
v -0.084632926 0.025543198 -0.332916230
vt 0.427978516 0.135742188
vn 0.659213901 0.714148521 -0.235433683
v -0.108902030 0.028686509 -0.349639863
vt 0.412841797 0.145019531
vn -0.409398139 0.803049982 -0.433017135
v -0.095016532 0.038497910 -0.348388642
vt 0.418457031 0.139892578
vn 0.267558873 0.755460739 -0.598073184
v -0.086891226 0.036849961 -0.335144013
vt 0.433105469 0.129638672
vn -0.630410135 0.078801185 -0.772252202
v -0.062591605 0.023483261 -0.353759736
vt 0.440917969 0.136962891
vn -0.347308457 0.655149758 -0.670936465
v -0.082000777 0.022933945 -0.320709199
vt 0.427490234 0.132568359
vn -0.871802509 -0.102103040 -0.479098529
v -0.088508658 0.050521836 -0.331359833
vt 0.422363281 0.125488281
vn -0.165165126 0.393249959 -0.904474974
v -0.090271048 0.028610215 -0.327178925
vt 0.424072266 0.133056641
vn 0.851847291 0.165636986 -0.496911049
v -0.093460135 0.040313706 -0.334564179
vt 0.419189453 0.134521484
vn 0.725783169 0.410225332 -0.552226484
v -0.099906974 0.048812851 -0.341400117
vt 0.415527344 0.129638672
vn 0.274909496 -0.078545637 -0.958256483
v -0.112541251 0.037384018 -0.337432832
vt 0.409912109 0.135986328
vn -0.054973576 -0.047120143 -0.997375369
v -0.111312918 0.062087998 -0.345489472
vt 0.413574219 0.119140625
vn 0.102235392 0.566227436 -0.817884207
v -0.103340201 0.063995346 -0.336364716
vt 0.418457031 0.120849609
vn 0.449572027 0.780835748 -0.433797747
v -0.122726493 0.057769760 -0.343078554
vt 0.407714844 0.121826172
vn -0.000000126 -0.102629848 -0.994719684
v -0.111587577 0.029357895 -0.336120576
vt 0.408935547 0.141113281
vn -0.512415111 0.622781277 -0.591248035
v -0.122367911 0.025222763 -0.350067079
vt 0.408691406 0.149169922
vn -0.235753328 0.840853155 -0.487223327
vt 0.980957031 0.457031250
vt 0.962158203 0.451416016
v -0.207382262 0.010513276 -0.359313905
vt 0.975341797 0.453613281
vn -0.622163117 0.070879258 -0.779672563
v -0.187332213 0.023452729 -0.369537294
vt 0.976074219 0.441894531
vn -0.189311311 0.709916949 -0.678365111
vt 0.972412109 0.423583984
v -0.196411192 0.004653901 -0.365447938
vt 0.980712891 0.449707031
vn -0.486982882 0.172800288 -0.856147051
v -0.197967589 0.001235932 -0.371063173
vt 0.983886719 0.453369141
vn -0.126203522 -0.978077412 -0.165642083
vt 0.984619141 0.460937500
v -0.185943663 0.002181977 -0.377624452
vt 0.986572266 0.447509766
vn 0.102311343 0.078701101 -0.991634309
v -0.177291930 0.000839204 -0.363738954
vt 0.992675781 0.444580078
vn 0.023695650 -0.995215952 -0.094782427
vt 0.996093750 0.461425781
v -0.183227599 0.004318208 -0.369262636
vt 0.986572266 0.444580078
vn 0.337891966 -0.353608012 -0.872233093
v -0.173767149 0.009292573 -0.377075136
vt 0.984863281 0.441650391
vn -0.228829458 -0.284064054 -0.931098700
v -0.171173155 0.006957978 -0.365356386
vt 0.989257812 0.438720703
vn 0.700244844 0.377660155 -0.605830014
v -0.170654356 0.014739960 -0.376739442
vt 0.983398438 0.439941406
vn 0.685847700 0.559714913 -0.465115309
v -0.176284850 0.022369355 -0.365051210
vt 0.979248047 0.435302734
vn 0.638270319 0.709189296 -0.299435616
v -0.170791671 0.024017304 -0.344390810
vt 0.975097656 0.425048828
vn 0.402612060 0.836801589 0.371034563
vt 0.974121094 0.417236328
vt 0.983154297 0.426269531
v -0.160293624 0.021514878 -0.350128114
vt 0.980957031 0.428222656
vn 0.821524918 0.387064666 -0.418661922
v -0.171218932 0.011489838 -0.356872499
vt 0.985107422 0.434082031
vn 0.690711379 0.329657733 -0.643617630
vt 0.987792969 0.431152344
vt 0.992431641 0.434326172
v -0.168029845 0.003189072 -0.367828310
vt 0.991210938 0.438476562
vn -0.581812203 0.400978506 -0.707609236
vt 0.995361328 0.436035156
v -0.167251647 0.000884995 -0.364807069
vt 0.992431641 0.439453125
vn -0.015738238 -0.999380589 -0.031476505
v -0.167755142 0.305900574 0.003066588
vt 0.932861328 0.056640625
vn 0.645589173 0.566858888 -0.511747658
vt 0.939453125 0.072265625
vt 0.937988281 0.079101562
vt 0.927490234 0.070312500
v -0.162704483 0.320419312 0.019754456
vt 0.924072266 0.061279297
vn 0.551061451 0.708507717 -0.440849334
v -0.184722915 0.310722351 -0.008682201
vt 0.941894531 0.061523438
vn 0.958996296 0.282982528 0.015721111
vt 0.945312500 0.073974609
vt 0.951416016 0.081542969
vt 0.960449219 0.066162109
vt 0.955078125 0.055664062
v -0.167144790 0.294761658 -0.023389768
vt 0.945068359 0.049560547
vn 0.813042462 0.568340421 -0.126297995
vt 0.959716797 0.043701172
v -0.157745376 0.309219360 0.011439370
vt 0.925537109 0.056152344
vn 0.623751104 0.110538185 -0.773767412
vt 0.912597656 0.053466797
v -0.162414566 0.297966003 0.009590196
vt 0.929443359 0.052246094
vn 0.778442323 0.133671924 -0.613318384
v -0.139831558 0.270397186 0.030580567
vt 0.918457031 0.038818359
vn 0.392292500 0.133379459 -0.910118937
v -0.111961380 0.302742004 0.022033732
vt 0.902587891 0.046630859
vn 0.015779242 0.670623124 -0.741630375
v -0.158935562 0.279151917 0.003518391
vt 0.932128906 0.043212891
vn 0.794487774 0.582100093 -0.173056901
v -0.155319229 0.272579193 -0.029775571
vt 0.946044922 0.036865234
vn 0.702356756 0.710248530 -0.047350019
vt 0.954589844 0.030273438
v -0.133956924 0.262859344 0.025280043
vt 0.917724609 0.032958984
vn 0.346703887 0.496417105 -0.795843363
v -0.086074844 0.286842346 0.023675956
vt 0.894531250 0.033935547
vn 0.464624435 0.078749910 -0.881999254
v -0.086288467 0.251144409 0.028297463
vt 0.901123047 0.018310547
vn 0.339235216 0.181451425 -0.923035741
v -0.114074722 0.245847702 0.027561231
vt 0.913574219 0.021972656
vn 0.486218423 0.815592289 -0.313689440
v -0.113464370 0.253814697 -0.006561236
vt 0.929443359 0.018798828
vn 0.513325036 0.829217434 0.221124530
v -0.146698013 0.273044586 -0.001957131
vt 0.932617188 0.036376953
vn 0.551044405 0.834438801 -0.007872173
v -0.142471328 0.268260956 -0.015148116
vt 0.937988281 0.031982422
vn 0.434406102 0.900405407 -0.023694975
v -0.131774917 0.264598846 -0.024337724
vt 0.940185547 0.025634766
vn -0.031499989 0.984374106 0.173249811
v -0.127410904 0.260978699 -0.038066819
vt 0.947265625 0.022216797
vn -0.118077315 0.968233824 0.220410928
vt 0.960693359 0.020996094
vt 0.434326172 0.111572266
vt 0.435791016 0.104492188
vt 0.436523438 0.109863281
v -0.164962813 0.078414902 -0.259551942
vt 0.428466797 0.107421875
vn -0.591487110 0.804422379 0.055205505
vt 0.429443359 0.113037109
vt 0.426757812 0.116699219
vt 0.425048828 0.121093750
vt 0.424560547 0.116943359
vt 0.420166016 0.114257812
v -0.173263595 0.079864472 -0.273651063
vt 0.434814453 0.101074219
vn 0.078810960 0.945732594 -0.315244198
vt 0.446533203 0.094970703
v -0.170623824 0.091979951 -0.278564394
vt 0.426269531 0.099853516
vn -0.973455250 -0.023551390 -0.227662787
v -0.158630416 0.076492295 -0.278808534
vt 0.438232422 0.094482422
vn 0.094620153 0.646571875 -0.756962240
v -0.163879439 0.081924424 -0.275268495
vt 0.433105469 0.097656250
vn -0.102245122 -0.086515054 -0.990989983
v -0.139602706 0.074340805 -0.274200380
vt 0.434814453 0.083740234
vn -0.000000121 -0.180962205 -0.983490050
v -0.166427657 0.112144448 -0.273315370
vt 0.417236328 0.100830078
vn -0.969646931 0.228615895 -0.086716272
v -0.158584639 0.116302475 -0.246108964
vt 0.408691406 0.108154297
vn -0.976589918 0.196893081 0.086633101
vt 0.403320312 0.113281250
v -0.153396651 0.108436562 -0.282745302
vt 0.420410156 0.091796875
vn -0.157052577 -0.164905116 -0.973725259
v -0.162216231 0.125205964 -0.282928407
vt 0.412841797 0.095458984
vn -0.778731406 0.542752087 -0.314638883
v -0.158218428 0.132446274 -0.243469194
vt 0.399414062 0.100830078
vn -0.973455250 0.211962000 -0.086354785
vt 0.390136719 0.102783203
v -0.151458785 0.138633713 -0.246749833
vt 0.397216797 0.094238281
vn -0.023573950 0.935096562 -0.353608012
v -0.114082374 0.148513779 -0.214492753
vt 0.379882812 0.076660156
vn 0.142213553 0.948090971 -0.284427315
v -0.145233199 0.089385971 -0.276458681
vt 0.428955078 0.088134766
vn -0.000000118 -0.227726102 -0.973725259
v -0.143722579 0.125167817 -0.285736024
vt 0.413574219 0.086669922
vn 0.078958184 0.647458076 -0.757999778
v -0.130416915 0.133254990 -0.250610292
vt 0.398193359 0.080810547
vn 0.142249078 0.932522357 -0.331914783
v -0.101203963 0.135238633 -0.232376054
vt 0.389404297 0.065673828
vn 0.086772949 0.930837989 -0.354980648
v -0.114524886 0.120628335 -0.285064638
vt 0.416259766 0.071533203
vn 0.007884395 0.299612254 -0.954028547
v -0.092720076 0.124290444 -0.268493623
vt 0.407714844 0.060546875
vn 0.086344182 0.957636297 -0.274731725
v -0.076095626 0.125473008 -0.261871308
vt 0.403320312 0.051513672
vn -0.732897282 0.646210372 -0.212776572
v -0.065246627 0.122306809 -0.270538300
vt 0.407470703 0.045898438
vn -0.000000124 -0.133709177 -0.991020679
v -0.073623702 0.144081101 -0.277313203
vt 0.398681641 0.042968750
vn -0.995994210 0.023527376 -0.086267084
v -0.106582686 0.123924233 -0.276458710
vt 0.412109375 0.067382812
vn 0.078918867 0.915459931 -0.394594848
v -0.064598128 0.116432175 -0.285278291
vt 0.415771484 0.050537109
vn 0.385206223 0.361622274 -0.849026322
v -0.062706038 0.118515000 -0.265533417
vt 0.407958984 0.043457031
vn 0.409842968 -0.906383336 0.102460712
v -0.096130416 0.115013100 -0.285797089
vt 0.420166016 0.062255859
vn -0.023556544 -0.070669286 -0.997221589
v -0.065315291 0.093383774 -0.271423310
vt 0.420898438 0.042724609
vn 0.952608347 0.055109624 0.299166113
v -0.065589949 0.109832756 -0.240646318
vt 0.405517578 0.035888672
vn 0.903135240 0.274867266 -0.329840809
v -0.067703292 0.091186509 -0.279785126
vt 0.425537109 0.045410156
vn 0.070971720 0.820118904 -0.567774713
v -0.045566604 0.095336899 -0.271514863
vt 0.421142578 0.037353516
vn 0.323306024 0.946261644 -0.007885597
v -0.086326644 0.089935288 -0.279907197
vt 0.431152344 0.052978516
vn -0.149227574 0.117811091 -0.981759489
v -0.040012408 0.084304795 -0.308807343
vt 0.429687500 0.032958984
vn 0.440181285 0.841060877 -0.314415365
v -0.067977950 0.081542954 -0.262176484
vt 0.415527344 0.035400391
vn 0.402348757 0.670581460 -0.623246372
v -0.046806376 0.105361931 -0.242767304
vt 0.404296875 0.027099609
vn -0.055150721 0.740593791 -0.669685900
v -0.055694625 0.074310288 -0.267974824
vt 0.419433594 0.033691406
vn 0.125910178 0.739721954 0.661028028
v -0.046199843 0.083984360 -0.269042939
vt 0.412353516 0.024414062
vn 0.299027175 0.889212668 -0.346242160
v -0.065551803 0.078018174 -0.254089326
vt 0.416503906 0.033203125
vn -0.314269841 0.204275250 -0.927095592
v -0.089691207 0.084686264 -0.296600312
vt 0.439697266 0.049316406
vn -0.600345254 0.750431478 -0.276474684
v -0.086906478 0.069427475 -0.285095185
vt 0.443115234 0.055908203
vn -0.549904108 0.801288843 -0.235673159
v -0.089790389 0.071334824 -0.274139374
vt 0.439453125 0.058837891
vn -0.441657573 0.228715405 -0.867541373
v -0.107132003 0.070327744 -0.274475068
vt 0.440185547 0.067626953
vn -0.102460824 0.788159311 -0.606882751
v -0.082252547 0.057067856 -0.305511445
vt 0.454101562 0.050537109
vn -0.953110576 0.189046651 -0.236308292
v -0.139694259 0.066818222 -0.269470155
vt 0.438232422 0.081542969
vn 0.007894220 0.102626562 -0.994688690
v -0.146957442 0.059768662 -0.275695741
vt 0.440673828 0.083740234
vn 0.070669204 0.997221589 0.023556363
v -0.143844649 0.070098862 -0.278686464
vt 0.443115234 0.088867188
vn 0.102514818 0.993605554 0.047314491
vt 0.460937500 0.096435547
v -0.123970076 0.068206772 -0.284789979
vt 0.446533203 0.075927734
vn -0.023636004 0.992710948 0.118179835
v -0.123840384 0.069061264 -0.309844911
vt 0.456542969 0.078369141
vn 0.015728490 0.998762369 -0.047185671
v -0.095733695 0.068893418 -0.316833466
vt 0.459228516 0.061279297
vn 0.165802047 0.979021966 -0.118430145
v -0.126937911 0.066192612 -0.332611024
vt 0.466308594 0.078369141
vn 0.039433625 0.977955699 -0.205055252
vt 0.467041016 0.094726562
v -0.092598006 0.059539780 -0.300933808
vt 0.453613281 0.055175781
vn 0.701265752 0.669748306 -0.244261250
vt 0.469482422 0.063232422
vt 0.474853516 0.068603516
vt 0.473632812 0.075927734
v -0.091583304 0.060134873 -0.319732636
vt 0.461914062 0.056396484
vn 0.702947974 0.616066873 -0.355423272
vt 0.474609375 0.057373047
vt 0.468994141 0.052246094
v -0.130416930 0.063430771 -0.346832216
vt 0.471679688 0.083007812
vn 0.086579166 0.700505137 -0.708376110
vt 0.477539062 0.093261719
v -0.149063170 0.062499985 -0.342773378
vt 0.472900391 0.090576172
vn -0.274427652 0.556695819 -0.784078658
v -0.082405142 0.054046616 -0.323699921
vt 0.462646484 0.050781250
vn -0.663332522 0.742300630 -0.094761729
v -0.079246573 0.066558823 -0.338226289
vt 0.467041016 0.044189453
vn -0.716624439 0.299249649 -0.629999220
vt 0.474853516 0.050048828
v -0.083213858 0.067474350 -0.312866181
vt 0.453857422 0.046630859
vn -0.464725524 0.716779888 -0.519862354
v -0.063194327 0.050811753 -0.344604462
vt 0.479003906 0.042236328
vn -0.496232361 0.055136856 -0.866437197
v -0.072692923 0.063644394 -0.342254609
vt 0.470214844 0.042724609
vn -0.559714973 -0.165549532 -0.811980724
v -0.068145804 0.067230210 -0.344543427
vt 0.470214844 0.040283203
vn 0.023597846 0.967514753 -0.251711190
v -0.082641654 0.079879746 -0.316558808
vt 0.449462891 0.044677734
vn -0.355257154 0.568411171 -0.742092371
v -0.052993823 0.081695542 -0.316497773
vt 0.450927734 0.035888672
vn 0.047414768 0.505758941 -0.861370802
v -0.181793243 0.170520768 -0.160278261
vt 0.309326172 0.482666016
vt 0.327880859 0.480957031
v -0.183837935 0.203380570 -0.193267763
vt 0.324462891 0.497314453
vn -0.993111670 0.078818336 -0.086700097
vt 0.319091797 0.467529297
vt 0.303710938 0.467529297
vt 0.291503906 0.465820312
vt 0.292480469 0.478515625
vt 0.297119141 0.493164062
vt 0.309082031 0.505126953
v -0.178009078 0.211851105 -0.186874330
vt 0.330566406 0.494628906
vn -0.816874325 0.573382914 -0.062836401
vt 0.337646484 0.476074219
v -0.174926803 0.213363633 -0.197967470
vt 0.330810547 0.500244141
vn -0.149361238 0.110055499 -0.982638836
vt 0.307373047 0.509765625
v -0.173416182 0.221705779 -0.178939760
vt 0.338623047 0.492675781
vn -0.811779022 0.543813050 -0.212796375
v -0.174881011 0.231861100 -0.138565004
vt 0.345703125 0.476074219
vn -0.560376942 0.820833802 0.110496901
vt 0.307861328 0.522460938
v -0.169372588 0.231494889 -0.165679887
vt 0.345214844 0.488281250
vn -0.213440493 0.972339690 -0.094862424
v -0.141449004 0.232768998 -0.138824418
vt 0.359863281 0.479248047
vn -0.838320315 0.540598929 -0.070512816
vt 0.357177734 0.471923828
v -0.152175948 0.232230172 -0.186019853
vt 0.347900391 0.499511719
vn -0.938755631 0.331325471 -0.094664328
v -0.162612960 0.222167090 -0.190063432
vt 0.340087891 0.499511719
vn -0.353608072 0.762221575 -0.542198837
v -0.152496383 0.216492638 -0.199905351
vt 0.340576172 0.506591797
vn -0.842284858 -0.472309291 -0.259769917
v -0.113822974 0.201591477 -0.201705888
vt 0.343994141 0.529785156
vn -0.118106700 -0.181096792 -0.976347685
v -0.138290450 0.152046189 -0.199676469
vt 0.313232422 0.531982422
vn 0.023528008 0.337236702 -0.941125870
vt 0.305908203 0.525146484
v -0.107933082 0.141281113 -0.201461747
vt 0.316162109 0.547119141
vn -0.007873177 0.125968605 -0.992003083
vt 0.308349609 0.546875000
vt 0.299316406 0.528808594
v -0.074371375 0.180690750 -0.202270463
vt 0.343750000 0.552001953
vn 0.023671880 -0.205157369 -0.978442669
v -0.099121131 0.147529587 -0.205322221
vt 0.314453125 0.552246094
vn 0.126392350 0.987440705 -0.094794370
vt 0.305419922 0.559326172
v -0.085701026 0.140144333 -0.201568559
vt 0.321044922 0.556640625
vn 0.055027638 0.369472176 -0.927611053
v -0.072441138 0.143104553 -0.201141313
vt 0.325927734 0.561523438
vn 0.393798321 0.307162791 -0.866356671
v -0.071105994 0.170654282 -0.184188798
vt 0.343994141 0.562500000
vn -0.929854810 0.063040949 -0.362485647
v -0.071479835 0.142417908 -0.214508012
vt 0.320068359 0.566650391
vt 0.300537109 0.578613281
v -0.066497840 0.167411789 -0.216064408
vt 0.329345703 0.574462891
vn -0.993204236 0.102473408 0.055178143
v -0.068183936 0.176666245 -0.208694413
vt 0.337646484 0.572509766
vn -0.867541492 -0.228715524 -0.441657335
vt 0.304931641 0.595214844
v -0.065116927 0.202365860 -0.241393998
vt 0.338378906 0.593017578
vn -0.907483220 0.418231368 0.039455894
v -0.066680953 0.202108368 -0.212707475
vt 0.343505859 0.583984375
vn 0.062859625 0.015714899 -0.997898698
v -0.053714801 0.199775681 -0.266754121
vt 0.338867188 0.608398438
vn 0.079054423 0.996086419 -0.039527293
v -0.043636363 0.199817643 -0.210617036
vt 0.353027344 0.587158203
vn 0.086418748 0.942750812 -0.322106540
v -0.069206282 0.204490647 -0.252746552
vt 0.335937500 0.598876953
vn -0.939428151 0.339457214 0.047366235
v -0.063758902 0.198982224 -0.280364960
vt 0.326416016 0.610351562
vn -0.425976813 0.607411206 -0.670518756
v -0.072975211 0.174373612 -0.272644013
vt 0.318603516 0.599365234
vn -0.995340228 0.078995205 -0.055296551
v -0.060707141 0.179923996 -0.282257050
vt 0.316162109 0.607177734
vn -0.047314677 -0.102514900 -0.993605554
v -0.069679312 0.165210709 -0.281127900
vt 0.311035156 0.600097656
vn -0.031500094 -0.173249885 -0.984374106
vt 0.297851562 0.599853516
vt 0.806152344 0.000732422
vt 0.810791016 0.003417969
v -0.175979570 0.014907837 0.340332091
vt 0.808349609 0.004150391
vn 0.047425263 0.972218156 0.229222104
vt 0.802734375 0.003906250
v -0.163711503 0.016464248 0.344574034
vt 0.808105469 0.010009766
vn -0.181271046 0.969406009 0.165508315
v -0.159271196 0.016906753 0.336853087
vt 0.804443359 0.010498047
vn -0.292245954 0.884636402 0.363332808
vt 0.812255859 0.011474609
v -0.161025971 0.026000991 0.325744689
vt 0.797607422 0.007568359
vn -0.956021488 0.260733098 0.134317175
vt 0.791748047 0.002197266
v -0.153366044 0.017822281 0.351867735
vt 0.810546875 0.015869141
vn -0.180872664 0.983003378 0.031456087
vt 0.814208984 0.013427734
vt 0.814941406 0.019042969
v -0.142791703 0.018432632 0.350616515
vt 0.809082031 0.020751953
vn -0.229086250 0.947943091 0.221186697
vt 0.815429688 0.022216797
v -0.135498002 0.021514907 0.359741271
vt 0.812255859 0.025634766
vn -0.282311648 0.682253301 0.674411297
vt 0.813476562 0.034667969
v -0.124259911 0.023712173 0.356933653
vt 0.810791016 0.030029297
vn -0.314153343 0.911044717 0.267030329
v -0.135284379 0.024490371 0.343109190
vt 0.804931641 0.024414062
vn -0.252406955 0.473263264 0.843986154
v -0.120750390 0.028686538 0.356048644
vt 0.809326172 0.033203125
vn -0.220828667 0.843881130 0.488977849
v -0.153778031 0.022460952 0.336608946
vt 0.802734375 0.013671875
vn -0.543306947 -0.330708653 0.771653593
v -0.112045251 0.030288711 0.343750030
vt 0.803955078 0.034423828
vn -0.346081316 0.534853101 0.770817697
v -0.113182031 0.028289810 0.354064971
vt 0.807617188 0.036132812
vn -0.682925582 0.643676937 0.345387727
v -0.113700829 0.029403701 0.361633360
vt 0.809326172 0.038085938
vn -0.579523802 0.603018105 0.548198283
v -0.107406572 0.022644058 0.366363555
vt 0.813964844 0.038085938
vn -0.292492330 0.656131625 0.695657670
v -0.109512292 0.029602066 0.356506377
vt 0.807128906 0.038330078
vn -0.133445144 0.643676996 0.753573000
v -0.108177148 0.037902847 0.355163604
vt 0.803466797 0.040039062
vn -0.235949963 0.747174978 0.621334970
v -0.111175500 0.037872329 0.346282989
vt 0.802001953 0.037841797
vn -0.197162211 -0.141956866 0.970038831
v -0.127365068 0.040451065 0.345275939
vt 0.798095703 0.031250000
v -0.155883744 0.025390640 0.342834532
vt 0.800537109 0.015380859
vn -0.577350199 -0.577350318 0.577350378
v -0.145584062 0.026672378 0.344665587
vt 0.802246094 0.020507812
vn 0.031555928 -0.205112591 0.978229523
v -0.157623246 0.039337173 0.346649230
vt 0.795410156 0.017578125
vn -0.964826345 0.071175672 0.253069341
vt 0.782958984 0.004150391
v -0.156585649 0.045974746 0.348022521
vt 0.792480469 0.019042969
vn -0.805023372 -0.039461944 0.591929197
vt 0.768798828 0.005371094
vt 0.773437500 0.000244141
v -0.155075029 0.058578506 0.348663390
vt 0.787841797 0.022949219
vn -0.142031863 -0.149922639 0.978442788
v -0.157043427 0.069229141 0.318176329
vt 0.775146484 0.014892578
vn -0.574500561 0.818466365 0.007869910
vt 0.763427734 0.012695312
v -0.156738251 0.067474380 0.333465636
vt 0.780029297 0.019042969
vn -0.992864966 0.118198164 0.015759885
v -0.156616181 0.067764297 0.342132628
vt 0.782470703 0.021972656
vn -0.292163968 0.908077121 0.300060272
v -0.135894731 0.063644424 0.353973448
vt 0.786621094 0.031982422
vn 0.007912941 0.640942395 0.767548263
v -0.121879540 0.057220474 0.350677550
vt 0.790283203 0.036865234
vn -0.047232248 -0.118080914 0.991880059
v -0.101898156 0.063293472 0.352569610
vt 0.790039062 0.043945312
vn 0.172439098 0.446773827 0.877871335
v -0.126861542 0.065826431 0.342376769
vt 0.782226562 0.036132812
vn 0.031394999 0.973245323 0.227613777
v -0.148956269 0.068389907 0.326782286
vt 0.775878906 0.022705078
vn 0.031609908 0.995713115 0.086927287
v -0.135436982 0.068634048 0.320617735
vt 0.770996094 0.027343750
vn -0.000000039 0.999225974 0.039339561
v -0.094398461 0.069427505 0.322082549
vt 0.767333984 0.043212891
vn 0.220199555 0.967305303 0.125828251
vt 0.760986328 0.024414062
v -0.103431672 0.069610611 0.313232452
vt 0.763671875 0.040039062
vn -0.291664332 0.945938230 0.141890720
vt 0.754638672 0.028564453
v -0.169158995 0.001892075 -0.387206972
vt 0.318847656 0.861328125
vn -0.102374919 -0.913499177 -0.393749595
v -0.184860289 0.000884980 -0.380920351
vt 0.322753906 0.865234375
vn -0.363468856 -0.908672214 0.205439016
v -0.178955138 0.005035371 -0.385192811
vt 0.320312500 0.865478516
vn -0.204540685 0.951900601 -0.228141472
v -0.166931212 0.001388535 -0.379913270
vt 0.319580078 0.859130859
vn -0.164864331 -0.957783759 0.235520661
v -0.169357359 0.003890976 -0.378784120
vt 0.320800781 0.859375000
vn -0.070739038 0.856728733 0.510893226
vt 0.317626953 0.859863281
v -0.170150816 0.001251206 -0.393066347
vt 0.317382812 0.863525391
vn -0.369849533 -0.834128678 -0.409195095
v -0.167511046 0.003402695 -0.385803163
vt 0.319091797 0.862304688
vt 0.320068359 0.853027344
vt 0.305419922 0.855468750
v -0.131652877 0.000869736 -0.356323183
vt 0.307617188 0.842041016
vt 0.296630859 0.857910156
vt 0.333984375 0.838623047
vt 0.324707031 0.852539062
vt 0.343750000 0.818115234
v -0.062183432 0.000930771 -0.364196748
vt 0.276367188 0.839355469
vt 0.281982422 0.857177734
v -0.096801803 0.000900254 -0.315734833
vt 0.295166016 0.822753906
v -0.060184520 0.000869736 -0.271179169
vt 0.282958984 0.800781250
v -0.127746627 0.000991806 -0.244689882
vt 0.314453125 0.797119141
vt 0.338134766 0.785644531
v -0.037879981 0.000915512 -0.231368974
vt 0.280029297 0.781738281
vt 0.323242188 0.760009766
v -0.038532287 0.000961289 -0.179656938
vt 0.279052734 0.759033203
vt 0.291992188 0.731201172
vt 0.158935547 0.975097656
vt 0.169677734 0.972656250
vt 0.164062500 0.976806641
vt 0.170166016 0.976318359
vt 0.170654297 0.977539062
vt 0.172851562 0.973876953
vt 0.170898438 0.970458984
vt 0.176757812 0.962158203
vt 0.174804688 0.976562500
v -0.161483824 0.001937851 -0.394256532
vt 0.173583984 0.978027344
vn 0.252627134 0.899984419 -0.355257094
vt 0.175048828 0.981689453
vt 0.962646484 0.488281250
vt 0.958740234 0.498291016
vt 0.942138672 0.503906250
vt 0.969238281 0.487304688
vt 0.962158203 0.477539062
vt 0.977050781 0.465820312
vt 0.971923828 0.460937500
vt 0.980712891 0.483154297
vt 0.986083984 0.491943359
vt 0.535888672 0.018554688
vt 0.529296875 0.027832031
vt 0.529541016 0.018554688
vt 0.168701172 0.014404297
vt 0.168701172 0.026611328
vt 0.164062500 0.018554688
vt 0.473876953 0.027099609
v -0.166641191 0.001678482 0.392456114
vt 0.478759766 0.030517578
vn -0.141767383 -0.952992380 0.267783016
vt 0.479248047 0.032470703
v -0.147964433 0.001113907 0.392944396
vt 0.484863281 0.029052734
vn -0.031582277 -0.986948133 0.157911748
v -0.143066362 0.002883926 0.394195616
vt 0.488769531 0.031250000
vn -0.134053707 0.883177519 0.449474245
vt 0.488037109 0.041259766
v -0.124656633 0.001052871 0.388336241
vt 0.492919922 0.024414062
vn 0.000000045 -0.999969006 0.007873815
vt 0.468505859 0.023681641
v -0.123985246 0.001083389 0.400054991
vt 0.496582031 0.030761719
vn -0.094838619 -0.956290245 0.276612878
v -0.102249101 0.001022354 0.407165557
vt 0.502441406 0.028076172
vn -0.023563622 -0.989674628 0.141382128
v -0.088691667 0.000839248 0.365570098
vt 0.499755859 0.007080078
vt 0.468994141 0.001220703
v -0.106979325 0.003234878 0.406433135
vt 0.502685547 0.033203125
vn -0.094608493 0.867244780 0.488810658
v -0.111679032 0.011276260 0.385406524
vt 0.492919922 0.046142578
vn -0.063099802 0.954384506 0.291836560
v -0.107887223 0.013778701 0.375244170
vt 0.492431641 0.051269531
vn -0.110686615 0.877586901 0.466465056
vt 0.486816406 0.055175781
vt 0.458251953 0.645019531
vt 0.463623047 0.640869141
vt 0.470703125 0.646728516
v -0.146575913 0.158134460 0.179885909
vt 0.454345703 0.640380859
vn 0.313602567 0.901607394 0.297922373
vt 0.452880859 0.646972656
v -0.144058213 0.161094666 0.172897384
vt 0.455078125 0.638671875
vn -0.007873642 0.795226276 -0.606261671
vt 0.443115234 0.635253906
vt 0.444335938 0.645019531
v -0.126922593 0.150894165 0.170120284
vt 0.450683594 0.633056641
vn 0.481375545 0.639203727 -0.599746823
v -0.115852349 0.130401611 0.166091964
vt 0.447021484 0.623046875
vn 0.220281214 0.731648684 -0.645109653
vt 0.458007812 0.624755859
v -0.142517075 0.133216858 0.156524703
vt 0.453125000 0.619140625
vn -0.133837491 0.771534085 0.621950865
vt 0.462402344 0.624511719
vt 0.456542969 0.617187500
vt 0.453125000 0.612304688
vt 0.460205078 0.615722656
v -0.111717217 0.149810791 0.146011397
vt 0.440673828 0.603515625
vn -0.039409064 0.110345781 0.993111670
vt 0.464111328 0.603515625
v -0.112709038 0.134040833 0.156936690
vt 0.441894531 0.615234375
vn 0.134120509 0.757386208 0.639044583
v -0.108520493 0.130645752 0.169342086
vt 0.440917969 0.622314453
vn 0.306630671 0.943479061 0.125797108
vt 0.454101562 0.570312500
v -0.083938584 0.123878486 0.182601973
vt 0.429931641 0.632080078
vn 0.577025592 0.790446043 0.205515862
vt 0.440673828 0.645751953
v -0.109497063 0.135467529 0.145904586
vt 0.438720703 0.609863281
vn 0.007836047 0.611205757 0.791432977
v -0.087211594 0.111862183 0.174408004
vt 0.425537109 0.626464844
vn 0.851000845 0.244268775 0.464898407
v -0.092735276 0.111221313 0.209671065
vt 0.426757812 0.642822266
vn 0.967395008 0.149435058 0.204489857
v -0.074623100 0.128517151 0.161376998
vt 0.420898438 0.614501953
vn -0.078730345 0.724319756 0.684954405
v -0.085601792 0.104263306 0.180191085
vt 0.424072266 0.630859375
vn -0.110832125 0.506661594 0.854991376
v -0.095390305 0.081420913 0.191421553
vt 0.425537109 0.641845703
vn 0.827953279 0.260213912 0.496771783
v -0.073829636 0.108970650 0.177887008
vt 0.418945312 0.626708984
vn -0.899956405 0.323668480 0.292091250
v -0.054294575 0.129280090 0.169998199
vt 0.409423828 0.616455078
vn -0.407720953 0.854645729 -0.321472198
v -0.041751850 0.139213562 0.158966094
vt 0.404052734 0.608154297
vn -0.047185570 0.762834251 0.644870102
v -0.019641865 0.130020142 0.169952422
vt 0.391357422 0.614746094
vn 0.338477671 0.889488101 -0.306991547
v -0.070495598 0.146171570 0.148803756
vt 0.419189453 0.601806641
vn -0.086697444 0.504422069 0.859093726
v -0.091903679 0.155113220 0.148712203
vt 0.430419922 0.597900391
vn 0.047190130 -0.007864954 0.998854995
v -0.051250450 0.156723022 0.139495879
vt 0.408935547 0.593505859
vn 0.220499903 0.362249702 0.905624151
v -0.009024612 0.146766663 0.151336700
vt 0.385253906 0.602539062
vn -0.465115011 0.134016261 0.875047207
v 0.008373271 0.133789062 0.159179717
vt 0.378906250 0.610839844
vn -0.235702172 0.377123654 0.895668626
v 0.041881576 0.142913818 0.189590484
vt 0.354248047 0.614501953
vn -0.425566345 0.307353526 0.851132929
v 0.022548687 0.164020538 0.174865752
vt 0.363769531 0.602050781
vn -0.559714735 0.039416552 0.827747464
v -0.089935295 0.189819336 0.147110030
vt 0.432617188 0.578369141
vn -0.062859625 -0.015714899 0.997898698
v -0.051937096 0.182605743 0.146560699
vt 0.413330078 0.578125000
vn 0.353706419 0.000000056 0.935356498
v -0.090499870 0.218058109 0.149963424
vt 0.436279297 0.562500000
vn 0.196019799 -0.031363092 0.980098307
vt 0.455810547 0.566650391
v 0.043972027 0.170188919 0.190261871
vt 0.352539062 0.605712891
vn 0.229186490 0.387245983 0.893036544
v 0.022466669 0.176719666 0.169357330
vt 0.363037109 0.595214844
vn 0.172955126 0.943391621 0.283017397
v 0.001171955 0.182773590 0.162857085
vt 0.371582031 0.587402344
vn -0.165124118 0.802031636 0.574002981
v -0.028844828 0.168315887 0.145217925
vt 0.390380859 0.586181641
vn -0.565231919 -0.227662921 0.792895019
v -0.089698792 0.259571075 0.152343795
vt 0.446777344 0.544677734
vt 0.475097656 0.561767578
vt 0.469970703 0.533691406
v -0.097961426 0.301872253 0.152084395
vt 0.462158203 0.526611328
vn 0.102508552 0.654477298 0.749100506
vt 0.474853516 0.519775391
vt 0.453125000 0.505859375
v -0.076240540 0.266391754 0.147354171
vt 0.445312500 0.537109375
vn 0.974356353 0.094292596 0.204300374
v -0.078651428 0.300964355 0.136993453
vt 0.455078125 0.521728516
vn 0.836801589 0.481555670 0.260513544
v -0.075607300 0.250669479 0.146484420
vt 0.438720703 0.543701172
vn 0.935096622 -0.023573807 0.353607863
v -0.080383301 0.254531860 0.097084083
vt 0.433105469 0.521972656
vn 0.990928710 0.047187123 -0.125832349
v -0.074073792 0.232372284 0.132110640
vt 0.427490234 0.546630859
vn 0.851582527 0.504641533 0.141930297
v -0.077056885 0.216926098 0.136886641
vt 0.427734375 0.556640625
vn 0.188836008 0.597980499 0.778948188
v -0.052970883 0.217188835 0.138473541
vt 0.415039062 0.559082031
vn 0.605380416 0.314483345 0.731173575
v -0.048759457 0.222283825 0.136428863
vt 0.414550781 0.554443359
vn 0.378328234 0.890647769 0.252218753
v -0.051189419 0.205165863 0.129135162
vt 0.406982422 0.563232422
vn 0.363503009 0.766517103 0.529449821
v -0.049194336 0.221919954 0.115989722
vt 0.405761719 0.551757812
vn 0.784464598 0.588348508 0.196116015
v -0.071876533 0.230836868 0.083908118
vt 0.407226562 0.533447266
vn 0.323275864 0.946173429 0.015769472
v -0.088516235 0.233299255 0.095260665
vt 0.420166016 0.528076172
vn 0.892062008 0.426295191 -0.149992868
v -0.063095093 0.220580101 0.096809424
vt 0.403564453 0.540283203
vn 0.275727302 0.961106777 0.015755771
v -0.035556793 0.220019102 0.107727088
vt 0.396972656 0.548583984
vn 0.410967708 0.908870935 0.071128935
v -0.038768772 0.219606876 0.083618201
vt 0.392089844 0.535644531
vn 0.628442347 0.777697504 -0.015711175
v -0.033538818 0.206253052 0.109405555
vt 0.392822266 0.552734375
vn 0.510593653 0.856226444 -0.078552984
v -0.070266731 0.231489182 0.061454810
vt 0.401123047 0.519531250
vn 0.313872725 0.949465096 -0.000000083
v -0.081481941 0.232024193 0.062248271
vt 0.407470703 0.517333984
vn 0.915203393 0.370815217 0.157793567
v -0.086853035 0.255134583 0.087707564
vt 0.425537109 0.520263672
vn 0.945850015 -0.283754915 0.157641545
v -0.076354988 0.247966766 0.047969859
vt 0.411865234 0.506103516
vn 0.992402971 -0.094514526 -0.078762263
v -0.083389290 0.230497360 0.042289775
vt 0.404541016 0.507080078
vn 0.723244548 0.636769712 0.267285883
v -0.081779495 0.269874573 0.040969886
vt 0.418945312 0.497070312
vn 0.995464504 0.094806194 0.007900378
v -0.063964859 0.230179787 0.029104272
vt 0.396728516 0.505371094
vn 0.464322299 0.881425440 0.086568482
v -0.074867263 0.249591827 0.030580558
vt 0.398681641 0.497314453
vn 0.534621656 0.589656174 0.605380297
v -0.048137680 0.228061199 0.004545724
vt 0.384765625 0.497558594
vn 0.205112621 0.978229642 0.031555727
v -0.086975105 0.275440216 0.090522811
vt 0.437744141 0.512451172
vn 0.998947680 0.039328694 -0.023597321
v -0.080299385 0.284362793 0.087722816
vt 0.439697266 0.507080078
vn 0.994440794 -0.023677114 0.102600902
v -0.082099929 0.301940918 0.048618354
vt 0.435058594 0.486083984
vn 0.622781336 0.780447543 -0.055183273
v -0.086608894 0.295570374 0.092735335
vt 0.446533203 0.506347656
vn 0.346703976 0.937676728 0.023638824
vt 0.456542969 0.489257812
v -0.054142009 0.225353241 0.040817298
vt 0.388183594 0.513671875
vn 0.324082822 0.932726264 0.158089101
v -0.029878629 0.226363659 0.015437160
vt 0.371582031 0.504882812
vn 0.347113729 0.915117919 0.205112547
v -0.021825800 0.210138321 0.040733371
vt 0.370361328 0.520507812
vn 0.495556325 0.849525154 0.180917308
v -0.038959507 0.214585304 0.069908179
vt 0.385009766 0.531494141
vn 0.480538517 0.850789487 0.212697282
v -0.029079447 0.220768929 0.043830905
vt 0.377685547 0.520507812
vn 0.425473928 0.898222804 0.110307977
v -0.005137928 0.204113007 0.047706634
vt 0.363037109 0.525146484
vn 0.550294757 0.825442195 0.125781551
v -0.004490865 0.207575798 0.012576135
vt 0.354736328 0.515380859
vn 0.711223662 0.102732353 0.695418537
v -0.002061140 0.194246292 0.020404847
vt 0.348876953 0.518554688
vn 0.677438438 0.724701583 0.126034945
v 0.011050216 0.187870026 0.040554076
vt 0.350097656 0.525878906
vn 0.362925500 0.930982888 0.039448339
v 0.016937250 0.184612274 0.063346893
vt 0.351562500 0.534667969
vn 0.062984221 0.866034448 -0.496001571
v -0.009879115 0.194190979 0.085487396
vt 0.367187500 0.539062500
vn 0.260359555 0.946762204 0.189352363
v 0.017349239 0.201574326 0.072822601
vt 0.354492188 0.540283203
vn -0.086892135 0.979510546 -0.181683451
v -0.006931307 0.204359055 0.090690643
vt 0.364013672 0.541992188
vn -0.055068634 0.959767520 0.275343090
v -0.035732269 0.194576263 0.103996314
vt 0.385009766 0.547851562
vn 0.645529211 0.755741537 0.110212199
v -0.005071164 0.186283112 0.099731475
vt 0.370849609 0.553710938
vn 0.031456072 0.998731434 0.039320085
v 0.012280468 0.183006287 0.132049590
vt 0.365478516 0.574218750
vn 0.102143928 0.966438949 0.235716760
v 0.040374756 0.191076279 0.111824058
vt 0.348144531 0.568847656
vn 0.253069282 0.814566612 0.521955192
v -0.008660316 0.197242737 0.108886749
vt 0.377197266 0.557373047
vn 0.717425525 0.693774283 -0.063070506
v -0.007659429 0.182781219 0.146072417
vt 0.378173828 0.579345703
vn 0.353695422 0.699530840 0.620931685
v -0.016336435 0.202203751 0.149093658
vt 0.386962891 0.570556641
vn 0.252407104 0.843986154 0.473263204
v -0.048515316 0.187316895 0.144134551
vt 0.401611328 0.575439453
vn -0.378976107 0.055267394 0.923754632
v -0.051193234 0.176284790 0.133163482
vt 0.406494141 0.581542969
vn 0.094327636 -0.361588746 0.927553773
v -0.027603144 0.167358398 0.132919341
vt 0.396240234 0.589599609
vn -0.204445601 -0.086496241 0.975048900
v -0.019657129 0.152488708 0.137756377
vt 0.392822266 0.596923828
vn -0.203941882 0.596138120 0.776548207
vt 0.706787109 0.058349609
v -0.154846221 0.256252289 -0.151245072
vt 0.693847656 0.069335938
vn -0.967305303 0.220199540 -0.125828207
vt 0.695556641 0.057373047
vt 0.680175781 0.063232422
vt 0.680419922 0.056152344
vt 0.677246094 0.080078125
v -0.147552535 0.233126625 -0.235610917
vt 0.682617188 0.107666016
vn -0.828829825 0.157872275 -0.536765814
vt 0.671142578 0.088378906
v -0.147094771 0.207262024 -0.231063798
vt 0.669921875 0.106689453
vn -0.212223858 -0.620951056 -0.754573405
v -0.139328048 0.253677338 -0.218780473
vt 0.696044922 0.100830078
vn -0.836801589 0.481555551 -0.260513574
v -0.125183150 0.258552551 -0.239349321
vt 0.698730469 0.113281250
vn -0.363027334 -0.031567641 -0.931243658
v -0.121032767 0.270610809 -0.243789628
vt 0.706298828 0.116943359
vn -0.511225104 0.424709946 -0.747174919
v -0.120399520 0.294471741 -0.216796830
vt 0.716552734 0.103515625
vn -0.800080121 0.533386648 -0.274537176
v -0.137313887 0.261760712 -0.201003984
vt 0.702392578 0.092285156
vn -0.864668846 0.471637517 -0.172933653
v -0.125091597 0.290321350 -0.199127153
vt 0.715820312 0.093994141
vn -0.165740192 0.970763624 -0.173632547
v -0.128311202 0.287651062 -0.192016557
vt 0.713867188 0.089599609
vn -0.900911391 0.363525599 -0.237081841
v -0.124847457 0.300964355 -0.188339189
vt 0.720947266 0.088867188
vn -0.204699114 0.873907387 -0.440890223
v -0.139038131 0.268375397 -0.179748490
vt 0.704345703 0.082031250
vn -0.893465340 0.391870707 -0.219447508
v -0.129089400 0.315055847 -0.149826005
vt 0.727050781 0.068115234
vn -0.689819694 0.681980669 -0.243004590
v -0.136077911 0.298645020 -0.138244584
vt 0.717041016 0.062500000
vn -0.692055702 0.353892148 0.629141688
v -0.123130836 0.316940308 -0.136505082
vt 0.727783203 0.061767578
vn -0.274960399 0.369232714 0.887729645
vt 0.713867188 0.046875000
v -0.096786529 0.269550323 -0.119888261
vt 0.724365234 0.043212891
vn -0.165313229 0.283394307 0.944647670
v -0.125839263 0.249685273 -0.121856645
vt 0.714599609 0.041015625
vn 0.205387682 0.868947864 0.450272888
v -0.083892852 0.235567078 -0.106651269
vt 0.728027344 0.024414062
vn -0.165369689 0.874096990 0.456735373
vt 0.280273438 0.478515625
vt 0.267333984 0.472167969
v -0.117866561 0.202598557 -0.218978837
vt 0.278320312 0.456787109
vn -0.015742701 -0.834361315 -0.550993204
vt 0.286865234 0.461425781
v -0.107559249 0.238462433 -0.230697587
vt 0.260742188 0.449218750
vn 0.181259662 -0.362519562 -0.914179683
vt 0.251708984 0.467285156
vt 0.241943359 0.455810547
v -0.092788741 0.234950051 -0.224258378
vt 0.267333984 0.441894531
vn 0.039363861 -0.275547862 -0.960481048
v -0.112678573 0.199502930 -0.219879106
vt 0.281005859 0.453125000
vn 0.015716776 -0.392922074 -0.919437528
v -0.092376754 0.194005951 -0.214599565
vt 0.287109375 0.447509766
vn -0.219927743 -0.746183276 -0.628364801
vt 0.297851562 0.444580078
v -0.078109786 0.242267594 -0.228439286
vt 0.266113281 0.433593750
vn 0.188865080 -0.361991644 -0.912848353
vt 0.295898438 0.440429688
vt 0.305175781 0.447265625
vt 0.286376953 0.432617188
v -0.109046981 0.254570007 -0.240859941
vt 0.251220703 0.448486328
vn 0.102203801 -0.290888101 -0.951282620
vt 0.236816406 0.450195312
v -0.068809554 0.254657745 -0.226379350
vt 0.262207031 0.424804688
vn 0.379283607 -0.126427948 -0.916602433
v -0.064682052 0.262241364 -0.235015824
vt 0.257812500 0.429443359
vn 0.619726896 0.023533933 -0.784464657
v -0.087089591 0.285079956 -0.241409257
vt 0.243408203 0.434326172
vn 0.220199436 0.479720473 -0.849341214
v -0.109687850 0.291152954 -0.224685624
vt 0.230712891 0.433593750
vn -0.015795182 0.971399188 -0.236926690
vt 0.223876953 0.433837891
v -0.086891219 0.289848328 -0.217010453
vt 0.241699219 0.423828125
vn 0.591929078 0.805023551 0.039461829
vt 0.220947266 0.425781250
v -0.040500686 0.228092656 -0.217956513
vt 0.278564453 0.415283203
vn 0.614382684 0.196917549 -0.764040172
vt 0.289306641 0.424072266
v -0.057285354 0.254154205 -0.224395707
vt 0.264404297 0.419677734
vn 0.802031577 0.558276951 -0.212302640
v -0.089530990 0.284973145 -0.209503129
vt 0.239257812 0.420166016
vn 0.118209191 0.992957532 -0.007880675
v -0.074775741 0.276996613 -0.218948320
vt 0.250488281 0.421142578
vn 0.743112028 0.648246765 -0.166014522
v -0.054260295 0.249855027 -0.183761567
vt 0.260009766 0.400878906
vn 0.811904967 0.583310425 -0.023647850
v -0.019218486 0.199829087 -0.207183808
vt 0.290039062 0.409179688
vn 0.509901941 0.855066478 -0.094135858
v -0.083816573 0.289718628 -0.201171830
vt 0.239990234 0.415039062
vn 0.636494339 0.762221634 -0.117869444
v -0.100959823 0.290534973 -0.185989335
vt 0.228759766 0.413085938
vn 0.109936640 0.895199120 -0.431894362
vt 0.216064453 0.419189453
v -0.085876510 0.292800903 -0.185546830
vt 0.235595703 0.407958984
vn 0.701374650 0.709255338 -0.070925646
v -0.091560401 0.299186707 -0.172042802
vt 0.229003906 0.403564453
vn 0.528214395 0.819914997 -0.220746458
v -0.067466773 0.269138336 -0.164169267
vt 0.248046875 0.392578125
vn 0.800301552 0.596303225 -0.062768891
v -0.095100440 0.304336548 -0.151809648
vt 0.222900391 0.395263672
vn 0.582316220 0.810521245 -0.062953219
v -0.105392493 0.312644958 -0.141708329
vt 0.214111328 0.394042969
vn 0.355079949 0.867973447 -0.347189456
v -0.106246985 0.312644958 -0.142257646
vt 0.213867188 0.394531250
vn 0.204275206 0.927095532 -0.314269751
vt 0.203613281 0.403320312
v -0.103553809 0.314460754 -0.132232621
vt 0.212402344 0.390869141
vn 0.540881336 0.650625288 0.533042371
v -0.107109107 0.312835693 -0.142257646
vt 0.213134766 0.394775391
vn 0.173104897 0.959945738 -0.220315486
vt 0.202636719 0.392333984
v -0.104057349 0.292098999 -0.130187944
vt 0.216552734 0.382080078
vn 0.125394866 0.462393284 0.877763510
vt 0.223632812 0.368652344
v -0.080963172 0.294105530 -0.128463700
vt 0.228759766 0.382324219
vn 0.624335349 0.766588986 0.150156498
v -0.070976287 0.278598785 -0.121116601
vt 0.235107422 0.374511719
vn 0.541747570 0.635964453 0.549598873
v -0.053489715 0.255844116 -0.112609826
vt 0.246826172 0.365966797
vn 0.678344011 0.638905406 0.362835050
vt 0.236328125 0.353515625
v -0.071479827 0.246759400 -0.111572228
vt 0.241943359 0.359863281
vn 0.000000038 0.824728906 0.565528274
v -0.063583404 0.233093262 -0.105644189
vt 0.246582031 0.354736328
vn -0.062838331 0.471288234 0.879737973
v -0.044487029 0.229573727 -0.100448571
vt 0.254394531 0.354248047
vn -0.338813931 0.417607725 -0.843094826
v -0.031837493 0.224303007 -0.104042016
vt 0.259765625 0.356445312
vn 0.827773094 0.536081672 -0.165554747
v -0.055625953 0.252498627 -0.161071748
vt 0.254638672 0.387207031
vn 0.814617515 0.577350378 -0.055362493
v -0.035850558 0.227610588 -0.134536713
vt 0.262695312 0.370849609
vn 0.817580700 0.573878884 -0.047168259
v -0.023674045 0.209196091 -0.149520844
vt 0.270507812 0.372070312
vn 0.952696860 0.291320562 0.086608663
v -0.018676795 0.201091766 -0.170562714
vt 0.275634766 0.378417969
vn 0.628035605 0.777194083 -0.039252345
vt 0.944091797 0.879638672
vt 0.951416016 0.871337891
v -0.119598396 0.301986694 0.058765452
vt 0.946533203 0.882812500
vn 0.133560464 0.989919007 0.047138937
vt 0.966552734 0.881347656
vt 0.931152344 0.887695312
vt 0.956298828 0.899169922
vt 0.936523438 0.897949219
vt 0.948730469 0.906494141
vt 0.957275391 0.912597656
vt 0.958740234 0.924072266
vt 0.947753906 0.926025391
vt 0.957031250 0.932861328
vt 0.949951172 0.932128906
v -0.077728286 0.250391006 0.017744102
vt 0.946533203 0.931640625
vn 0.369792163 0.660905361 -0.653037488
vt 0.948242188 0.942138672
vt 0.969482422 0.336181641
v -0.131912261 0.274971008 -0.060131028
vt 0.966796875 0.343505859
vn -0.651827991 0.706801474 0.274867266
vt 0.957763672 0.344238281
v -0.101699859 0.289222717 -0.074905351
vt 0.960205078 0.359863281
vn 0.031546835 0.670372844 -0.741353571
v -0.108528167 0.295249939 -0.061393697
vt 0.966308594 0.358398438
vn -0.235702261 0.895668566 0.377123624
v -0.097694419 0.276214600 -0.041725121
vt 0.979003906 0.369628906
vn 0.489541560 0.710624814 0.505333066
vt 0.944824219 0.348144531
vt 0.928710938 0.340087891
vt 0.928710938 0.336181641
v -0.100166351 0.246652603 -0.091522172
vt 0.938476562 0.357666016
vn 0.142173633 0.971520424 -0.189565033
v -0.097435027 0.257408142 -0.085250810
vt 0.944580078 0.361816406
vn -0.000000136 0.125972494 -0.992033720
v -0.087890655 0.265274048 -0.086631730
vt 0.949707031 0.368164062
vn 0.828159153 0.544218898 -0.134083048
v -0.082832359 0.253913879 -0.047153432
vt 0.965332031 0.375488281
vn 0.472075284 0.668773234 0.574358165
v -0.084037811 0.252845764 -0.077133141
vt 0.941406250 0.369873047
vn -0.785552979 -0.298510164 0.542031705
v -0.092056304 0.256549835 -0.087287858
vt 0.944580078 0.371826172
vn -0.181271121 0.874829710 -0.449236870
v -0.074684165 0.250108719 -0.067909203
vt 0.947753906 0.377441406
vn 0.424631238 0.864989579 0.267360300
v -0.089210533 0.242166519 -0.068550065
vt 0.933837891 0.367187500
vn 0.959085107 -0.007861324 -0.283008844
v -0.076919578 0.233240128 -0.064056359
vt 0.926757812 0.371093750
vn 0.236956194 0.947824836 0.213260517
v -0.093917869 0.244174957 -0.057479817
vt 0.934082031 0.372558594
vn 0.023612486 0.999597251 -0.015741736
vt 0.929687500 0.361328125
vt 0.932861328 0.356201172
vt 0.379394531 0.984375000
vt 0.369873047 0.989013672
v -0.107795738 0.270023346 -0.043106038
vt 0.377929688 0.976074219
vn 0.424723178 0.786524355 0.448318779
vt 0.383056641 0.974609375
vt 0.393310547 0.990722656
vt 0.383056641 0.962158203
v -0.106864952 0.251983643 -0.044509843
vt 0.373291016 0.967041016
vn 0.824220657 0.408185482 0.392485827
v -0.089721702 0.246204376 -0.061027486
vt 0.378417969 0.956298828
vn -0.071024820 -0.994347930 -0.078916445
vt 0.376220703 0.952148438
vt 0.373046875 0.957031250
vt 0.363769531 0.954101562
vt 0.373046875 0.954345703
v -0.083129905 0.242708206 -0.033954579
vt 0.361572266 0.962158203
vn 0.441054285 0.882108629 0.165395260
v -0.097915672 0.249219894 -0.023334462
vt 0.362792969 0.972167969
vn 0.471506387 0.880145371 -0.055009186
v -0.088500991 0.251678467 0.012218515
vt 0.346435547 0.976562500
vn 0.377590120 0.912509441 0.157329127
v -0.109016433 0.244691849 0.016738934
vt 0.348876953 0.986816406
vn 0.039334688 0.999102235 -0.015733942
v -0.094200157 0.259239197 -0.025058705
vt 0.365966797 0.975585938
vn 0.709983289 0.686317205 0.157773942
v -0.101951614 0.257690430 -0.015157659
vt 0.363769531 0.978027344
vn 0.698431492 -0.047085203 0.714126348
v -0.111587539 0.260112762 -0.009157138
vt 0.364013672 0.982421875
vn 0.118396893 0.907709360 0.402549297
vt 0.359863281 0.983154297
vt 0.344970703 0.990722656
v -0.060810052 0.000854507 0.325622588
vt 0.236816406 0.064453125
vt 0.259277344 0.056396484
vt 0.267822266 0.087890625
vt 0.234130859 0.093750000
v -0.010684936 0.000946060 0.271148711
vt 0.202880859 0.069091797
v -0.006454905 0.000854507 0.341278106
vt 0.220947266 0.041503906
v 0.050708804 0.000869766 0.297119170
vt 0.185546875 0.040283203
v 0.067497291 0.000915542 0.351196319
vt 0.194580078 0.016357422
v 0.023429915 0.000915542 0.382476836
vt 0.219970703 0.016357422
v -0.051784467 0.001068130 0.413513213
vt 0.258300781 0.025878906
vn 0.000000047 -0.999721110 0.023615502
v -0.072662301 0.001159683 0.411682159
vt 0.266601562 0.032226562
vn -0.007895507 -0.963261306 0.268449873
v -0.086242631 0.001220718 0.407684356
vt 0.270507812 0.037841797
vn -0.086716317 -0.969646931 0.228615999
vt 0.278808594 0.050048828
vt 0.277099609 0.039306641
vt 0.651611328 0.882812500
vt 0.651367188 0.884765625
vt 0.645019531 0.879638672
vt 0.658447266 0.880859375
v -0.088706926 0.007049575 0.397491485
vt 0.660888672 0.888183594
vn -0.110321760 0.961375296 0.252163976
vt 0.648437500 0.897460938
v -0.085441545 0.012054458 0.405120879
vt 0.664062500 0.884765625
vn -0.465230793 0.796412110 0.386378169
v -0.071662858 0.012817398 0.410461456
vt 0.669921875 0.882568359
vn 0.039393369 0.583020747 0.811501682
vt 0.670898438 0.878906250
v -0.063171342 0.005584732 0.406585723
vt 0.676269531 0.884521484
vn 0.227937013 0.872448504 0.432294250
vt 0.680419922 0.880615234
v -0.067954972 0.014175430 0.398742706
vt 0.672363281 0.888671875
vn 0.244321793 0.969406009 -0.023644123
v -0.084594682 0.011795059 0.398132354
vt 0.664306641 0.887939453
vn -0.283008814 0.888332963 -0.361622274
v -0.072349504 0.011032119 0.392334014
vt 0.670166016 0.892089844
vn -0.086957261 0.988150001 -0.126483232
v -0.064475968 0.009567276 0.390502959
vt 0.675292969 0.893554688
vn 0.015693612 0.988699138 0.149089515
v -0.084915116 0.007476822 0.385467559
vt 0.663085938 0.894287109
vn -0.094371274 0.983033836 0.157285377
v -0.089805558 0.010787979 0.383300811
vt 0.660400391 0.895996094
vn 0.094856463 0.980183661 0.173903495
v -0.083167985 0.010940567 0.376190215
vt 0.664062500 0.898681641
vn 0.031471636 0.999225974 -0.023603810
v -0.066543534 0.009475723 0.370849639
vt 0.673583984 0.902587891
vn -0.062914178 0.975169599 0.212335289
v -0.085418656 0.012649551 0.371826202
vt 0.662109375 0.902343750
vn 0.330350488 0.755086780 0.566314936
v -0.094856218 0.011184707 0.372558624
vt 0.657226562 0.901855469
vn 0.078749992 0.692999423 0.716624260
v -0.078895524 0.006362930 0.367279083
vt 0.666259766 0.903076172
vn -0.007891302 0.402461648 0.915402889
v -0.086578324 0.025894180 0.365295440
vt 0.661865234 0.910644531
vn 0.235173091 0.642806232 0.729036212
v -0.066947892 0.020996109 0.370239288
vt 0.672851562 0.907958984
vn 0.062659010 0.516936123 0.853727758
v -0.100929216 0.011627212 0.372283965
vt 0.653808594 0.902587891
vn 0.275932997 0.725309491 0.630703747
vt 0.650146484 0.903564453
v -0.101875260 0.022048965 0.368743926
vt 0.651855469 0.908203125
vn -0.331811011 0.418714046 0.845328331
v -0.089446977 0.029800430 0.368194610
vt 0.658691406 0.910888672
vn 0.494944215 0.526369214 0.691350579
v -0.075630151 0.026382461 0.359527618
vt 0.667968750 0.912597656
vn 0.094806105 0.995464504 -0.007900568
v -0.099090531 0.030487075 0.370727569
vt 0.654541016 0.910644531
vn -0.291872829 0.552192032 0.780957282
v -0.097541772 0.031082168 0.359252959
vt 0.654785156 0.916015625
vn 0.489206165 0.765370905 0.418192267
v -0.085777245 0.022659317 0.356170684
vt 0.662353516 0.914550781
vn 0.329983115 0.942809105 -0.047140539
v -0.065978967 0.023956314 0.355804473
vt 0.673583984 0.914550781
vn -0.196533844 0.943362474 0.267286003
v -0.102973901 0.028320327 0.359710723
vt 0.651123047 0.914550781
vn -0.511906266 0.732419729 0.448902458
vt 0.648681641 0.910400391
vt 0.643554688 0.908935547
vt 0.648193359 0.916992188
vt 0.645507812 0.915039062
vt 0.648925781 0.921875000
v -0.091239892 0.038970962 0.350189239
vt 0.656494141 0.922851562
vn 0.577947140 0.704620481 0.411688238
v -0.102439843 0.040390030 0.346405059
vt 0.653564453 0.927001953
vn 0.110086195 0.857099473 0.503251016
vt 0.648925781 0.924804688
v -0.098480187 0.045852676 0.349426299
vt 0.657958984 0.932617188
vn 0.432722390 0.149485931 0.889047503
v -0.095176660 0.039886490 0.340606719
vt 0.657958984 0.928222656
vn 0.803747833 0.118198268 0.583111048
v -0.088096581 0.052627578 0.340789825
vt 0.663818359 0.934814453
vn -0.355545104 0.276535153 0.892813623
v -0.086715661 0.029434219 0.338684112
vt 0.662841797 0.922851562
vn 0.553104937 0.679528832 0.481991351
v -0.085586511 0.038909927 0.332550079
vt 0.661376953 0.928222656
vn 0.125584036 -0.078489885 0.988973260
v -0.080200158 0.021789566 0.344085723
vt 0.666259766 0.919189453
vn -0.433326125 0.464840829 0.772108614
v -0.086929284 0.036651626 0.342834502
vt 0.665039062 0.925781250
vn -0.599746644 -0.071022630 0.797031879
v -0.066429101 0.033264175 0.354248077
vt 0.676025391 0.919921875
vn -0.446773648 0.172439039 0.877871335
v -0.059677083 0.018493667 0.365417510
vt 0.677490234 0.908691406
vn -0.102330416 0.637597680 0.763542891
v -0.048564870 0.019897476 0.366455108
vt 0.683105469 0.907714844
vn -0.584911585 0.213413730 0.782517076
v -0.060100511 0.012924209 0.372741729
vt 0.677734375 0.902832031
v -0.061977345 0.043304458 0.352569610
vt 0.679931641 0.924316406
vn -0.552209079 0.094664447 0.828313887
v -0.061653100 0.058364883 0.352630645
vt 0.682373047 0.930908203
vn -0.423728108 0.078468211 0.902384162
v -0.078834496 0.066314712 0.346405059
vt 0.675048828 0.938232422
vn -0.800055325 0.447089761 0.400027782
v -0.069770776 0.067382827 0.351837188
vt 0.679931641 0.937011719
vn 0.047420822 0.964223564 0.260814518
v -0.050521813 0.064025894 0.348999053
vt 0.687500000 0.934082031
vn -0.055253614 0.978778005 0.197334215
v -0.055442769 0.056533828 0.361694366
vt 0.688476562 0.927246094
vn -0.692999244 0.078749925 0.716624439
v -0.049110372 0.063476577 0.366668731
vt 0.693115234 0.930175781
vn -0.086365581 0.989278078 0.117771178
v -0.031650502 0.063003555 0.379089385
vt 0.702880859 0.923339844
vn 0.118330605 0.694205940 0.709983170
v -0.039997056 0.017929092 0.374176055
vt 0.687744141 0.904052734
vn -0.400681496 0.848502040 0.345686018
v -0.044822648 0.010910049 0.392852813
vt 0.685058594 0.893310547
vn -0.252218843 0.890647769 0.378328234
v -0.036098436 0.022201553 0.377716094
vt 0.691406250 0.904052734
vn -0.527395546 0.338477761 0.779286087
v -0.032871205 0.053207412 0.379272491
vt 0.700927734 0.918457031
vn 0.039302029 0.220090732 0.974687338
v -0.041809034 0.008163467 0.398010284
vt 0.685546875 0.889648438
vn -0.070949771 0.938113689 0.338982224
v -0.029390289 0.016265884 0.393951446
vt 0.691162109 0.894531250
vn -0.094251782 0.824703455 0.557656527
v -0.019714309 0.013381973 0.393615752
vt 0.694824219 0.892578125
vn -0.378292978 0.677774966 0.630488396
v -0.027378039 0.025390640 0.372619659
vt 0.696533203 0.902587891
vn -0.756962180 0.094620280 0.646571994
v -0.030822711 0.037551895 0.382843047
vt 0.698242188 0.910644531
vn -0.355923027 -0.047456391 0.933309615
v -0.024240451 0.041824356 0.378417999
vt 0.702880859 0.909912109
vn -0.219683781 0.509980500 0.831660390
v -0.016433677 0.056015030 0.359191924
vt 0.713378906 0.917480469
vn 0.706126809 0.258913189 0.659051478
v -0.009607275 0.047348037 0.360687286
vt 0.714111328 0.912109375
vn 0.164940685 0.942518234 0.290609717
v -0.011196097 0.062301651 0.355346709
vt 0.717285156 0.920654297
vn 0.274664015 0.926010132 0.258968890
v 0.008088148 0.050842300 0.336059600
vt 0.728515625 0.916503906
vn 0.487584800 0.511177599 0.707784235
v 0.008782423 0.061386123 0.334838897
vt 0.730224609 0.919189453
vn 0.134317130 0.782199502 0.608377337
v 0.001158277 0.046707168 0.352996856
vt 0.720947266 0.911865234
vn -0.015697539 0.996791542 0.078487478
v 0.006206073 0.044937149 0.339080840
vt 0.728027344 0.913085938
vn -0.913272738 0.267683327 -0.307048470
v -0.010681106 0.012329116 0.399353057
vt 0.696289062 0.889404297
vn -0.023507876 0.830612957 0.556353867
v -0.011767339 0.005554214 0.413696319
vt 0.693359375 0.880371094
vn -0.181276634 0.882738471 0.433487654
v -0.051170301 0.004119888 0.410919219
vt 0.681640625 0.882080078
vn -0.063041002 0.929854870 0.362485766
v -0.031536054 0.003021255 0.416290313
vt 0.687500000 0.878173828
vn -0.078759633 0.700961351 0.708837152
v -0.019100139 0.001174942 0.417572051
vt 0.691406250 0.875000000
vn -0.023604391 -0.881234348 0.472089857
v -0.001845668 0.001586929 0.419281036
vt 0.697265625 0.877929688
vn 0.157397524 -0.086568512 0.983733654
vt 0.353515625 0.853271484
v -0.101577722 0.052230850 0.348541290
vt 0.348388672 0.857177734
vn 0.748472571 0.149694562 0.646049857
vt 0.343994141 0.854003906
vt 0.351806641 0.858154297
v -0.101486169 0.066009536 0.336181670
vt 0.341064453 0.862304688
vn 0.434027255 0.852271676 0.291981876
vt 0.333496094 0.851562500
v -0.096336327 0.060653701 0.332489043
vt 0.344726562 0.865722656
vn 0.604707956 0.604707897 0.518320978
vt 0.353515625 0.865966797
vt 0.338378906 0.868896484
v -0.090118371 0.058334365 0.324890167
vt 0.346191406 0.870849609
vn 0.591046154 0.780180931 0.204895899
v -0.081436120 0.054321304 0.328399688
vt 0.351562500 0.873291016
vn -0.740249336 0.669374287 0.063000008
vt 0.359619141 0.871826172
v -0.092773408 0.060165420 0.310028106
vt 0.341064453 0.875000000
vn 0.505144298 0.552501500 0.663001776
vt 0.334960938 0.878417969
v -0.082885705 0.057754532 0.319549590
vt 0.348876953 0.875488281
vn -0.355423242 0.931998551 0.071084641
v -0.076248132 0.067016616 0.329650909
vt 0.355224609 0.880126953
vn -0.376230597 0.924900115 0.054866962
vt 0.364013672 0.874023438
v -0.081184357 0.068740860 0.314392120
vt 0.348388672 0.884277344
vn -0.220445126 0.866034448 0.448763311
v -0.076415986 0.060073867 0.308776885
vt 0.345703125 0.879394531
vn -0.337236613 -0.023528121 0.941125929
v -0.093749970 0.076232925 0.316131622
vt 0.339355469 0.882568359
vn -0.086635582 0.567069829 0.819100738
v -0.057853661 0.065933242 0.333374053
vt 0.362304688 0.886474609
vn 0.054926001 0.996515274 0.062772565
vt 0.370117188 0.882812500
vt 0.328125000 0.887939453
vt 0.321044922 0.879638672
v -0.069808930 0.075134292 0.311309844
vt 0.347656250 0.892089844
vn 0.141225368 0.870889664 0.470751107
v -0.026063882 0.064605728 0.342742950
vt 0.377685547 0.895507812
vn 0.054992069 0.997713923 0.039280023
v -0.057014436 0.068069473 0.303070098
vt 0.354003906 0.900390625
vn 0.354495585 0.921688557 0.157553509
vt 0.378417969 0.881347656
vt 0.389160156 0.895751953
vt 0.389648438 0.883789062
v 0.010683093 0.062912002 0.315490752
vt 0.387451172 0.915527344
vn 0.173201457 0.984099448 -0.039364044
vt 0.393310547 0.911376953
v -0.035964932 0.064193740 0.315277129
vt 0.365478516 0.903320312
vn 0.062850021 0.997744679 0.023568721
v -0.052101105 0.078170791 0.299743682
vt 0.347412109 0.900146484
vn 0.872610331 0.267286062 0.408790261
v -0.050716374 0.085205093 0.278595001
vt 0.337890625 0.906982422
vn 0.204908699 0.945732534 0.252195269
v -0.052688573 0.078018203 0.273284942
vt 0.340332031 0.909179688
vn 0.993976474 0.094664462 0.055220779
v -0.063682526 0.088562027 0.272796661
vt 0.331542969 0.906250000
vn 0.141780600 0.984587789 0.102397062
v -0.060329411 0.081130996 0.261474639
vt 0.329589844 0.915283203
vn 0.110438280 0.733626485 -0.670518875
v -0.088348359 0.091247573 0.273101836
vt 0.322753906 0.899658203
vn -0.031445514 0.872610271 -0.487403959
vt 0.317138672 0.894042969
vt 0.312744141 0.909912109
v -0.074897744 0.069564834 0.253051788
vt 0.320556641 0.917480469
vn -0.062807530 0.910707772 -0.408248335
v -0.055503819 0.067642227 0.251190215
vt 0.328125000 0.924316406
vn -0.275710285 0.937414765 -0.212690771
v -0.052535985 0.079925552 0.261901885
vt 0.331787109 0.922119141
vn -0.315734833 0.891950905 0.323628187
v -0.047073334 0.062698379 0.274322540
vt 0.342529297 0.912597656
vn -0.165139422 0.778514624 0.605511367
v -0.045276612 0.074768081 0.279418975
vt 0.342285156 0.914794922
vn -0.841841519 -0.464192986 -0.275368541
v -0.050834626 0.066696182 0.279205352
vt 0.349121094 0.912597656
vn 0.126168236 0.906834126 0.402161181
v -0.020244570 0.067169204 0.276550323
vt 0.362548828 0.922607422
vn -0.007900985 0.892813563 0.450357258
v -0.014664620 0.064926162 0.290161163
vt 0.368652344 0.919433594
v -0.012638060 0.064483657 0.306030303
vt 0.374267578 0.913574219
vn 0.031445377 0.998391926 0.047168072
v -0.000517039 0.063644424 0.301788360
vt 0.378417969 0.918945312
vn 0.267691582 0.944794059 -0.188958883
v -0.002153604 0.059387222 0.295501739
vt 0.376464844 0.922607422
vn 0.251750082 0.920461237 0.298953176
vt 0.158935547 0.749511719
vt 0.172607422 0.738281250
vt 0.167480469 0.749755859
v -0.095298745 0.071258560 0.240341231
vt 0.159423828 0.760253906
vn 0.495740354 0.865578473 0.070819944
v -0.092636086 0.079971328 0.237350509
vt 0.153808594 0.756835938
vn 0.982396007 -0.172901660 -0.070732631
vt 0.150390625 0.748779297
v -0.097526535 0.077743545 0.206390426
vt 0.141113281 0.771728516
vn 0.621970117 0.755811810 0.204698920
v -0.074516274 0.071716323 0.228637740
vt 0.160888672 0.775634766
vn -0.000000018 0.982062519 0.188555956
v -0.088134743 0.104110718 0.218261763
vt 0.134277344 0.755371094
vn 0.974416494 0.180738583 0.133589208
vt 0.127197266 0.740722656
v -0.065124489 0.076950088 0.208190963
vt 0.151855469 0.789062500
vn -0.785649896 0.471390009 0.400681555
v -0.070343003 0.084289566 0.189941451
vt 0.137207031 0.787597656
vt 0.130859375 0.774658203
vt 0.126708984 0.755126953
vt 0.110595703 0.764404297
vt 0.125976562 0.798095703
vt 0.124267578 0.789062500
v -0.077720627 0.094604507 0.208190963
vt 0.148437500 0.804931641
vn -0.951106191 -0.298694551 0.078603961
v -0.054119088 0.083282486 0.234298736
vt 0.161376953 0.797851562
vn -0.584783792 -0.545271456 0.600588918
v -0.079002358 0.114112861 0.221069381
vt 0.156005859 0.817138672
vn -0.858880341 0.126074150 0.496417224
v -0.076370224 0.132530212 0.193512008
vt 0.154296875 0.826171875
vn -0.835786581 0.536164880 -0.118271589
v -0.049240094 0.147888184 0.235107452
vt 0.167480469 0.842041016
vn -0.567140102 0.685294390 0.456862956
vt 0.264404297 0.834960938
vt 0.269287109 0.828369141
vt 0.273925781 0.861572266
vt 0.256103516 0.825927734
vt 0.263916016 0.817871094
v -0.072380096 0.250797272 -0.101119958
vt 0.259277344 0.814697266
vn 0.251400173 0.966319680 -0.054993875
vt 0.245361328 0.802978516
v -0.052803069 0.246118546 -0.093368493
vt 0.252441406 0.794189453
vn 0.070653886 0.816446245 -0.573082566
v -0.051071193 0.243942261 -0.082405053
vt 0.250244141 0.792480469
vn -0.276302397 0.876273334 0.394717723
v -0.063308746 0.232776642 -0.101028405
vt 0.262207031 0.805419922
vn 0.732419610 0.338645667 -0.590661228
vt 0.263671875 0.807373047
vt 0.267089844 0.794677734
v -0.053325679 0.231683731 -0.090568505
vt 0.260986328 0.798095703
vn 0.102169059 0.432254285 -0.895945251
v -0.022371322 0.262489319 -0.103973359
vt 0.274902344 0.774658203
vn -0.528526723 0.520638168 -0.670518756
v -0.016347915 0.266494751 -0.092391938
vt 0.271484375 0.772216797
v -0.051651023 0.241777420 -0.055999719
vt 0.244384766 0.780761719
vn -0.464898556 0.882519305 0.070916742
v -0.006082556 0.269607544 -0.031246157
vt 0.265869141 0.737304688
vn -0.574233890 0.818086505 0.031464905
v -0.052524593 0.241607666 -0.066352807
vt 0.245605469 0.785400391
vn -0.377566844 -0.259577185 -0.888854921
v -0.051334407 0.230671883 -0.084411584
vt 0.239257812 0.789306641
vn -0.315205008 0.772252381 0.551608801
vt 0.226562500 0.795654297
v -0.044826530 0.229852200 -0.053718530
vt 0.226806641 0.780517578
vn -0.939428091 0.086837880 0.331562996
v -0.053428672 0.230694771 -0.061428033
vt 0.225585938 0.783447266
vn 0.394055128 0.851159275 -0.346768707
vt 0.001953125 0.851318359
vt 0.001953125 0.837646484
vt 0.003906250 0.842529297
vt 0.456054688 0.104736328
vt 0.451660156 0.110595703
vt 0.445556641 0.104248047
vt 0.462646484 0.107910156
v -0.072174087 0.232099533 0.013849298
vt 0.470947266 0.116699219
vn 0.529896796 0.846253216 -0.055362467
vt 0.458984375 0.118652344
vt 0.472167969 0.109375000
vt 0.475341797 0.140136719
vt 0.486083984 0.116699219
v -0.072509788 0.233677864 -0.031150779
vt 0.481689453 0.137451172
vn 0.308379918 0.925139725 0.221400887
v -0.046474479 0.241619110 -0.037265740
vt 0.491699219 0.147460938
vn -0.055248357 0.631410718 0.773478031
vt 0.472167969 0.149658203
v -0.077949546 0.252216339 -0.063713036
vt 0.473144531 0.158691406
vn 0.495311141 0.786208272 -0.369517982
vt 0.487304688 0.157470703
v -0.042453784 0.227321148 -0.025125468
vt 0.495117188 0.131835938
vn 0.204902306 0.977226615 0.055165950
v -0.049030326 0.230820656 -0.039886437
vt 0.495361328 0.141113281
vn 0.654803097 0.733695030 0.181451336
v -0.025943775 0.223625183 -0.022685971
vt 0.502441406 0.127929688
vn -0.505759001 0.782345951 0.363514304
vt 0.497070312 0.156005859
vt 0.491699219 0.158447266
vt 0.499755859 0.149414062
vt 0.501220703 0.144042969
vt 0.512695312 0.137939453
v -0.037090320 0.240100861 -0.024139369
vt 0.513671875 0.128662109
vn -0.976347685 0.118106544 0.181096882
v -0.021993652 0.222455308 -0.000825492
vt 0.500244141 0.117187500
vn -0.917605460 0.039551940 0.395519733
vt 0.493408203 0.110107422
vt 0.514648438 0.146972656
v -0.033332843 0.237025261 -0.013423886
vt 0.511230469 0.124023438
vn -0.836020410 -0.520541072 0.173513815
v -0.019826898 0.235953331 0.046852145
vt 0.508300781 0.104492188
vn -0.826925516 -0.448902458 0.338645816
v -0.034366619 0.252101898 0.028356584
vt 0.527587891 0.110839844
vn -0.858214498 0.480285168 0.181091249
v -0.028507253 0.254890442 -0.027454345
vt 0.525634766 0.127685547
vn -0.653705418 0.756093025 0.031503927
vt 0.534912109 0.127929688
v -0.007637993 0.268878937 0.009941130
vt 0.542968750 0.113037109
vn -0.583310425 0.811904967 0.023647759
v 0.009665468 0.284080505 -0.026391957
vt 0.543945312 0.125000000
vn -0.632356763 0.774636984 -0.007904409
v 0.008780467 0.280155182 0.042484310
vt 0.563964844 0.111572266
vn -0.574358165 0.668773234 0.472075343
vt 0.176269531 0.016357422
vt 0.185791016 0.016357422
vt 0.182128906 0.031005859
vt 0.939941406 0.937500000
vt 0.930419922 0.928955078
vt 0.938232422 0.927734375
vt 0.930175781 0.942138672
vt 0.942382812 0.948242188
v -0.055931069 0.074249282 0.231903106
vt 0.932617188 0.952148438
vn -0.196984798 0.953406394 0.228502333
vt 0.921630859 0.948242188
v -0.044876076 0.078125015 0.223892242
vt 0.928222656 0.959960938
vn -0.244268596 -0.464898497 0.851000845
v -0.031944253 0.077667251 0.242767364
vt 0.939208984 0.962646484
vn -0.188672587 0.927639723 -0.322315484
v -0.055213906 0.083694473 0.250335723
vt 0.946289062 0.953369141
vn -0.518033683 0.580825567 -0.627919436
vt 0.951660156 0.950683594
v -0.036857583 0.077957168 0.227767974
vt 0.930175781 0.962646484
vn -0.284276485 0.955484867 0.078965679
v -0.032924630 0.082595840 0.231857330
vt 0.932617188 0.965332031
vn -0.126074061 -0.717046857 0.685528398
v -0.029722193 0.082183853 0.229278594
vt 0.929687500 0.966064453
vn -0.110548645 0.702772677 -0.702772796
v -0.015315034 0.082580581 0.228851348
vt 0.924804688 0.972167969
vn -0.023647724 0.953791440 0.299537748
v -0.028560616 0.083435073 0.232696563
vt 0.930419922 0.968750000
vn 0.236484692 -0.063062496 0.969586611
v -0.015972115 0.086303726 0.232269317
vt 0.919921875 0.972656250
vn -0.125956818 -0.802975357 0.582550883
vt 0.919921875 0.966308594
vt 0.919433594 0.963623047
vt 0.919677734 0.962402344
v -0.024312951 0.090316787 0.246459991
vt 0.948974609 0.964843750
vn -0.023720853 0.988366246 -0.150231704
v -0.012474035 0.077804580 0.259063751
vt 0.949462891 0.972167969
vn 0.292273253 0.955812752 -0.031597193
v -0.016469929 0.088439956 0.262420684
vt 0.954589844 0.971923828
vn 0.663477302 0.734564185 0.142173588
v -0.023378344 0.083450332 0.280365020
vt 0.964843750 0.965087891
vn -0.055027731 0.762527823 0.644611061
vt 0.962646484 0.950439453
vt 0.973144531 0.964599609
vt 0.375244141 0.059814453
vt 0.372802734 0.108154297
vt 0.333251953 0.085205078
v -0.011513711 0.000900269 0.030929606
vt 0.331298828 0.049560547
v -0.022583015 0.000991821 -0.016128497
vt 0.311523438 0.061279297
v 0.042011261 0.000869751 0.043544807
vt 0.329345703 0.023681641
v 0.027584089 0.000915527 0.137405440
vt 0.373535156 0.017089844
vt 0.146484375 0.975341797
vt 0.153808594 0.970458984
vt 0.154296875 0.972900391
vt 0.154785156 0.978759766
vt 0.145263672 0.986572266
vt 0.140625000 0.983886719
vt 0.148681641 0.989990234
vt 0.563720703 0.975585938
vt 0.563720703 0.972412109
vt 0.570556641 0.977539062
vt 0.569580078 0.971191406
vt 0.573486328 0.976074219
vt 0.579345703 0.967041016
vt 0.579345703 0.989013672
vt 0.566894531 0.980957031
vt 0.535400391 0.737304688
v -0.074935973 0.001113877 -0.404266328
vt 0.538818359 0.735595703
vn 0.007867696 -0.983459592 -0.180956528
vt 0.541503906 0.740966797
v -0.062515318 0.004119858 -0.400848359
vt 0.535644531 0.730712891
vn 0.149806023 0.859414041 -0.488841087
v -0.035320342 0.002136216 -0.406738251
vt 0.536621094 0.718261719
vn -0.039485313 -0.939750314 -0.339573622
v -0.064964354 0.012496933 -0.396911591
vt 0.531250000 0.733642578
vn 0.299481899 0.945732594 -0.126097754
vt 0.527343750 0.740722656
v -0.043552455 0.007705674 -0.389984101
vt 0.529541016 0.721923828
vn -0.055027865 0.927611053 -0.369472235
v -0.063827574 0.008972153 -0.384704560
vt 0.525390625 0.731201172
vn 0.133395836 0.973005533 -0.188323706
vt 0.520751953 0.734375000
vt 0.527832031 0.745117188
v -0.045085963 0.011001572 -0.385131806
vt 0.525390625 0.723144531
vn -0.244946510 0.916573703 -0.316059917
v -0.014321384 0.009979233 -0.393035859
vt 0.533203125 0.708007812
vn -0.189772338 0.846067905 -0.498152137
v -0.065872245 0.010269150 -0.370819062
vt 0.517578125 0.732666016
vn -0.157499909 0.960749030 -0.228374794
v -0.035873469 0.010070786 -0.388305634
vt 0.529296875 0.718261719
vn -0.166014507 0.648246646 -0.743112087
v -0.005162775 0.002044663 -0.409698457
vt 0.543457031 0.707031250
vn -0.203973487 0.360875905 -0.910034955
v -0.020353373 0.016693100 -0.387451142
vt 0.528564453 0.711914062
vn -0.402348995 0.623246312 -0.670581400
vt 0.514892578 0.734375000
vt 0.519531250 0.742675781
v -0.040149745 0.014968857 -0.367980927
vt 0.515869141 0.721923828
vn -0.409753859 0.780108154 -0.472792804
v -0.056552939 0.019439682 -0.355163544
vt 0.507568359 0.728515625
vn -0.150067687 0.687151372 -0.710846424
vt 0.508056641 0.734863281
vt 0.512207031 0.743652344
v -0.054321341 0.028884873 -0.354980439
vt 0.503173828 0.725585938
vn -0.576719463 0.134304434 -0.805826902
vt 0.504150391 0.730957031
vt 0.506591797 0.739257812
vt 0.502197266 0.739990234
vt 0.489257812 0.738037109
vt 0.489501953 0.724365234
v -0.035965022 0.020950302 -0.371704072
vt 0.516357422 0.718505859
vn -0.592890203 0.189724758 -0.782614768
v -0.061565451 0.057311997 -0.348419160
vt 0.488769531 0.720947266
vn -0.664202929 0.134421945 -0.735367417
vt 0.483886719 0.724609375
vt 0.482421875 0.720703125
v -0.050533347 0.065399155 -0.340454072
vt 0.483886719 0.713134766
vn 0.047120042 0.997375369 -0.054973498
vt 0.469726562 0.723876953
v -0.048297931 0.065475449 -0.311950654
vt 0.473876953 0.708740234
vn 0.228480995 0.890288413 -0.393932968
v -0.040954638 0.064559922 -0.296203583
vt 0.469970703 0.702636719
vn 0.653037369 0.660905361 -0.369792402
v -0.014273691 0.064651474 -0.298217744
vt 0.474121094 0.689453125
vn 0.031541988 0.985689163 -0.165595815
v -0.046840724 0.063934311 -0.361083955
vt 0.493164062 0.711914062
vn -0.442042559 0.813042402 -0.378893524
v -0.014873559 0.062072739 -0.351501435
vt 0.493652344 0.694335938
vn 0.220609203 0.961226106 -0.165457025
v -0.043621119 0.057540879 -0.365722626
vt 0.497802734 0.711425781
vn -0.645089746 0.039334670 -0.763093770
v -0.031265315 0.062805161 -0.372436494
vt 0.497802734 0.705078125
vn 0.133408144 0.926010132 -0.353139549
v 0.008550593 0.061218247 -0.327880830
vt 0.489990234 0.675781250
vn 0.039485224 0.939750314 -0.339573681
v -0.032524165 0.051223740 -0.373016328
vt 0.503173828 0.704589844
vn 0.591192901 0.299537778 -0.748844504
v -0.029096659 0.041305527 -0.377532929
vt 0.508789062 0.707031250
vn -0.220254198 -0.007866269 -0.975410879
v -0.026079234 0.035202011 -0.370880097
vt 0.514160156 0.708251953
vn -0.669270694 0.165349141 -0.724386930
v -0.002044253 0.057601914 -0.337493867
vt 0.493896484 0.685546875
vn 0.709784389 0.260254294 -0.654579103
v -0.026458794 0.022750840 -0.369079560
vt 0.518554688 0.712890625
vn -0.812410116 0.228736743 -0.536348224
v -0.025289591 0.044769272 -0.370269746
vt 0.508056641 0.701416016
vn 0.023680763 0.931446731 -0.363106400
v -0.001314097 0.046478257 -0.345214814
vt 0.501220703 0.688964844
vn 0.615567803 0.662919164 -0.426162481
v -0.018507062 0.022064194 -0.397857636
vt 0.526123047 0.706298828
vn -0.857576907 -0.055073801 -0.511398911
v -0.009311733 0.013290390 -0.390502900
vt 0.531738281 0.702880859
vn 0.094664320 -0.331325531 -0.938755631
v -0.015995083 0.029449448 -0.391693085
vt 0.522460938 0.703369141
vn -0.315234512 0.583183587 -0.748681605
v -0.010403692 0.021499619 -0.398986787
vt 0.527099609 0.702148438
vn 0.583020627 0.039393280 -0.811501861
v -0.013534604 0.041702256 -0.385589570
vt 0.517822266 0.700683594
vn -0.236103520 0.857842445 -0.456466585
v -0.002746162 0.030960068 -0.387451142
vt 0.526123047 0.696044922
vn 0.322954684 0.047261652 -0.945233643
v 0.004881805 0.049865708 -0.350830048
vt 0.509765625 0.685791016
vn 0.015789617 0.963171303 -0.268424809
v -0.005783138 0.040313706 -0.384735078
vt 0.520263672 0.697265625
vn -0.078759789 0.897860467 -0.433178335
v -0.001325425 0.016647324 -0.382324189
vt 0.531250000 0.696044922
vn 0.346897811 0.268057466 -0.898781002
v 0.003352107 0.041000351 -0.390563935
vt 0.525634766 0.692382812
vn 0.536765814 0.157872334 -0.828829825
v -0.004872856 0.011291489 -0.393463105
vt 0.533447266 0.698974609
vn 0.235753149 0.927295983 -0.290762365
v -0.010993063 0.015182480 -0.400543183
vt 0.536376953 0.704589844
vn -0.519234598 0.794586182 -0.314687580
v 0.021541540 0.009704575 -0.388732880
vt 0.538818359 0.686523438
vn 0.133671805 0.778442383 -0.613318324
v -0.002376139 0.010482773 -0.409912080
vt 0.541015625 0.704345703
vn -0.173072964 0.511351466 -0.841763318
v 0.002884806 0.012619004 -0.404907197
vt 0.541259766 0.702148438
vn 0.747267365 0.637143850 -0.188783497
v 0.005741061 0.000961289 -0.402954072
vt 0.545898438 0.700439453
vn 0.023579726 -0.998206854 -0.055019233
v 0.008682194 0.022949204 -0.382873505
vt 0.531494141 0.689697266
vn 0.471506327 -0.055009101 -0.880145431
v 0.013920727 0.020263657 -0.387115449
vt 0.533691406 0.687500000
vn 0.204300418 0.660047829 -0.722909629
v 0.022714559 0.019515976 -0.375183076
vt 0.531494141 0.679199219
vn 0.204895899 0.780180931 -0.591046214
v 0.032947484 0.014892563 -0.378448457
vt 0.534179688 0.675537109
vn 0.109720327 0.807228863 -0.579950929
v 0.031345312 0.022262558 -0.376190156
vt 0.530761719 0.675048828
vn 0.126471236 0.648165643 -0.750923753
v 0.042766515 0.025115952 -0.367034882
vt 0.527832031 0.667480469
vn -0.418244541 0.789140463 -0.449810028
v 0.016111320 0.021331772 -0.372009248
vt 0.529296875 0.681152344
vn 0.354451507 0.771916807 -0.527739167
v 0.028882926 0.026962265 -0.368682832
vt 0.526367188 0.673828125
vn 0.039330974 0.833818972 -0.550635159
v 0.019859260 0.025848374 -0.370635957
vt 0.527099609 0.678955078
vn 0.799450040 0.189968348 -0.569905102
v 0.025583213 0.032989487 -0.356994599
vt 0.518798828 0.670898438
vn -0.149978817 0.773574352 -0.615702093
v 0.046401925 0.026824936 -0.361328095
vt 0.524658203 0.664306641
vn -0.533863187 0.785092890 0.314037204
v 0.017692510 0.046981797 -0.373687714
vt 0.520263672 0.686035156
vn 0.677753806 0.701396525 -0.220664188
v 0.015019363 0.031311020 -0.361083955
vt 0.520751953 0.677734375
vn 0.757504106 0.583909452 0.291954577
v 0.009469931 0.048034653 -0.362182587
vt 0.514892578 0.686279297
vn 0.525963604 0.839971721 0.133453339
v 0.011388727 0.029479966 -0.346771210
vt 0.514648438 0.677246094
vn 0.463805467 0.581722260 -0.668194473
v 0.037891336 0.032485947 -0.358367890
vt 0.519287109 0.666015625
vn 0.244185224 0.708925188 -0.661663592
v 0.050857492 0.032196030 -0.354949921
vt 0.522460938 0.659912109
vn -0.015765239 0.922261059 -0.386246145
v 0.023040719 0.048583969 -0.348602265
vt 0.506347656 0.671875000
vn -0.086355016 0.753642678 -0.651586950
v 0.041454263 0.038513169 -0.338806123
vt 0.512207031 0.658691406
vn 0.606111228 0.495909303 -0.621854603
v 0.034595437 0.043151841 -0.350280732
vt 0.511718750 0.666259766
vn 0.592871428 0.418962568 -0.687730968
v 0.036807962 0.050949082 -0.347991914
vt 0.507324219 0.665039062
vn 0.574518204 0.314804554 -0.755531013
v 0.052524514 0.039932236 -0.341796845
vt 0.516357422 0.655029297
vn -0.039331190 0.833818972 -0.550635159
v 0.059265085 0.032562241 -0.347076386
vt 0.522705078 0.654541016
vn -0.047168173 0.998391926 -0.031445451
v 0.067039438 0.033447251 -0.348846406
vt 0.525634766 0.651367188
vn 0.086870313 0.971368849 -0.221124664
v 0.050582834 0.058197007 -0.331726044
vt 0.501464844 0.656494141
vn 0.495448947 0.739241421 -0.456127763
v 0.050754499 0.046462998 -0.326446503
vt 0.504638672 0.651367188
vn 0.314950824 0.921231389 -0.228339493
v 0.074615426 0.038223252 -0.341155976
vt 0.522705078 0.646728516
vn 0.078555174 0.754130840 -0.652009010
v 0.086646982 0.030090317 -0.348297089
vt 0.530517578 0.644287109
vn 0.141956821 0.970038831 -0.197162405
v 0.065612741 0.046905503 -0.332214326
vt 0.514648438 0.647460938
vn -0.078767121 0.890067339 -0.448972046
v 0.081687875 0.046325669 -0.332305878
vt 0.518798828 0.641357422
v 0.095909066 0.045059189 -0.332641572
vt 0.523681641 0.637451172
vn 0.031456944 0.251656622 -0.967305303
v 0.102027841 0.040115342 -0.342224091
vt 0.531494141 0.637695312
vn 0.086547010 0.684509039 -0.723848820
v 0.087409921 0.059219345 -0.341918916
vt 0.520019531 0.632812500
vn -0.015797203 0.695071399 -0.718767107
v 0.076682992 0.052413926 -0.320037812
vt 0.513183594 0.638427734
v 0.077018686 0.063995346 -0.318786591
vt 0.512207031 0.633544922
vn -0.857364595 0.401152164 -0.322494835
v 0.086463876 0.071319565 -0.314849824
vt 0.509033203 0.625488281
vn -0.070857488 0.204698980 -0.976256907
v 0.111419626 0.067474350 -0.310424775
vt 0.514648438 0.615722656
vn 0.416999698 0.597961962 -0.684509158
v 0.075683542 0.055801377 -0.313842744
vt 0.510742188 0.636962891
vn -0.423467666 0.846935153 -0.321521640
v 0.062622018 0.049255356 -0.317291230
vt 0.508056641 0.644775391
vn -0.133379579 0.910118878 -0.392292619
v 0.093696550 0.068145737 -0.306274384
vt 0.506347656 0.628417969
vn -0.567562878 -0.709453702 -0.417789310
v 0.076698259 0.066925034 -0.300201386
vt 0.504394531 0.632568359
vn -0.213014975 0.717938960 -0.662712872
v 0.056949567 0.055740342 -0.307861298
vt 0.503906250 0.642089844
vn -0.165879786 0.750408053 -0.639821649
v 0.046031903 0.055236802 -0.306488007
vt 0.495117188 0.643554688
vn 0.533173323 0.478287965 -0.697830081
v 0.051010087 0.072769150 -0.287384003
vt 0.497558594 0.635742188
vn 0.094452970 -0.543105125 -0.834335327
v 0.069839425 0.072280869 -0.312683076
vt 0.500976562 0.622802734
vn -0.102169275 -0.432254285 -0.895945132
v 0.072555490 0.120925888 -0.312805146
vt 0.497558594 0.603027344
vn -0.000000134 0.551061451 -0.834464669
v 0.114974923 0.114814751 -0.314117432
vt 0.512695312 0.598144531
vn 0.157719940 0.441616207 -0.883232474
v 0.092727609 0.117385857 -0.300384492
vt 0.500732422 0.593261719
vn 0.102626562 0.994688690 0.007894297
v 0.045288038 0.075485215 -0.311920136
vt 0.491210938 0.633056641
vn 0.157285273 0.094371215 -0.983033836
v 0.043960519 0.106605515 -0.312530488
vt 0.489990234 0.616455078
vn -0.203986034 0.164757773 -0.965010226
v 0.041042279 0.088272080 -0.312011689
vt 0.488037109 0.626708984
vn -0.979418993 0.173767835 -0.102680899
v 0.046195935 0.124519333 -0.296905488
vt 0.487792969 0.605712891
vn -0.644950032 0.755063415 -0.117978603
v 0.042102769 0.094039902 -0.267791718
vt 0.476318359 0.608398438
vn -0.886854410 0.431654721 -0.164813533
v 0.044673875 0.109130844 -0.271820039
vt 0.479736328 0.604248047
vn -0.834438801 -0.511684179 -0.204673514
v 0.049751233 0.125671372 -0.274078339
vt 0.483154297 0.599853516
vn 0.763921499 0.259890825 -0.590661168
v 0.080322221 0.118125901 -0.271759003
vt 0.492187500 0.581542969
vn 0.149973989 0.986671269 -0.063147023
v 0.105903581 0.116844170 -0.284820527
vt 0.500732422 0.583251953
vn 0.055032834 0.998453617 0.007861788
v 0.050186116 0.129692078 -0.220474213
vt 0.470214844 0.574951172
vn 0.907709301 0.402549386 -0.118397012
v 0.076278642 0.124954216 -0.238662705
vt 0.479492188 0.569091797
vn -0.062859856 0.887894094 -0.455733269
v 0.118659928 0.114997856 -0.264221191
vt 0.488525391 0.563964844
vn 0.612731338 0.785553038 -0.086410955
v 0.041171979 0.059066758 -0.318847626
vt 0.490478516 0.639892578
vn 0.985842526 0.110414416 0.126187712
v 0.029758405 0.057647690 -0.313690156
vt 0.488281250 0.643554688
vn -0.228000432 -0.660414934 -0.715449452
v 0.033878278 0.052246079 -0.311828583
vt 0.487548828 0.639892578
vn 0.291410893 0.913612485 0.283534855
v 0.015865277 0.056045517 -0.312774628
vt 0.487304688 0.647705078
vn -0.235209301 0.297931582 -0.925155938
vt 0.491943359 0.647460938
vt 0.492431641 0.655517578
v 0.032867383 0.066375718 -0.316253632
vt 0.490234375 0.661132812
vn 0.023556307 0.840178847 -0.541797578
v 0.005624720 0.048309311 -0.332061738
vt 0.496582031 0.680908203
vn 0.252879411 0.655906200 -0.711223722
v 0.003747173 0.052749619 -0.339752167
vt 0.503662109 0.679687500
vn -0.519122124 0.849472642 0.094385877
v 0.002973744 0.034942612 -0.336273164
vt 0.502197266 0.684570312
vn -0.809619427 0.581668258 0.078603908
vt 0.521728516 0.909179688
vt 0.481445312 0.908447266
v -0.036586739 0.001022354 0.201416060
vt 0.477050781 0.884765625
vt 0.439208984 0.908447266
vt 0.440185547 0.865478516
vt 0.506347656 0.866699219
v 0.018899938 0.000976577 0.196136519
vt 0.469482422 0.857910156
v 0.067405723 0.001037613 0.205200225
vt 0.474609375 0.834472656
vt 0.904296875 0.285644531
vt 0.906494141 0.305175781
vt 0.893798828 0.301269531
vt 0.890869141 0.316650391
v -0.045967087 0.154930115 0.192642242
vt 0.905029297 0.327148438
vn -0.235404685 0.902384222 -0.360953689
vt 0.927490234 0.326171875
v -0.023050291 0.159961715 0.224380523
vt 0.919921875 0.341552734
vn 0.007892617 0.978686512 0.205208406
vt 0.876953125 0.328369141
v 0.000886037 0.154609680 0.200805694
vt 0.899902344 0.348388672
vn 0.426215380 0.789287865 -0.442001313
v 0.014176387 0.146865845 0.232528716
vt 0.908691406 0.363769531
vn 0.591984391 0.781419337 0.197328016
v -0.007498719 0.141113296 0.257782012
vt 0.924560547 0.359619141
vn 0.015795190 0.592316628 0.805550575
v 0.012098329 0.130867004 0.207931548
vt 0.892822266 0.360839844
vn 0.788968384 0.134124637 -0.599616170
v -0.000448601 0.119049080 0.182251006
vt 0.874267578 0.345703125
vn 0.220315441 0.928472221 0.298999459
vt 0.867431641 0.337402344
v 0.038925182 0.127502441 0.171890289
vt 0.859130859 0.347412109
vn -0.480911672 0.693774283 0.536098242
v 0.030195251 0.121803291 0.194061309
vt 0.863769531 0.352539062
vn -0.402173609 0.678175211 0.615089238
v 0.004188553 0.104362495 0.196731597
vt 0.875976562 0.354736328
vn 0.479098707 0.636180162 0.604763806
v 0.024402635 0.102897651 0.203750640
vt 0.866455078 0.357421875
vn 0.062797807 0.769272506 0.635827243
v 0.020172136 0.110839851 0.210922271
vt 0.866210938 0.360839844
vn -0.126203671 0.165642083 -0.978077412
v 0.023460407 0.095626846 0.210723907
vt 0.869628906 0.362548828
vn -0.125937343 0.613945007 0.779237807
v 0.005387802 0.089370742 0.215087920
vt 0.875244141 0.363769531
vn 0.922347009 0.007883332 -0.386282235
vt 0.895507812 0.370361328
v 0.017833730 0.092529312 0.223037750
vt 0.895019531 0.377929688
vn 0.659620285 -0.345515460 -0.667473018
v 0.022207277 0.129043579 0.213928252
vt 0.897705078 0.365966797
vn 0.726212800 0.031574525 0.686744511
v 0.011199972 0.136787415 0.239425689
vt 0.910400391 0.369628906
vn 0.971368849 -0.221124560 -0.086870506
v -0.009301167 0.113151558 0.220230132
vt 0.903564453 0.380859375
vn 0.844143808 -0.291900128 0.449683934
v 0.026515979 0.110816963 0.224029571
vt 0.900634766 0.374267578
vn 0.940278292 0.316059977 0.126423851
vt 0.895263672 0.375976562
vt 0.897705078 0.379882812
v 0.044143695 0.098937996 0.213150054
vt 0.895751953 0.385253906
vn -0.875292003 0.441588730 0.197137937
vt 0.678710938 0.762207031
vt 0.661621094 0.767089844
vt 0.677001953 0.758789062
vt 0.677734375 0.782470703
vt 0.672119141 0.798828125
vt 0.676513672 0.798339844
v 0.017181346 0.000915512 -0.337646455
vt 0.644042969 0.802490234
vt 0.618896484 0.765625000
v 0.043701131 0.000869736 -0.274139374
vt 0.612060547 0.810302734
vt 0.597412109 0.770751953
v 0.039272252 0.000900254 -0.395843476
vt 0.670166016 0.818603516
vn 0.000000042 -0.999876022 -0.015746037
v 0.030475587 0.000961289 -0.189071611
vt 0.574218750 0.798339844
vt 0.574462891 0.766113281
vt 0.546386719 0.758789062
v 0.024713496 0.000915527 -0.109519921
vt 0.540283203 0.796630859
v 0.072578393 0.001007065 -0.234313935
vt 0.590576172 0.818847656
v 0.135635331 0.000946030 -0.325164795
vt 0.624755859 0.856201172
v 0.095062196 0.000900254 -0.387390107
vt 0.658447266 0.839843750
v 0.057868898 0.001068100 -0.403381318
vt 0.669921875 0.828369141
vn -0.023613242 -0.991757214 -0.125937372
v 0.084701478 0.001251206 -0.407379121
vt 0.668457031 0.838134766
vn -0.023691904 -0.987163544 -0.157946125
v 0.089088380 0.001373276 -0.410766572
vt 0.669189453 0.840087891
vn 0.039363995 -0.984099448 -0.173201457
v 0.082763612 0.002990708 -0.408172578
vt 0.669921875 0.837646484
vn -0.086280584 0.886335850 -0.454933465
v 0.089752138 0.003601059 -0.408019990
vt 0.670898438 0.840332031
vn 0.078574613 0.935038924 -0.345728725
v 0.061031282 0.003250107 -0.404357880
vt 0.670654297 0.830566406
vn -0.133692697 0.802155614 -0.581956089
v 0.042022649 0.002944931 -0.398529023
vt 0.673339844 0.822998047
vn -0.023661800 0.828159213 -0.559993386
v 0.052291814 0.008773789 -0.389251679
vt 0.676025391 0.827636719
vn -0.054982018 0.911128998 -0.408437163
v 0.082015932 0.009277329 -0.393890351
vt 0.675537109 0.837402344
vn -0.063070484 0.882985413 -0.465144128
v 0.087699831 0.008529648 -0.390594453
vt 0.676513672 0.840087891
vn 0.235115096 0.822903216 -0.517253518
v 0.100761354 0.009857163 -0.386444062
vt 0.679931641 0.844238281
v 0.068778932 0.011215195 -0.385101289
vt 0.678222656 0.833251953
vn -0.322315603 0.078613475 -0.943362415
v 0.080871522 0.014526352 -0.395019501
vt 0.677978516 0.837890625
vn 0.070758604 0.345931649 -0.935587883
v 0.085266054 0.014648423 -0.388732880
vt 0.678955078 0.840087891
vn 0.732737899 0.504249811 -0.456976444
v 0.086311281 0.018600449 -0.381652802
vt 0.681640625 0.842041016
vn 0.376172662 0.572096109 -0.728834867
v 0.094337404 0.016036972 -0.382568330
vt 0.680664062 0.844482422
vn 0.298510045 0.785553038 -0.542031705
v 0.070632875 0.023574814 -0.390380830
vt 0.683105469 0.836914062
vn 0.212433711 0.220301732 -0.952018380
v 0.075920053 0.035842881 -0.371398896
vt 0.691894531 0.841064453
vn 0.370331317 0.764300942 -0.527919352
v 0.108390756 0.023849472 -0.374603242
vt 0.690429688 0.849853516
vn 0.441218406 0.614554405 -0.653948963
v 0.081542917 0.039474472 -0.365509003
vt 0.694580078 0.843505859
vn 0.236889645 0.971247733 -0.023689043
v 0.067336977 0.032653794 -0.390960664
vt 0.687500000 0.836181641
vn 0.339881003 0.521677971 -0.782517076
v 0.043350164 0.020996079 -0.383727998
vt 0.682861328 0.828857422
vn -0.501640856 -0.266496688 -0.823004305
v 0.049663484 0.040466294 -0.392120332
vt 0.687988281 0.831542969
vn -0.086716525 0.638547897 -0.764680922
v 0.060024206 0.044525132 -0.365875214
vt 0.696289062 0.832519531
vn 0.197414190 0.979174554 0.047379345
v 0.065940805 0.037658677 -0.355468720
vt 0.698730469 0.835937500
vn 0.189612299 0.932260394 0.308119923
vt 0.702636719 0.842285156
v 0.105422921 0.030609116 -0.359130830
vt 0.705078125 0.850341797
vn 0.552432716 0.789189577 0.268324375
vt 0.701660156 0.834716797
v 0.060680334 0.041168198 -0.360107392
vt 0.697509766 0.832519531
vn -0.377251714 0.801659942 0.463705271
vt 0.700439453 0.830078125
v 0.043579046 0.046859726 -0.376403779
vt 0.688964844 0.827880859
vn -0.866571665 0.488431275 0.102413103
vt 0.690185547 0.822753906
vt 0.687744141 0.822509766
v 0.056499429 0.036117539 -0.356964082
vt 0.695556641 0.829101562
vn -0.670518816 0.741514981 0.023665426
vt 0.695556641 0.826171875
v 0.057781167 0.036483750 -0.355255097
vt 0.697021484 0.830322266
vn -0.528789937 0.733992040 0.426188946
v 0.056949563 0.036132798 -0.356109589
vt 0.696289062 0.829833984
vn -0.495372415 0.770579338 0.401015788
v 0.043289129 0.013916001 -0.377807587
vt 0.680664062 0.824218750
vn -0.716957986 0.393932790 -0.575141907
vt 0.681152344 0.815917969
v 0.032146398 0.008209214 -0.392913789
vt 0.677001953 0.815917969
vt 0.678955078 0.812255859
v 0.018258991 0.006469712 -0.395751923
vt 0.677001953 0.809326172
vn 0.055109456 0.810897887 -0.582586944
vt 0.678955078 0.801757812
v 0.027915897 0.001541123 -0.402008027
vt 0.672607422 0.812011719
vn 0.055220786 0.520654321 -0.851979911
v 0.034439027 0.001876816 -0.400482148
vt 0.674560547 0.816650391
vn 0.047469657 0.648753643 -0.759516537
v 0.038627565 0.002166733 -0.404846162
vt 0.672851562 0.819335938
vn 0.236161903 -0.873799086 -0.425091445
v -0.066856422 0.122482292 -0.224853471
vt 0.442871094 0.975097656
vn 0.596817672 -0.047117203 -0.800992310
vt 0.433349609 0.973632812
vt 0.438476562 0.961914062
vt 0.433349609 0.985351562
v -0.052150767 0.122947685 -0.237609833
vt 0.452148438 0.970947266
vn 0.078701198 -0.991634309 0.102311514
v -0.028173486 0.125808716 -0.221374482
vt 0.452636719 0.988281250
vn -0.157793716 -0.915203393 -0.370815128
vt 0.078613281 0.341552734
vt 0.085449219 0.340332031
vt 0.098876953 0.348144531
vt 0.079589844 0.333496094
vt 0.094482422 0.337646484
vt 0.071044922 0.333007812
v -0.041290328 0.074554428 -0.283264130
vt 0.066406250 0.339843750
vn 0.314687520 0.794586182 -0.519234657
vt 0.068115234 0.349365234
vt 0.077880859 0.356201172
vt 0.063720703 0.347656250
vt 0.068115234 0.354736328
vt 0.062988281 0.351806641
vt 0.062744141 0.322509766
v -0.033035323 0.089416489 -0.263244599
vt 0.055664062 0.347167969
vn -0.291537613 0.764301002 -0.575195611
vt 0.056152344 0.359619141
v -0.013326691 0.076553330 -0.283203095
vt 0.056152344 0.330566406
vn -0.181502432 0.378787369 -0.907511473
v -0.009208721 0.108436577 -0.243469208
vt 0.034423828 0.352294922
vn -0.070820153 0.865578473 -0.495740414
vt 0.032226562 0.368164062
v 0.018276174 0.114006035 -0.238449067
vt 0.022216797 0.350097656
vn -0.386919826 -0.837010264 -0.386919737
v -0.034263656 0.098594651 -0.269256562
vt 0.050537109 0.343750000
vn -0.463762611 0.786038160 -0.408739805
v 0.043647721 0.099746689 -0.259033173
vt 0.018554688 0.336181641
vn -0.211746916 0.792089880 -0.572500706
v 0.019565541 0.114555351 -0.238876313
vt 0.021484375 0.350341797
vn -0.078489952 -0.894785285 -0.439543635
v 0.047416646 0.112693779 -0.241104096
vt 0.011230469 0.337646484
vn -0.275343090 -0.959767520 -0.055068549
vt 0.018554688 0.323730469
vt 0.020751953 0.333007812
v 0.011358216 0.104072556 -0.267547578
vt 0.035888672 0.337890625
vn 0.141561165 0.943741679 -0.298851579
v 0.016975358 0.091888413 -0.266571015
vt 0.032226562 0.331054688
vn 0.229415625 0.688247144 -0.688247323
v -0.008140611 0.092559800 -0.293182343
vt 0.047607422 0.334960938
vn 0.102857500 0.419342667 -0.901982367
v 0.033801988 0.078704819 -0.284149140
vt 0.031738281 0.318115234
vn -0.354759961 0.851423681 -0.386294037
vt 0.025634766 0.304443359
v -0.002383517 0.072372422 -0.290954560
vt 0.053955078 0.323486328
vn -0.031527475 0.748774648 -0.662074506
vt 0.031494141 0.302978516
v 0.000815702 0.064895615 -0.296783417
vt 0.055664062 0.318359375
vn 0.110465832 0.954741061 -0.276164770
v 0.010703993 0.061386093 -0.299926728
vt 0.052978516 0.313720703
vn -0.520654380 0.765204072 -0.378657639
v 0.016162822 0.061920151 -0.320281953
vt 0.056640625 0.305664062
vn 0.086354889 0.973455250 0.211961985
vt 0.060546875 0.305419922
vt 0.057617188 0.296875000
vt 0.055419922 0.297607422
vt 0.053466797 0.297119141
vt 0.052978516 0.306396484
v 0.018077800 0.074951157 -0.315154999
vt 0.046630859 0.305664062
vn -0.291293561 0.740042806 -0.606205285
vt 0.049804688 0.300292969
v 0.010878514 0.075698838 -0.302825898
vt 0.046386719 0.311035156
vn -0.685209394 0.677333355 0.267783046
vt 0.043212891 0.300781250
vt 0.039306641 0.297119141
vt 0.748779297 0.989013672
vt 0.744873047 0.976806641
vt 0.752197266 0.974365234
v -0.056274392 0.108184822 0.243209869
vt 0.094970703 0.912109375
vn -0.588620067 -0.007848259 0.808371663
vt 0.078613281 0.905761719
vt 0.100585938 0.900390625
vt 0.082763672 0.927734375
vt 0.102539062 0.887207031
vt 0.105224609 0.895019531
vt 0.108154297 0.898437500
v -0.043533303 0.090957657 0.241958648
vt 0.106201172 0.907226562
vn -0.156916931 -0.619822383 0.768893659
vt 0.109375000 0.898437500
vt 0.110839844 0.893798828
vt 0.113281250 0.894531250
v -0.036010720 0.097297676 0.245727569
vt 0.106445312 0.911865234
vn -0.149708316 0.086673349 0.984923959
v -0.046985604 0.127731323 0.246154815
vt 0.094482422 0.922851562
vn -0.447640777 0.109946907 0.887428522
v -0.019729592 0.097106948 0.247131377
vt 0.112304688 0.918457031
vn -0.387245864 -0.576917410 0.719171107
v -0.022951102 0.118492141 0.262878448
vt 0.107910156 0.931640625
vn 0.180761009 -0.047154956 0.982396007
v -0.017797446 0.102607742 0.257690459
vt 0.113769531 0.924316406
vn 0.110496782 -0.560377002 -0.820833802
vt 0.100097656 0.944335938
vt 0.078369141 0.942871094
v -0.014105776 0.123725899 0.238266021
vt 0.112060547 0.944091797
vn 0.442649841 -0.490076423 0.750923574
v 0.005414508 0.128890991 0.252868682
vt 0.107177734 0.950439453
vn -0.173789442 0.236985803 0.955842614
vt 0.104248047 0.960693359
vt 0.969238281 0.237060547
vt 0.988525391 0.210449219
vt 0.996337891 0.247802734
vt 0.234130859 0.914306641
vt 0.231933594 0.905761719
v -0.022388509 0.195501313 -0.282684296
vt 0.249023438 0.906250000
vn 0.039241213 0.541530490 -0.839764833
vt 0.236083984 0.898193359
v 0.006909797 0.197864518 -0.274963349
vt 0.261718750 0.903808594
vn 0.062990107 0.984221458 -0.165349260
v 0.000228072 0.182403550 -0.282409638
vt 0.259033203 0.911621094
vn -0.000000127 -0.086291149 -0.996270061
v -0.007586049 0.139694199 -0.273101777
vt 0.256835938 0.932617188
vn -0.007878779 -0.173330531 -0.984832287
vt 0.229492188 0.921630859
v 0.048000284 0.189598083 -0.282531708
vt 0.278808594 0.907958984
vn 0.173292696 0.496247590 -0.850710213
v 0.036312055 0.195005402 -0.258209199
vt 0.277343750 0.897216797
vn 0.134153813 0.986425579 -0.094696909
v 0.055026960 0.191907868 -0.269775361
vt 0.285156250 0.905517578
vn 0.913612485 0.401674479 -0.063007891
v 0.054649305 0.159622177 -0.279754609
vt 0.281738281 0.920898438
vn 0.535366595 -0.173206896 -0.826669335
v 0.051063497 0.184131622 -0.224090546
vt 0.304443359 0.910888672
vn 0.999225974 -0.039339561 -0.000000129
vt 0.232421875 0.941650391
vt 0.282714844 0.937011719
vt 0.303955078 0.935546875
v 0.014253571 0.108932480 -0.272430390
vt 0.267089844 0.944580078
vn -0.102432139 -0.811577380 -0.575195611
vt 0.280761719 0.944580078
vt 0.280517578 0.957519531
vt 0.267089844 0.958984375
vt 0.266357422 0.958984375
v -0.013343857 0.116523728 -0.269531220
vt 0.254882812 0.943115234
vn -0.141499966 -0.966916621 -0.212249935
vt 0.232910156 0.944580078
vt 0.244628906 0.961914062
vt 0.233886719 0.957763672
v -0.043163333 0.193613052 -0.147811860
vt 0.156494141 0.054199219
vn 0.939516068 -0.307908595 -0.150006875
v -0.045734439 0.187160477 -0.148330659
vt 0.158447266 0.055908203
vn 0.748309910 0.661663592 -0.047261812
v -0.029232059 0.203571305 -0.154235810
vt 0.147216797 0.058105469
vn 0.472089946 -0.023604432 0.881234288
v -0.031906161 0.180255890 -0.150176972
vt 0.160644531 0.062011719
vn 0.386775255 0.536749244 0.749870121
v -0.020854982 0.179252625 -0.135528535
vt 0.168457031 0.054931641
vn 0.370619029 0.851635456 -0.370619208
vt 0.146972656 0.053710938
v -0.024133712 0.190216064 -0.123367280
vt 0.167480469 0.042724609
vn 0.684508979 0.527150691 -0.503547013
v -0.033779174 0.215628624 -0.123023950
vt 0.153076172 0.038330078
vn 0.966319621 -0.054993771 -0.251400352
vt 0.152099609 0.027099609
v -0.019086866 0.205034256 -0.108589143
vt 0.163818359 0.032470703
vn 0.738967121 0.220117912 -0.636769772
v -0.018186599 0.232880592 -0.105842561
vt 0.158203125 0.020751953
vn 0.149894565 -0.071002774 -0.986149251
vt 0.148925781 0.022460938
v 0.002161949 0.257553101 -0.109321564
vt 0.158935547 0.005371094
vn -0.228765368 -0.078884624 -0.970280170
vt 0.148925781 0.004394531
vt 0.975585938 0.899658203
v -0.023900962 0.103836074 0.262573272
vt 0.963623047 0.900146484
vn -0.447089672 0.400027692 0.800055444
vt 0.970947266 0.896240234
v -0.036777474 0.091690078 0.253570586
vt 0.973632812 0.905273438
vn 0.031620864 -0.988150001 0.150198847
v -0.017324422 0.089447036 0.264709502
vt 0.963378906 0.909179688
vn 0.244451016 -0.827978969 0.504672825
vt 0.966308594 0.914306641
vt 0.983398438 0.904541016
vt 0.989990234 0.897216797
v -0.011258102 0.083633438 0.244216949
vt 0.991943359 0.902587891
vn -0.110007890 -0.942925513 0.314308524
vt 0.976806641 0.909179688
vt 0.968994141 0.917724609
vt 0.964111328 0.923095703
vt 0.636962891 0.543945312
vt 0.643798828 0.541503906
v -0.027591746 0.201679215 -0.210464448
vt 0.635742188 0.548828125
vn 0.134316966 -0.260733187 -0.956021607
vt 0.631835938 0.555664062
v -0.014102027 0.197370514 -0.238738984
vt 0.618896484 0.539306641
vn 0.023603715 0.999225974 -0.031471733
vt 0.635742188 0.520507812
vt 0.605468750 0.522949219
v 0.011769256 0.201728806 -0.191833466
vt 0.612304688 0.560058594
vn 0.015810842 0.996086419 -0.086959973
v 0.040843923 0.198013306 -0.204925507
vt 0.589111328 0.552734375
vn 0.055296626 0.995340228 -0.078995310
v 0.051433519 0.194694519 -0.223419160
vt 0.580566406 0.544921875
vn 0.362485737 0.929854751 -0.063041084
vt 0.585449219 0.529296875
vt 0.574218750 0.526855469
vt 0.573730469 0.545166016
vt 0.629638672 0.574462891
vt 0.652099609 0.553222656
v 0.053161584 0.198921204 -0.190734833
vt 0.583984375 0.559082031
vn 0.931243718 0.347243458 -0.110486686
v 0.055328336 0.203046799 -0.159042329
vt 0.588134766 0.570556641
vn 0.220465615 0.873988688 0.433057398
v -0.015326535 0.203248978 -0.161132783
vt 0.625732422 0.578857422
vn -0.015729025 0.943741679 0.330309540
vt 0.634765625 0.578369141
vt 0.632080078 0.581787109
vt 0.627197266 0.593261719
v 0.055747952 0.181232452 -0.162933320
vt 0.580322266 0.576904297
vn 0.998021960 0.000000041 -0.062867656
vt 0.557617188 0.569091797
v -0.012762103 0.196062088 -0.151153535
vt 0.620361328 0.583251953
vn 0.023592928 0.220199600 0.975169480
v -0.013225588 0.170681000 -0.149856538
vt 0.617187500 0.594482422
vn 0.086376302 0.345504820 0.934433341
vt 0.623779297 0.602050781
v 0.053871121 0.167976379 -0.154861420
vt 0.580322266 0.585937500
vn 0.157749638 0.055212386 0.985934496
v 0.013458219 0.163986206 -0.152084321
vt 0.599609375 0.593750000
vn 0.345260024 0.933771491 0.094161756
v 0.056205716 0.148361206 -0.156570405
vt 0.574218750 0.593994141
vn 0.644870102 0.762834251 -0.047185745
v 0.066520654 0.134307861 -0.194824204
vt 0.558593750 0.580322266
vn -0.267385274 0.927983940 -0.259520918
v 0.004333945 0.175529480 -0.119071931
vt 0.609375000 0.606201172
vt 0.629150391 0.609619141
v 0.038471192 0.157089233 -0.134307832
vt 0.586181641 0.604248047
vn 0.283359081 0.920917392 -0.267617077
v 0.022907227 0.168933868 -0.129455537
vt 0.596923828 0.605712891
vn 0.393177003 0.896443725 -0.204452157
v 0.086967431 0.134185791 -0.190307602
vt 0.553466797 0.590820312
v 0.031814549 0.163875580 -0.117858864
vt 0.591308594 0.613037109
vn -0.063241743 0.529648364 -0.845856488
v 0.083778352 0.140625000 -0.157043442
vt 0.562500000 0.602783203
vn 0.109909534 0.965634465 -0.235520661
v 0.072196923 0.149932861 -0.194808945
vt 0.551513672 0.583740234
vn -0.266463876 0.862089157 0.431044579
v 0.078872643 0.150817871 -0.220504746
vt 0.545654297 0.577392578
vn -0.560936332 0.805852115 -0.189612225
v 0.102661096 0.142318726 -0.190383896
vt 0.542968750 0.590087891
vn 0.228141442 0.951900601 0.204540536
v 0.089469872 0.143501282 -0.188354477
vt 0.548339844 0.589111328
vn -0.102071390 0.204143062 0.973605216
v 0.098060571 0.132713318 -0.188384995
vt 0.548583984 0.593994141
vn 0.086557835 0.967874110 0.236066788
v 0.114173852 0.132301331 -0.190917954
vt 0.541748047 0.596923828
vn 0.440562636 0.896859705 -0.039336052
v 0.117858849 0.141647339 -0.200042710
vt 0.536132812 0.593994141
vn 0.622587919 0.693515658 0.362519413
v 0.129775971 0.130477905 -0.190032944
vt 0.536376953 0.603027344
vn -0.133916482 0.905905068 -0.401749194
v 0.130523652 0.139328003 -0.164184555
vt 0.543457031 0.613281250
vn -0.251075119 0.925839126 -0.282459378
v 0.080932587 0.145889282 -0.140472397
vt 0.567382812 0.611083984
vn 0.118282616 0.914719522 -0.386390209
v 0.104576081 0.144584656 -0.143432602
vt 0.557861328 0.615966797
vn -0.000000088 0.932738245 -0.360554308
v 0.072982758 0.156578064 -0.122589089
vt 0.574707031 0.619873047
vn -0.015767729 0.583401024 -0.812031209
v 0.117752045 0.149848938 -0.130340561
vt 0.555664062 0.626464844
vn 0.369517803 0.628966570 -0.684001267
v 0.131668061 0.150306702 -0.123855576
vt 0.548828125 0.628906250
vn -0.921345592 0.385862648 -0.047248393
v 0.066230744 0.183799744 -0.121360756
vt 0.584228516 0.633300781
vn -0.157970920 -0.015797129 -0.987317383
v 0.118377663 0.155014038 -0.105934128
vt 0.550781250 0.639404297
vn 0.590167046 0.794758379 -0.141640201
v 0.134201020 0.152694702 -0.101501450
vt 0.542968750 0.638916016
vn 0.118337907 0.938814044 0.323456883
v 0.125015244 0.155067444 -0.070449814
vt 0.540527344 0.653564453
vn 0.473720312 0.876382649 -0.086848825
v 0.105041482 0.180080414 -0.090362534
vt 0.556884766 0.653808594
vn 0.825442135 0.550294816 -0.125781789
v 0.130050644 0.154113770 -0.048355088
vt 0.534423828 0.664062500
vn 0.776715517 0.611957729 -0.149066746
v 0.081291169 0.208601952 -0.125823960
vt 0.579833984 0.647460938
vn 0.786938190 0.487901717 -0.377730489
v 0.087272622 0.207896233 -0.075721726
vt 0.566406250 0.670166016
vn 0.847352028 0.517826319 -0.117687926
v 0.106475808 0.191888809 -0.041481003
vt 0.549804688 0.681396484
vn 0.813017130 0.560429335 -0.157867551
v 0.059104886 0.248306274 -0.123176552
vt 0.599121094 0.660156250
vn 0.260611057 0.221124604 -0.939779758
v 0.041274995 0.291961670 -0.080825783
vt 0.609863281 0.690429688
vn 0.866571724 0.488431394 -0.102413163
v 0.018398253 0.243980408 -0.115196198
vt 0.618652344 0.649169922
vn -0.244359896 -0.015765201 -0.969556510
v 0.053092934 0.272819519 -0.044548016
vt 0.591552734 0.703857422
vn 0.884636402 0.458115339 -0.086884089
v 0.081344582 0.227822304 -0.047557812
vt 0.564697266 0.689941406
vn 0.842519641 0.519685090 -0.141732410
v 0.095436074 0.201740265 -0.037330609
vt 0.554443359 0.686523438
vn 0.824703455 0.557656646 -0.094251961
v 0.092658982 0.214049339 -0.031028731
vt 0.556884766 0.692382812
vn 0.826669097 0.535366714 -0.173207015
v 0.078170761 0.252418518 0.023473756
vt 0.559570312 0.725341797
vn 0.832275391 0.533912599 -0.149181589
v 0.062446572 0.260265350 -0.040977456
vt 0.582763672 0.701904297
vn 0.840541601 0.518464983 -0.157110721
v 0.063926682 0.272911072 0.018518467
vt 0.576904297 0.732177734
vn 0.852935851 0.497545958 -0.157951206
v 0.045516945 0.293785095 -0.026620844
vt 0.600341797 0.716064453
vn 0.873555541 0.472192258 -0.118048191
v 0.049045544 0.294570923 -0.000541607
vt 0.598632812 0.727294922
vn 0.892813504 0.418753296 -0.165921226
v 0.038059212 0.308403015 -0.020364741
vt 0.611572266 0.719482422
vn -0.118077375 0.968233824 -0.220410988
v 0.046833016 0.291984558 -0.044715863
vt 0.604248047 0.708251953
vn 0.669021785 0.739859462 -0.070837721
v 0.046714768 0.313026428 0.019798299
vt 0.608886719 0.736816406
vn -0.282311738 0.956723034 0.070577919
v 0.015603047 0.289581299 -0.009233450
vt 0.631103516 0.722167969
vn -0.645089626 0.763093829 0.039334785
vt 0.640625000 0.745117188
vt 0.634765625 0.712402344
v 0.019100167 0.290641785 -0.037315346
vt 0.629394531 0.709716797
vn -0.574074030 0.817858756 0.039320171
vt 0.645019531 0.704345703
vt 0.653076172 0.667968750
v 0.032657597 0.307197571 -0.057163216
vt 0.618652344 0.699951172
vn -0.078928806 0.978717029 0.189429060
v 0.011059733 0.288513184 -0.080032319
vt 0.634277344 0.688476562
vn -0.661396801 0.748008311 0.055116452
v 0.017656295 0.294342041 -0.102157563
vt 0.631835938 0.679199219
vn -0.449684113 0.891478896 -0.055224333
v 0.031217547 0.305343628 -0.074439980
vt 0.621582031 0.691650391
vn -0.196600735 0.975139380 -0.102232374
v 0.032756776 0.300460815 -0.095794655
vt 0.620361328 0.683349609
vn 0.457558870 0.788894773 -0.410225362
v 0.040863007 0.282463074 -0.107635476
vt 0.613281250 0.676025391
vn 0.757009208 0.622955620 -0.197137967
vt 0.644531250 0.661865234
v 0.031314816 0.295181274 -0.118553139
vt 0.623535156 0.672363281
vn -0.047425412 0.229222104 -0.972218156
v 0.016155209 0.293098450 -0.113914460
vt 0.629882812 0.671386719
vn -0.432160974 0.345728636 -0.832891762
vt 0.631591797 0.652343750
v 0.005176992 0.239999771 -0.098998994
vt 0.627197266 0.643066406
vn -0.338121921 -0.157266006 -0.927869022
vt 0.636962891 0.635742188
v 0.011774987 0.225581169 -0.115882844
vt 0.615966797 0.639892578
vn -0.402424157 -0.015781391 -0.915317357
v -0.001377491 0.219758511 -0.097724885
vt 0.626220703 0.632812500
vn -0.354484707 -0.464768797 -0.811375856
vt 0.638183594 0.621093750
v 0.031326264 0.185535431 -0.117034890
vt 0.598144531 0.626708984
vn -0.386018395 -0.126046851 -0.913839161
v 0.007207366 0.202667236 -0.103950471
vt 0.615234375 0.629638672
vn -0.714654863 -0.337694079 -0.612561166
v 0.020587895 0.182510376 -0.102424592
vt 0.604003906 0.622558594
vn -0.803149641 0.078740098 -0.590551078
v -0.011863735 0.206876755 -0.087303132
vt 0.627197266 0.623779297
vn 0.568074882 -0.063119464 -0.820552826
v 0.013110136 0.199047089 -0.085807770
vt 0.616699219 0.623291016
vn -0.473720431 -0.086848781 -0.876382470
v -0.000833418 0.182849884 -0.094444245
vt 0.617431641 0.615234375
vn 0.432574898 0.707850039 -0.558415115
v 0.031967137 0.169326782 -0.101730324
vt 0.600097656 0.615722656
vn 0.330954850 0.709189236 -0.622510672
vt 0.166015625 0.265136719
vt 0.136718750 0.270751953
vt 0.136718750 0.223876953
v 0.051555619 0.000885010 -0.068069428
vt 0.160644531 0.221679688
vt 0.188476562 0.270996094
vt 0.206054688 0.250976562
v 0.085594170 0.000976562 -0.043521851
vt 0.178710938 0.212646484
v 0.165390000 0.000961304 -0.130416840
vt 0.159667969 0.158935547
vt 0.978027344 0.247314453
vt 0.937011719 0.260742188
vt 0.944824219 0.238281250
vt 0.023437500 0.274169922
vt 0.032470703 0.261962891
vt 0.054199219 0.258056641
v -0.012638102 0.254562378 0.048606902
vt 0.018066406 0.262939453
vn -0.212177813 0.455789596 0.864428461
v -0.005659116 0.269638062 0.035694148
vt 0.014648438 0.251708984
vn -0.511747539 0.771557868 0.377905935
vt 0.022216797 0.242431641
vt 0.007080078 0.244140625
v 0.005649078 0.261604309 0.038902313
vt 0.007812500 0.253906250
vn 0.086773150 0.141992256 0.986057103
v 0.005808820 0.238565445 0.044147521
vt 0.005615234 0.265869141
vn 0.219711021 0.282485485 0.933771372
v -0.010118493 0.238349915 0.053867370
vt 0.016357422 0.270751953
vn -0.015702687 -0.259096563 0.965723753
v 0.017293921 0.224680901 0.045711543
vt 0.000244141 0.273681641
vn 0.071129166 -0.410967708 0.908870935
v -0.004764090 0.207922935 0.033744842
vt 0.011962891 0.288574219
vn -0.346800804 -0.827593088 0.441383064
vt 0.021728516 0.296875000
vt 0.012695312 0.298583984
v 0.017904270 0.217078686 0.023729352
vt 0.002441406 0.298339844
vn -0.504296660 -0.764324725 0.401861548
vt 0.006591797 0.317382812
vt 0.017333984 0.309570312
v -0.019159270 0.022964492 0.403503448
vt 0.411865234 0.833740234
vn -0.762339234 0.267211705 0.589437723
vt 0.421875000 0.815673828
vt 0.433593750 0.828857422
vt 0.413574219 0.840087891
v -0.021764712 0.045379654 0.380554229
vt 0.419677734 0.815917969
vn -0.252352148 0.914776504 0.315440148
vt 0.409912109 0.801025391
v -0.012517882 0.020645157 0.407135040
vt 0.407714844 0.835693359
vn 0.393250108 -0.165164933 0.904474914
vt 0.404296875 0.840576172
v -0.011866525 0.040313736 0.392944366
vt 0.411132812 0.821777344
vn -0.118396834 0.797205567 0.591984332
v -0.002921536 0.031784073 0.394317657
vt 0.403808594 0.827392578
vn 0.306630820 0.125797257 0.943479002
v -0.000611200 0.016403213 0.390594512
vt 0.397216797 0.832275391
vn 0.370953858 0.489343315 0.789263248
v 0.010395092 0.046691909 0.375000030
vt 0.400878906 0.808837891
vn 0.126187816 0.985842526 0.110414304
v 0.001759211 0.050216690 0.358032256
vt 0.402832031 0.799316406
vn 0.047178280 0.998607934 -0.023589212
vt 0.402099609 0.795410156
v 0.002460287 0.040267959 0.398681670
vt 0.402587891 0.822265625
vn 0.377391696 0.369529337 0.849131107
v 0.004789874 0.022628799 0.390228301
vt 0.395263672 0.826171875
vn 0.203973442 0.109831847 0.972795904
v 0.006897013 0.046478286 0.359283477
vt 0.399169922 0.800537109
vn 0.620414674 0.643974662 0.447640777
v 0.018209500 0.046997085 0.381683379
vt 0.396972656 0.813232422
vn 0.878843784 0.384494185 0.282485336
v 0.013618511 0.031616226 0.367279083
vt 0.390380859 0.809326172
vn 0.634713590 0.767925143 -0.086195804
v 0.017814681 0.022064224 0.381011993
vt 0.386474609 0.819091797
vn 0.575427890 0.362598389 0.733079195
v 0.020036740 0.027496353 0.376434356
vt 0.386962891 0.815185547
vn 0.598110139 0.763377428 0.243965879
v 0.012630503 0.029159561 0.355011016
vt 0.390869141 0.803955078
vn 0.244763225 0.489526302 0.836932003
v 0.004955807 0.052902237 0.347167999
vt 0.398925781 0.791992188
vn -0.331068099 0.938026190 0.102473460
vt 0.403320312 0.787353516
vt 0.398925781 0.785156250
v 0.022010842 0.050567642 0.352569610
vt 0.389404297 0.793945312
vt 0.396728516 0.780517578
v 0.021833459 0.043746963 0.357818633
vt 0.388916016 0.798095703
vn -0.213366956 0.158049718 0.964103103
v 0.022949260 0.035034195 0.361267120
vt 0.384765625 0.804199219
vn -0.315420479 0.701810718 0.638726592
v 0.026418727 0.040847793 0.364379913
vt 0.384277344 0.801025391
vn -0.054973353 0.486907691 0.871721804
v 0.035850566 0.031387344 0.365631133
vt 0.377197266 0.803466797
vn 0.354100347 0.802627385 0.480002582
v 0.043212932 0.026000991 0.373260528
vt 0.372802734 0.809814453
vn -0.456410050 0.889212668 -0.031476531
v 0.059879344 0.030303970 0.351532012
vt 0.366943359 0.794921875
vn -0.260586798 0.963381410 0.063172542
v 0.041523021 0.031723037 0.357147247
vt 0.374755859 0.798583984
vn 0.322794706 0.677081406 0.661335289
v 0.058811225 0.039749160 0.345794708
vt 0.368896484 0.788574219
vn 0.141815871 0.827259183 0.543627322
v 0.036861461 0.038375869 0.354461700
vt 0.378173828 0.796142578
vn 0.575142086 0.393932909 0.716957808
v 0.050334968 0.042114273 0.334564239
vt 0.373291016 0.781982422
vn 0.694227457 0.646893799 0.315557808
v 0.060611766 0.045425430 0.372070342
vt 0.360107422 0.805175781
vn -0.306309044 0.793261647 -0.526223063
v 0.037033126 0.025360122 0.378082305
vt 0.376220703 0.813476562
vn 0.142333686 0.711668253 0.687945783
v 0.044128463 0.045318618 0.383056670
vt 0.360351562 0.813232422
vn -0.952962756 0.275650322 -0.126011491
v 0.043113753 0.013961807 0.384979278
vt 0.370117188 0.820800781
vn -0.463247538 0.439692676 0.769462228
v 0.032772109 0.017669693 0.385040313
vt 0.377441406 0.819335938
vn 0.118154265 0.740433037 0.661663473
v 0.039882705 0.010864273 0.389343292
vt 0.372802734 0.822998047
vn 0.299770743 0.828313828 0.473322123
v 0.037879989 0.009323135 0.396484405
vt 0.374267578 0.826171875
vn 0.070610523 0.870862901 0.486427903
v 0.026950883 0.010314956 0.394500762
vt 0.381347656 0.827148438
vn 0.181231678 0.819482148 0.543694854
v 0.017972993 0.018859878 0.393890411
vt 0.387451172 0.826171875
vn 0.323668599 0.773646832 0.544710398
v 0.020158814 0.009735122 0.397186309
vt 0.385986328 0.830322266
vn 0.047226585 0.755624533 0.653300345
v 0.033363391 0.002471939 0.408355743
vt 0.377197266 0.833740234
vn 0.054948080 0.800671399 0.596578658
v 0.004536677 0.004837051 0.409301788
vt 0.391845703 0.841308594
vn 0.386378229 0.796412170 0.465230793
v 0.019445468 0.001663223 0.411682159
vt 0.384033203 0.836669922
vn 0.031375717 0.854987442 0.517698765
v 0.014222194 0.001953140 0.410491973
vt 0.386230469 0.838623047
vn 0.109872490 0.266832918 0.957459271
v 0.039363910 0.001815811 0.409301788
vt 0.374023438 0.833740234
vn 0.007844472 0.666774392 0.745218396
v 0.034290362 0.001007095 0.405944854
vt 0.376953125 0.835449219
vn 0.000000052 -0.998021960 0.062867567
v 0.003833819 0.000946060 0.409210235
vt 0.390380859 0.846923828
vn 0.015733942 -0.999102235 0.039334774
v 0.055088092 0.001022354 0.409393340
vt 0.366210938 0.834960938
vn -0.007849424 -0.996883690 0.078494824
v 0.044055987 0.003280655 0.406372100
vt 0.371582031 0.832031250
vn -0.047318947 0.875400960 0.481076181
vt 0.378662109 0.848632812
v 0.096786544 0.001052871 0.403350860
vt 0.358886719 0.852050781
v 0.062744193 0.002960220 0.412048370
vt 0.363037109 0.834960938
vn -0.133692548 0.802155614 0.581955969
vt 0.400634766 0.869628906
vt 0.397216797 0.855957031
v 0.064621016 0.006912246 0.403350860
vt 0.363037109 0.831298828
vn -0.086208902 0.909112155 0.407532990
vt 0.395019531 0.848388672
v 0.064376876 0.011367813 0.389831573
vt 0.361083984 0.827880859
vn -0.322494835 0.401152223 0.857364595
v 0.069862410 0.023834243 0.397338897
vt 0.354980469 0.827392578
vn 0.000000136 -0.133709088 0.991020679
v 0.044059798 0.027481094 0.394287139
vt 0.359863281 0.821289062
vn -0.561813533 -0.213647455 0.799199760
v 0.001204539 0.012268081 0.414917022
vt 0.396728516 0.844726562
vn 0.550788581 0.597998977 0.582262158
v -0.001373840 0.013992324 0.406127959
vt 0.398925781 0.842529297
vn 0.481675684 0.797528684 -0.363230973
v -0.009437513 0.014648452 0.412323028
vt 0.402343750 0.845214844
vn -0.416535944 0.746621013 0.518705130
vt 0.405517578 0.847656250
v 0.066650435 0.032470718 0.398407012
vt 0.348388672 0.822998047
vn 0.402549416 0.639343083 0.655129313
v 0.052276656 0.038955703 0.399353057
vt 0.355712891 0.819335938
vn -0.369198412 0.361343205 0.856226385
v 0.048336074 0.043838516 0.390106231
vt 0.357666016 0.815673828
vn -0.197039843 0.890620172 0.409842908
v 0.049621627 0.043655410 0.389343292
vt 0.356445312 0.816162109
vn 0.417258233 0.866007626 0.275547773
v 0.048290294 0.047225967 0.379333526
vt 0.357421875 0.812011719
vn 0.306091934 0.918275774 0.251152307
v 0.055198710 0.044647232 0.378997833
vt 0.355468750 0.809082031
vn 0.362925500 0.867865324 0.339256346
vt 0.966552734 0.046630859
vt 0.971191406 0.050048828
vt 0.964599609 0.052001953
vt 0.973876953 0.064697266
v 0.011666324 0.075149551 0.263092071
vt 0.966064453 0.076660156
vn 0.023647720 0.953791440 0.299537748
v 0.032562282 0.071441665 0.271057159
vt 0.962890625 0.088378906
vn -0.447640926 0.887428463 0.109946914
v 0.035865806 0.079528823 0.244140655
vt 0.953125000 0.088623047
vn -0.599616051 0.788968444 0.134124681
v 0.017826108 0.066116348 0.273864776
vt 0.970458984 0.084228516
vn -0.393749654 0.905624151 0.157499850
v -0.011489842 0.074829116 0.266296417
vt 0.975830078 0.069580078
vn 0.369746506 0.841763318 0.393347234
vt 0.978027344 0.062988281
v 0.009573964 0.065429702 0.276794463
vt 0.974365234 0.082519531
vn 0.322494954 0.857364535 0.401152134
vt 0.988281250 0.086425781
vt 0.987060547 0.066650391
vt 0.987792969 0.071044922
v -0.012238473 0.073806778 0.289306670
vt 0.986083984 0.077392578
vn 0.102055803 0.910651684 0.400372684
vt 0.992187500 0.076416016
vt 0.911621094 0.151611328
vt 0.913330078 0.138671875
v -0.013707140 0.105346687 0.238067657
vt 0.919433594 0.147949219
vn -0.039398126 0.748565435 0.661889374
vt 0.925537109 0.160888672
v -0.007376647 0.104393020 0.260376006
vt 0.929443359 0.141357422
vn -0.157052338 0.164905116 0.973725259
vt 0.920654297 0.135986328
vt 0.924072266 0.133789062
vt 0.928955078 0.135009766
vt 0.932861328 0.133789062
vt 0.945068359 0.134033203
v 0.008699442 0.086624160 0.260681182
vt 0.941406250 0.143798828
vn 0.110603809 -0.797926664 0.592519879
v 0.021390935 0.092666641 0.232360870
vt 0.956298828 0.157226562
vn 0.495449036 -0.865069687 -0.078642726
v 0.014871621 0.104499824 0.255035430
vt 0.935058594 0.152099609
vn 0.464898556 0.315185487 0.827361703
v 0.027013803 0.090713516 0.251861602
vt 0.944580078 0.153076172
vn 0.914179742 -0.181259707 0.362519413
v 0.019477867 0.103782661 0.242065459
vt 0.945068359 0.159912109
vn 0.943712473 0.102235563 0.314570665
vt 0.958007812 0.159667969
v 0.006393932 0.113616951 0.249359161
vt 0.936035156 0.157714844
vn 0.943391562 0.031446438 0.330186903
v 0.015070938 0.126411438 0.252655059
vt 0.930175781 0.162597656
vn 0.884195328 0.236838087 0.402624488
vt 0.966796875 0.163330078
vt 0.959472656 0.165771484
vt 0.947021484 0.168945312
v 0.014142057 0.119697578 0.239013702
vt 0.935058594 0.168212891
vn 0.314775169 0.613811791 -0.723983288
vt 0.926025391 0.168945312
vt 0.922607422 0.172119141
v 0.005424520 0.101219185 0.227127105
vt 0.939941406 0.177978516
vn 0.322674602 0.944413662 -0.062960997
vt 0.954833984 0.182861328
vt 0.934082031 0.188964844
vt 0.958007812 0.413818359
vt 0.952636719 0.407226562
vt 0.953369141 0.403320312
v 0.005611917 0.085647598 0.219604522
vt 0.964355469 0.395263672
vn 0.007870861 0.905147195 0.425025642
vt 0.936279297 0.385986328
v 0.015204450 0.086517349 0.227096587
vt 0.968017578 0.401123047
vn 0.314804643 -0.755530834 0.574518263
vt 0.970947266 0.407226562
vt 0.967529297 0.394287109
vt 0.973388672 0.386718750
vt 0.980712891 0.386718750
v 0.003788265 0.057266250 0.307037383
vt 0.398681641 0.761230469
vn 0.402474135 0.915431440 -0.000000093
vt 0.402587891 0.756835938
vt 0.399902344 0.768554688
v 0.014087708 0.062255874 0.297363311
vt 0.395507812 0.751464844
vn -0.488567770 0.819532990 0.299444795
vt 0.396972656 0.739257812
v 0.019542729 0.052658096 0.322113067
vt 0.392578125 0.768310547
vn 0.197506487 0.742624879 -0.639921486
v 0.019966153 0.076980606 0.276794463
vt 0.393554688 0.739501953
vt 0.394287109 0.731445312
v 0.018377338 0.053466812 0.311126739
vt 0.391601562 0.762451172
v 0.012723004 0.062728897 0.330413848
vt 0.395751953 0.777343750
vn 0.055177987 0.993204236 0.102473401
v 0.033798251 0.066574112 0.322784454
vt 0.387695312 0.774414062
vn 0.204978690 0.961823404 -0.181327432
v 0.031095538 0.051635757 0.318176299
vt 0.384277344 0.767333984
vn 0.047120057 0.997375369 0.054973394
v 0.024362596 0.058151260 0.299255401
vt 0.389160156 0.755371094
vn 0.023647761 0.811905026 0.583310425
v 0.017879518 0.070877090 0.301788360
vt 0.390869141 0.749023438
vn -0.149806052 0.654416263 0.741146028
v 0.041862521 0.054672256 0.312561065
vt 0.378662109 0.760986328
vn 0.180738524 0.974416494 0.133589283
v 0.057811774 0.048339859 0.325775176
vt 0.371093750 0.770019531
vn -0.039193071 0.885763884 0.462478459
v 0.045036353 0.043151870 0.326538116
vt 0.372802734 0.776367188
vn 0.683494270 0.604931891 -0.408525497
v 0.040657073 0.055053726 0.298126251
vt 0.382568359 0.752197266
vn 0.403051913 0.545305490 0.734976888
v 0.054897342 0.048904434 0.300933868
vt 0.376708984 0.753417969
vn 0.070949771 0.938113689 0.338982224
v 0.031875640 0.073532119 0.283538848
vt 0.388916016 0.737548828
vn 0.047140457 0.942809105 0.329983145
v 0.041255981 0.066970840 0.301269561
vt 0.383789062 0.745605469
vn 0.458401412 0.616470814 0.640181124
v 0.047321349 0.062622085 0.284484893
vt 0.378417969 0.742431641
vn 0.196838245 0.669249892 0.716491044
v 0.046337157 0.071731582 0.284606963
vt 0.382080078 0.737060547
vn 0.149601787 0.094485313 0.984221458
v 0.036079437 0.084381118 0.286834747
vt 0.386230469 0.733398438
vn -0.939047813 0.339319766 0.055238217
vt 0.399658203 0.714599609
v 0.043304473 0.091995254 0.287384063
vt 0.382812500 0.728027344
vn -0.054991972 -0.039280035 0.997713923
v 0.042255428 0.100936905 0.285461456
vt 0.383300781 0.722656250
vn -0.812789261 0.528707564 0.244625986
v 0.051212333 0.119689949 0.251861602
vt 0.386962891 0.701660156
vn -0.711023867 0.703123569 0.007900327
v 0.051334418 0.058532730 0.339111358
vt 0.379882812 0.782470703
vn 0.654986560 0.686552167 0.315656066
v 0.036739390 0.050659195 0.356018096
vt 0.382568359 0.791992188
vn 0.267261356 0.455916286 0.848947465
vt 0.958984375 0.649169922
v 0.018354438 0.081802383 0.230423003
vt 0.972167969 0.661376953
vn -0.023591356 0.951517940 0.306687564
vt 0.964843750 0.666503906
vt 0.968750000 0.668945312
vt 0.971679688 0.650146484
vt 0.971191406 0.673095703
vt 0.974121094 0.663818359
v 0.040306114 0.086334243 0.226043731
vt 0.981201172 0.655029297
vn -0.181774139 0.861451507 0.474193513
vt 0.979248047 0.665039062
vt 0.977050781 0.667480469
vt 0.986816406 0.667480469
vt 0.994384766 0.658447266
vt 0.732421875 0.893554688
vt 0.725585938 0.906738281
vt 0.722412109 0.899414062
v 0.021379463 0.221922696 0.052154567
vt 0.730712891 0.889648438
vn -0.283017337 -0.172955096 0.943391681
v 0.045719139 0.183788300 0.042396568
vt 0.710937500 0.876464844
vn -0.778370142 -0.581812143 0.235869899
v 0.039401997 0.181945801 0.014297511
vt 0.702148438 0.886962891
vn -0.661889374 0.480657846 0.575213552
v 0.056949608 0.175159454 0.046768215
vt 0.707031250 0.870361328
vn 0.353531569 0.934894681 -0.031425118
v 0.048686974 0.184726715 0.047084831
vt 0.712646484 0.874267578
vn 0.086838037 -0.055260435 0.994688690
v 0.082229607 0.181163788 0.041351337
vt 0.708984375 0.860107422
vn 0.267261386 -0.094327442 0.958996236
v 0.090164177 0.162181854 0.037708305
vt 0.702148438 0.854736328
vn 0.322784662 0.810898006 0.488113314
v 0.090087883 0.177143097 0.034477256
vt 0.707275391 0.854736328
vn 0.243634358 0.078591742 0.966677725
v 0.062553398 0.208896637 0.044376396
vt 0.724853516 0.867675781
vn 0.165678367 0.000000050 0.986179948
v 0.113334648 0.203624725 0.037414566
vt 0.726806641 0.843750000
vn 0.800449491 0.431614965 0.415919691
v 0.072105400 0.219785213 0.042346973
vt 0.731689453 0.863525391
vn 0.157985702 0.007899328 0.987409830
v 0.084785454 0.247047424 0.040580768
vt 0.746826172 0.857177734
vn 0.575195670 0.291537553 0.764300883
v 0.059200279 0.224160075 0.045879386
vt 0.732666016 0.870361328
vn 0.110308178 0.047274925 0.992772460
v 0.053367604 0.263759613 0.046825431
vt 0.750976562 0.874755859
vn 0.047139123 0.133560538 0.989919007
v 0.030876148 0.247859955 0.042869594
vt 0.744140625 0.886474609
vn -0.134459749 0.284738511 0.949128389
vt 0.739746094 0.898437500
v 0.069206223 0.275047302 0.038684864
vt 0.760009766 0.869628906
vn 0.480598211 0.456962168 0.748472393
v 0.030540455 0.253932953 0.038753536
vt 0.747558594 0.887939453
vn -0.047185495 -0.015728500 0.998762369
vt 0.751220703 0.899169922
vt 0.760742188 0.897705078
v 0.039848316 0.260074615 0.039093044
vt 0.751464844 0.883789062
v 0.044994343 0.267555237 0.043819446
vt 0.756835938 0.883789062
vn 0.062859893 0.015714984 0.997898698
v 0.039833054 0.301940918 0.037460350
vt 0.772216797 0.881103516
vn -0.047104020 0.392534375 0.918530405
vt 0.783935547 0.878417969
vt 0.766113281 0.861328125
vt 0.755126953 0.853027344
v 0.055408467 0.296585083 0.039321918
vt 0.770751953 0.874755859
vn 0.858773649 0.512112796 0.015757181
vt 0.782714844 0.860595703
vt 0.654541016 0.977050781
vt 0.666503906 0.960205078
vt 0.661376953 0.979736328
vt 0.416015625 0.971191406
v 0.019754397 0.189678192 -0.002560110
vt 0.416259766 0.986816406
vn 0.086892165 0.442359626 0.892618477
vt 0.408691406 0.972412109
vt 0.398925781 0.980957031
vt 0.409912109 0.998046875
vt 0.754150391 0.161865234
vt 0.764648438 0.153076172
vt 0.763427734 0.164550781
vt 0.752685547 0.146972656
vt 0.739746094 0.147460938
vt 0.744140625 0.169921875
v 0.054874413 0.202955246 0.054397605
vt 0.732910156 0.157958984
vn 0.431894183 0.738146544 -0.518273234
vt 0.735595703 0.182128906
v 0.070022583 0.163318634 0.070327781
vt 0.721923828 0.139892578
vn 0.717046857 0.693408012 0.070916586
vt 0.734375000 0.132080078
v 0.069221497 0.190307617 0.092773460
vt 0.715820312 0.161376953
vn 0.347189367 0.907426775 0.236719951
vt 0.722167969 0.192871094
vt 0.701660156 0.169677734
v 0.073661804 0.171905518 0.084846519
vt 0.717773438 0.151367188
vn 0.933283150 -0.188225105 0.305865794
v 0.057712555 0.183017731 0.096382163
vt 0.709472656 0.159667969
vn 0.519620717 -0.244064167 0.818796039
v 0.037368774 0.180957794 0.110374473
vt 0.698486328 0.160888672
vn 0.651667356 0.612410247 0.447530448
vt 0.682373047 0.169921875
v 0.046184540 0.164665222 0.093536399
vt 0.707031250 0.149169922
v 0.081695557 0.173480988 0.103752159
vt 0.697998047 0.138671875
vn 0.478346765 0.862592578 -0.164676875
v 0.077392586 0.168472305 0.141662613
vt 0.679199219 0.136230469
vn 0.614173234 0.771653533 0.165354222
vt 0.664062500 0.173339844
v 0.077697754 0.153511047 0.093376182
vt 0.708740234 0.133056641
vn 0.448679775 0.889488101 -0.086587436
vt 0.658203125 0.160888672
v 0.081657417 0.144424438 0.117652915
vt 0.696289062 0.124755859
vn 0.971368968 0.086870447 0.221124500
v 0.074066170 0.161449447 0.170898452
vt 0.664062500 0.133789062
vn 0.559714913 0.638547957 0.528181612
vt 0.649658203 0.145263672
v 0.077606216 0.133010864 0.171203628
vt 0.667724609 0.117187500
vn 0.858480632 0.504062057 0.094511494
v 0.070175178 0.133377075 0.136001602
vt 0.687500000 0.118896484
vn 0.480002612 0.802627265 0.354100198
v 0.069839485 0.129226685 0.161560073
vt 0.675292969 0.112548828
vn 0.455944359 0.888305485 -0.055027872
v 0.091697693 0.146377578 0.114036575
vt 0.701171875 0.122314453
vn -0.503687203 0.826361895 0.251843631
v 0.086418152 0.159133911 0.071281448
vt 0.719970703 0.131347656
vn 0.259963423 0.945321679 0.196941927
v 0.108123779 0.153297424 0.064437881
vt 0.723144531 0.121093750
vn -0.698259473 0.706104994 -0.117684118
v 0.105003349 0.153594971 0.061588306
vt 0.724365234 0.122558594
vn 0.157867372 0.986671388 -0.039466921
v 0.118202202 0.166992188 0.050178546
vt 0.727783203 0.114990234
vn -0.750595629 0.292337120 -0.592575252
v 0.123336785 0.151000977 0.052940387
vt 0.730224609 0.116455078
vn 0.212618083 0.740226328 -0.637854636
vt 0.636230469 0.124023438
vt 0.644287109 0.123779297
vt 0.642333984 0.127441406
vt 0.647949219 0.135742188
vt 0.632568359 0.150146484
vt 0.618652344 0.140136719
vt 0.642089844 0.112792969
vt 0.645263672 0.120117188
v 0.049266834 0.121040352 0.219604522
vt 0.624511719 0.122802734
vn -0.039363995 0.984099448 0.173201457
v 0.048046127 0.116020210 0.203903228
vt 0.630371094 0.115966797
vn -0.440931112 0.496047616 0.748008370
vt 0.642578125 0.104980469
vt 0.650634766 0.106201172
vt 0.663085938 0.095703125
v 0.075225852 0.110435493 0.252685577
vt 0.605468750 0.134277344
vn 0.268249243 0.962541580 0.039448351
v 0.071159378 0.121047981 0.206695572
vt 0.619140625 0.110595703
vn 0.211890236 0.847560823 0.486562639
v 0.074134842 0.135620117 0.206420913
vt 0.624267578 0.103759766
vn 0.221241996 0.813854337 0.537301838
v 0.092216507 0.118293777 0.210769668
vt 0.608154297 0.107421875
vn 0.157265961 0.927869201 0.338121772
v 0.092796341 0.124595657 0.184021011
vt 0.613525391 0.093505859
vt 0.623291016 0.085693359
v 0.053695690 0.141410828 0.174484283
vt 0.636230469 0.093750000
vn 0.496972919 0.007888516 0.867730200
vt 0.635742188 0.078369141
vt 0.650390625 0.092529297
vt 0.656494141 0.098632812
vt 0.624755859 0.080078125
v 0.105682388 0.118576065 0.170150772
vt 0.607910156 0.085693359
vn 0.196935847 0.968924582 0.149671197
vt 0.625976562 0.069824219
v 0.154373184 0.117546096 0.153381363
vt 0.593750000 0.071533203
vn -0.062844224 0.903385997 0.424198627
v 0.133438125 0.114265457 0.170806900
vt 0.595214844 0.082519531
vn -0.015722271 0.998361051 -0.055027816
v 0.126190200 0.114402786 0.202285782
vt 0.592041016 0.096191406
vn -0.023672018 0.978442788 0.205157310
v 0.112007163 0.105377212 0.227905288
vt 0.592773438 0.112548828
vn 0.212302476 0.927840412 0.306659073
v 0.138061538 0.127365127 0.204437271
vt 0.584960938 0.089599609
vn -0.212060064 0.950343192 0.227768183
v 0.152526870 0.117652908 0.213485733
vt 0.577148438 0.089355469
vn 0.094359614 0.802056313 0.589747310
v 0.144927993 0.103477493 0.211593643
vt 0.578125000 0.097412109
vn -0.142085060 0.836723387 0.528872252
v 0.168151870 0.116722122 0.210678115
vt 0.568603516 0.089843750
vn -0.220199615 0.967305183 -0.125828326
v 0.128005996 0.111610427 0.222442642
vt 0.587158203 0.104736328
vn 0.307573348 0.796535969 0.520508528
v 0.186828628 0.124656692 0.212844849
vt 0.559326172 0.083496094
vn -0.126105621 0.701461792 -0.701461911
v 0.186828628 0.123794571 0.246414185
vt 0.548828125 0.093017578
vn -0.409005344 0.912396491 0.015730988
v 0.132431045 0.100082412 0.234985366
vt 0.575683594 0.112304688
vn -0.431455582 0.902134299 0.000000017
v 0.136672989 0.095214859 0.225372329
vt 0.579101562 0.107666016
vn 0.220199615 0.794291317 0.566227376
v 0.118827842 0.094070449 0.245498672
vt 0.581298828 0.120361328
vn 0.387536496 0.909524441 0.150269166
v 0.113632225 0.091384903 0.264892608
vt 0.579589844 0.131103516
vn 0.565807700 0.809419334 0.157168701
v 0.114799529 0.089782730 0.275054932
vt 0.576416016 0.131591797
vn -0.284445077 0.956051469 0.071111254
v 0.116310142 0.104911819 0.241516128
vt 0.587890625 0.119628906
vn 0.434094787 0.883974910 0.173637822
v 0.103851341 0.103118919 0.261901885
vt 0.588623047 0.132812500
vn 0.362294585 0.929364443 0.070883647
v 0.111969024 0.101455711 0.280975372
vt 0.580566406 0.141113281
vn 0.559993267 0.828159213 0.023661582
v 0.083519012 0.109336868 0.280456573
vt 0.594726562 0.147460938
vn 0.282703102 0.958049595 0.047117118
v 0.099014312 0.105079673 0.294647247
vt 0.584472656 0.150634766
vn 0.157499924 0.488249540 0.858374119
v 0.058666255 0.119400039 0.286102325
vt 0.605712891 0.153564453
vn 0.023671988 0.978442788 0.205157310
vt 0.612792969 0.162109375
v 0.079879791 0.104934707 0.288787872
vt 0.593505859 0.154541016
vn -0.086557731 0.236066893 0.967874110
v 0.054248836 0.110855117 0.285217315
vt 0.606689453 0.157470703
vn -0.062849931 0.023568813 0.997744679
vt 0.613525391 0.166748047
v 0.079628021 0.089736953 0.287078887
vt 0.591308594 0.162597656
vn -0.157675847 0.063070424 0.985474825
v 0.095207244 0.079925552 0.294708282
vt 0.582275391 0.164306641
vn -0.656049609 0.545390666 0.521678150
v 0.081626922 0.070358291 0.290191680
vt 0.587402344 0.170654297
vn -0.212756678 0.000000033 0.977105319
v 0.073623687 0.065841690 0.283447295
vt 0.591796875 0.175537109
vn -0.181411818 0.102537207 0.978046954
vt 0.609375000 0.176513672
vt 0.607421875 0.180908203
v 0.072853118 0.061126724 0.294738799
vt 0.591064453 0.181884766
vn -0.015706668 0.840308487 0.541881084
v 0.058063537 0.056823745 0.298950225
vt 0.599121094 0.187011719
vn -0.164737478 0.627571702 0.760930598
vt 0.601562500 0.191162109
vt 0.607177734 0.189697266
v 0.070877083 0.000991821 0.073524505
vt 0.774169922 0.304687500
vt 0.809326172 0.317382812
vt 0.763427734 0.321777344
v 0.140640259 0.000869751 0.011390707
vt 0.736572266 0.279052734
v 0.103637710 0.000946045 0.132980376
vt 0.798339844 0.281982422
v 0.157089233 0.000930786 0.088180557
vt 0.770751953 0.262207031
v 0.156692520 0.000946045 0.165695220
vt 0.807373047 0.253173828
vt 0.836669922 0.290527344
vt 0.838134766 0.314453125
v 0.095359832 0.000991836 0.252868682
vt 0.855957031 0.271728516
vt 0.882080078 0.287597656
vt 0.876953125 0.319580078
v 0.065353431 0.047988907 0.316223174
vt 0.729736328 0.827148438
vn 0.055296645 0.995340228 0.078995198
vt 0.731689453 0.837402344
vt 0.721679688 0.837158203
vt 0.723144531 0.825439453
v 0.079216033 0.052139297 0.300079376
vt 0.741455078 0.832031250
vn -0.118308425 0.859708071 0.496895492
vt 0.736328125 0.841552734
vt 0.744628906 0.837890625
v 0.083198577 0.057083145 0.296691924
vt 0.745849609 0.833740234
vn -0.235426277 0.761211753 0.604260862
vt 0.750976562 0.843994141
vt 0.755126953 0.842529297
v 0.083328284 0.048843399 0.318328887
vt 0.735839844 0.820556641
v 0.095802337 0.061508194 0.292358428
vt 0.751953125 0.834472656
vn -0.754014552 0.290609777 0.589074016
vt 0.767333984 0.843017578
v 0.092567474 0.057647720 0.302429229
vt 0.746337891 0.828125000
vn -0.851132751 0.307353526 0.425566524
v 0.073211707 0.047119156 0.332885772
vt 0.726806641 0.816650391
vn -0.023679351 0.876136899 0.481480598
v 0.105270423 0.049362198 0.328796417
vt 0.740478516 0.807373047
vn -0.800449371 0.431614906 0.415919930
v 0.085556060 0.067459121 0.300262481
vt 0.752929688 0.830078125
vn -0.960153878 -0.236103460 -0.149532035
v 0.096405067 0.065017715 0.325958282
vt 0.750732422 0.816406250
vn -0.879710734 -0.408437163 0.243491516
v 0.061946906 0.041549698 0.335754424
vt 0.719726562 0.819335938
vn 0.047279317 0.866786957 0.496432513
vt 0.716552734 0.828613281
vt 0.715087891 0.824218750
vt 0.713378906 0.819091797
v 0.075424232 0.031402603 0.354309112
vt 0.712402344 0.807617188
vn 0.235716790 0.966438949 0.102143869
vt 0.708740234 0.814453125
v 0.086273231 0.037292495 0.337188751
vt 0.726318359 0.807373047
vn 0.196673751 0.605754972 0.770960808
v 0.105041541 0.045150772 0.332641631
vt 0.738525391 0.803222656
vn -0.220199451 -0.023592779 0.975169599
v 0.062057536 0.037124649 0.359191924
vt 0.704101562 0.812255859
vn 0.196436659 0.911466479 -0.361443698
vt 0.696777344 0.813232422
v 0.086082496 0.026062027 0.347320586
vt 0.718750000 0.802490234
vn 0.260586739 0.963381529 -0.063172638
v 0.079315230 0.034500137 0.378295928
vt 0.697021484 0.802734375
vn 0.385349274 0.802155554 0.456127584
vt 0.690917969 0.815673828
vt 0.684326172 0.802490234
v 0.082069442 0.038909927 0.372802764
vt 0.701416016 0.802734375
vn 0.157911658 0.986948133 -0.031582408
vt 0.686523438 0.796875000
v 0.079261824 0.022384658 0.391906768
vt 0.692138672 0.794189453
vn 0.479883790 0.676557422 0.558553159
v 0.084625289 0.011016861 0.402099639
vt 0.688476562 0.788818359
vn -0.007879583 0.756445110 0.654009759
v 0.084976241 0.019592300 0.389404327
vt 0.694580078 0.787109375
vn 0.378328323 0.575374305 0.725129068
v 0.106620833 0.023376480 0.382324249
vt 0.703125000 0.787109375
vn 0.488310158 0.519814014 0.700961232
v 0.089721724 0.017318740 0.387207061
vt 0.697021484 0.783447266
vn 0.537704945 0.292574763 0.790742397
v 0.108779952 0.014358535 0.371551543
vt 0.710449219 0.781494141
vn 0.448972046 0.748286724 0.488355458
v 0.107818648 0.033432022 0.363586456
vt 0.709960938 0.792480469
vn 0.588040888 0.776214063 -0.227375939
v 0.100204505 0.021408096 0.349090606
vt 0.720703125 0.793212891
vn 0.465941161 0.884498537 -0.023692027
v 0.113410994 0.019332901 0.359497100
vt 0.719970703 0.782714844
vn -0.535549343 0.842702627 -0.055130042
v 0.109329261 0.028900161 0.336334258
vt 0.729980469 0.794189453
vn -0.023632968 0.653847456 0.756257236
v 0.117965735 0.024505630 0.348022461
vt 0.726562500 0.784179688
vn -0.031473592 0.834051251 0.550788462
v 0.128540084 0.023620620 0.350433350
vt 0.729492188 0.776611328
vn 0.211746752 0.933254480 -0.290171653
v 0.115821876 0.038421646 0.336761475
vt 0.735107422 0.792236328
vn -0.015680034 0.478243947 0.878087163
v 0.124008216 0.029312149 0.336730957
vt 0.732666016 0.783203125
vn 0.000000043 0.801882923 0.597481310
v 0.125747710 0.038375869 0.334167480
vt 0.736572266 0.785400391
vn -0.094532035 -0.638092041 0.764135003
v 0.155517623 0.027603164 0.352081299
vt 0.739501953 0.762695312
vn -0.536164880 0.551934481 0.638667107
v 0.108047523 0.051879898 0.356292754
vt 0.748046875 0.796630859
vn -0.622182190 -0.630057991 0.464667886
v 0.146011397 0.032318130 0.337463379
vt 0.739746094 0.773437500
vn -0.537704766 -0.292574733 0.790742576
v 0.117225684 0.061691299 0.357055664
vt 0.751953125 0.790039062
vn -0.007846461 -0.784657657 0.619879663
v 0.138488814 0.059310928 0.357696533
vt 0.754638672 0.776367188
vn -0.275453806 -0.739790618 0.613868952
v 0.153167769 0.049758926 0.361053467
vt 0.753662109 0.765136719
vn -0.620950937 -0.542349637 0.565930068
v 0.112770118 0.060089126 0.357635528
vt 0.751953125 0.793457031
vn -0.125731036 -0.573648453 0.809394419
v 0.103729285 0.070343032 0.361114532
vt 0.758544922 0.801025391
vn -0.829217255 -0.221124604 0.513325095
v 0.114265479 0.073623672 0.372680664
vt 0.763183594 0.792968750
vn -0.212014154 -0.259128541 0.942285776
v 0.125518844 0.059585586 0.368103027
vt 0.758544922 0.783935547
vn 0.015777048 -0.560080409 0.828288138
v 0.139083907 0.064041153 0.366180420
vt 0.760986328 0.776367188
vn 0.047338247 -0.236690506 0.970431209
v 0.146438643 0.090621963 0.372314453
vt 0.780029297 0.779052734
vn 0.243792534 -0.141556799 0.959441006
v 0.123558082 0.094467178 0.373535156
vt 0.776855469 0.791992188
vn -0.472910374 0.819711268 0.323155433
v 0.155227706 0.035751358 0.361083984
vt 0.746582031 0.761230469
vn -0.086837769 -0.331562847 0.939428151
v 0.162750289 0.096740738 0.361877441
vt 0.786621094 0.768798828
v 0.160476729 0.052307144 0.371337891
vt 0.760742188 0.762451172
vn -0.031455975 -0.039320089 0.998731434
v 0.163604781 0.051345840 0.361297607
vt 0.757324219 0.758544922
vn 0.455831915 -0.432254255 0.778057694
v 0.164154097 0.027175918 0.354064941
vt 0.742919922 0.755615234
vn 0.102093667 0.102093592 0.989522040
v 0.177185103 0.070663482 0.367614746
vt 0.773681641 0.753417969
vn 0.157990649 -0.276483357 0.947943091
v 0.182266280 0.053436309 0.352508545
vt 0.760986328 0.747802734
vn 0.000000137 -0.165678173 0.986179948
v 0.184158370 0.082534820 0.373474121
vt 0.782470703 0.750000000
vn -0.402023613 -0.047296889 0.914407015
v 0.147033736 0.021072403 0.357543945
vt 0.734130859 0.763427734
v 0.150817916 0.016601577 0.373718262
vt 0.729248047 0.756591797
vn 0.433811098 0.843959987 -0.315499127
v 0.161926314 0.017196670 0.364166260
vt 0.736083984 0.753906250
vn -0.378481120 0.851582527 0.362711102
v 0.164001510 0.018463150 0.370117188
vt 0.734619141 0.749755859
vn -0.331284255 0.867649317 0.370722890
v 0.165252730 0.031356826 0.363372803
vt 0.740234375 0.750488281
vn -0.276276588 0.931446731 0.236808494
v 0.177230880 0.030456573 0.353179932
vt 0.748291016 0.748535156
vn -0.236550629 0.567721725 0.788502395
v 0.181457564 0.027740508 0.375305176
vt 0.743652344 0.739990234
vn -0.086514935 0.676390052 0.731445014
v 0.174713179 0.014038116 0.376831055
vt 0.736816406 0.741455078
vn -0.055109534 0.810898006 0.582586884
v 0.200470015 0.028213531 0.364166260
vt 0.754150391 0.734375000
vn -0.149899289 0.733717859 0.662712812
v 0.195632979 0.022308379 0.374450684
vt 0.749511719 0.730712891
vn -0.805148900 0.528872252 0.268383056
v 0.206222579 0.037780792 0.361022949
vt 0.760498047 0.733398438
vn -0.772324145 0.126093745 0.622588038
v 0.187545821 0.066848785 0.359832764
vt 0.771972656 0.744384766
vn -0.299444646 -0.488567740 0.819533050
v 0.193588302 0.066024810 0.363616943
vt 0.773925781 0.737304688
vn -0.324508756 -0.387827665 0.862718821
v 0.210037276 0.048385650 0.384521484
vt 0.769042969 0.721435547
vn -0.867541432 0.481091142 0.126187950
v 0.209304854 0.048645049 0.368255615
vt 0.768310547 0.729248047
vn -0.811325490 0.141785040 0.567140281
v 0.216720626 0.065124542 0.368072510
vt 0.781982422 0.729248047
vn -0.480523467 0.291465104 0.827130795
v 0.216201827 0.067550689 0.376281738
vt 0.779541016 0.725585938
vn -0.314882517 0.818694592 0.480195910
v 0.207412764 0.040451080 0.398468018
vt 0.764160156 0.716064453
vn -0.865846515 0.456537217 0.204654738
v 0.188171431 0.075363189 0.374877930
vt 0.780029297 0.744140625
vn -0.070826501 -0.558743358 0.826310754
v 0.220275924 0.067764312 0.367889404
vt 0.787841797 0.728515625
vn 0.805550575 0.213234037 0.552828670
v 0.202026412 0.016021758 0.405853271
vt 0.747070312 0.712646484
vn -0.745815158 -0.094208248 0.659457862
v 0.220794722 0.054382354 0.392639160
vt 0.773925781 0.714843750
vn -0.299733371 0.804547548 0.512701869
v 0.209365889 0.035675079 0.418548584
vt 0.762695312 0.706787109
vn -0.424709886 0.039325021 0.904475033
v 0.218048140 0.047119170 0.406860352
vt 0.769531250 0.707031250
vn 0.023589212 0.770579338 0.636907399
v 0.236099288 0.047927886 0.394775391
vt 0.777343750 0.706787109
vn 0.237104237 0.750829935 0.616470754
v 0.235412642 0.067596465 0.369628906
vt 0.785400391 0.721923828
vn 0.425091386 0.873799086 -0.236162022
v 0.247222945 0.058364898 0.377410889
vt 0.787353516 0.710205078
vn 0.543004155 0.826310813 0.149522796
v 0.231735274 0.042022735 0.400848389
vt 0.774414062 0.704833984
vn 0.377917677 0.692848980 0.614116013
v 0.249465987 0.039245635 0.353790283
vt 0.790527344 0.708496094
v 0.230804488 0.046218902 0.357238770
vt 0.792480469 0.718505859
vn 0.456806153 0.834852815 -0.307162911
v 0.232879683 0.032485992 0.414337158
vt 0.770507812 0.695800781
vn 0.260716975 0.347622573 0.900658309
v 0.253387511 0.031845123 0.407196045
vt 0.779052734 0.690185547
vn 0.416330278 0.581291318 0.699120522
v 0.256713927 0.037796050 0.394836426
vt 0.782714844 0.691406250
vn 0.394349247 0.583636940 0.709828556
v 0.252441466 0.025589019 0.404327393
vt 0.773925781 0.687011719
vn 0.164905205 -0.157052413 0.973725259
v 0.244979903 0.054763824 0.342834473
vt 0.798583984 0.712646484
vn 0.204946935 0.843435407 0.496602058
v 0.233276412 0.052124053 0.346008301
vt 0.796386719 0.718994141
vn 0.734106362 0.552553236 0.394680709
v 0.237381026 0.018356353 0.406555176
vt 0.762939453 0.691406250
vn 0.244079530 -0.385802865 0.889708638
v 0.248931929 0.013198882 0.403839111
vt 0.763183594 0.685791016
vn -0.204243645 -0.377065420 0.903385997
v 0.241577193 0.009399444 0.398895264
vt 0.756835938 0.688964844
vn -0.023589091 0.636907458 0.770579338
v 0.231964156 0.006973296 0.401641846
vt 0.754394531 0.693359375
vn 0.031445548 -0.133642957 0.990530550
v 0.226226851 0.067840606 0.348449707
vt 0.799316406 0.724121094
vn 0.862645686 0.062737919 0.501902759
v 0.245361358 0.055038482 0.324645996
vt 0.803710938 0.710205078
vn 0.622356057 0.598722279 0.504187107
v 0.223892257 0.030197173 0.413757324
vt 0.765625000 0.699218750
vn 0.229301080 0.039534699 0.972552299
v 0.230865523 0.013320953 0.408081055
vt 0.757568359 0.695556641
vn 0.031445548 -0.487403899 0.872610271
v 0.199615523 0.008026153 0.399932861
vt 0.744628906 0.708740234
vn -0.086624838 0.629999399 0.771749198
v 0.245574981 0.066375762 0.323150635
vt 0.811279297 0.715820312
vn 0.741722822 -0.102578618 0.662815928
v 0.241149932 0.070892364 0.333190918
vt 0.809082031 0.720703125
vn 0.749100566 0.102508545 0.654477119
v 0.229461700 0.074447662 0.347656250
vt 0.803222656 0.726806641
vn 0.856094360 0.149227500 0.494806677
v 0.227188140 0.089645416 0.338989258
vt 0.815673828 0.730468750
vn 0.809569359 0.259376645 0.526612937
v 0.215591475 0.079116851 0.369049072
vt 0.792724609 0.733642578
vn 0.653847516 -0.023632977 0.756257176
v 0.204483077 0.086074859 0.380645752
vt 0.791748047 0.741943359
vn 0.110321887 -0.252163976 0.961375296
v 0.203994796 0.096756011 0.378784180
vt 0.797363281 0.744628906
vn 0.526759624 0.039310470 0.849104822
v 0.220611617 0.101966880 0.357696533
vt 0.813964844 0.739501953
vn 0.882218063 0.141785085 0.448985815
v 0.188308761 0.103958152 0.373870850
vt 0.795898438 0.754882812
vn -0.417503953 -0.070896894 0.905905128
v 0.220062286 0.110977195 0.347900391
vt 0.822753906 0.742919922
vn 0.901912332 0.211753383 0.376450211
v 0.232040435 0.102775596 0.329681396
vt 0.829589844 0.736083984
vn 0.766517103 0.205458224 0.608472168
v 0.202285811 0.107513450 0.383666992
vt 0.803710938 0.750244141
vn 0.323135436 0.212796494 0.922117829
v 0.186248824 0.116661094 0.372100830
vt 0.802734375 0.760742188
vn -0.392958283 0.007859191 0.919522703
v 0.207153365 0.117614768 0.370300293
vt 0.813720703 0.752929688
vn 0.573861122 0.298722267 0.762527704
v 0.167587325 0.114677452 0.368621826
vt 0.799560547 0.773437500
vn -0.220828608 0.488977879 0.843881130
v 0.189392135 0.125671417 0.371948242
vt 0.809570312 0.763427734
vn -0.282825232 0.856332064 0.432094157
v 0.210372955 0.134254485 0.367218018
vt 0.823242188 0.758789062
vn 0.637716234 0.582604945 0.503874481
v 0.217178375 0.116165183 0.347900391
vt 0.825195312 0.746337891
vn 0.921688616 0.157553658 0.354495496
v 0.218277007 0.134727508 0.345062256
vt 0.835449219 0.762695312
vn 0.828313887 0.299770772 0.473322064
v 0.230911285 0.142128021 0.317565918
vt 0.852783203 0.766845703
vn 0.205406904 0.876929462 0.434514552
v 0.210693389 0.133110076 0.343688965
vt 0.832031250 0.768798828
vn -0.386282146 0.922347069 -0.007883298
v 0.177124053 0.119468711 0.360992432
vt 0.807861328 0.775390625
vn -0.418088287 0.907172561 -0.047330726
v 0.170547515 0.115791343 0.349731445
vt 0.808593750 0.784423828
vn -0.409043282 0.912481070 -0.007866203
v 0.190765411 0.124893211 0.298706055
vt 0.837158203 0.800781250
vn -0.408942103 0.912255406 0.023592828
v 0.203445464 0.131454498 0.298950195
vt 0.845214844 0.793457031
vn -0.418348700 0.907737613 0.031573497
v 0.247222930 0.151458770 0.299224854
vt 0.868164062 0.771240234
vn -0.330790728 0.937240303 0.110263571
v 0.146026656 0.104888938 0.367828369
vt 0.789062500 0.783935547
vn -0.379070818 0.892395854 0.244816571
v 0.142608672 0.103446983 0.332824707
vt 0.796630859 0.806884766
vn -0.418557346 0.908190370 0.000000015
v 0.166870147 0.113853477 0.290924072
vt 0.822998047 0.816650391
vn -0.409043282 0.912481070 0.007866231
v 0.168121368 0.115264915 0.286926270
vt 0.824951172 0.818115234
v 0.191070586 0.125068694 0.274261475
vt 0.842773438 0.812255859
vn -0.409055948 0.912509382 0.000000014
v 0.148330718 0.106079124 0.284606934
vt 0.811767578 0.828857422
vn -0.424986184 0.905063093 0.015740244
vt 0.813476562 0.861328125
vt 0.847656250 0.826171875
v 0.224304214 0.141067520 0.232116699
vt 0.873535156 0.815429688
vn -0.402424067 0.915317416 -0.015781322
v 0.202499405 0.131141677 0.217910767
vt 0.864501953 0.833007812
vn -0.197021589 0.788085938 -0.583183646
vt 0.789306641 0.848144531
vt 0.783447266 0.852050781
vt 0.790771484 0.853027344
vt 0.776367188 0.849121094
v 0.108032256 0.087310806 0.298309356
vt 0.779541016 0.837158203
vn -0.315734863 0.939311087 0.134187296
v 0.100196876 0.083374038 0.327819854
vt 0.768798828 0.822753906
vn -0.466057450 0.884719193 0.007899301
v 0.096015967 0.081695572 0.353424102
vt 0.763916016 0.808105469
vn -0.803149581 0.519684970 0.291338682
v 0.092498817 0.073318496 0.325408965
vt 0.757324219 0.820068359
vn -0.967245340 -0.070774086 0.243777424
v 0.085563689 0.076400772 0.313354522
vt 0.759765625 0.827880859
vn -0.891035318 0.433689743 0.134049669
vt 0.984130859 0.851806641
vt 0.992919922 0.860107422
v 0.071533166 0.124565117 -0.220336899
vt 0.981689453 0.861083984
vn -0.566437721 0.770984650 -0.291086018
vt 0.983642578 0.872558594
vt 0.973388672 0.863037109
v 0.091445878 0.150131226 -0.241531357
vt 0.971679688 0.875244141
vn 0.118220128 0.732965469 -0.669914722
v 0.117202722 0.118568420 -0.230499253
vt 0.955322266 0.864990234
vn 0.400520742 0.651828051 -0.643974781
vt 0.988525391 0.889648438
v 0.115440324 0.143630981 -0.232604966
vt 0.971923828 0.887695312
vn 0.557055473 0.768893540 -0.313834190
vt 0.895507812 0.285156250
vt 0.892822266 0.286865234
v 0.083129935 0.002136245 0.416748077
vt 0.888916016 0.277343750
vn -0.228275582 0.102330528 0.968203962
vt 0.895751953 0.279541016
vt 0.877197266 0.274414062
vt 0.893798828 0.269287109
vt 0.898681641 0.279785156
vt 0.898925781 0.274414062
v 0.084228568 0.001342788 0.423309356
vt 0.882080078 0.273681641
vn 0.039514955 -0.987872243 0.150156632
v 0.084091239 0.003143325 0.420196563
vt 0.884521484 0.273193359
vn 0.054975148 0.942431092 0.329850823
v 0.100212149 0.002273574 0.413452178
vt 0.878662109 0.267333984
vn 0.267154098 -0.157149345 0.950753868
v 0.092453048 0.006164566 0.407989532
vt 0.886230469 0.267089844
vn 0.070612669 0.941502333 0.329525769
v 0.125503585 0.001037613 0.409637451
vt 0.860839844 0.260009766
vn -0.015706647 -0.997375369 0.070680186
v 0.174789473 0.000961334 0.392089844
vt 0.827148438 0.243408203
vn 0.007873572 -0.999938011 0.007873571
v 0.118255660 0.004516616 0.407653809
vt 0.873535156 0.258544922
vn -0.125797182 0.872718215 0.471739590
v 0.086235091 0.010406509 0.396087676
vt 0.892578125 0.263183594
vn 0.346897930 0.835708499 0.425738215
vt 0.897216797 0.259765625
vt 0.895019531 0.256591797
v 0.104217574 0.011840835 0.385589629
vt 0.887939453 0.249755859
vn 0.133849978 0.936949849 0.322814614
vt 0.896484375 0.241210938
v 0.115951583 0.012802139 0.384185791
vt 0.882568359 0.244384766
vn -0.133618221 0.919607878 0.369415134
v 0.114112899 0.021667495 0.380554199
vt 0.887207031 0.238769531
vn -0.818289042 0.188835964 0.542903483
v 0.110534705 0.034652725 0.362762481
vt 0.895263672 0.223876953
vn -0.669270635 0.724387050 0.165349275
vt 0.906250000 0.228515625
v 0.124626204 0.010360733 0.393280029
vt 0.874267578 0.243896484
vn -0.353182882 0.470910609 0.808396578
v 0.117752120 0.027603164 0.382568359
vt 0.886718750 0.232421875
vn -0.771868885 0.425315559 0.472572923
v 0.113815345 0.034530655 0.359832764
vt 0.895996094 0.220703125
vn -0.062821060 0.965872645 -0.251283973
vt 0.899902344 0.210937500
v 0.120636031 0.028991714 0.384582520
vt 0.885009766 0.232177734
vn -0.148865163 0.901026011 0.407420456
v 0.137985274 0.025238052 0.390258789
vt 0.875488281 0.226806641
vn 0.173632547 0.876055062 0.449866056
v 0.140350387 0.032821670 0.364593506
vt 0.884277344 0.215087891
vn 0.181683362 0.979510665 -0.086892143
v 0.153640792 0.028686538 0.377990723
vt 0.871826172 0.213378906
vn 0.770960748 0.574287176 -0.275343239
vt 0.868408203 0.207519531
v 0.128372237 0.023849502 0.395965576
vt 0.876464844 0.233886719
vn -0.251345813 0.251345962 0.934692740
v 0.138870284 0.010345474 0.391143799
vt 0.866699219 0.232177734
vn 0.268760085 0.379425913 0.885327041
v 0.145919845 0.026886001 0.388397217
vt 0.872558594 0.221679688
vn 0.597610772 0.110086240 0.794193029
v 0.151580855 0.014328018 0.381561279
vt 0.864257812 0.219970703
vn 0.275036961 0.667946815 0.691521347
v 0.153961226 0.020675674 0.377746582
vt 0.867431641 0.213623047
vn 0.031503804 0.976620197 -0.212651208
vt 0.864013672 0.206298828
v 0.128738448 0.008209243 0.398162842
vt 0.870117188 0.244140625
vn -0.345260143 0.690520048 -0.635592282
v 0.157760665 0.021133438 0.384735107
vt 0.862548828 0.214355469
vn -0.133916363 0.795621037 0.590807676
v 0.166763350 0.020538345 0.381927490
vt 0.857910156 0.210693359
vt 0.853271484 0.205566406
v 0.171859786 0.013626128 0.386016846
vt 0.851318359 0.212158203
vn -0.055177964 0.733079374 0.677901268
v 0.180923507 0.013687164 0.389617920
vt 0.844726562 0.210693359
vn -0.047248483 0.921345592 0.385862648
v 0.193450972 0.018798858 0.380645752
vt 0.842285156 0.200439453
vn -0.418661773 0.821524978 0.387064695
vt 0.844238281 0.195800781
vt 0.828125000 0.202880859
v 0.194824263 0.008270293 0.395751953
vt 0.833496094 0.209472656
vn -0.228615910 0.827747405 0.512415051
vt 0.828613281 0.208984375
v 0.176208541 0.007186919 0.401672363
vt 0.840820312 0.219726562
vn -0.070774049 0.920062780 0.385325402
v 0.171737716 0.008560210 0.392150879
vt 0.848144531 0.216552734
vn 0.102460742 0.906383336 0.409842879
v 0.164947554 0.011978164 0.394256592
vt 0.851806641 0.221191406
v 0.143356368 0.013092056 0.397644043
vt 0.860351562 0.231201172
vn -0.181728780 0.948150218 0.260741293
v 0.153030440 0.011291519 0.401672363
vt 0.852783203 0.229248047
vn 0.133717448 0.668587029 0.731512845
v 0.159088179 0.006042495 0.403564453
vt 0.846923828 0.231201172
vn 0.070621386 0.910231054 0.408034593
v 0.144607589 0.005416885 0.401275635
vt 0.855712891 0.234130859
vn 0.487268388 0.872367680 0.039295740
v 0.140167281 0.006683365 0.395751953
vt 0.864501953 0.234619141
vn -0.031476654 0.889212668 -0.456410050
v 0.134445235 0.019027725 0.400512695
vt 0.862548828 0.240234375
vn 0.400681406 0.848502040 -0.345686078
v 0.153076217 0.003829971 0.416717529
vt 0.844238281 0.239257812
vn 0.314765573 0.928558409 0.196728393
v 0.147583053 0.010391250 0.418395996
vt 0.849365234 0.240966797
vn 0.725467205 0.686039686 -0.055198718
v 0.168548629 0.001480117 0.410797119
vt 0.837158203 0.233154297
vn 0.141430199 -0.730722070 0.667864323
v 0.151489303 0.001113907 0.417175293
vt 0.843505859 0.244628906
vn 0.125491247 -0.941183746 0.313727915
v 0.135910079 0.018890396 0.427368164
vt 0.854492188 0.245605469
vn 0.213260621 0.758259833 0.616086066
v 0.126190230 0.014862075 0.401000977
vt 0.865234375 0.244628906
vn -0.425236434 0.889846504 -0.165369689
v 0.122169547 0.014358535 0.429534912
vt 0.859619141 0.249267578
vn -0.676934540 0.488022655 0.550993323
v 0.114341781 0.010116592 0.408782959
vt 0.869628906 0.254394531
vn -0.989919007 -0.117847547 0.078565128
v 0.133270308 0.001037613 0.421875000
vt 0.856445312 0.253417969
vn -0.180515617 -0.729911447 0.659274876
v 0.187835738 0.001861602 0.411102295
vt 0.827392578 0.222656250
vn 0.063037209 -0.780084014 0.622491300
v 0.173721358 0.002639800 0.414306641
vt 0.834960938 0.228027344
vn -0.015744491 0.125956967 0.991910815
v 0.177413985 0.003295928 0.410736084
vt 0.835693359 0.224853516
vn -0.055014171 0.903804421 0.424395114
v 0.189956710 0.006881744 0.405151367
vt 0.831542969 0.217285156
vn 0.086482935 0.912001610 0.400966197
v 0.220733687 0.002059966 0.410858154
vt 0.811767578 0.209716797
v 0.227218673 0.000869781 0.337280273
vt 0.775146484 0.237792969
vt 0.810302734 0.198242188
v 0.256835997 0.001174957 0.410583496
vt 0.791015625 0.197509766
vn -0.007871530 -0.999690175 0.023614774
vt 0.804931641 0.194335938
v 0.262085021 0.003036529 0.411804199
vt 0.788330078 0.193603516
vn -0.023688929 0.805425048 0.592224240
vt 0.918457031 0.290283203
vt 0.903564453 0.274902344
v 0.135513276 0.000976548 -0.204956025
vt 0.942626953 0.224853516
vt 0.913330078 0.217529297
vt 0.384277344 0.274169922
vt 0.407226562 0.247070312
v 0.141845733 0.000900283 0.261627197
vt 0.450927734 0.282958984
vt 0.445068359 0.257568359
vt 0.497314453 0.251953125
v 0.228088394 0.000915557 0.175338760
vt 0.513427734 0.284667969
v 0.192108184 0.000946075 0.262145996
vt 0.465820312 0.306884766
v 0.158142135 0.000869766 0.334594727
vt 0.421875000 0.313232422
v 0.254089355 0.000915557 0.248733535
vt 0.478271484 0.343261719
vt 0.429443359 0.355957031
vt 0.398925781 0.337402344
vt 0.368408203 0.301757812
vt 0.354492188 0.266601562
v 0.086143501 0.171951309 0.171493545
vt 0.595703125 0.233398438
vn -0.941502273 -0.070612699 0.329525918
v 0.086219795 0.154197708 0.142730728
vt 0.595947266 0.220458984
vn -0.881234348 -0.472089857 -0.023604356
v 0.091766365 0.145492569 0.167816177
vt 0.606689453 0.227539062
vn -0.488022566 -0.676934600 0.550993323
v 0.104263313 0.144760147 0.154052749
vt 0.605224609 0.217773438
vn -0.353892058 -0.880798221 0.314570874
v 0.114898689 0.130645767 0.131912246
vt 0.602294922 0.209472656
vn -0.392970443 0.000000023 0.919551134
vt 0.587890625 0.203613281
vt 0.595458984 0.196289062
v 0.098770149 0.166896820 0.124481216
vt 0.581787109 0.218261719
vn -0.804572701 0.457502007 -0.378622353
vt 0.558593750 0.193359375
v 0.116722107 0.176235199 0.099159256
vt 0.562500000 0.213378906
vn -0.827259123 0.519991338 -0.212723672
v 0.129043579 0.189044967 0.060142528
vt 0.537353516 0.206298828
vn -0.740065753 0.598350942 -0.307048500
v 0.133987427 0.211935058 0.109016433
vt 0.549316406 0.229003906
vn -0.268449932 0.892201006 -0.363196880
v 0.139419556 0.203430191 0.066253677
vt 0.533447266 0.216552734
vn -0.086827181 0.907737613 -0.410455287
v 0.152511597 0.194135681 0.066429146
vt 0.526367188 0.222656250
vn 0.662321329 0.749053955 -0.015769677
v 0.160766602 0.185249344 0.087684639
vt 0.527343750 0.235351562
vn 0.629999340 0.771749318 -0.086625047
v 0.089721687 0.167552963 0.141235366
vt 0.590332031 0.226074219
vn -0.899956465 0.323668510 -0.292091012
v 0.162017822 0.194896713 0.128723159
vt 0.540283203 0.250000000
vn 0.558899164 0.779310286 -0.283385605
v 0.185531616 0.170417801 0.119682319
vt 0.523681641 0.259033203
vn 0.495786399 0.842050016 -0.212480009
v 0.111724854 0.209866539 0.137207046
vt 0.570556641 0.236328125
vn -0.795374334 0.551249444 -0.251999706
v 0.178756714 0.200929657 0.156295776
vt 0.541992188 0.266357422
vn 0.441781044 0.820450664 -0.362891734
v 0.123275757 0.223083392 0.132202163
vt 0.560546875 0.238037109
vn -0.418153346 0.867865324 -0.268249243
v 0.130096436 0.218841568 0.137466446
vt 0.559082031 0.241943359
vn 0.370032847 0.929018736 -0.000000089
v 0.166458145 0.211039558 0.171234146
vt 0.556640625 0.264404297
vn 0.313689381 0.815592289 0.486218452
v 0.133178711 0.207303062 0.147476211
vt 0.565673828 0.247070312
vn -0.362305820 0.803373814 0.472572893
v 0.104316719 0.199411407 0.148117080
vt 0.578369141 0.238525391
vn -0.552209198 0.828313828 0.094664469
v 0.142974868 0.206866279 0.170867935
vt 0.566650391 0.258789062
vn -0.361343205 0.856226325 0.369198531
v 0.125244156 0.193882003 0.170623794
vt 0.577636719 0.258056641
vn -0.071108952 0.529367387 0.845407546
v 0.096000679 0.197214141 0.159210220
vt 0.585693359 0.241699219
vn -0.733992100 0.678745210 -0.023677094
v 0.093795784 0.182899490 0.179260269
vt 0.595458984 0.244873047
vn -0.243371189 0.471041232 0.847874224
v 0.161636367 0.173793808 0.176162735
vt 0.565917969 0.278320312
vn -0.039231565 0.258929104 0.965099335
v 0.111503616 0.157600418 0.185745254
vt 0.586914062 0.275634766
vn -0.039208632 0.148993313 0.988060594
v 0.150512710 0.143562332 0.182876602
vt 0.577392578 0.291992188
vn -0.055212211 0.157749563 0.985934496
v 0.179077163 0.204856887 0.173690796
vt 0.546875000 0.274902344
vn -0.408223033 0.478877127 0.777194083
v 0.188629165 0.209247604 0.168563843
vt 0.541992188 0.273437500
vn 0.615299642 0.749403477 -0.244542301
v 0.207763687 0.185066238 0.181304932
vt 0.542968750 0.289062500
vn 0.322315574 0.503126681 0.801858008
v 0.200134277 0.179843917 0.150177002
vt 0.531005859 0.276123047
vn 0.472792804 0.780108273 -0.409753919
v 0.207015991 0.166168228 0.131072998
vt 0.519287109 0.270263672
vn 0.329606891 0.847560823 -0.415932685
v 0.189620987 0.156585708 0.186706543
vt 0.559082031 0.294677734
vn -0.102232225 0.196600720 0.975139380
v 0.193420425 0.109100357 0.192855835
vt 0.570556641 0.318603516
vn -0.165349081 0.062990211 0.984221458
v 0.169769302 0.118156448 0.189620987
vt 0.578857422 0.308837891
vn -0.063078128 0.433662832 0.898864746
v 0.220458999 0.131629959 0.193435669
vt 0.556640625 0.312988281
vn -0.133775249 0.173121110 0.975773275
v 0.210830703 0.102546707 0.196716309
vt 0.563232422 0.322753906
vn -0.228765115 -0.078884535 0.970280290
v 0.206054702 0.101211563 0.185592651
vt 0.568115234 0.324707031
vn 0.392837197 0.769960821 0.502831459
v 0.184402481 0.107131973 0.196151733
vt 0.574707031 0.321289062
vn 0.228829354 0.931098759 0.284063965
v 0.211013809 0.169185653 0.181655884
vt 0.544677734 0.295898438
vn 0.086827189 0.410455287 0.907737613
v 0.236938491 0.155303970 0.190811157
vt 0.538330078 0.307861328
vn -0.055294871 0.600345254 0.797827125
v 0.237213150 0.164783493 0.177978516
vt 0.532226562 0.301513672
vn 0.164986521 0.848501980 0.502815962
v 0.217163101 0.172351852 0.170913696
vt 0.535400391 0.292236328
vn 0.385802835 0.889708638 0.244079277
v 0.231475845 0.175918594 0.158630371
vt 0.525146484 0.291748047
vn 0.260814488 0.964223564 -0.047420904
v 0.271972656 0.156272918 0.182312012
vt 0.519531250 0.312011719
vn 0.268074095 0.954028547 0.134036988
v 0.086753853 0.164077774 0.152297989
vt 0.594970703 0.225585938
vn -0.970038831 0.197162300 -0.141956761
v 0.086982735 0.164936081 0.152297989
vt 0.594726562 0.225830078
vn -0.960481167 0.244056642 -0.133837432
vt 0.594482422 0.226074219
vn -0.947499692 0.268458188 -0.173708171
v 0.086921699 0.164844528 0.152526870
vn -0.986179948 0.165678173 0.000000122
v 0.086982735 0.165428177 0.153167740
vt 0.594726562 0.226318359
vn -0.936079800 0.314648628 -0.157324225
vt 0.553710938 0.925048828
vt 0.603759766 0.937988281
vt 0.591552734 0.941650391
vt 0.595947266 0.910156250
v 0.114509575 0.199977875 0.029552476
vt 0.553710938 0.919433594
vn 0.894675136 0.423793525 0.141264349
vt 0.531494141 0.947509766
vt 0.531250000 0.939941406
v 0.126342759 0.182037354 0.028959289
vt 0.540039062 0.915039062
vn -0.031527303 0.748774707 0.662074447
v 0.117752060 0.181140900 -0.013419135
vt 0.531494141 0.888183594
vn 0.820220888 0.552071869 -0.149848193
vt 0.227783203 0.871582031
v 0.107040413 0.160305038 0.168548599
vt 0.231933594 0.880859375
vn -0.385134816 -0.636651635 0.668091238
vt 0.219238281 0.884521484
vt 0.238037109 0.865966797
vt 0.235595703 0.889892578
vt 0.218750000 0.890869141
vt 0.216552734 0.904052734
v 0.116134658 0.149070755 0.182708755
vt 0.239013672 0.886230469
vn -0.589437544 -0.770198464 0.243634313
v 0.138381973 0.132789627 0.188491836
vt 0.254394531 0.889160156
vn -0.290977895 -0.660598636 0.692055881
vt 0.256835938 0.896972656
v 0.131637588 0.137557998 0.153503433
vt 0.250732422 0.872314453
vn -0.236897007 -0.916002095 0.323759407
vt 0.255859375 0.856445312
v 0.128936782 0.139831558 0.165176407
vt 0.248779297 0.878173828
vn -0.502878010 -0.864321709 -0.007857366
v 0.146240249 0.130294815 0.177429214
vt 0.261962891 0.887939453
vn -0.543105066 -0.834335446 0.094453186
v 0.148147598 0.124443069 0.181304947
vt 0.263427734 0.891357422
v 0.150115967 0.127929702 0.137191787
vt 0.261718750 0.871093750
vn -0.594209671 -0.720974445 0.356525928
v 0.165054336 0.119033828 0.176437393
vt 0.273925781 0.888916016
vn -0.142032132 0.149922624 -0.978442669
vt 0.272705078 0.873535156
vt 0.250000000 0.831298828
v 0.173049942 0.112922683 0.170166016
vt 0.277343750 0.885498047
vn -0.722174048 -0.321838498 0.612278223
vt 0.277343750 0.892578125
v 0.170272842 0.112617508 0.174865738
vt 0.272705078 0.891845703
vn 0.496740997 0.867325604 0.031539012
vt 0.289550781 0.892822266
vt 0.280273438 0.885498047
vt 0.291992188 0.873046875
vt 0.286621094 0.886230469
vt 0.293457031 0.885253906
vt 0.304931641 0.877197266
vt 0.306640625 0.881835938
vt 0.311279297 0.885986328
v 0.101432741 0.001892075 -0.407623261
vt 0.142822266 0.353759766
vn 0.204679877 -0.188935414 -0.960421562
vt 0.145751953 0.356689453
vt 0.145019531 0.357177734
vt 0.151611328 0.349853516
vt 0.134521484 0.360107422
v 0.124732912 0.000900254 -0.401092529
vt 0.143554688 0.346679688
vn -0.141491234 -0.974717557 -0.172933698
v 0.116561830 0.005020127 -0.398864746
vt 0.135986328 0.352539062
vn -0.306290209 0.753944874 -0.581165791
vt 0.137939453 0.362060547
vt 0.134521484 0.363037109
v 0.108085580 0.014114365 -0.371215791
vt 0.127929688 0.362548828
vn -0.181587264 0.528971136 -0.828984737
vt 0.135253906 0.366699219
v 0.128509462 0.008621201 -0.388458252
vt 0.128662109 0.353515625
vn -0.386378229 0.796412110 -0.465230793
vt 0.126464844 0.365966797
vt 0.125000000 0.380371094
vt 0.121582031 0.374023438
v 0.107917733 0.018280014 -0.357391328
vt 0.119873047 0.370605469
vn 0.047296818 0.914406955 -0.402023762
vt 0.117431641 0.382568359
v 0.111259408 0.022216782 -0.368652314
vt 0.123291016 0.365722656
vn -0.930837989 0.354980588 -0.086772934
v 0.112777650 0.028274521 -0.381683320
vt 0.122558594 0.360351562
vn -0.488871545 0.662341952 -0.567721605
v 0.113296457 0.035415635 -0.353637666
vt 0.113769531 0.367187500
vn -0.204902381 0.977226615 -0.055166032
v 0.116661020 0.028747544 -0.345153809
vt 0.111572266 0.372314453
vn 0.007883217 0.922347069 -0.386282146
v 0.142974794 0.028915390 -0.356445312
vt 0.104248047 0.355957031
vn 0.007880556 0.992957532 -0.118209280
v 0.142211854 0.031997666 -0.359283447
vt 0.106445312 0.355712891
vn 0.268382907 0.963021278 -0.023680929
v 0.147048891 0.020004258 -0.362548828
vt 0.103271484 0.352050781
vn 0.376612484 0.925839126 -0.031384468
v 0.157363832 0.022445664 -0.373962402
vt 0.110351562 0.345703125
vn 0.424408168 0.880254090 -0.212204218
v 0.140472353 0.024612412 -0.381652832
vt 0.116210938 0.351318359
vn 0.196600571 0.841450930 -0.503297806
v 0.153640687 0.028503403 -0.374572754
vt 0.110839844 0.348876953
vn 0.369107306 0.698948145 -0.612561345
v 0.152297914 0.014251694 -0.373443604
vt 0.113769531 0.344970703
vn 0.258801520 0.650925279 -0.713665247
v 0.162719667 0.012863144 -0.379669189
vt 0.112304688 0.340087891
vn 0.023679275 0.876136899 -0.481480658
v 0.126541078 0.024017319 -0.389343262
vt 0.122314453 0.354736328
vn 0.157641530 0.283754975 -0.945850074
v 0.135024965 0.009643540 -0.383636475
vt 0.122314453 0.348876953
vn 0.307956487 0.307956576 -0.900180876
v 0.139495790 0.014266953 -0.383178711
vt 0.119140625 0.348632812
vn 0.039466731 0.718296647 -0.694616675
v 0.151122987 0.011291489 -0.394561768
vt 0.118652344 0.341796875
vn 0.063078128 0.898864746 -0.433662832
v 0.169357240 0.005767807 -0.393920898
vt 0.118652344 0.330322266
vn 0.039455697 0.907483220 -0.418231428
v 0.145477235 0.005920395 -0.393096924
vt 0.121582031 0.343017578
vn 0.204142958 0.973605216 -0.102071583
v 0.161254823 0.004653916 -0.403778076
vt 0.125732422 0.331542969
vn 0.039310336 0.967036128 -0.251586646
v 0.175460756 0.003021240 -0.406005859
vt 0.123535156 0.324462891
vn -0.007887582 0.843959868 -0.536348343
v 0.165588319 0.000884995 -0.404876709
vt 0.127929688 0.328125000
vn 0.000000041 -0.999721229 -0.023615420
v 0.152374208 0.004074082 -0.408660889
vt 0.128662109 0.335205078
vn 0.651125550 0.753109217 -0.094138771
v 0.134490907 0.019409165 -0.392852783
vt 0.126708984 0.346191406
vn 0.180962175 0.944150448 0.275377125
v 0.115417421 0.009124741 -0.398498535
vt 0.132812500 0.351074219
vn -0.622955561 0.757009268 0.197137877
v 0.129104555 0.017684922 -0.420227051
vt 0.133789062 0.344482422
vn -0.346704036 0.937676728 -0.023638906
v 0.122741640 0.014297470 -0.421691895
vt 0.135498047 0.345947266
vn -0.566087425 -0.448152602 -0.691884577
v 0.138687074 0.017105088 -0.420074463
vt 0.132568359 0.341796875
vn 0.572870612 0.415919840 -0.706279039
v 0.130523622 0.000854477 -0.411834717
vt 0.138183594 0.343017578
vn -0.094347961 -0.723334014 -0.684022188
v 0.148651063 0.000976548 -0.411102295
vt 0.133056641 0.336669922
vn 0.125781626 -0.825442195 -0.550294697
vt 0.162597656 0.316650391
v 0.231079042 0.000808716 -0.387939453
vt 0.117187500 0.299804688
v 0.220825151 0.000869751 -0.324951172
vt 0.140869141 0.284423828
v 0.150390580 0.000869736 -0.267395020
vt 0.947998047 0.295166016
vt 0.964355469 0.265380859
vt 0.967041016 0.309814453
vt 0.937255859 0.271728516
vt 0.939941406 0.330810547
v 0.216491669 0.000930786 -0.237731919
vt 0.919677734 0.302001953
vt 0.019531250 0.548095703
vt 0.006591797 0.531982422
vt 0.017822266 0.527343750
vt 0.007812500 0.518310547
vt 0.014160156 0.519287109
v 0.115913346 0.094543442 -0.267974854
vt 0.028320312 0.547363281
vn 0.769628167 0.541881144 -0.337694138
v 0.118598901 0.123703003 -0.218490586
vt 0.023193359 0.520751953
vn 0.401761591 0.850789487 -0.338740319
v 0.115417428 0.097152695 -0.315856934
vt 0.021240234 0.565917969
vn 0.911353946 -0.094277978 -0.400681615
v 0.117385820 0.115882866 -0.288299561
vt 0.013916016 0.558837891
vn 0.511922061 0.858454049 -0.031503003
vt 0.006103516 0.553222656
vt 0.011230469 0.557617188
v 0.105873063 0.116836540 -0.286102265
vt 0.011230469 0.558105469
vn 0.070653953 0.997006476 -0.031401832
vt 0.008056641 0.564453125
vt 0.014160156 0.566162109
vt 0.030273438 0.580810547
vt 0.032958984 0.571533203
v 0.116088822 0.088027939 -0.283203125
vt 0.028564453 0.554443359
vn 0.479054242 0.730361521 -0.486907750
v 0.146118119 0.092636093 -0.272003174
vt 0.041748047 0.545410156
vn -0.369746566 0.841763318 -0.393347323
v 0.134429887 0.101402283 -0.255584717
vt 0.034423828 0.538818359
vn 0.031363044 0.886008859 -0.462606400
v 0.149749711 0.100021362 -0.255004883
vt 0.042236328 0.536621094
vn -0.424198687 0.903385997 0.062844254
v 0.134262040 0.104789734 -0.249450669
vt 0.033203125 0.535644531
vn 0.086581878 0.850077629 -0.519491911
v 0.164062455 0.108306885 -0.237503037
vt 0.045654297 0.526367188
vn 0.094676122 0.875755012 -0.473381132
v 0.170593217 0.100654602 -0.254730225
vt 0.052001953 0.531982422
vn 0.125491157 0.941183746 0.313727856
v 0.192962602 0.096160889 -0.256805420
vt 0.061767578 0.528808594
vn 0.291664243 0.945938230 -0.141890809
v 0.191238359 0.103836060 -0.238327026
vt 0.059326172 0.522216797
vn 0.149434909 0.896609962 -0.416845053
v 0.187911943 0.108558655 -0.234680176
vt 0.055419922 0.520996094
vn 0.125579923 0.855513930 -0.502320170
v 0.167083696 0.116516113 -0.223007187
vt 0.046142578 0.518066406
vn 0.094327413 0.927553773 -0.361588806
v 0.202423051 0.114006042 -0.217880249
vt 0.060302734 0.512695312
vn -0.015769683 0.662321329 -0.749053955
v 0.166168183 0.123359680 -0.201324448
vt 0.043212891 0.509033203
vn -0.117597483 0.674224675 -0.729103565
v 0.148849458 0.124153137 -0.201950058
vt 0.034423828 0.511230469
vn 0.023685182 0.907935619 -0.418439925
v 0.143981904 0.139862061 -0.185256943
vt 0.027832031 0.503417969
vn -0.298916340 0.464106739 -0.833818913
v 0.161498979 0.131996155 -0.202270493
vt 0.035400391 0.506103516
vn -0.590551317 0.078740098 -0.803149521
vt 0.026123047 0.507568359
vt 0.018554688 0.510009766
v 0.120864831 0.142066956 -0.220886216
vt 0.014648438 0.515136719
vn 0.883397341 0.465361118 0.055212200
vt 0.014648438 0.509765625
vt 0.007568359 0.504638672
vt 0.071044922 0.173583984
vt 0.068115234 0.166015625
vt 0.076171875 0.169189453
vt 0.077636719 0.163330078
v 0.112838693 0.039245591 -0.337524384
vt 0.069091797 0.161376953
vn -0.497390926 0.197377264 -0.844774842
vt 0.064941406 0.165771484
v 0.142242387 0.032028183 -0.345184326
vt 0.078613281 0.149169922
vn -0.150030240 0.718565345 -0.679083765
vt 0.083007812 0.145507812
v 0.162811220 0.023406968 -0.366302490
vt 0.090820312 0.140625000
vn -0.125980467 0.732260764 -0.669270635
vt 0.087646484 0.146728516
v 0.157394350 0.031005844 -0.352783203
vt 0.081298828 0.139648438
vn -0.243273959 0.776906848 -0.580718279
v 0.158050478 0.028442368 -0.362091064
vt 0.086669922 0.140869141
vn -0.220199689 0.794291317 -0.566227496
v 0.177322328 0.024490356 -0.371063232
vt 0.093994141 0.134521484
vn -0.118459761 0.631784618 -0.766038954
v 0.174148500 0.016586304 -0.373260498
vt 0.096191406 0.137695312
vn -0.070916839 0.693407893 -0.717046916
v 0.198196352 0.027008057 -0.370300293
vt 0.098144531 0.125244141
vn -0.425315678 0.472572803 -0.771868885
v 0.202987611 0.017944336 -0.375671387
vt 0.101806641 0.125732422
vn -0.583183706 0.630468726 -0.512255788
v 0.202255189 0.033920288 -0.362609863
vt 0.094238281 0.122070312
vn -0.715892255 0.582154036 -0.385480314
v 0.189178407 0.040145874 -0.356933594
vt 0.088134766 0.125976562
vn -0.133987203 0.764514565 -0.630527556
v 0.204345644 0.047286987 -0.348846436
vt 0.085449219 0.117431641
vn -0.267088085 0.840541661 -0.471331775
v 0.180541933 0.042251587 -0.351013184
vt 0.083251953 0.128417969
v 0.180740297 0.048629761 -0.345642090
vt 0.080322266 0.126464844
vn -0.125723511 0.754340351 -0.644332469
v 0.161407426 0.046325669 -0.340332031
vt 0.072998047 0.135253906
vn -0.213147700 0.678914428 -0.702597558
v 0.146301225 0.039764389 -0.342346191
vt 0.076904297 0.146728516
vn 0.654477119 0.102508485 -0.749100566
v 0.178436235 0.053985596 -0.338439941
vt 0.075683594 0.125976562
vn -0.173056871 0.794487894 -0.582100093
v 0.194213822 0.055480957 -0.337463379
vt 0.077880859 0.118652344
vn -0.023598023 0.849525034 -0.527020216
v 0.171386674 0.058090210 -0.329986572
vt 0.069824219 0.126953125
vn -0.063241713 0.814235508 -0.577079654
v 0.208892778 0.055114746 -0.336029053
vt 0.082031250 0.113037109
vn -0.354100406 0.354100227 -0.865578413
v 0.214172304 0.048522949 -0.348114014
vt 0.088134766 0.113525391
vn 0.149190620 0.965813041 0.212007672
v 0.231552064 0.048248291 -0.346984863
vt 0.092529297 0.108154297
vn 0.157621950 0.141859829 -0.977256954
v 0.245956361 0.041824341 -0.349334717
vt 0.097412109 0.104492188
vn 0.386282086 0.922347069 -0.007883399
v 0.228301942 0.062728882 -0.353118896
vt 0.088378906 0.105224609
vn -0.118081093 0.047232334 -0.991880059
v 0.244872987 0.064422607 -0.339904785
vt 0.090820312 0.095947266
vn 0.353607863 0.762221694 -0.542199016
v 0.217254579 0.067962646 -0.344390869
vt 0.083740234 0.106689453
vn -0.000000114 0.795250893 -0.606280506
v 0.221969560 0.085739136 -0.306701660
vt 0.069824219 0.095947266
vn -0.212479949 0.967963934 -0.133783638
v 0.206893861 0.071990967 -0.339294434
vt 0.078857422 0.108154297
vn -0.561058939 0.774419367 -0.292382807
v 0.199035600 0.060333252 -0.329803467
vt 0.075195312 0.114257812
vn -0.581309259 0.785552919 -0.212099254
v 0.224487260 0.073959351 -0.297546387
vt 0.062744141 0.097656250
vn 0.047220606 0.960153878 -0.275453985
v 0.209472612 0.059310913 -0.338073730
vt 0.081787109 0.111328125
vn -0.338824421 -0.346704036 -0.874639571
v 0.208908036 0.060165405 -0.338043213
vt 0.081298828 0.111328125
vn -0.440344751 -0.267352164 -0.857099414
v 0.208068788 0.061019897 -0.337890625
vt 0.080566406 0.111328125
vn -0.638965130 -0.078884631 -0.765180230
v 0.199539140 0.072952271 -0.303436279
vt 0.062500000 0.109130859
vn 0.086450748 0.864508510 -0.495127618
v 0.189941362 0.064773560 -0.318847656
vt 0.068847656 0.115722656
v 0.212844804 0.081161499 -0.287872314
vt 0.055908203 0.099853516
vn 0.118640929 0.854215443 -0.506201804
v 0.193496659 0.073028564 -0.312744141
vt 0.064697266 0.113525391
vn 0.157872215 0.828829706 -0.536765933
v 0.180206254 0.067398071 -0.317749023
vt 0.064208984 0.119873047
vn -0.007879496 0.858853698 -0.512160480
v 0.177154496 0.073898315 -0.306274414
vt 0.057861328 0.118652344
vn 0.110520862 0.860484660 -0.497344375
v 0.172302201 0.075912476 -0.304260254
vt 0.055908203 0.120605469
vn -0.062984422 0.866034329 -0.496001512
v 0.179656938 0.080032349 -0.295989990
vt 0.052490234 0.115234375
vn 0.251353592 0.219934464 -0.942576468
v 0.190658525 0.086624146 -0.286743164
vt 0.050537109 0.107910156
vn 0.504187047 0.622355998 -0.598722339
v 0.192657426 0.091552734 -0.272064209
vt 0.045166016 0.102050781
vn 0.615318775 0.725760639 -0.307659537
v 0.220519975 0.084320068 -0.282836914
vt 0.054199219 0.095947266
vn 0.125766024 0.903943896 -0.408739895
v 0.151916459 0.061202988 -0.324188232
vt 0.062255859 0.133789062
vn 0.150161177 0.829838634 -0.537419319
v 0.152130082 0.067977890 -0.314392090
vt 0.056396484 0.133056641
vn -0.031375788 0.854987442 -0.517698884
v 0.192016557 0.103866570 -0.294494629
vt 0.042724609 0.109130859
vn 0.707871854 0.495510340 -0.503375709
v 0.192657426 0.105697624 -0.283966064
vt 0.039794922 0.106933594
vn 0.581812024 0.778370202 -0.235869870
v 0.223449662 0.091400146 -0.259918213
vt 0.037841797 0.088134766
vn 0.133523330 0.942518234 -0.306318492
vt 0.035156250 0.097167969
v 0.194412187 0.112327568 -0.260131836
vt 0.034667969 0.101806641
vn 0.639602184 0.639602184 0.426401377
vt 0.020263672 0.109130859
v 0.167587236 0.114074700 -0.258880615
vt 0.027343750 0.111816406
vn 0.055027734 0.998361051 0.015722170
vt 0.016357422 0.124755859
v 0.179840043 0.103622429 -0.302062988
vt 0.041992188 0.114257812
vn 0.133841544 0.692827463 -0.708573639
v 0.151321366 0.114608757 -0.267517090
vt 0.026123047 0.120605469
vn -0.527739048 0.771916807 0.354451627
v 0.147216752 0.110786431 -0.282501221
vt 0.030761719 0.125000000
vn -0.842519760 0.519684970 -0.141732201
vt 0.028808594 0.132324219
v 0.152465776 0.105384819 -0.301788330
vt 0.037841797 0.123046875
vn -0.220691592 0.693601727 -0.685719967
v 0.146285966 0.081451401 -0.291534424
vt 0.042724609 0.132080078
vn -0.536215007 0.417932153 -0.733352661
vt 0.034179688 0.141845703
v 0.164337113 0.086425766 -0.297119141
vt 0.044921875 0.120361328
vn -0.086892165 -0.442359626 -0.892618477
v 0.165908769 0.082473740 -0.287902832
vt 0.048095703 0.122314453
vn -0.102636322 0.671082795 -0.734243572
v 0.138565019 0.074554428 -0.299652100
vt 0.047119141 0.136718750
vn 0.007894991 0.876355290 -0.481600672
v 0.130722001 0.074432358 -0.305145264
vt 0.047607422 0.142089844
vn -0.007868026 0.849735379 -0.527150691
vt 0.048095703 0.154052734
v 0.128189042 0.067489609 -0.313415527
vt 0.051025391 0.145996094
vn -0.071084656 0.987286627 0.142169237
v 0.120567270 0.060501084 -0.320709229
vt 0.053466797 0.154785156
vn -0.181091219 0.952696860 -0.244079381
vt 0.053222656 0.169189453
v 0.152557328 0.070953354 -0.329895020
vt 0.062500000 0.137939453
vn 0.756093085 0.653705537 -0.031504009
v 0.130615190 0.078384385 -0.318786621
vt 0.055664062 0.146484375
vn 0.126427934 0.916602373 0.379283667
v 0.120071359 0.075607285 -0.330261230
vt 0.057128906 0.151367188
vn -0.291329622 0.944852650 -0.149601668
v 0.116691537 0.057617173 -0.331329346
vt 0.057861328 0.159912109
vn -0.723781645 0.330421925 -0.605773568
v 0.117195077 0.068252549 -0.350860596
vt 0.062744141 0.155273438
vn -0.629141688 0.353892088 -0.692055702
v 0.147231996 0.063903794 -0.353881836
vt 0.066650391 0.145263672
vn 0.291872799 0.402311265 -0.867730319
v 0.114952035 0.039245591 -0.343902588
vt 0.068847656 0.159423828
vn -0.276276708 -0.236808568 -0.931446671
v 0.144332826 0.040084824 -0.351654053
vt 0.072753906 0.148925781
vn 0.047414828 -0.600588858 -0.798150897
vt 0.463867188 0.919189453
vt 0.515869141 0.913574219
vt 0.463378906 0.951416016
vt 0.887207031 0.462646484
v 0.107337944 0.170406342 0.035690326
vt 0.881103516 0.457275391
vn 0.110634901 0.165952206 0.979908049
vt 0.891601562 0.458984375
vt 0.878662109 0.450195312
v 0.140899643 0.150825500 0.032054916
vt 0.860839844 0.460693359
vn 0.000000074 0.632376552 0.774661183
v 0.130813584 0.162235260 0.033336654
vt 0.867919922 0.455078125
vn -0.110212184 0.062978499 0.991910815
vt 0.864013672 0.473876953
v 0.134780869 0.197652817 0.030729309
vt 0.875732422 0.441406250
vn -0.220356300 0.857815742 0.464322269
v 0.131774887 0.190841675 -0.009541498
vt 0.895019531 0.427246094
v 0.146865830 0.186050415 0.018415464
vt 0.866943359 0.432861328
vn 0.528263688 0.835760593 -0.149806246
v 0.151000962 0.187065125 0.036434185
vt 0.865478516 0.442138672
vn 0.149490595 0.448471516 0.881207168
v 0.162796006 0.180252075 0.034931190
vt 0.858642578 0.441406250
vn 0.816044152 0.431561857 0.384482175
v 0.158584595 0.161586761 0.038387310
vt 0.849609375 0.453125000
vn 0.251462311 0.887976289 0.385051608
v 0.159362778 0.175239563 -0.003136385
vt 0.853515625 0.422119141
vn 0.519089937 0.841554999 -0.149435103
v 0.151046738 0.180229187 -0.005524624
vt 0.859130859 0.419189453
vn 0.360742599 0.627378583 -0.690116584
v 0.161117539 0.172012329 -0.010281553
vt 0.850097656 0.421875000
vn 0.560307026 0.426149130 -0.710248590
v 0.166503891 0.160621643 -0.009450901
vt 0.842285156 0.426513672
vn 0.299166173 0.952608287 -0.055109650
v 0.198471054 0.158905029 0.010364539
vt 0.820800781 0.439453125
vn 0.306734979 0.951665044 0.015729917
v 0.175521851 0.160419479 0.051784527
vt 0.839111328 0.462402344
vn -0.157251328 0.786256850 0.597555161
v 0.154403687 0.142562866 0.044883743
vt 0.847167969 0.471191406
vn -0.031410445 0.777409673 0.628209770
v 0.197769165 0.158935547 0.037227638
vt 0.823974609 0.454101562
vn 0.881370842 0.472162992 0.015738629
v 0.199249268 0.154945374 0.054325111
vt 0.825683594 0.463134766
vn 0.393420488 0.110157758 0.912735224
v 0.198455796 0.139976501 0.006396301
vt 0.808593750 0.444580078
vn 0.803747892 0.583111286 0.118198097
v 0.203750595 0.158378601 -0.025011057
vt 0.816406250 0.428466797
vn 0.456508934 0.889405429 -0.023612631
v 0.200256348 0.131607056 0.044616707
vt 0.812255859 0.471191406
vn 0.628908277 0.707521856 0.322315365
v 0.173706055 0.137390137 0.050075542
vt 0.832031250 0.477050781
vn -0.007853949 0.070686720 0.997467637
v 0.171447754 0.136833191 0.057041179
vt 0.832763672 0.480712891
vn 0.125832081 0.047187041 -0.990928710
v 0.176452637 0.134849548 0.058673870
vt 0.828369141 0.481689453
vn 0.353106737 0.360953659 -0.863150120
v 0.229736313 0.129959106 0.004913811
vt 0.788330078 0.450683594
vn 0.379319251 0.908785760 0.173854589
v 0.216720566 0.136528015 -0.013912196
vt 0.792724609 0.436035156
vn 0.299286842 0.952992380 0.047255740
v 0.236770615 0.128456116 -0.013733861
vt 0.780273438 0.441162109
vn 0.023511579 0.752368808 0.658322573
v 0.230514526 0.119773872 0.043895725
vt 0.791503906 0.474121094
vn 0.339573681 0.908162177 0.244808853
v 0.252166748 0.118431099 -0.002666472
vt 0.772460938 0.445800781
vn 0.007854023 0.997467637 -0.070686720
v 0.249771118 0.113388069 0.037204742
vt 0.775878906 0.469970703
vn 0.141325444 0.918615341 0.369016379
v 0.260223389 0.111724868 -0.010470390
vt 0.761474609 0.434326172
vn 0.410161376 0.591579020 -0.694119513
v 0.270050049 0.127426162 -0.012308123
vt 0.763183594 0.425048828
vn 0.471288323 0.062838487 0.879737914
v 0.266693115 0.141983047 0.009043692
vt 0.762695312 0.451416016
vn -0.298870087 0.873014987 -0.385385007
v 0.226745605 0.114868172 0.066589363
vt 0.795166016 0.489501953
vn 0.275240809 0.385337293 -0.880771101
v 0.255035400 0.124794014 0.016824722
vt 0.770019531 0.456787109
vn -0.843959987 0.536348283 0.007887564
v 0.257904053 0.105773941 0.062164307
vt 0.772949219 0.486083984
vn 0.392728001 0.903274477 0.172800258
v 0.289031982 0.134185806 -0.001336936
vt 0.754150391 0.450195312
vn 0.338561594 0.385802865 -0.858214676
v 0.285583496 0.097412124 -0.001032355
vt 0.741455078 0.444824219
vn 0.718296647 0.292054743 -0.631469786
v 0.271026611 0.104095474 -0.015771866
vt 0.750244141 0.436767578
vn -0.244147480 0.905708373 0.346531928
v 0.281524658 0.129791275 0.011148449
vt 0.754882812 0.455078125
vn 0.545731723 0.696005702 0.466640055
v 0.264129639 0.134574905 0.025360106
vt 0.762207031 0.459716797
vn 0.369529277 0.849131167 0.377391517
v 0.259277344 0.131172195 0.042499542
vt 0.764160156 0.465332031
vn -0.440508038 0.369712174 0.818086565
v 0.277282715 0.114303604 0.044746395
vt 0.754394531 0.468750000
vn 0.550907969 0.519427478 0.653219342
v 0.281860352 0.097770706 0.039676663
vt 0.750732422 0.475097656
vn 0.415268242 0.673831344 0.611149371
v 0.290496826 0.107109085 0.035346981
vt 0.747314453 0.465087891
vn 0.813397408 0.386956066 0.434338242
v 0.300201416 0.088180557 0.054832455
vt 0.743652344 0.484375000
vn 0.337475508 0.933943927 0.117723949
v 0.284698486 0.098846450 0.019302366
vt 0.731933594 0.459716797
vn 0.833535314 0.550447881 0.047181111
v 0.271392822 0.095260635 0.077117920
vt 0.765625000 0.496826172
vn 0.306592673 0.487403899 -0.817580819
v 0.298309326 0.120201126 0.005334373
vt 0.746582031 0.453125000
vn 0.998607934 0.023589209 0.047178198
v 0.294586182 0.092163101 0.005411145
vt 0.733154297 0.452148438
vn -0.180939823 0.983368337 0.015733875
v 0.307250977 0.085006729 -0.005017762
vt 0.727539062 0.446533203
vn -0.078936189 0.986702085 0.142085060
v 0.292114258 0.106086746 -0.010888103
vt 0.739013672 0.434326172
vn 0.063206166 0.395037919 0.916487932
v 0.280792236 0.118629470 -0.012252810
vt 0.747314453 0.430419922
vn 0.094453104 0.834335446 0.543105066
v 0.308227539 0.099670425 -0.007259374
vt 0.730468750 0.435546875
vn 0.767092168 0.324234843 0.553571463
v 0.316802979 0.106536880 -0.027536398
vt 0.726562500 0.424072266
vn 0.573029578 0.769272506 0.282589763
v 0.257751465 0.102043167 0.075660706
vt 0.774169922 0.495605469
vn 0.426427931 0.379047155 -0.821268857
v 0.274688721 0.136154190 0.075248718
vt 0.774414062 0.521728516
vn 0.180939645 -0.015733929 -0.983368337
v 0.251007080 0.109970100 0.071556099
vt 0.781005859 0.496337891
vn 0.204978630 -0.181327388 -0.961823404
v 0.246368408 0.147254944 0.064865112
vt 0.795898438 0.514160156
vn 0.126187727 -0.110414401 -0.985842526
v 0.224670410 0.158607483 0.064552307
vt 0.812011719 0.515136719
vn 0.244763002 0.268449843 -0.931679070
v 0.272064209 0.140579239 0.069747917
vt 0.779052734 0.521728516
vn 0.339668870 -0.031597145 -0.940014303
v 0.247100830 0.153694153 0.065902710
vt 0.797851562 0.518310547
vn 0.204698980 0.976256907 -0.070857428
v 0.274810791 0.145561233 0.079116814
vt 0.778320312 0.528320312
vn 0.410468012 0.876191497 -0.252595812
v 0.278747559 0.145683303 0.082221977
vt 0.775390625 0.530273438
vn 0.307162762 0.929364443 -0.204775304
v 0.300415039 0.127357498 0.077789307
vt 0.763671875 0.529296875
vn 0.583745778 0.433865190 -0.686295867
v 0.270935059 0.147811919 0.097885124
vt 0.782470703 0.539550781
vn 0.047191415 0.998885930 -0.000000050
v 0.239135742 0.148262039 0.092956543
vt 0.804687500 0.536621094
vn 0.205189228 0.978595018 0.015783722
v 0.194213867 0.174682632 0.053886421
vt 0.833496094 0.509521484
vn 0.229164749 0.134338006 -0.964073062
v 0.271392822 0.152053863 0.130661011
vt 0.784667969 0.558593750
vn 0.314814210 0.944442868 -0.094444372
v 0.306121826 0.140678436 0.144622788
vt 0.767333984 0.569824219
vn 0.424986124 0.905063093 -0.015740322
v 0.262725830 0.150039703 0.125839233
vt 0.790283203 0.556152344
vn 0.157149315 0.950753808 -0.267154008
v 0.204452515 0.163726822 0.070014954
vt 0.825195312 0.521484375
vn 0.363321453 0.924100280 0.118474320
v 0.189270020 0.174140945 0.059188850
vt 0.837158203 0.510742188
vn 0.457430869 0.883314908 -0.102527715
v 0.211318970 0.158981338 0.104331970
vt 0.825927734 0.545166016
vn 0.362925470 0.930982888 -0.039448518
v 0.225387573 0.157707229 0.125137329
vt 0.815185547 0.560058594
vn 0.244329348 0.914264977 -0.323145419
vt 0.850341797 0.552246094
vt 0.826904297 0.562255859
vt 0.827148438 0.577392578
v 0.181945801 0.171806350 0.076728828
vt 0.840332031 0.522460938
vn 0.456622154 0.889626026 0.007872698
vt 0.810302734 0.580078125
vt 0.854492188 0.524414062
v 0.182312012 0.171806350 0.075874336
vt 0.839843750 0.521484375
vn 0.393847346 0.874341130 0.283569992
v 0.182220459 0.171855941 0.075874336
vt 0.840087891 0.521484375
vn 0.401028156 0.896415949 0.188719034
vt 0.840087891 0.521240234
vn 0.503297746 0.841450930 0.196600586
v 0.182312012 0.172000900 0.075012214
vt 0.840087891 0.520751953
vn 0.456806242 0.834852815 0.307162732
v 0.169235229 0.181118026 0.069923408
vt 0.848876953 0.515380859
vn 0.456622154 0.889626026 -0.007872895
v 0.158523560 0.189292923 0.063774116
vt 0.855712891 0.511718750
vn 0.638171256 0.732715189 -0.236359879
v 0.184753418 0.178470626 0.053161629
vt 0.841552734 0.508300781
vn 0.118330412 0.299770683 -0.946644366
v 0.163162231 0.175537124 0.062919624
vt 0.851318359 0.505371094
vn 0.196509451 0.644551337 -0.738875985
v 0.160797119 0.164077774 0.052982341
vt 0.846923828 0.493164062
vn 0.126034930 0.173298165 -0.976771712
v 0.130935669 0.184635177 0.047157299
vt 0.865234375 0.493164062
vn 0.110181458 0.141662002 -0.983764231
vt 0.859863281 0.513183594
vt 0.872314453 0.482177734
vt 0.874755859 0.473144531
vt 0.871826172 0.497802734
vt 0.883789062 0.483398438
v 0.152252197 0.193599716 0.064704902
vt 0.860107422 0.511962891
vn 0.134091124 0.236631587 -0.962301970
vt 0.870361328 0.513427734
v 0.152252197 0.194135681 0.065567024
vt 0.859375000 0.512451172
vn 0.510845840 0.793775976 -0.330085129
v 0.152252197 0.194133773 0.065567024
vt 0.860107422 0.512451172
vn 0.544710398 0.773646712 -0.323668629
v 0.152313232 0.194000259 0.065567024
vt 0.859863281 0.512451172
vn -0.698883533 0.706736028 -0.109936662
vt 0.596435547 0.321044922
vt 0.635009766 0.315185547
vt 0.613281250 0.341064453
v 0.156784043 0.000869751 -0.077857956
vt 0.583740234 0.349853516
vt 0.576904297 0.368896484
v 0.221191391 0.000885025 -0.049663533
vt 0.560302734 0.334716797
v 0.257019043 0.000930801 -0.109245300
vt 0.543212891 0.360839844
v 0.250152588 0.000869751 -0.187408432
vt 0.552490234 0.392333984
v 0.290344238 0.000991836 -0.026329039
vt 0.532958984 0.328857422
v 0.231414795 0.000854507 0.018941889
vt 0.547119141 0.319091797
v 0.337188721 0.000915542 -0.074020393
vt 0.513183594 0.341308594
v 0.370941162 0.000915542 0.000864497
vt 0.501953125 0.316894531
v 0.367248535 0.000991836 -0.153198242
vt 0.500244141 0.365722656
v 0.416442871 0.000915542 -0.046451584
vt 0.482910156 0.335205078
v 0.403259277 0.000991836 -0.089614883
vt 0.487304688 0.344970703
vn 0.007873571 -0.999938011 -0.007873485
vt 0.166259766 0.949707031
vt 0.173339844 0.937500000
vt 0.181884766 0.948486328
vt 0.165283203 0.934814453
v 0.133361802 0.158927917 -0.016019806
vt 0.157226562 0.947265625
vn 0.823713183 0.549142122 -0.141208097
vt 0.147460938 0.938232422
v 0.123130783 0.175308228 -0.007410988
vt 0.164794922 0.953125000
vt 0.175048828 0.956054688
vt 0.164794922 0.960205078
v 0.139953598 0.151298523 -0.003525243
vt 0.156250000 0.952148438
vn -0.102473535 0.938026190 -0.331068099
v 0.140747055 0.162361145 -0.005497442
vt 0.155517578 0.956054688
vn -0.205253348 0.402612031 -0.892062068
v 0.140533432 0.151329041 -0.049743637
vt 0.143066406 0.940673828
vn -0.164798483 0.949552834 -0.266816467
vt 0.143066406 0.930664062
v 0.141021714 0.160697937 -0.038169846
vt 0.145263672 0.947753906
vn -0.180911839 0.983216226 -0.023597207
v 0.173019394 0.144241333 -0.054111470
vt 0.129638672 0.943115234
vn 0.157680780 0.930317104 -0.331129879
vt 0.156738281 0.963623047
vt 0.163574219 0.968017578
vt 0.151611328 0.964843750
v 0.159118637 0.175125122 -0.004424561
vt 0.153808594 0.965332031
vn 0.550907850 0.802751601 -0.228233397
vt 0.154052734 0.965576172
vt 0.147216797 0.962646484
v 0.152770981 0.158576965 -0.054206833
vt 0.138916016 0.944824219
vn -0.197095096 0.457260281 -0.867217839
vt 0.130859375 0.965820312
vt 0.139160156 0.973144531
v 0.184051499 0.162368774 -0.053989399
vt 0.130615234 0.951171875
vn 0.212849200 0.859280527 -0.465115190
v 0.201766953 0.138175964 -0.055175774
vt 0.120117188 0.952392578
vn 0.550226629 0.699574053 -0.455902278
v 0.191589341 0.140159607 -0.066955559
vt 0.120849609 0.945800781
vn -0.149264291 0.934865773 0.322096616
v 0.172470063 0.146644592 -0.104087822
vt 0.120361328 0.929931641
vn -0.244519338 0.899200201 0.362835169
v 0.223358139 0.133079529 -0.057727810
vt 0.112548828 0.955322266
vn 0.110308014 0.992772579 -0.047274943
v 0.151779145 0.145080566 -0.087997429
vt 0.130126953 0.929443359
vn 0.188555956 0.982062519 -0.000000068
v 0.156417817 0.147468567 -0.110000603
vt 0.123535156 0.924072266
vn 0.110603780 0.592519879 0.797926664
vt 0.134521484 0.921875000
v 0.203598008 0.139945984 -0.033191673
vt 0.123291016 0.962158203
vn 0.541797519 0.840178907 -0.023556527
v 0.228530869 0.132858276 -0.038482662
vt 0.114013672 0.963867188
v 0.202987656 0.145179749 -0.018587105
vt 0.124755859 0.967041016
vn 0.990071774 -0.062861644 0.125723258
vt 0.120849609 0.974609375
vt 0.116455078 0.968505859
vt 0.109375000 0.970947266
v 0.131027192 0.146247864 -0.184204087
vt 0.064208984 0.214843750
vn -0.948653698 -0.007905502 -0.316217750
vt 0.071777344 0.215332031
vt 0.066894531 0.224609375
vt 0.069091797 0.209228516
vt 0.054199219 0.244873047
v 0.150878876 0.146080017 -0.188903794
vt 0.066894531 0.205322266
vn -0.338782430 0.078786530 -0.937560260
vt 0.075683594 0.202636719
v 0.129699677 0.161067963 -0.185745224
vt 0.056884766 0.212158203
vn -0.952992439 0.141767398 -0.267782837
v 0.158706635 0.153839111 -0.189468369
vt 0.064453125 0.200195312
vn -0.510593772 0.078552812 -0.856226265
v 0.133285493 0.170272827 -0.109741196
vt 0.040771484 0.245361328
vn -0.906580448 0.354748845 0.228616044
vt 0.047851562 0.253662109
v 0.136215180 0.174324036 -0.150665268
vt 0.043945312 0.225097656
vn -0.951047480 0.306535929 0.039299592
v 0.138549775 0.175064087 -0.121757492
vt 0.038085938 0.239501953
vn -0.740065753 0.598351002 0.307048649
v 0.136550859 0.179759979 -0.186950669
vt 0.049072266 0.206787109
vn -0.653624415 -0.157499894 -0.740249217
v 0.151336640 0.172023773 -0.109886162
vt 0.034423828 0.246093750
vn -0.472075164 0.574358225 0.668773293
v 0.141723603 0.193395615 -0.134597763
vt 0.031005859 0.229248047
vn -0.730902553 0.392958403 0.558001041
v 0.163085893 0.170578003 -0.193252549
vt 0.058105469 0.195068359
vn -0.843435466 -0.204946950 -0.496601999
v 0.171188310 0.140113831 -0.215194702
vt 0.075195312 0.193603516
vn -0.916087747 -0.213227361 -0.339584082
v 0.137008622 0.188194275 -0.198028550
vt 0.043945312 0.201416016
vn -0.692377150 -0.306848973 -0.653037310
v 0.144622773 0.205123901 -0.134292588
vt 0.024414062 0.227783203
vn -0.989461064 0.031411424 0.141351700
v 0.157272309 0.208568573 -0.127700791
vt 0.020263672 0.235107422
vn -0.709255219 0.070925526 0.701374829
v 0.139297441 0.198026657 -0.202850327
vt 0.037841797 0.198730469
vn -0.995495498 -0.000000048 -0.094808966
v 0.161712602 0.182926178 -0.201690659
vt 0.051757812 0.191894531
vn -0.473381132 -0.449712038 -0.757409573
v 0.161041215 0.199634552 -0.207000718
vt 0.043457031 0.187744141
vn -0.386102289 -0.527935684 -0.756445050
v 0.138885468 0.212233543 -0.134750351
vt 0.018798828 0.226562500
vn -0.953317642 -0.039393317 0.299389124
v 0.144271821 0.226914883 -0.132293686
vt 0.010742188 0.227294922
vn -0.347308248 0.655149698 0.670936525
v 0.138565019 0.206928253 -0.179031357
vt 0.029052734 0.206787109
vn -0.987409830 0.157985523 0.007899402
v 0.142456025 0.227189064 -0.146408066
vt 0.013916016 0.220458984
vn -0.756586015 0.630488276 0.173384383
v 0.168411225 0.222049966 -0.134109482
vt 0.001708984 0.229248047
vn -0.401152194 0.857364535 0.322494954
v 0.149948075 0.238569260 -0.167922959
vt 0.010009766 0.207275391
vn -0.840178907 0.541797519 0.023556504
v 0.161254853 0.241096497 -0.153457627
vt 0.001220703 0.211669922
vn 0.149601638 0.984221458 0.094485193
v 0.138458207 0.210860252 -0.216110215
vt 0.032958984 0.190673828
vn -0.944764853 -0.133841723 -0.299175382
v 0.149566606 0.240144730 -0.196212754
vt 0.015625000 0.193847656
vn -0.425091505 0.897415280 -0.118080944
v 0.185501054 0.228133202 -0.193038940
vt 0.002929688 0.183105469
vn 0.322814584 0.936949790 -0.133850053
v 0.157394364 0.229899406 -0.223052964
vt 0.023925781 0.180664062
vn 0.102431983 0.843094945 -0.527919292
v 0.185760453 0.224255323 -0.228179932
vt 0.025390625 0.168457031
vn 0.039393160 0.583020687 -0.811501801
v 0.142745927 0.223356128 -0.225006089
vt 0.028320312 0.185791016
vn -0.616066992 0.355423123 -0.702948034
v 0.158370927 0.203908920 -0.210845932
vt 0.040283203 0.186279297
vn -0.282485485 -0.878843784 -0.384494096
v 0.165405229 0.207005501 -0.227020249
vt 0.036865234 0.177246094
vn -0.282799184 0.039277598 -0.958374679
v 0.222946122 0.188880920 -0.234664917
vt 0.027343750 0.149902344
vn 0.047185484 0.369620681 -0.927983880
v 0.173309281 0.189540863 -0.215942383
vt 0.047363281 0.182617188
vn -0.810898066 -0.322784692 -0.488113254
v 0.166641191 0.203275681 -0.237823471
vt 0.039550781 0.173828125
vn -0.788110495 0.031524356 -0.614726007
v 0.191299394 0.195880890 -0.241912842
vt 0.036865234 0.165283203
vn 0.165349096 0.669270575 -0.724387109
v 0.175430253 0.186763763 -0.222106934
vt 0.048095703 0.179687500
vn -0.667761326 -0.526353002 -0.526352942
v 0.166198686 0.171909332 -0.204025254
vt 0.056152344 0.189941406
vn -0.898781002 0.268057406 -0.346897811
v 0.169326738 0.173545837 -0.218566880
vt 0.054931641 0.182617188
vn -0.582550943 0.425104558 -0.692763031
v 0.162094072 0.167285919 -0.222717270
vt 0.058349609 0.182373047
vn -0.892145514 -0.039475519 -0.450020134
v 0.151580781 0.162796021 -0.106780998
vt 0.904052734 0.662353516
vn -0.094234258 -0.109940082 0.989461064
vt 0.900146484 0.666503906
vt 0.896484375 0.664550781
vt 0.899414062 0.659912109
vt 0.906494141 0.665283203
vt 0.902099609 0.668701172
v 0.175903291 0.159156799 -0.104675286
vt 0.906005859 0.654541016
vn -0.276164621 -0.205150917 0.938960195
vt 0.901611328 0.653320312
v 0.183807343 0.170604706 -0.096923821
vt 0.911621094 0.652832031
vn -0.463991851 -0.251656651 0.849341333
v 0.171585053 0.178428650 -0.094604485
vt 0.913818359 0.658203125
vn -0.513902187 -0.292529017 0.806431353
v 0.162673920 0.187725067 -0.114593498
vt 0.913574219 0.668212891
vn -0.774056852 0.347535759 0.529202282
vt 0.910644531 0.677490234
v 0.195617646 0.182704926 -0.086814873
vt 0.917724609 0.648193359
vn -0.465592712 -0.126262441 0.875945926
vt 0.919677734 0.676269531
v 0.196838349 0.158683777 -0.087913506
vt 0.909912109 0.645507812
vn -0.803872585 0.315244168 0.504390776
vt 0.904541016 0.636718750
v 0.197067231 0.169712067 -0.081054680
vt 0.914550781 0.644531250
vn -0.937414765 0.212690726 0.275710344
v 0.194381699 0.151260376 -0.068153374
vt 0.909179688 0.637451172
vn -0.865846574 -0.110198677 0.488022774
v 0.211532578 0.143119812 -0.068298340
vt 0.905761719 0.632568359
vn 0.094359696 0.235898986 0.967185616
vt 0.901367188 0.627197266
v 0.193695053 0.155868530 -0.063232414
vt 0.911376953 0.636718750
vn -0.220410854 -0.118077278 0.968233943
v 0.198013291 0.171211243 -0.061435692
vt 0.915527344 0.636474609
vn -0.141281769 0.251167834 0.957577288
v 0.208938584 0.177452087 -0.065406799
vt 0.919921875 0.638671875
vn -0.196533725 0.267286032 0.943362474
v 0.209991425 0.187221527 -0.075859070
vt 0.922851562 0.642822266
vn -0.691030741 0.212020829 0.691030920
v 0.220611542 0.195947647 -0.065872192
vt 0.927978516 0.639160156
vn -0.489587218 -0.536966681 0.687001586
v 0.197708100 0.196956635 -0.084770195
vt 0.923828125 0.648681641
vn -0.118396744 -0.402549326 0.907709360
v 0.206588715 0.203800201 -0.077301025
vt 0.927978516 0.645996094
vn -0.321868151 -0.573082507 0.753642857
v 0.208129853 0.218571186 -0.058845516
vt 0.937744141 0.645751953
vn -0.118121095 0.039373782 0.992218256
v 0.222488388 0.200262070 -0.048572540
vt 0.934570312 0.636962891
vn -0.564762235 -0.486323208 0.666733444
v 0.182617158 0.200315475 -0.076614372
vt 0.926025391 0.655273438
vn -0.323155284 -0.472910345 0.819711328
v 0.166656464 0.185832977 -0.085632317
vt 0.918457031 0.658203125
vn -0.581955910 -0.259520918 0.770698607
v 0.170455903 0.201181412 -0.096984856
vt 0.922363281 0.664306641
vn -0.942925453 0.110007942 0.314308614
v 0.164428681 0.202829361 -0.121330254
vt 0.918701172 0.672119141
vn -0.919210434 -0.188556030 0.345686138
v 0.169738740 0.210103989 -0.083770745
vt 0.927978516 0.662109375
vn -0.909307599 -0.023516599 0.415459692
v 0.163345307 0.221373320 -0.123992912
vt 0.927001953 0.677001953
vn -0.693085313 0.598573625 0.401674479
vt 0.922607422 0.682373047
v 0.189117402 0.221916616 -0.062316891
vt 0.935546875 0.653564453
vn -0.529449821 -0.134338051 0.837637365
vt 0.929931641 0.681152344
v 0.172821015 0.220980525 -0.090980522
vt 0.931396484 0.665771484
vn -0.644551337 0.738875926 0.196509629
v 0.204879731 0.239162445 -0.057048794
vt 0.943359375 0.652832031
vn -0.047283709 0.985076845 0.165492862
v 0.237823457 0.230956078 -0.062198639
vt 0.952636719 0.645751953
vn 0.314950854 0.873988688 0.370067209
v 0.228408784 0.222376406 -0.110450745
vt 0.957763672 0.670898438
vn 0.314648628 0.936079860 -0.157324433
v 0.192062348 0.236556053 -0.105621330
vt 0.942138672 0.670410156
v 0.204071015 0.225977182 -0.147567749
vt 0.945800781 0.687744141
vn 0.330790669 0.937240422 -0.110263661
v 0.176025361 0.235658646 -0.143280029
vt 0.936767578 0.683593750
vn -0.062797777 0.989064693 0.133445203
vt 0.936035156 0.688964844
vt 0.931884766 0.691406250
vt 0.945556641 0.704101562
v 0.210266069 0.219919205 -0.181823730
vt 0.953369141 0.698242188
vn 0.307908565 0.939516068 -0.150006860
vt 0.963378906 0.988037109
vt 0.960449219 0.984130859
vt 0.965820312 0.983886719
v 0.186981156 0.126396179 -0.214294434
vt 0.970947266 0.988525391
vn -0.518977702 -0.542567492 -0.660516918
vt 0.973144531 0.980468750
vt 0.961181641 0.977783203
v 0.172500566 0.140937805 -0.221771240
vt 0.976074219 0.982177734
vn -0.363242298 -0.315862834 -0.876519203
v 0.192306474 0.128524780 -0.223449707
vt 0.975585938 0.991943359
vn -0.196820006 -0.196819946 -0.960481048
vt 0.984375000 0.973876953
vt 0.979248047 0.964355469
v 0.180892900 0.160465240 -0.223419189
vt 0.985595703 0.983398438
vt 0.989013672 0.975830078
vt 0.995605469 0.978027344
v 0.200500444 0.177135468 -0.225555420
vt 0.996093750 0.987792969
vn -0.275890142 -0.488719583 -0.827670217
vt 0.297851562 0.063476562
vt 0.297851562 0.056152344
vt 0.300048828 0.057373047
v 0.171249330 0.014434814 -0.379333496
vt 0.300292969 0.051025391
vn 0.015757211 0.858773649 -0.512112796
vt 0.302001953 0.054199219
vt 0.297851562 0.050048828
vt 0.305175781 0.050781250
v 0.179412782 0.014587402 -0.382812500
vt 0.300292969 0.047119141
vn -0.047350001 0.899648130 -0.434040815
v 0.173614442 0.008117676 -0.391601562
vt 0.303955078 0.048828125
vn -0.102169275 0.895945132 -0.432254285
vt 0.308593750 0.048583984
vt 0.294433594 0.039062500
v 0.184921205 0.009597778 -0.389282227
vt 0.302978516 0.044189453
vn 0.031415232 0.863921702 -0.502645433
v 0.184493959 0.004592896 -0.401641846
vt 0.308349609 0.044677734
vn 0.054981831 0.911128998 -0.408437163
v 0.200500429 0.007797241 -0.390960693
vt 0.305908203 0.038085938
vn -0.260814667 0.616470754 -0.742926300
v 0.194503725 0.001876831 -0.403442383
vt 0.311035156 0.041503906
vn 0.078649916 -0.558415055 -0.825825036
vt 0.309326172 0.051513672
vt 0.321289062 0.028564453
v 0.238113344 0.002639771 -0.403564453
vt 0.317871094 0.024414062
vn -0.063166767 -0.078958347 -0.994874597
v 0.276946962 0.001098633 -0.402465820
vt 0.326171875 0.011718750
vn 0.007861876 -0.998453617 -0.055032831
v 0.270690858 0.002456665 -0.406066895
vt 0.322753906 0.012695312
vn -0.149569362 0.598276854 -0.787206471
v 0.258544862 0.006805420 -0.397064209
vt 0.316894531 0.014892578
vn -0.039457150 0.686552107 -0.726009250
v 0.258514345 0.012741089 -0.400451660
vt 0.314453125 0.012939453
vn 0.511161625 0.062912203 -0.857178986
v 0.264709413 0.008483887 -0.391052246
vt 0.319335938 0.012207031
vn 0.410378456 0.836540937 -0.363027275
v 0.233444154 0.007324219 -0.395233154
vt 0.313720703 0.025146484
vn -0.023703119 -0.339743197 -0.940219462
v 0.240432680 0.009979248 -0.391937256
vt 0.314453125 0.021240234
vn -0.000000135 0.110431477 -0.993883729
v 0.249130189 0.016235352 -0.398681641
vt 0.312500000 0.015869141
vn 0.086408056 -0.298500985 -0.950489879
v 0.236526430 0.017990112 -0.401672363
vt 0.310058594 0.020263672
vn 0.110520877 -0.497344375 -0.860484660
v 0.204666078 0.023345947 -0.404907227
vt 0.301757812 0.031005859
vn -0.533583701 -0.384494156 -0.753294528
v 0.222503603 0.029525757 -0.407165527
vt 0.304443359 0.022216797
vn 0.094126940 -0.172566324 -0.980490208
v 0.234710634 0.032104492 -0.407196045
vt 0.304687500 0.017578125
vn 0.274968863 0.306394011 -0.911325872
v 0.253723085 0.032821655 -0.398101807
vt 0.305664062 0.009765625
vn 0.425830901 0.457374036 -0.780690193
v 0.261321962 0.023330688 -0.392120361
vt 0.309570312 0.007080078
vn 0.774443388 0.276586950 -0.568978965
v 0.253265321 0.040374756 -0.388458252
vt 0.300781250 0.005859375
vn 0.395222843 0.561216533 -0.727210343
v 0.231216371 0.042312622 -0.394622803
vt 0.297851562 0.015380859
vn 0.282964855 0.730992913 -0.620951056
v 0.254180849 0.046279907 -0.384582520
vt 0.298095703 0.003906250
vn 0.259544879 0.739310026 -0.621335089
v 0.217086732 0.047866821 -0.398406982
vt 0.294921875 0.021240234
vn 0.086716272 0.764680922 -0.638548017
v 0.221099794 0.052490234 -0.387542725
vt 0.291503906 0.017822266
vn 0.126168087 0.796436846 -0.591413558
v 0.255920351 0.052719116 -0.373199463
vt 0.292724609 0.000732422
vn 0.313833982 0.768893540 -0.557055652
v 0.208816469 0.038116455 -0.411010742
vt 0.299316406 0.025878906
vn -0.616470933 0.458401293 -0.640181124
v 0.223815858 0.069366455 -0.362854004
vt 0.281250000 0.014648438
vn 0.220254019 0.975410879 0.007866145
v 0.254119813 0.061416626 -0.362762451
vt 0.286865234 0.000000000
vn 0.385230243 0.652532697 0.652532637
v 0.235824525 0.044113159 -0.353027344
vt 0.272460938 0.013916016
vn 0.133453533 0.525963664 0.839971721
v 0.215637147 0.062896729 -0.377471924
vt 0.285156250 0.019287109
vn -0.622491300 0.661889434 -0.417620689
v 0.213622987 0.063751221 -0.358306885
vt 0.277099609 0.022705078
vn -0.677081406 0.661335349 0.322794706
v 0.209854066 0.045867920 -0.379486084
vt 0.287597656 0.025878906
vn -0.873799145 0.425091416 -0.236161813
vt 0.271240234 0.025878906
vt 0.270507812 0.010742188
vt 0.274658203 0.030761719
vt 0.282714844 0.034423828
v 0.213699281 0.044891357 -0.396820068
vt 0.293945312 0.023925781
vn -0.865846574 0.488022566 -0.110198557
v 0.202926576 0.027648926 -0.388854980
vt 0.294189453 0.033447266
vn -0.938814044 0.323456913 -0.118337803
vt 0.288330078 0.037109375
vt 0.977050781 0.930175781
vt 0.972656250 0.943603516
vt 0.972656250 0.929687500
vt 0.958740234 0.939941406
vt 0.953125000 0.944824219
vt 0.972167969 0.952392578
v 0.163955703 0.105545059 0.208923355
vt 0.982910156 0.937500000
vn 0.502878010 0.864321709 -0.007857574
vt 0.990234375 0.947021484
vt 0.992187500 0.951904297
v 0.187454239 0.102714553 0.209503174
vt 0.992187500 0.936523438
vn 0.243634105 0.589437604 -0.770198643
vt 0.986816406 0.928955078
v 0.175079301 0.191915512 -0.240081787
vt 0.578857422 0.039306641
vn -0.441054374 -0.606449723 -0.661581397
vt 0.586425781 0.039550781
vt 0.578125000 0.045166016
v 0.208877519 0.176815033 -0.241073608
vt 0.580810547 0.024658203
vn -0.408790380 -0.872610271 -0.267285913
vt 0.572998047 0.035888672
v 0.216506913 0.176815033 -0.245620728
vt 0.570800781 0.023437500
vn -0.157164067 -0.102156617 -0.982274711
vt 0.996093750 0.682861328
vt 0.990722656 0.733886719
vt 0.952392578 0.721435547
vt 0.965820312 0.679443359
v 0.193267778 0.225640774 -0.210601807
vt 0.498779297 0.404541016
vn 0.434473902 0.900545895 0.015798956
vt 0.504638672 0.404296875
vt 0.496582031 0.410888672
v 0.225158647 0.209573746 -0.232666016
vt 0.493652344 0.385253906
vn 0.275547743 0.866007507 -0.417258233
vt 0.497070312 0.379882812
v 0.199844316 0.216929913 -0.195877075
vt 0.492675781 0.404541016
vn 0.385862619 0.921345592 -0.047248587
v 0.280731142 0.188068390 -0.239044189
vt 0.477539062 0.364746094
vn 0.276267856 0.797230422 -0.536749303
vt 0.487792969 0.406982422
v 0.226104692 0.211291313 -0.205810547
vt 0.487792969 0.392333984
vn 0.197162285 0.970038831 -0.141956970
v 0.244079545 0.208419800 -0.192337036
vt 0.480468750 0.388427734
vn 0.337777317 0.934779286 -0.109974116
v 0.286834657 0.192119598 -0.180633560
vt 0.461669922 0.377929688
vn 0.306630641 0.943479061 -0.125797287
v 0.292327821 0.184631348 -0.229110733
vt 0.470703125 0.364990234
vn 0.292054653 0.915630996 -0.276268035
v 0.311553895 0.181015015 -0.229644790
vt 0.463134766 0.362548828
vn 0.361946672 0.865524828 -0.346210033
v 0.322296083 0.182117462 -0.194641128
vt 0.450683594 0.366699219
vn 0.244969308 0.964073002 -0.102729157
v 0.248428315 0.210141182 -0.153686523
vt 0.470458984 0.400146484
v 0.222305268 0.220160723 -0.149917603
vt 0.476562500 0.414550781
vn 0.323749214 0.939662516 -0.110548615
vt 0.481445312 0.422851562
vt 0.465087891 0.430175781
v 0.336852968 0.178806305 -0.189285293
vt 0.443115234 0.367675781
vn 0.929450929 0.354451656 -0.102397271
v 0.334564149 0.177024841 -0.208648697
vt 0.448974609 0.363281250
vn 0.670518756 0.607411206 -0.425976813
v 0.333038270 0.182239532 -0.164749160
vt 0.441406250 0.375244141
vn 0.306535900 0.951047480 -0.039299563
v 0.306396425 0.192930222 -0.161010757
vt 0.452636719 0.381347656
vn 0.299584299 0.953939617 0.015767517
v 0.280487001 0.197134018 -0.162536621
vt 0.461914062 0.387939453
vn 0.275684506 0.960957706 -0.023630185
v 0.318084657 0.180717468 -0.158203140
vt 0.445800781 0.380371094
vn 0.362418264 0.890288413 0.275752932
v 0.277313173 0.193872452 -0.156036377
vt 0.461181641 0.390380859
vn 0.283534795 0.905736446 -0.315038830
v 0.288238466 0.196790695 -0.156524673
vt 0.456787109 0.389404297
vn 0.299166203 0.936862767 -0.181074411
v 0.338348329 0.178764343 -0.161727920
vt 0.437011719 0.376220703
vn 0.914662659 0.378481150 -0.141930550
v 0.309509218 0.189178467 -0.152587906
vt 0.448730469 0.385009766
vn 0.313756824 0.925582826 -0.211786002
v 0.250091493 0.211990356 -0.131927490
vt 0.463867188 0.409423828
v 0.273345888 0.206407547 -0.127456665
vt 0.455322266 0.405273438
vn 0.323145300 0.937909722 -0.126105607
v 0.262084961 0.217207924 -0.079711922
vt 0.447265625 0.428710938
vn 0.330268651 0.927897871 -0.172998011
vt 0.446533203 0.444580078
v 0.339019775 0.184074417 -0.125686660
vt 0.434326172 0.388916016
vn 0.399683535 0.909084260 -0.117554091
v 0.281829834 0.204978958 -0.102005012
vt 0.445800781 0.413574219
vn 0.339637160 0.932027698 -0.126376733
v 0.252929688 0.224698558 -0.064636230
vt 0.443847656 0.437500000
vn 0.362970769 0.654925346 0.662815988
v 0.258270264 0.200372711 -0.061012272
vt 0.432373047 0.435302734
vn 0.235346720 0.447158605 0.862937570
v 0.277984619 0.213352218 -0.066955574
vt 0.439208984 0.426757812
vn 0.330955058 0.709189355 0.622510493
vt 0.435302734 0.454589844
v 0.299011230 0.206995025 -0.068573005
vt 0.433837891 0.417236328
vn 0.448693722 0.850156546 0.275513589
v 0.243530259 0.198015228 -0.045051578
vt 0.426269531 0.441650391
vn 0.211968601 0.675159037 0.706561804
vt 0.425537109 0.449951172
v 0.309478760 0.178745285 -0.065917976
vt 0.422363281 0.414306641
vn 0.283455878 0.511795282 0.810998499
v 0.308502197 0.199781433 -0.074836738
vt 0.432617188 0.410888672
vn 0.353172094 0.933944046 0.054937802
v 0.241195664 0.193475738 -0.049186707
vt 0.422851562 0.441650391
vn -0.253156185 -0.751557827 0.609157503
v 0.260253906 0.195760742 -0.050975803
vt 0.426269531 0.435302734
vn 0.362025291 0.708310246 0.605998635
vt 0.417724609 0.449951172
v 0.294464111 0.181297302 -0.054195412
vt 0.420410156 0.422607422
vn 0.251656741 0.401077807 0.880798221
v 0.259216309 0.177921295 -0.071342476
vt 0.409667969 0.434082031
vn -0.173335746 -0.590917706 0.787890315
vt 0.405273438 0.448730469
v 0.290374756 0.172698975 -0.053050999
vt 0.415283203 0.422851562
vn -0.282337606 -0.792114198 0.541147470
v 0.316802979 0.171913162 -0.057113655
vt 0.416503906 0.413330078
vn 0.322494954 0.637124121 0.700049877
v 0.311645508 0.164882675 -0.054283150
vt 0.413085938 0.415039062
vn -0.110520832 -0.497344315 0.860484660
v 0.308105469 0.157775894 -0.075340278
vt 0.402099609 0.414794922
vn -0.117687680 -0.517826259 0.847352207
v 0.239242539 0.165103912 -0.068107605
vt 0.400390625 0.437988281
vn 0.142032117 0.149922714 0.978442669
vt 0.403320312 0.454101562
v 0.253692627 0.155662537 -0.067176819
vt 0.395019531 0.433349609
vn 0.094806261 0.007900558 0.995464385
vt 0.395751953 0.453369141
v 0.345245361 0.163063064 -0.060718548
vt 0.412353516 0.404052734
vn 0.503453493 0.471987665 0.723714232
v 0.333892822 0.155075088 -0.057510387
vt 0.409423828 0.407226562
vn -0.117843755 -0.793481946 0.597075641
v 0.347137451 0.146904007 -0.071044937
vt 0.407714844 0.399169922
vn 0.772252321 -0.583129227 0.252163947
v 0.346893311 0.165363327 -0.071365371
vt 0.414062500 0.400146484
vn 0.638905466 0.362835228 0.678343892
v 0.332153320 0.193748489 -0.071464553
vt 0.425048828 0.404296875
vn 0.400557905 0.573347628 0.714720845
v 0.320556641 0.194112793 -0.083862320
vt 0.430419922 0.403564453
vn 0.353837430 0.927840412 -0.117945902
v 0.349090576 0.182708755 -0.088172927
vt 0.421142578 0.394531250
vn 0.915317416 0.402424067 -0.015781472
v 0.345550537 0.180973068 -0.108528152
vt 0.426757812 0.390625000
vn 0.924013793 0.300107092 -0.236926779
v 0.345672607 0.168357864 -0.119697586
vt 0.424560547 0.385742188
vn 0.991910815 0.062978499 -0.110212438
v 0.344360352 0.145004272 -0.103439346
vt 0.409667969 0.388183594
vn 0.992372215 -0.110263534 -0.055131916
v 0.345886230 0.142097488 -0.082473770
vt 0.404296875 0.398437500
vn 0.449362665 -0.354759842 0.819889486
v 0.331176758 0.132759109 -0.076736458
vt 0.398193359 0.402832031
vn 0.283429563 0.204699114 0.936891735
v 0.343200624 0.148513794 -0.143310562
vt 0.422119141 0.377441406
vn 0.981547654 -0.062819012 -0.180604890
v 0.346313477 0.131286621 -0.087738045
vt 0.402587891 0.392822266
vn 0.993760109 0.110417835 -0.015774107
v 0.289398193 0.146247879 -0.072631843
vt 0.395996094 0.419677734
vn 0.157597736 0.189117178 0.969225287
v 0.310272217 0.133834854 -0.071975708
vt 0.394042969 0.410644531
v 0.347503662 0.113662735 -0.074440010
vt 0.395263672 0.394775391
vn 0.440685540 0.031477589 0.897109568
v 0.325439453 0.109031692 -0.074058540
vt 0.389160156 0.400146484
vn 0.007881733 -0.346790135 0.937909722
v 0.348114014 0.104263313 -0.086509712
vt 0.392822266 0.389160156
vn 0.989064693 -0.133445188 0.062797636
v 0.300689697 0.114059463 -0.076972961
vt 0.384521484 0.409423828
v 0.266571045 0.129028335 -0.070281982
vt 0.385498047 0.424316406
vn 0.031450413 -0.220151886 0.974958539
v 0.222167954 0.144309998 -0.065628052
vt 0.389160156 0.443115234
vn -0.007878520 -0.275752962 0.961196244
vt 0.392578125 0.452880859
vt 0.387451172 0.446533203
v 0.258148193 0.128028885 -0.073432922
vt 0.383544922 0.426513672
vn 0.000000138 -0.275761545 0.961226106
v 0.337005615 0.101127639 -0.080474861
vt 0.388427734 0.394042969
vn 0.189170152 -0.094584949 0.977378368
v 0.300933838 0.102638260 -0.077095032
vt 0.380615234 0.407226562
vn 0.031587396 -0.094761744 0.994998753
v 0.230712876 0.132019043 -0.070022576
vt 0.384033203 0.437500000
vn 0.370792150 0.812586963 0.449683964
vt 0.381347656 0.441406250
v 0.252014160 0.124382026 -0.072433464
vt 0.380859375 0.427246094
vn 0.447696209 0.636199772 0.628345430
v 0.249206528 0.124961860 -0.059371948
vt 0.377929688 0.431396484
vn 0.165869206 0.568694770 -0.805651069
v 0.317657471 0.096374527 -0.076362617
vt 0.382812500 0.399414062
vn 0.047187217 -0.125832170 0.990928710
v 0.334411621 0.090133682 -0.080207832
vt 0.384765625 0.392578125
vn 0.236543521 -0.252312899 0.938288629
v 0.324035645 0.082580581 -0.082160957
vt 0.379638672 0.394287109
vn 0.102425858 -0.063031167 0.992741704
v 0.345092773 0.089065567 -0.085189827
vt 0.386962891 0.388427734
vn 0.865391016 -0.188812509 0.464164108
v 0.341705322 0.088974014 -0.113258369
vt 0.394287109 0.378417969
vn 0.974928319 -0.188695759 -0.117935002
v 0.289855957 0.096969619 -0.078674316
vt 0.376708984 0.410156250
vn 0.503624916 0.574447155 0.645269275
v 0.341644287 0.072448745 -0.082725532
vt 0.381591797 0.386474609
vn 0.937560380 -0.078786530 0.338782161
v 0.317352295 0.077362075 -0.077926643
vt 0.376220703 0.395751953
vn 0.535101414 0.763306439 0.361980289
v 0.273376465 0.109802261 -0.065910339
vt 0.372802734 0.421142578
vn 0.007856438 0.989919007 -0.141417027
v 0.341827393 0.100402839 -0.135574356
vt 0.403564453 0.373535156
vn 0.986425579 -0.094696820 -0.134154007
v 0.337554932 0.060058609 -0.109420784
vt 0.384521484 0.375244141
vn 0.983124912 0.165165022 -0.078650124
v 0.264739990 0.115013137 -0.058341980
vt 0.371337891 0.426513672
vn 0.913131118 0.070846401 -0.401462972
v 0.342193604 0.114906318 -0.125839248
vt 0.406005859 0.378417969
vn 0.978077412 0.165642172 -0.126203671
v 0.338470459 0.130706787 -0.121269234
vt 0.410400391 0.380615234
vn 0.997744679 -0.023568731 -0.062850192
v 0.342254639 0.116333015 -0.140258804
vt 0.410400391 0.373291016
vn 0.994719684 0.039473042 -0.094735332
v 0.342712402 0.128898621 -0.136978164
vt 0.414550781 0.375976562
vn 0.983124912 -0.078649953 -0.165165111
v 0.339477479 0.123641975 -0.150756851
vt 0.415039062 0.370849609
vn 0.896554530 0.125832245 -0.424683869
v 0.333343446 0.144210815 -0.152038589
vt 0.422851562 0.372802734
vn 0.809569240 -0.259376585 -0.526613176
v 0.338439882 0.154846191 -0.156555191
vt 0.427490234 0.374267578
vn 0.811224818 -0.267782986 -0.519814134
v 0.329742372 0.139839172 -0.159759536
vt 0.422851562 0.369873047
vn 0.992710948 0.023636013 -0.118180007
v 0.335174501 0.115180977 -0.157073990
vt 0.413818359 0.367431641
vn 0.906186283 0.189117193 -0.378234446
v 0.339569032 0.107505806 -0.157333389
vt 0.410400391 0.366699219
vn 0.986948133 -0.031582303 -0.157911837
v 0.333007753 0.119064339 -0.165710464
vt 0.416503906 0.364990234
vn 0.968503952 -0.078740120 -0.236220613
v 0.337310731 0.141372681 -0.164245620
vt 0.425292969 0.367675781
vn 0.994347930 -0.071024805 0.078916371
v 0.332824647 0.143074036 -0.186615005
vt 0.430175781 0.360595703
vn 0.992495358 -0.031507749 -0.118154339
v 0.336822450 0.127128601 -0.175704971
vt 0.421875000 0.362548828
vn 0.971823633 -0.229129091 -0.055307150
v 0.338104188 0.094345108 -0.169311538
vt 0.408935547 0.361083984
vn 0.867083013 0.039412882 -0.496602237
v 0.334350586 0.083862320 -0.146209732
vt 0.400634766 0.367187500
vn 0.996515274 -0.054925997 -0.062772751
v 0.339233398 0.075683609 -0.122161873
vt 0.392089844 0.373535156
vn 0.995495498 0.000000039 -0.094809227
v 0.338226318 0.055603042 -0.142776504
vt 0.391113281 0.363769531
vn 0.988851488 0.141264528 -0.047088303
v 0.338104248 0.054763809 -0.124450691
vt 0.386718750 0.369628906
vn 0.843566358 0.536098242 -0.031535324
v 0.344879150 0.048980728 -0.135696411
vt 0.386718750 0.364501953
vn 0.496895492 0.859708190 -0.118308574
v 0.352630615 0.048141494 -0.133712769
vt 0.384277344 0.363769531
vn 0.526125729 0.848083377 -0.062821098
v 0.339477539 0.057586685 -0.113929756
vt 0.384765625 0.373291016
vn 0.959322333 0.275215447 -0.062906526
v 0.355682373 0.042846695 -0.126937866
vt 0.381103516 0.365234375
vn 0.591929078 0.805023551 -0.039462052
v 0.348052979 0.048782364 -0.105682380
vt 0.379638672 0.373535156
vn 0.620950997 0.778153777 -0.094321795
v 0.354431152 0.044052139 -0.114479072
vt 0.379150391 0.369628906
vn 0.545544028 0.838082254 -0.000000108
v 0.367401123 0.038299575 -0.114990242
vt 0.375488281 0.366455078
vn 0.677901268 0.733079314 0.055177893
v 0.368774414 0.030822769 -0.133529663
vt 0.376953125 0.360351562
vn 0.353706330 0.825314701 0.440167725
v 0.357574463 0.044479385 -0.099754341
vt 0.375976562 0.373535156
vn 0.715648532 0.692055881 -0.094371378
v 0.353454590 0.046035782 -0.093147285
vt 0.375732422 0.376464844
vn 0.661028028 0.739721954 -0.125910237
v 0.360443115 0.037216201 -0.106636055
vt 0.375488281 0.370117188
vn 0.781955481 0.616086185 0.094782352
v 0.368469238 0.028198257 -0.112533577
vt 0.372558594 0.366455078
vn 0.692484200 0.700353384 0.173120931
v 0.369171143 0.032531753 -0.122016914
vt 0.373291016 0.364501953
vn 0.762174606 0.644312561 0.062859632
v 0.382659912 0.020446792 -0.117668167
vt 0.367919922 0.363281250
vn 0.682631195 0.729709268 0.039231557
v 0.368225098 0.028839126 -0.094741829
vt 0.371093750 0.369873047
vn 0.640902162 0.759587824 -0.110773332
v 0.363494873 0.037490860 -0.088806160
vt 0.371582031 0.372802734
vn 0.739309967 0.652795017 -0.165165126
v 0.366394043 0.040557876 -0.075187691
vt 0.368408203 0.373535156
vn 0.706997633 0.691286683 -0.149255186
v 0.373229980 0.029754654 -0.071784988
vt 0.364990234 0.368408203
vn 0.684827030 0.716313481 -0.133816913
v 0.370056152 0.036514297 -0.056873333
vt 0.363525391 0.372558594
vn 0.765180349 0.638965130 -0.078884706
v 0.379913330 0.027618423 -0.049518596
vt 0.360595703 0.369628906
vn 0.307649791 0.930837989 -0.197211534
v 0.371246338 0.036926284 -0.047363292
vt 0.360839844 0.372314453
vn 0.690945566 0.714500666 -0.109923288
v 0.371337891 0.036972061 -0.046077739
vt 0.360351562 0.372314453
vn 0.671250165 0.718632638 -0.181632534
v 0.365356445 0.042526260 -0.044120800
vt 0.360839844 0.374267578
vn 0.692055762 0.715648651 -0.094371371
v 0.372985840 0.038406387 -0.034915935
vt 0.357910156 0.371582031
vn 0.730361462 0.651828051 -0.204187199
v 0.382690430 0.028442398 -0.030237209
vt 0.354736328 0.366943359
vn -0.055131841 0.992372096 -0.110263601
v 0.362426758 0.046020523 -0.052726757
vt 0.364013672 0.375732422
vn 0.678407252 0.733626544 -0.039442409
v 0.358734131 0.049301162 -0.038860332
vt 0.361328125 0.376953125
vn 0.643597662 0.745631516 -0.172672689
v 0.349700928 0.055038467 -0.060737617
vt 0.367431641 0.380615234
vn 0.725309372 0.670122862 -0.157676086
v 0.371887207 0.047439590 -0.030174267
vt 0.357421875 0.372314453
vn 0.628364801 0.761892378 -0.157091334
v 0.368896484 0.044357315 -0.022022258
vt 0.355712891 0.371337891
vn 0.669956267 0.740892887 -0.047291160
v 0.354919434 0.056198135 -0.032760628
vt 0.358886719 0.377197266
vn 0.889405429 -0.456508934 -0.023612630
v 0.356689453 0.056655899 -0.020097742
vt 0.355957031 0.371826172
vn 0.646069944 0.102425739 -0.756374776
v 0.364501953 0.075820938 -0.028163923
vt 0.352294922 0.378173828
vn 0.904782951 -0.086544402 0.416986793
v 0.340576172 0.060623184 -0.082382210
vt 0.377929688 0.384277344
vn 0.774056911 0.631883264 0.039492574
v 0.369567871 0.074569717 -0.044448864
vt 0.355957031 0.381347656
v 0.351745605 0.081893936 -0.020303737
vt 0.348144531 0.383300781
vn 0.464610040 0.637854636 -0.614230454
v 0.341796875 0.061645523 -0.065551765
vt 0.372314453 0.385009766
vn 0.424263954 0.565685332 -0.707106888
v 0.355255127 0.058578506 -0.066436775
vt 0.366699219 0.382080078
vn 0.590697646 -0.504061997 -0.630077600
v 0.328125000 0.094421402 -0.032680523
vt 0.356445312 0.392578125
vn 0.369620681 0.927983880 0.047185533
v 0.334960938 0.092269912 -0.021722803
vt 0.353027344 0.392578125
vn -0.379177332 0.789952576 -0.481871039
v 0.367919922 0.074584976 -0.053161632
vt 0.359619141 0.382324219
vn 0.929970324 -0.315244138 -0.189146608
v 0.354003906 0.081634536 -0.058097847
vt 0.361083984 0.385253906
vn 0.440780967 0.897304177 -0.023613365
v 0.360717773 0.077636734 -0.066169746
vt 0.363525391 0.384765625
vn 0.457260191 0.362654716 -0.812031269
v 0.354064941 0.081634536 -0.058956154
vt 0.361328125 0.385253906
vn 0.471856207 0.880798280 -0.039321452
v 0.343902588 0.086685196 -0.056743629
vt 0.361816406 0.388427734
v 0.354064941 0.081649795 -0.059818275
vt 0.361816406 0.385498047
vn 0.425473899 0.898222804 -0.110308155
v 0.342468262 0.082519546 -0.064819343
vt 0.367675781 0.388671875
vn 0.062861562 0.125723347 -0.990071774
v 0.336303711 0.091064468 -0.066543587
vt 0.366210938 0.390625000
vn 0.023589047 0.770579338 -0.636907458
v 0.314758301 0.080032364 -0.066062935
vt 0.371826172 0.397705078
vn -0.007900388 0.711023748 -0.703123629
v 0.321990967 0.097259536 -0.047702797
vt 0.362304688 0.394775391
vn -0.330176890 0.935501099 -0.125781655
v 0.299835205 0.087371841 -0.063262939
vt 0.371582031 0.404541016
vn 0.528477252 0.631017745 -0.567915976
v 0.314849854 0.079650894 -0.052505497
vt 0.366455078 0.398925781
v 0.320556641 0.088287368 -0.036243442
vt 0.358886719 0.395996094
vn -0.811778963 0.496524990 0.307372719
v 0.320709229 0.078994766 -0.020166405
vt 0.354492188 0.397460938
vn -0.361789972 0.825825036 0.432575017
v 0.312500000 0.082153335 -0.033634190
vt 0.359619141 0.399658203
vn 0.973605216 0.227698043 0.015703173
v 0.313507080 0.082244888 -0.015486722
vt 0.354003906 0.399414062
vn 0.812409997 0.536348403 -0.228736937
v 0.315338135 0.085815445 -0.061443333
vt 0.366699219 0.402832031
vn 0.653340697 0.118073650 -0.747799814
v 0.281341553 0.122756973 -0.061794285
vt 0.367675781 0.417236328
vn 0.173594549 0.599690676 -0.781176090
v 0.314300537 0.092773452 -0.032855991
vt 0.357910156 0.402343750
vn 0.987779796 -0.134338006 0.079022259
v 0.314636230 0.099975601 -0.054565437
vt 0.363037109 0.406494141
vn 0.818517029 0.094444297 -0.566665769
v 0.318450928 0.110282913 -0.052646644
vt 0.360107422 0.408935547
vn 0.686317027 0.709983289 -0.157774165
v 0.288360596 0.119171157 -0.044765476
vt 0.362792969 0.419189453
vn 0.331068069 0.938026309 0.102473386
vt 0.351806641 0.410888672
vt 0.349121094 0.405029297
v 0.283142090 0.120292678 -0.031204227
vt 0.362060547 0.424072266
vn -0.362081349 0.928817272 0.078713335
vt 0.355712891 0.427734375
vt 0.358886719 0.430419922
v 0.265197754 0.108627334 -0.035243988
vt 0.364990234 0.429199219
vt 0.358398438 0.432617188
v 0.269897461 0.111984268 -0.023864746
vt 0.362792969 0.432373047
vn 0.899956405 -0.434189469 0.039471671
vt 0.359375000 0.437255859
v 0.275543213 0.134941116 -0.050876621
vt 0.369140625 0.433349609
vn 0.947588265 -0.205310747 -0.244793743
v 0.276458740 0.134964004 -0.029602053
vt 0.364746094 0.437011719
vn 0.804948211 0.576090515 0.142049551
v 0.265899658 0.137588516 -0.060649872
vt 0.371582031 0.433837891
vn 0.322464913 0.833689988 -0.448305041
v 0.257110596 0.141067520 -0.012585640
vt 0.364746094 0.443359375
vn 0.292091131 0.899956405 0.323668480
vt 0.363281250 0.452880859
v 0.251342773 0.142120361 -0.055152893
vt 0.373535156 0.437500000
vn 0.243701890 0.927639723 -0.283008784
v 0.247604355 0.143928528 -0.018566130
vt 0.366943359 0.445800781
vn 0.078786582 0.937560320 0.338782251
v 0.235488877 0.147781372 -0.026308058
vt 0.370361328 0.447509766
vn -0.401077807 0.880798340 0.251656681
vt 0.377929688 0.450683594
v 0.230789170 0.147331238 -0.056137081
vt 0.377197266 0.442138672
vn -0.393639863 0.763661146 -0.511731684
vt 0.824218750 0.053955078
vt 0.819580078 0.041503906
vt 0.824218750 0.029541016
vt 0.883300781 0.979736328
vt 0.884033203 0.965332031
vt 0.886718750 0.973632812
vt 0.889160156 0.976806641
vt 0.480957031 0.187988281
vt 0.539062500 0.186279297
vt 0.517089844 0.225341797
vt 0.459472656 0.221435547
v 0.235412598 0.000854507 0.095108040
vt 0.507812500 0.153564453
vt 0.568359375 0.152832031
v 0.197463945 0.160057068 -0.222579956
vt 0.192871094 0.983886719
vn -0.110414475 -0.126187876 -0.985842407
vt 0.196044922 0.988769531
vt 0.187011719 0.986572266
v 0.218093827 0.141365051 -0.226089478
vt 0.194091797 0.973876953
vt 0.203125000 0.979003906
v 0.233886674 0.146308899 -0.225357056
vt 0.189453125 0.970458984
vn -0.094809227 -0.000000048 -0.995495498
v 0.242080644 0.158477783 -0.229949951
vt 0.183349609 0.970703125
vn -0.377356738 -0.707543731 -0.597481251
vt 0.181152344 0.984619141
vt 0.189697266 0.996093750
vt 0.046142578 0.982421875
vt 0.041748047 0.973144531
vt 0.059326172 0.967773438
v 0.208923355 0.099662796 0.213302612
vt 0.028076172 0.984619141
vn 0.181502163 0.157828063 -0.970642745
v 0.226074234 0.138809219 0.221832275
vt 0.048095703 0.996093750
vn 0.181029290 0.212512776 -0.960243046
vt 0.029296875 0.971191406
v 0.217712417 0.088485748 0.213760376
vt 0.020263672 0.986328125
vn 0.496910900 0.780860126 -0.378598958
vt 0.022216797 0.966308594
vt 0.009277344 0.971923828
vt 0.000244141 0.817138672
vt 0.001708984 0.820068359
vt 0.000244141 0.833007812
vt 0.693115234 0.187744141
vt 0.679931641 0.184082031
vt 0.682617188 0.182128906
v 0.227783158 0.100723267 -0.231338501
vt 0.684326172 0.200439453
vn 0.197506547 0.900630236 -0.387113065
v 0.218276933 0.096313477 -0.250518799
vt 0.674316406 0.197265625
vn 0.133775264 0.928558290 -0.346242160
vt 0.669433594 0.187744141
vt 0.668945312 0.199462891
v 0.227844194 0.096420288 -0.242187500
vt 0.678466797 0.201660156
vn 0.204775110 0.929364324 -0.307162851
v 0.231231645 0.103889465 -0.220260620
vt 0.691162109 0.201171875
vn 0.117978528 0.644949913 -0.755063355
v 0.242767289 0.094879150 -0.237106323
vt 0.682617188 0.208251953
vn 0.156931445 0.933742642 -0.321709722
v 0.245376542 0.087951660 -0.259521484
vt 0.669433594 0.211425781
vn 0.197162285 0.922719896 -0.331232846
v 0.260314882 0.096725464 -0.225921631
vt 0.690917969 0.214843750
vn -0.031582460 0.694811404 -0.718498230
v 0.226455644 0.111549377 -0.225769043
vt 0.696044922 0.197998047
vn -0.102071628 -0.204143062 -0.973605216
vt 0.701660156 0.182373047
v 0.245330766 0.106712341 -0.221313477
vt 0.694580078 0.206787109
vn -0.173330575 -0.386054248 -0.906045616
vt 0.711669922 0.192382812
v 0.245483354 0.110229492 -0.225616455
vt 0.697753906 0.207031250
vn -0.188323766 -0.133395970 -0.973005533
v 0.252105653 0.137550354 -0.228088379
vt 0.713867188 0.208251953
vn -0.102311604 -0.078701191 -0.991634309
vt 0.717285156 0.198730469
vt 0.724609375 0.200683594
v 0.275390565 0.088516235 -0.242263794
vt 0.680175781 0.223144531
vn 0.180643693 0.934635103 -0.306309044
v 0.273223817 0.097724922 -0.233535767
vt 0.693603516 0.222167969
vn -0.212433964 -0.055075489 -0.975622118
v 0.265106142 0.125129700 -0.228668213
vt 0.707275391 0.215576172
vn -0.173287585 0.023630057 -0.984587789
v 0.282989442 0.090393066 -0.231185913
vt 0.687988281 0.225830078
vn -0.023606822 0.424920291 -0.904922903
v 0.286651552 0.114547737 -0.233108535
vt 0.703857422 0.229248047
vn -0.086797468 0.063125283 -0.994224012
v 0.314178407 0.084716797 -0.239013687
vt 0.687011719 0.239013672
vn -0.039338518 -0.007867723 -0.999195039
v 0.304321229 0.081619263 -0.236038223
vt 0.684082031 0.235351562
vn 0.236719951 0.907426775 -0.347189426
v 0.286285341 0.138313293 -0.233459488
vt 0.717773438 0.225341797
vn -0.308573008 -0.490551859 -0.814948916
v 0.317565858 0.124763496 -0.235977188
vt 0.715332031 0.243408203
vn -0.322704673 -0.590313435 -0.739859343
v 0.307678163 0.132774353 -0.254333496
vt 0.727050781 0.238525391
vn -0.410225362 -0.788894892 -0.457558930
v 0.324249208 0.124320991 -0.255615234
vt 0.725097656 0.248779297
vn -0.329485267 -0.831558108 -0.447158515
v 0.290801942 0.084915161 -0.246231094
vt 0.678466797 0.229248047
vn 0.213333726 0.924446464 -0.316050112
v 0.324523866 0.074844360 -0.251464844
vt 0.675048828 0.244628906
vn 0.235346645 0.862937629 0.447158515
v 0.311737001 0.076171875 -0.254730225
vt 0.673828125 0.238769531
vn 0.070879370 0.779672623 0.622162938
v 0.300903261 0.078399658 -0.254486084
vt 0.674560547 0.234130859
vn 0.078591608 0.966677666 -0.243634269
v 0.263122499 0.084701538 -0.255249023
vt 0.670898438 0.220458984
vn 0.173330382 0.906045616 -0.386054277
v 0.275237978 0.081039429 -0.262573242
vt 0.667236328 0.226074219
vn 0.164986402 0.911354005 -0.377112061
v 0.259063661 0.073196411 -0.285552979
vt 0.656005859 0.218505859
vn 0.158222616 0.893958330 -0.419290274
v 0.278930604 0.076690674 -0.267578125
vt 0.664062500 0.228515625
vn 0.149857283 0.922805905 -0.354925424
v 0.301055849 0.074172974 -0.268615723
vt 0.665771484 0.236328125
vn -0.472397089 0.834568083 -0.283438176
v 0.298583925 0.068725586 -0.281463623
vt 0.657714844 0.236816406
vn -0.071084723 0.931998551 -0.355423242
v 0.273345888 0.072418213 -0.285278320
vt 0.656250000 0.226318359
vn 0.149434909 0.920204997 -0.361790061
v 0.292541444 0.060119629 -0.304229736
vt 0.644287109 0.235107422
vn 0.102486096 0.946026325 -0.307458580
v 0.260284364 0.064865112 -0.305999756
vt 0.648193359 0.221679688
vn -0.015755914 0.984740555 -0.173314393
v 0.284332216 0.055374146 -0.310577393
vt 0.639404297 0.231689453
vn 0.141312316 0.989186585 0.039253373
v 0.237518266 0.064102173 -0.307098389
vt 0.640625000 0.211181641
vn 0.480657816 0.874639630 0.063036993
vt 0.648925781 0.204833984
v 0.237914994 0.085235596 -0.272003174
vt 0.662353516 0.207519531
vn 0.212118864 0.887757063 -0.408525437
v 0.227828935 0.088531494 -0.270233154
vt 0.662841797 0.202880859
vn 0.180738464 0.911550879 -0.369335353
v 0.226623490 0.085342407 -0.273437500
vt 0.660888672 0.203125000
vn 0.212908775 0.883177519 -0.417932272
vt 0.656250000 0.200683594
vt 0.654052734 0.190185547
vt 0.651367188 0.199462891
vt 0.559082031 0.933593750
vt 0.559082031 0.983154297
vt 0.533447266 0.955566406
vt 0.733154297 0.084716797
vt 0.744140625 0.054443359
vt 0.737548828 0.093017578
v 0.228607193 0.088562042 0.187103271
vt 0.731689453 0.104980469
vn 0.425619364 0.717247367 0.551728606
vt 0.721679688 0.097412109
v 0.259307861 0.069503814 0.193344116
vt 0.748291016 0.118164062
vn 0.441616207 0.883232474 0.157719970
v 0.246139541 0.079284698 0.180084229
vt 0.738281250 0.116455078
vn 0.243514016 -0.856226325 0.455606639
v 0.240783706 0.075119048 0.217407227
vt 0.749023438 0.103027344
vn 0.669914603 0.732965529 -0.118220367
v 0.243194595 0.095748931 0.221588135
vt 0.750488281 0.090087891
vn 0.447158456 0.015689757 -0.894317210
v 0.261383057 0.063644439 0.209182739
vt 0.755615234 0.117431641
vn 0.290977985 0.943712533 0.157285318
v 0.278991699 0.064559966 0.186996460
vt 0.754150391 0.128417969
vn 0.070916705 0.984954536 0.157592669
v 0.242279068 0.067962676 0.228881836
vt 0.755371094 0.105712891
vn 0.741514981 0.670518875 0.023665244
v 0.274627686 0.062744170 0.223464966
vt 0.767333984 0.118896484
vn 0.070653968 0.997006595 0.031401731
v 0.289276123 0.063293487 0.208755478
vt 0.768310547 0.126220703
v 0.298309326 0.061920196 0.223434433
vt 0.777099609 0.122802734
vn -0.086700253 0.993111670 0.078818358
v 0.254791260 0.065155059 0.229614258
vt 0.760986328 0.111083984
vn 0.125832185 0.990928710 0.047187023
v 0.294372559 0.058532745 0.236511216
vt 0.779052734 0.117675781
vn -0.047168162 0.998391926 0.031445377
v 0.269958496 0.066574126 0.227310181
vt 0.766845703 0.115966797
vn 0.142169237 0.987286627 0.071084574
v 0.281372070 0.060714751 0.238174438
vt 0.775146484 0.115478516
vn 0.086291067 0.996270061 -0.000000055
v 0.298492432 0.063186675 0.244476303
vt 0.784179688 0.114990234
v 0.264373779 0.061965972 0.252655029
vt 0.772949219 0.108398438
vn 0.157285318 0.943712413 -0.290978044
v 0.285156250 0.062957793 0.254821777
vt 0.782958984 0.108154297
vn 0.023557013 0.565371394 -0.824500144
v 0.308441162 0.062454253 0.231079087
vt 0.781738281 0.122070312
vn -0.227698043 0.973605216 -0.015703322
v 0.312286377 0.066101104 0.224121079
vt 0.780517578 0.125732422
vn -0.118081011 0.991880059 -0.047232412
v 0.313201904 0.065582305 0.240798935
vt 0.786132812 0.119873047
vn -0.141535029 0.982881844 -0.117945850
v 0.297149658 0.067733794 0.252899170
vt 0.788574219 0.110351562
vn -0.039231755 0.965099335 -0.258929104
v 0.316772461 0.067016631 0.257232666
vt 0.792480469 0.119384766
vn -0.062990241 0.984221458 -0.165349230
v 0.327026367 0.067047149 0.234924302
vt 0.787353516 0.125976562
vn -0.118154258 0.992495358 -0.031507820
v 0.329620361 0.068954498 0.250762939
vt 0.792236328 0.126953125
vn -0.078762196 0.992402971 -0.094514608
v 0.321441650 0.072128326 0.273834229
vt 0.799072266 0.119873047
vn -0.031562723 0.994224012 -0.102578700
v 0.347106934 0.068420440 0.249908432
vt 0.794921875 0.132812500
vn -0.023542685 0.996638060 -0.078475483
v 0.343505859 0.071319610 0.269744843
vt 0.802978516 0.127929688
vn -0.007854129 0.997467637 -0.070686720
v 0.378479004 0.071243316 0.270812958
vt 0.800048828 0.141113281
vn 0.031401731 0.997006595 -0.070654057
v 0.373870909 0.073699981 0.294342011
vt 0.809570312 0.140869141
vn 0.007872755 0.999845147 0.015745549
v 0.345672667 0.071945220 0.301483124
vt 0.812011719 0.130859375
vn -0.102729104 0.964073122 0.244969368
v 0.361663878 0.073608428 0.305725068
vt 0.815917969 0.136230469
vn -0.165472254 0.370342940 0.914037824
v 0.340423644 0.058944732 0.298339844
vt 0.814941406 0.128173828
vn -0.205355495 0.118474439 0.971490085
v 0.323089600 0.072692901 0.286895752
vt 0.805664062 0.122558594
vn -0.031383444 0.996423304 0.078458488
v 0.324066222 0.067947417 0.294860840
vt 0.809082031 0.122802734
vn -0.298353583 0.259096652 0.918615401
v 0.331573546 0.072082549 0.296234131
vt 0.809326172 0.125732422
vn -0.306886882 0.802627265 0.511478186
v 0.311645567 0.065155059 0.293487549
vt 0.808837891 0.117919922
vn -0.102374800 0.393749654 0.913499177
v 0.317016661 0.048584014 0.298858643
vt 0.816650391 0.117919922
vn 0.094676316 0.473381132 0.875755012
v 0.318267822 0.071579009 0.288085938
vt 0.805419922 0.120117188
vn -0.054978538 0.950343311 0.306308955
v 0.285308838 0.069702178 0.289367676
vt 0.804687500 0.105712891
vn -0.180738494 0.691521466 0.699379563
v 0.289398253 0.054290801 0.293457031
vt 0.811767578 0.107421875
vn -0.039321255 0.471856236 0.880798221
v 0.301574767 0.044143707 0.298034668
vt 0.817871094 0.112060547
vn -0.047319081 0.780762911 -0.623033106
v 0.280242980 0.052337676 0.303833008
vt 0.816406250 0.104980469
vn -0.000000047 0.999721110 -0.023615502
v 0.279174864 0.055816680 0.289215088
vt 0.810302734 0.102783203
vn 0.441492766 0.528214514 0.725309372
v 0.265258849 0.059463531 0.304718018
vt 0.818115234 0.097656250
vn 0.637716234 0.503874540 0.582604885
v 0.284729004 0.069870025 0.282287598
vt 0.801757812 0.103271484
vn 0.188882738 0.881452739 0.432856202
v 0.291564941 0.070663482 0.272735596
vt 0.796142578 0.105224609
vn 0.418753237 0.892813563 0.165920988
v 0.274078369 0.083221465 0.286651611
vt 0.804199219 0.094238281
vn 0.703760862 0.205593079 0.680038333
v 0.268005371 0.078414947 0.291076660
vt 0.809326172 0.093017578
vn 0.788110495 0.141859934 0.598963857
v 0.291717529 0.069732696 0.257843018
vt 0.787841797 0.106201172
vn 0.867325544 0.378469378 -0.323276043
v 0.288970947 0.084350616 0.269287109
vt 0.793457031 0.097900391
vn 0.908530533 0.110603765 0.402913421
v 0.288391113 0.082626373 0.254241943
vt 0.786132812 0.098632812
vn 0.456127584 -0.047185645 -0.888662636
v 0.278656006 0.095581084 0.280883789
vt 0.799316406 0.089111328
vn 0.685720026 0.220691562 0.693601727
v 0.292419434 0.092971832 0.264831543
vt 0.790771484 0.092773438
vn 0.961942971 0.189234734 0.197119325
v 0.262817383 0.099876434 0.290618896
vt 0.805419922 0.082031250
vn 0.763377488 0.243966043 0.598110020
v 0.281646729 0.104766876 0.271392822
vt 0.794189453 0.084716797
vn 0.715096056 0.102156624 0.691521287
v 0.254638731 0.088516265 0.313476562
vt 0.817626953 0.081787109
vn 0.762598515 0.227993399 0.605361521
v 0.246978790 0.124069236 0.306182861
vt 0.809082031 0.064453125
vn 0.734724700 0.173805892 0.655721843
v 0.265411377 0.130416900 0.287902832
vt 0.796875000 0.066650391
vn 0.714500666 0.109923229 0.690945566
v 0.282928467 0.123397857 0.266998291
vt 0.787353516 0.077148438
vn 0.910651624 0.259064704 0.321868122
v 0.281707764 0.118217491 0.253295898
vt 0.781005859 0.080322266
vn 0.596799254 0.164905071 -0.785262346
v 0.288543701 0.101333641 0.251800537
vt 0.783935547 0.089599609
vn 0.585003018 0.086959913 -0.806355715
v 0.278045654 0.092376739 0.254364014
vt 0.779541016 0.093261719
vn 0.125832081 -0.047187123 -0.990928710
v 0.256164551 0.086715728 0.249191284
vt 0.769775391 0.095458984
vn 0.464164108 -0.188812599 -0.865391016
v 0.265991211 0.100746177 0.249008179
vt 0.772460938 0.088623047
vn 0.558968365 -0.173201516 -0.810898066
v 0.264221191 0.075500518 0.251983643
vt 0.773925781 0.101318359
v 0.249176055 0.064178497 0.248962402
vt 0.766113281 0.104003906
vn 0.720842779 0.125363976 -0.681666732
v 0.241821304 0.086135894 0.231597900
vt 0.756347656 0.095703125
vn 0.849472463 -0.235964581 -0.471929312
v 0.249267593 0.100654617 0.232223511
vt 0.758544922 0.088867188
vn 0.757221162 -0.481150985 -0.441712439
v 0.260620117 0.110702537 0.238876343
vt 0.765380859 0.083984375
vn 0.911917031 -0.330176800 -0.243702069
v 0.270874023 0.127067596 0.231536865
vt 0.763183594 0.074707031
vn 0.606261551 -0.007873537 -0.795226455
v 0.265563965 0.131103545 0.251251221
vt 0.772460938 0.074218750
vn 0.803747714 -0.118198194 -0.583111286
v 0.276428223 0.139503509 0.252807617
vt 0.777099609 0.070312500
vn 0.838526070 0.415344715 -0.352651328
v 0.267700195 0.144683868 0.247421265
vt 0.772460938 0.065917969
vn 0.820527136 0.536498606 -0.197242245
v 0.270141602 0.147407562 0.277374268
vt 0.786132812 0.063232422
vn 0.876710534 0.418609589 0.236948669
v 0.265594482 0.144020110 0.242904663
vt 0.769775391 0.065917969
vn 0.772324204 0.504375041 -0.386162251
v 0.253387451 0.153732315 0.230514526
vt 0.762451172 0.060302734
vn 0.118095502 0.881780446 -0.456636339
v 0.265472412 0.145179778 0.244201660
vt 0.770263672 0.065429688
vn 0.786621571 0.440508127 -0.432642013
vt 0.745117188 0.048339844
vt 0.737060547 0.051269531
v 0.265075684 0.158447295 0.282867432
vt 0.786132812 0.056396484
vn 0.047314521 0.993605554 0.102514803
vt 0.798339844 0.048828125
v 0.248321563 0.141708404 0.299041748
vt 0.801757812 0.055664062
vn 0.693257451 0.196948156 0.693257272
vt 0.810546875 0.046875000
vt 0.824707031 0.066650391
vt 0.830810547 0.069824219
vt 0.830566406 0.083251953
v 0.256195128 0.068939239 0.313842773
vt 0.821533203 0.090332031
vn 0.816874325 0.062836543 0.573382854
vt 0.828125000 0.087646484
vt 0.830566406 0.092285156
vt 0.841308594 0.086181641
vt 0.872558594 0.004150391
vt 0.877197266 0.001464844
vt 0.881103516 0.013671875
v 0.240371719 0.086441070 0.201187134
vt 0.875732422 0.020019531
vn -0.276070118 -0.378610581 0.883424819
vt 0.886718750 0.030029297
v 0.266632080 0.079925567 0.205917358
vt 0.873291016 0.030761719
vn 0.086884029 -0.884636402 0.458115280
v 0.264038086 0.081954986 0.188217163
vt 0.876220703 0.035888672
vn 0.377812296 -0.897304058 0.228261545
v 0.272766113 0.094497710 0.204467773
vt 0.866210938 0.033447266
vn 0.212697476 -0.480538428 0.850789368
v 0.276611328 0.111534141 0.204467773
vt 0.858398438 0.030517578
vn -0.078869723 0.078869894 0.993760109
v 0.286956787 0.095901519 0.205413803
vt 0.862792969 0.037109375
vn 0.732601583 -0.275710166 0.622317255
vt 0.856689453 0.002685547
v 0.272094727 0.130470306 0.201492310
vt 0.849609375 0.027099609
vn -0.134249926 0.086867720 0.987132728
v 0.290405273 0.115928672 0.207641587
vt 0.854980469 0.034423828
vn 0.345686138 -0.188555941 0.919210434
v 0.254211426 0.152893081 0.196502686
vt 0.842773438 0.013916016
vn -0.197039753 0.409842938 0.890620172
v 0.279632568 0.154991180 0.203964233
vt 0.838134766 0.026611328
vn 0.149848133 0.552071810 0.820220828
vt 0.843994141 0.004882812
vt 0.833007812 0.016601562
vt 0.838134766 0.001220703
vt 0.744384766 0.192626953
vt 0.757812500 0.181396484
v 0.257018983 0.165859222 -0.248825073
vt 0.742187500 0.208984375
vn 0.173513547 0.520540953 -0.836020470
vt 0.757568359 0.195068359
v 0.245925859 0.160240173 -0.248428345
vt 0.737304688 0.205566406
vn -0.338572264 -0.669270635 -0.661396801
vt 0.739990234 0.189453125
v 0.272521913 0.161674500 -0.246307373
vt 0.741943359 0.218261719
vn 0.196917444 0.614382803 -0.764040232
v 0.266357362 0.151290894 -0.249374390
vt 0.733398438 0.216796875
vn -0.393847406 -0.661663532 -0.638032675
v 0.282012880 0.162078857 -0.240951538
vt 0.745605469 0.223876953
vn 0.031448193 0.306621194 -0.951312065
v 0.276489198 0.156639099 -0.252014160
vt 0.738769531 0.222656250
vn 0.086522900 0.479809493 -0.873095989
vt 0.757812500 0.224365234
v 0.275909364 0.160644531 -0.246170044
vt 0.742187500 0.220703125
vn 0.259376466 0.809569299 -0.526613176
v 0.318969667 0.137275696 -0.256347656
vt 0.730712891 0.243896484
vn 0.260027885 0.441259623 -0.858880460
v 0.335357606 0.120796211 -0.250549316
vt 0.727539062 0.254638672
vn 0.682631075 -0.039231684 -0.729709327
v 0.335906923 0.138046265 -0.245391861
vt 0.735839844 0.252929688
vn 0.726393700 0.465839446 -0.505317509
v 0.312255800 0.148170471 -0.244644180
vt 0.739746094 0.241699219
vn 0.276121646 0.639024615 -0.717916727
v 0.299011171 0.169502258 -0.242095962
vt 0.752685547 0.230468750
vn 0.354539484 0.330903590 -0.874531031
v 0.310150087 0.161556244 -0.235672012
vt 0.748535156 0.241210938
vn 0.589656115 0.534621656 -0.605380476
vt 0.761474609 0.231201172
vt 0.760253906 0.238037109
vt 0.730468750 0.729736328
v 0.235473588 0.081527710 -0.306091309
vt 0.733398438 0.721679688
vt 0.737304688 0.732666016
vt 0.738037109 0.703125000
vt 0.727783203 0.717773438
v 0.255218446 0.071884155 -0.321929932
vt 0.731445312 0.709228516
vn 0.931998670 0.355423272 0.071084507
v 0.242233232 0.052352905 -0.338958740
vt 0.733642578 0.697998047
vn 0.683494210 0.408525378 -0.604931951
vt 0.739746094 0.696777344
v 0.251495302 0.059661865 -0.316101074
vt 0.725830078 0.707519531
vn 0.762834191 0.613413155 -0.204471171
vt 0.721191406 0.714111328
vt 0.736328125 0.690917969
v 0.254058778 0.054779053 -0.326202393
vt 0.725097656 0.700439453
vn -0.236162081 0.425091475 -0.873799145
v 0.269226015 0.042266846 -0.331329346
vt 0.723144531 0.690185547
vn 0.339129686 0.772900462 -0.536298394
vt 0.739501953 0.695068359
vt 0.743896484 0.685791016
v 0.265472353 0.033630371 -0.358337402
vt 0.733154297 0.678710938
vn 0.675075889 0.690775335 0.259040624
v 0.264831483 0.045440674 -0.364013672
vt 0.739746094 0.678955078
vn 0.843330503 0.535948396 0.039407834
vt 0.747070312 0.679931641
v 0.272155702 0.031631470 -0.336120605
vt 0.724121094 0.683105469
vn 0.417258084 0.771533966 -0.480240613
v 0.255523622 0.047576904 -0.375335693
vt 0.748046875 0.676757812
vn 0.534357429 0.809394419 -0.243604258
vt 0.754150391 0.671386719
v 0.265136659 0.043884277 -0.382507324
vt 0.750000000 0.670410156
vn 0.606205225 0.645569205 -0.464495033
vt 0.755371094 0.666503906
v 0.283264101 0.030136108 -0.348663330
vt 0.718505859 0.679687500
vn -0.361354470 0.722708702 -0.589164734
vt 0.749511719 0.658935547
v 0.268768251 0.027832031 -0.354888916
vt 0.728027344 0.674560547
vn -0.000000102 0.873042047 -0.487645149
v 0.274963319 0.025177002 -0.361511230
vt 0.733154297 0.672119141
vn 0.958611369 0.220009223 0.180721670
v 0.271850526 0.027664185 -0.377838135
vt 0.741455078 0.667724609
vn 0.979510546 -0.150086254 -0.134287864
v 0.265350282 0.025588989 -0.390960693
vt 0.747070312 0.661132812
vn 0.638984859 -0.331325501 -0.694205940
v 0.274719179 0.030731201 -0.385253906
vt 0.745117188 0.666259766
vn 0.860940814 0.221159160 -0.458115429
v 0.260925233 0.014801025 -0.378326416
vt 0.739746094 0.657958984
vn 0.828623235 0.426149130 -0.363016069
v 0.269836366 0.016571045 -0.356933594
vt 0.731201172 0.667968750
vn 0.902106404 -0.196110070 -0.384375900
vt 0.741943359 0.650878906
vt 0.747314453 0.650146484
v 0.278869569 0.015960693 -0.359802246
vt 0.728027344 0.664794922
vn -0.165549576 0.764680803 -0.622781336
v 0.275756776 0.012863159 -0.382751465
vt 0.733154297 0.651855469
vn 0.126011521 0.952962756 -0.275650412
v 0.295135438 0.022232056 -0.371978760
vt 0.718017578 0.661865234
vn -0.282799184 0.416343093 -0.864108264
v 0.287902772 0.010223389 -0.366638184
vt 0.724121094 0.658203125
v 0.307891786 0.025360107 -0.364013672
vt 0.709960938 0.665039062
vn 0.086643621 0.834930480 -0.543492496
v 0.296630800 0.011016846 -0.371734619
vt 0.718750000 0.655029297
vn 0.181180894 0.748356342 -0.638072312
v 0.292755067 0.013809204 -0.383087158
vt 0.723632812 0.649169922
vn 0.063178383 0.971368849 -0.229021981
v 0.279968202 0.005767822 -0.387481689
vt 0.732421875 0.647460938
vn 0.094385728 0.849472523 -0.519122124
v 0.298339784 0.009429932 -0.385528564
vt 0.721679688 0.645751953
vn -0.047181349 0.833535314 -0.550447881
v 0.306030214 0.012451172 -0.364776611
vt 0.711914062 0.657226562
vn 0.031410377 0.777409673 -0.628209889
v 0.295837343 0.002944946 -0.393066406
vt 0.725830078 0.639892578
vn -0.015721362 0.801783681 -0.597407520
v 0.304382265 0.014373779 -0.377685547
vt 0.715332031 0.650390625
vn 0.023630042 0.984587789 -0.173287496
v 0.318206728 0.013626099 -0.367553711
vt 0.705322266 0.655517578
vn 0.321838379 0.722174168 -0.612278223
v 0.311279237 0.009918213 -0.386260986
vt 0.714599609 0.645019531
vn 0.181774065 0.861451507 -0.474193573
v 0.320495546 0.009582520 -0.368713379
vt 0.704833984 0.652832031
vn 0.259264410 0.895640969 -0.361399055
v 0.320465028 0.021911621 -0.364868164
vt 0.704101562 0.661376953
vn 0.700439990 0.472206831 -0.535167813
v 0.323028505 0.030883789 -0.346038818
vt 0.698242188 0.671875000
v 0.327636659 0.023422241 -0.339660645
vt 0.692138672 0.665771484
vn 0.486308098 0.792211711 -0.368653059
v 0.296539247 0.030059814 -0.348876953
vt 0.708740234 0.675292969
vn 0.196067780 0.847013295 -0.494091123
v 0.327026308 0.014556885 -0.367858887
vt 0.699707031 0.653076172
vn 0.496494055 0.756562531 -0.425566494
v 0.332153261 0.016403198 -0.350860596
vt 0.692138672 0.657958984
vn 0.267261177 0.848947525 -0.455916315
v 0.329589784 0.010131836 -0.369415283
vt 0.699462891 0.650634766
vn 0.157358333 0.967754185 -0.196698055
v 0.333465517 0.008010864 -0.356201172
vt 0.692138672 0.652099609
vn 0.385528058 0.841867566 -0.377660304
v 0.340637147 0.017623901 -0.351043701
vt 0.686523438 0.655273438
vn 0.267807752 0.795546889 -0.543492556
v 0.320312440 0.006423950 -0.385833740
vt 0.709228516 0.644775391
vn 0.063099720 0.954384506 -0.291836619
v 0.341278017 0.007141113 -0.371002227
vt 0.691406250 0.643066406
vn 0.212902188 0.969888031 -0.118279107
v 0.335174501 0.004348755 -0.393829346
vt 0.701904297 0.642578125
vn 0.149250388 0.958345056 -0.243513972
v 0.344207704 0.008834839 -0.354370147
vt 0.685791016 0.649414062
vn 0.196110040 0.902106583 -0.384375900
v 0.321990907 0.001754761 -0.391876221
vt 0.710937500 0.638916016
vn -0.062943362 -0.967754304 -0.243905500
v 0.348724306 0.003753662 -0.375518829
vt 0.690429688 0.637207031
vn 0.307956517 0.900180817 -0.307956666
v 0.343322694 0.003341675 -0.388305694
vt 0.698974609 0.636474609
vn 0.424709916 0.857285023 -0.291005105
v 0.339202821 0.001159668 -0.391967773
vt 0.702148438 0.633789062
vn 0.039261941 -0.997252405 -0.062819012
v 0.331329286 0.005615234 -0.402801514
vt 0.704833984 0.639892578
v 0.332672060 0.001068115 -0.403289795
vt 0.703369141 0.639404297
vn 0.614230335 -0.464610159 -0.637854695
v 0.321838319 0.002288818 -0.405273438
vt 0.705078125 0.638427734
vn -0.267285973 -0.943362474 -0.196533769
v 0.349365175 0.000976562 -0.375579864
vt 0.689941406 0.633544922
vn 0.031456146 -0.998731434 -0.039320093
v 0.296508729 0.000808716 -0.356628418
vt 0.717773438 0.613525391
v 0.362548769 0.002227783 -0.369415313
vt 0.682861328 0.634765625
v 0.356903017 0.007873535 -0.355041534
vt 0.680175781 0.645019531
vn 0.062844135 0.903385878 -0.424198627
v 0.374542177 0.000915527 -0.355407745
vt 0.674316406 0.630859375
vn 0.015738316 -0.999380589 -0.031476513
v 0.370269716 0.003906250 -0.356903106
vt 0.675781250 0.635253906
vn 0.047374856 0.631666422 -0.773791432
v 0.346221864 0.019775391 -0.336120635
vt 0.678710938 0.656738281
vn 0.282825172 0.856332064 -0.432094216
v 0.354217470 0.016143799 -0.347900420
vt 0.677001953 0.648925781
vn -0.518705130 0.746620953 -0.416535884
v 0.374175966 0.010101318 -0.358978301
vt 0.671875000 0.636230469
vn -0.000000125 -0.125972584 -0.992033720
v 0.339233339 0.025161743 -0.331237793
vt 0.683349609 0.664062500
vn 0.141780540 0.890067339 -0.433218688
v 0.350830019 0.027709961 -0.328765899
vt 0.677734375 0.663330078
vn 0.394717664 0.876273394 -0.276302487
v 0.351898134 0.024032593 -0.316803008
vt 0.672851562 0.666992188
vn 0.487705350 0.794487834 -0.361846060
v 0.334045351 0.029647827 -0.322448730
vt 0.682617188 0.669433594
vn 0.400681406 0.785650015 -0.471390098
v 0.363586366 0.019378662 -0.321197540
vt 0.669189453 0.661621094
vn -0.007865050 0.998854995 -0.047190044
v 0.364135683 0.021514893 -0.310821563
vt 0.666748047 0.666503906
vn 0.062849931 -0.023568813 -0.997744679
v 0.358734071 0.019287109 -0.333038360
vt 0.672363281 0.656250000
vn -0.488810718 0.867244780 0.094608553
v 0.371917665 0.025711060 -0.311737090
vt 0.660888672 0.663085938
vn -0.864108384 -0.023566650 -0.502753794
v 0.371429384 0.030410767 -0.319427520
vt 0.661376953 0.659667969
vn -0.086946383 0.995930731 -0.023712669
v 0.374908388 0.027633667 -0.311401397
vt 0.658935547 0.663330078
vn 0.591855228 -0.252524912 -0.765466213
v 0.375396669 0.028549194 -0.355590850
vt 0.665039062 0.643798828
vn -0.181496724 0.939047813 -0.291972876
v 0.367828310 0.018081665 -0.354370147
vt 0.671386719 0.643066406
vn -0.432856381 0.188882664 -0.881452680
v 0.385040224 0.022125244 -0.333831817
vt 0.654785156 0.648193359
vn 0.363208205 0.931708038 -0.000000088
v 0.403808534 0.017166138 -0.322296172
vt 0.644042969 0.646728516
vn 0.643835783 0.596725821 0.478950858
v 0.412567079 0.014083862 -0.333343536
vt 0.642578125 0.631591797
vn 0.775024593 0.442871243 0.450779468
v 0.381439149 0.025024414 -0.360321075
vt 0.663574219 0.640380859
vn 0.464999497 0.496525019 -0.732965529
v 0.411468446 0.015396118 -0.343902618
vt 0.649902344 0.633544922
vn 0.597186089 0.660047829 -0.455747426
v 0.412383974 0.001220703 -0.338195831
vt 0.650878906 0.627441406
vn 0.709983289 -0.694205821 0.118330486
v 0.401946962 0.000991821 -0.345977813
vt 0.657470703 0.628662109
vn 0.306962878 -0.676892579 -0.669021845
v 0.393829286 0.001113892 -0.322082549
vt 0.657226562 0.617919922
vn 0.078916550 -0.994347930 0.071024887
v 0.323821962 0.000961304 -0.279724121
vt 0.686279297 0.581054688
v 0.310272157 0.000930786 -0.329467773
vt 0.703857422 0.603271484
v 0.257018983 0.000900269 -0.274536133
vt 0.722412109 0.563964844
v 0.302856386 0.000976562 -0.202590942
vt 0.684814453 0.538818359
vt 0.736816406 0.536865234
vt 0.747070312 0.581054688
vt 0.754638672 0.617675781
vt 0.737792969 0.637451172
v 0.405212343 0.001098633 -0.306518584
vt 0.647460938 0.614501953
vn 0.023615502 -0.999721110 0.000000041
v 0.366088808 0.000991821 -0.238296509
vt 0.656982422 0.571289062
v 0.404724061 0.001495361 -0.318359405
vt 0.652832031 0.617675781
vn 0.567421794 -0.520136714 -0.638349652
v 0.393951356 0.005157471 -0.319854766
vt 0.652832031 0.620361328
vn 0.683494449 0.102131404 0.722775578
v 0.402465761 0.004806519 -0.317382842
vt 0.651611328 0.617675781
vn 0.299388945 0.953317583 0.039393205
v 0.389099061 0.006164551 -0.314209014
vt 0.650390625 0.619384766
vn 0.378799170 0.923323095 -0.063133292
v 0.411926210 0.002090454 -0.299957305
vt 0.644775391 0.613037109
vn 0.400372654 0.902801216 -0.157009006
v 0.294586122 0.000946045 -0.392425537
vt 0.726318359 0.635986328
vn 0.031401813 -0.997006476 -0.070653960
v 0.307769716 0.001083374 -0.394134521
vt 0.718750000 0.637451172
vn 0.062906407 -0.982912242 -0.172992527
v 0.308990419 0.003158569 -0.395355225
vt 0.718994141 0.639160156
vn 0.031503752 0.653705418 -0.756093144
v 0.290039003 0.003585815 -0.400207520
vt 0.731201172 0.638916016
vn 0.244808823 0.908162057 -0.339573711
v 0.275726259 0.002655029 -0.405731201
vt 0.739257812 0.638427734
vn 0.157329112 0.912509382 -0.377590150
vt 0.743896484 0.647460938
vt 0.740722656 0.639892578
v 0.270873964 0.003707886 -0.411163330
vt 0.741455078 0.638916016
vn 0.197039872 0.890620172 0.409842849
v 0.271545351 0.004180908 -0.421478271
vt 0.744384766 0.638427734
vn 0.734174848 0.623654008 -0.268408120
v 0.272186220 0.001754761 -0.412414551
vt 0.741455078 0.637939453
vn 0.078762174 -0.992402971 -0.094514534
vt 0.739746094 0.636474609
vt 0.741943359 0.637207031
v 0.258880556 0.001251221 -0.407775879
vt 0.745849609 0.638183594
vn -0.086528309 -0.959678411 0.267451376
v 0.237609863 0.170120254 0.148788452
vt 0.805175781 0.573242188
vn 0.283719659 0.866921484 -0.409817487
vt 0.790039062 0.596191406
v 0.255798340 0.162693039 0.154235840
vt 0.791748047 0.575927734
vn 0.426787466 0.893092394 -0.142262608
v 0.289978027 0.147377044 0.179977402
vt 0.778808594 0.590820312
vn 0.394594729 0.915459931 -0.078919053
v 0.234695435 0.160640731 0.132873535
vt 0.807617188 0.564208984
vn 0.181587011 0.828984737 -0.528971255
v 0.233840942 0.160640731 0.132553101
vt 0.808349609 0.564697266
vn 0.189205155 0.827773035 -0.528198063
v 0.232971191 0.160831466 0.132553101
vt 0.808837891 0.564697266
vn 0.172800243 0.832583427 -0.526255608
vt 0.957275391 0.482910156
vt 0.933105469 0.500000000
vt 0.932861328 0.456054688
v 0.300476074 0.000930801 0.141769409
vt 0.958007812 0.428222656
vt 0.098632812 0.970458984
vt 0.089843750 0.965576172
vt 0.103515625 0.965332031
v 0.251922667 0.051666290 0.339508057
vt 0.095703125 0.974365234
vn -0.478243947 0.878087163 0.015680153
v 0.256744444 0.040115386 0.352966309
vt 0.105224609 0.976806641
vn -0.315980881 0.537167728 0.782052994
v 0.259033263 0.044113189 0.343750000
vt 0.104492188 0.979003906
vn -0.283781320 0.425672174 0.859227180
v 0.261261046 0.050537139 0.320770264
vt 0.082763672 0.967773438
vn 0.157828018 0.970642745 -0.181502357
vt 0.079589844 0.958740234
v 0.274322569 0.049118072 0.314727783
vt 0.076904297 0.962890625
vn 0.023606785 0.424920350 0.904922903
vt 0.074951172 0.956298828
v 0.274993956 0.037384063 0.314514160
vt 0.074218750 0.968017578
vn 0.394520968 0.860055983 -0.323507369
v 0.285522521 0.042388946 0.316162109
vt 0.069824219 0.965576172
vn -0.536715627 -0.252572119 0.805073678
v 0.287567198 0.038421661 0.321929932
vt 0.067382812 0.970703125
vn 0.260586798 0.931795180 0.252690166
v 0.287902892 0.042465240 0.322448730
vt 0.069335938 0.972656250
vn 0.282615989 -0.839997709 -0.463176280
v 0.278015196 0.051773101 0.325164795
vt 0.073974609 0.978515625
vn -0.362025321 0.708310187 -0.605998695
vt 0.066162109 0.976806641
vt 0.065917969 0.972656250
vt 0.062500000 0.979736328
v 0.263214171 0.066055328 0.325439453
vt 0.083251953 0.975830078
v 0.254455626 0.060287505 0.350006104
vt 0.094726562 0.981201172
vn -0.426401377 0.639602125 0.639602184
v 0.289886534 0.059326202 0.331176758
vt 0.075195312 0.988037109
vn 0.007856078 0.699185371 0.714897275
v 0.294342101 0.061141998 0.304931641
vt 0.060791016 0.987060547
vn -0.378504753 0.654497623 -0.654497564
vt 0.053710938 0.983642578
v 0.311492980 0.054504424 0.299041748
vt 0.052490234 0.990478516
vn 0.299695969 0.694033086 -0.654599488
v 0.301330626 0.064727813 0.312438965
vt 0.062011719 0.992919922
vn 0.519830048 0.787621379 -0.330801070
v 0.294586241 0.071014434 0.314971924
vt 0.065429688 0.989501953
vn -0.607789576 0.789336979 -0.086827025
v 0.299957335 0.068588287 0.318481445
vt 0.064697266 0.992431641
vn 0.568181038 0.749683440 -0.339330465
v 0.299957335 0.069061309 0.319763184
vt 0.065185547 0.992431641
vn 0.613944829 0.755624473 -0.228261650
v 0.301086485 0.070877105 0.329040527
vt 0.068359375 0.994384766
vn 0.419028044 0.869680822 0.260904133
v 0.286010802 0.068054229 0.333312988
vt 0.080566406 0.986083984
vn 0.172933728 0.974717557 0.141491175
v 0.288360655 0.053787261 0.333435059
vt 0.076904297 0.990234375
vn 0.719935894 0.506328523 0.474682868
v 0.279419005 0.061981231 0.353393555
vt 0.088623047 0.990478516
vn 0.434949189 0.624745131 0.648469508
v 0.283599913 0.050735503 0.351562500
vt 0.091308594 0.996093750
vn 0.125824556 0.133688495 0.983003378
v 0.301361144 0.050994903 0.338958740
vt 0.079833984 0.996093750
vn 0.854215562 0.506201863 0.118640915
v 0.290893614 0.044784576 0.352600098
vt 0.092285156 1.000000000
vt 0.009033203 0.030517578
vt 0.001708984 0.029785156
vt 0.004394531 0.022949219
vt 0.008789062 0.035888672
v 0.259033263 0.027420074 0.357177734
vt 0.013183594 0.035644531
vn 0.528707564 0.844353974 -0.086802848
v 0.256897032 0.041946441 0.371368408
vt 0.019042969 0.033447266
vn 0.741146028 0.559801877 -0.370573163
vt 0.016357422 0.021240234
vt 0.023437500 0.029785156
v 0.264129698 0.031906158 0.370727539
vt 0.016357422 0.040771484
vn -0.250843495 0.901468813 0.352748692
v 0.263153136 0.037155181 0.380432129
vt 0.022216797 0.039550781
vn 0.785552979 0.542031646 -0.298510283
v 0.262390196 0.047271758 0.389373779
vt 0.029052734 0.035644531
vn 0.549480319 0.745723367 0.376786441
vt 0.036132812 0.025634766
vt 0.037109375 0.037109375
v 0.263031065 0.032669097 0.396179199
vt 0.035400391 0.040039062
vn 0.102537267 0.441698641 0.891284704
v 0.273376524 0.032943755 0.395355225
vt 0.031738281 0.041748047
vn 0.779237866 0.267617077 0.566718221
v 0.261840880 0.022048980 0.401916504
vt 0.037109375 0.045898438
vn 0.781419396 -0.023679312 0.623556733
vt 0.041503906 0.040771484
v 0.270843565 0.027435333 0.387878418
vt 0.027587891 0.044433594
vn 0.995713115 -0.086927295 -0.031610068
vt 0.041992188 0.043457031
v 0.270965636 0.025604278 0.370086670
vt 0.019531250 0.046142578
vn 0.953939557 -0.015767541 0.299584180
v 0.262054503 0.016204864 0.388732910
vt 0.032226562 0.051025391
vn 0.898976505 0.173486754 0.402173549
v 0.259613097 0.014434844 0.409973145
vt 0.040527344 0.049072266
vn 0.613811970 -0.062954992 0.786938190
vt 0.045654297 0.049804688
v 0.260315001 0.007263213 0.402770996
vt 0.040283203 0.053466797
vn 0.188323721 0.690520108 0.698366821
vt 0.050292969 0.050537109
vt 0.044677734 0.056152344
v 0.265930235 0.015625030 0.381164551
vt 0.028564453 0.051269531
vn 0.979174674 0.047379468 0.197414115
v 0.269928038 0.009628326 0.396331787
vt 0.035400391 0.057128906
vn 0.204243794 0.903385997 0.377065390
v 0.274993956 0.013580352 0.385498047
vt 0.029296875 0.057861328
vn 0.165796921 0.955306172 0.244747803
v 0.277648985 0.003112823 0.412353516
vt 0.043212891 0.063232422
vn 0.055014201 0.903804421 0.424395114
v 0.278015196 0.001358062 0.412780762
vt 0.043945312 0.064208984
vn 0.165042639 -0.746620953 0.644451857
vt 0.046142578 0.055175781
v 0.281555235 0.004287750 0.406402588
vt 0.040283203 0.064941406
vn 0.228829354 0.915317416 0.331407964
v 0.292236388 0.001113921 0.404663086
vt 0.040771484 0.071289062
vn 0.031418294 -0.997529209 0.062836520
v 0.292358458 0.003295928 0.408081055
vt 0.039306641 0.069824219
vn 0.118033439 0.936398566 0.330493540
v 0.283111632 0.005645782 0.395111084
vt 0.034179688 0.065429688
v 0.295044005 0.004409820 0.401092529
vt 0.036132812 0.071289062
vn 0.157285407 0.943712533 0.290977955
v 0.306030333 0.003295928 0.400665283
vt 0.033935547 0.076171875
vn 0.109936781 0.706736147 0.698883414
v 0.309478819 0.001586944 0.401428223
vt 0.033935547 0.078369141
vn 0.015728591 -0.998762369 0.047185663
v 0.317138731 0.001113921 0.395751953
vt 0.030517578 0.082275391
vn 0.000000054 -0.996914387 0.078497238
v 0.279357970 0.006927520 0.393615723
vt 0.033691406 0.062255859
vn -0.039368812 0.755882144 0.653523028
v 0.287445128 0.015594512 0.390502930
vt 0.029541016 0.064941406
vn 0.039448418 0.962541580 0.268249243
v 0.321014464 0.006393462 0.392913818
vt 0.026367188 0.083007812
vn 0.133428812 0.863362789 0.486622602
v 0.333282530 0.001388580 0.400299072
vt 0.027099609 0.090820312
vn 0.157110736 -0.518464923 0.840541780
v 0.311004698 0.011627227 0.392578125
vt 0.026367188 0.076904297
vn 0.118271686 0.930403829 0.346930206
v 0.335357726 0.008117706 0.391082764
vt 0.022460938 0.089111328
vn 0.173400432 0.969466150 0.173400372
v 0.346466124 0.003158599 0.391235322
vt 0.022705078 0.096679688
vn 0.605380416 0.534621596 0.589656115
v 0.349182189 0.003906280 0.381652802
vt 0.018798828 0.097900391
v 0.337127745 0.006591827 0.359588623
vt 0.008300781 0.090576172
vn 0.378481120 0.898892641 0.220780566
v 0.297149718 0.011993438 0.387969971
vt 0.026611328 0.070068359
vn -0.031411488 0.989461064 0.141351521
v 0.315948546 0.008987457 0.376159668
vt 0.017822266 0.078613281
vn 0.126250654 0.970552027 0.205157265
v 0.299102843 0.012878448 0.377227783
vt 0.019775391 0.069335938
vn 0.205496699 0.837794185 0.505837917
v 0.282165587 0.009445220 0.379577637
vt 0.024902344 0.061523438
v 0.330322325 0.009902984 0.374694824
vt 0.015625000 0.085693359
vn 0.244443312 0.938346922 0.244443253
v 0.325683653 0.015319854 0.362884521
vt 0.010253906 0.082763672
vn 0.400681496 0.848501980 0.345685929
v 0.323089659 0.019989043 0.358428955
vt 0.008056641 0.080810547
vn 0.514030874 0.648469627 0.561479747
v 0.309295714 0.015701324 0.369934082
vt 0.014160156 0.074707031
vn 0.410762548 0.560848832 0.718834341
v 0.324951231 0.030578643 0.353912354
vt 0.002197266 0.078125000
vn 0.378046513 0.858480632 0.346542567
v 0.307800353 0.025894195 0.369720459
vt 0.011230469 0.071044922
vn 0.228233323 0.802751601 0.550907791
v 0.293548644 0.031478912 0.348846436
vt 0.004638672 0.059082031
vn 0.253346711 0.847128034 0.467107892
v 0.297576964 0.021682769 0.378936768
vt 0.015136719 0.066650391
vn -0.133816749 0.716313541 0.684827089
v 0.285461485 0.007980376 0.372436523
vt 0.020996094 0.061523438
vn -0.339743108 0.545169353 0.766397536
v 0.274749815 0.025573760 0.366790771
vt 0.015625000 0.053222656
vn 0.117615521 0.360687315 0.925241232
vt 0.001220703 0.053710938
v 0.279998839 0.014511138 0.375671387
vt 0.024414062 0.058593750
vn 0.462819844 0.886417747 -0.007844504
v 0.265991271 0.020065337 0.359588623
vt 0.020019531 0.051269531
vn -0.047351252 0.094702803 0.994378924
v 0.267913878 0.016693145 0.367279053
vt 0.023437500 0.052001953
vn 0.628519952 0.777793467 -0.000000116
v 0.277710021 0.041061431 0.365173340
vt 0.009765625 0.048828125
vn 0.418622643 0.584491968 0.695071399
v 0.266906798 0.038879424 0.371765137
vt 0.013916016 0.043212891
vn 0.039175134 0.477935523 0.877520919
v 0.258392394 0.040145904 0.362731934
vt 0.010498047 0.039306641
vn -0.235578716 0.934462190 0.266989201
vt 0.003662109 0.034179688
v 0.287872314 0.000961319 0.067062378
vt 0.049560547 0.717529297
vt 0.004150391 0.659423828
vt 0.046386719 0.682128906
vt 0.005615234 0.707031250
v 0.283386290 0.000946075 0.362304688
vt 0.123046875 0.499511719
vt 0.145263672 0.487060547
vt 0.143066406 0.524414062
vt 0.130126953 0.478515625
vt 0.138183594 0.477050781
vt 0.122314453 0.475097656
vt 0.117675781 0.475585938
v 0.298553526 0.000976592 0.270568848
vt 0.094482422 0.534667969
vt 0.105224609 0.556396484
v 0.343658447 0.000946075 0.196884155
vt 0.062988281 0.556152344
v 0.356536925 0.000961334 0.281860322
vt 0.070800781 0.517578125
v 0.335113585 0.000854522 0.328430176
vt 0.091552734 0.501953125
v 0.351440489 0.001083404 0.381011933
vt 0.100097656 0.475585938
vn 0.015741736 -0.999597251 0.023612574
vt 0.111572266 0.470458984
vt 0.104492188 0.471679688
vt 0.100341797 0.473876953
v 0.360565245 0.003051788 0.375793427
vt 0.094970703 0.474609375
vn 0.520023763 0.520023704 0.677606583
v 0.379180968 0.000991851 0.361114472
vt 0.083496094 0.476806641
v 0.389770567 0.000946075 0.326660126
vt 0.068847656 0.489990234
vn 0.007873815 -0.999969006 0.000000043
v 0.367065489 0.005264312 0.365936249
vt 0.090332031 0.471435547
vn 0.063037112 0.874639630 0.480657816
v 0.344696105 0.006835967 0.355590791
vt 0.094238281 0.463623047
vn -0.252855748 0.600532591 0.758567452
vt 0.098388672 0.462646484
v 0.371978819 0.012634307 0.365173310
vt 0.086669922 0.469970703
vn -0.354495496 0.157553628 0.921688616
v 0.367584288 0.038650542 0.356323212
vt 0.083251953 0.458984375
vn 0.007856075 0.714897394 0.699185252
v 0.380706847 0.013595611 0.368316621
vt 0.083007812 0.469238281
vn 0.086515129 0.102245048 0.990989983
v 0.376129210 0.004241973 0.361724824
vt 0.085449219 0.474365234
vn -0.173589140 -0.418192327 0.891617656
v 0.385589659 0.003006011 0.368377656
vt 0.081298828 0.473632812
vn 0.110277385 -0.307200879 0.945233583
v 0.394592345 0.008926421 0.357482880
vt 0.074462891 0.473388672
vn 0.497546047 -0.157951042 0.852935851
v 0.385711730 0.000946075 0.363983124
vt 0.080322266 0.475097656
vn 0.489206225 -0.765370905 0.418192327
v 0.394775450 0.000961334 0.353698701
vt 0.074462891 0.477783203
vn 0.086568631 -0.983733654 0.157397419
v 0.405212462 0.003723174 0.354370087
vt 0.070800781 0.474121094
vn -0.031539008 -0.867325604 0.496741056
v 0.407898009 0.005416900 0.353393525
vt 0.070068359 0.472900391
vn -0.102027521 0.981033683 0.164813623
v 0.401031554 0.000991851 0.361022919
vt 0.068603516 0.470947266
vn -0.417504072 -0.905905128 0.070897013
v 0.409881651 0.000869781 0.346710175
vt 0.067626953 0.476074219
vn 0.709828675 -0.583636880 -0.394349307
v 0.395996153 0.000991851 0.329986542
vt 0.066650391 0.486328125
vn 0.479928315 -0.763164759 -0.432722300
v 0.392120421 0.002960235 0.326110810
vt 0.066162109 0.488769531
vn 0.822912574 0.126601949 -0.553883612
v 0.404815733 0.001052886 0.314941376
vt 0.059814453 0.490722656
vn 0.047168173 -0.998391926 0.031445451
v 0.408111632 0.001037627 0.305694550
vt 0.056396484 0.493408203
vn 0.055032916 -0.998453617 -0.007861803
v 0.406555235 0.003051788 0.316070527
vt 0.059082031 0.489746094
vn 0.306735009 0.935935080 0.173029929
v 0.404235899 0.002624542 0.309509248
vt 0.056884766 0.490478516
vn 0.425830930 0.898976445 0.102514759
v 0.383483946 0.007400542 0.320556611
vt 0.062255859 0.483398438
vn 0.386246085 0.922261059 -0.015765239
v 0.394805968 0.006866485 0.299499482
vt 0.052978516 0.484863281
vn 0.393932909 0.890288413 0.228480995
v 0.382324278 0.010833770 0.312835664
vt 0.058349609 0.481201172
vn 0.667720139 0.534176052 0.518464923
v 0.384094298 0.013641387 0.299774140
vt 0.053466797 0.480224609
vn 0.896305203 0.353804708 0.267318934
v 0.250060976 0.009231567 -0.412139893
vt 0.589111328 0.019042969
vn -0.235964566 0.849472523 0.471929193
v 0.250762880 0.011688232 -0.425231934
vt 0.593505859 0.022216797
vn -0.039455887 0.907483220 -0.418231428
v 0.249526918 0.000991821 -0.426300049
vt 0.588623047 0.024902344
vn -0.707871914 -0.700006723 -0.094382808
vt 0.593750000 0.012207031
vt 0.584716797 0.016601562
vt 0.588134766 0.010986328
vt 0.777832031 0.419433594
v 0.261779785 0.069229141 0.166625977
vt 0.788085938 0.405761719
vn 0.361588746 0.927553773 0.094327420
vt 0.790039062 0.416748047
v 0.263183594 0.074676529 0.167968750
vt 0.792968750 0.403564453
vn 0.719171107 -0.655947149 0.229186326
vt 0.800781250 0.413574219
v 0.281005859 0.065780669 0.177825928
vt 0.772705078 0.410644531
vn 0.078995213 0.995340228 0.055296622
vt 0.771484375 0.416015625
v 0.275878906 0.069564834 0.165756226
vt 0.777832031 0.404541016
vn 0.165631786 0.985903800 0.023661625
v 0.290344238 0.064590469 0.163757309
vt 0.768798828 0.400146484
vn -0.228679895 0.946261644 0.228679866
v 0.287322998 0.070938140 0.175765976
vt 0.767333984 0.406738281
vn 0.039320093 0.998731434 0.031456061
v 0.309783936 0.063186675 0.188995346
vt 0.750000000 0.404785156
vn -0.000000025 0.989949524 0.141421303
v 0.272521973 0.067733780 0.140747070
vt 0.780517578 0.389160156
v 0.309814453 0.063613907 0.167785630
vt 0.755371094 0.393554688
vn -0.063204132 0.995464504 0.071104564
v 0.288116455 0.089370757 0.180923447
vt 0.813964844 0.403808594
vn 0.636042893 -0.753828645 0.164899930
vt 0.814208984 0.419677734
vt 0.822753906 0.416503906
v 0.290863037 0.111724876 0.190597519
vt 0.828613281 0.402343750
vn 0.848502100 -0.345685929 0.400681406
vt 0.833740234 0.413574219
vt 0.837158203 0.408203125
v 0.296600342 0.127426177 0.200286850
vt 0.841796875 0.399658203
vn 0.567933679 -0.173535213 0.804572582
vt 0.852539062 0.411132812
vt 0.862060547 0.405029297
v 0.309722900 0.143417388 0.192214951
vt 0.848876953 0.387939453
vn 0.631469667 0.718296766 0.292054623
vt 0.870361328 0.380859375
v 0.313568115 0.137306243 0.175292954
vt 0.840576172 0.381591797
vn 0.991757214 -0.023613220 0.125937283
vt 0.857421875 0.375244141
vt 0.885986328 0.373779297
vt 0.836425781 0.363769531
vt 0.856933594 0.355957031
v 0.296630859 0.103302024 0.175689682
vt 0.820800781 0.393798828
vn 0.835968494 -0.544167995 0.070978351
v 0.302642822 0.127037078 0.149139389
vt 0.827636719 0.368164062
vn 0.983368337 -0.173072785 0.055068504
v 0.320373535 0.138481170 0.111259446
vt 0.827880859 0.346435547
vn 0.786938190 0.613811910 -0.062955193
v 0.305908203 0.122589134 0.129226670
vt 0.820068359 0.358886719
vn 0.936282635 0.094415106 0.338320464
v 0.306365967 0.119812034 0.154891953
vt 0.824462891 0.373779297
vn 0.922117889 -0.386186093 0.023643944
v 0.310821533 0.109046958 0.131774887
vt 0.809082031 0.359130859
vn 0.857285082 -0.424709976 0.291004926
v 0.288696289 0.105064414 0.153717026
vt 0.812255859 0.381347656
vn 0.621085346 -0.762598455 0.180822253
v 0.282775879 0.092910782 0.165405273
vt 0.809814453 0.394042969
vn 0.636651635 -0.668091178 -0.385134995
v 0.299896240 0.098251365 0.124412537
vt 0.801269531 0.366210938
vn 0.829243302 -0.410672754 0.379082531
v 0.306701660 0.102310203 0.109268188
vt 0.802490234 0.355712891
vn 0.898445964 -0.409817398 0.157621980
v 0.273590088 0.095809951 0.147918701
vt 0.801513672 0.385742188
vn 0.788110495 -0.598963857 0.141859800
v 0.283386230 0.086486831 0.135482788
vt 0.794189453 0.376220703
vn 0.690881908 -0.408248246 0.596670508
v 0.307006836 0.075439468 0.116378784
vt 0.781738281 0.359130859
vn 0.220417812 0.653381288 0.724229813
v 0.278381348 0.070907608 0.123802185
vt 0.782714844 0.374755859
vn 0.503453553 0.157329246 0.849577665
v 0.293945312 0.066162124 0.128250107
vt 0.775634766 0.372558594
vn 0.039496377 0.979510665 0.197481945
v 0.304595947 0.068511978 0.130096421
vt 0.770507812 0.367431641
vn 0.109940089 0.989461064 0.094234332
v 0.284790039 0.080535904 0.143814072
vt 0.772216797 0.385986328
vn -0.275753021 0.961196244 -0.007878663
v 0.295166016 0.074340835 0.163146958
vt 0.762695312 0.390380859
vn 0.346531957 0.905708492 0.244147420
v 0.309051514 0.086502090 0.131744370
vt 0.767578125 0.355957031
vn -0.385910422 0.480419248 0.787572563
v 0.315460205 0.086288467 0.111282341
vt 0.776367188 0.350341797
vn -0.370296955 0.906045616 -0.204845086
v 0.311187744 0.064865127 0.151000962
vt 0.759277344 0.377685547
vn 0.244390056 0.946026325 -0.212855995
v 0.325622559 0.056457534 0.134246811
vt 0.754150391 0.364501953
vn -0.227887660 0.652230442 0.722954214
v 0.327331543 0.083190933 0.127365097
vt 0.761230469 0.347900391
vn 0.235404611 0.902384222 0.360953629
v 0.332702637 0.087799087 0.127044663
vt 0.762695312 0.344238281
vn -0.007883298 0.922347069 0.386282086
v 0.344421387 0.084808365 0.109680168
vt 0.752197266 0.337402344
vn -0.110332012 0.890537143 0.441328108
v 0.342224121 0.074584976 0.139373764
vt 0.746826172 0.351562500
vn -0.440018296 0.738602161 0.510735571
v 0.350799561 0.079757705 0.129058823
vt 0.742919922 0.344970703
vn 0.487117946 0.864241660 -0.125707984
v 0.351409912 0.082946792 0.138290390
vt 0.739746094 0.346923828
vn -0.149089605 0.988699138 0.015693614
v 0.348175049 0.078750625 0.161819443
vt 0.731445312 0.361816406
vn -0.306934327 0.535167694 0.787011325
v 0.334503174 0.060272232 0.157913193
vt 0.739501953 0.370361328
vn -0.434473962 0.900545895 0.015799068
v 0.342559814 0.062774673 0.163253769
vt 0.733154297 0.373291016
vn 0.386162102 0.866894543 0.315234303
v 0.326385498 0.068115249 0.145080552
vt 0.749511719 0.372314453
vn 0.456862837 0.685294390 -0.567140281
v 0.339904785 0.067718536 0.173843369
vt 0.738037109 0.384521484
vn 0.535765350 0.843042672 -0.047273532
v 0.331573486 0.062683135 0.180480942
vt 0.737060547 0.394531250
vn -0.015738316 0.999380589 0.031476513
v 0.314147949 0.074371353 0.149734482
vt 0.754394531 0.379638672
vn -0.173298270 0.976771712 -0.126035079
v 0.321136475 0.074020416 0.180282578
vt 0.745117188 0.392333984
vn -0.023612525 0.928759634 0.369929671
v 0.310699463 0.064941436 0.178710923
vt 0.751464844 0.398681641
vn -0.252336442 0.922605157 0.291764021
v 0.306518555 0.065780669 0.204421982
vt 0.745605469 0.411376953
vn -0.125657529 0.989552617 -0.070682354
vt 0.736083984 0.416259766
v 0.300231934 0.061203033 0.212982163
vt 0.747558594 0.417480469
vn -0.094782509 0.995215952 0.023695588
vt 0.744873047 0.421875000
vt 0.755615234 0.420654297
v 0.259948671 0.001602173 -0.429534912
vt 0.336669922 0.976318359
vn 0.236948788 -0.781931102 -0.576575458
vt 0.332763672 0.982910156
vt 0.333251953 0.973632812
vt 0.338623047 0.971435547
vt 0.340820312 0.980712891
vt 0.339111328 0.984863281
v 0.255767763 0.063644409 -0.332672119
vt 0.721679688 0.702392578
vn -0.434840530 0.656213641 -0.616682708
v 0.262512147 0.070358276 -0.307586670
vt 0.718994141 0.709960938
vn -0.054914270 0.988455713 -0.141207993
v 0.282104433 0.051849365 -0.335083008
vt 0.716064453 0.696289062
vn 0.023680743 -0.363106400 -0.931446731
v 0.280548036 0.062225342 -0.332214355
vt 0.712646484 0.700195312
vn 0.267542332 0.826233983 -0.495740443
v 0.286285341 0.067459106 -0.317932129
vt 0.709228516 0.705810547
vn 0.606111348 0.795029283 0.023614617
v 0.283569276 0.050842285 -0.323883057
vt 0.708251953 0.696044922
vn -0.118282855 0.559871435 -0.820093453
v 0.271209657 0.045425415 -0.328460693
vt 0.718994141 0.691650391
vn -0.228141576 0.700158238 -0.676557362
v 0.289947450 0.060882568 -0.314514160
vt 0.705322266 0.707275391
vn -0.525526583 0.807899058 0.266685158
vt 0.703857422 0.711914062
vt 0.698486328 0.706787109
v 0.284698427 0.040557861 -0.351928711
vt 0.713623047 0.682617188
vn -0.402951360 0.418753207 -0.813803434
v 0.298309267 0.040344238 -0.350952148
vt 0.708007812 0.683593750
vn 0.487901628 0.786938250 -0.377730459
v 0.299591005 0.043914795 -0.335571289
vt 0.701171875 0.688720703
vn 0.094676085 0.307697684 -0.946762204
v 0.299285829 0.038314819 -0.323852539
vt 0.700439453 0.682861328
vn 0.797827065 0.315971136 -0.513453245
v 0.312255800 0.035186768 -0.332366943
vt 0.693603516 0.679443359
vn 0.125475600 0.768538833 -0.627378702
v 0.287322938 0.052932739 -0.335784912
vt 0.703369141 0.693603516
vn -0.551317930 0.110263504 -0.826976717
v 0.300476015 0.067260742 -0.332946777
vt 0.699218750 0.695800781
vn -0.125414178 0.517332852 -0.846544743
v 0.319091737 0.047225952 -0.329101562
vt 0.691650391 0.686035156
vn 0.465708733 -0.039466873 -0.884057581
v 0.311950624 0.031677246 -0.329162598
vt 0.692138672 0.677978516
vn 0.714126408 0.557175636 -0.423767507
v 0.299743593 0.076126099 -0.321441650
vt 0.697265625 0.698730469
vn 0.133704945 0.990989983 -0.007865061
v 0.323760927 0.032714844 -0.326568604
vt 0.687500000 0.673828125
vn 0.243536338 0.557776988 -0.793457568
v 0.323211610 0.048385620 -0.319976807
vt 0.684570312 0.685791016
vn 0.787572443 0.480419248 -0.385910630
v 0.335082948 0.041595459 -0.320770264
vt 0.680175781 0.678710938
vn 0.597167611 0.432160854 -0.675742447
v 0.337097108 0.039337158 -0.310546875
vt 0.673828125 0.680419922
vn 0.496926337 0.772996664 -0.394386142
v 0.316558778 0.055831909 -0.298675537
vt 0.680908203 0.699462891
vn 0.541931212 0.840386212 0.007853969
v 0.325836122 0.056060791 -0.326446533
vt 0.689941406 0.690429688
vn 0.733626485 0.670518935 -0.110438541
v 0.302459657 0.067153931 -0.304168701
vt 0.691406250 0.701416016
vn 0.268215925 0.851979911 0.449656010
vt 0.288085938 0.294189453
vt 0.261474609 0.280273438
vt 0.287109375 0.255615234
vt 0.327880859 0.270996094
vt 0.340332031 0.318359375
v 0.374572754 0.000930801 0.051734917
vt 0.315673828 0.335449219
vt 0.252197266 0.327636719
v 0.373748779 0.000915542 0.133560181
vt 0.278076172 0.363525391
v 0.450500488 0.000930801 0.006421546
vt 0.358642578 0.357421875
v 0.437896729 0.000854507 0.084693886
vt 0.317138672 0.378173828
v 0.431182861 0.000961319 0.157714829
vt 0.286132812 0.399169922
vn 0.031476598 -0.999380589 0.015738316
v 0.460876465 0.001113907 -0.007610342
vt 0.370117188 0.355957031
v 0.466400146 0.001831070 -0.001466892
vt 0.369628906 0.358886719
vn 0.607619286 -0.718095422 0.339319736
vt 0.377685547 0.326416016
v 0.444183350 0.000961319 -0.057468433
vt 0.390136719 0.338867188
vn 0.047155045 -0.998114347 -0.039295804
v 0.456909180 0.002288833 -0.045120258
vt 0.389160156 0.349365234
vn 0.606205225 0.677060366 -0.417258292
v 0.455841064 0.001525894 0.136169419
vt 0.301513672 0.404052734
vn 0.071104653 -0.995464504 0.063204132
v 0.461730957 0.001632705 0.132415757
vt 0.303466797 0.405273438
vn 0.196448952 -0.966528535 0.165017068
v 0.475189209 0.001464859 0.121223427
vt 0.308593750 0.406250000
vn 0.078818440 -0.993111670 0.086700261
v 0.469390869 0.002777115 0.134933457
vt 0.302978516 0.409667969
vn 0.576054513 -0.528707623 -0.623401582
v 0.463256836 0.001220718 0.143356308
vt 0.299560547 0.409912109
vn 0.031573575 -0.907737613 0.418348700
v 0.456268311 0.004028335 0.138549790
vt 0.300048828 0.405029297
vn 0.465071827 0.804022491 0.370480865
v 0.468994141 0.004638687 0.142044052
vt 0.299804688 0.412597656
vn 0.173443571 0.938171983 0.299584270
vt 0.448730469 0.219726562
vt 0.468017578 0.239257812
vt 0.415527344 0.224121094
vt 0.449951172 0.174560547
vt 0.379638672 0.182861328
vt 0.367431641 0.237548828
vt 0.381103516 0.265869141
v 0.399719179 0.000991821 -0.223846450
vt 0.347656250 0.221191406
v 0.410674989 0.001083374 -0.240570083
vt 0.342285156 0.230224609
vn 0.047178376 -0.998607934 0.023589201
v 0.422485352 0.001052871 -0.163803115
vt 0.344726562 0.177978516
vn 0.007871623 -0.999690175 0.023614770
v 0.404113770 0.001342788 -0.145477310
vt 0.360351562 0.169677734
vn 0.470461726 -0.854672015 0.219548762
v 0.409454346 0.002960220 -0.155548111
vt 0.352539062 0.171386719
vn 0.410046756 0.764894903 0.496787310
v 0.397827148 0.012069717 -0.160293594
vt 0.350830078 0.163330078
vn 0.520508647 0.796535969 0.307573229
v 0.421630859 0.006698623 -0.168182388
vt 0.341552734 0.172607422
vn 0.172933787 0.864668787 0.471637487
v 0.424255371 0.001922622 -0.157608047
vt 0.339355469 0.174316406
vn -0.346843928 0.520266056 0.780399084
v 0.446289062 0.001190200 -0.168472305
vt 0.328857422 0.179931641
v 0.430389345 0.001052856 -0.200042740
vt 0.330810547 0.204833984
vn 0.157251388 -0.974958539 -0.157251343
v 0.410186708 0.001113892 -0.221969619
vt 0.340820312 0.221679688
vn 0.181271046 -0.969406009 -0.165508315
v 0.414428651 0.003372192 -0.220382705
vt 0.338134766 0.221435547
vn 0.520605683 0.757244766 -0.394398391
v 0.441741884 0.001342773 -0.192901626
vt 0.322998047 0.197509766
vn 0.244908243 -0.940131545 -0.237007946
v 0.436920106 0.005020142 -0.195220962
vt 0.323730469 0.201904297
vn 0.840308309 0.424080908 -0.337694168
vt 0.238037109 0.520263672
vt 0.223876953 0.511718750
v 0.302337646 0.083053604 0.079322815
vt 0.239257812 0.504150391
vn 0.338289082 0.881125331 -0.330422044
v 0.312316895 0.104095474 0.080390930
vt 0.230224609 0.492675781
vn 0.534357309 -0.086440191 -0.840827227
vt 0.207031250 0.488769531
vt 0.218994141 0.480712891
v 0.317016602 0.121307395 0.102012627
vt 0.228027344 0.474365234
vn 0.975773215 -0.133775324 -0.173121184
vt 0.219726562 0.462890625
vt 0.203613281 0.475585938
vt 0.210449219 0.433349609
vt 0.241699219 0.470214844
vt 0.237548828 0.485107422
v 0.306518555 0.083892837 0.082923889
vt 0.243164062 0.502197266
vn 0.984221578 -0.062990129 0.165349081
v 0.300964355 0.078582779 0.098228455
vt 0.250488281 0.493652344
vn 0.914179802 0.362519592 0.181259647
vt 0.251953125 0.476562500
vt 0.262695312 0.489257812
v 0.319946289 0.078063980 0.087341301
vt 0.253662109 0.505126953
vn 0.245061174 0.956529200 0.158103928
v 0.316986084 0.078598037 0.095527641
vt 0.258056641 0.499267578
vn -0.094127133 0.956958473 -0.274537265
vt 0.267333984 0.491943359
v 0.333190918 0.072372451 0.095390312
vt 0.263916016 0.505615234
vn -0.134417862 0.988366246 -0.071162395
v 0.333648682 0.081024185 0.101974480
vt 0.271484375 0.501708984
vn -0.827773094 0.528197944 -0.189205185
v 0.336883545 0.078689590 0.059013359
vt 0.258544922 0.525146484
vn -0.623731792 0.781638443 0.000000048
v 0.316162109 0.082794204 0.062980644
vt 0.245361328 0.516113281
vn 0.354925334 0.922805905 0.149857283
v 0.309143066 0.090347305 0.066452026
vt 0.241455078 0.514404297
vn 0.229186341 0.956260383 0.181768417
v 0.320892334 0.083999649 0.051177975
vt 0.247802734 0.525634766
vn 0.236359701 0.969074905 0.070907839
v 0.316284180 0.084167495 0.028095240
vt 0.240234375 0.541748047
vn 0.219934478 0.942576408 0.251353651
v 0.334869385 0.078537002 0.024063101
vt 0.252685547 0.546875000
vn -0.599243164 0.764823496 0.236543402
vt 0.225097656 0.550048828
vt 0.233154297 0.556640625
vt 0.226562500 0.536132812
v 0.339172363 0.101135269 0.073532097
vt 0.277343750 0.521240234
vn -0.936891794 0.346413761 0.047238354
v 0.342041016 0.108856216 0.058025349
vt 0.279296875 0.531494141
vn -0.588348448 0.698173463 -0.407921463
v 0.347229004 0.108314529 0.077407829
vt 0.285888672 0.522460938
vn 0.007864949 0.998854995 -0.047190044
v 0.344573975 0.098823570 0.089622490
vt 0.281250000 0.510742188
vn -0.801288843 0.518480957 0.298519462
vt 0.281250000 0.500488281
v 0.334594727 0.090545669 0.103637688
vt 0.276123047 0.497314453
vn -0.047143444 0.950724483 -0.306431890
vt 0.290039062 0.489013672
v 0.342529297 0.089309707 0.114189140
vt 0.282226562 0.497314453
vn 0.433218658 0.890067458 0.141780540
v 0.292022765 0.047592193 0.334655762
vt 0.634277344 0.899902344
vn 0.964223564 -0.118552044 -0.237104282
v 0.288330138 0.035263091 0.333068848
vt 0.629394531 0.896240234
vn 0.709828556 0.583636940 -0.394349307
vt 0.633544922 0.893310547
vt 0.630615234 0.892822266
vt 0.637451172 0.901367188
vt 0.633056641 0.902099609
v 0.297332823 0.036026031 0.336669922
vt 0.627197266 0.897949219
vn 0.851027071 0.228516549 -0.472792953
vt 0.623291016 0.900634766
v 0.296875060 0.045303375 0.350769043
vt 0.631103516 0.904541016
vn 0.795152485 -0.015745532 0.606205225
vt 0.632812500 0.907226562
v 0.305297911 0.036041290 0.335235596
vt 0.622070312 0.895751953
vn 0.299891979 0.915459931 -0.268324524
vt 0.612304688 0.898681641
v 0.295867980 0.036834747 0.323944092
vt 0.627685547 0.891845703
vn -0.284232050 0.307918221 0.907963932
vt 0.634033203 0.892578125
v 0.302307189 0.028671294 0.331878662
vt 0.622558594 0.892333984
vn 0.196448863 0.966528535 0.165016979
v 0.298187315 0.041778594 0.333984375
vt 0.627441406 0.889404297
vn -0.259352446 -0.550141752 0.793776155
vt 0.633544922 0.891601562
vt 0.630126953 0.888916016
v 0.307861388 0.035598785 0.330444336
vt 0.622314453 0.889160156
vn 0.623188198 -0.118326791 0.773068726
v 0.311920226 0.044845611 0.328430176
vt 0.627929688 0.885009766
vn 0.251812547 0.173121110 0.952165723
vt 0.632812500 0.888427734
vt 0.635009766 0.886230469
v 0.322509825 0.054351836 0.326019287
vt 0.628173828 0.877441406
vn 0.651346207 0.141255841 0.745516598
vt 0.639892578 0.873046875
v 0.318817198 0.050979644 0.312561035
vt 0.622314453 0.872314453
vn 0.921802938 0.307267696 -0.236359894
vt 0.629882812 0.864990234
vt 0.620117188 0.865234375
vt 0.615722656 0.865722656
vt 0.620605469 0.861328125
v 0.309356749 0.038940459 0.317443848
vt 0.618896484 0.879882812
vn 0.667390704 0.549615860 0.502505839
v 0.320434630 0.027923614 0.333465576
vt 0.612304688 0.888671875
vn 0.267782927 0.952992380 0.141767383
v 0.330749571 0.031524688 0.321655273
vt 0.607910156 0.878906250
vn 0.512033343 0.638072252 0.575052738
v 0.322326720 0.026077300 0.320526123
vt 0.609863281 0.882812500
vn 0.409398139 0.708573639 0.574731827
v 0.327941954 0.045700103 0.300445557
vt 0.609375000 0.865234375
vn 0.101967953 0.298059881 0.949085355
vt 0.605712891 0.855468750
v 0.330749571 0.025253326 0.319000244
vt 0.603759766 0.880859375
vn 0.173298180 0.976771712 0.126034990
v 0.329864562 0.031692535 0.299774170
vt 0.603759766 0.871093750
vn 0.663001895 0.552501500 0.505144179
v 0.355529845 0.047515899 0.304290742
vt 0.595703125 0.859375000
vn -0.235898823 0.094359614 0.967185676
vt 0.597412109 0.842773438
v 0.346038878 0.029205352 0.304077119
vt 0.595947266 0.870361328
vn -0.070819959 0.495740414 0.865578473
v 0.372314513 0.065490752 0.308807343
vt 0.590820312 0.845703125
vn -0.173072711 0.055068664 0.983368337
v 0.377014220 0.063888580 0.307220429
vt 0.588378906 0.844970703
vn 0.788894832 0.410225332 0.457558841
vt 0.591064453 0.835693359
v 0.379028380 0.074310333 0.293487519
vt 0.587158203 0.837402344
vn 0.947588384 0.244793728 0.205310673
v 0.380371094 0.072479278 0.281738251
vt 0.583740234 0.832519531
vn 0.920546770 0.369792312 0.125886604
v 0.379486144 0.047775298 0.299133271
vt 0.580566406 0.850585938
vn 0.969105005 0.110304683 0.220609128
v 0.376892149 0.047531158 0.309875458
vt 0.584960938 0.854492188
vn 0.197137952 0.070969671 0.977803648
vt 0.572509766 0.864990234
v 0.387085021 0.014648467 0.286773652
vt 0.569824219 0.859130859
vn 0.881698489 0.425104648 0.204679862
v 0.378662169 0.035644561 0.307403535
vt 0.581298828 0.860351562
vn 0.939516008 0.150006816 0.307908475
vt 0.575439453 0.872070312
v 0.376831114 0.028671294 0.311614960
vt 0.581542969 0.864990234
vn -0.047138877 0.133560538 0.989919007
v 0.368408263 0.017990142 0.311889619
vt 0.583251953 0.872558594
vn 0.000000092 0.496988326 0.867757320
v 0.374603331 0.012817413 0.317291230
vt 0.578613281 0.875488281
vn 0.236066714 0.511478126 -0.826234043
vt 0.571289062 0.874267578
v 0.348449767 0.023284942 0.316833466
vt 0.594726562 0.878173828
vn 0.236484528 0.969586670 0.063062474
v 0.359130919 0.020828277 0.321014374
vt 0.588623047 0.878906250
vn -0.471390128 0.400681436 -0.785649896
v 0.340393126 0.028228790 0.333526611
vt 0.599853516 0.886962891
vn 0.086751387 0.993698299 -0.070978507
v 0.387298644 0.015441924 0.321289033
vt 0.571289062 0.878173828
vn 0.432802498 0.251812428 -0.865605295
vt 0.567138672 0.875488281
v 0.376007140 0.021743804 0.318145722
vt 0.576904297 0.879394531
vn 0.489404112 0.402574450 -0.773574471
v 0.398651183 0.019256622 0.328094453
vt 0.563964844 0.884277344
vn 0.701135159 0.504187167 -0.504187226
vt 0.562988281 0.877441406
v 0.381988585 0.028686553 0.330108613
vt 0.572021484 0.886474609
vn 0.535648942 0.819227874 -0.204807073
vt 0.550537109 0.883544922
v 0.371856749 0.032684356 0.320495576
vt 0.578369141 0.883300781
vn 0.173443437 0.299584329 -0.938171983
v 0.405273497 0.016159087 0.338470429
vt 0.557861328 0.887695312
vn 0.711957574 0.648672521 -0.268961877
v 0.358703673 0.043411285 0.321380585
vt 0.581054688 0.888183594
v 0.395629942 0.021789581 0.359191865
vt 0.557128906 0.900390625
vn 0.583618760 0.796560764 0.157734692
v 0.412506163 0.013259917 0.350280732
vt 0.551757812 0.890625000
v 0.410156310 0.004089385 0.351440400
vt 0.548339844 0.887939453
vn 0.630488276 -0.378293008 -0.677775025
vt 0.547607422 0.891113281
v 0.404907286 0.015029937 0.356506318
vt 0.552734375 0.896240234
vn 0.379260153 -0.039506201 0.924446285
vt 0.551025391 0.903808594
vt 0.561523438 0.912109375
v 0.387451231 0.027496368 0.367187470
vt 0.564208984 0.905029297
vn 0.228616029 0.512415111 0.827747345
vt 0.579345703 0.904052734
v 0.372741759 0.034561187 0.345825166
vt 0.573242188 0.897705078
vn 0.526906073 0.849341273 -0.031457189
v 0.353241026 0.047653228 0.334899873
vt 0.583740234 0.893066406
vn 0.236220419 0.968503952 -0.078740232
v 0.348510802 0.041870147 0.338409394
vt 0.587890625 0.891845703
vn -0.958256483 0.102109224 -0.267054945
v 0.352966368 0.046554595 0.343536347
vt 0.584716797 0.895507812
v 0.352478087 0.031127959 0.352264374
vt 0.588378906 0.898437500
vn -0.566648066 0.346285015 0.747660816
vt 0.594970703 0.901367188
v 0.349792540 0.024917632 0.337799042
vt 0.594482422 0.887939453
vn -0.614382803 0.764040112 -0.196917519
v 0.348358214 0.027801543 0.346527070
vt 0.593017578 0.894042969
vn -0.947499752 0.300041556 0.110541746
v 0.342468321 0.013793975 0.353393525
vt 0.597167969 0.897460938
vn -0.055032797 0.605361700 0.794045746
vt 0.597900391 0.901611328
vt 0.606689453 0.901367188
v 0.343261778 0.017669708 0.347076386
vt 0.597900391 0.894287109
vn 0.031650499 0.917864084 0.395631045
v 0.338592589 0.025589019 0.337493896
vt 0.602294922 0.889404297
vn 0.134153873 0.946968555 0.291981906
v 0.344299376 0.018447906 0.339813203
vt 0.598144531 0.891113281
vn 0.031410541 0.777409673 0.628209770
v 0.323242247 0.021438628 0.347198486
vt 0.607910156 0.896240234
vn 0.621334970 0.739310026 0.259544879
v 0.321136534 0.026794463 0.343566895
vt 0.610595703 0.893798828
vn 0.431455523 0.902134299 -0.000000096
v 0.310852110 0.024139434 0.336853027
vt 0.617675781 0.892089844
vn 0.339743167 0.940219581 0.023702929
vt 0.702148438 0.468261719
vt 0.752441406 0.497314453
vt 0.701904297 0.517333984
vt 0.660644531 0.497070312
v 0.401977539 0.001007110 0.201644883
vt 0.668457031 0.452148438
vt 0.711669922 0.426513672
v 0.415740967 0.000854522 0.224685654
vt 0.668457031 0.435546875
vt 0.637939453 0.464843750
v 0.425384521 0.001235992 0.197570786
vt 0.655761719 0.444091797
vn 0.055032920 -0.998453617 0.007861876
v 0.423339844 0.002166778 0.217666611
vt 0.663330078 0.436035156
vn 0.777361810 0.573206246 0.259120464
v 0.425750732 0.002670318 0.203033432
vt 0.656494141 0.441162109
vn 0.086587362 0.889488101 0.448679805
v 0.433715820 0.002258331 0.178802475
vt 0.643798828 0.451904297
vn 0.941270649 -0.172566220 0.290224999
v 0.426483154 0.004379302 0.194824204
vt 0.653320312 0.443359375
v 0.419860840 0.007690459 0.186080918
vt 0.646972656 0.440917969
vn 0.378128618 0.921688557 0.086654395
v 0.436431885 0.004699737 0.172042832
vt 0.638671875 0.454101562
vn 0.887894154 0.062859818 0.455733150
v 0.432586670 0.007446304 0.170349106
vt 0.636962891 0.450927734
vn 0.244238406 0.929681659 0.275752962
v 0.412902832 0.008941680 0.175872788
vt 0.640136719 0.438476562
vn 0.236374363 0.961255908 0.141824558
v 0.441253662 0.006774917 0.167694077
vt 0.633544922 0.456787109
vn 0.558415055 -0.770770013 0.306734979
v 0.445678711 0.003799453 0.147949204
vt 0.626708984 0.463623047
vn 0.466057509 -0.813625693 0.347568244
vt 0.618652344 0.465820312
v 0.405639648 0.015457183 0.170974717
vt 0.634033203 0.435302734
vn 0.440399140 0.849341214 0.290977925
v 0.445556641 0.007659927 0.154266343
vt 0.625244141 0.460937500
vn 0.803448617 0.259939313 0.535632253
vt 0.617919922 0.464599609
v 0.451202393 0.010238662 0.144531235
vt 0.619384766 0.461669922
vn 0.478111655 0.854330659 0.203785181
v 0.444183350 0.008316055 0.161544785
vt 0.629638672 0.457763672
vn 0.229086220 0.947943091 0.221186638
v 0.437347412 0.013229385 0.144226059
vt 0.619628906 0.456298828
vn 0.292245984 0.884636462 0.363332778
v 0.443267822 0.012649551 0.138504013
vt 0.616699219 0.458496094
vn 0.282877594 0.958640933 0.031430770
v 0.428955078 0.011123672 0.158020005
vt 0.627929688 0.449462891
v 0.436706543 0.012939468 0.135101303
vt 0.612060547 0.455322266
vn 0.960868180 -0.070883691 -0.267783076
v 0.414215088 0.018249527 0.149963364
vt 0.621337891 0.441894531
vn 0.348329902 0.569994330 0.744159162
v 0.440917969 0.016830459 0.146270737
vt 0.616943359 0.454589844
vn 0.702313244 -0.418231338 0.576054454
v 0.399414062 0.023986831 0.154907212
vt 0.622070312 0.433349609
vn 0.385623664 0.810596585 0.440712631
v 0.392730713 0.025802627 0.163467407
vt 0.625244141 0.429931641
vn 0.463247597 0.879385352 0.109923072
v 0.400115967 0.030273452 0.157424912
vt 0.618164062 0.431884766
vn -0.339573532 -0.039485283 0.939750373
v 0.418823242 0.028213516 0.157531723
vt 0.612792969 0.441406250
vn 0.102397271 -0.354451597 0.929450929
v 0.439147949 0.030990615 0.151519760
vt 0.607910156 0.449462891
vn 0.766038954 -0.118459567 0.631784558
v 0.440460205 0.036956802 0.132965073
vt 0.600585938 0.454589844
vn 0.834128618 0.535101473 -0.133775488
v 0.434570312 0.038574234 0.157867417
vt 0.602539062 0.446533203
vn 0.347048938 0.891284823 0.291836530
v 0.416809082 0.044021621 0.157623276
vt 0.605712891 0.437011719
vn -0.007839030 0.658484399 0.752553523
v 0.397888184 0.044799820 0.149353012
vt 0.609619141 0.426269531
vn -0.401263952 0.889075100 0.220301807
v 0.420684814 0.040496841 0.144683823
vt 0.595703125 0.437988281
vn 0.165164933 0.983125031 -0.078650065
v 0.414764404 0.040954605 0.117362961
vt 0.579833984 0.434570312
vn 0.165508315 0.969406009 0.181270972
v 0.401153564 0.042022720 0.116516098
vt 0.590332031 0.419189453
vn -0.188556001 0.942780018 0.274977475
v 0.302978456 0.061218262 -0.293823242
vt 0.908203125 0.065429688
vn -0.000000136 0.149107888 -0.988820970
vt 0.910156250 0.059326172
vt 0.918212891 0.067382812
vt 0.899169922 0.062500000
v 0.332458436 0.053497314 -0.293457031
vt 0.889892578 0.063476562
vn 0.188532591 -0.015711095 -0.981941283
vt 0.885742188 0.050048828
v 0.298705995 0.067443848 -0.295959473
vt 0.909667969 0.070800781
vn -0.827953279 0.496771872 -0.260213763
v 0.311981142 0.081237793 -0.302062988
vt 0.903076172 0.073242188
vn -0.204490110 -0.149435058 -0.967395008
v 0.305145204 0.081512451 -0.275512695
vt 0.914794922 0.077636719
vn -0.809619486 0.550226688 -0.204369873
vt 0.919433594 0.077392578
v 0.317535341 0.091156006 -0.294860840
vt 0.902099609 0.078613281
vn 0.039497543 0.947943091 -0.315981030
v 0.306518495 0.091415405 -0.258483887
vt 0.910400391 0.090576172
vn -0.615318835 0.725760639 0.307659477
vt 0.916015625 0.091308594
vt 0.908203125 0.097656250
v 0.317901552 0.091690063 -0.286376953
vt 0.904785156 0.081298828
vn -0.457787037 0.852430940 -0.252572089
v 0.316711366 0.096191406 -0.278289795
vt 0.905029297 0.084716797
v 0.323150575 0.092788696 -0.259918213
vt 0.900146484 0.092529297
vn 0.394055247 0.788110435 0.472866178
vt 0.895996094 0.100097656
v 0.333404481 0.079849243 -0.277069092
vt 0.892089844 0.084716797
vn 0.667864263 0.730722189 -0.141430214
v 0.336883485 0.080520630 -0.261444092
vt 0.890625000 0.091064453
vn 0.604707956 0.777481675 0.172773600
v 0.340362489 0.076217651 -0.250274658
vt 0.886230469 0.093994141
vn 0.669914663 0.449236929 0.591101110
v 0.348998964 0.066818237 -0.269775420
vt 0.879638672 0.084472656
vn 0.541881025 0.840308368 -0.015706806
v 0.327758729 0.080078125 -0.304199219
vt 0.895507812 0.074218750
vn 0.448485255 0.393408239 -0.802552879
v 0.340606630 0.070266724 -0.297607422
vt 0.887207031 0.073730469
vn 0.685294271 0.567140222 -0.456863046
v 0.343902528 0.063995361 -0.295776397
vt 0.884521484 0.071777344
vn 0.677774906 -0.378293008 -0.630488396
v 0.348632753 0.065917969 -0.283355743
vt 0.880126953 0.077148438
vn 0.227578670 0.894620001 -0.384529710
v 0.344848573 0.061431885 -0.287719756
vt 0.880615234 0.070312500
vn -0.189023390 0.504061937 -0.842728734
v 0.355224550 0.070693970 -0.275634795
vt 0.875244141 0.082519531
vn -0.729911566 0.659274817 -0.180515677
v 0.354888856 0.070693970 -0.256469756
vt 0.877197266 0.091064453
vn -0.652734399 0.503313303 0.566227496
v 0.359863222 0.066558838 -0.287506133
vt 0.873046875 0.077148438
vn -0.646230519 0.622587919 -0.441328079
v 0.357635438 0.078231812 -0.280181915
vt 0.870117188 0.083251953
vn -0.589656293 0.605380356 -0.534621537
v 0.357116640 0.092346191 -0.266449004
vt 0.868652344 0.093261719
vn -0.433326155 0.835137725 0.338782281
v 0.384582460 0.088256836 -0.278625518
vt 0.855712891 0.090332031
vn 0.282877535 0.911494613 -0.298593134
v 0.379302919 0.078964233 -0.284606963
vt 0.858154297 0.084472656
vn -0.110219248 0.810897887 -0.574714184
v 0.390319765 0.077865601 -0.286987334
vt 0.852539062 0.084228516
vn 0.454723656 0.854566991 -0.250882149
v 0.378295839 0.074234009 -0.297149688
vt 0.857666016 0.078125000
vn -0.228651568 0.859414160 -0.457302928
v 0.363037050 0.063278198 -0.303283721
vt 0.866210938 0.070800781
vn -0.561479926 0.648469627 -0.514030755
v 0.360656679 0.057998657 -0.304168731
vt 0.867675781 0.068115234
vn -0.496278524 0.701091766 -0.512033284
v 0.368530214 0.060668945 -0.311706573
vt 0.861572266 0.067138672
vn -0.532797039 0.681666613 -0.501455903
v 0.383819520 0.069442749 -0.310119659
vt 0.853027344 0.071533203
vn -0.063259490 0.909353793 -0.411186069
v 0.401702821 0.065872192 -0.308990508
vt 0.843017578 0.070556641
vn 0.715537906 0.684085786 -0.141535088
v 0.378021181 0.059844971 -0.326019317
vt 0.853759766 0.062255859
vn -0.448471516 0.715980768 -0.535018563
v 0.386260927 0.062316895 -0.324493438
vt 0.849365234 0.062744141
vn 0.355923027 -0.047456443 -0.933309615
v 0.375183046 0.053024292 -0.324890167
vt 0.855224609 0.058837891
vn 0.031582218 -0.157911748 -0.986948133
v 0.402374208 0.056335449 -0.316314727
vt 0.841064453 0.061035156
vn 0.820527136 0.197242111 -0.536498666
v 0.408752382 0.050628662 -0.294433624
vt 0.828613281 0.058837891
vn 0.840308368 0.541881144 -0.015706832
v 0.406310976 0.045272827 -0.309570342
vt 0.837646484 0.053955078
vn 0.471929103 -0.235964611 -0.849472582
v 0.418548524 0.040283203 -0.302581817
vt 0.831787109 0.049072266
vn 0.663063705 -0.181553185 -0.726212800
v 0.384460390 0.030929565 -0.309631377
vt 0.852783203 0.043212891
vn 0.331407934 -0.465549409 -0.820629478
v 0.403869569 0.027603149 -0.298065215
vt 0.841308594 0.038574219
vn 0.313689232 -0.486218482 -0.815592229
v 0.394744813 0.007217407 -0.291656524
vt 0.841308594 0.031250000
vn 0.536749065 0.276267976 -0.797230482
vt 0.859130859 0.043212891
v 0.362762392 0.037918091 -0.321807891
vt 0.862548828 0.052978516
vn 0.047330640 -0.418088257 -0.907172561
vt 0.861328125 0.043457031
vt 0.866699219 0.044433594
v 0.356445253 0.042175293 -0.319213897
vt 0.864746094 0.056396484
vn -0.822063923 0.134375751 -0.553312063
v 0.360626161 0.027877808 -0.309478790
vt 0.869873047 0.048095703
vn 0.055177893 0.677901268 -0.733079374
vt 0.873535156 0.043457031
v 0.348663270 0.054290771 -0.300140411
vt 0.874023438 0.065429688
vn -0.899648190 0.047349844 -0.434040666
v 0.341247499 0.031036377 -0.318420440
vt 0.880615234 0.045166016
vn 0.369654894 0.637064993 -0.676390052
vt 0.883544922 0.043212891
v 0.355987489 0.033477783 -0.298370391
vt 0.874511719 0.053955078
vn -0.708925366 0.244185314 -0.661663413
v 0.343200624 0.053176880 -0.284118682
vt 0.882324219 0.063720703
vn -0.031503033 0.511922061 -0.858454049
v 0.344055116 0.042449951 -0.299926788
vt 0.881835938 0.055175781
vn 0.528411448 0.694033146 -0.488977998
v 0.307403564 0.104003921 0.017559046
vt 0.078369141 0.312255859
vn -0.292337120 0.750595510 0.592575371
v 0.308593750 0.103080764 0.000316316
vt 0.083984375 0.313720703
vn 0.219737902 0.918190897 -0.329607040
vt 0.077636719 0.326660156
vt 0.071044922 0.305908203
vt 0.094726562 0.319335938
v 0.329620361 0.089462295 0.026275627
vt 0.075927734 0.300048828
vn 0.496494174 0.756562531 0.425566316
vt 0.072021484 0.294921875
v 0.335723877 0.085021988 0.016965857
vt 0.080322266 0.295410156
vn -0.157813370 0.986333430 0.047343984
v 0.325134277 0.090454116 -0.012420662
vt 0.093994141 0.309570312
vn 0.377905816 0.771557868 -0.511747658
vt 0.102294922 0.311523438
vt 0.101806641 0.322998047
vt 0.110839844 0.318115234
v 0.333648682 0.083053604 -0.003328808
vt 0.092285156 0.301269531
v 0.332427979 0.074462906 -0.019235618
vt 0.103027344 0.303466797
vn -0.834438801 0.551044405 0.007872149
vt 0.106201172 0.308593750
vt 0.111328125 0.296630859
v 0.335876465 0.103271499 0.007063856
vt 0.089599609 0.289306641
vn -0.551317871 0.826976895 0.110263616
v 0.338500977 0.101371780 -0.019144068
vt 0.107421875 0.288574219
vn -0.322096676 0.934865773 -0.149264291
v 0.353881836 0.097389236 -0.021787655
vt 0.109130859 0.280273438
vn 0.307659298 0.615318775 -0.725760758
v 0.369537354 0.092453018 -0.007004751
vt 0.102294922 0.268554688
vn 0.258929044 0.965099335 0.039231606
v 0.370666504 0.084152237 -0.020221723
vt 0.114990234 0.274414062
vn 0.062818915 0.180604726 -0.981547654
vt 0.116455078 0.283691406
v 0.386352539 0.065460220 -0.019111646
vt 0.124267578 0.263916016
vn -0.023612665 0.015741644 -0.999597251
v 0.383117676 0.089797989 -0.021429077
vt 0.111816406 0.264160156
vn -0.023668453 0.402361333 -0.915174901
v 0.409057617 0.085159317 -0.020641346
vt 0.111572266 0.249511719
vn 0.196728379 0.928558290 -0.314765602
v 0.381835938 0.087921157 0.014210686
vt 0.088378906 0.260986328
vn 0.141416952 0.989919007 -0.007856562
v 0.399383545 0.087448135 0.025690062
vt 0.083984375 0.249023438
vn 0.086902864 0.995433450 -0.039501380
v 0.426757812 0.086029068 0.030837992
vt 0.082031250 0.236083984
v 0.411468506 0.087722793 0.055042252
vt 0.070556641 0.236816406
vn 0.078701079 0.991634309 -0.102311529
v 0.386138916 0.087295547 0.043060288
vt 0.072509766 0.252441406
vn 0.180777565 0.966767311 -0.180777699
v 0.374481201 0.094512954 0.054561600
vt 0.063476562 0.259765625
vn 0.236066759 0.904922903 -0.354100347
v 0.365936279 0.093078628 0.045276631
vt 0.068847656 0.266113281
vn 0.157052398 0.973725259 -0.164905131
v 0.348876953 0.101081863 0.055351246
vt 0.061279297 0.275634766
v 0.363250732 0.090148941 0.009609210
vt 0.089599609 0.271972656
vn 0.188550130 0.982032180 0.007856189
v 0.340576172 0.096511856 0.015194884
vt 0.083496094 0.286132812
vn 0.102109276 0.958256423 0.267055035
v 0.336090088 0.096771255 0.032749165
vt 0.072753906 0.285644531
vn -0.015744675 0.991910815 -0.125956967
v 0.338378906 0.097061172 0.048801411
vt 0.064453125 0.283203125
vn -0.949465096 0.251098156 0.188323751
vt 0.053710938 0.287841797
vt 0.058593750 0.031250000
vt 0.058105469 0.010253906
v 0.333618104 0.096496582 -0.236068740
vt 0.072265625 0.035400391
vn 0.259040624 0.125595480 -0.957665861
v 0.320281923 0.076461792 -0.234039322
vt 0.055908203 0.035888672
vn 0.448027849 0.778153777 -0.440167904
vt 0.052978516 0.028808594
v 0.329864442 0.079498291 -0.237304702
vt 0.061035156 0.039062500
vn 0.173621595 -0.110486582 -0.978595138
v 0.333221376 0.068756104 -0.233810440
vt 0.057128906 0.044677734
vn 0.808296978 0.588565886 -0.015695220
v 0.333312929 0.090072632 -0.233245865
vt 0.069091797 0.038085938
vn 0.922261000 -0.015765123 -0.386246204
v 0.326904237 0.109931953 -0.235672012
vt 0.076416016 0.029541016
vn 0.094452947 -0.086582020 -0.991757214
vt 0.074707031 0.019775391
v 0.332122743 0.101600654 -0.229705825
vt 0.077148438 0.036865234
vn 0.962182224 0.252375692 -0.102527738
v 0.338256776 0.114959724 -0.237091079
vt 0.086914062 0.027343750
vn 0.809419334 -0.565807641 -0.157168880
vt 0.082763672 0.012695312
vt 0.088134766 0.018798828
v 0.332061708 0.107284553 -0.223815933
vt 0.083251953 0.037109375
vn 0.996086419 -0.039527189 0.079054348
v 0.332946718 0.097343452 -0.210205093
vt 0.078369141 0.048339844
vn 0.942925453 -0.110007897 0.314308345
vt 0.100830078 0.016113281
v 0.334014833 0.145233154 -0.227752700
vt 0.107177734 0.029052734
vn 0.980098307 0.196019694 0.031363007
v 0.336730897 0.138305664 -0.234069839
vt 0.103271484 0.023681641
vn 0.919522762 0.385099322 -0.078591824
v 0.329162538 0.144126892 -0.238449112
vt 0.106933594 0.019042969
vn 0.590551138 0.803149581 -0.078740269
v 0.322540224 0.147972107 -0.241195694
vt 0.111083984 0.016845703
vn 0.447806567 0.722775698 -0.526369333
vt 0.114501953 0.013183594
v 0.328338563 0.144309998 -0.237594619
vt 0.107666016 0.019531250
vn 0.465781420 0.852616847 0.236837938
v 0.327941835 0.144325256 -0.236724868
vt 0.108642578 0.020019531
vn 0.604633272 0.785238087 -0.133490577
vt 0.122070312 0.017089844
v 0.322692811 0.148963928 -0.235702530
vt 0.112060547 0.019775391
vn 0.599690616 0.607581377 -0.520784080
v 0.326019228 0.164852142 -0.217498794
vt 0.121826172 0.029296875
vn 0.637124002 0.322494924 -0.700050056
vt 0.130371094 0.012207031
vt 0.135498047 0.021240234
vt 0.130859375 0.035156250
vt 0.142333984 0.032714844
v 0.334106386 0.153053284 -0.218536392
vt 0.114013672 0.033691406
vn 0.977621377 0.047304295 -0.204985261
vt 0.133544922 0.048095703
v 0.331542909 0.138557434 -0.215545669
vt 0.104980469 0.038330078
vn 0.997898698 -0.062859714 0.015714811
vt 0.110839844 0.057128906
v 0.332549989 0.114662178 -0.200714126
vt 0.091064453 0.051025391
vn 0.983703256 -0.165262088 0.070826508
vt 0.101562500 0.065673828
v 0.324676454 0.112480171 -0.184982315
vt 0.090332031 0.064453125
vn 0.838082254 -0.545544028 -0.000000086
vt 0.098876953 0.074951172
v 0.320861757 0.098548897 -0.202255264
vt 0.080078125 0.057617188
vn 0.785553098 -0.337787718 0.518464863
v 0.324798524 0.100120552 -0.172912613
vt 0.085937500 0.076416016
vn 0.706561685 -0.039253432 -0.706561923
vt 0.086669922 0.086425781
v 0.316039979 0.097625740 -0.185760513
vt 0.080810547 0.068359375
vn 0.972369969 -0.110676214 -0.205541745
v 0.325103700 0.080062866 -0.176513687
vt 0.072753906 0.080810547
vn 0.729911387 0.384577036 -0.565092862
v 0.336456239 0.078247070 -0.170623794
vt 0.073242188 0.089599609
vn 0.952992320 0.047255848 -0.299286991
v 0.337310731 0.064941406 -0.176391616
vt 0.062988281 0.086181641
vn 0.771653533 0.614173293 0.165354192
v 0.338043153 0.061706543 -0.190719619
vt 0.054443359 0.075195312
vn 0.568694770 0.805651069 -0.165869445
v 0.321502626 0.072433472 -0.193969741
vt 0.065185547 0.068359375
vn 0.748309910 0.661663532 0.047261551
v 0.338287294 0.065795898 -0.200424209
vt 0.054931641 0.067382812
vn -0.456127703 0.888662577 0.047185645
v 0.317077577 0.083648682 -0.196304336
vt 0.071777344 0.065185547
vn 0.976589918 0.196893170 0.086632840
v 0.335723817 0.065048218 -0.209686294
vt 0.056640625 0.060546875
vn 0.305630982 0.948239803 0.086203538
v 0.325103700 0.081207275 -0.206970230
vt 0.068847656 0.058105469
vn 0.821781576 -0.031606920 0.568925500
v 0.329437196 0.078750610 -0.220199600
vt 0.065429688 0.050781250
vn 0.922261059 0.299537838 0.244359642
v 0.337615907 0.060150146 -0.212036148
vt 0.053710938 0.059570312
vn 0.622587800 0.693515658 -0.362519652
v 0.330902040 0.086776733 -0.215240493
vt 0.071044922 0.050048828
vn 0.841763377 -0.369746447 0.393347234
v 0.332641542 0.080276489 -0.223785415
vt 0.065673828 0.047363281
vn 0.975773275 -0.133775309 0.173120931
vt 0.334960938 0.755126953
vt 0.344970703 0.751708984
vt 0.334472656 0.766113281
v 0.336212099 0.067428589 -0.248977676
vt 0.344726562 0.742187500
vn 0.608320415 0.734724700 0.300209969
vt 0.351806641 0.748779297
vt 0.333251953 0.744140625
v 0.340728700 0.062789917 -0.256561279
vt 0.347412109 0.735351562
vn 0.473322213 0.686317146 0.552209079
vt 0.357177734 0.736816406
vt 0.355957031 0.726074219
v 0.340331972 0.062789917 -0.246170059
vt 0.341552734 0.737792969
vn 0.706757843 0.706757903 0.031411335
v 0.340270936 0.062744141 -0.244461074
vt 0.340332031 0.738281250
vn 0.694378674 0.718050718 0.047343880
v 0.340331972 0.062744141 -0.245315567
vt 0.340820312 0.738281250
vn 0.702794671 0.710691273 0.031586152
v 0.344360292 0.058914185 -0.239059463
vt 0.334716797 0.734863281
vn 0.668628395 0.739424348 0.078662045
v 0.353973329 0.049118042 -0.221878052
vt 0.317871094 0.727539062
vn 0.655947089 0.719171047 -0.229186475
vt 0.313720703 0.742431641
v 0.351165712 0.056045532 -0.250640899
vt 0.341796875 0.728271484
vn -0.165210903 0.550703347 0.818187773
v 0.361816347 0.041320801 -0.239242554
vt 0.327392578 0.717285156
vn 0.338247359 0.739424407 0.582099974
v 0.363098085 0.037124634 -0.236206055
vt 0.322509766 0.714111328
vn 0.212697402 0.850789487 0.480538458
v 0.384399354 0.051391602 -0.234588623
vt 0.337402344 0.703369141
vn -0.376612455 0.407996893 0.831686080
v 0.383972108 0.030807495 -0.224105835
vt 0.322509766 0.697265625
vn 0.157202825 0.825314701 0.542349577
v 0.380401552 0.068817139 -0.244476333
vt 0.352050781 0.708251953
vn -0.321521580 0.423467606 0.846935213
vt 0.374755859 0.724365234
v 0.391448915 0.064346313 -0.236633316
vt 0.347656250 0.700195312
vn 0.486802667 0.502505958 0.714500546
v 0.383605897 0.084274292 -0.248962417
vt 0.363525391 0.706542969
vn 0.329810202 0.808820248 0.486862630
vt 0.380371094 0.701171875
v 0.391998231 0.068893433 -0.248413101
vt 0.355957031 0.697998047
vn 0.827130735 0.480523586 0.291464955
v 0.387237489 0.077346802 -0.264556915
vt 0.370117188 0.695312500
vn 0.857815862 0.503671765 0.102308176
vt 0.382812500 0.690673828
vt 0.389404297 0.672119141
vt 0.374023438 0.665039062
v 0.394744813 0.056716919 -0.253021270
vt 0.352783203 0.688476562
vn 0.952962756 0.275650382 0.126011461
v 0.399963319 0.034301758 -0.227905288
vt 0.330810547 0.687744141
vn 0.864508569 0.086450912 0.495127469
v 0.395873964 0.061752319 -0.258911163
vt 0.358398438 0.688232422
vn 0.922719896 0.331232816 0.197162241
v 0.399536073 0.046600342 -0.259368926
vt 0.351074219 0.678955078
vn 0.915317416 0.331408054 0.228829220
v 0.398010194 0.063705444 -0.270202667
vt 0.365966797 0.683349609
vn 0.859280646 0.465115219 0.212849200
v 0.402435243 0.048736572 -0.275115997
vt 0.360839844 0.673339844
vn 0.888855040 0.259577185 0.377566606
v 0.413207948 0.045394897 -0.287628204
vt 0.367187500 0.663818359
vn 0.865364134 0.369746536 0.338278562
vt 0.373291016 0.654052734
v 0.412445009 0.035202026 -0.282196075
vt 0.358154297 0.661376953
vn 0.865524888 0.346210003 0.361946613
v 0.401763856 0.035858154 -0.252899200
vt 0.341308594 0.676025391
vn 0.928213537 0.361846000 0.086528249
v 0.420501649 0.028518677 -0.294220001
vt 0.362304688 0.649658203
vn 0.966438949 -0.102143906 -0.235716954
vt 0.375244141 0.644042969
v 0.407836854 0.020706177 -0.255554229
vt 0.336425781 0.666503906
vn 0.901662827 0.305781335 0.305781186
v 0.405822694 0.026580811 -0.242126480
vt 0.332275391 0.677001953
vn 0.777194083 -0.408223063 0.478877068
v 0.388793886 0.021774292 -0.241989136
vt 0.320068359 0.679687500
vn 0.566665769 -0.598147154 0.566665590
v 0.384063661 0.024856567 -0.230575562
vt 0.319824219 0.690429688
vn 0.684085667 0.542550802 -0.487509519
v 0.406372011 0.016784668 -0.256591827
vt 0.332763672 0.665527344
vn 0.251501262 -0.801659942 0.542299330
v 0.388122499 0.016098022 -0.250000000
vt 0.320800781 0.673583984
vn 0.795472860 0.535565972 0.283534765
v 0.397521913 0.012344360 -0.260467559
vt 0.327148438 0.664306641
vn 0.815441906 0.274427593 0.509651065
v 0.402221620 0.009002686 -0.268859893
vt 0.330566406 0.659179688
vn 0.227613971 -0.345345110 0.910455287
v 0.415039003 0.012268066 -0.264831573
vt 0.340820312 0.656494141
vn 0.276190639 0.512925386 0.812789321
v 0.413513124 0.006179810 -0.262359649
vt 0.335693359 0.651855469
vn 0.251191020 0.894868016 0.368936777
v 0.432189882 0.017684937 -0.256866485
vt 0.338378906 0.646972656
vn 0.086450882 0.864508510 0.495127559
v 0.417083681 0.025115967 -0.283477813
vt 0.354736328 0.651855469
vn 0.644551337 0.738875926 0.196509451
v 0.420288026 0.024902344 -0.275939971
vt 0.348144531 0.649414062
vn 0.181327343 0.961823404 0.204978675
v 0.420257509 0.016082764 -0.287139922
vt 0.357910156 0.640625000
vn 0.118249506 -0.275915772 -0.953880250
v 0.430175722 0.020599365 -0.290069610
vt 0.351562500 0.641845703
vn 0.433285743 0.724769056 -0.535698950
v 0.409484804 0.003707886 -0.284271270
vt 0.354492188 0.631347656
vn 0.454611838 -0.094057672 -0.885709584
vt 0.367919922 0.632568359
vt 0.360839844 0.625244141
v 0.411315858 0.001098633 -0.281463653
vt 0.345947266 0.628417969
vn 0.000000030 -0.994719684 -0.102629758
vt 0.359130859 0.619628906
vt 0.310546875 0.614990234
v 0.421325624 0.001052856 -0.259338409
vt 0.325439453 0.640380859
vn 0.110486597 -0.978595018 0.173621729
v 0.429107606 0.009475708 -0.290924102
vt 0.348876953 0.636962891
vn 0.203935578 -0.415715098 -0.886335850
v 0.420867860 0.000808716 -0.282074004
vt 0.341552734 0.634033203
vn 0.150072262 -0.963621795 -0.221159056
v 0.439117372 0.004516602 -0.277069122
vt 0.341552734 0.638916016
vn 0.417776376 -0.898613274 -0.134003744
v 0.443084657 0.011749268 -0.278015167
vt 0.343505859 0.641113281
vn 0.714831114 0.675554752 -0.180671722
v 0.445190370 0.010345459 -0.266052276
vt 0.339599609 0.642089844
vn 0.733147740 -0.480881751 0.480881751
v 0.433319032 0.014999390 -0.256134063
vt 0.335693359 0.644775391
vn 0.385528237 -0.377660155 0.841867507
vt 0.061767578 0.825439453
vt 0.054199219 0.816650391
vt 0.062011719 0.816650391
v 0.351226807 0.069061309 0.212585434
vt 0.048339844 0.839843750
vn -0.039218456 0.996147394 -0.078436837
vt 0.029296875 0.826171875
v 0.342834473 0.068527251 0.225479111
vt 0.057617188 0.834960938
vn -0.062859803 0.997898698 -0.015714975
vt 0.070312500 0.828857422
vt 0.069824219 0.839843750
v 0.362304688 0.069656402 0.245086655
vt 0.065917969 0.849121094
vt 0.080566406 0.840332031
v 0.348815918 0.065200835 0.187438950
vt 0.031494141 0.837158203
vn -0.039442342 0.993945599 -0.102549970
vt 0.017822266 0.831542969
v 0.373138428 0.064392105 0.170166001
vt 0.016601562 0.850341797
vn 0.243183866 0.313785791 -0.917823553
v 0.398742676 0.066543609 0.178649873
vt 0.021972656 0.866699219
vn 0.086568505 0.983733773 -0.157397464
v 0.400024414 0.068008453 0.207717866
vt 0.040283203 0.867431641
vn 0.550447822 0.833535373 0.047181141
v 0.406616211 0.058944732 0.181259125
vt 0.022949219 0.873046875
vn 0.838886738 0.109760895 -0.533124387
vt 0.080078125 0.859130859
v 0.391021729 0.067855865 0.219879135
vt 0.049316406 0.863525391
vn 0.086968035 0.996179819 -0.007906244
v 0.386505127 0.070694000 0.262756318
vt 0.075439453 0.863769531
v 0.406219482 0.033325225 0.196365342
vt 0.032714844 0.887939453
vn 0.981305718 -0.039252177 0.188410565
v 0.408813477 0.024429351 0.185989365
vt 0.025634766 0.893066406
vn 0.997775495 -0.047138952 0.047138873
v 0.398162842 0.062973052 0.225219697
vt 0.051513672 0.869384766
vn 0.931795180 0.252690256 0.260586679
v 0.402618408 0.030258209 0.195785508
vt 0.032958984 0.890869141
vn 0.883974969 -0.173637867 0.434094697
v 0.380401611 0.069641143 0.248428330
vt 0.067138672 0.860595703
vn 0.188462898 0.981577873 -0.031410560
v 0.401824951 0.028579742 0.219558701
vt 0.049560547 0.889892578
vn 0.973605275 -0.015703257 0.227697864
v 0.390075684 0.068756133 0.242385849
vt 0.062744141 0.865966797
vn 0.887319088 0.337652415 0.314095140
v 0.389617920 0.060012847 0.252777070
vt 0.069580078 0.871093750
vn 0.963351429 0.181615487 0.197407931
v 0.395935059 0.037155181 0.232711792
vt 0.057861328 0.885253906
vn 0.962871253 0.165740192 0.213094339
v 0.394317627 0.021499664 0.214416504
vt 0.045654297 0.895751953
vn 0.939662397 -0.323749214 0.110548414
v 0.400848389 0.023925811 0.229263291
vt 0.054687500 0.892578125
vn 0.972552359 -0.229300916 0.039534532
v 0.397003174 0.023040801 0.244018555
vt 0.065917969 0.893798828
vn 0.984374106 0.031500023 0.173249722
v 0.392608643 0.009628326 0.223571777
vt 0.052734375 0.901855469
vn 0.989278078 -0.086365499 0.117771089
v 0.401885986 0.013092071 0.197158799
vt 0.033935547 0.901611328
vn 0.891035378 0.134049624 0.433689654
v 0.407745361 0.011367828 0.189987168
vt 0.027832031 0.901855469
vn 0.284596086 0.893315554 0.347839653
v 0.404052734 0.003662139 0.199371323
vt 0.034179688 0.906982422
vn 0.243184030 0.917823613 0.313785791
v 0.397644043 0.003692657 0.215408325
vt 0.046142578 0.907714844
vn 0.330309540 0.943741679 -0.015729111
v 0.393188477 0.010696441 0.240966797
vt 0.063476562 0.901123047
vn 0.591855228 0.765466154 -0.252525032
v 0.395751953 0.014755279 0.254577607
vt 0.071289062 0.898437500
vn 0.692999363 0.716624379 0.078749806
v 0.389190674 0.032241851 0.269500703
vt 0.082275391 0.886718750
vn 0.956529319 0.158104077 0.245061100
v 0.386322021 0.041152984 0.273132294
vt 0.083007812 0.881591797
vn 0.954978883 0.142063022 0.260448664
v 0.392486572 0.014938384 0.270477265
vt 0.087890625 0.892333984
vn 0.857842386 0.456466615 0.236103281
vt 0.096435547 0.890136719
vt 0.096679688 0.876220703
v 0.384216309 0.047775298 0.280548066
vt 0.085937500 0.876708984
vn 0.965366781 0.094182171 0.243303686
v 0.384155273 0.067565948 0.271087617
vt 0.080566406 0.865234375
vn 0.938288569 0.236543417 0.252312779
vt 0.085693359 0.861816406
vt 0.092529297 0.861328125
vt 0.131591797 0.571777344
vt 0.146728516 0.580078125
vt 0.137695312 0.585449219
vt 0.153808594 0.576904297
vt 0.140380859 0.552246094
v 0.338073671 0.052307129 -0.174179092
vt 0.154541016 0.563964844
vn 0.409957528 0.346887171 0.843566298
v 0.336975098 0.051528946 -0.156890869
vt 0.148681641 0.556640625
vn 0.644611061 0.762527823 -0.055027902
vt 0.144287109 0.546386719
v 0.357269228 0.068267837 -0.167160049
vt 0.165527344 0.567138672
vn -0.118033327 0.330493629 0.936398566
v 0.346343994 0.046386734 -0.166305542
vt 0.157958984 0.557128906
vn 0.541130662 0.839144766 0.054897211
v 0.350952148 0.043197647 -0.167175293
vt 0.161621094 0.555664062
v 0.346343994 0.046417251 -0.165451050
vt 0.157714844 0.556640625
vn 0.480881751 0.875047266 -0.055183258
v 0.346466064 0.046417251 -0.164596558
vt 0.157714844 0.556152344
vn 0.464624494 0.881999195 -0.078750022
v 0.348022461 0.046798721 -0.151565552
vt 0.153564453 0.549316406
vn 0.439801097 0.895309508 -0.070682421
v 0.358245850 0.043151870 -0.164321899
vt 0.166503906 0.552734375
vn 0.062999994 0.740249336 0.669374287
v 0.351440430 0.048446670 -0.145751953
vt 0.151367188 0.545410156
vn 0.487509370 0.872799039 -0.023589266
v 0.354278564 0.043609634 -0.139541626
vt 0.152587891 0.541015625
vn 0.636907399 0.770579338 0.023589045
vt 0.147460938 0.541748047
vt 0.145751953 0.536621094
vt 0.154296875 0.530273438
v 0.363769531 0.038909927 -0.141891479
vt 0.158447266 0.538574219
vn 0.322814643 0.936949849 0.133849889
v 0.363616943 0.036270157 -0.148788452
vt 0.162109375 0.542968750
vn 0.094150200 0.988577425 0.117687732
v 0.368408203 0.042800918 -0.140396118
vt 0.162109375 0.537109375
vn -0.346800864 0.827593088 0.441383004
v 0.368408203 0.042709365 -0.152664185
vt 0.168212891 0.543945312
vn -0.015774000 0.993760109 0.110417746
v 0.371643066 0.042480484 -0.165725708
vt 0.176513672 0.550537109
vn 0.688031971 0.680123568 0.253069133
v 0.381378174 0.037628189 -0.131332397
vt 0.162841797 0.527832031
vn 0.212697342 0.968954682 0.126042813
vt 0.147705078 0.521484375
vt 0.151123047 0.523681641
v 0.374572754 0.025665298 -0.129486084
vt 0.155517578 0.518310547
vn 0.489847064 0.632060647 0.600457549
vt 0.150146484 0.510253906
v 0.393402100 0.035781875 -0.129394531
vt 0.164306641 0.521484375
vn 0.212796539 0.212796479 0.953643203
v 0.386291504 0.015029922 -0.128601074
vt 0.160156250 0.508300781
vn 0.747082591 0.652714312 0.125824302
v 0.386413574 0.010833755 -0.108497635
vt 0.153564453 0.501708984
vn 0.732351601 0.677228391 0.070872605
v 0.385467529 0.017944351 -0.131042480
vt 0.161132812 0.510009766
vn 0.157990649 0.000000050 0.987440705
v 0.394195557 0.006942764 -0.127212524
vt 0.168945312 0.501464844
vn 0.646571934 0.756962240 0.094620168
v 0.393005371 0.010482803 -0.130172729
vt 0.168701172 0.503906250
vn 0.796412170 -0.386378080 0.465230763
v 0.402374268 0.018783584 -0.133453384
vt 0.170898438 0.509765625
vn 0.675554812 -0.180671543 0.714831114
v 0.406097412 0.032073990 -0.141174331
vt 0.174560547 0.517822266
vn 0.848947525 0.455916286 0.267261118
v 0.402130127 0.015670791 -0.148803726
vt 0.186523438 0.510986328
vn 0.858773768 -0.512112737 0.015757227
v 0.409851074 0.032150283 -0.157577530
vt 0.182128906 0.522460938
vn 0.745035052 0.666610420 -0.023527553
v 0.396820068 0.036788940 -0.173110962
vt 0.184814453 0.535156250
v 0.386566162 0.037826538 -0.171386719
vt 0.184326172 0.542480469
vn 0.196789309 0.826515555 -0.527395666
v 0.403228760 0.024627686 -0.174163833
vt 0.191650391 0.526611328
vn 0.720577478 -0.164479658 -0.673583448
v 0.397491455 0.012435913 -0.174041748
vt 0.199951172 0.522460938
vn 0.644332409 0.754340470 -0.125723526
vt 0.196777344 0.514160156
v 0.388702393 0.020202637 -0.174041748
vt 0.197265625 0.533203125
vn 0.377344906 0.558156073 -0.738967359
v 0.393371522 0.016311646 -0.190811157
vt 0.208007812 0.533447266
vn 0.573648512 0.809394419 0.125731066
v 0.394683838 0.009353653 -0.148132324
vt 0.185546875 0.506103516
vn 0.953110635 0.236308485 0.189046606
vt 0.190185547 0.500976562
v 0.404357851 0.010879517 -0.215026870
vt 0.220458984 0.529052734
vn 0.314269662 0.927095652 -0.204275399
v 0.396484315 0.010253906 -0.218078613
vt 0.220947266 0.531982422
vn 0.949815989 0.298289359 -0.094196767
v 0.394378603 0.026763916 -0.188796997
vt 0.207519531 0.541992188
vn 0.581309259 0.785553038 0.212099224
v 0.373901367 0.030563354 -0.176925659
vt 0.192871094 0.545898438
vn 0.589073896 0.754014552 0.290609688
v 0.400177002 0.001541153 -0.126876846
vt 0.173339844 0.498046875
vn 0.235122502 -0.971839428 0.015674841
vt 0.185302734 0.484863281
v 0.398193359 0.001068130 -0.110282913
vt 0.164306641 0.492675781
vn 0.110376626 -0.993389368 -0.031536140
vt 0.158447266 0.482910156
v 0.399566650 0.002609268 -0.106445327
vt 0.161376953 0.492187500
vn 0.541530490 0.839764833 -0.039241455
v 0.404541016 0.002792373 -0.088264480
vt 0.155273438 0.484619141
vn 0.511478126 0.802627265 -0.306887001
v 0.388732910 0.007812515 -0.097641006
vt 0.152587891 0.495849609
vn 0.700700462 0.661335349 -0.267683446
v 0.370880127 0.033721924 -0.173736572
vt 0.190185547 0.547607422
vn 0.553312063 0.134375811 -0.822063923
v 0.373321474 0.032211304 -0.190353394
vt 0.197753906 0.552246094
vn 0.329698324 0.941995382 0.062799603
v 0.375640810 0.038955688 -0.175872803
vt 0.185546875 0.551025391
vn 0.987440705 0.126392454 0.094794177
v 0.371246278 0.033493042 -0.188858032
vt 0.195800781 0.553710938
vn 0.958848178 -0.282938749 -0.023578348
v 0.370117128 0.033203125 -0.199539185
vt 0.200683594 0.558105469
vn 0.818263769 0.574358284 0.023603631
vt 0.216064453 0.567871094
v 0.395934999 0.027938843 -0.225051880
vt 0.224365234 0.559814453
vn 0.676494598 0.676494658 -0.291050166
vt 0.223876953 0.565185547
v 0.370635927 0.033279419 -0.216217041
vt 0.207275391 0.569580078
vn 0.660353601 0.510987997 -0.550294816
vt 0.211425781 0.581787109
v 0.381225526 0.045898438 -0.210235596
vt 0.197998047 0.569091797
vt 0.202636719 0.587890625
v 0.369598329 0.063644409 -0.203674331
vt 0.188720703 0.575439453
vn 0.850789487 0.512049258 0.118165076
v 0.374786317 0.060211182 -0.213745132
vt 0.195068359 0.576904297
vn 0.432896376 0.425025672 -0.794955432
v 0.363311708 0.054962158 -0.216064468
vt 0.198242188 0.583007812
vn 0.267691523 0.188958779 -0.944794118
v 0.353546083 0.060791016 -0.215652481
vt 0.193603516 0.589599609
vn 0.126427785 0.379283696 -0.916602373
vt 0.183593750 0.603271484
v 0.346313417 0.072097778 -0.213836685
vt 0.182617188 0.595214844
vn -0.228829488 0.331407994 -0.915317357
vt 0.177734375 0.600830078
v 0.364379823 0.073242188 -0.210174575
vt 0.185302734 0.583496094
vn 0.663808644 0.466246605 -0.584783971
v 0.354247987 0.077560425 -0.209930435
vt 0.181884766 0.589599609
vn -0.284170270 0.884085059 -0.370999962
vt 0.167968750 0.594970703
v 0.357818544 0.079910278 -0.195480362
vt 0.176025391 0.582519531
vn 0.551934540 0.812132239 0.189234599
v 0.354522645 0.076843262 -0.178283706
vt 0.167480469 0.575683594
vn 0.110465899 0.954741061 0.276164711
vt 0.160644531 0.588134766
vt 0.170410156 0.852539062
vt 0.175537109 0.839355469
vt 0.177490234 0.853515625
v 0.362548828 0.102737442 0.056758866
vt 0.166015625 0.859130859
vn 0.235404506 0.902384222 -0.360953748
vt 0.157958984 0.861572266
vt 0.180175781 0.863281250
v 0.381713867 0.100791946 0.066345200
vt 0.159667969 0.869873047
vn 0.258968860 0.926010132 -0.274664074
vt 0.147460938 0.861572266
v 0.398712158 0.093475357 0.068542466
vt 0.150390625 0.876708984
vn 0.323507190 0.907398462 -0.268274397
vt 0.139160156 0.874511719
v 0.392700195 0.100769058 0.084655747
vt 0.159667969 0.881835938
vn 0.283887237 0.954176784 -0.094629183
v 0.408721924 0.091629043 0.074897751
vt 0.147216797 0.883056641
vn 0.235716760 0.966438949 -0.102144018
v 0.398345947 0.093109146 0.076988205
vt 0.152832031 0.881103516
vn 0.481375635 0.875945926 -0.031565718
v 0.427337646 0.086669937 0.056747418
vt 0.131835938 0.881103516
vn 0.180939734 0.983368337 -0.015733961
vt 0.124755859 0.872558594
v 0.467041016 0.079071060 0.040912606
vt 0.108642578 0.885986328
vn 0.666282535 0.744668782 -0.039193217
v 0.455078125 0.080886856 0.058006264
vt 0.118652344 0.889160156
vn 0.458687991 0.830383480 0.316336453
v 0.440795898 0.082946792 0.083496071
vt 0.133300781 0.896728516
vn 0.331325471 0.938755631 0.094664350
v 0.456085205 0.080383316 0.074104287
vt 0.123291016 0.897460938
vn 0.903023839 0.369061947 0.219866544
v 0.446441650 0.073593155 0.086173989
vt 0.130615234 0.901611328
vn 0.494091064 0.847013295 0.196067795
v 0.454864502 0.068069473 0.085662819
vt 0.125976562 0.904052734
vn 0.996423304 -0.078458481 -0.031383537
v 0.441253662 0.075347915 0.097984292
vt 0.136962891 0.905761719
vn 0.378787369 0.907511473 0.181502208
v 0.456726074 0.076324478 0.109725930
vt 0.135986328 0.917236328
vn 0.935558975 0.338059157 0.102203794
v 0.441864014 0.073745742 0.111663796
vt 0.142822266 0.914794922
vn 0.078749985 0.716624379 0.692999303
v 0.427795410 0.087463394 0.095924355
vt 0.143554688 0.898193359
vn 0.481076181 0.875400960 0.047318872
v 0.429626465 0.081283584 0.099761941
vt 0.142822266 0.903076172
vn 0.770603180 0.629063845 0.102222733
v 0.431976318 0.079742447 0.111717202
vt 0.147460938 0.911132812
vn 0.347503304 0.505459309 0.789779961
v 0.420318604 0.068832412 0.113121018
vt 0.155517578 0.917724609
vn -0.007892514 0.205208495 0.978686512
v 0.427093506 0.091217056 0.107505776
vt 0.148925781 0.903808594
vn 0.369929671 0.928759634 0.023612443
v 0.391204834 0.098815940 0.101089463
vt 0.165527344 0.891357422
vn 0.330790669 0.937240303 0.110263482
v 0.410644531 0.092544571 0.109855637
vt 0.157958984 0.902099609
vn 0.000000111 0.316227794 0.948683381
v 0.385498047 0.071090713 0.112594590
vt 0.175537109 0.907714844
vn 0.000000126 0.102629848 0.994719684
v 0.407928467 0.051406875 0.118492112
vt 0.165527344 0.924316406
vn -0.039295718 0.133605897 0.990255177
v 0.391693115 0.088439956 0.109870896
vt 0.168945312 0.900146484
vn 0.126250789 0.205157369 0.970552027
v 0.387420654 0.055603042 0.113922104
vt 0.177001953 0.916259766
vn 0.055307142 0.229129151 0.971823514
v 0.383697510 0.105163597 0.109512314
vt 0.172119141 0.889404297
vn 0.306924999 0.661069095 0.684678614
v 0.348724365 0.082244888 0.115585320
vt 0.192138672 0.891845703
vn 0.165103838 0.149379611 0.974898219
v 0.375000000 0.061904922 0.107795700
vt 0.181640625 0.909912109
vn 0.456976354 0.732737958 0.504249632
v 0.387603760 0.056259170 0.132186875
vt 0.188720703 0.920166016
vn 0.701461792 0.701461911 -0.126105621
v 0.390319824 0.055007949 0.127578720
vt 0.183349609 0.920166016
vn 0.954859853 -0.284090489 -0.086805552
v 0.359375000 0.071426407 0.116493218
vt 0.188964844 0.900634766
vn 0.599019825 0.748774707 0.283746094
vt 0.197021484 0.897460938
vt 0.196044922 0.886230469
v 0.348480225 0.093795791 0.114608757
vt 0.191894531 0.884033203
vn -0.863150120 0.353106886 0.360953778
vt 0.193359375 0.867919922
v 0.354827881 0.103561424 0.116233818
vt 0.187744141 0.882568359
vn -0.549870014 0.432040811 0.714831233
v 0.366210938 0.102592491 0.112777703
vt 0.181152344 0.886230469
vn 0.196728557 0.314765573 0.928558290
v 0.352935791 0.110336326 0.105186455
vt 0.184570312 0.876953125
vn 0.133937150 0.984832287 0.110301159
v 0.351501465 0.108779930 0.101638786
vt 0.185546875 0.874755859
vn -0.918841839 0.267013848 0.290574044
v 0.351501465 0.109115623 0.100776665
vt 0.185302734 0.874267578
vn -0.843566477 0.536098182 0.031535283
v 0.352203369 0.109970115 0.100776665
vt 0.184570312 0.874023438
vn -0.023556467 0.997221589 -0.070669286
v 0.351684570 0.109245323 0.100990288
vt 0.185058594 0.874267578
vn -0.853281856 0.521449983 0.000000089
vt 0.185058594 0.874511719
vn -0.818517208 0.566665649 0.094444372
v 0.364318848 0.043106094 0.157623291
vt 0.940429688 0.823242188
vn 0.463476270 0.534176052 0.706997633
vt 0.961425781 0.814208984
v 0.345489502 0.048461929 0.164260864
vt 0.951904297 0.821777344
vn 0.682316184 0.721529901 0.117640615
v 0.361450195 0.044021621 0.168792725
vt 0.950195312 0.829345703
vn 0.355378747 0.221124604 -0.908190548
v 0.373565674 0.053375259 0.154129013
vt 0.938720703 0.815673828
vn 0.251750201 0.015734434 0.967664361
vt 0.961425781 0.833007812
vt 0.961181641 0.802490234
v 0.376434326 0.032562286 0.173034668
vt 0.940917969 0.838623047
vn 0.543104947 0.425038755 -0.724140227
v 0.381713867 0.030761734 0.157196045
vt 0.929199219 0.831542969
vn 0.582550883 0.692763150 0.425104558
v 0.365661621 0.077667251 0.160888657
vt 0.948974609 0.803222656
vn 0.561216593 0.727210283 0.395222872
vt 0.949462891 0.789550781
vt 0.944580078 0.786865234
v 0.374389648 0.068099990 0.151885971
vt 0.938720703 0.807128906
vn 0.644451797 0.746620953 0.165042400
vt 0.920654297 0.809082031
v 0.391357422 0.057739273 0.143218979
vt 0.927001953 0.812744141
vn 0.853042305 0.402825564 0.331738532
v 0.386199951 0.041046157 0.154327393
vt 0.928222656 0.824218750
vn 0.866786897 -0.047279224 0.496432364
v 0.383026123 0.033248916 0.139312744
vt 0.918945312 0.824462891
vn 0.988334119 0.149034560 0.031375550
vt 0.916748047 0.807861328
v 0.395629883 0.024108902 0.147949219
vt 0.919189453 0.833007812
vn -0.189311206 0.899228215 0.394398361
v 0.391998291 0.029281631 0.141067505
vt 0.915283203 0.828857422
vn -0.823459804 0.431336075 0.368596345
v 0.387664795 0.031372085 0.119430527
vt 0.907714844 0.821777344
vn 0.307918131 0.907963991 -0.284232259
vt 0.909423828 0.834960938
v 0.387847900 0.040039077 0.120910630
vt 0.901367188 0.825683594
vn -0.805625975 0.592372000 0.007898374
vt 0.916259766 0.837646484
vt 0.920654297 0.838378906
vt 0.927001953 0.840087891
v 0.396118164 0.019958526 0.184570312
vt 0.935791016 0.852783203
vn 0.675159037 0.706561863 -0.211968675
vt 0.927001953 0.852294922
v 0.404724121 0.025711089 0.182922348
vt 0.940673828 0.857666016
vn 0.306924790 -0.118048072 -0.944384396
v 0.403320312 0.010528594 0.186645493
vt 0.933837891 0.860107422
vn 0.708310127 0.605998755 -0.362025321
vt 0.927001953 0.859619141
vt 0.963134766 0.857421875
vt 0.968017578 0.850341797
vt 0.939697266 0.861816406
vt 0.934326172 0.864746094
v 0.416290283 0.011703521 0.195846543
vt 0.933593750 0.871337891
vn 0.292282432 0.947943091 0.126392320
vt 0.927978516 0.867919922
vt 0.929199219 0.875244141
vt 0.931396484 0.879882812
vt 0.973144531 0.811279297
vt 0.966552734 0.796875000
vt 0.975830078 0.795410156
vt 0.994140625 0.811035156
v 0.361785889 0.052764907 -0.020631799
vt 0.975585938 0.815673828
vn 0.094782345 -0.023695657 -0.995215952
vt 0.966796875 0.816162109
vt 0.970458984 0.821777344
v 0.376434326 0.039932266 -0.011875164
vt 0.971435547 0.827880859
vn 0.432722151 0.149485841 -0.889047623
vt 0.966552734 0.829833984
v 0.371215761 0.017883301 -0.309051543
vt 0.977050781 0.272460938
vn -0.110219121 0.842389226 0.527477264
vt 0.969482422 0.271240234
vt 0.974121094 0.270263672
vt 0.974121094 0.274902344
v 0.374298036 0.025253296 -0.310241729
vt 0.975585938 0.275390625
vn 0.487223208 -0.589383006 -0.644392133
v 0.378845155 0.014129639 -0.301879913
vt 0.982177734 0.269531250
vn 0.605249345 0.125766128 -0.786038339
vt 0.974121094 0.266113281
v 0.377838075 0.015365601 -0.308532745
vt 0.981201172 0.273193359
vn 0.512494743 0.197113365 0.835760415
vt 0.975097656 0.265869141
vt 0.975097656 0.276855469
vt 0.976806641 0.261474609
vt 0.974365234 0.264648438
vt 0.990966797 0.263183594
vt 0.990234375 0.274658203
vt 0.999755859 0.262695312
vt 0.992187500 0.278564453
v 0.387847841 0.023406982 -0.314849883
vt 0.981201172 0.280761719
vn 0.464610219 0.637854636 0.614230335
vt 0.972167969 0.280761719
vt 0.989013672 0.286865234
vt 0.993652344 0.280029297
vt 0.994140625 0.293212891
vt 1.000000000 0.291992188
vt 0.961914062 0.119628906
vt 0.970458984 0.122314453
v 0.384033203 0.021423355 -0.084747329
vt 0.965087891 0.126464844
vt 0.977783203 0.125732422
v 0.385345459 0.023391739 -0.095047012
vt 0.961181641 0.125000000
vn 0.693601727 0.685719967 -0.220691592
v 0.382598877 0.018966690 -0.099891677
vt 0.958740234 0.124023438
vn 0.730925143 0.660190582 -0.172907174
vt 0.953369141 0.120605469
vt 0.955322266 0.125244141
vt 0.958251953 0.128662109
v 0.393310547 0.006973282 -0.094512954
vt 0.959960938 0.130615234
vn 0.706148386 0.690456331 -0.156921983
vt 0.954833984 0.132080078
v 0.385772705 0.018951431 -0.080596939
vt 0.965820312 0.128173828
vn 0.811577201 0.575195670 -0.102432214
v 0.397094727 0.008422866 -0.073661819
vt 0.966308594 0.134521484
vn 0.494532287 0.832070291 -0.251191109
v 0.387359619 0.022018448 -0.071380630
vt 0.969482422 0.128417969
vn 0.590551138 0.771653533 -0.236220583
vt 0.960449219 0.136474609
v 0.404510498 0.009002700 -0.062789932
vt 0.969970703 0.137695312
vn 0.370976776 0.876136839 -0.307831973
v 0.416992188 0.005325332 -0.068450943
vt 0.966796875 0.142333984
vn 0.298869908 0.873014987 -0.385385066
vt 0.954833984 0.136718750
vt 0.959716797 0.136962891
v 0.415710449 0.001113907 -0.072937027
vt 0.963867188 0.142089844
vn 0.244390145 -0.946026325 -0.212855905
vt 0.960937500 0.150634766
v 0.430053711 0.001480117 -0.063720725
vt 0.966796875 0.147705078
vn 0.125735044 -0.950871348 -0.282903850
vt 0.968750000 0.153320312
v 0.443908691 0.003494278 -0.058315296
vt 0.969238281 0.151855469
vn 0.236286342 0.913640797 -0.330801040
vt 0.971435547 0.158447266
v 0.421325684 0.010498062 -0.047622699
vt 0.974853516 0.143310547
vn 0.559593081 0.701461852 -0.441369325
v 0.438201904 0.009094253 -0.031402603
vt 0.975585938 0.153076172
vn 0.205355555 0.971490085 -0.118474476
v 0.391448975 0.022567764 -0.052082077
vt 0.976074219 0.131347656
vn 0.189523444 0.426428020 -0.884443343
v 0.410369873 0.011428848 -0.054210678
vt 0.974853516 0.139160156
vn 0.118198074 0.015759723 -0.992864966
v 0.418426514 0.034072891 -0.058013935
vt 0.983398438 0.139892578
vn 0.378751874 0.718050659 -0.583909452
v 0.403808594 0.037673965 -0.057193771
vt 0.983398438 0.134277344
vn -0.102508619 0.134049520 -0.985658526
v 0.386688232 0.040863052 -0.054538742
vt 0.982421875 0.129150391
vn -0.369426668 0.542349577 -0.754573345
v 0.389953613 0.040328994 -0.042457595
vt 0.985351562 0.126464844
vn -0.670623243 0.741630375 0.015779426
vt 0.983154297 0.120849609
v 0.388793945 0.043243423 -0.031318679
vt 0.989257812 0.124755859
vn -0.403228253 0.901333690 0.158128738
v 0.400329590 0.038406387 -0.046577469
vt 0.987792969 0.132080078
vn 0.236484513 0.969586670 -0.063062623
v 0.402740479 0.040344253 -0.018835083
vt 0.994873047 0.125000000
vn -0.212697506 0.126042828 -0.968954682
v 0.429779053 0.032577530 -0.021875400
vt 0.994628906 0.145263672
vn 0.466465116 0.877587020 0.110686548
v 0.433288574 0.032272354 -0.032676715
vt 0.990478516 0.147949219
vn 0.962541461 0.268249273 -0.039448559
v 0.428924561 0.031845108 -0.049472827
vt 0.984130859 0.143798828
vn 0.898306310 -0.236396387 -0.370354503
v 0.425781250 0.012207046 -0.025920885
vt 0.980224609 0.150390625
vn 0.996147394 0.015687399 -0.086280622
vt 0.521972656 0.012451172
vt 0.524658203 0.024902344
vt 0.515625000 0.017333984
v 0.386901855 0.029937759 -0.016309749
vt 0.516357422 0.025634766
vn -0.236838013 0.884195268 0.402624607
vt 0.507080078 0.019775391
vt 0.507324219 0.030761719
vt 0.888183594 0.958984375
vt 0.907470703 0.971923828
vt 0.893310547 0.968017578
v 0.416809082 0.044372573 -0.022462862
vt 0.915527344 0.967285156
vn -0.000000126 -0.110431567 -0.993883729
v 0.405151367 0.033233657 -0.012569442
vt 0.906005859 0.977783203
vn -0.031476658 -0.369849533 -0.928558290
v 0.399383545 0.026504532 -0.012220397
vt 0.901855469 0.979248047
vn 0.157358393 0.967754185 0.196697935
vt 0.894531250 0.975830078
v 0.426757812 0.023010269 -0.012920397
vt 0.908691406 0.991210938
vn 0.576072395 0.213067919 -0.789140463
vt 0.061767578 0.936035156
v 0.381958008 0.043060318 0.112319931
vt 0.043701172 0.923828125
vn 0.917376041 -0.142351374 0.371695310
vt 0.054687500 0.912841797
vt 0.041992188 0.914306641
vt 0.049560547 0.935791016
vt 0.023437500 0.922607422
vt 0.025390625 0.911376953
v 0.388824463 0.033554092 0.111000046
vt 0.039794922 0.932861328
vn 0.275343239 -0.055068575 0.959767461
vt 0.021728516 0.910156250
vt 0.011474609 0.903076172
v 0.426452637 0.044311538 0.116882302
vt 0.016113281 0.902343750
vn -0.070916586 -0.157592684 0.984954536
v 0.421905518 0.056228653 0.116043076
vt 0.017822266 0.899414062
vn -0.023632919 0.212697387 0.976832271
vt 0.016845703 0.894531250
v 0.442382812 0.054626480 0.117073037
vt 0.010986328 0.885009766
vn -0.031456966 0.251656681 0.967305303
v 0.411590576 0.031738296 0.109848008
vt 0.017333984 0.935546875
vn -0.416330099 -0.699120581 0.581291378
v 0.409210205 0.019973770 0.103363022
vt 0.020751953 0.946777344
vn 0.244420663 0.173459798 0.954028487
v 0.415466309 0.024673477 0.107513413
vt 0.013916016 0.946044922
vn -0.590313435 -0.322704673 -0.739859343
v 0.424255371 0.027862564 0.109405503
vt 0.008056641 0.950927734
vn 0.496787429 -0.764894783 0.410046637
v 0.413513184 0.021865860 0.107955918
vt 0.012939453 0.944335938
vn 0.141491115 0.172933713 -0.974717557
v 0.398040771 0.025878921 0.115447983
vt 0.036865234 0.945068359
vn -0.078606382 0.613128722 -0.786062539
vt 0.023193359 0.955078125
vt 0.023925781 0.957763672
vt 0.032226562 0.959228516
vt 0.047363281 0.953613281
vt 0.051757812 0.942138672
vt 0.061035156 0.939208984
vt 0.069580078 0.959716797
vt 0.549316406 0.026123047
v 0.393310606 0.012558013 0.292785615
vt 0.546875000 0.031494141
vn 0.409842908 0.890620172 0.197039753
vt 0.537841797 0.028808594
vt 0.556640625 0.032226562
v 0.416595519 0.003082305 0.274230927
vt 0.540039062 0.048583984
vn 0.494395226 0.863229811 0.102017961
v 0.397125304 0.010376006 0.275360078
vt 0.533691406 0.040039062
vn 0.416845024 0.896610081 0.149434909
vt 0.527587891 0.041015625
v 0.414703429 0.002502471 0.287933320
vt 0.550781250 0.043701172
vn 0.589164793 0.722708821 0.361354291
v 0.411560118 0.005981475 0.270812958
vt 0.531494141 0.047851562
vn 0.355722904 0.924879611 0.134384125
v 0.397033691 0.011337310 0.263488740
vt 0.521484375 0.041992188
vn 0.376172751 0.916921139 0.133227766
vt 0.509277344 0.036865234
vt 0.523925781 0.031005859
v 0.422546387 0.004272491 0.258972138
vt 0.523681641 0.053466797
vn 0.220117912 0.896194339 0.385206282
v 0.414184630 0.000961334 0.278015107
vt 0.544921875 0.050781250
vn 0.023612579 -0.999597251 0.015741728
v 0.407745421 0.001403838 0.295623749
vt 0.557861328 0.041259766
vn 0.086927384 -0.995713115 0.031609975
v 0.407257140 0.003158599 0.300842255
vt 0.560302734 0.035400391
vn 0.339457184 0.939428151 -0.047366213
vt 0.563720703 0.028076172
v 0.413848937 0.002822906 0.303985566
vt 0.562988281 0.034423828
vn 0.561269224 0.790520072 0.245061114
vt 0.564697266 0.035888672
vt 0.565185547 0.024414062
vt 0.586669922 0.075927734
vt 0.510742188 0.081542969
v 0.425842285 0.000839263 0.233932480
vt 0.515380859 0.070068359
vn 0.079037189 -0.964253664 -0.252918959
v 0.426971436 0.001022369 0.252471894
vt 0.526611328 0.058593750
vn 0.322584808 -0.920546770 0.220301792
v 0.417602539 0.003479034 0.224014267
vt 0.508056641 0.080566406
vt 0.509521484 0.086425781
v 0.437774658 0.001083404 0.236755356
vt 0.516357422 0.064453125
vn 0.928673387 -0.354155093 -0.110181697
v 0.429534912 0.007476836 0.262145966
vt 0.519775391 0.055908203
vn 0.670122921 -0.157675907 0.725309372
v 0.428009033 0.014068633 0.229980454
vt 0.510986328 0.065185547
vn 0.409131706 0.448471427 -0.794659972
v 0.434997559 0.018432647 0.250305146
vt 0.513427734 0.059082031
vn 0.694616556 0.718296766 -0.039466973
v 0.420349121 0.005020171 0.234573349
vt 0.508056641 0.069824219
vn 0.078494646 0.007849438 -0.996883690
v 0.411743164 0.013107330 0.229553208
vt 0.506591797 0.061523438
vn -0.212204203 0.880254090 -0.424408227
v 0.430053711 0.018127471 0.253845185
vt 0.513427734 0.056884766
vn 0.007887692 0.993852854 0.110428050
v 0.422149658 0.014373809 0.252746552
vt 0.514160156 0.052490234
vn -0.427361697 0.213680938 0.878466010
v 0.413085938 0.019729644 0.253173798
vt 0.509765625 0.054199219
vn -0.621970117 0.755811810 0.204699069
v 0.411163330 0.007797271 0.236328110
vt 0.503417969 0.060058594
vn -0.102071576 0.973605216 -0.204143047
v 0.414093018 0.008804351 0.248382553
vt 0.510498047 0.047119141
vn -0.133916378 0.905905068 0.401749194
vt 0.501464844 0.047851562
vt 0.487548828 0.078125000
v 0.409271240 0.005783111 0.211654648
vt 0.500000000 0.082031250
vn -0.007858249 0.997991085 -0.062865622
vt 0.498046875 0.090820312
v 0.415649414 0.005569488 0.202926621
vt 0.503417969 0.093505859
vn 0.031394035 0.965366781 0.259000808
vt 0.495117188 0.101806641
vt 0.507812500 0.098388672
vt 0.500488281 0.100585938
v 0.394439638 0.015823364 -0.226333618
vt 0.783935547 0.920166016
vn 0.878735423 0.431521922 -0.203992292
vt 0.775878906 0.923828125
vt 0.777099609 0.918945312
vt 0.779541016 0.930908203
v 0.396697938 0.015365601 -0.238830566
vt 0.785400391 0.927490234
vn 0.872448444 0.432294339 -0.227937132
vt 0.780029297 0.937255859
vt 0.786132812 0.913818359
v 0.396606386 0.008255005 -0.237609863
vt 0.790039062 0.929443359
vn 0.574714124 0.810897887 0.110219024
v 0.399414003 0.024307251 -0.210296646
vt 0.777587891 0.909423828
vn 0.997775495 0.047139049 0.047138866
vt 0.772216797 0.896240234
vt 0.790283203 0.947753906
vt 0.781250000 0.946044922
vt 0.781982422 0.953613281
v 0.416534364 0.002731323 -0.247985855
vt 0.797607422 0.940185547
vn 0.472792834 0.851027131 0.228516445
vt 0.797119141 0.948242188
v 0.410339296 0.002624512 -0.240493789
vt 0.797607422 0.935058594
vn 0.478862464 0.855672240 0.196254998
v 0.411132753 0.002212524 -0.232742324
vt 0.799560547 0.931396484
vn 0.606280446 0.795251012 -0.000000114
vt 0.800292969 0.934082031
vt 0.830078125 0.938476562
vt 0.608398438 0.945556641
vt 0.614746094 0.913330078
vt 0.620849609 0.927978516
v 0.424011230 0.074661270 -0.021520635
vt 0.627441406 0.949951172
vn -0.000000137 0.173335820 -0.984862804
vt 0.633789062 0.939453125
v 0.432281494 0.046310440 -0.020547885
vt 0.609863281 0.955810547
v 0.430297852 0.041030899 -0.015296955
vt 0.605468750 0.956542969
vn -0.023606785 -0.424920350 -0.904922903
vt 0.597656250 0.946533203
vt 0.593750000 0.959716797
v 0.454406738 0.040603653 -0.020692848
vt 0.608642578 0.970947266
vn 0.274901003 -0.282755464 -0.918955326
v 0.448150635 0.033203140 -0.014264127
vt 0.602050781 0.967773438
vn 0.480002522 -0.354100287 -0.802627325
v 0.426239014 0.013290420 -0.012493150
vt 0.589843750 0.965087891
vn 0.298519254 0.518480957 -0.801288903
v 0.442504883 0.009017959 -0.011845607
vt 0.588623047 0.972167969
vn 0.433973134 0.860055983 -0.268274426
vt 0.585693359 0.962646484
vt 0.586669922 0.959472656
vt 0.579589844 0.961181641
v 0.442840576 0.078033462 -0.022531532
vt 0.629638672 0.961669922
vn -0.007870002 0.031479433 -0.999473393
v 0.462158203 0.070236221 -0.021768594
vt 0.628417969 0.974609375
vn 0.770769835 0.007865004 -0.637065053
v 0.441772461 0.078323379 -0.018428825
vt 0.632080078 0.961181641
vn 0.133775294 0.975773156 -0.173121110
v 0.463531494 0.074783340 -0.013340021
vt 0.634521484 0.975097656
vn 0.480538458 0.850789487 -0.212697461
v 0.463592529 0.076034561 0.004469370
vt 0.646240234 0.975830078
vn 0.410161406 0.907087922 -0.094652742
v 0.420166016 0.081100479 -0.009484310
vt 0.636962891 0.948242188
vn 0.165016964 0.966528416 -0.196448907
v 0.433288574 0.081390396 0.003110626
vt 0.645019531 0.957275391
vn 0.118515015 0.987625599 -0.102713123
vt 0.661376953 0.955322266
v 0.419952393 0.081710830 0.007316093
vt 0.646972656 0.949462891
vn 0.157397345 0.983733773 -0.086568639
vt 0.660644531 0.941650391
v 0.404876709 0.038253799 -0.016750352
vt 0.792968750 0.974853516
vn -0.141504258 0.385206372 0.911917031
vt 0.793945312 0.972412109
vt 0.794921875 0.974853516
vt 0.797607422 0.982910156
vt 0.790771484 0.980468750
v 0.409881592 0.038711563 -0.018245714
vt 0.791992188 0.970703125
vn 0.291682392 0.875047147 0.386281997
vt 0.793701172 0.968750000
vt 0.778076172 0.971923828
vt 0.780761719 0.964599609
vt 0.797851562 0.952880859
vt 0.192871094 0.964355469
v 0.414550722 0.008895874 -0.189941421
vt 0.203613281 0.959716797
vn 0.165549427 0.985413551 -0.039416607
vt 0.204833984 0.971679688
vt 0.183105469 0.964111328
v 0.415985107 0.008850098 -0.174331680
vt 0.190429688 0.952148438
vn -0.268458277 0.947499752 0.173708275
vt 0.222656250 0.966064453
v 0.411987245 0.018661499 -0.187240615
vt 0.201416016 0.954345703
v 0.418640137 0.014877334 -0.167755142
vt 0.187255859 0.940673828
vn -0.307908505 0.623712301 0.718453407
v 0.421935976 0.005203247 -0.199508682
vt 0.214355469 0.954345703
vn -0.071104705 0.758448958 -0.647841930
v 0.417114258 0.019042969 -0.180023208
vt 0.195800781 0.946777344
vn 0.062807418 0.973515213 0.219825953
v 0.438812256 0.015884399 -0.175079361
vt 0.201171875 0.934082031
vn 0.669706702 0.709101260 0.220609143
v 0.427062988 0.010345459 -0.170593277
vt 0.194091797 0.932373047
vn 0.370032996 0.000000057 0.929018676
v 0.414153993 0.022644043 -0.192443863
vt 0.203613281 0.951416016
vn -0.377917737 0.692848980 -0.614116132
v 0.431945741 0.019149780 -0.196899429
vt 0.208740234 0.943603516
v 0.437408447 0.006195068 -0.175216690
vt 0.203125000 0.929199219
vn 0.503687263 0.826362014 0.251843542
v 0.433563173 0.012466431 -0.204101577
vt 0.214355469 0.943359375
vn 0.449432254 0.315391123 -0.835786581
vt 0.219482422 0.937255859
v 0.452117920 0.003021240 -0.180114761
vt 0.211669922 0.923828125
vn 0.180515662 0.965366781 -0.188364312
v 0.447174072 0.003555313 -0.167129532
vt 0.203125000 0.921386719
vn 0.110345699 0.993111670 0.039409135
vt 0.218994141 0.933105469
v 0.457427979 0.001983643 -0.178863540
vt 0.212646484 0.920898438
vn 0.378046602 -0.913612485 -0.149643436
vt 0.219970703 0.916503906
v 0.428832948 0.004333496 -0.199829116
vt 0.217285156 0.947998047
vn 0.480419129 0.385910511 -0.787572563
vt 0.219238281 0.945556641
vt 0.226318359 0.960449219
v 0.407958925 0.002761841 -0.224578872
vt 0.230712891 0.964599609
vn 0.117785633 0.918728590 -0.376914352
v 0.405273378 0.002517700 -0.226287857
vt 0.231689453 0.966064453
vn 0.518608928 0.817202032 -0.251446873
vt 0.226806641 0.970214844
vt 0.238525391 0.973876953
vt 0.232177734 0.963134766
vt 0.234619141 0.968750000
v 0.412780821 0.010025054 0.374145478
vt 0.609619141 0.977050781
vn -0.063133195 0.923323095 0.378799200
vt 0.599853516 0.980957031
vt 0.599121094 0.975097656
v 0.428466856 0.008087188 0.360107392
vt 0.606933594 0.986572266
vn 0.204806924 0.976771712 -0.063017607
v 0.419891417 0.006805450 0.347961396
vt 0.600341797 0.987792969
vn 0.308119804 0.711045980 -0.632040977
v 0.429077208 0.001358062 0.359344453
vt 0.609375000 0.989257812
vn 0.457317203 -0.875210404 0.157695547
vt 0.174072266 0.044921875
vt 0.173339844 0.028320312
vt 0.177734375 0.043212891
vt 0.173339844 0.050292969
v 0.407684267 0.003234863 -0.229461685
vt 0.387451172 0.018554688
vt 0.385742188 0.010009766
vt 0.388916016 0.016601562
v 0.407470644 0.001464844 -0.228424087
vt 0.388916016 0.018310547
vn 0.125657529 -0.989552617 0.070682354
vt 0.384521484 0.020751953
vt 0.392578125 0.020019531
v 0.417053163 0.002792358 -0.226226822
vt 0.389404297 0.024169922
vn 0.956223249 0.039189510 -0.290002286
vt 0.393310547 0.026367188
vt 0.389160156 0.029052734
vt 0.384033203 0.025146484
vt 0.386230469 0.027832031
vt 0.381347656 0.020019531
vt 0.378662109 0.027832031
vt 0.382568359 0.026611328
v 0.412841856 0.001388580 0.375762910
vt 0.212646484 0.987304688
vn 0.047073778 -0.839480460 0.541347206
vt 0.210449219 0.989257812
vt 0.210449219 0.978027344
vt 0.221435547 0.992187500
v 0.418426573 0.001266509 0.347564667
vt 0.222656250 0.979736328
vn 0.007883298 -0.922347069 -0.386282086
vt 0.217285156 0.975585938
vt 0.226562500 0.978515625
vt 0.220947266 0.975830078
vt 0.220458984 0.973144531
vt 0.221435547 0.974121094
vt 0.980957031 0.179931641
vt 0.993164062 0.182861328
vt 0.975585938 0.182617188
vt 0.979003906 0.177490234
vt 0.975097656 0.176269531
vt 0.968261719 0.170410156
vt 0.959716797 0.174560547
v 0.434234619 0.005554214 -0.161666885
vt 0.966064453 0.182128906
vn -0.039448433 0.962541580 0.268249243
v 0.442901611 0.006759658 -0.159973159
vt 0.960693359 0.181152344
vn 0.180610344 0.926609576 0.329810143
vt 0.970458984 0.187744141
v 0.440002441 0.001113907 -0.156463638
vt 0.960937500 0.186035156
vn 0.063080288 -0.851582527 0.520411611
vt 0.968750000 0.192138672
vt 0.954101562 0.192871094
vt 0.287597656 0.949707031
vt 0.293945312 0.948974609
v 0.420379639 0.011901870 0.111251816
vt 0.293701172 0.953369141
vn 0.236956134 0.947824836 -0.213260666
v 0.430328369 0.016311660 0.110343911
vt 0.297119141 0.954833984
vn 0.336812198 0.759785950 -0.556132078
vt 0.300537109 0.946777344
v 0.430969238 0.016525283 0.103523232
vt 0.294677734 0.960937500
vn 0.110301331 0.133937210 0.984832168
vt 0.285644531 0.965332031
v 0.441131592 0.022155777 0.106857277
vt 0.294921875 0.965576172
vn 0.487584919 -0.511177540 0.707784295
v 0.428009033 0.037643448 0.112762429
vt 0.286376953 0.974365234
vn 0.331129938 0.157680929 0.930317044
v 0.443298340 0.031662002 0.110633828
vt 0.295410156 0.973388672
vn 0.862831414 -0.376508206 0.337288529
v 0.438140869 0.034469619 0.120185830
vt 0.277099609 0.973632812
vn 0.725760579 0.307659417 -0.615318954
v 0.432006836 0.024520889 0.110969521
vt 0.278076172 0.967041016
vn 0.912904859 -0.133787766 -0.385623753
vt 0.277343750 0.963134766
v 0.432922363 0.014465347 0.120941140
vt 0.269775391 0.964355469
vn 0.496001482 0.866034448 -0.062984429
vt 0.259765625 0.967041016
vt 0.268554688 0.978515625
vt 0.253173828 0.971679688
vt 0.286132812 0.981445312
vt 0.258544922 0.989013672
vt 0.289550781 0.981445312
v 0.435302734 0.043365493 0.121589638
vt 0.294189453 0.981201172
vn -0.141499847 -0.212249950 0.966916621
vt 0.292480469 0.989990234
v 0.443115234 0.042739883 0.120140053
vt 0.297851562 0.980224609
vn 0.597075701 -0.196406364 0.777769387
vt 0.301269531 0.988525391
vt 0.742431641 0.033935547
v 0.427673340 0.007843047 0.207366928
vt 0.743164062 0.038085938
vn -0.741561055 0.441781074 0.504892766
vt 0.736083984 0.036865234
v 0.428466797 0.014648467 0.194046006
vt 0.735351562 0.042724609
vn -0.450991184 0.870333791 -0.197803110
v 0.433197021 0.010620147 0.208297715
vt 0.743896484 0.041503906
vn 0.165921107 0.892813563 0.418753207
v 0.440673828 0.005386382 0.209060654
vt 0.750488281 0.042968750
vn 0.368076056 0.501209915 0.783140302
v 0.430999756 0.001556426 0.212249741
vt 0.748291016 0.036621094
vn -0.062799610 -0.941995382 0.329698384
vt 0.741210938 0.029785156
v 0.440734863 0.000732452 0.189498886
vt 0.748046875 0.021240234
vn 0.228936255 -0.899956405 -0.371034652
vt 0.740722656 0.026855469
v 0.439178467 0.008987457 0.186645493
vt 0.743652344 0.017333984
vn 0.149434865 0.361789972 -0.920204997
vt 0.738525391 0.021240234
vt 0.020507812 0.420898438
vt 0.024169922 0.415527344
vt 0.030517578 0.418945312
vt 0.017333984 0.406982422
vt 0.034179688 0.430908203
v 0.464324951 0.004013076 -0.033836383
vt 0.017089844 0.430664062
vn 0.243905514 0.967754304 -0.062943444
vt 0.008056641 0.427734375
v 0.466827393 0.002685562 -0.023754142
vt 0.020996094 0.434814453
vn 0.527020216 -0.849525034 -0.023597948
vt 0.024902344 0.442382812
v 0.461334229 0.003875747 -0.006658099
vt 0.030517578 0.439697266
vn 0.307458520 0.946026325 0.102486096
v 0.444854736 0.006042495 0.003534298
vt 0.036621094 0.440673828
vn 0.613128781 0.786062539 0.078606136
vt 0.029541016 0.443359375
v 0.456207275 0.002532974 0.003723601
vt 0.033203125 0.447509766
v 0.444427490 0.006713882 0.016693097
vt 0.045654297 0.444580078
vn 0.495740324 0.865578473 -0.070820153
vt 0.028564453 0.452880859
v 0.470489502 0.003158584 0.004916646
vt 0.034179688 0.457275391
vn 0.141225263 0.941502333 -0.305988312
v 0.469757080 0.001220718 0.005608537
vt 0.033203125 0.457763672
vn 0.164697021 -0.972496688 -0.164696977
v 0.466430664 0.004898086 0.013114907
vt 0.038818359 0.457763672
vn 0.102616973 0.994595706 -0.015787289
v 0.478240967 0.001052871 0.028860068
vt 0.034179688 0.473144531
vn 0.031476595 -0.999380589 -0.015738238
vt 0.006347656 0.493896484
v 0.476898193 0.003341690 0.022085166
vt 0.037353516 0.468017578
vn 0.219975144 0.966319680 -0.133556440
v 0.443603516 0.006698623 0.039161664
vt 0.059082031 0.451416016
vn 0.550788462 0.834051251 -0.031473737
v 0.486297607 0.004302993 0.039459206
vt 0.041259766 0.480224609
vn 0.534621537 0.605380416 -0.589656293
v 0.497558594 0.001571670 0.046730015
vt 0.042724609 0.489257812
vn 0.731331944 -0.636966467 -0.243777379
v 0.497467041 0.006515518 0.047023747
vt 0.044189453 0.488281250
vn 0.251711100 0.967514753 -0.023597997
v 0.480346680 0.005859390 0.040473916
vt 0.045898438 0.477539062
vn 0.015738228 0.999380589 -0.031476602
v 0.455352783 0.005508438 0.039726239
vt 0.054931641 0.460449219
vn 0.055019226 0.998206854 -0.023579739
v 0.453674316 0.005188003 0.049663525
vt 0.060791016 0.462646484
vn 0.244542107 0.962391794 -0.118326932
v 0.445770264 0.014770523 0.042304970
vt 0.064453125 0.454833984
vn 0.378469259 0.867325604 -0.323275983
v 0.436187744 0.014755264 0.046073895
vt 0.067626953 0.451416016
vn 0.956693649 0.258777797 0.133309633
v 0.436828613 0.018234268 0.061172467
vt 0.079589844 0.453369141
vn 0.986702085 -0.142085046 -0.078936286
vt 0.479003906 0.989013672
v 0.438659668 0.011154205 0.195999131
vt 0.488037109 0.988037109
vn 0.299770683 0.946644366 0.118330464
vt 0.489501953 0.993896484
vt 0.495117188 0.986572266
vt 0.479248047 0.981689453
v 0.446136475 0.009765655 0.201705918
vt 0.487548828 0.983642578
vn 0.872475445 0.479468554 -0.094321810
vt 0.494628906 0.978027344
v 0.446380615 0.001235992 0.202285752
vt 0.485595703 0.980224609
vn 0.566315055 -0.802279592 0.188771620
vt 0.479248047 0.973388672
v 0.441040039 0.009841934 0.105270363
vt 0.120117188 0.862304688
vn 0.205355585 0.971490085 0.118474327
vt 0.124267578 0.861083984
vt 0.125000000 0.864013672
v 0.457427979 0.009445205 0.109771706
vt 0.116943359 0.868408203
vn -0.189446792 0.891978681 0.410468042
v 0.450012207 0.014587417 0.091194130
vt 0.113037109 0.861328125
vn -0.299027354 0.889212668 -0.346242100
v 0.438110352 0.014831558 0.099121071
vt 0.120361328 0.857177734
vn 0.950871289 0.125735089 0.282903701
vt 0.126708984 0.855957031
v 0.436401367 0.012832657 0.083480813
vt 0.113037109 0.852294922
vn 0.889625847 0.370021433 -0.267675191
v 0.444946289 0.025527969 0.085456826
vt 0.119140625 0.846191406
vn 0.937211275 -0.346531898 -0.039378732
vt 0.131591797 0.851562500
vt 0.104980469 0.841796875
v 0.436523438 0.007263198 0.061450943
vt 0.104003906 0.846923828
vn 0.480285197 0.795226276 0.370055735
v 0.446472168 0.041610733 0.060920693
vt 0.114013672 0.830810547
vn 0.950724602 -0.306431860 -0.047143482
v 0.447631836 0.041870132 0.091720559
vt 0.127929688 0.840332031
vn 0.967305303 -0.251656622 0.031456966
v 0.452117920 0.068374649 0.114898659
vt 0.147460938 0.838623047
vn 0.765180469 -0.078884520 0.638964951
vt 0.139892578 0.852539062
vt 0.145263672 0.849121094
vt 0.161621094 0.847412109
vt 0.154052734 0.837402344
vt 0.148437500 0.832031250
vt 0.135742188 0.825927734
vt 0.139404297 0.821777344
v 0.450592041 0.054351822 0.061195351
vt 0.120117188 0.824462891
vn 0.951311946 -0.306621194 0.031448215
v 0.445281982 0.051254287 0.060485817
vt 0.117675781 0.826904297
vn 0.949903846 -0.306167305 -0.062803671
v 0.451263428 0.068054214 0.058551766
vt 0.125244141 0.817382812
vn 0.980822265 -0.149084941 0.125545114
vt 0.135986328 0.815673828
vt 0.128417969 0.810058594
v 0.457977295 0.055679336 0.057838418
vt 0.118652344 0.820312500
vn 0.282703251 -0.047117144 0.958049536
v 0.447662354 0.048553482 0.059345223
vt 0.115966797 0.826416016
vn 0.731807292 -0.582298160 0.354100227
v 0.466552734 0.062759414 0.055797555
vt 0.118164062 0.813964844
vn 0.843042612 0.047273472 0.535765231
v 0.457733154 0.054580703 0.056549050
vt 0.117431641 0.820312500
vn 0.611600220 -0.744897604 0.266594857
vt 0.118652344 0.801513672
v 0.466461182 0.057327285 0.043140389
vt 0.111572266 0.812744141
v 0.452697754 0.042129532 0.049728371
vt 0.109130859 0.825195312
vn 0.828984797 -0.528971136 0.181587055
v 0.455383301 0.051208511 0.038837411
vt 0.106689453 0.817626953
vn 0.739722013 -0.661028028 0.125910044
v 0.465240479 0.054748550 0.027944541
vt 0.104003906 0.809082031
vn 0.922375739 -0.386294097 -0.000000104
vt 0.101318359 0.790283203
vt 0.118408203 0.779785156
v 0.440032959 0.032623306 0.041957837
vt 0.101318359 0.829589844
vn 0.882108688 -0.441054285 0.165395260
vt 0.096679688 0.838623047
v 0.447723389 0.037368789 0.035015084
vt 0.100097656 0.823242188
vn 0.881780505 -0.456636250 0.118095502
v 0.442810059 0.018142715 0.034633614
vt 0.092773438 0.831054688
vn 0.952018440 -0.094414979 0.291112930
vt 0.089843750 0.836425781
v 0.449066162 0.040023819 0.022663094
vt 0.095458984 0.817871094
vn 0.851979971 -0.449656039 0.268215805
v 0.445098877 0.015106216 0.015981656
vt 0.083496094 0.824707031
vn 0.967993975 -0.188876823 0.165267125
vt 0.080810547 0.828125000
v 0.446105957 0.015106216 -0.002171298
vt 0.076171875 0.817871094
vn 0.946732700 -0.276130319 -0.165678322
vt 0.074707031 0.823730469
vt 0.070068359 0.817138672
vt 0.075683594 0.805908203
v 0.452148438 0.023468032 0.004876593
vt 0.082519531 0.815917969
vn 0.931998551 -0.355423182 0.071084529
v 0.451751709 0.039871231 -0.005907080
vt 0.082275391 0.805419922
vn 0.870333791 -0.356045604 -0.340221465
v 0.457916260 0.038925186 0.004708268
vt 0.088378906 0.808837891
vn 0.922347069 -0.386282086 0.007883204
v 0.459716797 0.052673355 -0.007104896
vt 0.087158203 0.798339844
vn 0.937240303 -0.330790669 -0.110263668
vt 0.075927734 0.799316406
vt 0.086669922 0.784912109
v 0.464569092 0.070404068 0.001292443
vt 0.097167969 0.791748047
vn 0.986179948 -0.165678173 -0.000000122
vt 0.093505859 0.783935547
v 0.460266113 0.058364883 0.007922149
vt 0.096191406 0.800292969
vn 0.990285814 -0.094312899 -0.102172464
vt 0.672363281 0.007568359
vt 0.666748047 0.014404297
vt 0.669433594 0.007080078
v 0.449859619 0.011352554 0.130050644
vt 0.676269531 0.014404297
vn 0.188876882 0.967994034 0.165267184
v 0.446777344 0.011749282 0.119262673
vt 0.672363281 0.020263672
vn 0.173314303 0.984740555 -0.015755914
vt 0.661621094 0.019775391
vt 0.681396484 0.009765625
vt 0.678710938 0.003906250
vt 0.673583984 0.028076172
v 0.459075928 0.011978164 0.130065903
vt 0.680908203 0.016357422
vn 0.370722890 0.867649317 0.331284195
vt 0.684570312 0.005371094
vt 0.681884766 0.005126953
vt 0.687500000 0.008300781
vt 0.686035156 0.013427734
v 0.464324951 0.008926407 0.124549843
vt 0.684570312 0.021240234
vn 0.448471427 0.857603312 0.251773357
vt 0.693115234 0.021972656
v 0.473236084 0.007568374 0.111900307
vt 0.687500000 0.031738281
vn 0.605511427 0.778514624 0.165139362
v 0.480133057 0.003952041 0.111602761
vt 0.692138672 0.030029297
vn 0.449908197 0.797205687 0.402549326
vt 0.723144531 0.017333984
v 0.482696533 0.000976577 0.085479714
vt 0.709228516 0.035644531
vn 0.015745638 -0.999845147 0.007872839
v 0.489624023 0.001632705 0.108970612
vt 0.697509766 0.031738281
vn 0.371034712 -0.899956405 0.228936270
v 0.489105225 0.001983657 0.100273103
vt 0.700683594 0.035400391
vn 0.425104678 -0.881698489 0.204679981
v 0.500000000 0.002487198 0.090835541
vt 0.707031250 0.041992188
vn 0.488128394 0.850288272 -0.196826071
v 0.485656738 0.006347671 0.102615327
vt 0.696777344 0.035888672
vn 0.229300931 0.972552359 0.039534576
v 0.470458984 0.006317154 0.083114602
vt 0.690917969 0.048583984
vn 0.299770623 0.875645995 -0.378657788
v 0.476074219 0.015884414 0.093124367
vt 0.685791016 0.044189453
vn 0.993883729 0.000000039 -0.110431649
v 0.470214844 0.016723648 0.083946206
vt 0.683349609 0.051513672
vn 0.149490401 0.881207168 -0.448471546
v 0.473968506 0.016235366 0.114829995
vt 0.682373047 0.035156250
vn 0.307803094 0.891839743 0.331480205
v 0.452056885 0.021759048 0.093894936
vt 0.674804688 0.042968750
vn 0.031562615 0.994224131 -0.102578729
vt 0.668457031 0.043212891
v 0.456207275 0.019622818 0.108619668
vt 0.675292969 0.035888672
vn -0.622355938 0.504187167 0.598722339
vt 0.844970703 0.989257812
vt 0.850585938 0.986083984
v 0.446838379 0.014953628 0.068878151
vt 0.850830078 0.991943359
vn 0.196826041 0.850288391 0.488128453
v 0.449951172 0.005661026 0.068473794
vt 0.856201172 0.989501953
vn 0.227768213 0.950343311 0.212060004
v 0.447418213 0.007186905 0.076553322
vt 0.860351562 0.987060547
vn 0.133560449 0.989919007 -0.047139063
vt 0.860107422 0.977294922
v 0.452819824 0.006011978 0.080070473
vt 0.864013672 0.987304688
vn 0.134003654 0.922261059 -0.362598419
vt 0.868896484 0.980468750
vt 0.874023438 0.991699219
vt 0.878906250 0.986572266
vt 0.365966797 0.943847656
vt 0.367431641 0.931152344
vt 0.371093750 0.945312500
v 0.455718994 0.012191787 0.057048775
vt 0.361328125 0.938720703
vn 0.858214498 0.511779368 0.039367504
vt 0.357910156 0.935546875
vt 0.358642578 0.947509766
v 0.474670410 0.006301895 0.059555031
vt 0.345947266 0.938720703
vn 0.023614684 0.999690175 -0.007871623
vt 0.344726562 0.925292969
vt 0.357666016 0.953857422
v 0.490997314 0.003784195 0.066040009
vt 0.336425781 0.940429688
vn 0.125910074 0.991542220 0.031477470
vt 0.330566406 0.929443359
vt 0.324951172 0.930419922
v 0.496185303 0.001449600 0.064056367
vt 0.325927734 0.939208984
vn 0.118179917 -0.992710948 -0.023635948
vt 0.311523438 0.924804688
v 0.477294922 0.005218521 0.075164773
vt 0.340820312 0.947509766
vn 0.047168080 0.998391926 0.031445362
vt 0.352294922 0.956298828
vt 0.338623047 0.952636719
v 0.498199463 0.005920425 0.074714631
vt 0.332275391 0.943847656
vn 0.189305276 0.978077412 0.086764865
v 0.488708496 0.001892105 0.083900422
vt 0.329589844 0.951660156
vn 0.570065677 0.728417337 0.380043745
vt 0.328857422 0.958007812
v 0.499877930 0.001510635 0.075981110
vt 0.330078125 0.944824219
vn 0.559854090 -0.796412110 0.228672728
vt 0.326660156 0.952636719
vt 0.305419922 0.963378906
vt 0.563720703 0.964599609
v 0.451568604 0.002441421 -0.162338272
vt 0.569580078 0.957763672
vn 0.827953279 -0.260213792 0.496771783
vt 0.572753906 0.962158203
vt 0.567626953 0.952392578
vt 0.572021484 0.954101562
v 0.456481934 0.001785293 -0.169250503
vt 0.568603516 0.947021484
vn 0.706801593 -0.274867147 0.651827872
vt 0.563476562 0.940429688
v 0.451538086 0.007690430 -0.171417251
vt 0.570800781 0.944824219
vn 0.188462898 0.981577873 0.031410422
vt 0.573486328 0.939941406
f 1/1/1 2/2/2 3/3/3
f 3/3/3 2/2/2 4/4/4
f 2/2/2 1/1/1 5/5/5
f 2/2/2 5/5/5 4/4/4
f 3/3/3 4/4/4 6/6/6
f 6/6/6 4/4/4 5/5/5
f 6/6/6 5/5/5 7/7/7
f 7/7/7 5/5/5 8/8/8
f 6/6/6 7/7/7 9/9/9
f 6/6/6 9/9/9 10/10/10
f 7/7/7 8/8/8 11/11/11
f 7/7/7 11/11/11 9/9/9
f 9/9/9 11/11/11 12/12/12
f 11/11/11 8/8/8 13/13/13
f 11/11/11 13/13/13 14/14/14
f 14/14/14 13/13/13 15/15/15
f 15/15/15 13/13/13 16/16/16
f 10/17/10 1/18/1 3/19/3
f 10/17/10 3/19/3 6/20/6
f 1/18/1 10/17/10 5/21/5
f 5/21/5 10/17/10 8/22/8
f 10/23/10 17/24/17 8/25/8
f 8/25/8 17/24/17 13/26/13
f 13/26/13 17/24/17 18/27/18
f 13/26/13 18/27/18 19/28/19
f 19/28/19 18/27/18 20/29/20
f 13/26/13 19/28/19 16/30/16
f 19/28/19 20/29/20 21/31/21
f 19/28/19 21/31/21 22/32/22
f 22/32/22 21/31/21 20/29/20
f 16/30/16 19/28/19 23/33/23
f 23/33/23 19/28/19 22/32/22
f 16/30/16 23/33/23 24/34/24
f 23/33/23 22/32/22 25/35/25
f 23/33/23 25/35/25 24/34/24
f 25/35/25 22/32/22 26/36/26
f 25/35/25 26/36/26 24/34/24
f 22/32/22 20/29/20 27/37/27
f 27/37/27 20/29/20 28/38/28
f 22/32/22 27/37/27 29/39/29
f 22/32/22 29/39/29 26/36/26
f 29/39/29 27/37/27 30/40/30
f 30/40/30 27/37/27 31/41/31
f 26/36/26 29/39/29 32/42/32
f 32/42/32 29/39/29 30/40/30
f 33/43/33 24/34/24 26/36/26
f 34/44/34 16/30/16 24/34/24
f 34/44/34 24/34/24 33/43/33
f 16/30/16 34/44/34 15/45/15
f 15/45/15 34/44/34 35/46/34
f 35/46/34 34/44/34 36/47/34
f 35/46/34 36/47/34 37/48/34
f 37/48/34 36/47/34 38/49/34
f 37/48/34 38/49/34 39/50/34
f 39/50/34 38/49/34 40/51/34
f 36/47/34 34/44/34 41/52/15
f 41/52/15 34/44/34 42/53/35
f 42/53/35 34/44/34 33/43/33
f 41/52/15 42/53/35 43/54/36
f 43/54/36 42/53/35 44/55/37
f 43/54/36 44/55/37 45/56/38
f 44/55/37 42/53/35 46/57/39
f 44/55/37 46/57/39 45/56/38
f 46/57/39 42/53/35 33/43/33
f 45/56/38 46/57/39 47/58/40
f 46/57/39 33/43/33 48/59/41
f 46/57/39 48/59/41 47/58/40
f 48/59/41 33/43/33 26/36/26
f 47/58/40 48/59/41 49/60/42
f 48/59/41 26/36/26 32/42/32
f 48/59/41 32/42/32 49/60/42
f 47/58/40 49/60/42 50/61/43
f 50/61/43 49/60/42 32/42/32
f 50/61/43 32/42/32 51/62/44
f 51/62/44 32/42/32 52/63/45
f 51/62/44 52/63/45 53/64/46
f 53/64/46 52/63/45 54/65/47
f 52/63/45 32/42/32 55/66/48
f 55/66/48 32/42/32 30/40/30
f 54/65/47 52/63/45 56/67/49
f 52/63/45 55/66/48 57/68/50
f 52/63/45 57/68/50 56/67/49
f 55/66/48 30/40/30 58/69/51
f 57/68/50 55/66/48 59/70/52
f 59/70/52 55/66/48 58/69/51
f 57/68/50 59/70/52 60/71/53
f 57/68/50 60/71/53 59/71/54
f 57/68/50 59/71/54 56/67/49
f 60/71/53 59/70/52 61/72/55
f 60/71/53 61/72/55 59/71/54
f 61/72/55 59/70/52 58/69/51
f 59/71/54 61/72/55 56/67/49
f 56/67/49 61/72/55 58/69/51
f 62/73/56 58/69/51 30/40/30
f 58/69/51 62/73/56 56/67/49
f 62/73/56 30/40/30 31/41/31
f 63/74/57 54/65/47 56/67/49
f 63/74/57 56/67/49 62/73/56
f 54/65/47 63/74/57 64/75/58
f 64/75/58 63/74/57 65/76/59
f 65/76/59 63/74/57 66/77/60
f 66/77/60 63/74/57 67/78/61
f 62/73/56 31/41/31 68/79/62
f 62/73/56 68/79/62 63/74/57
f 63/74/57 68/79/62 67/78/61
f 68/79/62 31/41/31 69/80/63
f 67/78/61 68/79/62 70/81/64
f 70/81/64 68/79/62 69/80/63
f 71/82/65 10/83/10 9/84/9
f 10/83/10 71/82/65 17/85/17
f 17/85/17 71/82/65 18/86/18
f 18/86/18 71/82/65 14/87/14
f 71/82/65 9/84/9 72/88/66
f 71/82/65 72/88/66 14/87/14
f 14/87/14 72/88/66 11/89/11
f 72/88/66 9/84/9 12/90/12
f 72/88/66 12/90/12 73/91/67
f 73/91/67 12/90/12 74/92/68
f 73/91/67 74/92/68 72/88/66
f 74/93/68 11/94/11 72/95/66
f 11/94/11 74/93/68 12/96/12
f 75/97/69 76/98/70 77/99/71
f 77/99/71 76/98/70 78/100/72
f 78/100/72 76/98/70 75/97/69
f 75/97/69 77/99/71 79/101/73
f 77/99/71 78/100/72 80/102/74
f 77/99/71 80/102/74 79/101/73
f 78/100/72 75/97/69 81/103/75
f 81/103/75 75/97/69 79/101/73
f 78/100/72 81/103/75 82/104/76
f 81/103/75 79/101/73 83/105/77
f 81/103/75 83/105/77 82/104/76
f 78/100/72 82/104/76 84/106/78
f 78/100/72 84/106/78 80/102/74
f 84/106/78 82/104/76 85/107/79
f 80/102/74 84/106/78 86/108/80
f 86/108/80 84/106/78 85/107/79
f 87/109/81 79/101/73 80/102/74
f 85/107/79 82/104/76 88/110/82
f 88/110/82 82/104/76 83/105/77
f 85/107/79 88/110/82 89/111/83
f 80/102/74 86/108/80 90/112/84
f 80/102/74 90/112/84 87/109/81
f 86/108/80 85/107/79 91/113/85
f 91/113/85 85/107/79 89/111/83
f 86/108/80 91/113/85 90/112/84
f 89/111/83 88/110/82 92/114/86
f 89/111/83 92/114/86 91/113/85
f 92/114/86 88/110/82 93/115/87
f 93/115/87 88/110/82 83/105/77
f 91/113/85 92/114/86 94/116/88
f 91/113/85 94/116/88 90/112/84
f 90/112/84 94/116/88 95/117/89
f 90/112/84 95/117/89 87/109/81
f 95/117/89 94/116/88 96/118/90
f 95/117/89 96/118/90 97/119/91
f 95/117/89 97/119/91 98/120/92
f 95/117/89 98/120/92 87/109/81
f 87/109/81 98/120/92 79/101/73
f 79/101/73 98/120/92 15/121/15
f 79/101/73 15/121/15 83/105/77
f 83/105/77 15/121/15 99/122/34
f 83/105/77 99/122/34 100/123/93
f 83/105/77 100/123/93 101/124/94
f 100/123/93 99/122/34 102/125/34
f 100/123/93 102/125/34 103/126/95
f 104/127/96 105/128/97 106/129/98
f 104/127/96 106/129/98 14/130/14
f 104/127/96 14/130/14 15/131/15
f 104/127/96 15/131/15 107/132/99
f 104/127/96 107/132/99 105/128/97
f 107/132/99 15/131/15 98/133/92
f 106/129/98 105/128/97 108/134/100
f 106/129/98 108/134/100 14/130/14
f 107/132/99 98/133/92 109/135/101
f 109/135/101 98/133/92 97/136/91
f 105/128/97 107/132/99 110/137/102
f 110/137/102 107/132/99 109/135/101
f 109/135/101 97/136/91 111/138/103
f 109/135/101 111/138/103 110/137/102
f 111/138/103 97/136/91 112/139/104
f 105/128/97 110/137/102 113/140/105
f 113/140/105 110/137/102 111/138/103
f 105/128/97 113/140/105 108/134/100
f 113/140/105 111/138/103 112/139/104
f 28/141/28 14/130/14 108/134/100
f 14/130/14 28/141/28 18/142/18
f 18/142/18 28/141/28 20/143/20
f 28/141/28 108/134/100 114/144/106
f 114/144/106 108/134/100 113/140/105
f 28/141/28 114/144/106 27/145/27
f 113/140/105 112/139/104 115/146/107
f 113/140/105 115/146/107 114/144/106
f 115/146/107 112/139/104 116/147/108
f 116/147/108 112/139/104 117/148/109
f 116/147/108 117/148/109 118/149/110
f 116/147/108 118/149/110 119/150/111
f 27/145/27 114/144/106 120/151/112
f 27/145/27 120/151/112 31/152/31
f 114/144/106 115/146/107 121/153/113
f 114/144/106 121/153/113 120/151/112
f 121/153/113 115/146/107 116/147/108
f 116/147/108 119/150/111 122/154/114
f 120/151/112 121/153/113 123/155/115
f 121/153/113 116/147/108 124/156/116
f 124/156/116 116/147/108 122/154/114
f 121/153/113 124/156/116 123/155/115
f 122/154/114 119/150/111 125/157/117
f 122/154/114 125/157/117 124/156/116
f 125/157/117 119/150/111 126/158/118
f 120/151/112 123/155/115 127/159/119
f 127/159/119 123/155/115 124/156/116
f 120/151/112 127/159/119 31/152/31
f 31/152/31 127/159/119 69/160/63
f 69/160/63 127/159/119 124/156/116
f 125/157/117 126/158/118 128/161/120
f 125/157/117 128/161/120 124/156/116
f 124/156/116 128/161/120 69/160/63
f 128/161/120 126/158/118 67/162/61
f 69/160/63 128/161/120 70/163/64
f 70/163/64 128/161/120 67/162/61
f 129/164/121 130/165/122 131/166/123
f 129/164/121 131/166/123 132/167/124
f 131/166/123 130/165/122 133/168/125
f 131/166/123 133/168/125 132/167/124
f 133/168/125 130/165/122 134/169/126
f 133/168/125 134/169/126 135/170/127
f 133/168/125 135/170/127 132/167/124
f 135/170/127 134/169/126 136/171/128
f 135/170/127 136/171/128 137/172/129
f 135/170/127 137/172/129 132/167/124
f 132/167/124 137/172/129 138/173/130
f 132/167/124 138/173/130 139/174/131
f 138/173/130 137/172/129 41/175/15
f 138/173/130 41/175/15 43/176/36
f 41/175/15 137/172/129 140/177/132
f 130/178/122 129/179/121 141/180/133
f 141/180/133 129/179/121 132/181/124
f 130/178/122 141/180/133 134/182/126
f 141/180/133 132/181/124 139/183/131
f 141/180/133 139/183/131 134/182/126
f 134/182/126 139/183/131 136/184/128
f 136/184/128 139/183/131 142/185/134
f 142/185/134 139/183/131 138/186/130
f 142/185/134 138/186/130 143/187/135
f 136/184/128 142/185/134 137/188/129
f 137/188/129 142/185/134 144/189/136
f 144/189/136 142/185/134 145/190/137
f 101/191/94 93/192/87 83/193/77
f 93/192/87 101/191/94 146/194/138
f 93/192/87 146/194/138 92/195/86
f 146/194/138 101/191/94 147/196/139
f 147/196/139 101/191/94 100/197/93
f 147/196/139 100/197/93 103/198/95
f 102/199/34 148/200/140 103/198/95
f 103/198/95 148/200/140 149/201/141
f 147/196/139 103/198/95 150/202/142
f 150/202/142 103/198/95 149/201/141
f 147/196/139 150/202/142 146/194/138
f 150/202/142 149/201/141 151/203/143
f 151/203/143 149/201/141 152/204/144
f 146/194/138 150/202/142 153/205/145
f 153/205/145 150/202/142 151/203/143
f 153/205/145 151/203/143 154/206/146
f 154/206/146 151/203/143 155/207/147
f 154/206/146 155/207/147 156/208/148
f 153/205/145 154/206/146 157/209/149
f 146/194/138 153/205/145 158/210/150
f 158/210/150 153/205/145 157/209/149
f 157/209/149 154/206/146 159/211/151
f 159/211/151 154/206/146 156/208/148
f 158/210/150 157/209/149 160/212/152
f 160/212/152 157/209/149 159/211/151
f 146/194/138 158/210/150 161/213/153
f 161/213/153 158/210/150 160/212/152
f 146/194/138 161/213/153 92/195/86
f 159/211/151 156/208/148 162/214/154
f 159/211/151 162/214/154 160/212/152
f 162/214/154 156/208/148 163/215/155
f 162/214/154 163/215/155 164/216/156
f 164/216/156 163/215/155 165/217/157
f 160/212/152 162/214/154 166/218/158
f 166/218/158 162/214/154 164/216/156
f 160/212/152 166/218/158 167/219/159
f 160/212/152 167/219/159 161/213/153
f 96/220/90 92/195/86 161/213/153
f 96/220/90 161/213/153 167/219/159
f 92/195/86 96/220/90 94/221/88
f 168/222/160 164/216/156 165/217/157
f 168/222/160 165/217/157 169/223/161
f 169/223/161 165/217/157 170/224/162
f 169/223/161 170/224/162 171/225/163
f 168/222/160 169/223/161 172/226/164
f 168/222/160 172/226/164 173/227/165
f 168/222/160 173/227/165 164/216/156
f 173/227/165 172/226/164 174/228/166
f 164/216/156 173/227/165 175/229/167
f 164/216/156 175/229/167 166/218/158
f 173/227/165 174/228/166 176/230/168
f 175/229/167 173/227/165 177/231/169
f 177/231/169 173/227/165 176/230/168
f 166/218/158 175/229/167 178/232/170
f 178/232/170 175/229/167 177/231/169
f 166/218/158 178/232/170 167/219/159
f 177/231/169 176/230/168 179/233/171
f 179/233/171 176/230/168 174/228/166
f 177/231/169 179/233/171 178/232/170
f 179/233/171 174/228/166 180/234/172
f 180/234/172 174/228/166 181/235/173
f 180/234/172 181/235/173 182/236/174
f 180/234/172 182/236/174 118/237/110
f 180/234/172 118/237/110 117/238/109
f 178/232/170 179/233/171 183/239/175
f 180/234/172 117/238/109 184/240/176
f 180/234/172 184/240/176 179/233/171
f 179/233/171 184/240/176 183/239/175
f 183/239/175 184/240/176 178/232/170
f 184/240/176 117/238/109 112/241/104
f 185/242/177 167/219/159 178/232/170
f 185/242/177 178/232/170 184/240/176
f 167/219/159 185/242/177 96/220/90
f 184/240/176 112/241/104 186/243/178
f 184/240/176 186/243/178 185/242/177
f 185/242/177 186/243/178 96/220/90
f 186/243/178 112/241/104 97/244/91
f 186/243/178 97/244/91 96/220/90
f 45/245/38 138/246/130 43/247/36
f 138/246/130 45/245/38 187/248/179
f 138/246/130 187/248/179 143/249/135
f 145/250/137 142/251/134 143/249/135
f 145/250/137 143/249/135 187/248/179
f 144/252/136 145/250/137 188/253/180
f 188/253/180 145/250/137 189/254/181
f 188/253/180 189/254/181 190/255/182
f 145/250/137 187/248/179 191/256/183
f 145/250/137 191/256/183 189/254/181
f 190/255/182 189/254/181 192/257/184
f 191/256/183 187/248/179 193/258/185
f 189/254/181 191/256/183 194/259/186
f 194/259/186 191/256/183 193/258/185
f 189/254/181 194/259/186 195/260/187
f 189/254/181 195/260/187 192/257/184
f 195/260/187 194/259/186 196/261/188
f 196/261/188 194/259/186 197/262/189
f 196/261/188 197/262/189 195/260/187
f 197/262/189 194/259/186 193/258/185
f 198/263/190 193/258/185 187/248/179
f 198/263/190 187/248/179 45/245/38
f 193/258/185 198/263/190 199/264/191
f 193/258/185 199/264/191 197/262/189
f 198/263/190 45/245/38 200/265/192
f 198/263/190 200/265/192 199/264/191
f 200/265/192 45/245/38 47/266/40
f 200/265/192 47/266/40 50/267/43
f 200/265/192 50/267/43 199/264/191
f 199/264/191 50/267/43 51/268/44
f 199/264/191 51/268/44 197/262/189
f 197/262/189 51/268/44 53/269/46
f 201/270/193 195/260/187 197/262/189
f 195/260/187 201/270/193 192/257/184
f 197/262/189 53/269/46 202/271/194
f 197/262/189 202/271/194 201/270/193
f 202/271/194 53/269/46 203/272/195
f 203/272/195 53/269/46 54/273/47
f 201/270/193 202/271/194 204/274/196
f 203/272/195 54/273/47 205/275/197
f 205/275/197 54/273/47 206/276/198
f 206/276/198 54/273/47 64/277/58
f 203/272/195 205/275/197 207/278/199
f 207/278/199 205/275/197 206/276/198
f 202/271/194 203/272/195 208/279/200
f 202/271/194 208/279/200 204/274/196
f 206/276/198 64/277/58 65/280/59
f 206/276/198 65/280/59 209/281/201
f 206/276/198 209/281/201 207/278/199
f 209/281/201 65/280/59 210/282/202
f 209/281/201 210/282/202 207/278/199
f 210/282/202 65/280/59 211/283/203
f 211/283/203 65/280/59 66/284/60
f 210/282/202 211/283/203 212/285/204
f 210/282/202 212/285/204 207/278/199
f 211/283/203 66/284/60 213/286/205
f 211/283/203 213/286/205 212/285/204
f 213/286/205 66/284/60 214/287/206
f 213/286/205 214/287/206 215/288/207
f 213/286/205 215/288/207 216/289/208
f 216/289/208 215/288/207 217/290/209
f 216/289/208 217/290/209 213/286/205
f 213/286/205 217/290/209 218/291/210
f 213/286/205 218/291/210 212/285/204
f 218/291/210 217/290/209 219/292/211
f 218/291/210 219/292/211 212/285/204
f 219/292/211 217/290/209 220/293/212
f 220/293/212 217/290/209 221/294/213
f 220/293/212 221/294/213 222/295/214
f 219/292/211 220/293/212 223/296/215
f 220/293/212 222/295/214 224/297/216
f 220/293/212 224/297/216 223/296/215
f 224/297/216 222/295/214 225/298/217
f 223/296/215 224/297/216 226/299/218
f 223/296/215 226/299/218 219/292/211
f 226/299/218 224/297/216 225/298/217
f 225/298/217 222/295/214 227/300/219
f 219/292/211 226/299/218 228/301/220
f 219/292/211 228/301/220 212/285/204
f 226/299/218 225/298/217 229/302/221
f 226/299/218 229/302/221 228/301/220
f 225/298/217 227/300/219 230/303/222
f 225/298/217 230/303/222 229/302/221
f 230/303/222 227/300/219 231/304/223
f 230/303/222 231/304/223 232/305/224
f 212/285/204 228/301/220 233/306/225
f 212/285/204 233/306/225 207/278/199
f 228/301/220 229/302/221 234/307/226
f 234/307/226 229/302/221 230/303/222
f 228/301/220 234/307/226 235/308/227
f 228/301/220 235/308/227 233/306/225
f 234/307/226 230/303/222 236/309/228
f 235/308/227 234/307/226 237/310/229
f 237/310/229 234/307/226 236/309/228
f 235/308/227 237/310/229 238/311/230
f 237/310/229 236/309/228 239/312/231
f 237/310/229 239/312/231 238/311/230
f 239/312/231 236/309/228 240/313/232
f 239/312/231 240/313/232 238/311/230
f 240/313/232 236/309/228 241/314/233
f 240/313/232 241/314/233 238/311/230
f 242/315/234 236/309/228 230/303/222
f 236/309/228 242/315/234 241/314/233
f 242/315/234 230/303/222 243/316/235
f 243/316/235 230/303/222 232/305/224
f 243/316/235 232/305/224 244/317/236
f 242/315/234 243/316/235 245/318/237
f 242/315/234 245/318/237 241/314/233
f 243/316/235 244/317/236 246/319/238
f 243/316/235 246/319/238 245/318/237
f 245/318/237 246/319/238 241/314/233
f 241/314/233 246/319/238 238/311/230
f 246/319/238 244/317/236 247/320/239
f 248/321/240 235/308/227 238/311/230
f 246/319/238 247/320/239 249/322/241
f 238/311/230 246/319/238 250/323/242
f 250/323/242 246/319/238 249/322/241
f 249/322/241 247/320/239 251/324/243
f 251/324/243 247/320/239 252/325/244
f 251/324/243 252/325/244 253/326/245
f 251/324/243 253/326/245 254/327/246
f 249/322/241 251/324/243 255/328/247
f 255/328/247 251/324/243 254/327/246
f 249/322/241 255/328/247 250/323/242
f 256/329/248 257/330/249 254/327/246
f 254/327/246 257/330/249 255/328/247
f 255/328/247 257/330/249 258/331/250
f 250/323/242 255/328/247 259/332/251
f 255/328/247 258/331/250 260/333/252
f 255/328/247 260/333/252 259/332/251
f 260/333/252 258/331/250 261/334/253
f 250/323/242 259/332/251 262/335/254
f 262/335/254 259/332/251 260/333/252
f 260/333/252 261/334/253 263/336/255
f 260/333/252 263/336/255 262/335/254
f 264/337/256 265/338/257 261/334/253
f 261/334/253 265/338/257 263/336/255
f 263/336/255 265/338/257 266/339/258
f 250/323/242 262/335/254 267/340/259
f 250/323/242 267/340/259 238/311/230
f 238/311/230 267/340/259 248/321/240
f 267/340/259 262/335/254 268/341/260
f 269/342/261 262/335/254 263/336/255
f 262/335/254 269/342/261 268/341/260
f 268/341/260 269/342/261 263/336/255
f 270/343/262 263/336/255 266/339/258
f 268/341/260 263/336/255 271/344/263
f 267/340/259 268/341/260 272/345/264
f 272/345/264 268/341/260 271/344/263
f 267/340/259 272/345/264 248/321/240
f 271/344/263 263/336/255 273/346/265
f 273/346/265 263/336/255 270/343/262
f 271/344/263 273/346/265 272/345/264
f 270/343/262 266/339/258 274/347/266
f 270/343/262 274/347/266 273/346/265
f 274/347/266 266/339/258 275/348/267
f 273/346/265 274/347/266 272/345/264
f 274/347/266 275/348/267 276/349/268
f 274/347/266 276/349/268 272/345/264
f 272/345/264 276/349/268 277/350/269
f 272/345/264 277/350/269 278/351/270
f 272/345/264 278/351/270 248/321/240
f 277/350/269 276/349/268 279/352/271
f 279/352/271 276/349/268 280/353/272
f 278/351/270 277/350/269 281/354/273
f 281/354/273 277/350/269 279/352/271
f 248/321/240 278/351/270 282/355/274
f 282/355/274 278/351/270 281/354/273
f 281/354/273 279/352/271 283/356/275
f 248/321/240 282/355/274 233/306/225
f 248/321/240 233/306/225 235/308/227
f 282/355/274 281/354/273 204/274/196
f 204/274/196 281/354/273 283/356/275
f 233/306/225 282/355/274 284/357/276
f 284/357/276 282/355/274 204/274/196
f 233/306/225 284/357/276 285/358/277
f 233/306/225 285/358/277 207/278/199
f 284/357/276 204/274/196 208/279/200
f 204/274/196 283/356/275 201/270/193
f 285/358/277 284/357/276 286/359/278
f 285/358/277 286/359/278 207/278/199
f 286/359/278 284/357/276 208/279/200
f 207/278/199 286/359/278 203/272/195
f 203/272/195 286/359/278 208/279/200
f 201/270/193 283/356/275 287/360/279
f 201/270/193 287/360/279 192/257/184
f 287/360/279 283/356/275 288/361/280
f 192/257/184 287/360/279 289/362/281
f 289/362/281 287/360/279 288/361/280
f 192/257/184 289/362/281 290/363/282
f 288/361/280 283/356/275 290/363/282
f 192/257/184 290/363/282 190/255/182
f 290/363/282 283/356/275 279/352/271
f 288/361/280 290/363/282 291/364/283
f 288/361/280 291/364/283 289/362/281
f 289/362/281 291/364/283 290/363/282
f 292/365/284 137/366/129 144/367/136
f 137/366/129 292/365/284 140/368/132
f 292/365/284 144/367/136 293/369/285
f 140/368/132 292/365/284 294/370/286
f 294/370/286 292/365/284 293/369/285
f 293/369/285 144/367/136 295/371/287
f 295/371/287 144/367/136 188/372/180
f 293/369/285 295/371/287 296/373/288
f 295/371/287 188/372/180 297/374/289
f 295/371/287 297/374/289 296/373/288
f 297/374/289 188/372/180 190/375/182
f 294/370/286 293/369/285 298/376/290
f 298/376/290 293/369/285 296/373/288
f 296/373/288 297/374/289 299/373/291
f 296/373/288 299/373/291 190/375/182
f 299/373/291 297/374/289 296/377/292
f 299/373/291 296/377/292 190/375/182
f 190/375/182 296/377/292 297/374/289
f 296/373/288 190/375/182 300/378/293
f 296/373/288 300/378/293 298/376/290
f 300/378/293 190/375/182 290/379/282
f 301/380/294 294/370/286 298/376/290
f 294/370/286 301/380/294 140/368/132
f 301/380/294 298/376/290 302/381/295
f 41/382/15 140/368/132 303/383/34
f 140/368/132 301/380/294 304/384/296
f 140/368/132 304/384/296 303/383/34
f 304/384/296 301/380/294 305/385/297
f 305/385/297 301/380/294 302/381/295
f 303/383/34 304/384/296 306/386/298
f 303/383/34 306/386/298 307/387/34
f 307/387/34 306/386/298 308/388/299
f 308/388/299 306/386/298 309/389/300
f 305/385/297 302/381/295 310/390/301
f 310/390/301 302/381/295 298/376/290
f 304/384/296 305/385/297 311/391/302
f 311/391/302 305/385/297 310/390/301
f 304/384/296 311/391/302 306/386/298
f 310/390/301 298/376/290 312/392/303
f 312/392/303 298/376/290 300/378/293
f 311/391/302 310/390/301 313/393/304
f 311/391/302 313/393/304 314/394/305
f 311/391/302 314/394/305 306/386/298
f 313/393/304 310/390/301 315/395/306
f 306/386/298 314/394/305 316/396/307
f 314/394/305 313/393/304 317/397/308
f 317/397/308 313/393/304 315/395/306
f 316/396/307 314/394/305 318/398/309
f 318/398/309 314/394/305 317/397/308
f 306/386/298 316/396/307 319/399/310
f 319/399/310 316/396/307 318/398/309
f 306/386/298 319/399/310 320/400/311
f 306/386/298 320/400/311 309/389/300
f 309/389/300 320/400/311 321/401/312
f 320/400/311 319/399/310 322/402/313
f 320/400/311 322/402/313 321/401/312
f 322/402/313 319/399/310 318/398/309
f 321/401/312 322/402/313 323/403/314
f 322/402/313 318/398/309 324/404/315
f 322/402/313 324/404/315 323/403/314
f 324/404/315 318/398/309 325/405/316
f 325/405/316 318/398/309 317/397/308
f 323/403/314 324/404/315 326/406/317
f 326/406/317 324/404/315 325/405/316
f 323/403/314 326/406/317 327/407/318
f 327/407/318 326/406/317 328/408/319
f 328/408/319 326/406/317 329/409/320
f 329/409/320 326/406/317 325/405/316
f 328/408/319 329/409/320 330/410/321
f 330/410/321 329/409/320 331/411/322
f 331/411/322 329/409/320 332/412/323
f 329/409/320 325/405/316 333/413/324
f 329/409/320 333/413/324 332/412/323
f 334/414/325 325/405/316 317/397/308
f 325/405/316 334/414/325 333/413/324
f 334/414/325 317/397/308 315/395/306
f 332/412/323 333/413/324 335/415/326
f 332/412/323 335/415/326 336/416/327
f 333/413/324 334/414/325 337/417/328
f 333/413/324 337/417/328 335/415/326
f 337/417/328 334/414/325 315/395/306
f 336/416/327 335/415/326 338/418/329
f 338/418/329 335/415/326 339/419/330
f 339/419/330 335/415/326 337/417/328
f 338/418/329 339/419/330 340/420/331
f 340/420/331 339/419/330 337/417/328
f 338/418/329 340/420/331 341/421/332
f 338/418/329 341/421/332 342/422/333
f 342/422/333 341/421/332 343/423/334
f 343/423/334 341/421/332 344/424/335
f 340/420/331 337/417/328 345/425/336
f 340/420/331 345/425/336 341/421/332
f 345/425/336 337/417/328 346/426/337
f 346/426/337 337/417/328 315/395/306
f 341/421/332 345/425/336 347/427/338
f 347/427/338 345/425/336 346/426/337
f 344/424/335 341/421/332 348/428/339
f 344/424/335 348/428/339 349/429/340
f 346/426/337 315/395/306 350/430/341
f 346/426/337 350/430/341 347/427/338
f 350/430/341 315/395/306 310/390/301
f 341/421/332 347/427/338 351/431/342
f 351/431/342 347/427/338 350/430/341
f 341/421/332 351/431/342 348/428/339
f 350/430/341 310/390/301 312/392/303
f 350/430/341 312/392/303 351/431/342
f 352/432/343 349/429/340 348/428/339
f 351/431/342 312/392/303 353/433/344
f 351/431/342 353/433/344 348/428/339
f 353/433/344 312/392/303 354/434/345
f 348/428/339 353/433/344 355/435/346
f 355/435/346 353/433/344 354/434/345
f 352/432/343 348/428/339 356/436/347
f 356/436/347 348/428/339 355/435/346
f 352/432/343 356/436/347 357/437/348
f 356/436/347 355/435/346 358/438/349
f 356/436/347 358/438/349 357/437/348
f 358/438/349 355/435/346 354/434/345
f 352/432/343 357/437/348 359/439/350
f 312/392/303 300/378/293 354/434/345
f 358/438/349 354/434/345 360/440/351
f 360/440/351 354/434/345 361/441/352
f 360/440/351 361/441/352 358/438/349
f 361/441/352 354/434/345 300/378/293
f 362/442/353 357/437/348 358/438/349
f 362/442/353 358/438/349 361/441/352
f 363/443/354 359/439/350 357/437/348
f 363/443/354 357/437/348 362/442/353
f 359/439/350 363/443/354 364/444/355
f 362/442/353 361/441/352 365/445/356
f 365/445/356 361/441/352 300/378/293
f 363/443/354 362/442/353 366/446/357
f 366/446/357 362/442/353 365/445/356
f 363/443/354 366/446/357 364/444/355
f 366/446/357 365/445/356 367/447/358
f 366/446/357 367/447/358 364/444/355
f 367/447/358 365/445/356 300/378/293
f 364/444/355 367/447/358 368/448/359
f 364/444/355 368/448/359 266/449/258
f 367/447/358 300/378/293 369/450/360
f 367/447/358 369/450/360 368/448/359
f 369/450/360 300/378/293 290/379/282
f 369/450/360 290/379/282 279/451/271
f 266/449/258 368/448/359 275/452/267
f 369/450/360 279/451/271 280/453/272
f 369/450/360 280/453/272 368/448/359
f 368/448/359 280/453/272 275/452/267
f 275/452/267 280/453/272 370/454/361
f 275/452/267 370/454/361 276/455/268
f 276/455/268 370/454/361 280/453/272
f 371/456/362 372/457/363 373/458/364
f 371/456/362 373/458/364 374/459/365
f 373/458/364 372/457/363 375/460/366
f 373/458/364 375/460/366 374/459/365
f 372/457/363 371/456/362 376/461/367
f 371/456/362 374/459/365 377/462/368
f 371/456/362 377/462/368 376/461/367
f 377/462/368 374/459/365 182/463/174
f 182/463/174 374/459/365 118/464/110
f 118/464/110 374/459/365 119/465/111
f 377/462/368 182/463/174 181/466/173
f 119/465/111 374/459/365 126/467/118
f 126/467/118 374/459/365 375/460/366
f 126/467/118 375/460/366 67/468/61
f 67/468/61 375/460/366 66/469/60
f 377/462/368 181/466/173 378/470/369
f 377/462/368 378/470/369 376/461/367
f 66/469/60 375/460/366 379/471/370
f 66/469/60 379/471/370 380/472/371
f 379/471/370 375/460/366 381/473/372
f 379/471/370 381/473/372 380/472/371
f 381/473/372 375/460/366 372/457/363
f 66/469/60 380/472/371 214/474/206
f 382/475/373 372/457/363 376/461/367
f 372/457/363 382/475/373 381/473/372
f 382/475/373 376/461/367 383/476/374
f 383/476/374 376/461/367 378/470/369
f 381/473/372 382/475/373 384/477/375
f 381/473/372 384/477/375 380/472/371
f 384/477/375 382/475/373 385/478/376
f 385/478/376 382/475/373 383/476/374
f 380/472/371 384/477/375 386/479/377
f 386/479/377 384/477/375 385/478/376
f 387/480/378 214/474/206 380/472/371
f 387/480/378 380/472/371 386/479/377
f 214/474/206 387/480/378 388/481/379
f 386/479/377 385/478/376 389/482/380
f 386/479/377 389/482/380 387/480/378
f 389/482/380 385/478/376 383/476/374
f 387/480/378 389/482/380 388/481/379
f 388/481/379 389/482/380 390/483/381
f 388/481/379 390/483/381 391/484/382
f 389/482/380 383/476/374 392/485/383
f 389/482/380 392/485/383 390/483/381
f 391/484/382 390/483/381 393/486/384
f 391/484/382 393/486/384 394/487/385
f 393/486/384 390/483/381 395/488/386
f 395/488/386 390/483/381 392/485/383
f 392/485/383 383/476/374 396/489/387
f 396/489/387 383/476/374 378/470/369
f 392/485/383 396/489/387 397/490/388
f 397/490/388 396/489/387 398/491/389
f 397/490/388 398/491/389 392/485/383
f 398/491/389 396/489/387 378/470/369
f 392/485/383 398/491/389 399/492/390
f 398/491/389 378/470/369 400/493/391
f 400/493/391 378/470/369 181/466/173
f 400/493/391 181/466/173 174/494/166
f 398/491/389 400/493/391 401/495/392
f 398/491/389 401/495/392 399/492/390
f 400/493/391 174/494/166 402/496/393
f 400/493/391 402/496/393 401/495/392
f 402/496/393 174/494/166 172/497/164
f 402/496/393 172/497/164 403/498/394
f 402/496/393 403/498/394 404/499/395
f 402/496/393 404/499/395 401/495/392
f 399/492/390 401/495/392 405/500/396
f 399/492/390 405/500/396 404/501/395
f 405/500/396 401/495/392 169/502/161
f 169/502/161 401/495/392 404/499/395
f 405/500/396 169/502/161 171/503/163
f 169/502/161 404/499/395 172/504/164
f 172/504/164 404/499/395 405/505/396
f 406/506/397 407/507/398 408/508/399
f 406/506/397 408/508/399 409/509/400
f 406/506/397 409/509/400 410/510/401
f 409/509/400 408/508/399 411/511/402
f 410/510/401 409/509/400 412/512/403
f 412/512/403 409/509/400 411/511/402
f 410/510/401 412/512/403 413/513/404
f 413/513/404 412/512/403 411/511/402
f 410/510/401 413/513/404 414/514/405
f 413/513/404 411/511/402 415/515/406
f 410/510/401 414/514/405 416/516/407
f 415/515/406 411/511/402 417/517/408
f 417/517/408 411/511/402 418/518/409
f 419/519/410 406/506/397 410/510/401
f 419/519/410 410/510/401 416/516/407
f 406/506/397 419/519/410 407/507/398
f 419/519/410 416/516/407 420/520/411
f 419/519/410 420/520/411 407/507/398
f 420/520/411 416/516/407 421/521/412
f 418/518/409 411/511/402 422/522/413
f 418/518/409 422/522/413 423/523/414
f 423/523/414 422/522/413 424/524/415
f 422/522/413 411/511/402 425/525/416
f 422/522/413 425/525/416 424/524/415
f 420/520/411 421/521/412 426/526/417
f 420/520/411 426/526/417 407/507/398
f 394/527/385 393/528/384 421/521/412
f 421/521/412 393/528/384 426/526/417
f 426/526/417 393/528/384 395/529/386
f 426/526/417 395/529/386 392/530/383
f 426/526/417 392/530/383 399/531/390
f 426/526/417 399/531/390 404/532/395
f 426/526/417 404/532/395 427/533/418
f 426/526/417 427/533/418 407/507/398
f 427/533/418 404/532/395 403/534/394
f 407/507/398 427/533/418 428/535/419
f 407/507/398 428/535/419 408/508/399
f 408/508/399 428/535/419 411/511/402
f 411/511/402 428/535/419 425/525/416
f 428/535/419 427/533/418 429/536/420
f 428/535/419 429/536/420 425/525/416
f 427/533/418 403/534/394 430/537/421
f 427/533/418 430/537/421 429/536/420
f 430/537/421 403/534/394 172/538/164
f 429/536/420 430/537/421 431/539/422
f 431/539/422 430/537/421 172/538/164
f 429/536/420 431/539/422 425/525/416
f 431/539/422 172/538/164 405/540/396
f 425/525/416 431/539/422 432/541/423
f 425/525/416 432/541/423 424/524/415
f 424/524/415 432/541/423 433/542/424
f 432/541/423 431/539/422 434/543/425
f 432/541/423 434/543/425 433/542/424
f 434/543/425 431/539/422 405/540/396
f 433/542/424 434/543/425 435/544/426
f 434/543/425 405/540/396 171/545/163
f 434/543/425 171/545/163 436/546/427
f 437/547/428 163/548/155 156/549/148
f 163/548/155 437/547/428 438/550/429
f 163/548/155 438/550/429 165/551/157
f 165/551/157 438/550/429 437/547/428
f 165/551/157 437/547/428 170/552/162
f 439/553/430 171/554/163 170/552/162
f 439/553/430 170/552/162 440/555/431
f 170/552/162 437/547/428 441/556/432
f 170/552/162 441/556/432 440/555/431
f 442/557/433 437/547/428 156/549/148
f 437/547/428 442/557/433 441/556/432
f 442/557/433 156/549/148 155/558/147
f 440/555/431 441/556/432 443/559/434
f 443/559/434 441/556/432 442/557/433
f 440/555/431 443/559/434 444/560/435
f 442/557/433 155/558/147 445/561/436
f 442/557/433 445/561/436 443/559/434
f 444/560/435 443/559/434 446/562/437
f 446/562/437 443/559/434 445/561/436
f 444/560/435 446/562/437 447/563/438
f 447/563/438 446/562/437 448/564/439
f 448/564/439 446/562/437 449/565/440
f 449/565/440 446/562/437 450/566/441
f 450/566/441 446/562/437 445/561/436
f 450/566/441 445/561/436 155/558/147
f 450/566/441 155/558/147 151/567/143
f 450/566/441 151/567/143 152/568/144
f 450/566/441 152/568/144 102/569/34
f 102/569/34 152/568/144 148/570/140
f 450/566/441 102/569/34 451/571/442
f 35/572/34 99/573/34 15/574/15
f 99/573/34 35/572/34 37/575/34
f 99/573/34 37/575/34 452/576/34
f 99/573/34 452/576/34 102/577/34
f 452/576/34 37/575/34 39/578/34
f 102/577/34 452/576/34 453/579/34
f 453/579/34 452/576/34 39/578/34
f 215/580/207 221/581/213 217/582/209
f 214/583/206 388/584/379 215/580/207
f 215/580/207 388/584/379 394/585/385
f 215/580/207 394/585/385 221/581/213
f 394/585/385 388/584/379 391/586/382
f 221/581/213 394/585/385 454/587/443
f 454/587/443 394/585/385 421/588/412
f 454/587/443 421/588/412 455/589/444
f 454/587/443 455/589/444 456/590/445
f 454/587/443 456/590/445 244/591/236
f 454/587/443 244/591/236 232/592/224
f 454/587/443 232/592/224 457/593/446
f 454/587/443 457/593/446 221/581/213
f 457/593/446 232/592/224 231/594/223
f 457/593/446 231/594/223 227/595/219
f 457/593/446 227/595/219 221/581/213
f 221/581/213 227/595/219 222/596/214
f 36/597/34 41/598/15 303/599/34
f 36/597/34 303/599/34 307/600/34
f 36/597/34 307/600/34 38/601/34
f 38/601/34 307/600/34 458/602/34
f 38/601/34 458/602/34 459/603/34
f 38/601/34 459/603/34 40/604/34
f 40/604/34 459/603/34 460/605/34
f 460/605/34 459/603/34 461/606/34
f 40/604/34 460/605/34 462/607/34
f 462/607/34 460/605/34 463/608/34
f 463/608/34 460/605/34 464/609/34
f 465/610/447 416/611/407 414/612/405
f 415/613/406 414/612/405 413/614/404
f 414/612/405 415/613/406 465/610/447
f 465/610/447 415/613/406 466/615/448
f 416/611/407 465/610/447 467/616/449
f 416/611/407 467/616/449 421/617/412
f 467/616/449 465/610/447 468/618/450
f 468/618/450 465/610/447 469/619/451
f 421/617/412 467/616/449 470/620/452
f 470/620/452 467/616/449 468/618/450
f 421/617/412 470/620/452 455/621/444
f 455/621/444 470/620/452 471/622/453
f 471/622/453 470/620/452 468/618/450
f 471/622/453 468/618/450 455/621/444
f 468/618/450 469/619/451 472/623/454
f 455/621/444 468/618/450 473/624/455
f 473/624/455 468/618/450 472/623/454
f 473/624/455 472/623/454 474/625/456
f 474/625/456 472/623/454 475/626/457
f 152/627/144 149/628/141 476/629/458
f 476/629/458 149/628/141 148/630/140
f 152/627/144 476/629/458 477/631/459
f 477/631/459 476/629/458 449/632/440
f 477/631/459 449/632/440 450/633/441
f 152/627/144 477/631/459 148/634/140
f 477/631/459 450/633/441 451/635/442
f 477/631/459 451/635/442 148/634/140
f 148/634/140 451/635/442 476/636/458
f 478/637/460 479/638/461 476/639/458
f 478/637/460 476/639/458 451/640/442
f 476/639/458 479/638/461 449/641/440
f 449/641/440 479/638/461 448/642/439
f 448/642/439 479/638/461 480/643/462
f 448/642/439 480/643/462 447/644/438
f 417/645/408 481/646/463 415/647/406
f 481/646/463 417/645/408 482/648/464
f 482/648/464 417/645/408 418/649/409
f 481/646/463 482/648/464 483/650/465
f 482/648/464 418/649/409 423/651/414
f 483/650/465 482/648/464 484/652/466
f 484/652/466 482/648/464 423/651/414
f 483/650/465 484/652/466 485/653/467
f 484/652/466 423/651/414 486/654/468
f 484/652/466 486/654/468 485/653/467
f 486/654/468 423/651/414 435/655/426
f 435/655/426 423/651/414 424/656/415
f 435/655/426 424/656/415 433/657/424
f 486/654/468 435/655/426 487/658/469
f 487/658/469 435/655/426 488/659/470
f 486/654/468 487/658/469 489/660/471
f 486/654/468 489/660/471 485/653/467
f 487/658/469 488/659/470 490/661/472
f 487/658/469 490/661/472 489/660/471
f 488/659/470 435/655/426 436/662/427
f 436/662/427 435/655/426 434/663/425
f 488/659/470 436/662/427 490/661/472
f 485/653/467 489/660/471 491/664/473
f 489/660/471 490/661/472 492/665/474
f 489/660/471 492/665/474 491/664/473
f 485/653/467 491/664/473 493/666/475
f 493/666/475 491/664/473 492/665/474
f 490/661/472 436/662/427 494/667/476
f 494/667/476 436/662/427 171/668/163
f 494/667/476 171/668/163 439/669/430
f 494/667/476 439/669/430 495/670/477
f 494/667/476 495/670/477 496/671/478
f 494/667/476 496/671/478 490/661/472
f 490/661/472 496/671/478 492/665/474
f 492/665/474 496/671/478 497/672/479
f 497/672/479 496/671/478 498/673/480
f 498/673/480 496/671/478 499/674/481
f 498/673/480 499/674/481 500/675/482
f 500/675/482 499/674/481 501/676/483
f 498/673/480 500/675/482 497/672/479
f 497/672/479 500/675/482 502/677/484
f 497/672/479 502/677/484 503/678/485
f 497/672/479 503/678/485 504/679/486
f 505/680/487 492/665/474 497/672/479
f 505/680/487 497/672/479 504/679/486
f 492/665/474 505/680/487 493/666/475
f 505/680/487 504/679/486 506/681/488
f 505/680/487 506/681/488 493/666/475
f 507/682/489 508/683/490 506/681/488
f 493/666/475 506/681/488 509/684/491
f 509/684/491 506/681/488 508/683/490
f 509/684/491 508/683/490 510/685/492
f 510/685/492 508/683/490 511/686/493
f 509/684/491 510/685/492 512/687/494
f 512/687/494 510/685/492 513/688/495
f 493/666/475 509/684/491 514/689/496
f 514/689/496 509/684/491 512/687/494
f 493/666/475 514/689/496 485/653/467
f 514/689/496 512/687/494 515/690/497
f 485/653/467 514/689/496 483/650/465
f 483/650/465 514/689/496 515/690/497
f 516/691/498 479/692/461 478/693/460
f 479/692/461 516/691/498 517/694/499
f 516/691/498 478/693/460 518/695/500
f 517/694/499 516/691/498 519/696/501
f 519/696/501 516/691/498 518/695/500
f 518/695/500 478/693/460 520/697/34
f 520/697/34 478/693/460 451/698/442
f 520/697/34 451/698/442 102/699/34
f 520/697/34 102/699/34 453/700/34
f 518/695/500 520/697/34 521/701/502
f 520/697/34 453/700/34 522/702/34
f 520/697/34 522/702/34 521/701/502
f 522/702/34 453/700/34 523/703/34
f 523/703/34 453/700/34 39/704/34
f 523/703/34 39/704/34 40/705/34
f 523/703/34 40/705/34 462/706/34
f 523/703/34 462/706/34 524/707/34
f 524/707/34 462/706/34 463/708/34
f 523/703/34 524/707/34 525/709/34
f 523/703/34 525/709/34 522/702/34
f 525/709/34 524/707/34 526/710/34
f 522/702/34 525/709/34 527/711/34
f 528/712/503 521/701/502 522/702/34
f 529/713/504 518/695/500 521/701/502
f 518/695/500 529/713/504 519/696/501
f 529/713/504 521/701/502 530/714/505
f 529/713/504 530/714/505 519/696/501
f 521/701/502 528/712/503 531/715/506
f 531/715/506 528/712/503 532/716/507
f 532/716/507 528/712/503 533/717/508
f 532/716/507 533/717/508 531/715/506
f 521/701/502 531/715/506 534/718/509
f 534/718/509 531/715/506 533/717/508
f 521/701/502 534/718/509 530/714/505
f 534/718/509 533/717/508 535/719/510
f 534/718/509 535/719/510 530/714/505
f 535/719/510 533/717/508 536/720/511
f 537/721/512 519/696/501 530/714/505
f 530/714/505 535/719/510 538/722/513
f 530/714/505 538/722/513 537/721/512
f 535/719/510 536/720/511 539/723/514
f 535/719/510 539/723/514 538/722/513
f 539/723/514 536/720/511 540/724/515
f 519/696/501 537/721/512 541/725/516
f 541/725/516 537/721/512 538/722/513
f 519/696/501 541/725/516 517/694/499
f 538/722/513 539/723/514 542/726/517
f 542/726/517 539/723/514 540/724/515
f 541/725/516 538/722/513 543/727/518
f 543/727/518 538/722/513 542/726/517
f 542/726/517 540/724/515 544/728/519
f 542/726/517 544/728/519 543/727/518
f 544/728/519 540/724/515 545/729/520
f 544/728/519 545/729/520 543/727/518
f 545/729/520 540/724/515 546/730/521
f 541/725/516 543/727/518 547/731/522
f 547/731/522 543/727/518 545/729/520
f 541/725/516 547/731/522 517/694/499
f 545/729/520 546/730/521 548/732/523
f 545/729/520 548/732/523 547/731/522
f 548/732/523 546/730/521 549/733/524
f 549/733/524 546/730/521 444/734/435
f 547/731/522 548/732/523 550/735/525
f 547/731/522 550/735/525 517/694/499
f 548/732/523 549/733/524 551/736/526
f 551/736/526 549/733/524 444/734/435
f 548/732/523 551/736/526 550/735/525
f 551/736/526 444/734/435 447/737/438
f 517/694/499 550/735/525 552/738/527
f 552/738/527 550/735/525 551/736/526
f 552/738/527 551/736/526 447/737/438
f 517/694/499 552/738/527 479/692/461
f 552/738/527 447/737/438 480/739/462
f 552/738/527 480/739/462 479/692/461
f 466/740/448 415/741/406 481/742/463
f 466/740/448 481/742/463 553/743/528
f 466/740/448 553/743/528 554/744/529
f 466/740/448 554/744/529 465/745/447
f 465/745/447 554/744/529 469/746/451
f 554/744/529 553/743/528 555/747/530
f 554/744/529 555/747/530 469/746/451
f 469/746/451 555/747/530 556/748/252
f 469/746/451 556/748/252 557/749/531
f 556/748/252 555/747/530 558/750/532
f 558/750/532 555/747/530 553/743/528
f 556/748/252 558/750/532 559/751/533
f 560/752/534 553/743/528 481/742/463
f 553/743/528 560/752/534 558/750/532
f 560/752/534 481/742/463 483/753/465
f 560/752/534 483/753/465 515/754/497
f 558/750/532 560/752/534 561/755/535
f 561/755/535 560/752/534 515/754/497
f 559/751/533 558/750/532 562/756/536
f 559/751/533 562/756/536 563/757/537
f 558/750/532 561/755/535 564/758/538
f 558/750/532 564/758/538 562/756/536
f 561/755/535 515/754/497 565/759/539
f 561/755/535 565/759/539 564/758/538
f 565/759/539 515/754/497 512/760/494
f 565/759/539 512/760/494 566/761/540
f 565/759/539 566/761/540 564/758/538
f 566/761/540 512/760/494 513/762/495
f 567/763/541 563/757/537 568/764/542
f 568/764/542 563/757/537 562/756/536
f 568/764/542 562/756/536 569/765/543
f 564/758/538 566/761/540 570/766/544
f 564/758/538 570/766/544 562/756/536
f 566/761/540 513/762/495 571/767/545
f 570/766/544 566/761/540 572/768/546
f 572/768/546 566/761/540 571/767/545
f 571/767/545 513/762/495 573/769/547
f 571/767/545 573/769/547 572/768/546
f 573/769/547 513/762/495 510/770/492
f 562/756/536 570/766/544 574/771/548
f 574/771/548 570/766/544 572/768/546
f 562/756/536 574/771/548 575/772/549
f 562/756/536 575/772/549 569/765/543
f 574/771/548 572/768/546 576/773/550
f 574/771/548 576/773/550 575/772/549
f 577/774/551 572/768/546 573/769/547
f 572/768/546 577/774/551 576/773/550
f 569/765/543 575/772/549 578/775/552
f 569/765/543 578/775/552 567/776/541
f 567/776/541 578/775/552 563/777/537
f 563/777/537 578/775/552 579/778/553
f 577/774/551 573/769/547 580/779/554
f 580/779/554 573/769/547 510/770/492
f 576/773/550 577/774/551 581/780/555
f 581/780/555 577/774/551 580/779/554
f 579/778/553 578/775/552 582/781/556
f 579/778/553 582/781/556 583/782/557
f 582/781/556 578/775/552 584/783/558
f 584/783/558 578/775/552 575/772/549
f 585/784/559 575/772/549 576/773/550
f 575/772/549 585/784/559 584/783/558
f 585/784/559 576/773/550 581/780/555
f 584/783/558 585/784/559 586/785/560
f 582/781/556 584/783/558 587/786/561
f 587/786/561 584/783/558 586/785/560
f 582/781/556 587/786/561 583/782/557
f 586/785/560 585/784/559 588/787/562
f 588/787/562 585/784/559 581/780/555
f 586/785/560 588/787/562 587/786/561
f 583/782/557 587/786/561 589/788/563
f 583/782/557 589/788/563 590/789/564
f 587/786/561 588/787/562 591/790/565
f 589/788/563 587/786/561 592/791/566
f 592/791/566 587/786/561 591/790/565
f 591/790/565 588/787/562 593/792/567
f 591/790/565 593/792/567 592/791/566
f 594/793/568 588/787/562 581/780/555
f 588/787/562 594/793/568 593/792/567
f 594/793/568 581/780/555 580/779/554
f 592/791/566 593/792/567 595/794/569
f 596/795/570 589/788/563 592/791/566
f 589/788/563 596/795/570 590/789/564
f 592/791/566 595/794/569 597/796/571
f 592/791/566 597/796/571 596/795/570
f 595/794/569 593/792/567 598/797/572
f 595/794/569 598/797/572 597/796/571
f 590/789/564 596/795/570 599/798/573
f 599/798/573 596/795/570 597/796/571
f 590/789/564 599/798/573 600/799/574
f 599/798/573 597/796/571 500/800/482
f 599/798/573 500/800/482 501/801/483
f 500/800/482 597/796/571 601/802/575
f 601/802/575 597/796/571 598/797/572
f 500/800/482 601/802/575 502/803/484
f 502/803/484 601/802/575 598/797/572
f 502/803/484 598/797/572 602/804/576
f 603/805/577 598/797/572 593/792/567
f 598/797/572 603/805/577 602/804/576
f 603/805/577 593/792/567 594/793/568
f 603/805/577 594/793/568 602/804/576
f 602/804/576 594/793/568 604/806/578
f 506/807/488 604/806/578 507/808/489
f 507/808/489 604/806/578 508/809/490
f 508/809/490 604/806/578 594/793/568
f 508/809/490 594/793/568 605/810/579
f 605/810/579 594/793/568 580/779/554
f 508/809/490 605/810/579 511/811/493
f 605/810/579 580/779/554 510/770/492
f 605/810/579 510/770/492 511/811/493
f 606/812/580 607/813/581 608/814/582
f 606/812/580 608/814/582 609/815/583
f 609/815/583 608/814/582 610/816/584
f 607/813/581 606/812/580 611/817/585
f 608/814/582 607/813/581 612/818/586
f 612/818/586 607/813/581 613/819/587
f 612/818/586 613/819/587 614/820/588
f 613/819/587 607/813/581 615/821/589
f 613/819/587 615/821/589 614/820/588
f 615/821/589 607/813/581 611/817/585
f 614/820/588 615/821/589 616/822/590
f 616/822/590 615/821/589 617/823/591
f 617/823/591 615/821/589 618/824/592
f 618/824/592 615/821/589 619/825/593
f 619/825/593 615/821/589 620/826/594
f 620/826/594 615/821/589 621/827/595
f 620/826/594 621/827/595 622/828/596
f 615/821/589 611/817/585 623/829/597
f 615/821/589 623/829/597 621/827/595
f 621/827/595 623/829/597 622/828/596
f 623/829/597 611/817/585 624/830/598
f 623/829/597 624/830/598 622/828/596
f 622/828/596 624/830/598 625/831/599
f 456/832/445 455/833/444 474/834/456
f 474/834/456 455/833/444 473/835/455
f 456/832/445 474/834/456 475/836/457
f 456/832/445 475/836/457 626/837/600
f 626/837/600 475/836/457 253/838/245
f 626/837/600 253/838/245 247/839/239
f 626/837/600 247/839/239 456/832/445
f 456/832/445 247/839/239 244/840/236
f 627/841/601 321/842/312 323/843/314
f 627/841/601 323/843/314 327/844/318
f 321/842/312 627/841/601 628/845/602
f 321/842/312 628/845/602 309/846/300
f 627/841/601 327/844/318 629/847/603
f 309/846/300 628/845/602 308/848/299
f 308/848/299 628/845/602 630/849/604
f 628/845/602 627/841/601 631/850/605
f 628/845/602 631/850/605 630/849/604
f 630/849/604 631/850/605 308/848/299
f 631/850/605 627/841/601 629/847/603
f 308/848/299 631/850/605 632/851/606
f 632/851/606 631/850/605 629/847/603
f 308/848/299 632/851/606 633/852/607
f 634/853/608 629/847/603 327/844/318
f 629/847/603 634/853/608 635/854/609
f 632/851/606 629/847/603 636/855/610
f 636/855/610 629/847/603 635/854/609
f 632/851/606 636/855/610 633/852/607
f 635/854/609 634/853/608 637/856/611
f 635/854/609 637/856/611 636/855/610
f 637/856/611 634/853/608 638/857/612
f 638/857/612 634/853/608 639/858/613
f 637/856/611 638/857/612 640/859/614
f 640/859/614 638/857/612 641/860/615
f 637/856/611 640/859/614 642/861/616
f 642/861/616 640/859/614 641/860/615
f 637/856/611 642/861/616 636/855/610
f 642/861/616 641/860/615 643/862/617
f 643/862/617 641/860/615 644/863/618
f 636/855/610 642/861/616 645/864/619
f 645/864/619 642/861/616 643/862/617
f 636/855/610 645/864/619 646/865/620
f 636/855/610 646/865/620 647/866/621
f 636/855/610 647/866/621 633/852/607
f 646/865/620 645/864/619 648/867/622
f 648/867/622 645/864/619 643/862/617
f 646/865/620 648/867/622 649/868/623
f 646/865/620 649/868/623 647/866/621
f 649/868/623 648/867/622 650/869/624
f 647/866/621 649/868/623 651/870/625
f 651/870/625 649/868/623 650/869/624
f 650/869/624 648/867/622 652/871/626
f 652/871/626 648/867/622 643/862/617
f 651/870/625 650/869/624 653/872/627
f 653/872/627 650/869/624 652/871/626
f 647/866/621 651/870/625 654/873/628
f 653/872/627 652/871/626 655/874/629
f 656/875/630 633/852/607 647/866/621
f 656/875/630 647/866/621 654/873/628
f 633/852/607 656/875/630 657/876/631
f 633/852/607 657/876/631 658/877/632
f 656/875/630 654/873/628 659/878/633
f 658/877/632 657/876/631 660/879/634
f 660/879/634 657/876/631 656/875/630
f 658/877/632 660/879/634 661/880/635
f 661/880/635 660/879/634 662/881/636
f 662/881/636 660/879/634 656/875/630
f 662/881/636 656/875/630 659/878/633
f 659/878/633 654/873/628 663/882/637
f 659/878/633 663/882/637 664/883/638
f 664/883/638 663/882/637 665/884/639
f 663/882/637 654/873/628 666/885/640
f 666/885/640 654/873/628 651/870/625
f 666/885/640 651/870/625 653/872/627
f 663/882/637 666/885/640 667/886/641
f 663/882/637 667/886/641 665/884/639
f 666/885/640 653/872/627 668/887/642
f 666/885/640 668/887/642 667/886/641
f 665/884/639 667/886/641 669/888/643
f 665/884/639 669/888/643 670/889/644
f 670/889/644 669/888/643 671/890/645
f 670/889/644 671/890/645 672/891/646
f 672/891/646 671/890/645 673/892/647
f 671/890/645 669/888/643 674/893/648
f 674/893/648 669/888/643 667/886/641
f 673/892/647 671/890/645 675/894/649
f 675/894/649 671/890/645 674/893/648
f 673/892/647 675/894/649 676/895/650
f 674/893/648 667/886/641 677/896/651
f 674/893/648 677/896/651 675/894/649
f 677/896/651 667/886/641 668/887/642
f 675/894/649 677/896/651 678/897/652
f 678/897/652 677/896/651 668/887/642
f 676/895/650 675/894/649 679/898/653
f 676/895/650 679/898/653 680/899/654
f 675/894/649 678/897/652 681/900/655
f 675/894/649 681/900/655 679/898/653
f 678/897/652 668/887/642 682/901/656
f 678/897/652 682/901/656 681/900/655
f 679/898/653 681/900/655 683/902/657
f 680/899/654 679/898/653 684/903/658
f 684/903/658 679/898/653 683/902/657
f 683/902/657 681/900/655 685/904/659
f 685/904/659 681/900/655 682/901/656
f 683/902/657 685/904/659 686/905/660
f 686/905/660 685/904/659 682/901/656
f 683/902/657 686/905/660 687/906/661
f 683/902/657 687/906/661 684/903/658
f 680/899/654 684/903/658 688/907/662
f 688/907/662 684/903/658 687/906/661
f 680/899/654 688/907/662 689/908/663
f 689/908/663 688/907/662 690/909/664
f 690/909/664 688/907/662 691/910/665
f 690/909/664 691/910/665 692/911/666
f 691/910/665 688/907/662 693/912/667
f 693/912/667 688/907/662 694/913/668
f 694/913/668 688/907/662 687/906/661
f 693/912/667 694/913/668 695/914/669
f 693/912/667 695/914/669 696/915/670
f 694/913/668 687/906/661 697/916/671
f 694/913/668 697/916/671 695/914/669
f 696/915/670 695/914/669 698/917/672
f 698/917/672 695/914/669 699/918/673
f 699/918/673 695/914/669 697/916/671
f 698/917/672 699/918/673 700/919/674
f 700/919/674 699/918/673 697/916/671
f 698/917/672 700/919/674 701/920/675
f 701/920/675 700/919/674 697/916/671
f 702/921/676 703/922/677 698/917/672
f 702/921/676 698/917/672 701/920/675
f 704/923/678 705/924/679 702/921/676
f 704/923/678 702/921/676 701/920/675
f 704/923/678 701/920/675 706/925/680
f 701/920/675 697/916/671 707/926/681
f 706/925/680 701/920/675 708/927/682
f 708/927/682 701/920/675 707/926/681
f 706/925/680 708/927/682 705/928/679
f 706/925/680 705/928/679 709/929/683
f 708/927/682 707/926/681 710/930/684
f 707/926/681 697/916/671 711/931/685
f 711/931/685 697/916/671 687/906/661
f 710/930/684 707/926/681 712/932/686
f 712/932/686 707/926/681 711/931/685
f 708/927/682 710/930/684 713/933/687
f 708/927/682 713/933/687 705/928/679
f 713/933/687 710/930/684 712/932/686
f 711/931/685 687/906/661 714/934/688
f 714/934/688 687/906/661 686/905/660
f 712/932/686 711/931/685 715/935/689
f 715/935/689 711/931/685 714/934/688
f 714/934/688 686/905/660 716/936/690
f 714/934/688 716/936/690 715/935/689
f 716/936/690 686/905/660 682/901/656
f 712/932/686 715/935/689 717/937/691
f 718/938/692 713/933/687 712/932/686
f 718/938/692 712/932/686 717/937/691
f 713/933/687 718/938/692 719/939/693
f 713/933/687 719/939/693 705/928/679
f 716/936/690 682/901/656 720/940/694
f 720/940/694 682/901/656 668/887/642
f 721/941/695 715/935/689 716/936/690
f 721/941/695 716/936/690 720/940/694
f 715/935/689 721/941/695 722/942/696
f 715/935/689 722/942/696 717/937/691
f 720/940/694 668/887/642 655/874/629
f 655/874/629 668/887/642 653/872/627
f 721/941/695 720/940/694 723/943/697
f 723/943/697 720/940/694 655/874/629
f 721/941/695 723/943/697 724/944/698
f 721/941/695 724/944/698 722/942/696
f 722/942/696 724/944/698 723/943/697
f 725/945/699 717/937/691 722/942/696
f 722/942/696 723/943/697 726/946/700
f 722/942/696 726/946/700 725/945/699
f 723/943/697 655/874/629 727/947/701
f 726/946/700 723/943/697 728/948/702
f 728/948/702 723/943/697 729/949/703
f 729/949/703 723/943/697 727/947/701
f 726/946/700 728/948/702 730/950/704
f 730/950/704 728/948/702 729/949/703
f 729/949/703 727/947/701 731/951/705
f 729/949/703 731/951/705 730/950/704
f 732/952/706 727/947/701 655/874/629
f 732/952/706 655/874/629 652/871/626
f 732/952/706 652/871/626 643/862/617
f 727/947/701 732/952/706 733/953/707
f 727/947/701 733/953/707 731/951/705
f 732/952/706 643/862/617 734/954/708
f 732/952/706 734/954/708 733/953/707
f 734/954/708 643/862/617 735/955/709
f 734/954/708 735/955/709 733/953/707
f 735/955/709 643/862/617 736/956/710
f 735/955/709 736/956/710 618/957/592
f 735/955/709 618/957/592 737/958/711
f 737/958/711 618/957/592 619/959/593
f 733/953/707 735/955/709 738/960/712
f 738/960/712 735/955/709 737/958/711
f 738/960/712 737/958/711 619/959/593
f 733/953/707 738/960/712 731/951/705
f 738/960/712 619/959/593 739/961/713
f 738/960/712 739/961/713 731/951/705
f 739/961/713 619/959/593 740/962/714
f 740/962/714 619/959/593 620/963/594
f 731/951/705 739/961/713 741/964/715
f 740/962/714 620/963/594 742/965/716
f 740/962/714 742/965/716 739/961/713
f 742/965/716 620/963/594 743/966/717
f 741/964/715 739/961/713 744/967/718
f 744/967/718 739/961/713 745/968/719
f 745/968/719 739/961/713 746/969/720
f 745/968/719 746/969/720 744/967/718
f 746/969/720 739/961/713 742/965/716
f 741/964/715 744/967/718 747/970/721
f 747/970/721 744/967/718 746/969/720
f 747/970/721 746/969/720 742/965/716
f 741/964/715 747/970/721 731/951/705
f 747/970/721 742/965/716 743/966/717
f 731/951/705 747/970/721 748/971/722
f 731/951/705 748/971/722 730/950/704
f 747/970/721 743/966/717 749/972/723
f 747/970/721 749/972/723 748/971/722
f 730/950/704 748/971/722 750/973/724
f 750/973/724 748/971/722 749/972/723
f 730/950/704 750/973/724 726/946/700
f 749/972/723 743/966/717 751/974/725
f 749/972/723 751/974/725 750/973/724
f 751/974/725 743/966/717 752/975/726
f 752/975/726 743/966/717 620/963/594
f 750/973/724 751/974/725 753/976/727
f 753/976/727 751/974/725 752/975/726
f 726/946/700 750/973/724 754/977/728
f 754/977/728 750/973/724 753/976/727
f 754/977/728 753/976/727 752/975/726
f 726/946/700 754/977/728 725/945/699
f 752/975/726 620/963/594 755/978/729
f 752/975/726 755/978/729 756/979/730
f 752/975/726 756/979/730 757/980/731
f 757/980/731 756/979/730 755/978/729
f 752/975/726 757/980/731 754/977/728
f 757/980/731 755/978/729 758/981/732
f 757/980/731 758/981/732 759/982/733
f 757/980/731 759/982/733 754/977/728
f 754/977/728 759/982/733 725/945/699
f 725/945/699 759/982/733 760/983/734
f 725/945/699 760/983/734 717/937/691
f 760/983/734 759/982/733 761/984/735
f 717/937/691 760/983/734 762/985/736
f 762/985/736 760/983/734 761/984/735
f 717/937/691 762/985/736 718/938/692
f 762/985/736 761/984/735 763/986/737
f 718/938/692 762/985/736 719/939/693
f 719/939/693 762/985/736 763/986/737
f 719/939/693 763/986/737 764/987/738
f 719/939/693 764/987/738 765/988/739
f 719/939/693 765/988/739 705/928/679
f 705/928/679 765/988/739 766/989/740
f 705/928/679 766/989/740 702/990/676
f 766/989/740 765/988/739 767/991/741
f 767/991/741 765/988/739 768/992/742
f 702/990/676 766/989/740 769/993/743
f 702/990/676 769/993/743 770/994/744
f 610/995/584 771/996/745 772/997/746
f 772/997/746 771/996/745 609/998/583
f 772/997/746 609/998/583 610/995/584
f 771/996/745 610/995/584 773/999/747
f 773/999/747 610/995/584 352/1000/343
f 352/1000/343 610/995/584 344/1001/335
f 352/1000/343 344/1001/335 349/1002/340
f 773/999/747 352/1000/343 774/1003/748
f 774/1003/748 352/1000/343 359/1004/350
f 774/1003/748 359/1004/350 364/1005/355
f 771/996/745 773/999/747 775/1006/749
f 771/996/745 775/1006/749 776/1007/750
f 776/1007/750 775/1006/749 777/1008/751
f 774/1003/748 364/1005/355 778/1009/752
f 778/1009/752 364/1005/355 266/1010/258
f 773/999/747 774/1003/748 779/1011/753
f 773/999/747 779/1011/753 775/1006/749
f 779/1011/753 774/1003/748 778/1009/752
f 778/1009/752 266/1010/258 265/1012/257
f 777/1008/751 775/1006/749 780/1013/754
f 780/1013/754 775/1006/749 779/1011/753
f 777/1008/751 780/1013/754 781/1014/755
f 779/1011/753 778/1009/752 782/1015/756
f 781/1014/755 780/1013/754 783/1016/757
f 782/1015/756 778/1009/752 784/1017/758
f 784/1017/758 778/1009/752 265/1012/257
f 782/1015/756 784/1017/758 779/1011/753
f 783/1016/757 780/1013/754 785/1018/759
f 783/1016/757 785/1018/759 786/1019/760
f 786/1019/760 785/1018/759 787/1020/761
f 787/1020/761 785/1018/759 788/1021/762
f 784/1017/758 265/1012/257 789/1022/763
f 789/1022/763 265/1012/257 264/1023/256
f 789/1022/763 264/1023/256 790/1024/764
f 789/1022/763 790/1024/764 784/1017/758
f 790/1024/764 264/1023/256 791/1025/765
f 790/1024/764 791/1025/765 792/1026/766
f 788/1021/762 785/1018/759 793/1027/767
f 788/1021/762 793/1027/767 794/1028/768
f 784/1017/758 790/1024/764 795/1029/769
f 790/1024/764 792/1026/766 796/1030/770
f 796/1030/770 792/1026/766 797/1031/771
f 795/1029/769 790/1024/764 798/1032/772
f 798/1032/772 790/1024/764 796/1030/770
f 784/1017/758 795/1029/769 799/1033/773
f 799/1033/773 795/1029/769 798/1032/772
f 784/1017/758 799/1033/773 779/1011/753
f 779/1011/753 799/1033/773 780/1013/754
f 796/1030/770 797/1031/771 800/1034/774
f 796/1030/770 800/1034/774 798/1032/772
f 800/1034/774 797/1031/771 801/1035/775
f 801/1035/775 797/1031/771 802/1036/776
f 798/1032/772 800/1034/774 803/1037/777
f 798/1032/772 803/1037/777 799/1033/773
f 801/1035/775 802/1036/776 804/1038/778
f 800/1034/774 801/1035/775 805/1039/779
f 805/1039/779 801/1035/775 804/1038/778
f 800/1034/774 805/1039/779 803/1037/777
f 799/1033/773 803/1037/777 806/1040/780
f 806/1040/780 803/1037/777 805/1039/779
f 807/1041/781 780/1013/754 799/1033/773
f 807/1041/781 799/1033/773 806/1040/780
f 780/1013/754 807/1041/781 785/1018/759
f 785/1018/759 807/1041/781 793/1027/767
f 807/1041/781 806/1040/780 808/1042/782
f 807/1041/781 808/1042/782 793/1027/767
f 808/1042/782 806/1040/780 805/1039/779
f 808/1042/782 805/1039/779 804/1038/778
f 793/1027/767 808/1042/782 794/1028/768
f 794/1028/768 808/1042/782 804/1038/778
f 794/1028/768 804/1038/778 809/1043/783
f 810/1044/784 608/1045/582 612/1046/586
f 810/1044/784 612/1046/586 614/1047/588
f 810/1044/784 614/1047/588 616/1048/590
f 810/1044/784 616/1048/590 336/1049/327
f 810/1044/784 336/1049/327 338/1050/329
f 608/1045/582 810/1044/784 811/1051/785
f 811/1051/785 810/1044/784 338/1050/329
f 608/1045/582 811/1051/785 610/1052/584
f 610/1052/584 811/1051/785 344/1053/335
f 811/1051/785 338/1050/329 342/1054/333
f 344/1053/335 811/1051/785 343/1055/334
f 343/1055/334 811/1051/785 812/1056/786
f 812/1056/786 811/1051/785 342/1054/333
f 343/1055/334 812/1056/786 813/1057/787
f 812/1056/786 342/1054/333 814/1058/788
f 812/1056/786 814/1058/788 813/1057/787
f 814/1058/788 342/1054/333 331/1059/322
f 813/1057/787 814/1058/788 815/1060/789
f 814/1058/788 331/1059/322 816/1061/790
f 814/1058/788 816/1061/790 815/1060/789
f 816/1061/790 331/1059/322 336/1062/327
f 336/1062/327 331/1059/322 332/1063/323
f 816/1061/790 336/1062/327 616/1064/590
f 816/1061/790 616/1064/590 617/1065/591
f 816/1061/790 617/1065/591 815/1060/789
f 815/1060/789 617/1065/591 736/1066/710
f 736/1066/710 617/1065/591 618/1067/592
f 546/1068/521 440/1069/431 444/1070/435
f 440/1069/431 546/1068/521 817/1071/791
f 440/1069/431 817/1071/791 439/1072/430
f 439/1072/430 817/1071/791 495/1073/477
f 817/1071/791 546/1068/521 818/1074/792
f 495/1073/477 817/1071/791 819/1075/793
f 819/1075/793 817/1071/791 818/1074/792
f 818/1074/792 546/1068/521 540/1076/515
f 495/1073/477 819/1075/793 820/1077/794
f 818/1074/792 540/1076/515 821/1078/795
f 820/1077/794 819/1075/793 822/1079/796
f 820/1077/794 822/1079/796 823/1080/797
f 823/1080/797 822/1079/796 819/1075/793
f 820/1077/794 823/1080/797 824/1081/798
f 502/1082/484 825/1083/799 824/1081/798
f 502/1082/484 824/1081/798 503/1084/485
f 503/1084/485 824/1081/798 823/1080/797
f 503/1084/485 823/1080/797 826/1085/800
f 503/1084/485 826/1085/800 504/1086/486
f 823/1080/797 819/1075/793 827/1087/801
f 823/1080/797 827/1087/801 826/1085/800
f 828/1088/802 819/1075/793 818/1074/792
f 819/1075/793 828/1088/802 827/1087/801
f 828/1088/802 818/1074/792 821/1078/795
f 826/1085/800 827/1087/801 829/1089/803
f 829/1089/803 827/1087/801 828/1088/802
f 830/1090/804 504/1086/486 826/1085/800
f 504/1086/486 830/1090/804 506/1091/488
f 826/1085/800 829/1089/803 831/1092/805
f 826/1085/800 831/1092/805 830/1090/804
f 829/1089/803 828/1088/802 832/1093/806
f 832/1093/806 828/1088/802 821/1078/795
f 831/1092/805 829/1089/803 833/1094/807
f 833/1094/807 829/1089/803 832/1093/806
f 830/1090/804 831/1092/805 834/1095/808
f 834/1095/808 831/1092/805 833/1094/807
f 835/1096/809 506/1091/488 830/1090/804
f 506/1091/488 835/1096/809 604/1097/578
f 830/1090/804 834/1095/808 836/1098/810
f 830/1090/804 836/1098/810 835/1096/809
f 604/1097/578 835/1096/809 837/1099/811
f 836/1098/810 834/1095/808 838/1100/812
f 838/1100/812 834/1095/808 833/1094/807
f 835/1096/809 836/1098/810 839/1101/813
f 839/1101/813 836/1098/810 838/1100/812
f 835/1096/809 839/1101/813 837/1099/811
f 604/1097/578 837/1099/811 602/1102/576
f 839/1101/813 838/1100/812 840/1103/814
f 840/1103/814 838/1100/812 841/1104/815
f 840/1103/814 841/1104/815 839/1101/813
f 841/1104/815 838/1100/812 833/1094/807
f 837/1099/811 839/1101/813 842/1105/816
f 842/1105/816 839/1101/813 841/1104/815
f 602/1102/576 837/1099/811 843/1106/817
f 602/1102/576 843/1106/817 502/1107/484
f 502/1107/484 843/1106/817 844/1108/818
f 502/1107/484 844/1108/818 825/1109/799
f 844/1108/818 843/1106/817 845/1110/819
f 843/1106/817 837/1099/811 846/1111/820
f 843/1106/817 846/1111/820 845/1110/819
f 846/1111/820 837/1099/811 842/1105/816
f 845/1110/819 846/1111/820 847/1112/821
f 847/1112/821 846/1111/820 848/1113/822
f 846/1111/820 842/1105/816 849/1114/823
f 846/1111/820 849/1114/823 848/1113/822
f 849/1114/823 842/1105/816 850/1115/824
f 850/1115/824 842/1105/816 841/1104/815
f 848/1113/822 849/1114/823 851/1116/825
f 851/1116/825 849/1114/823 850/1115/824
f 848/1113/822 851/1116/825 852/1117/826
f 851/1116/825 850/1115/824 853/1118/827
f 852/1117/826 851/1116/825 854/1119/828
f 852/1117/826 854/1119/828 855/1120/829
f 852/1117/826 855/1120/829 856/1121/830
f 854/1119/828 851/1116/825 857/1122/831
f 854/1119/828 857/1122/831 855/1120/829
f 857/1122/831 851/1116/825 853/1118/827
f 855/1120/829 857/1122/831 858/1123/832
f 859/1124/833 853/1118/827 850/1115/824
f 853/1118/827 859/1124/833 857/1122/831
f 858/1123/832 857/1122/831 860/1125/834
f 860/1125/834 857/1122/831 859/1124/833
f 858/1123/832 860/1125/834 861/1126/835
f 858/1123/832 861/1126/835 862/1127/836
f 860/1125/834 859/1124/833 863/1128/837
f 860/1125/834 863/1128/837 861/1126/835
f 859/1124/833 850/1115/824 864/1129/838
f 864/1129/838 850/1115/824 841/1104/815
f 864/1129/838 841/1104/815 865/1130/839
f 865/1130/839 841/1104/815 833/1094/807
f 865/1130/839 833/1094/807 866/1131/840
f 866/1131/840 833/1094/807 832/1093/806
f 864/1129/838 865/1130/839 867/1132/841
f 867/1132/841 865/1130/839 866/1131/840
f 866/1131/840 832/1093/806 868/1133/842
f 866/1131/840 868/1133/842 867/1132/841
f 868/1133/842 832/1093/806 821/1078/795
f 864/1129/838 867/1132/841 869/1134/843
f 864/1129/838 869/1134/843 859/1124/833
f 867/1132/841 868/1133/842 870/1135/844
f 867/1132/841 870/1135/844 869/1134/843
f 868/1133/842 821/1078/795 871/1136/845
f 868/1133/842 871/1136/845 870/1135/844
f 859/1124/833 869/1134/843 872/1137/846
f 872/1137/846 869/1134/843 870/1135/844
f 871/1136/845 821/1078/795 873/1138/847
f 873/1138/847 821/1078/795 540/1076/515
f 873/1138/847 540/1076/515 536/1139/511
f 873/1138/847 536/1139/511 874/1140/848
f 871/1136/845 873/1138/847 875/1141/849
f 875/1141/849 873/1138/847 874/1140/848
f 876/1142/850 870/1135/844 871/1136/845
f 876/1142/850 871/1136/845 875/1141/849
f 874/1140/848 536/1139/511 877/1143/851
f 874/1140/848 877/1143/851 875/1141/849
f 875/1141/849 877/1143/851 876/1142/850
f 877/1143/851 536/1139/511 533/1144/508
f 877/1143/851 533/1144/508 876/1142/850
f 876/1142/850 533/1144/508 878/1145/852
f 879/1146/853 870/1135/844 876/1142/850
f 879/1146/853 876/1142/850 878/1145/852
f 878/1145/852 533/1144/508 880/1147/854
f 878/1145/852 880/1147/854 879/1146/853
f 880/1147/854 533/1144/508 528/1148/503
f 880/1147/854 528/1148/503 881/1149/855
f 879/1146/853 880/1147/854 882/1150/856
f 870/1135/844 879/1146/853 883/1151/857
f 883/1151/857 879/1146/853 882/1150/856
f 870/1135/844 883/1151/857 872/1137/846
f 883/1151/857 882/1150/856 884/1152/858
f 883/1151/857 884/1152/858 872/1137/846
f 884/1152/858 882/1150/856 885/1153/859
f 885/1153/859 882/1150/856 886/1154/860
f 885/1153/859 886/1154/860 884/1152/858
f 884/1152/858 886/1154/860 887/1155/861
f 887/1155/861 886/1154/860 888/1156/862
f 887/1155/861 888/1156/862 889/1157/863
f 872/1137/846 884/1152/858 890/1158/864
f 890/1158/864 884/1152/858 887/1155/861
f 887/1155/861 889/1157/863 891/1159/865
f 891/1159/865 889/1157/863 861/1126/835
f 891/1159/865 861/1126/835 887/1155/861
f 887/1155/861 861/1126/835 892/1160/866
f 887/1155/861 892/1160/866 890/1158/864
f 892/1160/866 861/1126/835 863/1128/837
f 872/1137/846 890/1158/864 893/1161/867
f 893/1161/867 890/1158/864 892/1160/866
f 893/1161/867 892/1160/866 863/1128/837
f 872/1137/846 893/1161/867 859/1124/833
f 859/1124/833 893/1161/867 863/1128/837
f 606/1162/580 609/1163/583 894/1164/868
f 624/1165/598 611/1166/585 606/1162/580
f 624/1165/598 606/1162/580 894/1164/868
f 624/1165/598 894/1164/868 625/1167/599
f 894/1164/868 609/1163/583 895/1168/869
f 895/1168/869 609/1163/583 771/1169/745
f 625/1167/599 894/1164/868 896/1170/870
f 625/1167/599 896/1170/870 897/1171/871
f 896/1170/870 894/1164/868 895/1168/869
f 895/1168/869 771/1169/745 776/1172/750
f 895/1168/869 776/1172/750 777/1173/751
f 895/1168/869 777/1173/751 781/1174/755
f 895/1168/869 781/1174/755 783/1175/757
f 895/1168/869 783/1175/757 786/1176/760
f 895/1168/869 786/1176/760 898/1177/872
f 895/1168/869 898/1177/872 896/1170/870
f 898/1177/872 786/1176/760 787/1178/761
f 898/1177/872 787/1178/761 899/1179/873
f 896/1170/870 898/1177/872 900/1180/874
f 900/1180/874 898/1177/872 899/1179/873
f 896/1170/870 900/1180/874 901/1181/875
f 901/1181/875 900/1180/874 899/1179/873
f 253/1182/245 252/1183/244 247/1184/239
f 342/1185/333 343/1186/334 813/1187/787
f 342/1185/333 813/1187/787 644/1188/618
f 644/1188/618 813/1187/787 902/1189/876
f 902/1189/876 813/1187/787 815/1190/789
f 902/1189/876 815/1190/789 736/1191/710
f 902/1189/876 736/1191/710 644/1188/618
f 644/1188/618 736/1191/710 643/1192/617
f 342/1185/333 644/1188/618 903/1193/877
f 342/1185/333 903/1193/877 331/1194/322
f 331/1194/322 903/1193/877 330/1195/321
f 330/1195/321 903/1193/877 328/1196/319
f 903/1193/877 644/1188/618 904/1197/878
f 903/1193/877 904/1197/878 328/1196/319
f 904/1197/878 644/1188/618 641/1198/615
f 904/1197/878 641/1198/615 638/1199/612
f 904/1197/878 638/1199/612 639/1200/613
f 328/1196/319 904/1197/878 905/1201/879
f 905/1201/879 904/1197/878 639/1200/613
f 328/1196/319 905/1201/879 327/1202/318
f 905/1201/879 639/1200/613 634/1203/608
f 905/1201/879 634/1203/608 327/1202/318
f 906/1204/880 472/1205/454 469/1206/451
f 472/1205/454 906/1204/880 907/1207/881
f 906/1204/880 469/1206/451 908/1208/882
f 906/1204/880 908/1208/882 907/1207/881
f 908/1208/882 469/1206/451 557/1209/531
f 472/1205/454 907/1207/881 909/1210/883
f 909/1210/883 907/1207/881 908/1208/882
f 472/1205/454 909/1210/883 910/1211/884
f 472/1205/454 910/1211/884 475/1212/457
f 909/1210/883 908/1208/882 911/1213/885
f 909/1210/883 911/1213/885 910/1211/884
f 911/1213/885 908/1208/882 557/1209/531
f 910/1211/884 911/1213/885 254/1214/246
f 910/1211/884 254/1214/246 912/1215/886
f 910/1211/884 912/1215/886 913/1216/887
f 913/1216/887 912/1215/886 254/1214/246
f 254/1214/246 911/1213/885 914/1217/888
f 914/1217/888 911/1213/885 557/1209/531
f 914/1217/888 557/1209/531 915/1218/889
f 915/1218/889 557/1209/531 916/1219/890
f 916/1219/890 557/1209/531 556/1220/252
f 915/1218/889 916/1219/890 917/1221/765
f 915/1218/889 917/1221/765 918/1222/891
f 917/1221/765 916/1219/890 919/1223/892
f 917/1221/765 919/1223/892 920/1224/893
f 916/1219/890 556/1220/252 921/1225/894
f 916/1219/890 921/1225/894 919/1223/892
f 921/1225/894 556/1220/252 559/1226/533
f 919/1223/892 921/1225/894 922/1227/895
f 919/1223/892 922/1227/895 923/1228/896
f 921/1225/894 559/1226/533 924/1229/897
f 921/1225/894 924/1229/897 922/1227/895
f 924/1229/897 559/1226/533 563/1230/537
f 924/1229/897 563/1230/537 925/1231/898
f 926/1232/899 927/1233/900 922/1227/895
f 926/1232/899 922/1227/895 928/1234/901
f 928/1234/901 922/1227/895 924/1229/897
f 926/1232/899 928/1234/901 929/1235/902
f 926/1232/899 929/1235/902 930/1236/903
f 929/1235/902 928/1234/901 931/1237/904
f 929/1235/902 931/1237/904 930/1236/903
f 931/1237/904 928/1234/901 924/1229/897
f 930/1236/903 931/1237/904 932/1238/905
f 932/1238/905 931/1237/904 569/1239/543
f 569/1239/543 931/1237/904 924/1229/897
f 932/1238/905 569/1239/543 933/1240/906
f 569/1239/543 924/1229/897 568/1241/542
f 568/1241/542 924/1229/897 925/1231/898
f 568/1241/542 925/1231/898 567/1242/541
f 567/1242/541 925/1231/898 933/1243/906
f 567/1242/541 933/1243/906 569/1244/543
f 475/1245/457 913/1246/887 253/1247/245
f 253/1247/245 913/1246/887 254/1248/246
f 913/1246/887 475/1245/457 910/1249/884
f 934/1250/907 496/1251/478 495/1252/477
f 496/1251/478 934/1250/907 499/1253/481
f 934/1250/907 495/1252/477 935/1254/908
f 934/1250/907 935/1254/908 499/1253/481
f 935/1254/908 495/1252/477 820/1255/794
f 935/1254/908 820/1255/794 824/1256/798
f 499/1253/481 935/1254/908 936/1257/909
f 936/1257/909 935/1254/908 824/1256/798
f 499/1253/481 936/1257/909 501/1258/483
f 936/1257/909 824/1256/798 825/1259/799
f 501/1258/483 936/1257/909 937/1260/910
f 501/1258/483 937/1260/910 599/1261/573
f 599/1261/573 937/1260/910 600/1262/574
f 936/1257/909 825/1259/799 938/1263/911
f 938/1263/911 825/1259/799 844/1264/818
f 936/1257/909 938/1263/911 939/1265/912
f 936/1257/909 939/1265/912 937/1260/910
f 938/1263/911 844/1264/818 940/1266/913
f 940/1266/913 844/1264/818 845/1267/819
f 939/1265/912 938/1263/911 941/1268/914
f 941/1268/914 938/1263/911 940/1266/913
f 940/1266/913 845/1267/819 942/1269/915
f 940/1266/913 942/1269/915 941/1268/914
f 942/1269/915 845/1267/819 943/1270/916
f 943/1270/916 845/1267/819 847/1271/821
f 941/1268/914 942/1269/915 944/1272/917
f 944/1272/917 942/1269/915 943/1270/916
f 941/1268/914 944/1272/917 945/1273/918
f 946/1274/919 939/1265/912 941/1268/914
f 946/1274/919 941/1268/914 945/1273/918
f 939/1265/912 946/1274/919 937/1260/910
f 945/1273/918 944/1272/917 947/1275/920
f 947/1275/920 944/1272/917 943/1270/916
f 945/1273/918 947/1275/920 946/1274/919
f 948/1276/921 943/1270/916 847/1271/821
f 943/1270/916 948/1276/921 947/1275/920
f 948/1276/921 847/1271/821 949/1277/922
f 949/1277/922 847/1271/821 848/1278/822
f 947/1275/920 948/1276/921 950/1279/923
f 948/1276/921 949/1277/922 951/1280/924
f 951/1280/924 949/1277/922 848/1278/822
f 948/1276/921 951/1280/924 950/1279/923
f 951/1280/924 848/1278/822 852/1281/826
f 951/1280/924 852/1281/826 952/1282/925
f 952/1282/925 852/1281/826 953/1283/926
f 952/1282/925 953/1283/926 951/1280/924
f 953/1283/926 852/1281/826 856/1284/830
f 953/1283/926 856/1284/830 954/1285/927
f 953/1283/926 954/1285/927 951/1280/924
f 951/1280/924 954/1285/927 950/1279/923
f 950/1279/923 954/1285/927 955/1286/928
f 950/1279/923 955/1286/928 956/1287/929
f 957/1288/930 947/1275/920 950/1279/923
f 957/1288/930 950/1279/923 956/1287/929
f 947/1275/920 957/1288/930 946/1274/919
f 956/1287/929 955/1286/928 958/1289/931
f 946/1274/919 957/1288/930 959/1290/932
f 957/1288/930 956/1287/929 960/1291/933
f 957/1288/930 960/1291/933 959/1290/932
f 946/1274/919 959/1290/932 961/1292/934
f 946/1274/919 961/1292/934 937/1260/910
f 959/1290/932 960/1291/933 962/1293/935
f 959/1290/932 962/1293/935 961/1292/934
f 960/1291/933 956/1287/929 963/1294/936
f 963/1294/936 956/1287/929 958/1289/931
f 962/1293/935 960/1291/933 964/1295/937
f 962/1293/935 964/1295/937 961/1292/934
f 960/1291/933 963/1294/936 965/1296/938
f 960/1291/933 965/1296/938 964/1295/937
f 963/1294/936 958/1289/931 966/1297/939
f 963/1294/936 966/1297/939 965/1296/938
f 966/1297/939 958/1289/931 967/1298/940
f 966/1297/939 967/1298/940 965/1296/938
f 967/1298/940 958/1289/931 968/1299/941
f 967/1298/940 968/1299/941 969/1300/942
f 965/1296/938 967/1298/940 970/1301/943
f 970/1301/943 967/1298/940 969/1300/942
f 971/1302/944 964/1295/937 965/1296/938
f 971/1302/944 965/1296/938 970/1301/943
f 970/1301/943 969/1300/942 972/1303/945
f 972/1303/945 969/1300/942 973/1304/946
f 973/1304/946 969/1300/942 974/1305/947
f 974/1305/947 969/1300/942 975/1306/948
f 974/1305/947 975/1306/948 976/1307/949
f 970/1301/943 972/1303/945 977/1308/950
f 970/1301/943 977/1308/950 971/1302/944
f 977/1308/950 972/1303/945 978/1309/951
f 979/1310/952 964/1295/937 971/1302/944
f 979/1310/952 971/1302/944 977/1308/950
f 964/1295/937 979/1310/952 961/1292/934
f 961/1292/934 979/1310/952 980/1311/953
f 979/1310/952 977/1308/950 981/1312/954
f 981/1312/954 977/1308/950 978/1309/951
f 979/1310/952 981/1312/954 980/1311/953
f 961/1292/934 980/1311/953 937/1260/910
f 981/1312/954 978/1309/951 982/1313/955
f 982/1313/955 978/1309/951 983/1314/956
f 980/1311/953 981/1312/954 984/1315/957
f 984/1315/957 981/1312/954 982/1313/955
f 937/1260/910 980/1311/953 985/1316/958
f 937/1260/910 985/1316/958 600/1262/574
f 982/1313/955 983/1314/956 986/1317/959
f 982/1313/955 986/1317/959 984/1315/957
f 600/1262/574 985/1316/958 590/1318/564
f 980/1311/953 984/1315/957 987/1319/960
f 980/1311/953 987/1319/960 985/1316/958
f 987/1319/960 984/1315/957 986/1317/959
f 985/1316/958 987/1319/960 988/1320/961
f 986/1317/959 983/1314/956 989/1321/962
f 989/1321/962 983/1314/956 990/1322/963
f 989/1321/962 990/1322/963 933/1323/906
f 989/1321/962 933/1323/906 925/1324/898
f 989/1321/962 925/1324/898 563/1325/537
f 989/1321/962 563/1325/537 579/1326/553
f 987/1319/960 986/1317/959 991/1327/964
f 987/1319/960 991/1327/964 988/1320/961
f 986/1317/959 989/1321/962 992/1328/965
f 992/1328/965 989/1321/962 579/1326/553
f 986/1317/959 992/1328/965 991/1327/964
f 992/1328/965 579/1326/553 993/1329/966
f 992/1328/965 993/1329/966 991/1327/964
f 993/1329/966 579/1326/553 583/1330/557
f 993/1329/966 583/1330/557 590/1318/564
f 991/1327/964 993/1329/966 994/1331/967
f 994/1331/967 993/1329/966 590/1318/564
f 991/1327/964 994/1331/967 988/1320/961
f 994/1331/967 590/1318/564 985/1316/958
f 994/1331/967 985/1316/958 988/1320/961
f 995/1332/968 996/1333/969 997/1334/970
f 995/1332/968 997/1334/970 998/1335/971
f 998/1335/971 997/1334/970 999/1336/972
f 996/1333/969 995/1332/968 1000/1337/973
f 999/1336/972 997/1334/970 1001/1338/974
f 1000/1337/973 995/1332/968 1002/1339/975
f 997/1334/970 996/1333/969 1003/1340/976
f 997/1334/970 1003/1340/976 1001/1338/974
f 996/1333/969 1000/1337/973 1004/1341/977
f 1000/1337/973 1002/1339/975 1005/1342/978
f 996/1333/969 1004/1341/977 1006/1343/979
f 996/1333/969 1006/1343/979 1003/1340/976
f 1004/1341/977 1000/1337/973 1007/1344/980
f 1004/1341/977 1007/1344/980 1006/1343/979
f 1000/1337/973 1005/1342/978 1008/1345/981
f 1000/1337/973 1008/1345/981 1007/1344/980
f 1005/1342/978 1002/1339/975 1009/1346/982
f 1005/1342/978 1009/1346/982 1008/1345/981
f 1009/1346/982 1002/1339/975 1010/1347/983
f 1010/1347/983 1002/1339/975 1011/1348/984
f 1010/1347/983 1011/1348/984 1012/1349/745
f 1009/1346/982 1010/1347/983 1013/1350/985
f 1008/1345/981 1009/1346/982 1014/1351/986
f 1014/1351/986 1009/1346/982 1015/1352/987
f 1014/1351/986 1015/1352/987 1016/1353/988
f 1014/1351/986 1016/1353/988 1017/1354/989
f 1008/1345/981 1014/1351/986 1018/1355/990
f 1018/1355/990 1014/1351/986 1017/1354/989
f 1008/1345/981 1018/1355/990 1007/1344/980
f 1018/1355/990 1017/1354/989 1019/1356/991
f 1018/1355/990 1019/1356/991 1007/1344/980
f 1007/1344/980 1019/1356/991 1020/1357/992
f 1007/1344/980 1020/1357/992 1006/1343/979
f 1006/1343/979 1020/1357/992 1021/1358/993
f 1021/1358/993 1020/1357/992 1019/1356/991
f 1006/1343/979 1021/1358/993 1003/1340/976
f 1019/1356/991 1017/1354/989 1022/1359/994
f 1003/1340/976 1021/1358/993 1001/1338/974
f 1019/1356/991 1022/1359/994 1023/1360/995
f 1019/1356/991 1023/1360/995 1021/1358/993
f 1021/1358/993 1023/1360/995 1024/1361/996
f 1021/1358/993 1024/1361/996 1001/1338/974
f 1024/1361/996 1023/1360/995 1025/1362/997
f 1024/1361/996 1025/1362/997 1001/1338/974
f 1001/1338/974 1025/1362/997 1026/1363/998
f 1027/1364/999 1022/1359/994 1017/1354/989
f 1027/1364/999 1017/1354/989 1028/1365/1000
f 1027/1364/999 1028/1365/1000 1029/1366/1001
f 1022/1359/994 1027/1364/999 1030/1367/1002
f 1027/1364/999 1029/1366/1001 1031/1368/1003
f 1027/1364/999 1031/1368/1003 1030/1367/1002
f 1030/1367/1002 1031/1368/1003 1032/1369/1004
f 1032/1369/1004 1031/1368/1003 1033/1370/1005
f 1030/1367/1002 1032/1369/1004 1034/1371/1006
f 1034/1371/1006 1032/1369/1004 1033/1370/1005
f 1034/1371/1006 1033/1370/1005 1035/1372/1007
f 1034/1371/1006 1035/1372/1007 1036/1373/1008
f 1037/1374/1009 1001/1338/974 1026/1363/998
f 1037/1374/1009 1026/1363/998 1038/1375/1010
f 1037/1374/1009 1038/1375/1010 1039/1376/1011
f 1001/1338/974 1037/1374/1009 1040/1377/1012
f 1040/1377/1012 1037/1374/1009 1039/1376/1011
f 1001/1338/974 1040/1377/1012 999/1336/972
f 1040/1377/1012 1039/1376/1011 1041/1378/1013
f 1040/1377/1012 1041/1378/1013 999/1336/972
f 1041/1378/1013 1039/1376/1011 1042/1379/1014
f 999/1336/972 1041/1378/1013 1043/1380/1015
f 1043/1380/1015 1041/1378/1013 1042/1379/1014
f 1043/1380/1015 1042/1379/1014 1044/1381/1016
f 1044/1381/1016 1042/1379/1014 1045/1382/1017
f 1046/1383/1018 1002/1384/975 995/1385/968
f 1002/1384/975 1046/1383/1018 1011/1386/984
f 1011/1386/984 1046/1383/1018 1047/1387/1019
f 1011/1386/984 1047/1387/1019 1048/1388/1020
f 1046/1383/1018 995/1385/968 1049/1389/1021
f 1047/1387/1019 1046/1383/1018 1050/1390/1022
f 1050/1390/1022 1046/1383/1018 1049/1389/1021
f 1048/1388/1020 1047/1387/1019 1051/1391/1023
f 1051/1391/1023 1047/1387/1019 1050/1390/1022
f 1048/1388/1020 1051/1391/1023 1052/1392/1024
f 1049/1389/1021 995/1385/968 1053/1393/1025
f 1053/1393/1025 995/1385/968 998/1394/971
f 1053/1393/1025 998/1394/971 999/1395/972
f 1049/1389/1021 1053/1393/1025 1054/1396/1026
f 1054/1396/1026 1053/1393/1025 999/1395/972
f 1049/1389/1021 1054/1396/1026 1050/1390/1022
f 1054/1396/1026 999/1395/972 1043/1397/1015
f 1050/1390/1022 1054/1396/1026 1055/1398/1027
f 1050/1390/1022 1055/1398/1027 1051/1391/1023
f 1054/1396/1026 1043/1397/1015 1056/1399/1028
f 1056/1399/1028 1043/1397/1015 1044/1400/1016
f 1055/1398/1027 1054/1396/1026 1057/1401/1029
f 1057/1401/1029 1054/1396/1026 1056/1399/1028
f 1057/1401/1029 1056/1399/1028 1058/1402/1030
f 1058/1402/1030 1056/1399/1028 1044/1400/1016
f 1055/1398/1027 1057/1401/1029 1059/1403/1031
f 1059/1403/1031 1057/1401/1029 1058/1402/1030
f 1060/1404/1032 1051/1391/1023 1055/1398/1027
f 1060/1404/1032 1055/1398/1027 1059/1403/1031
f 1058/1402/1030 1044/1400/1016 1061/1405/665
f 1061/1405/665 1044/1400/1016 1045/1406/1017
f 1058/1402/1030 1061/1405/665 1062/1407/1033
f 1058/1402/1030 1062/1407/1033 1063/1408/1034
f 1058/1402/1030 1063/1408/1034 1059/1403/1031
f 1059/1403/1031 1063/1408/1034 1064/1409/1035
f 1059/1403/1031 1064/1409/1035 1060/1404/1032
f 1060/1404/1032 1064/1409/1035 1065/1410/1036
f 1060/1404/1032 1065/1410/1036 1066/1411/1037
f 1066/1411/1037 1065/1410/1036 1067/1412/1038
f 1060/1404/1032 1066/1411/1037 1068/1413/1039
f 1068/1413/1039 1066/1411/1037 1067/1412/1038
f 1060/1404/1032 1068/1413/1039 1051/1391/1023
f 1051/1391/1023 1068/1413/1039 1069/1414/1040
f 1051/1391/1023 1069/1414/1040 1052/1392/1024
f 1068/1413/1039 1067/1412/1038 1070/1415/1041
f 1068/1413/1039 1070/1415/1041 1069/1414/1040
f 1069/1414/1040 1070/1415/1041 1052/1392/1024
f 1070/1415/1041 1067/1412/1038 1071/1416/1042
f 1070/1415/1041 1071/1416/1042 1052/1392/1024
f 1072/1417/1043 1063/1418/1034 1073/1419/1044
f 1073/1419/1044 1063/1418/1034 1062/1420/1033
f 1073/1419/1044 1062/1420/1033 1061/1421/665
f 1073/1419/1044 1061/1421/665 1074/1422/1045
f 1072/1417/1043 1073/1419/1044 1075/1423/769
f 1075/1423/769 1073/1419/1044 1074/1422/1045
f 1072/1417/1043 1075/1423/769 1076/1424/1046
f 1076/1424/1046 1075/1423/769 1077/1425/1047
f 1075/1423/769 1074/1422/1045 1078/1426/1048
f 1075/1423/769 1078/1426/1048 1077/1425/1047
f 1078/1426/1048 1074/1422/1045 1079/1427/1049
f 1077/1425/1047 1078/1426/1048 797/1428/771
f 1077/1425/1047 797/1428/771 792/1429/766
f 797/1428/771 1078/1426/1048 802/1430/776
f 802/1430/776 1078/1426/1048 1079/1427/1049
f 802/1430/776 1079/1427/1049 804/1431/778
f 1080/1432/34 307/1433/34 308/1434/299
f 1080/1432/34 308/1434/299 633/1435/607
f 307/1433/34 1080/1432/34 1081/1436/34
f 307/1433/34 1081/1436/34 458/1437/34
f 458/1437/34 1081/1436/34 1082/1438/34
f 1082/1438/34 1081/1436/34 1080/1432/34
f 458/1437/34 1082/1438/34 1083/1439/34
f 458/1437/34 1083/1439/34 461/1440/34
f 458/1437/34 461/1440/34 459/1441/34
f 461/1440/34 1083/1439/34 1084/1442/34
f 461/1440/34 1084/1442/34 460/1443/34
f 460/1443/34 1084/1442/34 464/1444/34
f 1082/1438/34 1080/1432/34 1085/1445/34
f 658/1446/632 661/1447/635 633/1435/607
f 633/1435/607 661/1447/635 662/1448/636
f 633/1435/607 662/1448/636 1080/1432/34
f 1080/1432/34 662/1448/636 659/1449/633
f 1085/1445/34 1080/1432/34 1086/1450/15
f 1086/1450/15 1080/1432/34 659/1449/633
f 664/1451/638 665/1452/639 659/1449/633
f 659/1449/633 665/1452/639 1086/1450/15
f 1086/1450/15 665/1452/639 670/1453/644
f 1086/1450/15 670/1453/644 672/1454/646
f 1085/1445/34 1086/1450/15 1087/1455/1050
f 1087/1455/1050 1086/1450/15 672/1454/646
f 1087/1455/1050 672/1454/646 1088/1456/1051
f 1085/1445/34 1087/1455/1050 1089/1457/1052
f 1089/1457/1052 1087/1455/1050 1090/1458/1053
f 1091/1459/1054 1071/1460/1042 917/1461/765
f 1071/1460/1042 1091/1459/1054 1052/1462/1024
f 1091/1459/1054 917/1461/765 920/1463/893
f 1052/1462/1024 1091/1459/1054 1048/1464/1020
f 1091/1459/1054 920/1463/893 1092/1465/1055
f 1091/1459/1054 1092/1465/1055 1048/1464/1020
f 919/1466/892 923/1467/896 920/1463/893
f 920/1463/893 923/1467/896 1093/1468/1056
f 920/1463/893 1093/1468/1056 1092/1465/1055
f 927/1469/900 923/1467/896 922/1470/895
f 923/1467/896 927/1469/900 1094/1471/1057
f 923/1467/896 1094/1471/1057 1093/1468/1056
f 1094/1471/1057 927/1469/900 926/1472/899
f 1094/1471/1057 926/1472/899 1095/1473/1058
f 1094/1471/1057 1095/1473/1058 1093/1468/1056
f 1095/1473/1058 926/1472/899 930/1474/903
f 1095/1473/1058 930/1474/903 932/1475/905
f 1093/1468/1056 1095/1473/1058 1096/1476/1059
f 1095/1473/1058 932/1475/905 1097/1477/1060
f 1097/1477/1060 932/1475/905 1098/1478/1061
f 1098/1478/1061 932/1475/905 933/1479/906
f 1097/1477/1060 1098/1478/1061 1099/1480/1062
f 1097/1477/1060 1099/1480/1062 1095/1473/1058
f 1099/1480/1062 1098/1478/1061 1100/1481/1063
f 1096/1476/1059 1095/1473/1058 1101/1482/1064
f 1101/1482/1064 1095/1473/1058 1099/1480/1062
f 1102/1483/1065 1093/1468/1056 1096/1476/1059
f 1102/1483/1065 1096/1476/1059 1101/1482/1064
f 1093/1468/1056 1102/1483/1065 1092/1465/1055
f 1102/1483/1065 1101/1482/1064 1103/1484/1066
f 1102/1483/1065 1103/1484/1066 1092/1465/1055
f 1103/1484/1066 1101/1482/1064 1104/1485/1067
f 1101/1482/1064 1099/1480/1062 1105/1486/1068
f 1101/1482/1064 1105/1486/1068 1104/1485/1067
f 1103/1484/1066 1104/1485/1067 1106/1487/1059
f 1106/1487/1059 1104/1485/1067 1105/1486/1068
f 1092/1465/1055 1103/1484/1066 1107/1488/1069
f 1107/1488/1069 1103/1484/1066 1106/1487/1059
f 1092/1465/1055 1107/1488/1069 1048/1464/1020
f 1105/1486/1068 1099/1480/1062 1108/1489/1070
f 1108/1489/1070 1099/1480/1062 1100/1481/1063
f 1106/1487/1059 1105/1486/1068 1109/1490/1071
f 1106/1487/1059 1109/1490/1071 1107/1488/1069
f 1048/1464/1020 1107/1488/1069 1110/1491/1072
f 1048/1464/1020 1110/1491/1072 1011/1492/984
f 1011/1492/984 1110/1491/1072 1012/1493/745
f 1012/1493/745 1110/1491/1072 1107/1488/1069
f 1105/1486/1068 1108/1489/1070 1111/1494/1073
f 1105/1486/1068 1111/1494/1073 1109/1490/1071
f 1012/1493/745 1107/1488/1069 1112/1495/1074
f 1112/1495/1074 1107/1488/1069 1109/1490/1071
f 1109/1490/1071 1111/1494/1073 1113/1496/1075
f 1113/1496/1075 1111/1494/1073 1108/1489/1070
f 1109/1490/1071 1113/1496/1075 1114/1497/1076
f 1113/1496/1075 1108/1489/1070 1115/1498/1077
f 1113/1496/1075 1115/1498/1077 1114/1497/1076
f 1112/1495/1074 1109/1490/1071 1116/1499/1078
f 1116/1499/1078 1109/1490/1071 1114/1497/1076
f 1117/1500/1079 1012/1493/745 1112/1495/1074
f 1117/1500/1079 1112/1495/1074 1116/1499/1078
f 1012/1493/745 1117/1500/1079 1013/1501/985
f 1012/1493/745 1013/1501/985 1010/1502/983
f 1117/1500/1079 1116/1499/1078 1118/1503/1080
f 1117/1500/1079 1118/1503/1080 1013/1501/985
f 1116/1499/1078 1114/1497/1076 1119/1504/1081
f 1116/1499/1078 1119/1504/1081 1118/1503/1080
f 1118/1503/1080 1119/1504/1081 1120/1505/1082
f 1119/1504/1081 1114/1497/1076 1121/1506/1083
f 1119/1504/1081 1121/1506/1083 1120/1505/1082
f 1120/1505/1082 1121/1506/1083 1122/1507/1084
f 1122/1507/1084 1121/1506/1083 1123/1508/1085
f 1118/1503/1080 1120/1505/1082 1124/1509/1086
f 1123/1508/1085 1121/1506/1083 1125/1510/1087
f 1125/1510/1087 1121/1506/1083 1114/1497/1076
f 1125/1510/1087 1114/1497/1076 1115/1498/1077
f 1125/1510/1087 1115/1498/1077 1126/1511/1088
f 1118/1503/1080 1124/1509/1086 1127/1512/1089
f 1118/1503/1080 1127/1512/1089 1013/1501/985
f 1127/1512/1089 1124/1509/1086 1128/1513/1090
f 1127/1512/1089 1128/1513/1090 1015/1514/987
f 1127/1512/1089 1015/1514/987 1013/1501/985
f 1013/1501/985 1015/1514/987 1009/1515/982
f 1126/1511/1088 1115/1498/1077 1129/1516/1091
f 1126/1511/1088 1129/1516/1091 1130/1517/1092
f 1130/1517/1092 1129/1516/1091 1100/1481/1063
f 1100/1481/1063 1129/1516/1091 1108/1489/1070
f 1129/1516/1091 1115/1498/1077 1131/1518/1093
f 1131/1518/1093 1115/1498/1077 1108/1489/1070
f 1131/1518/1093 1108/1489/1070 1129/1516/1091
f 917/1519/765 1071/1520/1042 918/1521/891
f 918/1521/891 1071/1520/1042 1132/1522/1094
f 1132/1522/1094 1071/1520/1042 1067/1523/1038
f 918/1521/891 1132/1522/1094 1133/1524/1095
f 918/1521/891 1133/1524/1095 915/1525/889
f 915/1525/889 1133/1524/1095 914/1526/888
f 1132/1522/1094 1067/1523/1038 1134/1527/1096
f 1134/1527/1096 1067/1523/1038 1065/1528/1036
f 1133/1524/1095 1132/1522/1094 1135/1529/1097
f 1132/1522/1094 1134/1527/1096 1136/1530/1098
f 1132/1522/1094 1136/1530/1098 1135/1529/1097
f 1134/1527/1096 1065/1528/1036 1137/1531/1099
f 1134/1527/1096 1137/1531/1099 1136/1530/1098
f 1137/1531/1099 1065/1528/1036 1138/1532/1100
f 1138/1532/1100 1065/1528/1036 1064/1533/1035
f 1138/1532/1100 1064/1533/1035 1063/1534/1034
f 1138/1532/1100 1063/1534/1034 1072/1535/1043
f 1138/1532/1100 1072/1535/1043 1076/1536/1046
f 1139/1537/1101 1135/1529/1097 1136/1530/1098
f 1135/1529/1097 1139/1537/1101 1133/1524/1095
f 1140/1538/1102 1136/1530/1098 1137/1531/1099
f 1136/1530/1098 1140/1538/1102 1139/1537/1101
f 1141/1539/1103 1137/1531/1099 1138/1532/1100
f 1141/1539/1103 1138/1532/1100 1076/1536/1046
f 1137/1531/1099 1141/1539/1103 1140/1538/1102
f 1141/1539/1103 1076/1536/1046 1142/1540/1104
f 1142/1540/1104 1076/1536/1046 1077/1541/1047
f 1142/1540/1104 1077/1541/1047 792/1542/766
f 1141/1539/1103 1142/1540/1104 1143/1543/1105
f 1143/1543/1105 1142/1540/1104 792/1542/766
f 1141/1539/1103 1143/1543/1105 1140/1538/1102
f 1143/1543/1105 792/1542/766 791/1544/765
f 1144/1545/1106 1139/1537/1101 1140/1538/1102
f 1139/1537/1101 1144/1545/1106 1133/1524/1095
f 1140/1538/1102 1143/1543/1105 1145/1546/1107
f 1145/1546/1107 1143/1543/1105 791/1544/765
f 1145/1546/1107 791/1544/765 261/1547/253
f 261/1547/253 791/1544/765 264/1548/256
f 1145/1546/1107 261/1547/253 258/1549/250
f 1140/1538/1102 1145/1546/1107 1146/1550/1108
f 1146/1550/1108 1145/1546/1107 258/1549/250
f 1140/1538/1102 1146/1550/1108 1144/1545/1106
f 1146/1550/1108 258/1549/250 257/1551/249
f 1144/1545/1106 1146/1550/1108 1147/1552/1109
f 1146/1550/1108 257/1551/249 1148/1553/1110
f 1146/1550/1108 1148/1553/1110 1147/1552/1109
f 1148/1553/1110 257/1551/249 256/1554/248
f 1148/1553/1110 256/1554/248 1149/1555/1111
f 1149/1555/1111 1133/1524/1095 1144/1545/1106
f 1149/1555/1111 1144/1545/1106 1147/1552/1109
f 1133/1524/1095 1149/1555/1111 914/1526/888
f 914/1526/888 1149/1555/1111 254/1556/246
f 254/1556/246 1149/1555/1111 256/1554/248
f 1150/1557/1112 1147/1552/1109 1148/1553/1110
f 1150/1557/1112 1148/1553/1110 1149/1555/1111
f 1147/1552/1109 1150/1557/1112 1151/1558/1113
f 1150/1557/1112 1149/1555/1111 1151/1558/1114
f 1152/1559/1115 1149/1555/1111 1147/1552/1109
f 1149/1555/1111 1152/1559/1115 1151/1558/1114
f 1152/1559/1115 1147/1552/1109 1151/1558/1113
f 1150/1557/1112 1151/1558/1114 1153/1558/1116
f 1153/1558/1116 1151/1558/1114 1152/1559/1115
f 1150/1557/1112 1153/1558/1116 1151/1558/1113
f 1151/1558/1113 1153/1558/1116 1152/1559/1115
f 1154/1560/1117 1155/1561/1118 1128/1562/1090
f 1128/1562/1090 1155/1561/1118 1015/1563/987
f 1154/1560/1117 1128/1562/1090 1156/1564/1119
f 1156/1564/1119 1128/1562/1090 1124/1565/1086
f 1154/1560/1117 1156/1564/1119 1157/1566/1120
f 1156/1564/1119 1124/1565/1086 1158/1567/1121
f 1154/1560/1117 1157/1566/1120 1159/1568/1122
f 1156/1564/1119 1158/1567/1121 1160/1569/1123
f 1158/1567/1121 1124/1565/1086 1161/1570/1124
f 1158/1567/1121 1161/1570/1124 1160/1569/1123
f 1161/1570/1124 1124/1565/1086 1162/1571/1125
f 1162/1571/1125 1124/1565/1086 1120/1572/1082
f 1162/1571/1125 1120/1572/1082 1122/1573/1084
f 1161/1570/1124 1162/1571/1125 1163/1574/1126
f 1161/1570/1124 1163/1574/1126 1160/1569/1123
f 1156/1564/1119 1160/1569/1123 1164/1575/1127
f 1156/1564/1119 1164/1575/1127 1157/1566/1120
f 1160/1569/1123 1163/1574/1126 1165/1576/1128
f 1164/1575/1127 1160/1569/1123 1166/1577/1129
f 1164/1575/1127 1166/1577/1129 1157/1566/1120
f 1166/1577/1129 1160/1569/1123 1165/1576/1128
f 1167/1578/1130 1163/1574/1126 1162/1571/1125
f 1163/1574/1126 1167/1578/1130 1165/1576/1128
f 1168/1579/1131 1162/1571/1125 1122/1573/1084
f 1162/1571/1125 1168/1579/1131 1167/1578/1130
f 1168/1579/1131 1122/1573/1084 1169/1580/1132
f 1166/1577/1129 1165/1576/1128 1170/1581/1133
f 1168/1579/1131 1169/1580/1132 1171/1582/1134
f 1168/1579/1131 1171/1582/1134 1167/1578/1130
f 1171/1582/1134 1169/1580/1132 1172/1583/1135
f 1172/1583/1135 1169/1580/1132 1173/1584/1136
f 1167/1578/1130 1171/1582/1134 1174/1585/1137
f 1167/1578/1130 1174/1585/1137 1165/1576/1128
f 1171/1582/1134 1172/1583/1135 1175/1586/1138
f 1171/1582/1134 1175/1586/1138 1174/1585/1137
f 1172/1583/1135 1173/1584/1136 1176/1587/1139
f 1172/1583/1135 1176/1587/1139 1175/1586/1138
f 1165/1576/1128 1174/1585/1137 1177/1588/1140
f 1177/1588/1140 1174/1585/1137 1175/1586/1138
f 1165/1576/1128 1177/1588/1140 1170/1581/1133
f 1176/1587/1139 1173/1584/1136 1178/1589/1141
f 1178/1589/1141 1173/1584/1136 1179/1590/1142
f 1175/1586/1138 1176/1587/1139 1180/1591/1143
f 1175/1586/1138 1180/1591/1143 1177/1588/1140
f 1170/1581/1133 1177/1588/1140 1181/1592/1144
f 1181/1592/1144 1177/1588/1140 1180/1591/1143
f 1170/1581/1133 1181/1592/1144 1166/1577/1129
f 1166/1577/1129 1181/1592/1144 1157/1566/1120
f 1157/1566/1120 1181/1592/1144 1182/1593/1145
f 1157/1566/1120 1182/1593/1145 1159/1568/1122
f 1159/1568/1122 1182/1593/1145 1183/1594/1146
f 1183/1594/1146 1182/1593/1145 1181/1592/1144
f 1159/1568/1122 1183/1594/1146 1184/1595/1147
f 1184/1595/1147 1183/1594/1146 1185/1596/1148
f 1183/1594/1146 1181/1592/1144 1186/1597/1149
f 1183/1594/1146 1186/1597/1149 1185/1596/1148
f 1186/1597/1149 1181/1592/1144 1180/1591/1143
f 1186/1597/1149 1180/1591/1143 1187/1598/1150
f 1186/1597/1149 1187/1598/1150 1185/1596/1148
f 1187/1598/1150 1180/1591/1143 1176/1587/1139
f 1185/1596/1148 1187/1598/1150 1188/1599/1151
f 1185/1596/1148 1188/1599/1151 1189/1600/1152
f 1187/1598/1150 1176/1587/1139 1190/1601/1153
f 1187/1598/1150 1190/1601/1153 1188/1599/1151
f 1190/1601/1153 1176/1587/1139 1178/1589/1141
f 1190/1601/1153 1178/1589/1141 1179/1590/1142
f 1190/1601/1153 1179/1590/1142 1188/1599/1151
f 1188/1599/1151 1179/1590/1142 1016/1602/988
f 1191/1603/1154 1192/1604/1155 1193/1605/1156
f 1191/1603/1154 1193/1605/1156 1194/1606/1157
f 1192/1604/1155 1191/1603/1154 1195/1607/1158
f 1192/1604/1155 1195/1607/1158 1193/1605/1156
f 1195/1607/1158 1191/1603/1154 1196/1608/1159
f 1193/1605/1156 1195/1607/1158 1197/1609/1160
f 1159/1610/1122 1184/1611/1147 1154/1612/1117
f 1154/1612/1117 1184/1611/1147 1198/1613/1161
f 1154/1612/1117 1198/1613/1161 1155/1614/1118
f 1198/1613/1161 1184/1611/1147 1189/1615/1152
f 1189/1615/1152 1184/1611/1147 1185/1616/1148
f 1155/1614/1118 1198/1613/1161 1016/1617/988
f 1016/1617/988 1198/1613/1161 1189/1615/1152
f 1155/1614/1118 1016/1617/988 1015/1618/987
f 1016/1617/988 1189/1615/1152 1188/1619/1151
f 1199/1620/1162 1061/1621/665 1045/1622/1017
f 1061/1621/665 1199/1620/1162 1074/1623/1045
f 1074/1623/1045 1199/1620/1162 1079/1624/1049
f 1199/1620/1162 1045/1622/1017 1200/1625/272
f 1079/1624/1049 1199/1620/1162 1201/1626/1163
f 1201/1626/1163 1199/1620/1162 1200/1625/272
f 1079/1624/1049 1201/1626/1163 809/1627/783
f 1079/1624/1049 809/1627/783 804/1628/778
f 1201/1626/1163 1200/1625/272 1202/1629/1164
f 1200/1625/272 1045/1622/1017 1203/1630/1165
f 809/1627/783 1201/1626/1163 1204/1631/1166
f 1204/1631/1166 1201/1626/1163 1202/1629/1164
f 1202/1629/1164 1200/1625/272 1205/1632/1167
f 1205/1632/1167 1200/1625/272 1203/1630/1165
f 1202/1629/1164 1205/1632/1167 1206/1633/1168
f 1204/1631/1166 1202/1629/1164 1207/1634/1169
f 1207/1634/1169 1202/1629/1164 1206/1633/1168
f 1206/1633/1168 1205/1632/1167 1208/1635/1170
f 1206/1633/1168 1208/1635/1170 1207/1634/1169
f 1208/1635/1170 1205/1632/1167 1209/1636/1171
f 1209/1636/1171 1205/1632/1167 1203/1630/1165
f 1207/1634/1169 1208/1635/1170 1210/1637/1172
f 1210/1637/1172 1208/1635/1170 1209/1636/1171
f 1204/1631/1166 1207/1634/1169 1211/1638/1173
f 1207/1634/1169 1210/1637/1172 1212/1639/1174
f 1207/1634/1169 1212/1639/1174 1211/1638/1173
f 1210/1637/1172 1209/1636/1171 1213/1640/1175
f 1210/1637/1172 1213/1640/1175 1212/1639/1174
f 1209/1636/1171 1203/1630/1165 1214/1641/1176
f 1209/1636/1171 1214/1641/1176 1213/1640/1175
f 1204/1631/1166 1211/1638/1173 1215/1642/1177
f 1204/1631/1166 1215/1642/1177 809/1627/783
f 1211/1638/1173 1212/1639/1174 1216/1643/1178
f 1216/1643/1178 1212/1639/1174 1213/1640/1175
f 1216/1643/1178 1213/1640/1175 1217/1644/1179
f 1211/1638/1173 1216/1643/1178 1218/1645/1180
f 1211/1638/1173 1218/1645/1180 1215/1642/1177
f 1218/1645/1180 1216/1643/1178 1219/1646/1181
f 1218/1645/1180 1219/1646/1181 1220/1647/1182
f 1218/1645/1180 1220/1647/1182 1215/1642/1177
f 1215/1642/1177 1220/1647/1182 899/1648/873
f 1215/1642/1177 899/1648/873 1221/1649/1183
f 1221/1649/1183 899/1648/873 787/1650/761
f 1221/1649/1183 787/1650/761 788/1651/762
f 1221/1649/1183 788/1651/762 1215/1642/1177
f 1215/1642/1177 788/1651/762 809/1627/783
f 809/1627/783 788/1651/762 794/1652/768
f 1222/1653/1184 1223/1654/1185 1213/1640/1175
f 1222/1653/1184 1213/1640/1175 1224/1655/1186
f 1224/1655/1186 1213/1640/1175 1225/1656/1187
f 1225/1656/1187 1213/1640/1175 1226/1657/1188
f 1226/1657/1188 1213/1640/1175 1227/1658/1189
f 1227/1658/1189 1213/1640/1175 1214/1641/1176
f 1227/1658/1189 1214/1641/1176 1226/1657/1188
f 1226/1657/1188 1214/1641/1176 1203/1630/1165
f 1225/1656/1187 1226/1657/1188 1228/1659/1190
f 1226/1657/1188 1203/1630/1165 1229/1660/1191
f 1229/1660/1191 1203/1630/1165 1045/1622/1017
f 1229/1660/1191 1045/1622/1017 1042/1661/1014
f 1226/1657/1188 1229/1660/1191 1230/1662/1192
f 1229/1660/1191 1042/1661/1014 1231/1663/1193
f 1229/1660/1191 1231/1663/1193 1230/1662/1192
f 1231/1663/1193 1042/1661/1014 1039/1664/1011
f 1226/1657/1188 1230/1662/1192 1232/1665/1194
f 1226/1657/1188 1232/1665/1194 1228/1659/1190
f 1232/1665/1194 1230/1662/1192 1233/1666/1195
f 1232/1665/1194 1233/1666/1195 1228/1659/1190
f 1231/1663/1193 1039/1664/1011 1234/1667/1196
f 1234/1667/1196 1039/1664/1011 1038/1668/1010
f 1235/1669/1197 1230/1662/1192 1231/1663/1193
f 1235/1669/1197 1231/1663/1193 1234/1667/1196
f 1236/1670/1198 1237/1671/1199 1228/1659/1190
f 1236/1670/1198 1228/1659/1190 1238/1672/1200
f 1238/1672/1200 1228/1659/1190 1233/1666/1195
f 1236/1670/1198 1238/1672/1200 1239/1673/1201
f 1239/1673/1201 1238/1672/1200 1233/1666/1195
f 1239/1673/1201 1233/1666/1195 1240/1674/1202
f 1240/1674/1202 1233/1666/1195 1241/1675/1203
f 1242/1676/1204 1233/1666/1195 1230/1662/1192
f 1233/1666/1195 1242/1676/1204 1241/1675/1203
f 1242/1676/1204 1230/1662/1192 1235/1669/1197
f 1241/1675/1203 1242/1676/1204 1243/1677/821
f 1241/1675/1203 1243/1677/821 1240/1674/1202
f 1243/1677/821 1242/1676/1204 1235/1669/1197
f 1240/1674/1202 1243/1677/821 1244/1678/1205
f 1244/1678/1205 1243/1677/821 1235/1669/1197
f 1240/1674/1202 1244/1678/1205 1245/1679/1206
f 1245/1679/1206 1244/1678/1205 1246/1680/1207
f 1246/1680/1207 1244/1678/1205 1235/1669/1197
f 1246/1680/1207 1235/1669/1197 1247/1681/1208
f 1247/1681/1208 1235/1669/1197 1234/1667/1196
f 1246/1680/1207 1247/1681/1208 1248/1682/1209
f 1247/1681/1208 1234/1667/1196 1038/1668/1010
f 1248/1682/1209 1247/1681/1208 1249/1683/1210
f 1249/1683/1210 1247/1681/1208 1038/1668/1010
f 1248/1682/1209 1249/1683/1210 1250/1684/1211
f 1249/1683/1210 1038/1668/1010 1026/1685/998
f 1249/1683/1210 1026/1685/998 1251/1686/1212
f 1251/1686/1212 1026/1685/998 1025/1687/997
f 1250/1684/1211 1249/1683/1210 1252/1688/1213
f 1252/1688/1213 1249/1683/1210 1251/1686/1212
f 1252/1688/1213 1251/1686/1212 1025/1687/997
f 1250/1684/1211 1252/1688/1213 1034/1689/1006
f 1034/1689/1006 1252/1688/1213 1253/1690/1214
f 1253/1690/1214 1252/1688/1213 1025/1687/997
f 1253/1690/1214 1025/1687/997 1023/1691/995
f 1253/1690/1214 1023/1691/995 1022/1692/994
f 881/1693/855 528/1694/503 522/1695/34
f 881/1693/855 522/1695/34 527/1696/34
f 881/1693/855 527/1696/34 1254/1697/1215
f 1254/1697/1215 527/1696/34 1255/1698/1216
f 1255/1698/1216 527/1696/34 1256/1699/1217
f 881/1693/855 1254/1697/1215 1257/1700/1218
f 881/1693/855 1257/1700/1218 880/1701/854
f 1257/1700/1218 1254/1697/1215 1258/1702/1219
f 1258/1702/1219 1254/1697/1215 1255/1698/1216
f 880/1701/854 1257/1700/1218 886/1703/860
f 880/1701/854 886/1703/860 882/1704/856
f 1257/1700/1218 1258/1702/1219 1259/1705/1220
f 1257/1700/1218 1259/1705/1220 886/1703/860
f 1258/1702/1219 1255/1698/1216 1260/1706/1221
f 886/1703/860 1259/1705/1220 1261/1707/1222
f 886/1703/860 1261/1707/1222 888/1708/862
f 1259/1705/1220 1258/1702/1219 1262/1709/1223
f 1262/1709/1223 1258/1702/1219 1260/1706/1221
f 1261/1707/1222 1259/1705/1220 1263/1710/1224
f 1263/1710/1224 1259/1705/1220 1262/1709/1223
f 888/1708/862 1261/1707/1222 1264/1711/1225
f 888/1708/862 1264/1711/1225 889/1712/863
f 889/1712/863 1264/1711/1225 1265/1713/1226
f 1265/1713/1226 1264/1711/1225 1266/1714/1227
f 1266/1714/1227 1264/1711/1225 1261/1707/1222
f 1266/1714/1227 1261/1707/1222 1263/1710/1224
f 1266/1714/1227 1263/1710/1224 1267/1715/1228
f 1267/1715/1228 1263/1710/1224 1262/1709/1223
f 1266/1714/1227 1267/1715/1228 1268/1716/1229
f 1267/1715/1228 1262/1709/1223 1269/1717/1230
f 1269/1717/1230 1262/1709/1223 1260/1706/1221
f 1267/1715/1228 1269/1717/1230 1270/1718/1231
f 1267/1715/1228 1270/1718/1231 1271/1719/1232
f 1269/1717/1230 1260/1706/1221 1272/1720/1233
f 1270/1718/1231 1269/1717/1230 1273/1721/1234
f 1273/1721/1234 1269/1717/1230 1272/1720/1233
f 1273/1721/1234 1272/1720/1233 1270/1718/1231
f 1270/1718/1231 1272/1720/1233 1274/1722/1235
f 1272/1720/1233 1260/1706/1221 1255/1698/1216
f 1274/1722/1235 1272/1720/1233 1275/1723/1236
f 1275/1723/1236 1272/1720/1233 1255/1698/1216
f 1275/1723/1236 1255/1698/1216 1276/1724/1237
f 1197/1725/1160 1194/1726/1157 1193/1727/1156
f 1194/1726/1157 1197/1725/1160 1196/1728/1159
f 1194/1726/1157 1196/1728/1159 1191/1729/1154
f 1196/1728/1159 1197/1725/1160 1195/1730/1158
f 625/1731/599 1277/1732/1238 622/1733/596
f 1277/1732/1238 625/1731/599 897/1734/871
f 622/1733/596 1277/1732/1238 1278/1735/1239
f 1278/1735/1239 1277/1732/1238 897/1734/871
f 755/1736/729 620/1737/594 622/1733/596
f 755/1736/729 622/1733/596 1279/1738/1240
f 1279/1738/1240 622/1733/596 1278/1735/1239
f 755/1736/729 1279/1738/1240 758/1739/732
f 1278/1735/1239 897/1734/871 1280/1740/1241
f 759/1741/733 758/1739/732 761/1742/735
f 761/1742/735 758/1739/732 1279/1738/1240
f 1278/1735/1239 1280/1740/1241 1281/1743/1242
f 1278/1735/1239 1281/1743/1242 1279/1738/1240
f 761/1742/735 1279/1738/1240 763/1744/737
f 1281/1743/1242 1280/1740/1241 1282/1745/1243
f 1282/1745/1243 1280/1740/1241 897/1734/871
f 901/1746/875 897/1734/871 896/1747/870
f 897/1734/871 901/1746/875 1282/1745/1243
f 1282/1745/1243 901/1746/875 899/1748/873
f 1282/1745/1243 899/1748/873 1220/1749/1182
f 1281/1743/1242 1282/1745/1243 1283/1750/1244
f 1283/1750/1244 1282/1745/1243 1220/1749/1182
f 1284/1751/1245 1279/1738/1240 1281/1743/1242
f 1284/1751/1245 1281/1743/1242 1283/1750/1244
f 1279/1738/1240 1284/1751/1245 1285/1752/1246
f 1279/1738/1240 1285/1752/1246 763/1744/737
f 1285/1752/1246 1284/1751/1245 1286/1753/1247
f 1285/1752/1246 1286/1753/1247 763/1744/737
f 1286/1753/1247 1284/1751/1245 1283/1750/1244
f 1287/1754/1248 1283/1750/1244 1220/1749/1182
f 1287/1754/1248 1220/1749/1182 1219/1755/1181
f 1286/1753/1247 1283/1750/1244 1288/1756/1249
f 1288/1756/1249 1283/1750/1244 1287/1754/1248
f 763/1744/737 1286/1753/1247 1289/1757/1250
f 1289/1757/1250 1286/1753/1247 1288/1756/1249
f 763/1744/737 1289/1757/1250 764/1758/738
f 1287/1754/1248 1219/1755/1181 1290/1759/1251
f 1287/1754/1248 1290/1759/1251 1288/1756/1249
f 1290/1759/1251 1219/1755/1181 1291/1760/1252
f 764/1758/738 1289/1757/1250 1292/1761/1253
f 1292/1761/1253 1289/1757/1250 1288/1756/1249
f 1293/1762/1254 765/1763/739 764/1758/738
f 1293/1762/1254 764/1758/738 1292/1761/1253
f 1293/1762/1254 1292/1761/1253 1294/1764/1255
f 1294/1764/1255 1292/1761/1253 1295/1765/1256
f 1296/1766/1257 1288/1756/1249 1290/1759/1251
f 1296/1766/1257 1290/1759/1251 1291/1760/1252
f 1292/1761/1253 1288/1756/1249 1297/1767/1258
f 1297/1767/1258 1288/1756/1249 1296/1766/1257
f 1292/1761/1253 1297/1767/1258 1295/1765/1256
f 1298/1768/1259 1291/1760/1252 1219/1755/1181
f 1299/1769/1260 1300/1770/1261 1298/1768/1259
f 1298/1768/1259 1300/1770/1261 1301/1771/1262
f 1298/1768/1259 1301/1771/1262 1302/1772/1263
f 1298/1768/1259 1302/1772/1263 1291/1760/1252
f 1302/1772/1263 1301/1771/1262 1303/1773/1264
f 1302/1772/1263 1303/1773/1264 1304/1774/1265
f 1302/1772/1263 1304/1774/1265 1295/1765/1256
f 1305/1775/1266 1295/1765/1256 1297/1767/1258
f 1295/1765/1256 1305/1775/1266 1302/1772/1263
f 1302/1772/1263 1305/1775/1266 1306/1776/1267
f 1305/1775/1266 1297/1767/1258 1307/1777/1268
f 1305/1775/1266 1307/1777/1268 1306/1776/1267
f 1307/1777/1268 1297/1767/1258 1296/1766/1257
f 1302/1772/1263 1306/1776/1267 1308/1778/1269
f 1308/1778/1269 1306/1776/1267 1307/1777/1268
f 1308/1778/1269 1307/1777/1268 1296/1766/1257
f 1302/1772/1263 1308/1778/1269 1291/1760/1252
f 1291/1760/1252 1308/1778/1269 1296/1766/1257
f 1309/1779/1270 1310/1780/1271 1088/1781/1051
f 1310/1780/1271 1309/1779/1270 1311/1782/1272
f 1088/1781/1051 1310/1780/1271 1312/1783/1273
f 1312/1783/1273 1310/1780/1271 1311/1782/1272
f 1309/1779/1270 1088/1781/1051 1313/1784/1274
f 1309/1779/1270 1313/1784/1274 1311/1782/1272
f 1313/1784/1274 1088/1781/1051 672/1785/646
f 1088/1781/1051 1312/1783/1273 1314/1786/1275
f 1313/1784/1274 672/1785/646 1315/1787/1276
f 1315/1787/1276 672/1785/646 673/1788/647
f 1088/1781/1051 1314/1786/1275 1087/1789/1050
f 1315/1787/1276 673/1788/647 1316/1790/1277
f 1316/1790/1277 673/1788/647 676/1791/650
f 1313/1784/1274 1315/1787/1276 1317/1792/1278
f 1313/1784/1274 1317/1792/1278 1311/1782/1272
f 1317/1792/1278 1315/1787/1276 1316/1790/1277
f 1316/1790/1277 676/1791/650 680/1793/654
f 1318/1794/1279 1312/1783/1273 1311/1782/1272
f 1318/1794/1279 1311/1782/1272 1317/1792/1278
f 1312/1783/1273 1318/1794/1279 1314/1786/1275
f 1316/1790/1277 680/1793/654 1319/1795/1280
f 1317/1792/1278 1316/1790/1277 1320/1796/1281
f 1320/1796/1281 1316/1790/1277 1319/1795/1280
f 1319/1795/1280 680/1793/654 689/1797/663
f 1317/1792/1278 1320/1796/1281 1321/1798/1282
f 1317/1792/1278 1321/1798/1282 1322/1799/1283
f 1322/1799/1283 1321/1798/1282 1320/1796/1281
f 1317/1792/1278 1322/1799/1283 1318/1794/1279
f 1318/1794/1279 1322/1799/1283 1320/1796/1281
f 1323/1800/1284 1314/1786/1275 1318/1794/1279
f 1318/1794/1279 1320/1796/1281 1324/1801/1285
f 1318/1794/1279 1324/1801/1285 1323/1800/1284
f 1325/1802/1286 1320/1796/1281 1319/1795/1280
f 1320/1796/1281 1325/1802/1286 1324/1801/1285
f 1323/1800/1284 1324/1801/1285 1326/1803/1287
f 1323/1800/1284 1326/1803/1287 1314/1786/1275
f 1326/1803/1287 1324/1801/1285 1325/1802/1286
f 1325/1802/1286 1319/1795/1280 1327/1804/1288
f 1325/1802/1286 1327/1804/1288 1326/1803/1287
f 1327/1804/1288 1319/1795/1280 689/1797/663
f 1314/1786/1275 1326/1803/1287 1328/1805/1289
f 1314/1786/1275 1328/1805/1289 1087/1789/1050
f 1087/1789/1050 1328/1805/1289 1329/1806/1290
f 1087/1789/1050 1329/1806/1290 1090/1807/1053
f 1090/1807/1053 1329/1806/1290 1330/1808/1291
f 1330/1808/1291 1329/1806/1290 1331/1809/1292
f 1329/1806/1290 1328/1805/1289 1332/1810/1293
f 1332/1810/1293 1328/1805/1289 1326/1803/1287
f 1331/1809/1292 1329/1806/1290 1333/1811/1294
f 1333/1811/1294 1329/1806/1290 1332/1810/1293
f 1332/1810/1293 1326/1803/1287 1334/1812/1295
f 1332/1810/1293 1334/1812/1295 1333/1811/1294
f 1334/1812/1295 1326/1803/1287 1327/1804/1288
f 1334/1812/1295 1327/1804/1288 1335/1813/1296
f 1334/1812/1295 1335/1813/1296 1333/1811/1294
f 1335/1813/1296 1327/1804/1288 689/1797/663
f 1331/1809/1292 1333/1811/1294 1336/1814/1297
f 1336/1814/1297 1333/1811/1294 1335/1813/1296
f 1331/1809/1292 1336/1814/1297 1337/1815/1298
f 1335/1813/1296 689/1797/663 1338/1816/1299
f 1337/1815/1298 1336/1814/1297 1339/1817/1300
f 1339/1817/1300 1336/1814/1297 1335/1813/1296
f 1339/1817/1300 1335/1813/1296 1338/1816/1299
f 1338/1816/1299 689/1797/663 690/1818/664
f 1338/1816/1299 690/1818/664 1339/1817/1300
f 1339/1817/1300 690/1818/664 1340/1819/1301
f 1274/1820/1235 1341/1821/1302 1270/1822/1231
f 1270/1822/1231 1341/1821/1302 1342/1823/1303
f 1270/1822/1231 1342/1823/1303 1271/1824/1232
f 1342/1823/1303 1341/1821/1302 1343/1825/1304
f 1342/1823/1303 1343/1825/1304 1271/1824/1232
f 1343/1825/1304 1341/1821/1302 1274/1820/1235
f 1271/1824/1232 1343/1825/1304 1344/1826/1305
f 1344/1826/1305 1343/1825/1304 1274/1820/1235
f 1345/1827/1306 1267/1828/1228 1271/1824/1232
f 1267/1828/1228 1345/1827/1306 1268/1829/1229
f 1268/1829/1229 1345/1827/1306 1271/1824/1232
f 1268/1829/1229 1271/1824/1232 1344/1826/1305
f 1268/1829/1229 1344/1826/1305 1346/1830/1307
f 1344/1826/1305 1274/1820/1235 1347/1831/1308
f 1265/1832/1226 1266/1833/1227 1268/1829/1229
f 1265/1832/1226 1268/1829/1229 1346/1830/1307
f 1346/1830/1307 1344/1826/1305 1348/1834/1309
f 1348/1834/1309 1344/1826/1305 1347/1831/1308
f 1265/1832/1226 1346/1830/1307 1349/1835/1310
f 1347/1831/1308 1274/1820/1235 1276/1836/1237
f 1276/1836/1237 1274/1820/1235 1275/1837/1236
f 1265/1832/1226 1349/1835/1310 1350/1838/1311
f 1265/1832/1226 1350/1838/1311 889/1839/863
f 889/1839/863 1350/1838/1311 861/1840/835
f 862/1841/836 861/1840/835 1351/1842/1312
f 1351/1842/1312 861/1840/835 1350/1838/1311
f 1256/1843/1217 1276/1836/1237 1255/1844/1216
f 1276/1836/1237 1256/1843/1217 1352/1845/1313
f 1276/1836/1237 1352/1845/1313 1347/1831/1308
f 1352/1845/1313 1256/1843/1217 1353/1846/1314
f 1347/1831/1308 1352/1845/1313 1354/1847/1315
f 1354/1847/1315 1352/1845/1313 1353/1846/1314
f 1353/1846/1314 1256/1843/1217 1355/1848/1217
f 1347/1831/1308 1354/1847/1315 1348/1834/1309
f 1356/1849/1316 1351/1842/1312 1350/1838/1311
f 1351/1842/1312 1356/1849/1316 1357/1850/1317
f 1357/1850/1317 1356/1849/1316 1358/1851/1318
f 1358/1851/1318 1356/1849/1316 1359/1852/1319
f 1356/1849/1316 1350/1838/1311 1360/1853/1320
f 1359/1852/1319 1356/1849/1316 1361/1854/1321
f 1356/1849/1316 1360/1853/1320 1362/1855/1322
f 1356/1849/1316 1362/1855/1322 1361/1854/1321
f 1362/1855/1322 1360/1853/1320 1363/1856/1323
f 1362/1855/1322 1363/1856/1323 1361/1854/1321
f 1360/1853/1320 1350/1838/1311 1364/1857/1324
f 1364/1857/1324 1350/1838/1311 1365/1858/1325
f 1365/1858/1325 1350/1838/1311 1349/1835/1310
f 1360/1853/1320 1364/1857/1324 1366/1859/1326
f 1360/1853/1320 1366/1859/1326 1363/1856/1323
f 1364/1857/1324 1365/1858/1325 1367/1860/1327
f 1364/1857/1324 1367/1860/1327 1366/1859/1326
f 1365/1858/1325 1349/1835/1310 1368/1861/1328
f 1365/1858/1325 1368/1861/1328 1367/1860/1327
f 1368/1861/1328 1349/1835/1310 1346/1830/1307
f 1367/1860/1327 1368/1861/1328 1369/1862/1329
f 1368/1861/1328 1346/1830/1307 1370/1863/1330
f 1368/1861/1328 1370/1863/1330 1369/1862/1329
f 1370/1863/1330 1346/1830/1307 1348/1834/1309
f 1367/1860/1327 1369/1862/1329 1371/1864/1331
f 1371/1864/1331 1369/1862/1329 1370/1863/1330
f 1370/1863/1330 1348/1834/1309 1372/1865/1332
f 1370/1863/1330 1372/1865/1332 1371/1864/1331
f 1372/1865/1332 1348/1834/1309 1354/1847/1315
f 1373/1866/1333 1366/1859/1326 1367/1860/1327
f 1373/1866/1333 1367/1860/1327 1371/1864/1331
f 1366/1859/1326 1373/1866/1333 1363/1856/1323
f 1373/1866/1333 1371/1864/1331 1374/1867/1334
f 1363/1856/1323 1373/1866/1333 1375/1868/1335
f 1375/1868/1335 1373/1866/1333 1374/1867/1334
f 1363/1856/1323 1375/1868/1335 1376/1869/1336
f 1374/1867/1334 1371/1864/1331 1377/1870/1337
f 1374/1867/1334 1377/1870/1337 1375/1868/1335
f 1378/1871/1338 1371/1864/1331 1372/1865/1332
f 1378/1871/1338 1372/1865/1332 1354/1847/1315
f 1371/1864/1331 1378/1871/1338 1377/1870/1337
f 1363/1856/1323 1376/1869/1336 1361/1854/1321
f 1375/1868/1335 1377/1870/1337 1379/1872/1339
f 1375/1868/1335 1379/1872/1339 1376/1869/1336
f 1377/1870/1337 1378/1871/1338 1380/1873/1340
f 1379/1872/1339 1377/1870/1337 1381/1874/1341
f 1381/1874/1341 1377/1870/1337 1380/1873/1340
f 1380/1873/1340 1378/1871/1338 1382/1875/1342
f 1382/1875/1342 1378/1871/1338 1354/1847/1315
f 1381/1874/1341 1380/1873/1340 1383/1876/1343
f 1382/1875/1342 1354/1847/1315 1384/1877/1344
f 1384/1877/1344 1354/1847/1315 1353/1846/1314
f 1380/1873/1340 1382/1875/1342 1385/1878/1345
f 1380/1873/1340 1385/1878/1345 1383/1876/1343
f 1382/1875/1342 1384/1877/1344 1386/1879/1346
f 1382/1875/1342 1386/1879/1346 1385/1878/1345
f 1384/1877/1344 1353/1846/1314 1387/1880/1347
f 1384/1877/1344 1387/1880/1347 1386/1879/1346
f 1387/1880/1347 1353/1846/1314 1355/1848/1217
f 1386/1879/1346 1387/1880/1347 1388/1881/1348
f 1388/1881/1348 1387/1880/1347 1355/1848/1217
f 1386/1879/1346 1388/1881/1348 1385/1878/1345
f 1389/1882/1349 1383/1876/1343 1385/1878/1345
f 1383/1876/1343 1389/1882/1349 1381/1874/1341
f 1385/1878/1345 1388/1881/1348 1390/1883/1350
f 1388/1881/1348 1355/1848/1217 1391/1884/1351
f 1388/1881/1348 1391/1884/1351 1390/1883/1350
f 1391/1884/1351 1355/1848/1217 1392/1885/1352
f 1392/1885/1352 1355/1848/1217 1393/1886/34
f 1391/1884/1351 1392/1885/1352 1394/1887/1353
f 1391/1884/1351 1394/1887/1353 1390/1883/1350
f 1385/1878/1345 1390/1883/1350 1395/1888/1354
f 1385/1878/1345 1395/1888/1354 1389/1882/1349
f 1396/1889/1355 1381/1874/1341 1389/1882/1349
f 1381/1874/1341 1396/1889/1355 1397/1890/1356
f 1397/1890/1356 1396/1889/1355 1389/1882/1349
f 1381/1874/1341 1397/1890/1356 1398/1891/1357
f 1381/1874/1341 1398/1891/1357 1379/1872/1339
f 1397/1890/1356 1389/1882/1349 1399/1892/1358
f 1399/1892/1358 1389/1882/1349 1395/1888/1354
f 1379/1872/1339 1398/1891/1357 1400/1893/1359
f 1400/1893/1359 1398/1891/1357 1401/1894/1360
f 1379/1872/1339 1400/1893/1359 1376/1869/1336
f 1400/1893/1359 1401/1894/1360 1402/1895/1361
f 1400/1893/1359 1402/1895/1361 1376/1869/1336
f 1402/1895/1361 1401/1894/1360 1403/1896/1362
f 1376/1869/1336 1402/1895/1361 1404/1897/1363
f 1404/1897/1363 1402/1895/1361 1403/1896/1362
f 1376/1869/1336 1404/1897/1363 1361/1854/1321
f 1404/1897/1363 1403/1896/1362 1405/1898/1364
f 1361/1854/1321 1404/1897/1363 1406/1899/1365
f 1406/1899/1365 1404/1897/1363 1405/1898/1364
f 1405/1898/1364 1403/1896/1362 1407/1900/1366
f 1407/1900/1366 1403/1896/1362 1408/1901/1367
f 1407/1900/1366 1408/1901/1367 1409/1902/1368
f 1407/1900/1366 1409/1902/1368 1405/1898/1364
f 1405/1898/1364 1409/1902/1368 1410/1903/1369
f 1405/1898/1364 1410/1903/1369 1406/1899/1365
f 1406/1899/1365 1410/1903/1369 1411/1904/1370
f 1412/1905/1371 1361/1854/1321 1406/1899/1365
f 1412/1905/1371 1406/1899/1365 1411/1904/1370
f 1361/1854/1321 1412/1905/1371 1359/1852/1319
f 1412/1905/1371 1411/1904/1370 1413/1906/1372
f 1412/1905/1371 1413/1906/1372 1359/1852/1319
f 1017/1907/989 1016/1908/988 1179/1909/1142
f 1017/1907/989 1179/1909/1142 1414/1910/1373
f 1017/1907/989 1414/1910/1373 1028/1911/1000
f 1414/1910/1373 1179/1909/1142 1415/1912/1374
f 1415/1912/1374 1179/1909/1142 1173/1913/1136
f 1415/1912/1374 1173/1913/1136 1169/1914/1132
f 1415/1912/1374 1169/1914/1132 1414/1910/1373
f 1028/1911/1000 1414/1910/1373 1029/1915/1001
f 1414/1910/1373 1169/1914/1132 1416/1916/1375
f 1029/1915/1001 1414/1910/1373 1417/1917/1376
f 1417/1917/1376 1414/1910/1373 1418/1918/1377
f 1418/1918/1377 1414/1910/1373 1416/1916/1375
f 1029/1915/1001 1417/1917/1376 1419/1919/1378
f 1417/1917/1376 1418/1918/1377 1420/1920/1379
f 1417/1917/1376 1420/1920/1379 1419/1919/1378
f 1420/1920/1379 1418/1918/1377 1416/1916/1375
f 1029/1915/1001 1419/1919/1378 1421/1921/1380
f 1421/1921/1380 1419/1919/1378 1420/1920/1379
f 1029/1915/1001 1421/1921/1380 1031/1922/1003
f 1421/1921/1380 1420/1920/1379 1422/1923/1381
f 1423/1924/1382 1416/1916/1375 1169/1914/1132
f 1423/1924/1382 1169/1914/1132 1122/1925/1084
f 1423/1924/1382 1122/1925/1084 1123/1926/1085
f 1416/1916/1375 1423/1924/1382 1424/1927/1383
f 1424/1927/1383 1423/1924/1382 1123/1926/1085
f 1425/1928/1384 1420/1920/1379 1416/1916/1375
f 1420/1920/1379 1425/1928/1384 1426/1929/1385
f 1420/1920/1379 1426/1929/1385 1422/1923/1381
f 1425/1928/1384 1416/1916/1375 1427/1930/1386
f 1425/1928/1384 1427/1930/1386 1428/1931/1387
f 1425/1928/1384 1428/1931/1387 1426/1929/1385
f 1427/1930/1386 1416/1916/1375 1429/1932/1388
f 1429/1932/1388 1416/1916/1375 1424/1927/1383
f 1427/1930/1386 1429/1932/1388 1428/1931/1387
f 1429/1932/1388 1424/1927/1383 1430/1933/1389
f 1430/1933/1389 1424/1927/1383 1123/1926/1085
f 1429/1932/1388 1430/1933/1389 1431/1934/1390
f 1429/1932/1388 1431/1934/1390 1428/1931/1387
f 1431/1934/1390 1430/1933/1389 1123/1926/1085
f 1428/1931/1387 1431/1934/1390 1432/1935/1391
f 1432/1935/1391 1431/1934/1390 1123/1926/1085
f 1428/1931/1387 1432/1935/1391 1433/1936/1392
f 1428/1931/1387 1433/1936/1392 1426/1929/1385
f 1432/1935/1391 1123/1926/1085 1434/1937/1393
f 1432/1935/1391 1434/1937/1393 1433/1936/1392
f 1433/1936/1392 1434/1937/1393 1123/1926/1085
f 1433/1936/1392 1123/1926/1085 1125/1938/1087
f 1426/1929/1385 1433/1936/1392 1435/1939/1394
f 1435/1939/1394 1433/1936/1392 1125/1938/1087
f 1426/1929/1385 1435/1939/1394 1436/1940/1395
f 1426/1929/1385 1436/1940/1395 1422/1923/1381
f 1422/1923/1381 1436/1940/1395 1437/1941/1396
f 1437/1941/1396 1436/1940/1395 1438/1942/1397
f 1422/1923/1381 1437/1941/1396 1439/1943/1398
f 1439/1943/1398 1437/1941/1396 1438/1942/1397
f 1422/1923/1381 1439/1943/1398 1421/1921/1380
f 1421/1921/1380 1439/1943/1398 1440/1944/1399
f 1439/1943/1398 1438/1942/1397 1441/1945/1400
f 1439/1943/1398 1441/1945/1400 1440/1944/1399
f 1441/1945/1400 1438/1942/1397 1436/1940/1395
f 1440/1944/1399 1441/1945/1400 1442/1946/1401
f 1442/1946/1401 1441/1945/1400 1443/1947/1402
f 1442/1946/1401 1443/1947/1402 1444/1948/1403
f 1442/1946/1401 1444/1948/1403 1445/1949/1404
f 1444/1948/1403 1443/1947/1402 1446/1950/1405
f 1446/1950/1405 1443/1947/1402 1441/1945/1400
f 1446/1950/1405 1441/1945/1400 1436/1940/1395
f 1446/1950/1405 1436/1940/1395 1435/1939/1394
f 1446/1950/1405 1435/1939/1394 1447/1951/1406
f 1447/1951/1406 1435/1939/1394 1448/1952/1407
f 1448/1952/1407 1435/1939/1394 1449/1953/1408
f 1449/1953/1408 1435/1939/1394 1125/1938/1087
f 1448/1952/1407 1449/1953/1408 1450/1954/1409
f 1450/1954/1409 1449/1953/1408 1451/1955/1410
f 1449/1953/1408 1125/1938/1087 1452/1956/1411
f 1449/1953/1408 1452/1956/1411 1451/1955/1410
f 1452/1956/1411 1125/1938/1087 1126/1957/1088
f 1450/1954/1409 1451/1955/1410 1453/1958/1412
f 1453/1958/1412 1451/1955/1410 1452/1956/1411
f 1453/1958/1412 1452/1956/1411 1126/1957/1088
f 1450/1954/1409 1453/1958/1412 1454/1959/1413
f 1454/1959/1413 1453/1958/1412 1126/1957/1088
f 1454/1959/1413 1126/1957/1088 1130/1960/1092
f 990/1961/963 1098/1962/1061 933/1963/906
f 1098/1962/1061 990/1961/963 983/1964/956
f 1098/1962/1061 983/1964/956 1455/1965/1414
f 1455/1965/1414 983/1964/956 978/1966/951
f 1098/1962/1061 1455/1965/1414 1456/1967/1415
f 1098/1962/1061 1456/1967/1415 1457/1968/1416
f 1098/1962/1061 1457/1968/1416 1100/1969/1063
f 1100/1969/1063 1457/1968/1416 1458/1970/1417
f 1458/1970/1417 1457/1968/1416 1456/1967/1415
f 1100/1969/1063 1458/1970/1417 1130/1971/1092
f 1456/1967/1415 1455/1965/1414 1459/1972/1418
f 1456/1967/1415 1459/1972/1418 1458/1970/1417
f 1459/1972/1418 1455/1965/1414 978/1966/951
f 1130/1971/1092 1458/1970/1417 1460/1973/1419
f 1130/1971/1092 1460/1973/1419 1454/1974/1413
f 1454/1974/1413 1460/1973/1419 1461/1975/1420
f 1454/1974/1413 1461/1975/1420 1462/1976/1421
f 1460/1973/1419 1458/1970/1417 1463/1977/1422
f 1460/1973/1419 1463/1977/1422 1461/1975/1420
f 1463/1977/1422 1458/1970/1417 1459/1972/1418
f 1461/1975/1420 1463/1977/1422 1464/1978/1423
f 1465/1979/1424 1459/1972/1418 978/1966/951
f 1465/1979/1424 978/1966/951 1466/1980/1425
f 1466/1980/1425 978/1966/951 972/1981/945
f 1459/1972/1418 1465/1979/1424 1467/1982/1426
f 1467/1982/1426 1465/1979/1424 1466/1980/1425
f 1459/1972/1418 1467/1982/1426 1464/1978/1423
f 1466/1980/1425 972/1981/945 973/1983/946
f 1467/1982/1426 1466/1980/1425 1468/1984/1427
f 1468/1984/1427 1466/1980/1425 973/1983/946
f 1467/1982/1426 1468/1984/1427 1469/1985/1428
f 1467/1982/1426 1469/1985/1428 1464/1978/1423
f 1469/1985/1428 1468/1984/1427 1470/1986/1429
f 1469/1985/1428 1470/1986/1429 1471/1987/1430
f 1469/1985/1428 1471/1987/1430 1464/1978/1423
f 1464/1978/1423 1471/1987/1430 1472/1988/1431
f 1468/1984/1427 973/1983/946 1473/1989/1432
f 1473/1989/1432 973/1983/946 976/1990/949
f 1473/1989/1432 976/1990/949 1474/1991/1433
f 976/1990/949 973/1983/946 974/1992/947
f 1475/1993/1434 1459/1972/1418 1464/1978/1423
f 1475/1993/1434 1464/1978/1423 1476/1994/1435
f 1459/1972/1418 1475/1993/1434 1463/1977/1422
f 1476/1994/1435 1464/1978/1423 1463/1977/1422
f 1475/1993/1434 1476/1994/1435 1477/1995/1436
f 1477/1995/1436 1476/1994/1435 1463/1977/1422
f 1463/1977/1422 1475/1993/1434 1478/1996/1437
f 1463/1977/1422 1478/1996/1437 1477/1995/1436
f 1477/1995/1436 1478/1996/1437 1475/1993/1434
f 1089/1997/1052 1090/1998/1053 1330/1999/1291
f 1085/2000/34 1089/1997/1052 1479/2001/34
f 1089/1997/1052 1330/1999/1291 1480/2002/1438
f 1089/1997/1052 1480/2002/1438 1479/2001/34
f 1480/2002/1438 1330/1999/1291 1481/2003/168
f 1481/2003/168 1330/1999/1291 1331/2004/1292
f 1479/2001/34 1480/2002/1438 1482/2005/1439
f 1479/2001/34 1482/2005/1439 1483/2006/1440
f 1481/2003/168 1331/2004/1292 1337/2007/1298
f 1483/2006/1440 1482/2005/1439 1484/2008/1441
f 1483/2006/1440 1484/2008/1441 1485/2009/1442
f 1482/2005/1439 1480/2002/1438 1486/2010/1443
f 1482/2005/1439 1486/2010/1443 1484/2008/1441
f 1487/2011/1444 1480/2002/1438 1481/2003/168
f 1480/2002/1438 1487/2011/1444 1486/2010/1443
f 1487/2011/1444 1481/2003/168 1488/2012/1445
f 1488/2012/1445 1481/2003/168 1337/2007/1298
f 1486/2010/1443 1487/2011/1444 1489/2013/1446
f 1486/2010/1443 1489/2013/1446 1484/2008/1441
f 1489/2013/1446 1487/2011/1444 1488/2012/1445
f 1490/2014/1447 1485/2009/1442 1484/2008/1441
f 1490/2014/1447 1484/2008/1441 1489/2013/1446
f 1485/2009/1442 1490/2014/1447 1491/2015/1448
f 1491/2015/1448 1490/2014/1447 1492/2016/1449
f 1490/2014/1447 1489/2013/1446 1493/2017/1450
f 1490/2014/1447 1493/2017/1450 1492/2016/1449
f 1493/2017/1450 1489/2013/1446 1488/2012/1445
f 1491/2015/1448 1492/2016/1449 1494/2018/1451
f 1494/2018/1451 1492/2016/1449 1493/2017/1450
f 1494/2018/1451 1493/2017/1450 1488/2012/1445
f 1494/2018/1451 1488/2012/1445 1495/2019/94
f 1494/2018/1451 1495/2019/94 1496/2020/1452
f 1495/2019/94 1488/2012/1445 1497/2021/630
f 1497/2021/630 1488/2012/1445 1337/2007/1298
f 1495/2019/94 1497/2021/630 1498/2022/1453
f 1498/2022/1453 1497/2021/630 1499/2023/1454
f 1499/2023/1454 1497/2021/630 1340/2024/1301
f 1340/2024/1301 1497/2021/630 1337/2007/1298
f 1340/2024/1301 1337/2007/1298 1339/2025/1300
f 1357/2026/1317 1500/2027/1455 1351/2028/1312
f 1351/2028/1312 1500/2027/1455 862/2029/836
f 1501/2030/1456 1500/2031/1455 1357/2032/1317
f 1500/2031/1455 1501/2030/1456 862/2033/836
f 1501/2030/1456 1357/2032/1317 1358/2034/1318
f 862/2033/836 1501/2030/1456 1502/2035/1457
f 862/2033/836 1502/2035/1457 858/2036/832
f 858/2036/832 1502/2035/1457 855/2037/829
f 1501/2030/1456 1358/2034/1318 1503/2038/1458
f 1503/2038/1458 1358/2034/1318 1359/2039/1319
f 1503/2038/1458 1359/2039/1319 1413/2040/1372
f 1503/2038/1458 1413/2040/1372 1411/2041/1370
f 1501/2030/1456 1503/2038/1458 1504/2042/1459
f 1504/2042/1459 1503/2038/1458 1411/2041/1370
f 1505/2043/1460 1502/2035/1457 1501/2030/1456
f 1505/2043/1460 1501/2030/1456 1504/2042/1459
f 1506/2044/1461 855/2037/829 1502/2035/1457
f 1506/2044/1461 1502/2035/1457 1505/2043/1460
f 855/2037/829 1506/2044/1461 856/2045/830
f 856/2045/830 1506/2044/1461 1507/2046/1462
f 856/2045/830 1507/2046/1462 954/2047/927
f 1506/2044/1461 1505/2043/1460 1508/2048/1463
f 1506/2044/1461 1508/2048/1463 1507/2046/1462
f 1508/2048/1463 1505/2043/1460 1509/2049/1464
f 1507/2046/1462 1508/2048/1463 1510/2050/1465
f 1509/2049/1464 1505/2043/1460 1511/2051/1466
f 1511/2051/1466 1505/2043/1460 1504/2042/1459
f 1508/2048/1463 1509/2049/1464 1512/2052/1467
f 1508/2048/1463 1512/2052/1467 1510/2050/1465
f 1512/2052/1467 1509/2049/1464 1511/2051/1466
f 1507/2046/1462 1510/2050/1465 1513/2053/1468
f 1513/2053/1468 1510/2050/1465 1512/2052/1467
f 1514/2054/1469 954/2047/927 1507/2046/1462
f 1514/2054/1469 1507/2046/1462 1513/2053/1468
f 954/2047/927 1514/2054/1469 955/2055/928
f 1514/2054/1469 1513/2053/1468 1515/2056/1470
f 1514/2054/1469 1515/2056/1470 955/2055/928
f 1515/2056/1470 1513/2053/1468 1516/2057/1471
f 955/2055/928 1515/2056/1470 1517/2058/1472
f 1517/2058/1472 1515/2056/1470 1516/2057/1471
f 955/2055/928 1517/2058/1472 958/2059/931
f 958/2059/931 1517/2058/1472 968/2060/941
f 968/2060/941 1517/2058/1472 1518/2061/1473
f 1518/2061/1473 1517/2058/1472 1516/2057/1471
f 968/2060/941 1518/2061/1473 975/2062/948
f 975/2062/948 1518/2061/1473 1516/2057/1471
f 968/2060/941 975/2062/948 969/2063/942
f 1519/2064/1474 1516/2057/1471 1513/2053/1468
f 1519/2064/1474 1513/2053/1468 1512/2052/1467
f 975/2062/948 1516/2057/1471 1520/2065/1475
f 1520/2065/1475 1516/2057/1471 1519/2064/1474
f 975/2062/948 1520/2065/1475 976/2066/949
f 976/2066/949 1520/2065/1475 1521/2067/1476
f 1521/2067/1476 1520/2065/1475 1522/2068/1477
f 1522/2068/1477 1520/2065/1475 1519/2064/1474
f 1521/2067/1476 1522/2068/1477 1523/2069/1478
f 1519/2064/1474 1512/2052/1467 1524/2070/1479
f 1519/2064/1474 1524/2070/1479 1522/2068/1477
f 1523/2069/1478 1522/2068/1477 1525/2071/1480
f 1523/2069/1478 1525/2071/1480 1526/2072/1481
f 1523/2069/1478 1526/2072/1481 1527/2073/1482
f 1525/2071/1480 1522/2068/1477 1528/2074/1483
f 1528/2074/1483 1522/2068/1477 1524/2070/1479
f 1526/2072/1481 1525/2071/1480 1529/2075/1484
f 1526/2072/1481 1529/2075/1484 1527/2073/1482
f 1525/2071/1480 1528/2074/1483 1530/2076/1485
f 1525/2071/1480 1530/2076/1485 1529/2075/1484
f 1527/2073/1482 1529/2075/1484 1531/2077/1486
f 1527/2073/1482 1531/2077/1486 1532/2078/1487
f 1531/2077/1486 1529/2075/1484 1533/2079/1488
f 1533/2079/1488 1529/2075/1484 1530/2076/1485
f 1531/2077/1486 1533/2079/1488 1534/2080/1489
f 1534/2080/1489 1533/2079/1488 1535/2081/1490
f 1535/2081/1490 1533/2079/1488 1536/2082/1491
f 1537/2083/1492 1530/2076/1485 1528/2074/1483
f 1537/2083/1492 1528/2074/1483 1524/2070/1479
f 1530/2076/1485 1537/2083/1492 1538/2084/1493
f 1537/2083/1492 1524/2070/1479 1539/2085/1494
f 1530/2076/1485 1538/2084/1493 1540/2086/1495
f 1530/2076/1485 1540/2086/1495 1533/2079/1488
f 1538/2084/1493 1537/2083/1492 1541/2087/1496
f 1538/2084/1493 1541/2087/1496 1540/2086/1495
f 1541/2087/1496 1537/2083/1492 1539/2085/1494
f 1533/2079/1488 1540/2086/1495 1542/2088/1497
f 1533/2079/1488 1542/2088/1497 1536/2082/1491
f 1542/2088/1497 1540/2086/1495 1541/2087/1496
f 1543/2089/1498 1539/2085/1494 1524/2070/1479
f 1539/2085/1494 1543/2089/1498 1541/2087/1496
f 1543/2089/1498 1524/2070/1479 1512/2052/1467
f 1543/2089/1498 1512/2052/1467 1544/2090/1499
f 1543/2089/1498 1544/2090/1499 1541/2087/1496
f 1544/2090/1499 1512/2052/1467 1511/2051/1466
f 1542/2088/1497 1541/2087/1496 1545/2091/1500
f 1545/2091/1500 1541/2087/1496 1544/2090/1499
f 1542/2088/1497 1545/2091/1500 1546/2092/1501
f 1542/2088/1497 1546/2092/1501 1536/2082/1491
f 1547/2093/1502 1548/2094/1503 1536/2082/1491
f 1547/2093/1502 1536/2082/1491 1546/2092/1501
f 1547/2093/1502 1546/2092/1501 1549/2095/1504
f 1547/2093/1502 1549/2095/1504 1550/2096/1505
f 1549/2095/1504 1546/2092/1501 1551/2097/1506
f 1549/2095/1504 1551/2097/1506 1552/2098/1507
f 1553/2099/1508 1546/2092/1501 1545/2091/1500
f 1546/2092/1501 1553/2099/1508 1551/2097/1506
f 1552/2098/1507 1551/2097/1506 1554/2100/1509
f 1554/2100/1509 1551/2097/1506 1553/2099/1508
f 1552/2098/1507 1554/2100/1509 1555/2101/1510
f 1554/2100/1509 1553/2099/1508 1556/2102/1511
f 1554/2100/1509 1556/2102/1511 1555/2101/1510
f 1553/2099/1508 1545/2091/1500 1557/2103/1512
f 1557/2103/1512 1545/2091/1500 1544/2090/1499
f 1556/2102/1511 1553/2099/1508 1558/2104/1513
f 1558/2104/1513 1553/2099/1508 1557/2103/1512
f 1556/2102/1511 1558/2104/1513 1555/2101/1510
f 1558/2104/1513 1557/2103/1512 1559/2105/1514
f 1559/2105/1514 1557/2103/1512 1544/2090/1499
f 1558/2104/1513 1559/2105/1514 1555/2101/1510
f 1559/2105/1514 1544/2090/1499 1560/2106/1515
f 1559/2105/1514 1560/2106/1515 1555/2101/1510
f 1560/2106/1515 1544/2090/1499 1511/2051/1466
f 1555/2101/1510 1560/2106/1515 1561/2107/1516
f 1561/2107/1516 1560/2106/1515 1511/2051/1466
f 1555/2101/1510 1561/2107/1516 1562/2108/1517
f 1409/2109/1368 1408/2110/1367 1562/2108/1517
f 1409/2109/1368 1562/2108/1517 1561/2107/1516
f 1409/2109/1368 1561/2107/1516 1411/2041/1370
f 1409/2109/1368 1411/2041/1370 1410/2111/1369
f 1561/2107/1516 1511/2051/1466 1563/2112/1518
f 1411/2041/1370 1561/2107/1516 1564/2113/1519
f 1564/2113/1519 1561/2107/1516 1563/2112/1518
f 1564/2113/1519 1563/2112/1518 1511/2051/1466
f 1411/2041/1370 1564/2113/1519 1504/2042/1459
f 1564/2113/1519 1511/2051/1466 1565/2114/1520
f 1564/2113/1519 1565/2114/1520 1504/2042/1459
f 1504/2042/1459 1565/2114/1520 1511/2051/1466
f 1256/2115/1217 527/2116/34 1566/2117/34
f 1256/2115/1217 1566/2117/34 1355/2118/1217
f 1355/2118/1217 1566/2117/34 1393/2119/34
f 1393/2119/34 1566/2117/34 1567/2120/34
f 1566/2117/34 527/2116/34 525/2121/34
f 1567/2120/34 1566/2117/34 1568/2122/34
f 1566/2117/34 525/2121/34 1569/2123/34
f 1566/2117/34 1569/2123/34 1568/2122/34
f 1569/2123/34 525/2121/34 526/2124/34
f 1569/2123/34 526/2124/34 1568/2122/34
f 1568/2122/34 526/2124/34 1570/2125/34
f 1570/2125/34 526/2124/34 524/2126/34
f 1571/2127/1521 1572/2128/1522 1253/2129/1214
f 1253/2129/1214 1572/2128/1522 1573/2130/1523
f 1253/2129/1214 1573/2130/1523 1034/2131/1006
f 1573/2130/1523 1572/2128/1522 1036/2132/1008
f 1034/2131/1006 1573/2130/1523 1030/2133/1002
f 1573/2130/1523 1036/2132/1008 1571/2134/1521
f 1573/2130/1523 1571/2134/1521 1030/2133/1002
f 1571/2134/1521 1036/2132/1008 1574/2135/1524
f 1574/2135/1524 1036/2132/1008 1035/2136/1007
f 1030/2133/1002 1571/2134/1521 1253/2137/1214
f 1030/2133/1002 1253/2137/1214 1022/2138/994
f 1575/2139/1525 1576/2140/1526 1577/2141/1527
f 1575/2139/1525 1577/2141/1527 1578/2142/1528
f 1575/2139/1525 1578/2142/1528 1390/1883/1350
f 1390/1883/1350 1578/2142/1528 1395/1888/1354
f 1575/2139/1525 1390/1883/1350 1394/1887/1353
f 1575/2139/1525 1394/1887/1353 1576/2140/1526
f 1395/1888/1354 1578/2142/1528 1579/2143/1529
f 1395/1888/1354 1579/2143/1529 1399/1892/1358
f 1578/2142/1528 1577/2141/1527 1580/2144/1530
f 1578/2142/1528 1580/2144/1530 1579/2143/1529
f 1399/1892/1358 1579/2143/1529 1581/2145/1531
f 1581/2145/1531 1579/2143/1529 1580/2144/1530
f 1399/1892/1358 1581/2145/1531 1582/2146/1532
f 1582/2146/1532 1581/2145/1531 1583/2147/1533
f 1581/2145/1531 1580/2144/1530 1584/2148/1534
f 1581/2145/1531 1584/2148/1534 1583/2147/1533
f 1585/2149/1535 1580/2144/1530 1577/2141/1527
f 1585/2149/1535 1577/2141/1527 1576/2140/1526
f 1580/2144/1530 1585/2149/1535 1586/2150/1536
f 1580/2144/1530 1586/2150/1536 1584/2148/1534
f 1585/2149/1535 1576/2140/1526 1587/2151/1537
f 1585/2149/1535 1587/2151/1537 1586/2150/1536
f 1583/2147/1533 1584/2148/1534 1588/2152/1538
f 1584/2148/1534 1586/2150/1536 1589/2153/1539
f 1589/2153/1539 1586/2150/1536 1587/2151/1537
f 1588/2152/1538 1584/2148/1534 1590/2154/1540
f 1590/2154/1540 1584/2148/1534 1589/2153/1539
f 1583/2147/1533 1588/2152/1538 1591/2155/1541
f 1591/2155/1541 1588/2152/1538 1590/2154/1540
f 1583/2147/1533 1591/2155/1541 1592/2156/1542
f 1592/2156/1542 1591/2155/1541 1593/2157/1543
f 1591/2155/1541 1590/2154/1540 1594/2158/1544
f 1591/2155/1541 1594/2158/1544 1593/2157/1543
f 1590/2154/1540 1589/2153/1539 1595/2159/1545
f 1595/2159/1545 1589/2153/1539 1587/2151/1537
f 1590/2154/1540 1595/2159/1545 1594/2158/1544
f 1593/2157/1543 1594/2158/1544 1596/2160/1546
f 1593/2157/1543 1596/2160/1546 1597/2161/1547
f 1596/2160/1546 1594/2158/1544 1598/2162/1548
f 1598/2162/1548 1594/2158/1544 1599/2163/1549
f 1599/2163/1549 1594/2158/1544 1595/2159/1545
f 1599/2163/1549 1595/2159/1545 1392/1885/1352
f 1392/1885/1352 1595/2159/1545 1600/2164/1550
f 1392/1885/1352 1600/2164/1550 1394/1887/1353
f 1600/2164/1550 1595/2159/1545 1601/2165/1551
f 1601/2165/1551 1595/2159/1545 1587/2151/1537
f 1394/1887/1353 1600/2164/1550 1602/2166/1552
f 1601/2165/1551 1587/2151/1537 1603/2167/1553
f 1394/1887/1353 1602/2166/1552 1576/2140/1526
f 1603/2167/1553 1587/2151/1537 1576/2140/1526
f 1603/2167/1553 1576/2140/1526 1602/2166/1552
f 1603/2167/1553 1602/2166/1552 1604/2168/1554
f 1602/2166/1552 1600/2164/1550 1605/2169/1555
f 1602/2166/1552 1605/2169/1555 1604/2168/1554
f 1605/2169/1555 1600/2164/1550 1601/2165/1551
f 1604/2168/1554 1605/2169/1555 1603/2167/1553
f 1606/2170/1556 1601/2165/1551 1603/2167/1553
f 1601/2165/1551 1606/2170/1556 1605/2169/1555
f 1605/2169/1555 1606/2170/1556 1603/2167/1553
f 693/2171/667 696/2172/670 1607/2173/1557
f 693/2171/667 1607/2173/1557 1608/2174/1558
f 693/2171/667 1608/2174/1558 691/2175/665
f 691/2175/665 1608/2174/1558 692/2176/666
f 1608/2174/1558 1607/2173/1557 1609/2177/1559
f 1608/2174/1558 1609/2177/1559 692/2176/666
f 1607/2173/1557 696/2172/670 1610/2178/1560
f 1607/2173/1557 1610/2178/1560 1609/2177/1559
f 698/2179/672 703/2180/677 696/2172/670
f 770/2181/744 703/2180/677 702/2182/676
f 703/2180/677 770/2181/744 704/2183/678
f 703/2180/677 704/2183/678 696/2172/670
f 696/2172/670 704/2183/678 1610/2178/1560
f 1610/2178/1560 704/2183/678 1611/2184/1561
f 1611/2184/1561 704/2183/678 706/2185/680
f 1611/2184/1561 706/2185/680 709/2186/683
f 1610/2178/1560 1611/2184/1561 1612/2187/1562
f 1610/2178/1560 1612/2187/1562 1609/2177/1559
f 1611/2184/1561 709/2186/683 1613/2188/1563
f 1613/2188/1563 709/2186/683 705/2189/679
f 1612/2187/1562 1611/2184/1561 1614/2190/1564
f 1612/2187/1562 1614/2190/1564 1609/2177/1559
f 1614/2190/1564 1611/2184/1561 1613/2188/1563
f 1613/2188/1563 705/2189/679 704/2191/678
f 1613/2188/1563 704/2191/678 770/2192/744
f 1614/2190/1564 1613/2188/1563 1615/2193/1565
f 769/2194/743 1616/2195/1566 770/2192/744
f 770/2192/744 1616/2195/1566 1617/2196/1567
f 770/2192/744 1617/2196/1567 1613/2188/1563
f 1613/2188/1563 1617/2196/1567 1615/2193/1565
f 1615/2193/1565 1617/2196/1567 1618/2197/1568
f 1615/2193/1565 1618/2197/1568 1614/2190/1564
f 1618/2197/1568 1617/2196/1567 1619/2198/1569
f 1618/2197/1568 1619/2198/1569 1620/2199/1570
f 1614/2190/1564 1618/2197/1568 1621/2200/1571
f 1614/2190/1564 1621/2200/1571 1609/2177/1559
f 1618/2197/1568 1620/2199/1570 1622/2201/1572
f 1622/2201/1572 1620/2199/1570 1623/2202/1573
f 1621/2200/1571 1618/2197/1568 1624/2203/1574
f 1624/2203/1574 1618/2197/1568 1622/2201/1572
f 1609/2177/1559 1621/2200/1571 1625/2204/1575
f 1609/2177/1559 1625/2204/1575 692/2176/666
f 692/2176/666 1625/2204/1575 690/2205/664
f 690/2205/664 1625/2204/1575 1340/2206/1301
f 1340/2206/1301 1625/2204/1575 1626/2207/1576
f 1626/2207/1576 1625/2204/1575 1621/2200/1571
f 1340/2206/1301 1626/2207/1576 1499/2208/1454
f 1499/2208/1454 1626/2207/1576 1498/2209/1453
f 1498/2209/1453 1626/2207/1576 1621/2200/1571
f 1498/2209/1453 1621/2200/1571 1624/2203/1574
f 1498/2209/1453 1624/2203/1574 1627/2210/1577
f 1628/2211/1578 1624/2203/1574 1622/2201/1572
f 1624/2203/1574 1628/2211/1578 1627/2210/1577
f 1628/2211/1578 1622/2201/1572 1629/2212/1579
f 1498/2209/1453 1627/2210/1577 1630/2213/1580
f 1498/2209/1453 1630/2213/1580 1631/2214/1581
f 1498/2209/1453 1631/2214/1581 1495/2215/94
f 1495/2215/94 1631/2214/1581 1496/2216/1452
f 1496/2216/1452 1631/2214/1581 1630/2213/1580
f 1496/2216/1452 1630/2213/1580 1627/2210/1577
f 1496/2216/1452 1627/2210/1577 1632/2217/1582
f 1633/2218/1583 1627/2210/1577 1628/2211/1578
f 1633/2218/1583 1628/2211/1578 1629/2212/1579
f 1632/2217/1582 1627/2210/1577 1634/2219/1584
f 1634/2219/1584 1627/2210/1577 1633/2218/1583
f 1632/2217/1582 1634/2219/1584 1635/2220/1585
f 1635/2220/1585 1634/2219/1584 1636/2221/1586
f 1636/2221/1586 1634/2219/1584 1633/2218/1583
f 1635/2220/1585 1636/2221/1586 1637/2222/1587
f 1637/2222/1587 1636/2221/1586 1638/2223/1588
f 1637/2222/1587 1638/2223/1588 1639/2224/630
f 1639/2224/630 1638/2223/1588 1640/2225/1589
f 1640/2225/1589 1638/2223/1588 1641/2226/1590
f 1641/2226/1590 1638/2223/1588 1642/2227/1591
f 1641/2226/1590 1642/2227/1591 1643/2228/1592
f 1643/2228/1592 1642/2227/1591 1644/2229/1593
f 1638/2223/1588 1636/2221/1586 1645/2230/1594
f 1645/2230/1594 1636/2221/1586 1633/2218/1583
f 1642/2227/1591 1638/2223/1588 1646/2231/1595
f 1646/2231/1595 1638/2223/1588 1645/2230/1594
f 1644/2229/1593 1642/2227/1591 1647/2232/1596
f 1644/2229/1593 1647/2232/1596 1648/2233/1597
f 1648/2233/1597 1647/2232/1596 1649/2234/1598
f 1647/2232/1596 1642/2227/1591 1650/2235/1599
f 1650/2235/1599 1642/2227/1591 1646/2231/1595
f 1647/2232/1596 1650/2235/1599 1651/2236/1600
f 1647/2232/1596 1651/2236/1600 1652/2237/1601
f 1650/2235/1599 1646/2231/1595 1653/2238/1602
f 1650/2235/1599 1653/2238/1602 1651/2236/1600
f 1653/2238/1602 1646/2231/1595 1654/2239/1603
f 1654/2239/1603 1646/2231/1595 1645/2230/1594
f 1651/2236/1600 1653/2238/1602 1655/2240/1604
f 1651/2236/1600 1655/2240/1604 1656/2241/1605
f 1651/2236/1600 1656/2241/1605 1657/2242/1606
f 1655/2240/1604 1653/2238/1602 1658/2243/1607
f 1658/2243/1607 1653/2238/1602 1654/2239/1603
f 1656/2241/1605 1655/2240/1604 1659/2244/1608
f 1659/2244/1608 1655/2240/1604 1658/2243/1607
f 1656/2241/1605 1659/2244/1608 1660/2245/1609
f 1660/2245/1609 1659/2244/1608 1661/2246/1610
f 1661/2246/1610 1659/2244/1608 1662/2247/1611
f 1658/2243/1607 1654/2239/1603 1663/2248/1612
f 1663/2248/1612 1654/2239/1603 1645/2230/1594
f 1659/2244/1608 1658/2243/1607 1664/2249/1613
f 1659/2244/1608 1664/2249/1613 1662/2247/1611
f 1664/2249/1613 1658/2243/1607 1663/2248/1612
f 1663/2248/1612 1645/2230/1594 1665/2250/1614
f 1662/2247/1611 1664/2249/1613 1666/2251/1615
f 1663/2248/1612 1665/2250/1614 1667/2252/1616
f 1667/2252/1616 1665/2250/1614 1645/2230/1594
f 1664/2249/1613 1663/2248/1612 1668/2253/1617
f 1668/2253/1617 1663/2248/1612 1667/2252/1616
f 1664/2249/1613 1668/2253/1617 1666/2251/1615
f 1669/2254/1618 1670/2255/1619 1662/2247/1611
f 1669/2254/1618 1662/2247/1611 1666/2251/1615
f 1669/2254/1618 1666/2251/1615 1671/2256/1620
f 1669/2254/1618 1671/2256/1620 1672/2257/1621
f 1671/2256/1620 1666/2251/1615 1673/2258/1622
f 1671/2256/1620 1673/2258/1622 1672/2257/1621
f 1673/2258/1622 1666/2251/1615 1674/2259/1623
f 1673/2258/1622 1674/2259/1623 1672/2257/1621
f 1674/2259/1623 1666/2251/1615 1668/2253/1617
f 1672/2257/1621 1674/2259/1623 1675/2260/1624
f 1674/2259/1623 1668/2253/1617 1676/2261/1625
f 1674/2259/1623 1676/2261/1625 1675/2260/1624
f 1676/2261/1625 1668/2253/1617 1667/2252/1616
f 1677/2262/1626 1678/2263/1627 1675/2260/1624
f 1677/2262/1626 1675/2260/1624 1679/2264/1628
f 1679/2264/1628 1675/2260/1624 1623/2202/1573
f 1623/2202/1573 1675/2260/1624 1676/2261/1625
f 1623/2202/1573 1676/2261/1625 1622/2201/1572
f 1622/2201/1572 1676/2261/1625 1629/2212/1579
f 1676/2261/1625 1667/2252/1616 1680/2265/1629
f 1676/2261/1625 1680/2265/1629 1629/2212/1579
f 1629/2212/1579 1680/2265/1629 1667/2252/1616
f 1629/2212/1579 1667/2252/1616 1681/2266/1630
f 1629/2212/1579 1681/2266/1630 1633/2218/1583
f 1681/2266/1630 1667/2252/1616 1645/2230/1594
f 1681/2266/1630 1645/2230/1594 1633/2218/1583
f 1485/2267/1442 1491/2268/1448 1682/2269/1631
f 1682/2269/1631 1491/2268/1448 1683/2270/1632
f 1683/2270/1632 1491/2268/1448 1494/2271/1451
f 1485/2267/1442 1682/2269/1631 1684/2272/1633
f 1684/2272/1633 1682/2269/1631 1683/2270/1632
f 1485/2267/1442 1684/2272/1633 1685/2273/1634
f 1485/2267/1442 1685/2273/1634 1483/2274/1440
f 1685/2273/1634 1684/2272/1633 1686/2275/1635
f 1483/2274/1440 1685/2273/1634 1687/2276/1636
f 1687/2276/1636 1685/2273/1634 1686/2275/1635
f 1483/2274/1440 1687/2276/1636 1479/2277/34
f 1686/2275/1635 1684/2272/1633 1688/2278/1637
f 1686/2275/1635 1688/2278/1637 1687/2276/1636
f 1688/2278/1637 1684/2272/1633 1689/2279/1638
f 1689/2279/1638 1684/2272/1633 1683/2270/1632
f 1687/2276/1636 1688/2278/1637 1690/2280/1639
f 1690/2280/1639 1688/2278/1637 1689/2279/1638
f 1689/2279/1638 1683/2270/1632 1691/2281/1640
f 1689/2279/1638 1691/2281/1640 1690/2280/1639
f 1691/2281/1640 1683/2270/1632 1692/2282/1641
f 1691/2281/1640 1692/2282/1641 1690/2280/1639
f 1692/2282/1641 1683/2270/1632 1693/2283/1642
f 1693/2283/1642 1683/2270/1632 1494/2271/1451
f 1693/2283/1642 1494/2271/1451 1496/2284/1452
f 1693/2283/1642 1496/2284/1452 1632/2285/1582
f 1692/2282/1641 1693/2283/1642 1694/2286/1643
f 1694/2286/1643 1693/2283/1642 1632/2285/1582
f 1692/2282/1641 1694/2286/1643 1695/2287/1644
f 1695/2287/1644 1694/2286/1643 1632/2285/1582
f 1692/2282/1641 1695/2287/1644 1690/2280/1639
f 1695/2287/1644 1632/2285/1582 1635/2288/1585
f 1695/2287/1644 1635/2288/1585 1690/2280/1639
f 1690/2280/1639 1635/2288/1585 1637/2289/1587
f 1690/2280/1639 1637/2289/1587 1696/2290/1645
f 1690/2280/1639 1696/2290/1645 1687/2276/1636
f 1696/2290/1645 1637/2289/1587 1639/2291/630
f 1687/2276/1636 1696/2290/1645 1697/2292/1646
f 1697/2292/1646 1696/2290/1645 1639/2291/630
f 1698/2293/1647 1572/2294/1522 1571/2295/1521
f 1698/2293/1647 1571/2295/1521 1574/2296/1524
f 1698/2293/1647 1574/2296/1524 1699/2297/1648
f 1572/2294/1522 1698/2293/1647 1700/2298/1649
f 1572/2294/1522 1700/2298/1649 1036/2299/1008
f 1036/2299/1008 1700/2298/1649 1034/2300/1006
f 1034/2300/1006 1700/2298/1649 1250/2301/1211
f 1250/2301/1211 1700/2298/1649 1248/2302/1209
f 1248/2302/1209 1700/2298/1649 1701/2303/1650
f 1701/2303/1650 1700/2298/1649 1698/2293/1647
f 1248/2302/1209 1701/2303/1650 1246/2304/1207
f 1702/2305/1651 1698/2293/1647 1699/2297/1648
f 1702/2305/1651 1699/2297/1648 1445/2306/1404
f 1698/2293/1647 1702/2305/1651 1703/2307/1652
f 1702/2305/1651 1445/2306/1404 1704/2308/1653
f 1702/2305/1651 1704/2308/1653 1703/2307/1652
f 1704/2308/1653 1445/2306/1404 1705/2309/1654
f 1698/2293/1647 1703/2307/1652 1706/2310/1655
f 1706/2310/1655 1703/2307/1652 1704/2308/1653
f 1698/2293/1647 1706/2310/1655 1701/2303/1650
f 1707/2311/1656 1246/2304/1207 1701/2303/1650
f 1707/2311/1656 1701/2303/1650 1706/2310/1655
f 1246/2304/1207 1707/2311/1656 1245/2312/1206
f 1704/2308/1653 1705/2309/1654 1708/2313/1657
f 1704/2308/1653 1708/2313/1657 1706/2310/1655
f 1708/2313/1657 1705/2309/1654 1709/2314/1658
f 1708/2313/1657 1709/2314/1658 1710/2315/1659
f 1708/2313/1657 1710/2315/1659 1711/2316/1660
f 1708/2313/1657 1711/2316/1660 1712/2317/1661
f 1706/2310/1655 1708/2313/1657 1713/2318/1662
f 1714/2319/1663 1707/2311/1656 1706/2310/1655
f 1714/2319/1663 1706/2310/1655 1713/2318/1662
f 1714/2319/1663 1713/2318/1662 1708/2313/1657
f 1714/2319/1663 1708/2313/1657 1712/2317/1661
f 1707/2311/1656 1714/2319/1663 1245/2312/1206
f 1714/2319/1663 1712/2317/1661 1715/2320/1664
f 1714/2319/1663 1715/2320/1664 1716/2321/1665
f 1714/2319/1663 1716/2321/1665 1245/2312/1206
f 1245/2312/1206 1716/2321/1665 1240/2322/1202
f 766/2323/740 1616/2324/1566 769/2325/743
f 1616/2324/1566 766/2323/740 1717/2326/1666
f 1717/2326/1666 766/2323/740 767/2327/741
f 1717/2326/1666 767/2327/741 768/2328/742
f 765/2329/739 1293/2330/1254 768/2328/742
f 768/2328/742 1293/2330/1254 1717/2326/1666
f 1717/2326/1666 1293/2330/1254 1294/2331/1255
f 1616/2324/1566 1717/2326/1666 1718/2332/1667
f 1616/2324/1566 1718/2332/1667 1617/2333/1567
f 1717/2326/1666 1294/2331/1255 1719/2334/1668
f 1617/2333/1567 1718/2332/1667 1720/2335/1669
f 1718/2332/1667 1717/2326/1666 1721/2336/1670
f 1718/2332/1667 1721/2336/1670 1720/2335/1669
f 1721/2336/1670 1717/2326/1666 1719/2334/1668
f 1617/2333/1567 1720/2335/1669 1722/2337/1671
f 1722/2337/1671 1720/2335/1669 1721/2336/1670
f 1719/2334/1668 1294/2331/1255 1723/2338/1672
f 1723/2338/1672 1294/2331/1255 1724/2339/1673
f 1724/2339/1673 1294/2331/1255 1295/2340/1256
f 1719/2334/1668 1723/2338/1672 1725/2341/1674
f 1719/2334/1668 1725/2341/1674 1721/2336/1670
f 1723/2338/1672 1724/2339/1673 1726/2342/1675
f 1723/2338/1672 1726/2342/1675 1725/2341/1674
f 1724/2339/1673 1295/2340/1256 1727/2343/1676
f 1724/2339/1673 1727/2343/1676 1726/2342/1675
f 1727/2343/1676 1295/2340/1256 1304/2344/1265
f 1727/2343/1676 1304/2344/1265 1728/2345/1677
f 1727/2343/1676 1728/2345/1677 1726/2342/1675
f 1728/2345/1677 1304/2344/1265 1729/2346/1678
f 1730/2347/1679 1721/2336/1670 1725/2341/1674
f 1721/2336/1670 1730/2347/1679 1722/2337/1671
f 1731/2348/1680 1725/2341/1674 1726/2342/1675
f 1731/2348/1680 1726/2342/1675 1728/2345/1677
f 1725/2341/1674 1731/2348/1680 1730/2347/1679
f 1728/2345/1677 1729/2346/1678 1732/2349/1681
f 1728/2345/1677 1732/2349/1681 1731/2348/1680
f 1732/2349/1681 1729/2346/1678 1733/2350/1682
f 1730/2347/1679 1731/2348/1680 1734/2351/1683
f 1734/2351/1683 1731/2348/1680 1732/2349/1681
f 1730/2347/1679 1734/2351/1683 1722/2337/1671
f 1732/2349/1681 1733/2350/1682 1735/2352/1684
f 1735/2352/1684 1733/2350/1682 1736/2353/1685
f 1735/2352/1684 1736/2353/1685 1737/2354/1686
f 1737/2354/1686 1736/2353/1685 1738/2355/1687
f 1732/2349/1681 1735/2352/1684 1739/2356/1688
f 1732/2349/1681 1739/2356/1688 1734/2351/1683
f 1735/2352/1684 1737/2354/1686 1740/2357/1689
f 1735/2352/1684 1740/2357/1689 1739/2356/1688
f 1740/2357/1689 1737/2354/1686 1741/2358/1690
f 1734/2351/1683 1739/2356/1688 1742/2359/1691
f 1742/2359/1691 1739/2356/1688 1740/2357/1689
f 1734/2351/1683 1742/2359/1691 1722/2337/1671
f 1740/2357/1689 1741/2358/1690 1743/2360/1692
f 1743/2360/1692 1741/2358/1690 1744/2361/1693
f 1740/2357/1689 1743/2360/1692 1745/2362/1694
f 1745/2362/1694 1743/2360/1692 1746/2363/1695
f 1742/2359/1691 1740/2357/1689 1747/2364/1696
f 1747/2364/1696 1740/2357/1689 1745/2362/1694
f 1742/2359/1691 1747/2364/1696 1722/2337/1671
f 1747/2364/1696 1745/2362/1694 1748/2365/1697
f 1743/2360/1692 1744/2361/1693 1749/2366/1698
f 1749/2366/1698 1744/2361/1693 1750/2367/1699
f 1743/2360/1692 1749/2366/1698 1751/2368/1700
f 1749/2366/1698 1750/2367/1699 1752/2369/1701
f 1751/2368/1700 1749/2366/1698 1753/2370/1702
f 1751/2368/1700 1753/2370/1702 1752/2369/1701
f 1752/2369/1701 1753/2370/1702 1749/2366/1698
f 1747/2364/1696 1748/2365/1697 1754/2371/1703
f 1747/2364/1696 1754/2371/1703 1755/2372/1704
f 1747/2364/1696 1755/2372/1704 1756/2373/1705
f 1747/2364/1696 1756/2373/1705 1757/2374/1706
f 1757/2374/1706 1756/2373/1705 1755/2372/1704
f 1747/2364/1696 1757/2374/1706 1722/2337/1671
f 1755/2372/1704 1754/2371/1703 1758/2375/1707
f 1722/2337/1671 1757/2374/1706 1759/2376/1708
f 1722/2337/1671 1759/2376/1708 1760/2377/1709
f 1760/2377/1709 1759/2376/1708 1757/2374/1706
f 1722/2337/1671 1760/2377/1709 1761/2378/1710
f 1722/2337/1671 1761/2378/1710 1617/2333/1567
f 1617/2333/1567 1761/2378/1710 1619/2379/1569
f 1761/2378/1710 1760/2377/1709 1762/2380/1711
f 1762/2380/1711 1760/2377/1709 1757/2374/1706
f 1619/2379/1569 1761/2378/1710 1763/2381/1712
f 1763/2381/1712 1761/2378/1710 1762/2380/1711
f 1762/2380/1711 1757/2374/1706 1764/2382/1713
f 1762/2380/1711 1764/2382/1713 1763/2381/1712
f 1764/2382/1713 1757/2374/1706 1755/2372/1704
f 1619/2379/1569 1763/2381/1712 1765/2383/1714
f 1765/2383/1714 1763/2381/1712 1764/2382/1713
f 1619/2379/1569 1765/2383/1714 1620/2384/1570
f 1764/2382/1713 1755/2372/1704 1766/2385/1715
f 1766/2385/1715 1755/2372/1704 1758/2375/1707
f 1765/2383/1714 1764/2382/1713 1678/2386/1627
f 1765/2383/1714 1678/2386/1627 1677/2387/1626
f 1765/2383/1714 1677/2387/1626 1679/2388/1628
f 1678/2386/1627 1764/2382/1713 1767/2389/1716
f 1767/2389/1716 1764/2382/1713 1766/2385/1715
f 1678/2386/1627 1767/2389/1716 1675/2390/1624
f 1675/2390/1624 1767/2389/1716 1672/2391/1621
f 1765/2383/1714 1679/2388/1628 1768/2392/1717
f 1765/2383/1714 1768/2392/1717 1620/2384/1570
f 1768/2392/1717 1679/2388/1628 1623/2393/1573
f 1620/2384/1570 1768/2392/1717 1769/2394/1718
f 1620/2384/1570 1769/2394/1718 1623/2393/1573
f 1623/2393/1573 1769/2394/1718 1768/2392/1717
f 1770/2395/1719 1767/2389/1716 1766/2385/1715
f 1767/2389/1716 1770/2395/1719 1672/2391/1621
f 1770/2395/1719 1766/2385/1715 1758/2375/1707
f 1672/2391/1621 1770/2395/1719 1771/2396/1720
f 1672/2391/1621 1771/2396/1720 1669/2397/1618
f 1770/2395/1719 1758/2375/1707 1772/2398/1721
f 1770/2395/1719 1772/2398/1721 1771/2396/1720
f 1772/2398/1721 1758/2375/1707 1754/2371/1703
f 1669/2397/1618 1771/2396/1720 1773/2399/1722
f 1773/2399/1722 1771/2396/1720 1774/2400/1723
f 1774/2400/1723 1771/2396/1720 1775/2401/1724
f 1775/2401/1724 1771/2396/1720 1772/2398/1721
f 1772/2398/1721 1754/2371/1703 1776/2402/1725
f 1776/2402/1725 1754/2371/1703 1777/2403/1726
f 1776/2402/1725 1777/2403/1726 1772/2398/1721
f 1778/2404/1047 1223/2405/1185 1779/2406/1727
f 1223/2405/1185 1778/2404/1047 1213/2407/1175
f 1213/2407/1175 1778/2404/1047 1217/2408/1179
f 1217/2408/1179 1778/2404/1047 1216/2409/1178
f 1216/2409/1178 1778/2404/1047 1219/2410/1181
f 1219/2410/1181 1778/2404/1047 1298/2411/1259
f 1298/2411/1259 1778/2404/1047 1299/2412/1260
f 1299/2412/1260 1778/2404/1047 1779/2406/1727
f 1780/2413/1728 1779/2406/1727 1223/2405/1185
f 1780/2413/1728 1223/2405/1185 1222/2414/1184
f 1299/2412/1260 1779/2406/1727 1781/2415/1729
f 1781/2415/1729 1779/2406/1727 1780/2413/1728
f 1299/2412/1260 1781/2415/1729 1300/2416/1261
f 1780/2413/1728 1222/2414/1184 1782/2417/1730
f 1780/2413/1728 1782/2417/1730 1781/2415/1729
f 1782/2417/1730 1222/2414/1184 1783/2418/1731
f 1300/2416/1261 1781/2415/1729 1301/2419/1262
f 1782/2417/1730 1783/2418/1731 1784/2420/1732
f 1784/2420/1732 1783/2418/1731 1785/2421/1733
f 1785/2421/1733 1783/2418/1731 1225/2422/1187
f 1784/2420/1732 1785/2421/1733 1786/2423/1734
f 1784/2420/1732 1786/2423/1734 1782/2417/1730
f 1782/2417/1730 1786/2423/1734 1787/2424/1735
f 1782/2417/1730 1787/2424/1735 1781/2415/1729
f 1787/2424/1735 1786/2423/1734 1788/2425/1736
f 1787/2424/1735 1788/2425/1736 1781/2415/1729
f 1781/2415/1729 1788/2425/1736 1789/2426/1737
f 1781/2415/1729 1789/2426/1737 1301/2419/1262
f 1301/2419/1262 1789/2426/1737 1790/2427/1738
f 1301/2419/1262 1790/2427/1738 1303/2428/1264
f 1790/2427/1738 1789/2426/1737 1791/2429/1739
f 1303/2428/1264 1790/2427/1738 1729/2430/1678
f 1729/2430/1678 1790/2427/1738 1791/2429/1739
f 1303/2428/1264 1729/2430/1678 1304/2431/1265
f 1791/2429/1739 1789/2426/1737 1792/2432/1740
f 1729/2430/1678 1791/2429/1739 1793/2433/1741
f 1729/2430/1678 1793/2433/1741 1733/2434/1682
f 1791/2429/1739 1792/2432/1740 1794/2435/1742
f 1791/2429/1739 1794/2435/1742 1793/2433/1741
f 1794/2435/1742 1792/2432/1740 1795/2436/1743
f 1795/2436/1743 1792/2432/1740 1796/2437/1744
f 1793/2433/1741 1794/2435/1742 1797/2438/55
f 1797/2438/55 1794/2435/1742 1795/2436/1743
f 1793/2433/1741 1797/2438/55 1733/2434/1682
f 1797/2438/55 1795/2436/1743 1796/2437/1744
f 1733/2434/1682 1797/2438/55 1736/2439/1685
f 1797/2438/55 1796/2437/1744 1798/2440/1745
f 1797/2438/55 1798/2440/1745 1736/2439/1685
f 1798/2440/1745 1796/2437/1744 1799/2441/1746
f 1736/2439/1685 1798/2440/1745 1738/2442/1687
f 1798/2440/1745 1799/2441/1746 1800/2443/1747
f 1800/2443/1747 1799/2441/1746 1801/2444/1748
f 1800/2443/1747 1801/2444/1748 1802/2445/1749
f 1802/2445/1749 1801/2444/1748 1803/2446/1750
f 1800/2443/1747 1802/2445/1749 1804/2447/1751
f 1800/2443/1747 1804/2447/1751 1798/2440/1745
f 1804/2447/1751 1802/2445/1749 1805/2448/1752
f 1798/2440/1745 1804/2447/1751 1806/2449/1753
f 1806/2449/1753 1804/2447/1751 1805/2448/1752
f 1798/2440/1745 1806/2449/1753 1738/2442/1687
f 1806/2449/1753 1805/2448/1752 1807/2450/1754
f 1806/2449/1753 1807/2450/1754 1808/2451/1755
f 1806/2449/1753 1808/2451/1755 1738/2442/1687
f 1738/2442/1687 1808/2451/1755 1737/2452/1686
f 1397/2453/1356 1399/2454/1358 1809/2455/1756
f 1397/2453/1356 1809/2455/1756 1398/2456/1357
f 1809/2455/1756 1399/2454/1358 1810/2457/1757
f 1398/2456/1357 1809/2455/1756 1811/2458/1758
f 1811/2458/1758 1809/2455/1756 1810/2457/1757
f 1810/2457/1757 1399/2454/1358 1582/2459/1532
f 1398/2456/1357 1811/2458/1758 1812/2460/1759
f 1398/2456/1357 1812/2460/1759 1401/2461/1360
f 1810/2457/1757 1582/2459/1532 1813/2462/1760
f 1813/2462/1760 1582/2459/1532 1583/2463/1533
f 1813/2462/1760 1583/2463/1533 1592/2464/1542
f 1810/2457/1757 1813/2462/1760 1814/2465/1761
f 1814/2465/1761 1813/2462/1760 1592/2464/1542
f 1810/2457/1757 1814/2465/1761 1811/2458/1758
f 1814/2465/1761 1592/2464/1542 1593/2466/1543
f 1814/2465/1761 1593/2466/1543 1815/2467/1762
f 1815/2467/1762 1593/2466/1543 1597/2468/1547
f 1814/2465/1761 1815/2467/1762 1816/2469/1763
f 1816/2469/1763 1815/2467/1762 1597/2468/1547
f 1811/2458/1758 1814/2465/1761 1817/2470/1764
f 1817/2470/1764 1814/2465/1761 1816/2469/1763
f 1816/2469/1763 1597/2468/1547 1818/2471/1765
f 1811/2458/1758 1817/2470/1764 1819/2472/1766
f 1811/2458/1758 1819/2472/1766 1812/2460/1759
f 1816/2469/1763 1818/2471/1765 1820/2473/1767
f 1816/2469/1763 1820/2473/1767 1817/2470/1764
f 1818/2471/1765 1597/2468/1547 1821/2474/1768
f 1818/2471/1765 1821/2474/1768 1820/2473/1767
f 1822/2475/1769 1597/2468/1547 1823/2476/1770
f 1597/2468/1547 1822/2475/1769 1821/2474/1768
f 1821/2474/1768 1822/2475/1769 1824/2477/1771
f 1821/2474/1768 1824/2477/1771 1825/2478/1772
f 1821/2474/1768 1825/2478/1772 1826/2479/1773
f 1821/2474/1768 1826/2479/1773 1820/2473/1767
f 1820/2473/1767 1826/2479/1773 1827/2480/1421
f 1820/2473/1767 1827/2480/1421 1817/2470/1764
f 1828/2481/1774 1819/2472/1766 1817/2470/1764
f 1819/2472/1766 1828/2481/1774 1812/2460/1759
f 1828/2481/1774 1817/2470/1764 1829/2482/1775
f 1829/2482/1775 1817/2470/1764 1827/2480/1421
f 1812/2460/1759 1828/2481/1774 1830/2483/1776
f 1830/2483/1776 1828/2481/1774 1829/2482/1775
f 1812/2460/1759 1830/2483/1776 1403/2484/1362
f 1812/2460/1759 1403/2484/1362 1401/2461/1360
f 1830/2483/1776 1829/2482/1775 1831/2485/1777
f 1831/2485/1777 1829/2482/1775 1827/2480/1421
f 1830/2483/1776 1831/2485/1777 1403/2484/1362
f 1562/2486/1517 1408/2487/1367 1403/2484/1362
f 1831/2485/1777 1827/2480/1421 1832/2488/1778
f 1562/2486/1517 1403/2484/1362 1833/2489/1779
f 1562/2486/1517 1833/2489/1779 1555/2490/1510
f 1403/2484/1362 1831/2485/1777 1834/2491/1780
f 1403/2484/1362 1834/2491/1780 1833/2489/1779
f 1831/2485/1777 1832/2488/1778 1835/2492/1781
f 1831/2485/1777 1835/2492/1781 1834/2491/1780
f 1835/2492/1781 1832/2488/1778 1836/2493/1782
f 1837/2494/1783 1832/2488/1778 1827/2480/1421
f 1832/2488/1778 1837/2494/1783 1836/2493/1782
f 1837/2494/1783 1827/2480/1421 1826/2479/1773
f 1837/2494/1783 1826/2479/1773 1838/2495/1784
f 1837/2494/1783 1838/2495/1784 1839/2496/1785
f 1837/2494/1783 1839/2496/1785 1836/2493/1782
f 1836/2493/1782 1839/2496/1785 1835/2492/1781
f 1840/2497/1786 1834/2491/1780 1835/2492/1781
f 1840/2497/1786 1835/2492/1781 1839/2496/1785
f 1834/2491/1780 1840/2497/1786 1833/2489/1779
f 1840/2497/1786 1839/2496/1785 1841/2498/1787
f 1840/2497/1786 1841/2498/1787 1833/2489/1779
f 1833/2489/1779 1841/2498/1787 1555/2490/1510
f 1841/2498/1787 1839/2496/1785 1842/2499/1788
f 1555/2490/1510 1841/2498/1787 1552/2500/1507
f 1841/2498/1787 1842/2499/1788 1843/2501/1789
f 1552/2500/1507 1841/2498/1787 1549/2502/1504
f 1549/2502/1504 1841/2498/1787 1843/2501/1789
f 1844/2503/1790 1845/2504/1791 1846/2505/1792
f 1845/2504/1791 1844/2503/1790 1847/2506/1793
f 1845/2504/1791 1847/2506/1793 1848/2507/1794
f 1847/2506/1793 1844/2503/1790 1640/2508/1589
f 1640/2508/1589 1844/2503/1790 1849/2509/1795
f 1849/2509/1795 1844/2503/1790 1850/2510/1600
f 1847/2506/1793 1640/2508/1589 1697/2511/1646
f 1697/2511/1646 1640/2508/1589 1641/2512/1590
f 1697/2511/1646 1641/2512/1590 1851/2513/34
f 1851/2513/34 1641/2512/1590 1643/2514/1592
f 1479/2515/34 1687/2516/1636 1697/2511/1646
f 1479/2515/34 1697/2511/1646 1851/2513/34
f 1479/2515/34 1851/2513/34 1085/2517/34
f 1851/2513/34 1643/2514/1592 1852/2518/299
f 1852/2518/299 1643/2514/1592 1644/2519/1593
f 1851/2513/34 1852/2518/299 1853/2520/34
f 1853/2520/34 1852/2518/299 1854/2521/34
f 1085/2517/34 1851/2513/34 1855/2522/34
f 1855/2522/34 1851/2513/34 1853/2520/34
f 1855/2522/34 1853/2520/34 1854/2521/34
f 1085/2517/34 1855/2522/34 1082/2523/34
f 1855/2522/34 1854/2521/34 1856/2524/34
f 1082/2523/34 1855/2522/34 1083/2525/34
f 1083/2525/34 1855/2522/34 1856/2524/34
f 1083/2525/34 1856/2524/34 1857/2526/34
f 1083/2525/34 1857/2526/34 1084/2527/34
f 1845/2528/1791 1848/2529/1794 1846/2530/1792
f 1846/2530/1792 1848/2529/1794 1850/2531/1600
f 1846/2530/1792 1850/2531/1600 1844/2532/1790
f 1850/2531/1600 1848/2529/1794 1639/2533/630
f 1639/2533/630 1848/2529/1794 1847/2534/1793
f 1639/2533/630 1847/2534/1793 1697/2535/1646
f 1850/2531/1600 1639/2533/630 1640/2536/1589
f 1850/2531/1600 1640/2536/1589 1858/2537/1796
f 1850/2531/1600 1858/2537/1796 1849/2538/1795
f 1849/2538/1795 1858/2537/1796 1640/2536/1589
f 1421/2539/1380 1033/2540/1005 1031/2541/1003
f 1033/2540/1005 1421/2539/1380 1035/2542/1007
f 1035/2542/1007 1421/2539/1380 1440/2543/1399
f 1035/2542/1007 1440/2543/1399 1445/2544/1404
f 1445/2544/1404 1440/2543/1399 1442/2545/1401
f 1035/2542/1007 1445/2544/1404 1699/2546/1648
f 1035/2542/1007 1699/2546/1648 1574/2547/1524
f 1222/2548/1184 1225/2549/1187 1783/2550/1731
f 1225/2551/1187 1222/2552/1184 1224/2553/1186
f 1599/2554/1549 1859/2555/1797 1598/2556/1548
f 1598/2556/1548 1859/2555/1797 1860/2557/1798
f 1860/2557/1798 1859/2555/1797 1599/2554/1549
f 1598/2556/1548 1860/2557/1798 1861/2558/1799
f 1598/2556/1548 1861/2558/1799 1596/2559/1546
f 1860/2557/1798 1599/2554/1549 1862/2560/1800
f 1862/2560/1800 1599/2554/1549 1392/2561/1352
f 1861/2558/1799 1860/2557/1798 1863/2562/1801
f 1863/2562/1801 1860/2557/1798 1862/2560/1800
f 1863/2562/1801 1862/2560/1800 1864/2563/1802
f 1862/2560/1800 1392/2561/1352 1865/2564/34
f 1865/2564/34 1392/2561/1352 1393/2565/34
f 1861/2558/1799 1863/2562/1801 1866/2566/1803
f 1861/2558/1799 1866/2566/1803 1867/2567/1804
f 1861/2558/1799 1867/2567/1804 1596/2559/1546
f 1596/2559/1546 1867/2567/1804 1868/2568/1805
f 1596/2559/1546 1868/2568/1805 1597/2569/1547
f 1521/2570/1476 1474/2571/1433 976/2572/949
f 1474/2571/1433 1521/2570/1476 1869/2573/1806
f 1869/2573/1806 1521/2570/1476 1523/2574/1478
f 1474/2571/1433 1869/2573/1806 1870/2575/1807
f 1869/2573/1806 1523/2574/1478 1532/2576/1487
f 1532/2576/1487 1523/2574/1478 1527/2577/1482
f 1870/2575/1807 1869/2573/1806 1871/2578/1808
f 1870/2575/1807 1871/2578/1808 1474/2571/1433
f 1871/2578/1808 1869/2573/1806 1532/2576/1487
f 1474/2571/1433 1871/2578/1808 1872/2579/1809
f 1872/2579/1809 1871/2578/1808 1532/2576/1487
f 1474/2571/1433 1872/2579/1809 1473/2580/1432
f 1473/2580/1432 1872/2579/1809 1873/2581/1810
f 1473/2580/1432 1873/2581/1810 1468/2582/1427
f 1468/2582/1427 1873/2581/1810 1470/2583/1429
f 1470/2583/1429 1873/2581/1810 1472/2584/1431
f 1470/2583/1429 1472/2584/1431 1471/2585/1430
f 1472/2584/1431 1873/2581/1810 1874/2586/1811
f 1472/2584/1431 1874/2586/1811 1464/2587/1423
f 1873/2581/1810 1872/2579/1809 1875/2588/1812
f 1873/2581/1810 1875/2588/1812 1874/2586/1811
f 1875/2588/1812 1872/2579/1809 1876/2589/1813
f 1876/2589/1813 1872/2579/1809 1532/2576/1487
f 1464/2587/1423 1874/2586/1811 1461/2590/1420
f 1876/2589/1813 1532/2576/1487 1877/2591/1814
f 1877/2591/1814 1532/2576/1487 1531/2592/1486
f 1875/2588/1812 1876/2589/1813 1878/2593/1815
f 1875/2588/1812 1878/2593/1815 1874/2586/1811
f 1876/2589/1813 1877/2591/1814 1879/2594/1816
f 1879/2594/1816 1877/2591/1814 1880/2595/1817
f 1878/2593/1815 1876/2589/1813 1881/2596/1818
f 1881/2596/1818 1876/2589/1813 1879/2594/1816
f 1882/2597/1819 1879/2594/1816 1883/2598/1820
f 1879/2594/1816 1882/2597/1819 1884/2599/1821
f 1879/2594/1816 1884/2599/1821 1881/2596/1818
f 1881/2596/1818 1884/2599/1821 1885/2600/1822
f 1881/2596/1818 1885/2600/1822 1886/2601/1823
f 1886/2601/1823 1885/2600/1822 1887/2602/1824
f 1888/2603/1825 1878/2593/1815 1881/2596/1818
f 1888/2603/1825 1881/2596/1818 1886/2601/1823
f 1878/2593/1815 1888/2603/1825 1889/2604/1826
f 1878/2593/1815 1889/2604/1826 1874/2586/1811
f 1888/2603/1825 1886/2601/1823 1890/2605/1827
f 1888/2603/1825 1890/2605/1827 1889/2604/1826
f 1886/2601/1823 1887/2602/1824 1891/2606/1828
f 1891/2606/1828 1887/2602/1824 1892/2607/1829
f 1891/2606/1828 1892/2607/1829 1893/2608/1830
f 1891/2606/1828 1893/2608/1830 1894/2609/1831
f 1874/2586/1811 1889/2604/1826 1895/2610/1832
f 1874/2586/1811 1895/2610/1832 1461/2590/1420
f 1895/2610/1832 1889/2604/1826 1896/2611/1833
f 1896/2611/1833 1889/2604/1826 1890/2605/1827
f 1461/2590/1420 1895/2610/1832 1897/2612/1834
f 1897/2612/1834 1895/2610/1832 1896/2611/1833
f 1461/2590/1420 1897/2612/1834 1462/2613/1421
f 1898/2614/1835 1899/2615/1836 1894/2609/1831
f 1894/2609/1831 1899/2615/1836 1900/2616/1837
f 1894/2609/1831 1900/2616/1837 1891/2606/1828
f 1891/2606/1828 1900/2616/1837 1901/2617/1838
f 1462/2613/1421 1897/2612/1834 1902/2618/1415
f 1462/2613/1421 1902/2618/1415 1454/2619/1413
f 1454/2619/1413 1902/2618/1415 1450/2620/1409
f 1450/2620/1409 1902/2618/1415 1903/2621/1839
f 1450/2620/1409 1903/2621/1839 1448/2622/1407
f 1448/2622/1407 1903/2621/1839 1447/2623/1406
f 1903/2621/1839 1902/2618/1415 1904/2624/1840
f 1447/2623/1406 1903/2621/1839 1905/2625/1841
f 1905/2625/1841 1903/2621/1839 1904/2624/1840
f 1905/2625/1841 1904/2624/1840 1447/2623/1406
f 1904/2624/1840 1902/2618/1415 1906/2626/1842
f 1906/2626/1842 1902/2618/1415 1897/2612/1834
f 1447/2623/1406 1904/2624/1840 1907/2627/1843
f 1907/2627/1843 1904/2624/1840 1906/2626/1842
f 1906/2626/1842 1897/2612/1834 1908/2628/1844
f 1906/2626/1842 1908/2628/1844 1907/2627/1843
f 1908/2628/1844 1897/2612/1834 1909/2629/1845
f 1909/2629/1845 1897/2612/1834 1910/2630/1846
f 1910/2630/1846 1897/2612/1834 1896/2611/1833
f 1908/2628/1844 1909/2629/1845 1911/2631/1847
f 1911/2631/1847 1909/2629/1845 1910/2630/1846
f 1910/2630/1846 1896/2611/1833 1912/2632/1848
f 1911/2631/1847 1910/2630/1846 1913/2633/1849
f 1913/2633/1849 1910/2630/1846 1912/2632/1848
f 1908/2628/1844 1911/2631/1847 1914/2634/1850
f 1914/2634/1850 1911/2631/1847 1913/2633/1849
f 1908/2628/1844 1914/2634/1850 1915/2635/1851
f 1908/2628/1844 1915/2635/1851 1907/2627/1843
f 1914/2634/1850 1913/2633/1849 1916/2636/1852
f 1916/2636/1852 1913/2633/1849 1917/2637/1853
f 1914/2634/1850 1916/2636/1852 1918/2638/1854
f 1918/2638/1854 1916/2636/1852 1917/2637/1853
f 1917/2637/1853 1913/2633/1849 1919/2639/1855
f 1917/2637/1853 1919/2639/1855 1918/2638/1854
f 1919/2639/1855 1913/2633/1849 1912/2632/1848
f 1914/2634/1850 1918/2638/1854 1920/2640/1856
f 1921/2641/1857 1915/2635/1851 1914/2634/1850
f 1921/2641/1857 1914/2634/1850 1920/2640/1856
f 1915/2635/1851 1921/2641/1857 1922/2642/1858
f 1915/2635/1851 1922/2642/1858 1907/2627/1843
f 1922/2642/1858 1921/2641/1857 1923/2643/1859
f 1922/2642/1858 1923/2643/1859 1907/2627/1843
f 1923/2643/1859 1921/2641/1857 1924/2644/1860
f 1924/2644/1860 1921/2641/1857 1920/2640/1856
f 1907/2627/1843 1923/2643/1859 1925/2645/1861
f 1924/2644/1860 1920/2640/1856 1926/2646/1862
f 1924/2644/1860 1926/2646/1862 1927/2647/1863
f 1926/2646/1862 1920/2640/1856 1928/2648/1864
f 1907/2627/1843 1925/2645/1861 1929/2649/1865
f 1907/2627/1843 1929/2649/1865 1447/2623/1406
f 1929/2649/1865 1925/2645/1861 1930/2650/1866
f 1930/2650/1866 1925/2645/1861 1931/2651/1867
f 1930/2650/1866 1931/2651/1867 1932/2652/1868
f 1930/2650/1866 1932/2652/1868 1929/2649/1865
f 1929/2649/1865 1932/2652/1868 1447/2623/1406
f 1447/2623/1406 1932/2652/1868 1446/2653/1405
f 1933/2654/1869 1928/2648/1864 1920/2640/1856
f 1928/2648/1864 1933/2654/1869 1934/2655/1870
f 1934/2655/1870 1933/2654/1869 1935/2656/1871
f 1933/2654/1869 1920/2640/1856 1936/2657/1872
f 1935/2656/1871 1933/2654/1869 1937/2658/1873
f 1937/2658/1873 1933/2654/1869 1936/2657/1872
f 1937/2658/1873 1936/2657/1872 1935/2656/1871
f 1936/2657/1872 1920/2640/1856 1918/2638/1854
f 1935/2656/1871 1936/2657/1872 1938/2659/1874
f 1935/2656/1871 1938/2659/1874 1939/2660/1875
f 1939/2660/1875 1938/2659/1874 1940/2661/1876
f 1940/2661/1876 1938/2659/1874 1941/2662/1877
f 1941/2662/1877 1938/2659/1874 1942/2663/1878
f 1942/2663/1878 1938/2659/1874 1943/2664/1879
f 1943/2664/1879 1938/2659/1874 1936/2657/1872
f 1942/2663/1878 1943/2664/1879 1944/2665/1880
f 1944/2665/1880 1943/2664/1879 1945/2666/1881
f 1943/2664/1879 1936/2657/1872 1946/2667/1882
f 1946/2667/1882 1936/2657/1872 1918/2638/1854
f 1945/2666/1881 1943/2664/1879 1947/2668/1883
f 1947/2668/1883 1943/2664/1879 1946/2667/1882
f 1946/2667/1882 1918/2638/1854 1919/2639/1855
f 1946/2667/1882 1919/2639/1855 1947/2668/1883
f 1945/2666/1881 1947/2668/1883 1948/2669/1884
f 1945/2666/1881 1948/2669/1884 1949/2670/1885
f 1947/2668/1883 1919/2639/1855 1950/2671/1886
f 1948/2669/1884 1947/2668/1883 1951/2672/1887
f 1951/2672/1887 1947/2668/1883 1950/2671/1886
f 1948/2669/1884 1951/2672/1887 1900/2616/1837
f 1950/2671/1886 1919/2639/1855 1952/2673/1888
f 1950/2671/1886 1952/2673/1888 1951/2672/1887
f 1952/2673/1888 1919/2639/1855 1912/2632/1848
f 1900/2616/1837 1951/2672/1887 1901/2617/1838
f 1951/2672/1887 1952/2673/1888 1953/2674/1889
f 1953/2674/1889 1952/2673/1888 1912/2632/1848
f 1951/2672/1887 1953/2674/1889 1901/2617/1838
f 1953/2674/1889 1912/2632/1848 1954/2675/1890
f 1953/2674/1889 1954/2675/1890 1901/2617/1838
f 1954/2675/1890 1912/2632/1848 1896/2611/1833
f 1954/2675/1890 1896/2611/1833 1890/2605/1827
f 1901/2617/1838 1954/2675/1890 1955/2676/1891
f 1955/2676/1891 1954/2675/1890 1890/2605/1827
f 1901/2617/1838 1955/2676/1891 1956/2677/1892
f 1956/2677/1892 1955/2676/1891 1890/2605/1827
f 1901/2617/1838 1956/2677/1892 1891/2606/1828
f 1956/2677/1892 1890/2605/1827 1886/2601/1823
f 1956/2677/1892 1886/2601/1823 1891/2606/1828
f 1237/2678/1199 1957/2679/1893 1228/2680/1190
f 1785/2681/1733 1225/2682/1187 1228/2680/1190
f 1785/2681/1733 1228/2680/1190 1957/2679/1893
f 1785/2681/1733 1957/2679/1893 1786/2683/1734
f 1786/2683/1734 1957/2679/1893 1958/2684/1894
f 1786/2683/1734 1958/2684/1894 1788/2685/1736
f 1788/2685/1736 1958/2684/1894 1959/2686/1895
f 1958/2684/1894 1957/2679/1893 1960/2687/1896
f 1958/2684/1894 1960/2687/1896 1961/2688/1897
f 1961/2688/1897 1960/2687/1896 1962/2689/1898
f 1962/2689/1898 1960/2687/1896 1963/2690/1899
f 1963/2690/1899 1960/2687/1896 1964/2691/1900
f 1964/2691/1900 1960/2687/1896 1957/2679/1893
f 1963/2690/1899 1964/2691/1900 1965/2692/1901
f 1965/2692/1901 1964/2691/1900 1966/2693/1902
f 1965/2692/1901 1966/2693/1902 1967/2694/1903
f 1964/2691/1900 1957/2679/1893 1968/2695/1904
f 1964/2691/1900 1968/2695/1904 1966/2693/1902
f 1966/2693/1902 1968/2695/1904 1967/2694/1903
f 1968/2695/1904 1957/2679/1893 1237/2678/1199
f 1967/2694/1903 1968/2695/1904 1969/2696/1905
f 1968/2695/1904 1237/2678/1199 1970/2697/1906
f 1968/2695/1904 1970/2697/1906 1969/2696/1905
f 1969/2696/1905 1970/2697/1906 1971/2698/1907
f 1970/2697/1906 1237/2678/1199 1236/2699/1198
f 1971/2698/1907 1970/2697/1906 1972/2700/1908
f 1972/2700/1908 1970/2697/1906 1236/2699/1198
f 1972/2700/1908 1236/2699/1198 1973/2701/1909
f 1972/2700/1908 1973/2701/1909 1974/2702/1910
f 1788/2703/1736 1959/2704/1895 1975/2705/1911
f 1788/2703/1736 1975/2705/1911 1789/2706/1737
f 1975/2705/1911 1959/2704/1895 1976/2707/1912
f 1976/2707/1912 1959/2704/1895 1958/2708/1894
f 1976/2707/1912 1958/2708/1894 1961/2709/1897
f 1975/2705/1911 1976/2707/1912 1977/2710/1913
f 1789/2706/1737 1975/2705/1911 1978/2711/1914
f 1978/2711/1914 1975/2705/1911 1977/2710/1913
f 1789/2706/1737 1978/2711/1914 1979/2712/1915
f 1789/2706/1737 1979/2712/1915 1792/2713/1740
f 1978/2711/1914 1977/2710/1913 1980/2714/1916
f 1980/2714/1916 1977/2710/1913 1976/2707/1912
f 1792/2713/1740 1979/2712/1915 1799/2715/1746
f 1792/2713/1740 1799/2715/1746 1796/2716/1744
f 1799/2715/1746 1979/2712/1915 1801/2717/1748
f 1801/2717/1748 1979/2712/1915 1978/2711/1914
f 1801/2717/1748 1978/2711/1914 1980/2714/1916
f 1981/2718/1917 1976/2707/1912 1961/2709/1897
f 1976/2707/1912 1981/2718/1917 1980/2714/1916
f 1981/2718/1917 1961/2709/1897 1962/2719/1898
f 1801/2717/1748 1980/2714/1916 1982/2720/1918
f 1980/2714/1916 1981/2718/1917 1983/2721/1919
f 1980/2714/1916 1983/2721/1919 1982/2720/1918
f 1981/2718/1917 1962/2719/1898 1984/2722/1920
f 1981/2718/1917 1984/2722/1920 1983/2721/1919
f 1984/2722/1920 1962/2719/1898 1985/2723/1921
f 1985/2723/1921 1962/2719/1898 1963/2724/1899
f 1983/2721/1919 1984/2722/1920 1986/2725/1922
f 1986/2725/1922 1984/2722/1920 1985/2723/1921
f 1983/2721/1919 1986/2725/1922 1982/2720/1918
f 1985/2723/1921 1963/2724/1899 1965/2726/1901
f 1987/2727/1923 1801/2717/1748 1982/2720/1918
f 1801/2717/1748 1987/2727/1923 1803/2728/1750
f 1987/2727/1923 1982/2720/1918 1988/2729/1924
f 1986/2725/1922 1985/2723/1921 1989/2730/1925
f 1989/2730/1925 1985/2723/1921 1965/2726/1901
f 1982/2720/1918 1986/2725/1922 1990/2731/1926
f 1982/2720/1918 1990/2731/1926 1988/2729/1924
f 1990/2731/1926 1986/2725/1922 1989/2730/1925
f 1987/2727/1923 1988/2729/1924 1991/2732/1927
f 1991/2732/1927 1988/2729/1924 1990/2731/1926
f 1987/2727/1923 1991/2732/1927 1992/2733/1928
f 1990/2731/1926 1989/2730/1925 1993/2734/1929
f 1990/2731/1926 1993/2734/1929 1991/2732/1927
f 1994/2735/1930 1989/2730/1925 1965/2726/1901
f 1989/2730/1925 1994/2735/1930 1993/2734/1929
f 1994/2735/1930 1965/2726/1901 1967/2736/1903
f 1993/2734/1929 1994/2735/1930 1995/2737/1931
f 1993/2734/1929 1995/2737/1931 1991/2732/1927
f 1995/2737/1931 1994/2735/1930 1996/2738/1932
f 1996/2738/1932 1994/2735/1930 1967/2736/1903
f 1995/2737/1931 1996/2738/1932 1997/2739/1933
f 1995/2737/1931 1997/2739/1933 1991/2732/1927
f 1996/2738/1932 1967/2736/1903 1998/2740/1934
f 1996/2738/1932 1998/2740/1934 1997/2739/1933
f 1998/2740/1934 1967/2736/1903 1999/2741/1935
f 1999/2741/1935 1967/2736/1903 2000/2742/1936
f 2000/2742/1936 1967/2736/1903 1969/2743/1905
f 1998/2740/1934 1999/2741/1935 2001/2744/1937
f 2001/2744/1937 1999/2741/1935 2000/2742/1936
f 2000/2742/1936 1969/2743/1905 2002/2745/1938
f 2000/2742/1936 2002/2745/1938 2001/2744/1937
f 2001/2744/1937 2002/2745/1938 1969/2743/1905
f 2001/2744/1937 1969/2743/1905 1971/2746/1907
f 2001/2744/1937 1971/2746/1907 2003/2747/1939
f 2001/2744/1937 2003/2747/1939 1998/2740/1934
f 2003/2747/1939 1971/2746/1907 1972/2748/1908
f 1998/2740/1934 2003/2747/1939 2004/2749/1940
f 1998/2740/1934 2004/2749/1940 1997/2739/1933
f 2004/2749/1940 2003/2747/1939 2005/2750/1941
f 2005/2750/1941 2003/2747/1939 1972/2748/1908
f 2004/2749/1940 2005/2750/1941 1997/2739/1933
f 2005/2750/1941 1972/2748/1908 2006/2751/1942
f 2005/2750/1941 2006/2751/1942 1997/2739/1933
f 1974/2752/1910 2007/2753/1943 1972/2748/1908
f 1972/2748/1908 2007/2753/1943 2006/2751/1942
f 2006/2751/1942 2007/2753/1943 2008/2754/1944
f 2006/2751/1942 2008/2754/1944 2009/2755/1945
f 2006/2751/1942 2009/2755/1945 2010/2756/1946
f 1997/2739/1933 2006/2751/1942 2011/2757/1947
f 1997/2739/1933 2011/2757/1947 1991/2732/1927
f 2006/2751/1942 2010/2756/1946 2012/2758/1948
f 2006/2751/1942 2012/2758/1948 2011/2757/1947
f 2011/2757/1947 2012/2758/1948 1991/2732/1927
f 2012/2758/1948 2010/2756/1946 2013/2759/1949
f 2012/2758/1948 2013/2759/1949 1991/2732/1927
f 1991/2732/1927 2013/2759/1949 2014/2760/1950
f 1444/2761/1403 1446/2762/1405 2015/2763/1951
f 2015/2763/1951 1446/2762/1405 1932/2764/1868
f 1444/2761/1403 2015/2763/1951 1445/2765/1404
f 2015/2763/1951 1932/2764/1868 1931/2766/1867
f 1445/2765/1404 2015/2763/1951 1705/2767/1654
f 1705/2767/1654 2015/2763/1951 1931/2766/1867
f 1705/2767/1654 1931/2766/1867 1709/2768/1658
f 1709/2768/1658 1931/2766/1867 1925/2769/1861
f 1709/2768/1658 1925/2769/1861 1923/2770/1859
f 1709/2768/1658 1923/2770/1859 1710/2771/1659
f 1710/2771/1659 1923/2770/1859 1924/2772/1860
f 1710/2771/1659 1924/2772/1860 1927/2773/1863
f 1710/2771/1659 1927/2773/1863 2016/2774/1952
f 2016/2774/1952 1927/2773/1863 1926/2775/1862
f 1716/2776/1665 2017/2777/1953 1240/2778/1202
f 1240/2778/1202 2017/2777/1953 2018/2779/1954
f 2018/2779/1954 2017/2777/1953 2019/2780/1955
f 2019/2780/1955 2017/2777/1953 2020/2781/1956
f 2019/2780/1955 2020/2781/1956 2018/2779/1954
f 1240/2778/1202 2018/2779/1954 1239/2782/1201
f 1973/2783/1909 1236/2784/1198 1239/2782/1201
f 1973/2783/1909 1239/2782/1201 2021/2785/1957
f 1239/2782/1201 2018/2779/1954 2022/2786/1958
f 1239/2782/1201 2022/2786/1958 2021/2785/1957
f 2018/2779/1954 2020/2781/1956 2023/2787/1959
f 2018/2779/1954 2023/2787/1959 2022/2786/1958
f 2023/2787/1959 2020/2781/1956 2024/2788/1960
f 2022/2786/1958 2023/2787/1959 2025/2789/1961
f 2025/2789/1961 2023/2787/1959 2026/2790/1962
f 2026/2790/1962 2023/2787/1959 2027/2791/1963
f 2022/2786/1958 2025/2789/1961 2028/2792/1964
f 2022/2786/1958 2028/2792/1964 2021/2785/1957
f 2021/2785/1957 2028/2792/1964 2029/2793/1965
f 2029/2793/1965 2028/2792/1964 2030/2794/1966
f 2021/2785/1957 2029/2793/1965 2025/2795/1961
f 2021/2785/1957 2025/2795/1961 2026/2796/1962
f 1716/2797/1665 1715/2798/1664 2031/2799/1967
f 2020/2800/1956 2017/2801/1953 1716/2797/1665
f 2020/2800/1956 1716/2797/1665 2031/2799/1967
f 2020/2800/1956 2031/2799/1967 2024/2802/1960
f 2024/2802/1960 2031/2799/1967 2032/2803/1968
f 2024/2802/1960 2032/2803/1968 2033/2804/1969
f 2033/2804/1969 2032/2803/1968 2028/2805/1964
f 2028/2805/1964 2032/2803/1968 2030/2806/1966
f 2024/2807/1960 2033/2808/1969 2030/2806/1966
f 2024/2807/1960 2030/2806/1966 2034/2809/1970
f 2034/2809/1970 2030/2806/1966 2032/2803/1968
f 2034/2809/1970 2032/2803/1968 2035/2810/1971
f 2035/2810/1971 2032/2803/1968 2031/2799/1967
f 2034/2809/1970 2035/2810/1971 2036/2811/1972
f 2036/2811/1972 2035/2810/1971 2037/2812/1973
f 2035/2810/1971 2031/2799/1967 2038/2813/1974
f 2035/2810/1971 2038/2813/1974 2039/2814/1975
f 2038/2813/1974 2031/2799/1967 2040/2815/1976
f 2038/2813/1974 2040/2815/1976 2039/2814/1975
f 2040/2815/1976 2031/2799/1967 1715/2798/1664
f 2040/2815/1976 1715/2798/1664 1712/2816/1661
f 2040/2815/1976 1712/2816/1661 2039/2814/1975
f 2039/2814/1975 1712/2816/1661 2035/2810/1971
f 2035/2810/1971 1712/2816/1661 2037/2812/1973
f 2037/2812/1973 1712/2816/1661 1711/2817/1660
f 2041/2818/34 1865/2819/34 1393/2820/34
f 2041/2818/34 1393/2820/34 1567/2821/34
f 2041/2818/34 1567/2821/34 2042/2822/34
f 2041/2818/34 2042/2822/34 2043/2823/34
f 2041/2818/34 2043/2823/34 1865/2819/34
f 2043/2823/34 2042/2822/34 2044/2824/34
f 2043/2823/34 2044/2824/34 2045/2825/34
f 2043/2823/34 2045/2825/34 2046/2826/34
f 2043/2823/34 2046/2826/34 2047/2827/1977
f 2043/2823/34 2047/2827/1977 1865/2819/34
f 1865/2819/34 2047/2827/1977 2048/2828/1978
f 1865/2819/34 2048/2828/1978 2049/2829/1979
f 1865/2819/34 2049/2829/1979 1862/2830/1800
f 1862/2830/1800 2049/2829/1979 1864/2831/1802
f 1864/2832/1802 1866/2833/1803 1863/2834/1801
f 1866/2833/1803 1864/2832/1802 2049/2835/1979
f 1866/2833/1803 2049/2835/1979 2050/2836/1980
f 1866/2833/1803 2050/2836/1980 1867/2837/1804
f 2050/2836/1980 2049/2835/1979 2051/2838/1981
f 2051/2838/1981 2049/2835/1979 2052/2839/1982
f 2052/2839/1982 2049/2835/1979 2048/2840/1978
f 2052/2839/1982 2048/2840/1978 2053/2841/1983
f 2053/2841/1983 2048/2840/1978 2047/2842/1977
f 2051/2838/1981 2052/2839/1982 2054/2843/1984
f 2054/2843/1984 2052/2839/1982 2053/2841/1983
f 2051/2838/1981 2054/2843/1984 2055/2844/1985
f 2051/2838/1981 2055/2844/1985 2050/2836/1980
f 2055/2844/1985 2054/2843/1984 2056/2845/1986
f 2055/2844/1985 2056/2845/1986 2050/2836/1980
f 2054/2843/1984 2053/2841/1983 2057/2846/1987
f 2054/2843/1984 2057/2846/1987 2056/2845/1986
f 2050/2836/1980 2056/2845/1986 2058/2847/1988
f 2050/2836/1980 2058/2847/1988 2059/2848/1989
f 2050/2836/1980 2059/2848/1989 1867/2837/1804
f 2058/2847/1988 2056/2845/1986 2060/2849/1990
f 2058/2847/1988 2060/2849/1990 2059/2848/1989
f 2060/2849/1990 2056/2845/1986 2061/2850/1991
f 2061/2850/1991 2056/2845/1986 2057/2846/1987
f 2059/2848/1989 2060/2849/1990 2062/2851/1992
f 1867/2837/1804 2059/2848/1989 2063/2852/1993
f 2063/2852/1993 2059/2848/1989 2062/2851/1992
f 2062/2851/1992 2060/2849/1990 2064/2853/1994
f 2064/2853/1994 2060/2849/1990 2061/2850/1991
f 2062/2851/1992 2064/2853/1994 2065/2854/1995
f 2062/2851/1992 2065/2854/1995 2063/2852/1993
f 2064/2853/1994 2061/2850/1991 2066/2855/1996
f 2064/2853/1994 2066/2855/1996 2065/2854/1995
f 1867/2837/1804 2063/2852/1993 2067/2856/1997
f 1867/2837/1804 2067/2856/1997 1868/2857/1805
f 2067/2856/1997 2063/2852/1993 2068/2858/1998
f 2067/2856/1997 2068/2858/1998 1868/2857/1805
f 2063/2852/1993 2065/2854/1995 2069/2859/1999
f 2065/2854/1995 2066/2855/1996 2070/2860/2000
f 2063/2852/1993 2069/2859/1999 2071/2861/2001
f 2063/2852/1993 2071/2861/2001 2068/2858/1998
f 2069/2859/1999 2065/2854/1995 2072/2862/2002
f 2069/2859/1999 2072/2862/2002 2071/2861/2001
f 2065/2854/1995 2070/2860/2000 2073/2863/2003
f 2065/2854/1995 2073/2863/2003 2072/2862/2002
f 2070/2860/2000 2066/2855/1996 2074/2864/2004
f 2070/2860/2000 2074/2864/2004 2073/2863/2003
f 2068/2858/1998 2071/2861/2001 2075/2865/2005
f 2075/2865/2005 2071/2861/2001 2072/2862/2002
f 1823/2866/1770 1868/2857/1805 2068/2858/1998
f 1823/2866/1770 2068/2858/1998 2075/2865/2005
f 1868/2857/1805 1823/2866/1770 1597/2867/1547
f 1823/2866/1770 2075/2865/2005 1824/2868/1771
f 1823/2866/1770 1824/2868/1771 1822/2869/1769
f 1824/2868/1771 2075/2865/2005 2072/2862/2002
f 1824/2868/1771 2072/2862/2002 1825/2870/1772
f 1825/2870/1772 2072/2862/2002 2076/2871/2006
f 1825/2870/1772 2076/2871/2006 2077/2872/2007
f 1825/2870/1772 2077/2872/2007 1826/2873/1773
f 1826/2873/1773 2077/2872/2007 2078/2874/2008
f 2078/2874/2008 2077/2872/2007 2079/2875/2009
f 2079/2875/2009 2077/2872/2007 2076/2871/2006
f 2078/2874/2008 2079/2875/2009 2080/2876/2010
f 2076/2871/2006 2072/2862/2002 2081/2877/2011
f 2076/2871/2006 2081/2877/2011 2079/2875/2009
f 2081/2877/2011 2072/2862/2002 2073/2863/2003
f 2080/2876/2010 2079/2875/2009 2082/2878/2012
f 2082/2878/2012 2079/2875/2009 2081/2877/2011
f 2082/2878/2012 2081/2877/2011 2080/2876/2010
f 2081/2877/2011 2073/2863/2003 2083/2879/2013
f 2083/2879/2013 2073/2863/2003 2074/2864/2004
f 2081/2877/2011 2083/2879/2013 2084/2880/2014
f 2081/2877/2011 2084/2880/2014 2080/2876/2010
f 2084/2880/2014 2083/2879/2013 2085/2881/2015
f 2084/2880/2014 2085/2881/2015 2080/2876/2010
f 2085/2881/2015 2083/2879/2013 2074/2864/2004
f 2085/2881/2015 2074/2864/2004 2086/2882/2016
f 2086/2882/2016 2074/2864/2004 2066/2855/1996
f 2086/2882/2016 2066/2855/1996 2061/2850/1991
f 2085/2881/2015 2086/2882/2016 2087/2883/2017
f 2086/2882/2016 2061/2850/1991 2088/2884/910
f 2086/2882/2016 2088/2884/910 2087/2883/2017
f 2088/2884/910 2061/2850/1991 2057/2846/1987
f 2089/2885/2018 2080/2876/2010 2085/2881/2015
f 2089/2885/2018 2085/2881/2015 2087/2883/2017
f 2080/2876/2010 2089/2885/2018 2090/2886/2019
f 2080/2876/2010 2090/2886/2019 2091/2887/2020
f 2091/2887/2020 2090/2886/2019 2092/2888/2021
f 2092/2888/2021 2090/2886/2019 2093/2889/2022
f 2090/2886/2019 2089/2885/2018 2094/2890/2023
f 2090/2886/2019 2094/2890/2023 2093/2889/2022
f 2094/2890/2023 2089/2885/2018 2087/2883/2017
f 2093/2889/2022 2094/2890/2023 2095/2891/2024
f 2095/2891/2024 2094/2890/2023 2096/2892/2025
f 2097/2893/2026 2087/2883/2017 2088/2884/910
f 2097/2893/2026 2088/2884/910 2098/2894/2027
f 2098/2894/2027 2088/2884/910 2057/2846/1987
f 2087/2883/2017 2097/2893/2026 2099/2895/2028
f 2087/2883/2017 2099/2895/2028 2094/2890/2023
f 2099/2895/2028 2097/2893/2026 2098/2894/2027
f 2096/2892/2025 2094/2890/2023 2100/2896/2029
f 2098/2894/2027 2057/2846/1987 2101/2897/2030
f 2101/2897/2030 2057/2846/1987 2053/2841/1983
f 2099/2895/2028 2098/2894/2027 2102/2898/2031
f 2102/2898/2031 2098/2894/2027 2103/2899/2032
f 2103/2899/2032 2098/2894/2027 2101/2897/2030
f 2102/2898/2031 2103/2899/2032 2099/2895/2028
f 2099/2895/2028 2103/2899/2032 2104/2900/2033
f 2105/2901/2034 2094/2890/2023 2099/2895/2028
f 2105/2901/2034 2099/2895/2028 2104/2900/2033
f 2094/2890/2023 2105/2901/2034 2100/2896/2029
f 2105/2901/2034 2104/2900/2033 2106/2902/2035
f 2105/2901/2034 2106/2902/2035 2100/2896/2029
f 2100/2896/2029 2106/2902/2035 2107/2903/2036
f 2100/2896/2029 2107/2903/2036 2096/2892/2025
f 2107/2903/2036 2106/2902/2035 2108/2904/2037
f 2096/2892/2025 2107/2903/2036 2109/2905/2038
f 2107/2903/2036 2108/2904/2037 2110/2906/2039
f 2107/2903/2036 2110/2906/2039 2109/2905/2038
f 2109/2905/2038 2110/2906/2039 2111/2907/2040
f 2110/2906/2039 2108/2904/2037 2112/2908/2041
f 2110/2906/2039 2112/2908/2041 2113/2909/2042
f 2114/2910/2043 2103/2899/2032 2115/2911/2044
f 2115/2911/2044 2103/2899/2032 2101/2897/2030
f 2115/2911/2044 2101/2897/2030 2116/2912/2045
f 2116/2912/2045 2101/2897/2030 2053/2841/1983
f 2116/2912/2045 2053/2841/1983 2047/2842/1977
f 2116/2912/2045 2047/2842/1977 2117/2913/2046
f 2116/2912/2045 2117/2913/2046 2115/2911/2044
f 2117/2913/2046 2047/2842/1977 2118/2914/2047
f 2117/2913/2046 2118/2914/2047 2115/2911/2044
f 2115/2911/2044 2118/2914/2047 2119/2915/2048
f 1826/2916/1773 2120/2917/2049 1838/2918/1784
f 2120/2917/2049 1826/2916/1773 2078/2919/2008
f 1838/2918/1784 2120/2917/2049 2121/2920/2050
f 1838/2918/1784 2121/2920/2050 1839/2921/1785
f 2120/2917/2049 2078/2919/2008 2122/2922/2051
f 2120/2917/2049 2122/2922/2051 2121/2920/2050
f 2122/2922/2051 2078/2919/2008 2080/2923/2010
f 1839/2921/1785 2121/2920/2050 1842/2924/1788
f 1842/2924/1788 2121/2920/2050 2122/2922/2051
f 2122/2922/2051 2080/2923/2010 2123/2925/2052
f 2122/2922/2051 2123/2925/2052 1842/2924/1788
f 2123/2925/2052 2080/2923/2010 2124/2926/2053
f 2124/2926/2053 2080/2923/2010 2091/2927/2020
f 1842/2924/1788 2123/2925/2052 2125/2928/2054
f 1842/2924/1788 2125/2928/2054 1843/2929/1789
f 2123/2925/2052 2124/2926/2053 2126/2930/2055
f 2123/2925/2052 2126/2930/2055 2125/2928/2054
f 2124/2926/2053 2091/2927/2020 2127/2931/2056
f 2127/2931/2056 2091/2927/2020 2092/2932/2021
f 2126/2930/2055 2124/2926/2053 2128/2933/2057
f 2128/2933/2057 2124/2926/2053 2127/2931/2056
f 2125/2928/2054 2126/2930/2055 2129/2934/2058
f 2129/2934/2058 2126/2930/2055 2128/2933/2057
f 2125/2928/2054 2129/2934/2058 2130/2935/2059
f 2125/2928/2054 2130/2935/2059 1843/2929/1789
f 2130/2935/2059 2129/2934/2058 2128/2933/2057
f 2127/2931/2056 2092/2932/2021 2131/2936/2060
f 2127/2931/2056 2131/2936/2060 2128/2933/2057
f 2131/2936/2060 2092/2932/2021 2093/2937/2022
f 1843/2929/1789 2130/2935/2059 1550/2938/1505
f 1843/2929/1789 1550/2938/1505 1549/2939/1504
f 2130/2935/2059 2128/2933/2057 2132/2940/2061
f 2130/2935/2059 2132/2940/2061 1550/2938/1505
f 2131/2936/2060 2093/2937/2022 2133/2941/2062
f 2128/2933/2057 2131/2936/2060 2134/2942/2063
f 2128/2933/2057 2134/2942/2063 2132/2940/2061
f 2134/2942/2063 2131/2936/2060 2133/2941/2062
f 2133/2941/2062 2093/2937/2022 2095/2943/2024
f 2133/2941/2062 2095/2943/2024 2109/2944/2038
f 2109/2944/2038 2095/2943/2024 2096/2945/2025
f 2133/2941/2062 2109/2944/2038 2135/2946/2064
f 2135/2946/2064 2109/2944/2038 2111/2947/2040
f 2133/2941/2062 2135/2946/2064 2136/2948/2065
f 2133/2941/2062 2136/2948/2065 2134/2942/2063
f 2137/2949/2066 2132/2940/2061 2134/2942/2063
f 2132/2940/2061 2137/2949/2066 2138/2950/2067
f 2132/2940/2061 2138/2950/2067 1550/2938/1505
f 2137/2949/2066 2134/2942/2063 2139/2951/2068
f 2137/2949/2066 2139/2951/2068 2138/2950/2067
f 1550/2938/1505 2138/2950/2067 2140/2952/2069
f 2140/2952/2069 2138/2950/2067 2141/2953/2070
f 2141/2953/2070 2138/2950/2067 2139/2951/2068
f 1550/2938/1505 2140/2952/2069 2142/2954/2071
f 2142/2954/2071 2140/2952/2069 2141/2953/2070
f 1550/2938/1505 2142/2954/2071 1547/2955/1502
f 1547/2955/1502 2142/2954/2071 1548/2956/1503
f 1548/2956/1503 2142/2954/2071 2143/2957/2072
f 2143/2957/2072 2142/2954/2071 2141/2953/2070
f 2143/2957/2072 2141/2953/2070 2144/2958/2073
f 2144/2958/2073 2141/2953/2070 2145/2959/2074
f 2145/2959/2074 2141/2953/2070 2139/2951/2068
f 2145/2959/2074 2139/2951/2068 2146/2960/2075
f 2145/2959/2074 2146/2960/2075 2147/2961/2076
f 2145/2959/2074 2147/2961/2076 2148/2962/2077
f 2148/2962/2077 2147/2961/2076 2146/2960/2075
f 2148/2962/2077 2146/2960/2075 2139/2951/2068
f 2148/2962/2077 2139/2951/2068 2134/2942/2063
f 2148/2962/2077 2134/2942/2063 2136/2948/2065
f 2148/2962/2077 2136/2948/2065 2149/2963/2078
f 2149/2963/2078 2136/2948/2065 2150/2964/546
f 2150/2964/546 2136/2948/2065 2151/2965/2079
f 2151/2965/2079 2136/2948/2065 2135/2946/2064
f 2150/2964/546 2151/2965/2079 2152/2966/2080
f 2152/2966/2080 2151/2965/2079 2135/2946/2064
f 2150/2964/546 2152/2966/2080 2153/2967/2081
f 2153/2967/2081 2152/2966/2080 2135/2946/2064
f 1535/2968/1490 1536/2969/1491 1548/2970/1503
f 1535/2968/1490 1548/2970/1503 2154/2971/2082
f 1535/2968/1490 2154/2971/2082 2155/2972/2083
f 1535/2968/1490 2155/2972/2083 1534/2973/1489
f 2155/2972/2083 2154/2971/2082 2156/2974/2084
f 2156/2974/2084 2154/2971/2082 2157/2975/2085
f 1534/2973/1489 2155/2972/2083 2158/2976/2086
f 1534/2973/1489 2158/2976/2086 1531/2977/1486
f 2158/2976/2086 2155/2972/2083 2156/2974/2084
f 2156/2974/2084 2157/2975/2085 2159/2978/2087
f 2156/2974/2084 2159/2978/2087 2160/2979/1772
f 2158/2976/2086 2156/2974/2084 1883/2980/1820
f 1883/2980/1820 2156/2974/2084 2160/2979/1772
f 2158/2976/2086 1883/2980/1820 1880/2981/1817
f 1880/2981/1817 1883/2980/1820 1879/2982/1816
f 1883/2980/1820 2160/2979/1772 1884/2983/1821
f 1884/2983/1821 2160/2979/1772 2159/2978/2087
f 1883/2980/1820 1884/2983/1821 1882/2984/1819
f 1884/2983/1821 2159/2978/2087 2161/2985/2088
f 2161/2985/2088 2159/2978/2087 2162/2986/2089
f 2161/2985/2088 2162/2986/2089 2163/2987/2090
f 2161/2985/2088 2163/2987/2090 2164/2988/2091
f 2164/2988/2091 2163/2987/2090 2165/2989/2092
f 2021/2990/1957 1974/2991/1910 1973/2992/1909
f 1974/2991/1910 2021/2990/1957 2026/2993/1962
f 1974/2991/1910 2026/2993/1962 2007/2994/1943
f 2007/2994/1943 2026/2993/1962 2166/2995/2093
f 2166/2995/2093 2026/2993/1962 2027/2996/1963
f 2166/2995/2093 2027/2996/1963 2167/2997/2094
f 2166/2995/2093 2167/2997/2094 2007/2994/1943
f 2167/2997/2094 2027/2996/1963 2168/2998/2095
f 2007/2994/1943 2167/2997/2094 2169/2999/2096
f 2007/2994/1943 2169/2999/2096 2008/3000/1944
f 2008/3000/1944 2169/2999/2096 2009/3001/1945
f 2169/2999/2096 2167/2997/2094 2170/3002/2097
f 2169/2999/2096 2170/3002/2097 2009/3001/1945
f 2009/3001/1945 2170/3002/2097 2167/2997/2094
f 2009/3001/1945 2167/2997/2094 2171/3003/2098
f 2171/3003/2098 2167/2997/2094 2168/2998/2095
f 2171/3003/2098 2168/2998/2095 2172/3004/1666
f 2172/3004/1666 2168/2998/2095 2173/3005/2099
f 2172/3004/1666 2173/3005/2099 2174/3006/2100
f 2173/3005/2099 2168/2998/2095 2175/3007/2101
f 2175/3007/2101 2168/2998/2095 2176/3008/2102
f 2176/3008/2102 2168/2998/2095 2029/3009/1965
f 2175/3007/2101 2176/3008/2102 2177/3010/2103
f 2176/3008/2102 2029/3009/1965 2178/3011/2104
f 2176/3008/2102 2178/3011/2104 2177/3010/2103
f 1531/3012/1486 2158/3013/2086 1880/3014/1817
f 1710/3015/1659 2037/3016/1973 1711/3017/1660
f 2037/3016/1973 1710/3015/1659 2016/3018/1952
f 2037/3016/1973 2016/3018/1952 2179/3019/2105
f 2037/3016/1973 2179/3019/2105 2036/3020/1972
f 2179/3019/2105 2016/3018/1952 1926/3021/1862
f 2036/3020/1972 2179/3019/2105 2034/3022/1970
f 2179/3019/2105 1926/3021/1862 1928/3023/1864
f 2034/3022/1970 2179/3019/2105 2180/3024/2106
f 2180/3024/2106 2179/3019/2105 1928/3023/1864
f 2034/3022/1970 2180/3024/2106 2181/3025/2107
f 2034/3022/1970 2181/3025/2107 2024/3026/1960
f 2024/3026/1960 2181/3025/2107 2182/3027/2108
f 2182/3027/2108 2181/3025/2107 2173/3028/2099
f 2180/3024/2106 1928/3023/1864 2183/3029/2109
f 2180/3024/2106 2183/3029/2109 2184/3030/2110
f 2180/3024/2106 2184/3030/2110 2181/3025/2107
f 2183/3029/2109 1928/3023/1864 2185/3031/2111
f 2183/3029/2109 2185/3031/2111 2184/3030/2110
f 2181/3025/2107 2184/3030/2110 2175/3032/2101
f 2181/3025/2107 2175/3032/2101 2177/3033/2103
f 2175/3032/2101 2184/3030/2110 2178/3034/2104
f 2178/3034/2104 2184/3030/2110 2177/3035/2103
f 2177/3035/2103 2184/3030/2110 2185/3031/2111
f 2177/3035/2103 2185/3031/2111 2181/3036/2107
f 2181/3036/2107 2185/3031/2111 2186/3037/2112
f 2187/3038/2113 2185/3031/2111 1928/3023/1864
f 2187/3038/2113 1928/3023/1864 1934/3039/1870
f 2185/3031/2111 2187/3038/2113 2186/3037/2112
f 2181/3036/2107 2186/3037/2112 2173/3040/2099
f 2186/3037/2112 2187/3038/2113 2188/3041/2114
f 2188/3041/2114 2187/3038/2113 2189/3042/2115
f 2186/3037/2112 2188/3041/2114 2190/3043/2116
f 2173/3040/2099 2186/3037/2112 2191/3044/2117
f 2191/3044/2117 2186/3037/2112 2190/3043/2116
f 2173/3040/2099 2191/3044/2117 2174/3045/2100
f 2191/3044/2117 2190/3043/2116 2192/3046/2118
f 2174/3045/2100 2191/3044/2117 2193/3047/2119
f 2193/3047/2119 2191/3044/2117 2192/3046/2118
f 2193/3047/2119 2192/3046/2118 2194/3048/2120
f 1531/3049/1486 1880/3050/1817 1877/3051/1814
f 2143/3052/2072 2154/3053/2082 1548/3054/1503
f 2154/3053/2082 2143/3052/2072 2157/3055/2085
f 2157/3055/2085 2143/3052/2072 2144/3056/2073
f 2157/3055/2085 2144/3056/2073 2195/3057/2121
f 2157/3055/2085 2195/3057/2121 2159/3058/2087
f 2159/3058/2087 2195/3057/2121 2196/3059/2122
f 2195/3057/2121 2144/3056/2073 2197/3060/2123
f 2197/3060/2123 2144/3056/2073 2198/3061/2124
f 2198/3061/2124 2144/3056/2073 2145/3062/2074
f 2195/3057/2121 2197/3060/2123 2199/3063/2125
f 2195/3057/2121 2199/3063/2125 2196/3059/2122
f 2199/3063/2125 2197/3060/2123 2200/3064/2126
f 2199/3063/2125 2200/3064/2126 2201/3065/2127
f 2199/3063/2125 2201/3065/2127 2202/3066/2128
f 2202/3066/2128 2201/3065/2127 2203/3067/2129
f 2199/3063/2125 2202/3066/2128 2196/3059/2122
f 2196/3059/2122 2202/3066/2128 2204/3068/2130
f 2196/3059/2122 2204/3068/2130 2203/3069/2129
f 2196/3059/2122 2203/3069/2129 2201/3070/2127
f 2196/3059/2122 2201/3070/2127 2200/3071/2126
f 2205/3072/2131 2197/3060/2123 2198/3061/2124
f 2205/3072/2131 2198/3061/2124 2145/3062/2074
f 2197/3060/2123 2205/3072/2131 2206/3073/2132
f 2206/3073/2132 2205/3072/2131 2207/3074/2133
f 2207/3074/2133 2205/3072/2131 2208/3075/2134
f 2208/3075/2134 2205/3072/2131 2145/3062/2074
f 2208/3075/2134 2145/3062/2074 2148/3076/2077
f 2208/3075/2134 2148/3076/2077 2149/3077/2078
f 1570/3078/34 524/3079/34 463/3080/34
f 1570/3078/34 463/3080/34 2209/3081/34
f 2209/3081/34 463/3080/34 2210/3082/34
f 1570/3078/34 2209/3081/34 2211/3083/34
f 1570/3078/34 2211/3083/34 2212/3084/34
f 2029/3085/1965 2030/3086/1966 2033/3087/1969
f 2029/3085/1965 2033/3087/1969 2182/3088/2108
f 2029/3085/1965 2182/3088/2108 2175/3089/2101
f 2029/3085/1965 2175/3089/2101 2178/3090/2104
f 2175/3089/2101 2182/3088/2108 2173/3091/2099
f 2033/3092/1969 2028/3093/1964 2182/3094/2108
f 2182/3094/2108 2028/3093/1964 2025/3095/1961
f 2182/3094/2108 2025/3095/1961 2027/3096/1963
f 2027/3096/1963 2025/3095/1961 2029/3097/1965
f 2182/3094/2108 2027/3096/1963 2023/3098/1959
f 2182/3094/2108 2023/3098/1959 2024/3099/1960
f 1648/3100/1597 2213/3101/2135 1644/3102/1593
f 2213/3101/2135 1648/3100/1597 2214/3103/2136
f 2213/3101/2135 2214/3103/2136 2215/3104/2137
f 2214/3103/2136 1648/3100/1597 2216/3105/2138
f 2216/3105/2138 1648/3100/1597 1649/3106/1598
f 2215/3104/2137 2214/3103/2136 2217/3107/2139
f 2214/3103/2136 2216/3105/2138 2218/3108/2140
f 2214/3103/2136 2218/3108/2140 2217/3107/2139
f 2216/3105/2138 1649/3106/1598 1652/3109/1601
f 2216/3105/2138 1652/3109/1601 2218/3108/2140
f 1652/3109/1601 1649/3106/1598 1647/3110/1596
f 2217/3107/2139 2218/3108/2140 2219/3111/2141
f 2215/3104/2137 2217/3107/2139 2220/3112/2142
f 2218/3108/2140 1652/3109/1601 2221/3113/2143
f 2218/3108/2140 2221/3113/2143 2219/3111/2141
f 2220/3112/2142 2217/3107/2139 2222/3114/2144
f 2222/3114/2144 2217/3107/2139 2219/3111/2141
f 2215/3104/2137 2220/3112/2142 2223/3115/2145
f 2222/3114/2144 2219/3111/2141 2224/3116/2146
f 2222/3114/2144 2224/3116/2146 2220/3112/2142
f 2221/3113/2143 1652/3109/1601 1657/3117/1606
f 1657/3117/1606 1652/3109/1601 1651/3118/1600
f 2225/3119/2147 2219/3111/2141 2221/3113/2143
f 2221/3113/2143 1657/3117/1606 2226/3120/2148
f 2221/3113/2143 2226/3120/2148 2225/3119/2147
f 2226/3120/2148 1657/3117/1606 1660/3121/1609
f 1660/3121/1609 1657/3117/1606 1656/3122/1605
f 2225/3119/2147 2226/3120/2148 2227/3123/2149
f 2226/3120/2148 1660/3121/1609 1670/3124/1619
f 2226/3120/2148 1670/3124/1619 2227/3123/2149
f 1670/3124/1619 1660/3121/1609 1661/3125/1610
f 1670/3124/1619 1661/3125/1610 1662/3126/1611
f 2227/3123/2149 1670/3124/1619 1669/3127/1618
f 2227/3123/2149 1669/3127/1618 1773/3128/1722
f 2228/3129/2150 2219/3111/2141 2225/3119/2147
f 2228/3129/2150 2225/3119/2147 2227/3123/2149
f 2227/3123/2149 1773/3128/1722 2229/3130/2151
f 2227/3123/2149 2229/3130/2151 2228/3129/2150
f 2229/3130/2151 1773/3128/1722 1774/3131/1723
f 2229/3130/2151 1774/3131/1723 1775/3132/1724
f 2219/3111/2141 2228/3129/2150 2224/3116/2146
f 2229/3130/2151 1775/3132/1724 2230/3133/2152
f 2230/3133/2152 1775/3132/1724 1772/3134/1721
f 2230/3133/2152 1772/3134/1721 2231/3135/2153
f 2232/3136/2154 2233/3137/2155 2231/3135/2153
f 2231/3135/2153 2233/3137/2155 2230/3133/2152
f 2229/3130/2151 2230/3133/2152 2234/3138/2156
f 2230/3133/2152 2233/3137/2155 2235/3139/2157
f 2229/3130/2151 2234/3138/2156 2236/3140/2158
f 2229/3130/2151 2236/3140/2158 2228/3129/2150
f 2234/3138/2156 2230/3133/2152 2237/3141/2159
f 2234/3138/2156 2237/3141/2159 2236/3140/2158
f 2237/3141/2159 2230/3133/2152 2235/3139/2157
f 2235/3139/2157 2233/3137/2155 2238/3142/2160
f 2236/3140/2158 2237/3141/2159 2239/3143/2161
f 2239/3143/2161 2237/3141/2159 2235/3139/2157
f 2228/3129/2150 2236/3140/2158 2240/3144/2162
f 2240/3144/2162 2236/3140/2158 2239/3143/2161
f 2228/3129/2150 2240/3144/2162 2241/3145/2163
f 2235/3139/2157 2238/3142/2160 2242/3146/2164
f 2235/3139/2157 2242/3146/2164 2239/3143/2161
f 2228/3129/2150 2241/3145/2163 2243/3147/2165
f 2228/3129/2150 2243/3147/2165 2224/3116/2146
f 2240/3144/2162 2239/3143/2161 2244/3148/2166
f 2240/3144/2162 2244/3148/2166 2241/3145/2163
f 2239/3143/2161 2242/3146/2164 2245/3149/2167
f 2239/3143/2161 2245/3149/2167 2244/3148/2166
f 2224/3116/2146 2243/3147/2165 2246/3150/2168
f 2246/3150/2168 2243/3147/2165 2241/3145/2163
f 2224/3116/2146 2246/3150/2168 2247/3151/2169
f 2224/3116/2146 2247/3151/2169 2220/3112/2142
f 2246/3150/2168 2241/3145/2163 2248/3152/2170
f 2247/3151/2169 2246/3150/2168 2249/3153/2171
f 2249/3153/2171 2246/3150/2168 2248/3152/2170
f 2248/3152/2170 2241/3145/2163 2250/3154/2172
f 2250/3154/2172 2241/3145/2163 2244/3148/2166
f 2249/3153/2171 2248/3152/2170 2251/3155/2173
f 2250/3154/2172 2244/3148/2166 2252/3156/2174
f 2252/3156/2174 2244/3148/2166 2245/3149/2167
f 2248/3152/2170 2250/3154/2172 2253/3157/2175
f 2253/3157/2175 2250/3154/2172 2252/3156/2174
f 2248/3152/2170 2253/3157/2175 2251/3155/2173
f 2249/3153/2171 2251/3155/2173 2254/3158/2176
f 2249/3153/2171 2254/3158/2176 2247/3151/2169
f 2251/3155/2173 2253/3157/2175 2255/3159/2177
f 2256/3160/2178 2220/3112/2142 2247/3151/2169
f 2256/3160/2178 2247/3151/2169 2254/3158/2176
f 2220/3112/2142 2256/3160/2178 2257/3161/2179
f 2220/3112/2142 2257/3161/2179 2223/3115/2145
f 2256/3160/2178 2254/3158/2176 2258/3162/2180
f 2223/3115/2145 2257/3161/2179 2259/3163/2181
f 2257/3161/2179 2256/3160/2178 2260/3164/2182
f 2257/3161/2179 2260/3164/2182 2259/3163/2181
f 2259/3163/2181 2260/3164/2182 2223/3115/2145
f 2260/3164/2182 2256/3160/2178 2261/3165/2183
f 2260/3164/2182 2261/3165/2183 2223/3115/2145
f 2262/3166/2184 2254/3158/2176 2251/3155/2173
f 2262/3166/2184 2251/3155/2173 2255/3159/2177
f 2263/3167/2185 2258/3162/2180 2254/3158/2176
f 2263/3167/2185 2254/3158/2176 2262/3166/2184
f 2258/3162/2180 2263/3167/2185 2264/3168/2186
f 2258/3162/2180 2264/3168/2186 2265/3169/2187
f 2265/3169/2187 2264/3168/2186 2266/3170/2188
f 2265/3169/2187 2266/3170/2188 2267/3171/2189
f 2264/3168/2186 2263/3167/2185 2268/3172/2190
f 2268/3172/2190 2263/3167/2185 2262/3166/2184
f 2266/3170/2188 2264/3168/2186 2269/3173/2191
f 2266/3170/2188 2269/3173/2191 2267/3171/2189
f 2269/3173/2191 2264/3168/2186 2268/3172/2190
f 2268/3172/2190 2262/3166/2184 2270/3174/2192
f 2268/3172/2190 2270/3174/2192 2269/3173/2191
f 2270/3174/2192 2262/3166/2184 2255/3159/2177
f 2267/3171/2189 2269/3173/2191 2271/3175/2193
f 2271/3175/2193 2269/3173/2191 2270/3174/2192
f 2267/3171/2189 2271/3175/2193 2272/3176/2194
f 2270/3174/2192 2255/3159/2177 2273/3177/2195
f 2273/3177/2195 2255/3159/2177 2253/3157/2175
f 2270/3174/2192 2273/3177/2195 2274/3178/2196
f 2270/3174/2192 2274/3178/2196 2271/3175/2193
f 2273/3177/2195 2253/3157/2175 2275/3179/2197
f 2273/3177/2195 2275/3179/2197 2274/3178/2196
f 2275/3179/2197 2253/3157/2175 2252/3156/2174
f 2274/3178/2196 2275/3179/2197 2276/3180/2198
f 2274/3178/2196 2276/3180/2198 2271/3175/2193
f 2276/3180/2198 2275/3179/2197 2252/3156/2174
f 2277/3181/2199 2272/3176/2194 2271/3175/2193
f 2272/3176/2194 2277/3181/2199 2278/3182/2200
f 2271/3175/2193 2276/3180/2198 2279/3183/2201
f 2271/3175/2193 2279/3183/2201 2277/3181/2199
f 2279/3183/2201 2276/3180/2198 2252/3156/2174
f 2278/3182/2200 2277/3181/2199 2280/3184/2202
f 2277/3181/2199 2279/3183/2201 2281/3185/2203
f 2277/3181/2199 2281/3185/2203 2280/3184/2202
f 2281/3185/2203 2279/3183/2201 2282/3186/2204
f 2281/3185/2203 2282/3186/2204 2280/3184/2202
f 2278/3182/2200 2280/3184/2202 2283/3187/2205
f 2278/3182/2200 2283/3187/2205 2284/3188/2206
f 2284/3188/2206 2283/3187/2205 2285/3189/2207
f 2280/3184/2202 2282/3186/2204 2286/3190/2208
f 2286/3190/2208 2282/3186/2204 2279/3183/2201
f 2283/3187/2205 2280/3184/2202 2287/3191/2209
f 2287/3191/2209 2280/3184/2202 2286/3190/2208
f 2285/3189/2207 2283/3187/2205 2288/3192/2210
f 2285/3189/2207 2288/3192/2210 2289/3193/2211
f 2288/3192/2210 2283/3187/2205 2290/3194/2212
f 2290/3194/2212 2283/3187/2205 2287/3191/2209
f 2289/3193/2211 2288/3192/2210 2291/3195/662
f 2291/3195/662 2288/3192/2210 2290/3194/2212
f 2292/3196/2213 2293/3197/2214 2289/3193/2211
f 2292/3196/2213 2289/3193/2211 2291/3195/662
f 2292/3196/2213 2291/3195/662 2294/3198/2215
f 2291/3195/662 2290/3194/2212 2295/3199/1721
f 2294/3198/2215 2291/3195/662 2296/3200/2216
f 2296/3200/2216 2291/3195/662 2295/3199/1721
f 2294/3198/2215 2296/3200/2216 2297/3201/2217
f 2294/3198/2215 2297/3201/2217 2298/3202/2218
f 2296/3200/2216 2295/3199/1721 2299/3203/2219
f 2299/3203/2219 2295/3199/1721 2290/3194/2212
f 2296/3200/2216 2299/3203/2219 2297/3201/2217
f 2299/3203/2219 2290/3194/2212 2300/3204/2220
f 2300/3204/2220 2290/3194/2212 2287/3191/2209
f 2297/3201/2217 2299/3203/2219 2301/3205/2221
f 2301/3205/2221 2299/3203/2219 2302/3206/2222
f 2299/3203/2219 2300/3204/2220 2303/3207/2223
f 2299/3203/2219 2303/3207/2223 2302/3206/2222
f 2300/3204/2220 2287/3191/2209 2304/3208/2224
f 2300/3204/2220 2304/3208/2224 2303/3207/2223
f 2302/3206/2222 2303/3207/2223 2305/3209/2225
f 2302/3206/2222 2305/3209/2225 2301/3205/2221
f 2305/3209/2225 2303/3207/2223 2304/3208/2224
f 2306/3210/2226 2297/3201/2217 2301/3205/2221
f 2306/3210/2226 2301/3205/2221 2305/3209/2225
f 2297/3201/2217 2306/3210/2226 2307/3211/2227
f 2297/3201/2217 2307/3211/2227 2308/3212/2228
f 2308/3212/2228 2307/3211/2227 2309/3213/2229
f 2306/3210/2226 2305/3209/2225 2310/3214/2230
f 2310/3214/2230 2305/3209/2225 2304/3208/2224
f 2307/3211/2227 2306/3210/2226 2311/3215/2231
f 2311/3215/2231 2306/3210/2226 2310/3214/2230
f 2311/3215/2231 2310/3214/2230 2312/3216/2232
f 2311/3215/2231 2312/3216/2232 2313/3217/2233
f 2311/3215/2231 2313/3217/2233 2307/3211/2227
f 2313/3217/2233 2312/3216/2232 2314/3218/2234
f 2313/3217/2233 2314/3218/2234 2315/3219/2235
f 2313/3217/2233 2315/3219/2235 2316/3220/2236
f 2307/3211/2227 2313/3217/2233 2317/3221/2237
f 2317/3221/2237 2313/3217/2233 2316/3220/2236
f 2307/3211/2227 2317/3221/2237 2309/3213/2229
f 2309/3213/2229 2317/3221/2237 2318/3222/2238
f 2317/3221/2237 2316/3220/2236 2319/3223/2239
f 2317/3221/2237 2319/3223/2239 2320/3224/2240
f 2317/3221/2237 2320/3224/2240 2321/3225/2241
f 2322/3226/2242 2310/3214/2230 2304/3208/2224
f 2322/3226/2242 2304/3208/2224 2323/3227/2243
f 2322/3226/2242 2323/3227/2243 2324/3228/2244
f 2323/3227/2243 2304/3208/2224 2325/3229/2245
f 2325/3229/2245 2304/3208/2224 2324/3230/2244
f 2324/3230/2244 2304/3208/2224 2287/3191/2209
f 2324/3230/2244 2287/3191/2209 2322/3231/2242
f 2322/3231/2242 2287/3191/2209 2286/3190/2208
f 2322/3231/2242 2286/3190/2208 2326/3232/2246
f 2326/3232/2246 2286/3190/2208 2279/3183/2201
f 2326/3232/2246 2279/3183/2201 2238/3142/2160
f 2238/3142/2160 2279/3183/2201 2327/3233/2247
f 2238/3142/2160 2327/3233/2247 2242/3146/2164
f 2242/3146/2164 2327/3233/2247 2245/3149/2167
f 2327/3233/2247 2279/3183/2201 2328/3234/2248
f 2245/3149/2167 2327/3233/2247 2329/3235/2249
f 2329/3235/2249 2327/3233/2247 2328/3234/2248
f 2328/3234/2248 2279/3183/2201 2252/3156/2174
f 2245/3149/2167 2329/3235/2249 2252/3156/2174
f 2252/3156/2174 2329/3235/2249 2328/3234/2248
f 1567/3236/34 1568/3237/34 2330/3238/34
f 2330/3238/34 1568/3237/34 1570/3239/34
f 2330/3238/34 1570/3239/34 2212/3240/34
f 1567/3236/34 2330/3238/34 2042/3241/34
f 2330/3238/34 2212/3240/34 2331/3242/34
f 2330/3238/34 2331/3242/34 2042/3241/34
f 2042/3241/34 2331/3242/34 2332/3243/34
f 2161/3244/2088 2164/3245/2091 1884/3246/1821
f 1884/3246/1821 2164/3245/2091 1885/3247/1822
f 1885/3247/1822 2164/3245/2091 2333/3248/2250
f 2333/3248/2250 2164/3245/2091 2165/3249/2092
f 2333/3248/2250 2165/3249/2092 2334/3250/2251
f 1885/3247/1822 2333/3248/2250 1887/3251/1824
f 2333/3248/2250 2334/3250/2251 2335/3252/2252
f 2333/3248/2250 2335/3252/2252 1887/3251/1824
f 2335/3252/2252 2334/3250/2251 2336/3253/2253
f 2336/3253/2253 2334/3250/2251 2337/3254/2254
f 1887/3251/1824 2335/3252/2252 2338/3255/2255
f 2338/3255/2255 2335/3252/2252 2336/3253/2253
f 1887/3251/1824 2338/3255/2255 2339/3256/2256
f 1887/3251/1824 2339/3256/2256 1892/3257/1829
f 1892/3257/1829 2339/3256/2256 2340/3258/2257
f 2340/3258/2257 2339/3256/2256 2341/3259/2258
f 2341/3259/2258 2339/3256/2256 2342/3260/2259
f 2342/3260/2259 2339/3256/2256 2338/3255/2255
f 2341/3259/2258 2342/3260/2259 2343/3261/2260
f 2343/3261/2260 2342/3260/2259 2344/3262/2261
f 2344/3262/2261 2342/3260/2259 2345/3263/2262
f 2342/3260/2259 2338/3255/2255 2346/3264/2263
f 2344/3265/2261 2347/3266/2264 2338/3255/2255
f 2348/3267/2265 2338/3255/2255 2336/3253/2253
f 2338/3255/2255 2348/3267/2265 2344/3265/2261
f 2348/3267/2265 2336/3253/2253 2349/3268/2266
f 2348/3267/2265 2349/3268/2266 2350/3269/2267
f 2344/3265/2261 2348/3267/2265 2351/3270/2268
f 2344/3265/2261 2351/3270/2268 2343/3271/2260
f 2343/3271/2260 2351/3270/2268 2345/3272/2262
f 2343/3271/2260 2345/3272/2262 2352/3273/2269
f 2213/3274/2135 1852/3275/299 1644/3276/1593
f 1852/3275/299 2213/3274/2135 2215/3277/2137
f 1852/3275/299 2215/3277/2137 2261/3278/2183
f 2261/3278/2183 2215/3277/2137 2223/3279/2145
f 1852/3275/299 2261/3278/2183 2353/3280/34
f 1852/3275/299 2353/3280/34 1854/3281/34
f 1854/3281/34 2353/3280/34 2354/3282/34
f 1854/3281/34 2354/3282/34 1856/3283/34
f 2353/3280/34 2261/3278/2183 2355/3284/2270
f 1856/3283/34 2354/3282/34 2356/3285/34
f 1856/3283/34 2356/3285/34 1857/3286/34
f 1857/3286/34 2356/3285/34 1084/3287/34
f 1084/3287/34 2356/3285/34 2357/3288/34
f 2357/3288/34 2356/3285/34 2358/3289/34
f 2358/3289/34 2356/3285/34 2354/3282/34
f 2358/3289/34 2354/3282/34 2359/3290/34
f 2359/3290/34 2354/3282/34 2360/3291/34
f 2360/3291/34 2354/3282/34 2353/3280/34
f 2360/3291/34 2353/3280/34 2355/3284/2270
f 2360/3291/34 2355/3284/2270 2361/3292/2271
f 2360/3291/34 2361/3292/2271 2362/3293/2272
f 2360/3291/34 2362/3293/2272 2363/3294/2273
f 2363/3294/2273 2362/3293/2272 2364/3295/2274
f 2363/3294/2273 2364/3295/2274 2365/3296/2275
f 2362/3293/2272 2361/3292/2271 2366/3297/2276
f 2362/3293/2272 2366/3297/2276 2364/3295/2274
f 2366/3297/2276 2361/3292/2271 2367/3298/2277
f 2367/3298/2277 2361/3292/2271 2355/3284/2270
f 2364/3295/2274 2366/3297/2276 2368/3299/2278
f 2368/3299/2278 2366/3297/2276 2367/3298/2277
f 2365/3296/2275 2364/3295/2274 2369/3300/2279
f 2369/3300/2279 2364/3295/2274 2368/3299/2278
f 2365/3296/2275 2369/3300/2279 2370/3301/2280
f 2365/3296/2275 2370/3301/2280 2371/3302/1358
f 2369/3300/2279 2368/3299/2278 2372/3303/2281
f 2370/3301/2280 2369/3300/2279 2373/3304/2282
f 2373/3304/2282 2369/3300/2279 2372/3303/2281
f 2370/3301/2280 2373/3304/2282 2374/3305/2283
f 2370/3301/2280 2374/3305/2283 2375/3306/2284
f 2375/3306/2284 2374/3305/2283 2373/3304/2282
f 2370/3301/2280 2375/3306/2284 2376/3307/2285
f 2373/3304/2282 2372/3303/2281 2377/3308/2286
f 2373/3304/2282 2377/3308/2286 2375/3306/2284
f 2375/3306/2284 2377/3308/2286 2378/3309/2287
f 2375/3306/2284 2378/3309/2287 2379/3310/2288
f 2379/3310/2288 2378/3309/2287 2380/3311/2289
f 2378/3309/2287 2377/3308/2286 2381/3312/2290
f 2377/3308/2286 2372/3303/2281 2382/3313/2291
f 2377/3308/2286 2382/3313/2291 2381/3312/2290
f 2381/3312/2290 2382/3313/2291 2383/3314/2292
f 2378/3309/2287 2381/3312/2290 2384/3315/2293
f 2384/3315/2293 2381/3312/2290 2383/3314/2292
f 2380/3311/2289 2378/3309/2287 2385/3316/2294
f 2385/3316/2294 2378/3309/2287 2384/3315/2293
f 2380/3311/2289 2385/3316/2294 2289/3317/2211
f 2380/3311/2289 2289/3317/2211 2386/3318/2295
f 2289/3317/2211 2385/3316/2294 2285/3319/2207
f 2285/3319/2207 2385/3316/2294 2387/3320/2296
f 2387/3320/2296 2385/3316/2294 2384/3315/2293
f 2285/3319/2207 2387/3320/2296 2284/3321/2206
f 2388/3322/2297 2384/3315/2293 2383/3314/2292
f 2388/3322/2297 2383/3314/2292 2382/3313/2291
f 2384/3315/2293 2388/3322/2297 2272/3323/2194
f 2384/3315/2293 2272/3323/2194 2387/3320/2296
f 2272/3323/2194 2388/3322/2297 2267/3324/2189
f 2387/3320/2296 2272/3323/2194 2389/3325/2298
f 2389/3325/2298 2272/3323/2194 2278/3326/2200
f 2390/3327/2299 2284/3321/2206 2387/3320/2296
f 2389/3325/2298 2278/3326/2200 2391/3328/2300
f 2391/3328/2300 2278/3326/2200 2284/3321/2206
f 2391/3328/2300 2284/3321/2206 2390/3327/2299
f 2389/3325/2298 2391/3328/2300 2387/3320/2296
f 2387/3320/2296 2391/3328/2300 2390/3327/2299
f 2392/3329/2301 2267/3324/2189 2388/3322/2297
f 2392/3329/2301 2388/3322/2297 2382/3313/2291
f 2392/3329/2301 2382/3313/2291 2372/3303/2281
f 2392/3329/2301 2372/3303/2281 2368/3299/2278
f 2267/3324/2189 2392/3329/2301 2265/3330/2187
f 2265/3330/2187 2392/3329/2301 2368/3299/2278
f 2265/3330/2187 2368/3299/2278 2367/3298/2277
f 2265/3330/2187 2367/3298/2277 2393/3331/1878
f 2265/3330/2187 2393/3331/1878 2258/3332/2180
f 2258/3332/2180 2393/3331/1878 2394/3333/2302
f 2258/3332/2180 2394/3333/2302 2256/3334/2178
f 2256/3334/2178 2394/3333/2302 2261/3278/2183
f 2261/3278/2183 2394/3333/2302 2395/3335/2303
f 2395/3335/2303 2394/3333/2302 2393/3331/1878
f 2261/3278/2183 2395/3335/2303 2355/3284/2270
f 2395/3335/2303 2393/3331/1878 2396/3336/2304
f 2395/3335/2303 2396/3336/2304 2355/3284/2270
f 2396/3336/2304 2393/3331/1878 2367/3298/2277
f 2355/3284/2270 2396/3336/2304 2397/3337/2305
f 2397/3337/2305 2396/3336/2304 2367/3298/2277
f 2397/3337/2305 2367/3298/2277 2355/3284/2270
f 2398/3338/2306 1744/3339/1693 1741/3340/1690
f 1744/3339/1693 2398/3338/2306 1750/3341/1699
f 2398/3338/2306 1741/3340/1690 2399/3342/2307
f 1750/3341/1699 2398/3338/2306 2400/3343/2308
f 2400/3343/2308 2398/3338/2306 2399/3342/2307
f 1748/3344/1697 1777/3345/1726 1754/3346/1703
f 2231/3347/2153 1772/3348/1721 1777/3345/1726
f 2231/3347/2153 1777/3345/1726 1748/3344/1697
f 2231/3347/2153 1748/3344/1697 2232/3349/2154
f 2232/3349/2154 1748/3344/1697 2401/3350/2309
f 1746/3351/1695 1748/3344/1697 1745/3352/1694
f 1748/3344/1697 1746/3351/1695 1752/3353/1701
f 1748/3344/1697 1752/3353/1701 2401/3350/2309
f 1752/3353/1701 1746/3351/1695 1743/3354/1692
f 1752/3353/1701 1743/3354/1692 1751/3355/1700
f 2232/3349/2154 2401/3350/2309 2233/3356/2155
f 2401/3350/2309 1752/3353/1701 2402/3357/2310
f 2402/3357/2310 1752/3353/1701 1750/3358/1699
f 2401/3350/2309 2402/3357/2310 2403/3359/2311
f 2401/3350/2309 2403/3359/2311 2233/3356/2155
f 2402/3357/2310 1750/3358/1699 2404/3360/2312
f 2404/3360/2312 1750/3358/1699 2400/3361/2308
f 2404/3360/2312 2400/3361/2308 2405/3362/2313
f 2402/3357/2310 2404/3360/2312 2406/3363/2314
f 2402/3357/2310 2406/3363/2314 2403/3359/2311
f 2404/3360/2312 2405/3362/2313 2407/3364/2315
f 2407/3364/2315 2405/3362/2313 2408/3365/2316
f 2407/3364/2315 2408/3365/2316 2409/3366/2317
f 2407/3364/2315 2409/3366/2317 2315/3367/2235
f 2407/3364/2315 2315/3367/2235 2314/3368/2234
f 2406/3363/2314 2404/3360/2312 2410/3369/2318
f 2404/3360/2312 2407/3364/2315 2411/3370/2319
f 2411/3370/2319 2407/3364/2315 2314/3368/2234
f 2404/3360/2312 2411/3370/2319 2410/3369/2318
f 2406/3363/2314 2410/3369/2318 2412/3371/2320
f 2406/3363/2314 2412/3371/2320 2403/3359/2311
f 2412/3371/2320 2410/3369/2318 2411/3370/2319
f 2412/3371/2320 2411/3370/2319 2403/3359/2311
f 2411/3370/2319 2314/3368/2234 2413/3372/2321
f 2413/3372/2321 2314/3368/2234 2312/3373/2232
f 2403/3359/2311 2411/3370/2319 2414/3374/2322
f 2414/3374/2322 2411/3370/2319 2413/3372/2321
f 2403/3359/2311 2414/3374/2322 2233/3356/2155
f 2413/3372/2321 2312/3373/2232 2310/3375/2230
f 2233/3356/2155 2414/3374/2322 2415/3376/2323
f 2414/3374/2322 2413/3372/2321 2416/3377/2324
f 2414/3374/2322 2416/3377/2324 2415/3376/2323
f 2233/3356/2155 2415/3376/2323 2417/3378/2325
f 2417/3378/2325 2415/3376/2323 2416/3377/2324
f 2233/3356/2155 2417/3378/2325 2238/3379/2160
f 2238/3379/2160 2417/3378/2325 2326/3380/2246
f 2326/3380/2246 2417/3378/2325 2323/3381/2243
f 2323/3381/2243 2417/3378/2325 2324/3382/2244
f 2324/3382/2244 2417/3378/2325 2325/3383/2245
f 2325/3383/2245 2417/3378/2325 2416/3377/2324
f 2325/3383/2245 2416/3377/2324 2418/3384/2326
f 2325/3383/2245 2418/3384/2326 2323/3385/2243
f 2419/3386/2327 2416/3377/2324 2413/3372/2321
f 2416/3377/2324 2419/3386/2327 2418/3384/2326
f 2418/3384/2326 2419/3386/2327 2413/3372/2321
f 2418/3384/2326 2413/3372/2321 2310/3375/2230
f 2323/3385/2243 2418/3384/2326 2326/3387/2246
f 2326/3387/2246 2418/3384/2326 2310/3375/2230
f 2326/3387/2246 2310/3375/2230 2322/3388/2242
f 2168/3389/2095 2027/3390/1963 2029/3391/1965
f 2420/3392/2328 2163/3393/2090 2162/3394/2089
f 2163/3393/2090 2420/3392/2328 2165/3395/2092
f 2159/3396/2087 2196/3397/2122 2162/3394/2089
f 2162/3394/2089 2196/3397/2122 2200/3398/2126
f 2420/3392/2328 2162/3394/2089 2421/3399/2329
f 2421/3399/2329 2162/3394/2089 2200/3398/2126
f 2421/3399/2329 2200/3398/2126 2203/3400/2129
f 2203/3400/2129 2200/3398/2126 2197/3401/2123
f 2421/3399/2329 2203/3400/2129 2204/3402/2130
f 2420/3392/2328 2421/3399/2329 2422/3403/2330
f 2420/3392/2328 2422/3403/2330 2423/3404/2331
f 2420/3392/2328 2423/3404/2331 2165/3395/2092
f 2423/3404/2331 2422/3403/2330 2424/3405/2332
f 2423/3404/2331 2424/3405/2332 2425/3406/2333
f 2425/3406/2333 2424/3405/2332 2426/3407/2334
f 2165/3395/2092 2423/3404/2331 2337/3408/2254
f 2337/3408/2254 2423/3404/2331 2425/3406/2333
f 2165/3395/2092 2337/3408/2254 2334/3409/2251
f 2337/3408/2254 2425/3406/2333 2427/3410/2335
f 2337/3408/2254 2427/3410/2335 2428/3411/2336
f 2337/3408/2254 2428/3411/2336 2336/3412/2253
f 2210/3413/34 463/3414/34 464/3415/34
f 1807/3416/1754 1805/3417/1752 2429/3418/2337
f 2429/3418/2337 1805/3417/1752 1802/3419/1749
f 2429/3418/2337 1802/3419/1749 2430/3420/2338
f 1807/3416/1754 2429/3418/2337 2431/3421/2339
f 2431/3421/2339 2429/3418/2337 2430/3420/2338
f 1807/3416/1754 2431/3421/2339 2432/3422/2340
f 1807/3416/1754 2432/3422/2340 1808/3423/1755
f 2431/3421/2339 2430/3420/2338 2433/3424/2341
f 2433/3424/2341 2430/3420/2338 2434/3425/2342
f 2433/3424/2341 2434/3425/2342 2435/3426/2343
f 2431/3421/2339 2433/3424/2341 2436/3427/2344
f 2436/3427/2344 2433/3424/2341 2435/3426/2343
f 2431/3421/2339 2436/3427/2344 2432/3422/2340
f 2436/3427/2344 2435/3426/2343 2437/3428/2345
f 1737/3429/1686 1808/3423/1755 2432/3422/2340
f 2436/3427/2344 2437/3428/2345 2316/3430/2236
f 2436/3427/2344 2316/3430/2236 2432/3422/2340
f 2316/3430/2236 2437/3428/2345 2319/3431/2239
f 2432/3422/2340 2316/3430/2236 2438/3432/2346
f 2438/3432/2346 2316/3430/2236 2315/3433/2235
f 2438/3432/2346 2315/3433/2235 2409/3434/2317
f 2438/3432/2346 2409/3434/2317 2408/3435/2316
f 2438/3432/2346 2408/3435/2316 2405/3436/2313
f 2439/3437/2347 1737/3429/1686 2432/3422/2340
f 2439/3437/2347 2432/3422/2340 2438/3432/2346
f 2439/3437/2347 2438/3432/2346 2405/3436/2313
f 1737/3429/1686 2439/3437/2347 1741/3438/1690
f 2439/3437/2347 2405/3436/2313 2400/3439/2308
f 2439/3437/2347 2400/3439/2308 1741/3438/1690
f 1741/3438/1690 2400/3439/2308 2399/3440/2307
f 2440/3441/2348 2441/3442/2349 2442/3443/2350
f 2442/3443/2350 2441/3442/2349 2443/3444/2351
f 2443/3444/2351 2441/3442/2349 2444/3445/2352
f 2440/3441/2348 2442/3443/2350 2013/3446/1949
f 2444/3445/2352 2441/3442/2349 2445/3447/2353
f 2445/3447/2353 2441/3442/2349 2440/3441/2348
f 2440/3441/2348 2013/3446/1949 2446/3448/2354
f 2440/3441/2348 2446/3448/2354 2445/3447/2353
f 2446/3448/2354 2013/3446/1949 2010/3449/1946
f 2445/3447/2353 2446/3448/2354 2447/3450/2355
f 2447/3450/2355 2446/3448/2354 2010/3449/1946
f 2447/3450/2355 2010/3449/1946 2448/3451/2356
f 2448/3451/2356 2010/3449/1946 2009/3452/1945
f 2448/3451/2356 2009/3452/1945 2449/3453/2357
f 2449/3453/2357 2009/3452/1945 2171/3454/2098
f 2421/3455/2329 2450/3456/2358 2422/3457/2330
f 2450/3456/2358 2421/3455/2329 2451/3458/2359
f 2450/3456/2358 2451/3458/2359 2452/3459/2360
f 2452/3459/2360 2451/3458/2359 2426/3460/2334
f 2451/3458/2359 2421/3455/2329 2424/3461/2332
f 2424/3461/2332 2421/3455/2329 2204/3462/2130
f 2424/3461/2332 2204/3462/2130 2453/3463/2361
f 2451/3458/2359 2424/3461/2332 2422/3464/2330
f 2451/3458/2359 2422/3464/2330 2426/3460/2334
f 2426/3460/2334 2422/3464/2330 2450/3465/2358
f 2426/3460/2334 2450/3465/2358 2425/3466/2333
f 1803/3467/1750 1987/3468/1923 2454/3469/2362
f 2454/3469/2362 1987/3468/1923 1992/3470/1928
f 2454/3469/2362 1992/3470/1928 1803/3467/1750
f 1803/3467/1750 1992/3470/1928 2455/3471/2363
f 1803/3467/1750 2455/3471/2363 1802/3472/1749
f 1802/3472/1749 2455/3471/2363 2430/3473/2338
f 2455/3471/2363 1992/3470/1928 2456/3474/2364
f 2430/3473/2338 2455/3471/2363 2457/3475/2365
f 2457/3475/2365 2455/3471/2363 2456/3474/2364
f 2430/3473/2338 2457/3475/2365 2458/3476/2366
f 2430/3473/2338 2458/3476/2366 2434/3477/2342
f 2434/3477/2342 2458/3476/2366 2435/3478/2343
f 2435/3478/2343 2458/3476/2366 2437/3479/2345
f 2456/3474/2364 1992/3470/1928 2014/3480/1950
f 2014/3480/1950 1992/3470/1928 1991/3481/1927
f 2458/3476/2366 2457/3475/2365 2459/3482/2367
f 2458/3476/2366 2459/3482/2367 2437/3479/2345
f 2460/3483/2368 2457/3475/2365 2456/3474/2364
f 2457/3475/2365 2460/3483/2368 2459/3482/2367
f 2456/3474/2364 2014/3480/1950 2461/3484/2369
f 2456/3474/2364 2461/3484/2369 2460/3483/2368
f 2013/3485/1949 2442/3486/2350 2014/3480/1950
f 2014/3480/1950 2442/3486/2350 2461/3484/2369
f 2461/3484/2369 2442/3486/2350 2443/3487/2351
f 2462/3488/2370 2437/3479/2345 2459/3482/2367
f 2462/3488/2370 2459/3482/2367 2460/3483/2368
f 2437/3479/2345 2462/3488/2370 2319/3489/2239
f 2463/3490/2371 2460/3483/2368 2461/3484/2369
f 2461/3484/2369 2443/3487/2351 2464/3491/2372
f 2461/3484/2369 2464/3491/2372 2463/3490/2371
f 2464/3491/2372 2443/3487/2351 2444/3492/2352
f 2460/3483/2368 2463/3490/2371 2465/3493/2373
f 2465/3493/2373 2463/3490/2371 2464/3491/2372
f 2460/3483/2368 2465/3493/2373 2462/3488/2370
f 2464/3491/2372 2444/3492/2352 2466/3494/2374
f 2464/3491/2372 2466/3494/2374 2465/3493/2373
f 2462/3488/2370 2465/3493/2373 2467/3495/2375
f 2462/3488/2370 2467/3495/2375 2319/3489/2239
f 2467/3495/2375 2465/3493/2373 2466/3494/2374
f 2319/3489/2239 2467/3495/2375 2468/3496/2376
f 2466/3494/2374 2444/3492/2352 2469/3497/1824
f 2469/3497/1824 2444/3492/2352 2445/3498/2353
f 2467/3495/2375 2466/3494/2374 2470/3499/2377
f 2466/3494/2374 2469/3497/1824 2471/3500/2378
f 2466/3494/2374 2471/3500/2378 2470/3499/2377
f 2468/3496/2376 2467/3495/2375 2472/3501/1710
f 2470/3499/2377 2471/3500/2378 2473/3502/2379
f 2473/3502/2379 2471/3500/2378 2469/3497/1824
f 2467/3495/2375 2470/3499/2377 2474/3503/2380
f 2467/3495/2375 2474/3503/2380 2472/3501/1710
f 2468/3496/2376 2472/3501/1710 2475/3504/2381
f 2468/3496/2376 2475/3504/2381 2476/3505/2382
f 2476/3505/2382 2475/3504/2381 2477/3506/2383
f 2475/3504/2381 2472/3501/1710 2478/3507/2384
f 2475/3504/2381 2478/3507/2384 2477/3506/2383
f 2478/3507/2384 2472/3501/1710 2479/3508/2385
f 2478/3507/2384 2479/3508/2385 2477/3506/2383
f 2479/3508/2385 2472/3501/1710 2474/3503/2380
f 2477/3506/2383 2479/3508/2385 2480/3509/2386
f 2480/3509/2386 2479/3508/2385 2474/3503/2380
f 2477/3506/2383 2480/3509/2386 2481/3510/2387
f 2480/3509/2386 2474/3503/2380 2482/3511/2388
f 2482/3511/2388 2474/3503/2380 2483/3512/2389
f 2484/3513/2390 2474/3503/2380 2470/3499/2377
f 2483/3512/2389 2474/3503/2380 2485/3514/2391
f 2485/3514/2391 2474/3503/2380 2484/3513/2390
f 2484/3513/2390 2470/3499/2377 2486/3515/2392
f 2484/3513/2390 2486/3515/2392 2485/3514/2391
f 2486/3515/2392 2470/3499/2377 2473/3502/2379
f 2483/3512/2389 2485/3514/2391 2487/3516/2393
f 2487/3516/2393 2485/3514/2391 2486/3515/2392
f 2483/3512/2389 2487/3516/2393 2488/3517/2394
f 2486/3515/2392 2473/3502/2379 2489/3518/2395
f 2486/3515/2392 2489/3518/2395 2487/3516/2393
f 2488/3517/2394 2487/3516/2393 2490/3519/2396
f 2488/3517/2394 2490/3519/2396 2491/3520/2397
f 2491/3520/2397 2490/3519/2396 2492/3521/2398
f 2492/3521/2398 2490/3519/2396 2493/3522/2399
f 2493/3522/2399 2490/3519/2396 2487/3516/2393
f 2492/3521/2398 2493/3522/2399 2494/3523/2400
f 2493/3522/2399 2487/3516/2393 2495/3524/2401
f 2495/3524/2401 2487/3516/2393 2489/3518/2395
f 2494/3523/2400 2493/3522/2399 2496/3525/2402
f 2496/3525/2402 2493/3522/2399 2495/3524/2401
f 2494/3523/2400 2496/3525/2402 2497/3526/2403
f 2495/3524/2401 2489/3518/2395 2498/3527/2404
f 2496/3525/2402 2495/3524/2401 2499/3528/2405
f 2499/3528/2405 2495/3524/2401 2498/3527/2404
f 2498/3527/2404 2489/3518/2395 2500/3529/2406
f 2496/3525/2402 2499/3528/2405 2501/3530/2407
f 2497/3526/2403 2496/3525/2402 2502/3531/2408
f 2497/3526/2403 2502/3531/2408 2503/3532/2409
f 2497/3526/2403 2503/3532/2409 2504/3533/2410
f 2504/3533/2410 2503/3532/2409 2502/3531/2408
f 2504/3533/2410 2502/3531/2408 2505/3534/2411
f 2502/3531/2408 2496/3525/2402 2506/3535/2412
f 2502/3531/2408 2506/3535/2412 2505/3534/2411
f 2506/3535/2412 2496/3525/2402 2501/3530/2407
f 2505/3534/2411 2506/3535/2412 2507/3536/2413
f 2507/3536/2413 2506/3535/2412 2508/3537/2414
f 2508/3537/2414 2506/3535/2412 2501/3530/2407
f 2507/3536/2413 2508/3537/2414 2509/3538/2415
f 2509/3538/2415 2508/3537/2414 2510/3539/2416
f 2508/3537/2414 2501/3530/2407 2511/3540/2417
f 2508/3537/2414 2511/3540/2417 2510/3539/2416
f 2511/3540/2417 2501/3530/2407 2499/3528/2405
f 2509/3538/2415 2510/3539/2416 2512/3541/2418
f 2512/3541/2418 2510/3539/2416 2513/3542/2419
f 2512/3541/2418 2513/3542/2419 2194/3543/2120
f 2194/3543/2120 2513/3542/2419 2193/3544/2119
f 2193/3544/2119 2513/3542/2419 2510/3539/2416
f 2193/3544/2119 2510/3539/2416 2514/3545/2420
f 2514/3545/2420 2510/3539/2416 2511/3540/2417
f 2193/3544/2119 2514/3545/2420 2174/3546/2100
f 2174/3546/2100 2514/3545/2420 2172/3547/1666
f 2514/3545/2420 2511/3540/2417 2515/3548/2421
f 2515/3548/2421 2511/3540/2417 2499/3528/2405
f 2172/3547/1666 2514/3545/2420 2516/3549/2422
f 2516/3549/2422 2514/3545/2420 2515/3548/2421
f 2172/3547/1666 2516/3549/2422 2517/3550/2423
f 2516/3549/2422 2515/3548/2421 2518/3551/2424
f 2518/3551/2424 2515/3548/2421 2499/3528/2405
f 2516/3549/2422 2518/3551/2424 2517/3550/2423
f 2518/3551/2424 2499/3528/2405 2519/3552/2425
f 2518/3551/2424 2519/3552/2425 2517/3550/2423
f 2519/3552/2425 2499/3528/2405 2520/3553/2426
f 2519/3552/2425 2520/3553/2426 2517/3550/2423
f 2520/3553/2426 2499/3528/2405 2498/3527/2404
f 2171/3554/2098 2172/3547/1666 2517/3550/2423
f 2520/3553/2426 2498/3527/2404 2521/3555/2427
f 2520/3553/2426 2521/3555/2427 2517/3550/2423
f 2171/3554/2098 2517/3550/2423 2522/3556/2428
f 2522/3556/2428 2517/3550/2423 2521/3555/2427
f 2171/3554/2098 2522/3556/2428 2449/3557/2357
f 2449/3557/2357 2522/3556/2428 2521/3555/2427
f 2521/3555/2427 2498/3527/2404 2500/3529/2406
f 2521/3555/2427 2500/3529/2406 2449/3557/2357
f 2449/3557/2357 2500/3529/2406 2523/3558/2429
f 2449/3557/2357 2523/3558/2429 2448/3559/2356
f 2523/3558/2429 2500/3529/2406 2524/3560/2430
f 2524/3560/2430 2500/3529/2406 2489/3518/2395
f 2448/3559/2356 2523/3558/2429 2525/3561/2431
f 2525/3561/2431 2523/3558/2429 2524/3560/2430
f 2448/3559/2356 2525/3561/2431 2447/3562/2355
f 2524/3560/2430 2489/3518/2395 2526/3563/2432
f 2526/3563/2432 2489/3518/2395 2473/3502/2379
f 2524/3560/2430 2526/3563/2432 2527/3564/2433
f 2524/3560/2430 2527/3564/2433 2525/3561/2431
f 2527/3564/2433 2526/3563/2432 2528/3565/2434
f 2528/3565/2434 2526/3563/2432 2473/3502/2379
f 2527/3564/2433 2528/3565/2434 2525/3561/2431
f 2529/3566/2435 2447/3562/2355 2525/3561/2431
f 2529/3566/2435 2525/3561/2431 2530/3567/2436
f 2530/3567/2436 2525/3561/2431 2528/3565/2434
f 2447/3562/2355 2529/3566/2435 2531/3568/2437
f 2531/3568/2437 2529/3566/2435 2530/3567/2436
f 2531/3568/2437 2530/3567/2436 2528/3565/2434
f 2447/3562/2355 2531/3568/2437 2445/3498/2353
f 2445/3498/2353 2531/3568/2437 2469/3497/1824
f 2469/3497/1824 2531/3568/2437 2528/3565/2434
f 2469/3497/1824 2528/3565/2434 2532/3569/2438
f 2469/3497/1824 2532/3569/2438 2473/3502/2379
f 2473/3502/2379 2532/3569/2438 2528/3565/2434
f 2210/3570/34 464/3571/34 2357/3572/34
f 2210/3570/34 2357/3572/34 2533/3573/34
f 2210/3570/34 2533/3573/34 2209/3574/34
f 2209/3574/34 2533/3573/34 2211/3575/34
f 2211/3575/34 2533/3573/34 2534/3576/34
f 2534/3576/34 2533/3573/34 2535/3577/34
f 2357/3578/34 464/3579/34 1084/3580/34
f 2189/3581/2115 2190/3582/2116 2188/3583/2114
f 2190/3582/2116 2189/3581/2115 2536/3584/2439
f 2190/3582/2116 2536/3584/2439 2537/3585/2440
f 2190/3582/2116 2537/3585/2440 2192/3586/2118
f 2192/3586/2118 2537/3585/2440 2194/3587/2120
f 2194/3587/2120 2537/3585/2440 2538/3588/2441
f 2538/3588/2441 2537/3585/2440 2536/3584/2439
f 2538/3588/2441 2536/3584/2439 2539/3589/2442
f 2539/3589/2442 2536/3584/2439 2540/3590/2443
f 2540/3590/2443 2536/3584/2439 2189/3581/2115
f 2539/3589/2442 2540/3590/2443 2541/3591/2444
f 2541/3591/2444 2540/3590/2443 2542/3592/2445
f 2542/3592/2445 2540/3590/2443 2189/3581/2115
f 2542/3592/2445 2189/3581/2115 2187/3593/2113
f 2542/3592/2445 2187/3593/2113 1939/3594/1875
f 2542/3592/2445 1939/3594/1875 2543/3595/2446
f 1939/3594/1875 2187/3593/2113 1935/3596/1871
f 1935/3596/1871 2187/3593/2113 1934/3597/1870
f 2544/3598/2447 2106/3599/2035 2104/3600/2033
f 2544/3598/2447 2104/3600/2033 2103/3601/2032
f 2106/3599/2035 2544/3598/2447 2545/3602/2448
f 2106/3599/2035 2545/3602/2448 2108/3603/2037
f 2544/3598/2447 2103/3601/2032 2546/3604/2449
f 2546/3604/2449 2103/3601/2032 2114/3605/2043
f 2545/3602/2448 2544/3598/2447 2547/3606/2450
f 2544/3598/2447 2546/3604/2449 2548/3607/2451
f 2544/3598/2447 2548/3607/2451 2547/3606/2450
f 2548/3607/2451 2546/3604/2449 2549/3608/2452
f 2549/3608/2452 2546/3604/2449 2114/3605/2043
f 2550/3609/2453 2108/3603/2037 2545/3602/2448
f 2550/3609/2453 2545/3602/2448 2547/3606/2450
f 2108/3603/2037 2550/3609/2453 2551/3610/2454
f 2108/3603/2037 2551/3610/2454 2112/3611/2041
f 2547/3606/2450 2548/3607/2451 2552/3612/2455
f 2547/3606/2450 2552/3612/2455 2550/3609/2453
f 2553/3613/2456 2548/3607/2451 2549/3608/2452
f 2548/3607/2451 2553/3613/2456 2552/3612/2455
f 2112/3611/2041 2551/3610/2454 2554/3614/2457
f 2554/3614/2457 2551/3610/2454 2550/3609/2453
f 2550/3609/2453 2552/3612/2455 2555/3615/2458
f 2550/3609/2453 2555/3615/2458 2556/3616/2459
f 2550/3609/2453 2556/3616/2459 2554/3614/2457
f 2555/3615/2458 2552/3612/2455 2557/3617/2460
f 2557/3617/2460 2552/3612/2455 2553/3613/2456
f 2556/3616/2459 2555/3615/2458 2558/3618/2461
f 2558/3618/2461 2555/3615/2458 2557/3617/2460
f 2554/3614/2457 2556/3616/2459 2559/3619/2462
f 2560/3620/2463 2112/3611/2041 2554/3614/2457
f 2112/3611/2041 2560/3620/2463 2113/3621/2042
f 2113/3621/2042 2560/3620/2463 2110/3622/2039
f 2110/3622/2039 2560/3620/2463 2561/3623/87
f 2561/3623/87 2560/3620/2463 2554/3614/2457
f 2110/3622/2039 2561/3623/87 2111/3624/2040
f 2554/3614/2457 2559/3619/2462 2562/3625/2464
f 2554/3614/2457 2562/3625/2464 2561/3623/87
f 2563/3626/2465 2559/3619/2462 2556/3616/2459
f 2559/3619/2462 2563/3626/2465 2562/3625/2464
f 2562/3625/2464 2563/3626/2465 2564/3627/2466
f 2562/3625/2464 2564/3627/2466 2561/3623/87
f 2564/3627/2466 2563/3626/2465 2565/3628/2467
f 2564/3627/2466 2565/3628/2467 2561/3623/87
f 2563/3626/2465 2556/3616/2459 2566/3629/2468
f 2563/3626/2465 2566/3629/2468 2565/3628/2467
f 2566/3629/2468 2556/3616/2459 2558/3618/2461
f 2565/3628/2467 2566/3629/2468 2567/3630/2469
f 2565/3628/2467 2567/3630/2469 2568/3631/2470
f 2568/3631/2470 2567/3630/2469 2569/3632/2471
f 2565/3628/2467 2568/3631/2470 2570/3633/2472
f 2570/3633/2472 2568/3631/2470 2569/3632/2471
f 2565/3628/2467 2570/3633/2472 2561/3623/87
f 2570/3633/2472 2569/3632/2471 2571/3634/2473
f 2567/3630/2469 2566/3629/2468 2572/3635/2474
f 2573/3636/2475 2566/3629/2468 2558/3618/2461
f 2573/3636/2475 2558/3618/2461 2557/3617/2460
f 2572/3635/2474 2566/3629/2468 2574/3637/2476
f 2566/3629/2468 2573/3636/2475 2575/3638/2477
f 2566/3629/2468 2575/3638/2477 2574/3637/2476
f 2573/3636/2475 2557/3617/2460 2576/3639/2478
f 2573/3636/2475 2576/3639/2478 2575/3638/2477
f 2575/3638/2477 2576/3639/2478 2577/3640/2479
f 2577/3640/2479 2576/3639/2478 2578/3641/2480
f 2577/3640/2479 2578/3641/2480 2575/3638/2477
f 2576/3639/2478 2557/3617/2460 2579/3642/2481
f 2576/3639/2478 2579/3642/2481 2578/3641/2480
f 2579/3642/2481 2557/3617/2460 2580/3643/2482
f 2580/3643/2482 2557/3617/2460 2553/3613/2456
f 2580/3643/2482 2553/3613/2456 2581/3644/2483
f 2580/3643/2482 2581/3644/2483 2579/3642/2481
f 2581/3644/2483 2553/3613/2456 2549/3608/2452
f 2578/3641/2480 2579/3642/2481 2582/3645/2484
f 2582/3645/2484 2579/3642/2481 2581/3644/2483
f 2581/3644/2483 2549/3608/2452 2583/3646/2485
f 2583/3646/2485 2549/3608/2452 2114/3605/2043
f 2582/3645/2484 2581/3644/2483 2584/3647/2486
f 2584/3647/2486 2581/3644/2483 2585/3648/2487
f 2584/3647/2486 2585/3648/2487 2582/3645/2484
f 2585/3648/2487 2581/3644/2483 2583/3646/2485
f 2578/3641/2480 2582/3645/2484 2586/3649/2488
f 2582/3645/2484 2585/3648/2487 2587/3650/2489
f 2582/3645/2484 2587/3650/2489 2586/3649/2488
f 2587/3650/2489 2585/3648/2487 2588/3651/2490
f 2588/3651/2490 2585/3648/2487 2583/3646/2485
f 2586/3649/2488 2587/3650/2489 2589/3652/2491
f 2578/3641/2480 2586/3649/2488 2590/3653/2492
f 2590/3653/2492 2586/3649/2488 2589/3652/2491
f 2589/3652/2491 2587/3650/2489 2046/3654/34
f 2046/3654/34 2587/3650/2489 2588/3651/2490
f 2589/3652/2491 2046/3654/34 2591/3655/1800
f 2590/3653/2492 2589/3652/2491 2592/3656/2493
f 2046/3654/34 2588/3651/2490 2047/3657/1977
f 2047/3657/1977 2588/3651/2490 2118/3658/2047
f 2590/3653/2492 2592/3656/2493 2593/3659/2494
f 2118/3658/2047 2588/3651/2490 2119/3660/2048
f 2119/3660/2048 2588/3651/2490 2583/3646/2485
f 2590/3653/2492 2593/3659/2494 2575/3638/2477
f 2590/3653/2492 2575/3638/2477 2578/3641/2480
f 2575/3638/2477 2593/3659/2494 2594/3661/2495
f 2575/3638/2477 2594/3661/2495 2595/3662/2496
f 2575/3638/2477 2595/3662/2496 2596/3663/2497
f 2119/3660/2048 2583/3646/2485 2597/3664/2498
f 2575/3638/2477 2596/3663/2497 2574/3637/2476
f 2597/3664/2498 2583/3646/2485 2598/3665/2499
f 2598/3665/2499 2583/3646/2485 2114/3605/2043
f 2119/3660/2048 2597/3664/2498 2599/3666/2500
f 2599/3666/2500 2597/3664/2498 2598/3665/2499
f 2599/3666/2500 2598/3665/2499 2114/3605/2043
f 2119/3660/2048 2599/3666/2500 2115/3667/2044
f 2115/3667/2044 2599/3666/2500 2114/3605/2043
f 2600/3668/2501 2596/3663/2497 2595/3662/2496
f 2601/3669/2502 2574/3637/2476 2596/3663/2497
f 2601/3669/2502 2596/3663/2497 2600/3668/2501
f 2574/3637/2476 2601/3669/2502 2602/3670/2503
f 2601/3669/2502 2600/3668/2501 2603/3671/2504
f 2601/3669/2502 2603/3671/2504 2602/3670/2503
f 2603/3671/2504 2600/3668/2501 2604/3672/2505
f 2603/3671/2504 2604/3672/2505 2602/3670/2503
f 2602/3670/2503 2604/3672/2505 2574/3637/2476
f 2604/3672/2505 2600/3668/2501 2605/3673/2506
f 2574/3637/2476 2604/3672/2505 2572/3635/2474
f 2572/3635/2474 2604/3672/2505 2605/3673/2506
f 2203/3674/2129 2197/3675/2123 2202/3676/2128
f 2202/3676/2128 2197/3675/2123 2206/3677/2132
f 2202/3676/2128 2206/3677/2132 2606/3678/2507
f 2607/3679/2508 2608/3680/2509 2606/3678/2507
f 2607/3679/2508 2606/3678/2507 2609/3681/2510
f 2606/3678/2507 2206/3677/2132 2610/3682/2511
f 2610/3682/2511 2206/3677/2132 2207/3683/2133
f 2609/3681/2510 2606/3678/2507 2611/3684/2512
f 2611/3684/2512 2606/3678/2507 2610/3682/2511
f 2609/3681/2510 2611/3684/2512 2153/3685/2081
f 2610/3682/2511 2207/3683/2133 2208/3686/2134
f 2610/3682/2511 2208/3686/2134 2149/3687/2078
f 2611/3684/2512 2610/3682/2511 2612/3688/2513
f 2611/3684/2512 2612/3688/2513 2153/3685/2081
f 2612/3688/2513 2610/3682/2511 2149/3687/2078
f 2153/3685/2081 2612/3688/2513 2150/3689/546
f 2150/3689/546 2612/3688/2513 2149/3687/2078
f 2427/3690/2335 2425/3691/2333 2613/3692/2514
f 2427/3690/2335 2613/3692/2514 2428/3693/2336
f 2613/3692/2514 2425/3691/2333 2614/3694/2515
f 2613/3692/2514 2614/3694/2515 2428/3693/2336
f 2614/3694/2515 2425/3691/2333 2450/3695/2358
f 2614/3694/2515 2450/3695/2358 2452/3696/2360
f 2614/3694/2515 2452/3696/2360 2426/3697/2334
f 2614/3694/2515 2426/3697/2334 2424/3698/2332
f 2614/3694/2515 2424/3698/2332 2453/3699/2361
f 2614/3694/2515 2453/3699/2361 2615/3700/2516
f 2615/3700/2516 2453/3699/2361 2616/3701/2517
f 2614/3694/2515 2615/3700/2516 2617/3702/2518
f 2614/3694/2515 2617/3702/2518 2428/3693/2336
f 2615/3700/2516 2616/3701/2517 2618/3703/2519
f 2615/3700/2516 2618/3703/2519 2617/3702/2518
f 2618/3703/2519 2616/3701/2517 2619/3704/2520
f 2618/3703/2519 2619/3704/2520 2617/3702/2518
f 2619/3704/2520 2616/3701/2517 2347/3705/2264
f 2617/3702/2518 2619/3704/2520 2620/3706/2521
f 2617/3702/2518 2620/3706/2521 2621/3707/2522
f 2621/3707/2522 2620/3706/2521 2619/3704/2520
f 2617/3702/2518 2621/3707/2522 2428/3693/2336
f 2344/3708/2261 2345/3709/2262 2347/3705/2264
f 2347/3705/2264 2345/3709/2262 2351/3710/2268
f 2347/3705/2264 2351/3710/2268 2619/3704/2520
f 2619/3704/2520 2351/3710/2268 2621/3707/2522
f 2621/3707/2522 2351/3710/2268 2622/3711/2523
f 2428/3693/2336 2621/3707/2522 2349/3712/2266
f 2349/3712/2266 2621/3707/2522 2622/3711/2523
f 2428/3693/2336 2349/3712/2266 2336/3713/2253
f 2622/3711/2523 2351/3710/2268 2623/3714/2524
f 2622/3711/2523 2623/3714/2524 2349/3712/2266
f 2623/3714/2524 2351/3710/2268 2348/3715/2265
f 2349/3712/2266 2623/3714/2524 2350/3716/2267
f 2350/3716/2267 2623/3714/2524 2348/3715/2265
f 2453/3717/2361 2204/3718/2130 2202/3719/2128
f 2453/3717/2361 2202/3719/2128 2624/3720/2525
f 2624/3720/2525 2202/3719/2128 2606/3721/2507
f 2453/3717/2361 2624/3720/2525 2625/3722/2526
f 2453/3717/2361 2625/3722/2526 2616/3723/2517
f 2625/3722/2526 2624/3720/2525 2346/3724/2263
f 2346/3724/2263 2624/3720/2525 2345/3725/2262
f 2346/3724/2263 2345/3725/2262 2342/3726/2259
f 2626/3727/2527 2153/3728/2081 2135/3729/2064
f 2153/3728/2081 2626/3727/2527 2627/3730/2528
f 2153/3728/2081 2627/3730/2528 2609/3731/2510
f 2626/3727/2527 2135/3729/2064 2628/3732/2529
f 2609/3731/2510 2627/3730/2528 2629/3733/286
f 2609/3731/2510 2629/3733/286 2607/3734/2508
f 2627/3730/2528 2626/3727/2527 2630/3735/2397
f 2630/3735/2397 2626/3727/2527 2628/3732/2529
f 2628/3732/2529 2135/3729/2064 2631/3736/2530
f 2631/3736/2530 2135/3729/2064 2111/3624/2040
f 2631/3736/2530 2111/3624/2040 2561/3623/87
f 2628/3732/2529 2631/3736/2530 2632/3737/2531
f 2632/3737/2531 2631/3736/2530 2561/3623/87
f 2630/3735/2397 2628/3732/2529 2633/3738/2532
f 2633/3738/2532 2628/3732/2529 2632/3737/2531
f 2634/3739/2533 2627/3730/2528 2630/3735/2397
f 2634/3739/2533 2630/3735/2397 2633/3738/2532
f 2627/3730/2528 2634/3739/2533 2635/3740/2534
f 2627/3730/2528 2635/3740/2534 2629/3733/286
f 2634/3739/2533 2633/3738/2532 2636/3741/2535
f 2636/3741/2535 2633/3738/2532 2637/3742/2536
f 2637/3742/2536 2633/3738/2532 2638/3743/2537
f 2638/3743/2537 2633/3738/2532 2632/3737/2531
f 2634/3739/2533 2636/3741/2535 2639/3744/2538
f 2634/3739/2533 2639/3744/2538 2635/3740/2534
f 2639/3744/2538 2636/3741/2535 2640/3745/2539
f 2641/3746/2540 2629/3733/286 2635/3740/2534
f 2635/3740/2534 2639/3744/2538 2642/3747/2541
f 2635/3740/2534 2642/3747/2541 2641/3746/2540
f 2642/3747/2541 2639/3744/2538 2643/3748/2542
f 2642/3747/2541 2643/3748/2542 2644/3749/2543
f 2642/3747/2541 2644/3749/2543 2641/3746/2540
f 2629/3733/286 2641/3746/2540 2607/3734/2508
f 2641/3746/2540 2644/3749/2543 2645/3750/2544
f 2641/3746/2540 2645/3750/2544 2607/3734/2508
f 2607/3734/2508 2645/3750/2544 2608/3751/2509
f 2645/3750/2544 2644/3749/2543 2646/3752/2545
f 2645/3750/2544 2646/3752/2545 2647/3753/2546
f 2645/3750/2544 2647/3753/2546 2648/3754/2547
f 2649/3755/2548 2638/3743/2537 2632/3737/2531
f 2638/3743/2537 2649/3755/2548 2571/3634/2473
f 2649/3755/2548 2632/3737/2531 2561/3623/87
f 2571/3634/2473 2649/3755/2548 2570/3633/2472
f 2650/3756/2549 2561/3623/87 2570/3633/2472
f 2561/3623/87 2650/3756/2549 2649/3755/2548
f 2649/3755/2548 2650/3756/2549 2570/3633/2472
f 2606/3757/2507 2651/3758/2550 2624/3759/2525
f 2624/3759/2525 2651/3758/2550 2347/3760/2264
f 2651/3758/2550 2606/3757/2507 2608/3761/2509
f 2347/3760/2264 2651/3758/2550 2346/3762/2263
f 2346/3762/2263 2651/3758/2550 2625/3763/2526
f 2651/3758/2550 2608/3761/2509 2652/3764/2551
f 2651/3758/2550 2652/3764/2551 2625/3763/2526
f 2625/3763/2526 2652/3764/2551 2347/3765/2264
f 2625/3763/2526 2347/3765/2264 2616/3766/2517
f 2347/3765/2264 2652/3764/2551 2624/3767/2525
f 2624/3767/2525 2652/3764/2551 2345/3768/2262
f 2541/3769/2444 2542/3770/2445 2543/3771/2446
f 2541/3769/2444 2543/3771/2446 2653/3772/2552
f 2653/3772/2552 2543/3771/2446 2654/3773/2553
f 2654/3773/2553 2543/3771/2446 2655/3774/2554
f 2654/3773/2553 2655/3774/2554 2656/3775/2555
f 2654/3773/2553 2656/3775/2555 2657/3776/2556
f 2654/3773/2553 2657/3776/2556 2653/3772/2552
f 2657/3776/2556 2656/3775/2555 2658/3777/2557
f 2658/3777/2557 2656/3775/2555 2659/3778/2558
f 2658/3777/2557 2659/3778/2558 2660/3779/2559
f 2657/3776/2556 2658/3777/2557 2661/3780/2560
f 2657/3776/2556 2661/3780/2560 2653/3772/2552
f 2661/3780/2560 2658/3777/2557 2662/3781/2561
f 2661/3780/2560 2662/3781/2561 2663/3782/2562
f 2663/3782/2562 2662/3781/2561 2664/3783/2563
f 2661/3780/2560 2663/3782/2562 2665/3784/2564
f 2661/3780/2560 2665/3784/2564 2653/3772/2552
f 2665/3784/2564 2663/3782/2562 2664/3783/2563
f 2665/3784/2564 2664/3783/2563 2666/3785/2565
f 2653/3772/2552 2665/3784/2564 2667/3786/2566
f 2667/3786/2566 2665/3784/2564 2666/3785/2565
f 2653/3772/2552 2667/3786/2566 2541/3769/2444
f 2541/3769/2444 2667/3786/2566 2539/3787/2442
f 2667/3786/2566 2666/3785/2565 2668/3788/2567
f 2668/3788/2567 2666/3785/2565 2664/3783/2563
f 2539/3787/2442 2667/3786/2566 2669/3789/2568
f 2539/3787/2442 2669/3789/2568 2538/3790/2441
f 2538/3790/2441 2669/3789/2568 2194/3791/2120
f 2669/3789/2568 2667/3786/2566 2670/3792/965
f 2670/3792/965 2667/3786/2566 2668/3788/2567
f 2669/3789/2568 2670/3792/965 2671/3793/2569
f 2669/3789/2568 2671/3793/2569 2194/3791/2120
f 2671/3793/2569 2670/3792/965 2668/3788/2567
f 2194/3791/2120 2671/3793/2569 2672/3794/2570
f 2672/3794/2570 2671/3793/2569 2668/3788/2567
f 2194/3791/2120 2672/3794/2570 2512/3795/2418
f 2507/3796/2413 2668/3788/2567 2664/3783/2563
f 2507/3796/2413 2664/3783/2563 2505/3797/2411
f 2672/3794/2570 2668/3788/2567 2673/3798/2571
f 2673/3798/2571 2668/3788/2567 2507/3796/2413
f 2672/3794/2570 2673/3798/2571 2512/3795/2418
f 2673/3798/2571 2507/3796/2413 2509/3799/2415
f 2673/3798/2571 2509/3799/2415 2512/3795/2418
f 2346/3800/2263 2338/3801/2255 2347/3802/2264
f 1940/3803/1876 2674/3804/2572 1939/3805/1875
f 1939/3805/1875 2674/3804/2572 2543/3806/2446
f 2543/3806/2446 2674/3804/2572 2655/3807/2554
f 1941/3808/1877 2674/3809/2572 1940/3810/1876
f 2674/3809/2572 1941/3808/1877 2655/3811/2554
f 2655/3811/2554 1941/3808/1877 2656/3812/2555
f 2656/3812/2555 1941/3808/1877 1942/3813/1878
f 2656/3812/2555 1942/3813/1878 2675/3814/2573
f 2675/3814/2573 1942/3813/1878 1944/3815/1880
f 2656/3812/2555 2675/3814/2573 2676/3816/2574
f 2656/3812/2555 2676/3816/2574 2659/3817/2558
f 2675/3814/2573 1944/3815/1880 2677/3818/2575
f 2677/3818/2575 1944/3815/1880 1945/3819/1881
f 2677/3818/2575 1945/3819/1881 1949/3820/1885
f 2675/3814/2573 2677/3818/2575 2678/3821/2576
f 2675/3814/2573 2678/3821/2576 2676/3816/2574
f 2677/3818/2575 1949/3820/1885 2679/3822/2577
f 2677/3818/2575 2679/3822/2577 2678/3821/2576
f 2679/3822/2577 1949/3820/1885 2680/3823/2578
f 2679/3822/2577 2680/3823/2578 2678/3821/2576
f 2680/3823/2578 1949/3820/1885 1948/3824/1884
f 2676/3816/2574 2678/3821/2576 2681/3825/1641
f 2681/3825/1641 2678/3821/2576 2680/3823/2578
f 2680/3823/2578 1948/3824/1884 2682/3826/2579
f 2680/3823/2578 2682/3826/2579 2681/3825/1641
f 2682/3826/2579 1948/3824/1884 2683/3827/2580
f 2683/3827/2580 1948/3824/1884 1900/3828/1837
f 2681/3825/1641 2682/3826/2579 2684/3829/2581
f 2681/3825/1641 2684/3829/2581 2676/3816/2574
f 2683/3827/2580 1900/3828/1837 1899/3830/1836
f 2684/3829/2581 2682/3826/2579 2685/3831/2582
f 2685/3831/2582 2682/3826/2579 2683/3827/2580
f 2683/3827/2580 1899/3830/1836 2686/3832/2583
f 2686/3832/2583 1899/3830/1836 1898/3833/1835
f 2683/3827/2580 2686/3832/2583 2687/3834/2584
f 2683/3827/2580 2687/3834/2584 2688/3835/2585
f 2683/3827/2580 2688/3835/2585 2685/3831/2582
f 2688/3835/2585 2687/3834/2584 2689/3836/2586
f 2685/3831/2582 2688/3835/2585 2690/3837/2587
f 2685/3831/2582 2690/3837/2587 2684/3829/2581
f 2684/3829/2581 2690/3837/2587 2691/3838/2588
f 2684/3829/2581 2691/3838/2588 2676/3816/2574
f 2691/3838/2588 2690/3837/2587 2692/3839/2589
f 2676/3816/2574 2691/3838/2588 2659/3817/2558
f 2691/3838/2588 2692/3839/2589 2693/3840/2590
f 2691/3838/2588 2693/3840/2590 2659/3817/2558
f 2693/3840/2590 2692/3839/2589 2694/3841/2591
f 2659/3817/2558 2693/3840/2590 2695/3842/2592
f 2352/3843/2269 2345/3844/2262 2652/3845/2551
f 2352/3843/2269 2652/3845/2551 2608/3846/2509
f 2352/3843/2269 2608/3846/2509 2645/3847/2544
f 2352/3843/2269 2645/3847/2544 2648/3848/2547
f 2341/3849/2258 2343/3850/2260 2352/3843/2269
f 2352/3843/2269 2648/3848/2547 2696/3851/2593
f 2341/3849/2258 2352/3843/2269 2697/3852/2594
f 2697/3852/2594 2352/3843/2269 2696/3851/2593
f 2341/3849/2258 2697/3852/2594 1893/3853/1830
f 2341/3849/2258 1893/3853/1830 2340/3854/2257
f 2340/3854/2257 1893/3853/1830 1892/3855/1829
f 2696/3851/2593 2648/3848/2547 2698/3856/2595
f 2697/3852/2594 2696/3851/2593 2699/3857/2596
f 2697/3852/2594 2699/3857/2596 2700/3858/2597
f 2697/3852/2594 2700/3858/2597 1893/3853/1830
f 2699/3857/2596 2696/3851/2593 2701/3859/2598
f 2700/3858/2597 2699/3857/2596 2702/3860/1512
f 2702/3860/1512 2699/3857/2596 2701/3859/2598
f 1893/3853/1830 2700/3858/2597 2687/3861/2584
f 2687/3861/2584 2700/3858/2597 2702/3860/1512
f 1893/3853/1830 2687/3861/2584 2703/3862/2599
f 2703/3862/2599 2687/3861/2584 2686/3863/2583
f 2703/3862/2599 2686/3863/2583 1898/3864/1835
f 2703/3862/2599 1898/3864/1835 1893/3853/1830
f 1893/3853/1830 1898/3864/1835 1894/3865/1831
f 2687/3861/2584 2702/3860/1512 2689/3866/2586
f 2689/3866/2586 2702/3860/1512 2704/3867/2600
f 2689/3866/2586 2704/3867/2600 2688/3868/2585
f 2688/3868/2585 2704/3867/2600 2705/3869/2601
f 2705/3869/2601 2704/3867/2600 2706/3870/2602
f 2706/3870/2602 2704/3867/2600 2707/3871/2603
f 2707/3871/2603 2704/3867/2600 2702/3860/1512
f 2707/3871/2603 2702/3860/1512 2701/3859/2598
f 2707/3871/2603 2701/3859/2598 2708/3872/2604
f 2708/3872/2604 2701/3859/2598 2696/3851/2593
f 2709/3873/2605 2707/3871/2603 2710/3874/2606
f 2710/3874/2606 2707/3871/2603 2711/3875/2607
f 2710/3874/2606 2711/3875/2607 2712/3876/2608
f 2711/3875/2607 2707/3871/2603 2713/3877/2609
f 2713/3877/2609 2707/3871/2603 2708/3872/2604
f 2714/3878/2610 2712/3876/2608 2715/3879/2611
f 2715/3879/2611 2712/3876/2608 2716/3880/2612
f 2716/3880/2612 2712/3876/2608 2711/3875/2607
f 2711/3875/2607 2713/3877/2609 2717/3881/2613
f 2711/3875/2607 2717/3881/2613 2716/3880/2612
f 2717/3881/2613 2713/3877/2609 2708/3872/2604
f 2716/3880/2612 2717/3881/2613 2718/3882/2614
f 2718/3882/2614 2717/3881/2613 2708/3872/2604
f 2716/3880/2612 2718/3882/2614 2719/3883/2615
f 2716/3880/2612 2719/3883/2615 2720/3884/2616
f 2718/3882/2614 2708/3872/2604 2721/3885/2617
f 2718/3882/2614 2721/3885/2617 2719/3883/2615
f 2721/3885/2617 2708/3872/2604 2698/3856/2595
f 2698/3856/2595 2708/3872/2604 2696/3851/2593
f 2719/3883/2615 2721/3885/2617 2722/3886/2618
f 2722/3886/2618 2721/3885/2617 2698/3856/2595
f 2719/3883/2615 2722/3886/2618 2723/3887/2619
f 2723/3887/2619 2722/3886/2618 2724/3888/2620
f 2724/3888/2620 2722/3886/2618 2698/3856/2595
f 2723/3887/2619 2724/3888/2620 2725/3889/2621
f 2724/3888/2620 2698/3856/2595 2726/3890/2622
f 2726/3890/2622 2698/3856/2595 2648/3848/2547
f 2726/3890/2622 2648/3848/2547 2647/3891/2546
f 2724/3888/2620 2726/3890/2622 2727/3892/2623
f 2724/3888/2620 2727/3892/2623 2725/3889/2621
f 2726/3890/2622 2647/3891/2546 2728/3893/2624
f 2726/3890/2622 2728/3893/2624 2727/3892/2623
f 2728/3893/2624 2647/3891/2546 2646/3894/2545
f 2725/3889/2621 2727/3892/2623 2729/3895/2625
f 2729/3895/2625 2727/3892/2623 2728/3893/2624
f 2729/3895/2625 2728/3893/2624 2646/3894/2545
f 2725/3889/2621 2729/3895/2625 2730/3896/2626
f 2730/3896/2626 2729/3895/2625 2731/3897/2627
f 2731/3897/2627 2729/3895/2625 2646/3894/2545
f 2731/3897/2627 2646/3894/2545 2732/3898/2628
f 2732/3898/2628 2646/3894/2545 2644/3899/2543
f 2732/3898/2628 2644/3899/2543 2643/3900/2542
f 2732/3898/2628 2643/3900/2542 2733/3901/2629
f 2733/3901/2629 2643/3900/2542 2734/3902/2630
f 2734/3902/2630 2643/3900/2542 2640/3903/2539
f 2640/3903/2539 2643/3900/2542 2639/3904/2538
f 2735/3905/34 2212/3906/34 2211/3907/34
f 2735/3905/34 2211/3907/34 2736/3908/34
f 2735/3905/34 2736/3908/34 2737/3909/34
f 2735/3905/34 2737/3909/34 2212/3906/34
f 2737/3909/34 2736/3908/34 2738/3910/34
f 2737/3909/34 2738/3910/34 2739/3911/34
f 2212/3906/34 2737/3909/34 2332/3912/34
f 2332/3912/34 2737/3909/34 2739/3911/34
f 2212/3906/34 2332/3912/34 2331/3913/34
f 2332/3912/34 2739/3911/34 2740/3914/34
f 2332/3912/34 2740/3914/34 2044/3915/34
f 2332/3912/34 2044/3915/34 2042/3916/34
f 2741/3917/2631 2640/3918/2539 2636/3919/2535
f 2741/3917/2631 2636/3919/2535 2637/3920/2536
f 2640/3918/2539 2741/3917/2631 2742/3921/2632
f 2640/3918/2539 2742/3921/2632 2734/3922/2630
f 2734/3922/2630 2742/3921/2632 2733/3923/2629
f 2733/3923/2629 2742/3921/2632 2743/3924/2633
f 2733/3923/2629 2743/3924/2633 2732/3925/2628
f 2732/3925/2628 2743/3924/2633 2731/3926/2627
f 2743/3924/2633 2742/3921/2632 2744/3927/826
f 2744/3927/826 2742/3921/2632 2741/3917/2631
f 2731/3926/2627 2743/3924/2633 2745/3928/2634
f 2731/3926/2627 2745/3928/2634 2730/3929/2626
f 2743/3924/2633 2744/3927/826 2746/3930/2635
f 2743/3924/2633 2746/3930/2635 2745/3928/2634
f 2744/3927/826 2741/3917/2631 2747/3931/2636
f 2747/3931/2636 2741/3917/2631 2637/3920/2536
f 2746/3930/2635 2744/3927/826 2748/3932/2637
f 2748/3932/2637 2744/3927/826 2747/3931/2636
f 2745/3928/2634 2746/3930/2635 2749/3933/2638
f 2745/3928/2634 2749/3933/2638 2730/3929/2626
f 2746/3930/2635 2748/3932/2637 2750/3934/2639
f 2746/3930/2635 2750/3934/2639 2749/3933/2638
f 2747/3931/2636 2637/3920/2536 2751/3935/2640
f 2751/3935/2640 2637/3920/2536 2638/3936/2537
f 2751/3935/2640 2638/3936/2537 2571/3937/2473
f 2751/3935/2640 2571/3937/2473 2569/3938/2471
f 2751/3935/2640 2569/3938/2471 2752/3939/2641
f 2752/3939/2641 2569/3938/2471 2567/3940/2469
f 2747/3931/2636 2751/3935/2640 2753/3941/2642
f 2753/3941/2642 2751/3935/2640 2752/3939/2641
f 2747/3931/2636 2753/3941/2642 2754/3942/2643
f 2747/3931/2636 2754/3942/2643 2748/3932/2637
f 2752/3939/2641 2567/3940/2469 2755/3943/2644
f 2755/3943/2644 2567/3940/2469 2572/3944/2474
f 2753/3941/2642 2752/3939/2641 2756/3945/2645
f 2755/3943/2644 2572/3944/2474 2757/3946/2646
f 2757/3946/2646 2572/3944/2474 2605/3947/2506
f 2757/3946/2646 2605/3947/2506 2600/3948/2501
f 2752/3939/2641 2755/3943/2644 2758/3949/2647
f 2758/3949/2647 2755/3943/2644 2757/3946/2646
f 2752/3939/2641 2758/3949/2647 2756/3945/2645
f 2757/3946/2646 2600/3948/2501 2595/3950/2496
f 2757/3946/2646 2595/3950/2496 2759/3951/2648
f 2759/3951/2648 2595/3950/2496 2760/3952/2649
f 2759/3951/2648 2760/3952/2649 2761/3953/2650
f 2759/3951/2648 2761/3953/2650 2757/3946/2646
f 2757/3946/2646 2761/3953/2650 2762/3954/2651
f 2757/3946/2646 2762/3954/2651 2758/3949/2647
f 2762/3954/2651 2761/3953/2650 2763/3955/2652
f 2762/3954/2651 2763/3955/2652 2764/3956/2653
f 2758/3949/2647 2762/3954/2651 2765/3957/2654
f 2765/3957/2654 2762/3954/2651 2764/3956/2653
f 2758/3949/2647 2765/3957/2654 2756/3945/2645
f 2765/3957/2654 2764/3956/2653 2766/3958/2655
f 2765/3957/2654 2766/3958/2655 2756/3945/2645
f 2766/3958/2655 2764/3956/2653 2767/3959/2656
f 2756/3945/2645 2766/3958/2655 2768/3960/2657
f 2768/3960/2657 2766/3958/2655 2767/3959/2656
f 2756/3945/2645 2768/3960/2657 2753/3941/2642
f 2753/3941/2642 2768/3960/2657 2754/3942/2643
f 2768/3960/2657 2767/3959/2656 2769/3961/2658
f 2769/3961/2658 2767/3959/2656 2770/3962/2659
f 2754/3942/2643 2768/3960/2657 2771/3963/2660
f 2771/3963/2660 2768/3960/2657 2769/3961/2658
f 2769/3961/2658 2770/3962/2659 2772/3964/2661
f 2769/3961/2658 2772/3964/2661 2771/3963/2660
f 2771/3963/2660 2772/3964/2661 2773/3965/2662
f 2771/3963/2660 2773/3965/2662 2754/3942/2643
f 2772/3964/2661 2770/3962/2659 2774/3966/2663
f 2754/3942/2643 2773/3965/2662 2775/3967/2664
f 2754/3942/2643 2775/3967/2664 2748/3932/2637
f 2773/3965/2662 2772/3964/2661 2776/3968/2665
f 2776/3968/2665 2772/3964/2661 2774/3966/2663
f 2748/3932/2637 2775/3967/2664 2750/3934/2639
f 2775/3967/2664 2773/3965/2662 2777/3969/2666
f 2773/3965/2662 2776/3968/2665 2778/3970/2667
f 2773/3965/2662 2778/3970/2667 2777/3969/2666
f 2778/3970/2667 2776/3968/2665 2779/3971/2668
f 2779/3971/2668 2776/3968/2665 2774/3966/2663
f 2775/3967/2664 2777/3969/2666 2780/3972/2669
f 2750/3934/2639 2775/3967/2664 2781/3973/2670
f 2781/3973/2670 2775/3967/2664 2780/3972/2669
f 2780/3972/2669 2777/3969/2666 2782/3974/2671
f 2780/3972/2669 2782/3974/2671 2781/3973/2670
f 2783/3975/2672 2777/3969/2666 2778/3970/2667
f 2777/3969/2666 2783/3975/2672 2782/3974/2671
f 2783/3975/2672 2778/3970/2667 2784/3976/2673
f 2784/3976/2673 2778/3970/2667 2779/3971/2668
f 2782/3974/2671 2783/3975/2672 2785/3977/2674
f 2785/3977/2674 2783/3975/2672 2784/3976/2673
f 2781/3973/2670 2782/3974/2671 2786/3978/2675
f 2786/3978/2675 2782/3974/2671 2785/3977/2674
f 2787/3979/2676 2779/3971/2668 2774/3966/2663
f 2785/3977/2674 2784/3976/2673 2788/3980/1832
f 2784/3976/2673 2779/3971/2668 2789/3981/2677
f 2784/3976/2673 2789/3981/2677 2788/3980/1832
f 2779/3971/2668 2787/3979/2676 2790/3982/2678
f 2779/3971/2668 2790/3982/2678 2789/3981/2677
f 2787/3979/2676 2774/3966/2663 2791/3983/2679
f 2787/3979/2676 2791/3983/2679 2790/3982/2678
f 2789/3981/2677 2790/3982/2678 2792/3984/2680
f 2789/3981/2677 2792/3984/2680 2788/3980/1832
f 2792/3984/2680 2790/3982/2678 2793/3985/2681
f 2793/3985/2681 2790/3982/2678 2791/3983/2679
f 2788/3980/1832 2792/3984/2680 2794/3986/2682
f 2791/3983/2679 2774/3966/2663 2795/3987/2636
f 2795/3987/2636 2774/3966/2663 2770/3962/2659
f 2795/3987/2636 2770/3962/2659 2796/3988/2683
f 2795/3987/2636 2796/3988/2683 2797/3989/2684
f 2795/3987/2636 2797/3989/2684 2791/3983/2679
f 2797/3989/2684 2796/3988/2683 2798/3990/2685
f 2791/3983/2679 2797/3989/2684 2799/3991/2686
f 2799/3991/2686 2797/3989/2684 2798/3990/2685
f 2791/3983/2679 2799/3991/2686 2800/3992/2687
f 2791/3983/2679 2800/3992/2687 2793/3985/2681
f 2799/3991/2686 2798/3990/2685 2801/3993/2688
f 2801/3993/2688 2798/3990/2685 2802/3994/2689
f 2800/3992/2687 2799/3991/2686 2803/3995/2690
f 2800/3992/2687 2803/3995/2690 2793/3985/2681
f 2803/3995/2690 2799/3991/2686 2801/3993/2688
f 2801/3993/2688 2802/3994/2689 2804/3996/2691
f 2801/3993/2688 2804/3996/2691 2803/3995/2690
f 2793/3985/2681 2803/3995/2690 2805/3997/2692
f 2805/3997/2692 2803/3995/2690 2804/3996/2691
f 2793/3985/2681 2805/3997/2692 2806/3998/2693
f 2793/3985/2681 2806/3998/2693 2792/3984/2680
f 2792/3984/2680 2806/3998/2693 2794/3986/2682
f 2806/3998/2693 2805/3997/2692 2807/3999/2694
f 2805/3997/2692 2804/3996/2691 2808/4000/2695
f 2807/3999/2694 2805/3997/2692 2809/4001/2696
f 2809/4001/2696 2805/3997/2692 2808/4000/2695
f 2807/3999/2694 2809/4001/2696 2810/4002/2697
f 2809/4001/2696 2808/4000/2695 2811/4003/2698
f 2809/4001/2696 2811/4003/2698 2810/4002/2697
f 2808/4000/2695 2804/3996/2691 2812/4004/2699
f 2806/3998/2693 2807/3999/2694 2813/4005/2700
f 2806/3998/2693 2813/4005/2700 2794/3986/2682
f 2807/3999/2694 2810/4002/2697 2814/4006/2701
f 2807/3999/2694 2814/4006/2701 2813/4005/2700
f 2814/4006/2701 2810/4002/2697 2811/4003/2698
f 2812/4004/2699 2804/3996/2691 2815/4007/2702
f 2816/4008/2703 2811/4003/2698 2808/4000/2695
f 2816/4008/2703 2808/4000/2695 2812/4004/2699
f 2812/4004/2699 2815/4007/2702 2817/4009/2704
f 2816/4008/2703 2812/4004/2699 2818/4010/2705
f 2818/4010/2705 2812/4004/2699 2817/4009/2704
f 2811/4003/2698 2816/4008/2703 2819/4011/2706
f 2819/4011/2706 2816/4008/2703 2818/4010/2705
f 2820/4012/2707 2814/4006/2701 2811/4003/2698
f 2820/4012/2707 2811/4003/2698 2819/4011/2706
f 2820/4012/2707 2819/4011/2706 2821/4013/2708
f 2819/4011/2706 2818/4010/2705 2822/4014/2709
f 2823/4015/2654 2824/4016/2710 2820/4012/2707
f 2820/4012/2707 2824/4016/2710 2814/4006/2701
f 2819/4011/2706 2822/4014/2709 2825/4017/2711
f 2825/4017/2711 2822/4014/2709 2818/4010/2705
f 2826/4018/2712 2827/4019/2713 2819/4011/2706
f 2826/4018/2712 2819/4011/2706 2825/4017/2711
f 2826/4018/2712 2825/4017/2711 2828/4020/2714
f 2829/4021/2715 2830/4022/2716 2824/4016/2710
f 2824/4016/2710 2830/4022/2716 2814/4006/2701
f 2828/4020/2714 2825/4017/2711 2831/4023/2717
f 2828/4020/2714 2831/4023/2717 2832/4024/2718
f 2832/4024/2718 2831/4023/2717 2833/4025/2719
f 2833/4025/2719 2831/4023/2717 2834/4026/2720
f 2814/4006/2701 2830/4022/2716 2835/4027/2721
f 2835/4027/2721 2830/4022/2716 2836/4028/2722
f 2831/4023/2717 2825/4017/2711 2837/4029/2723
f 2837/4029/2723 2825/4017/2711 2818/4010/2705
f 2837/4029/2723 2818/4010/2705 2817/4009/2704
f 2831/4023/2717 2837/4029/2723 2838/4030/2724
f 2838/4030/2724 2837/4029/2723 2817/4009/2704
f 2831/4023/2717 2838/4030/2724 2834/4026/2720
f 2838/4030/2724 2817/4009/2704 2815/4007/2702
f 2838/4030/2724 2815/4007/2702 2834/4026/2720
f 2834/4026/2720 2815/4007/2702 2839/4031/2725
f 2840/4032/2726 2841/4033/2727 2835/4027/2721
f 2835/4027/2721 2841/4033/2727 2842/4034/2728
f 2835/4027/2721 2842/4034/2728 2814/4006/2701
f 2842/4034/2728 2841/4033/2727 2843/4035/2729
f 2814/4006/2701 2842/4034/2728 2844/4036/2730
f 2814/4006/2701 2844/4036/2730 2813/4005/2700
f 2813/4005/2700 2844/4036/2730 2845/4037/2731
f 2813/4005/2700 2845/4037/2731 2794/3986/2682
f 2845/4037/2731 2844/4036/2730 2846/4038/2732
f 2846/4038/2732 2844/4036/2730 2842/4034/2728
f 2845/4037/2731 2846/4038/2732 2794/3986/2682
f 2842/4034/2728 2843/4035/2729 2847/4039/2733
f 2842/4034/2728 2847/4039/2733 2846/4038/2732
f 2794/3986/2682 2846/4038/2732 2848/4040/2734
f 2847/4039/2733 2843/4035/2729 2849/4041/2735
f 2849/4041/2735 2843/4035/2729 2850/4042/2736
f 2848/4040/2734 2846/4038/2732 2851/4043/2737
f 2851/4043/2737 2846/4038/2732 2847/4039/2733
f 2794/3986/2682 2848/4040/2734 2852/4044/2738
f 2852/4044/2738 2848/4040/2734 2851/4043/2737
f 2794/3986/2682 2852/4044/2738 2788/3980/1832
f 2851/4043/2737 2847/4039/2733 2853/4045/2739
f 2788/3980/1832 2852/4044/2738 2854/4046/2740
f 2852/4044/2738 2851/4043/2737 2855/4047/2741
f 2855/4047/2741 2851/4043/2737 2853/4045/2739
f 2852/4044/2738 2855/4047/2741 2854/4046/2740
f 2788/3980/1832 2854/4046/2740 2785/3977/2674
f 2853/4045/2739 2847/4039/2733 2856/4048/2742
f 2853/4045/2739 2856/4048/2742 2855/4047/2741
f 2857/4049/2743 2847/4039/2733 2849/4041/2735
f 2847/4039/2733 2857/4049/2743 2856/4048/2742
f 2857/4049/2743 2849/4041/2735 2850/4042/2736
f 2857/4049/2743 2850/4042/2736 2858/4050/2744
f 2857/4049/2743 2858/4050/2744 2856/4048/2742
f 2858/4050/2744 2850/4042/2736 2859/4051/2745
f 2856/4048/2742 2858/4050/2744 2860/4052/2746
f 2856/4048/2742 2860/4052/2746 2855/4047/2741
f 2860/4052/2746 2858/4050/2744 2859/4051/2745
f 2855/4047/2741 2860/4052/2746 2861/4053/2747
f 2855/4047/2741 2861/4053/2747 2854/4046/2740
f 2861/4053/2747 2860/4052/2746 2862/4054/2748
f 2861/4053/2747 2862/4054/2748 2854/4046/2740
f 2860/4052/2746 2859/4051/2745 2863/4055/2749
f 2860/4052/2746 2863/4055/2749 2862/4054/2748
f 2863/4055/2749 2859/4051/2745 2864/4056/2750
f 2864/4056/2750 2859/4051/2745 2865/4057/2751
f 2854/4046/2740 2862/4054/2748 2866/4058/2752
f 2854/4046/2740 2866/4058/2752 2785/3977/2674
f 2785/3977/2674 2866/4058/2752 2786/3978/2675
f 2866/4058/2752 2862/4054/2748 2867/4059/2753
f 2866/4058/2752 2867/4059/2753 2786/3978/2675
f 2868/4060/2754 2862/4054/2748 2863/4055/2749
f 2862/4054/2748 2868/4060/2754 2867/4059/2753
f 2869/4061/2611 2863/4055/2749 2864/4056/2750
f 2863/4055/2749 2869/4061/2611 2868/4060/2754
f 2869/4061/2611 2864/4056/2750 2870/4062/2755
f 2870/4062/2755 2864/4056/2750 2865/4057/2751
f 2868/4060/2754 2869/4061/2611 2871/4063/2756
f 2868/4060/2754 2871/4063/2756 2867/4059/2753
f 2869/4061/2611 2870/4062/2755 2716/4064/2612
f 2869/4061/2611 2716/4064/2612 2871/4063/2756
f 2870/4062/2755 2865/4057/2751 2715/4065/2611
f 2870/4062/2755 2715/4065/2611 2716/4064/2612
f 2715/4065/2611 2865/4057/2751 2872/4066/2757
f 2715/4065/2611 2872/4066/2757 2873/4067/2758
f 2871/4063/2756 2716/4064/2612 2720/4068/2616
f 2871/4063/2756 2720/4068/2616 2867/4059/2753
f 2723/4069/2619 2720/4068/2616 2719/4070/2615
f 2720/4068/2616 2723/4069/2619 2725/4071/2621
f 2720/4068/2616 2725/4071/2621 2874/4072/2759
f 2720/4068/2616 2874/4072/2759 2867/4059/2753
f 2874/4072/2759 2725/4071/2621 2730/3929/2626
f 2867/4059/2753 2874/4072/2759 2875/4073/2760
f 2875/4073/2760 2874/4072/2759 2730/3929/2626
f 2867/4059/2753 2875/4073/2760 2786/3978/2675
f 2786/3978/2675 2875/4073/2760 2876/4074/2761
f 2786/3978/2675 2876/4074/2761 2781/3973/2670
f 2781/3973/2670 2876/4074/2761 2877/4075/2762
f 2877/4075/2762 2876/4074/2761 2875/4073/2760
f 2781/3973/2670 2877/4075/2762 2750/3934/2639
f 2875/4073/2760 2730/3929/2626 2878/4076/2763
f 2875/4073/2760 2878/4076/2763 2877/4075/2762
f 2877/4075/2762 2878/4076/2763 2750/3934/2639
f 2878/4076/2763 2730/3929/2626 2749/3933/2638
f 2878/4076/2763 2749/3933/2638 2750/3934/2639
f 2319/4077/2239 2468/4078/2376 2879/4079/2764
f 2879/4079/2764 2468/4078/2376 2476/4080/2382
f 2319/4077/2239 2879/4079/2764 2320/4081/2240
f 2320/4081/2240 2879/4079/2764 2476/4080/2382
f 2320/4081/2240 2476/4080/2382 2880/4082/2765
f 2320/4081/2240 2880/4082/2765 2881/4083/2766
f 2880/4082/2765 2476/4080/2382 2477/4084/2383
f 2880/4082/2765 2477/4084/2383 2882/4085/2767
f 2592/4086/2493 2589/4087/2491 2883/4088/2768
f 2592/4086/2493 2883/4088/2768 2593/4089/2494
f 2883/4088/2768 2589/4087/2491 2591/4090/1800
f 2593/4089/2494 2883/4088/2768 2760/4091/2649
f 2593/4089/2494 2760/4091/2649 2594/4092/2495
f 2594/4092/2495 2760/4091/2649 2595/4093/2496
f 2883/4088/2768 2591/4090/1800 2884/4094/2769
f 2883/4088/2768 2884/4094/2769 2885/4095/2770
f 2884/4094/2769 2591/4090/1800 2886/4096/2771
f 2884/4094/2769 2886/4096/2771 2885/4095/2770
f 2883/4088/2768 2885/4095/2770 2887/4097/2772
f 2887/4097/2772 2885/4095/2770 2886/4096/2771
f 2883/4088/2768 2887/4097/2772 2760/4091/2649
f 2886/4096/2771 2591/4090/1800 2888/4098/2773
f 2888/4098/2773 2591/4090/1800 2889/4099/2774
f 2886/4096/2771 2888/4098/2773 2890/4100/2775
f 2886/4096/2771 2890/4100/2775 2887/4097/2772
f 2760/4091/2649 2887/4097/2772 2891/4101/2776
f 2760/4091/2649 2891/4101/2776 2761/4102/2650
f 2761/4102/2650 2891/4101/2776 2763/4103/2652
f 2763/4103/2652 2891/4101/2776 2892/4104/2777
f 2892/4104/2777 2891/4101/2776 2887/4097/2772
f 2763/4103/2652 2892/4104/2777 2764/4105/2653
f 2892/4104/2777 2887/4097/2772 2893/4106/2778
f 2892/4104/2777 2893/4106/2778 2764/4105/2653
f 2893/4106/2778 2887/4097/2772 2890/4100/2775
f 2764/4105/2653 2893/4106/2778 2894/4107/2779
f 2764/4105/2653 2894/4107/2779 2895/4108/2780
f 2764/4105/2653 2895/4108/2780 2767/4109/2656
f 2894/4107/2779 2893/4106/2778 2896/4110/2781
f 2896/4110/2781 2893/4106/2778 2890/4100/2775
f 2895/4108/2780 2894/4107/2779 2897/4111/2782
f 2767/4109/2656 2895/4108/2780 2898/4112/2783
f 2767/4109/2656 2898/4112/2783 2770/4113/2659
f 2895/4108/2780 2897/4111/2782 2899/4114/2784
f 2899/4114/2784 2897/4111/2782 2894/4107/2779
f 2898/4112/2783 2895/4108/2780 2900/4115/2785
f 2900/4115/2785 2895/4108/2780 2899/4114/2784
f 2770/4113/2659 2898/4112/2783 2901/4116/2786
f 2901/4116/2786 2898/4112/2783 2900/4115/2785
f 2770/4113/2659 2901/4116/2786 2902/4117/2787
f 2902/4117/2787 2901/4116/2786 2900/4115/2785
f 2770/4113/2659 2902/4117/2787 2796/4118/2683
f 2899/4114/2784 2894/4107/2779 2903/4119/2788
f 2903/4119/2788 2894/4107/2779 2896/4110/2781
f 2899/4114/2784 2903/4119/2788 2900/4115/2785
f 2903/4119/2788 2896/4110/2781 2904/4120/2789
f 2903/4119/2788 2904/4120/2789 2900/4115/2785
f 2902/4117/2787 2900/4115/2785 2905/4121/2790
f 2905/4121/2790 2900/4115/2785 2906/4122/2791
f 2905/4121/2790 2906/4122/2791 2902/4117/2787
f 2906/4122/2791 2900/4115/2785 2904/4120/2789
f 2907/4123/2792 2796/4118/2683 2902/4117/2787
f 2907/4123/2792 2902/4117/2787 2906/4122/2791
f 2796/4118/2683 2907/4123/2792 2798/4124/2685
f 2908/4125/2793 2904/4120/2789 2896/4110/2781
f 2908/4125/2793 2896/4110/2781 2890/4100/2775
f 2798/4124/2685 2907/4123/2792 2909/4126/2794
f 2909/4126/2794 2907/4123/2792 2906/4122/2791
f 2798/4124/2685 2909/4126/2794 2910/4127/1853
f 2798/4124/2685 2910/4127/1853 2802/4128/2689
f 2910/4127/1853 2909/4126/2794 2911/4129/2795
f 2910/4127/1853 2911/4129/2795 2802/4128/2689
f 2911/4129/2795 2909/4126/2794 2906/4122/2791
f 2802/4128/2689 2911/4129/2795 2912/4130/2796
f 2802/4128/2689 2912/4130/2796 2913/4131/2797
f 2802/4128/2689 2913/4131/2797 2804/4132/2691
f 2804/4132/2691 2913/4131/2797 2815/4133/2702
f 2815/4133/2702 2913/4131/2797 2914/4134/2798
f 2914/4134/2798 2913/4131/2797 2912/4130/2796
f 2815/4133/2702 2914/4134/2798 2839/4135/2725
f 2912/4130/2796 2911/4129/2795 2915/4136/2799
f 2912/4130/2796 2915/4136/2799 2914/4134/2798
f 2916/4137/2800 2911/4129/2795 2906/4122/2791
f 2911/4129/2795 2916/4137/2800 2915/4136/2799
f 2916/4137/2800 2906/4122/2791 2917/4138/2535
f 2917/4138/2535 2906/4122/2791 2918/4139/2801
f 2918/4139/2801 2906/4122/2791 2904/4120/2789
f 2916/4137/2800 2917/4138/2535 2919/4140/2802
f 2919/4140/2802 2917/4138/2535 2918/4139/2801
f 2916/4137/2800 2919/4140/2802 2920/4141/2803
f 2916/4137/2800 2920/4141/2803 2915/4136/2799
f 2919/4140/2802 2918/4139/2801 2921/4142/2804
f 2919/4140/2802 2921/4142/2804 2920/4141/2803
f 2918/4139/2801 2904/4120/2789 2922/4143/2805
f 2918/4139/2801 2922/4143/2805 2921/4142/2804
f 2922/4143/2805 2904/4120/2789 2908/4125/2793
f 2921/4142/2804 2922/4143/2805 2923/4144/2806
f 2923/4144/2806 2922/4143/2805 2908/4125/2793
f 2920/4141/2803 2921/4142/2804 2924/4145/2807
f 2921/4142/2804 2923/4144/2806 2925/4146/2808
f 2921/4142/2804 2925/4146/2808 2924/4145/2807
f 2920/4141/2803 2924/4145/2807 2926/4147/2809
f 2920/4141/2803 2926/4147/2809 2915/4136/2799
f 2924/4145/2807 2925/4146/2808 2927/4148/2810
f 2924/4145/2807 2927/4148/2810 2926/4147/2809
f 2925/4146/2808 2923/4144/2806 2928/4149/2811
f 2925/4146/2808 2928/4149/2811 2927/4148/2810
f 2928/4149/2811 2923/4144/2806 2929/4150/2812
f 2929/4150/2812 2923/4144/2806 2908/4125/2793
f 2928/4149/2811 2929/4150/2812 2930/4151/2813
f 2929/4150/2812 2908/4125/2793 2931/4152/2814
f 2929/4150/2812 2931/4152/2814 2930/4151/2813
f 2931/4152/2814 2908/4125/2793 2890/4100/2775
f 2928/4149/2811 2930/4151/2813 2932/4153/2815
f 2932/4153/2815 2930/4151/2813 2931/4152/2814
f 2928/4149/2811 2932/4153/2815 2927/4148/2810
f 2932/4153/2815 2931/4152/2814 2890/4100/2775
f 2932/4153/2815 2890/4100/2775 2888/4098/2773
f 2932/4153/2815 2888/4098/2773 2927/4148/2810
f 2927/4148/2810 2888/4098/2773 2889/4099/2774
f 2927/4148/2810 2889/4099/2774 2926/4147/2809
f 2926/4147/2809 2889/4099/2774 2933/4154/2816
f 2926/4147/2809 2933/4154/2816 2934/4155/2817
f 2926/4147/2809 2934/4155/2817 2935/4156/2818
f 2935/4156/2818 2934/4155/2817 2933/4154/2816
f 2926/4147/2809 2935/4156/2818 2915/4136/2799
f 2915/4136/2799 2935/4156/2818 2936/4157/2819
f 2936/4157/2819 2935/4156/2818 2933/4154/2816
f 2915/4136/2799 2936/4157/2819 2914/4134/2798
f 2914/4134/2798 2936/4157/2819 2933/4154/2816
f 2914/4134/2798 2933/4154/2816 2839/4135/2725
f 2937/4158/503 2933/4154/2816 2889/4099/2774
f 2933/4154/2816 2937/4158/503 2839/4135/2725
f 2937/4158/503 2889/4099/2774 2938/4159/34
f 2839/4135/2725 2937/4158/503 2834/4160/2720
f 2937/4158/503 2938/4159/34 2939/4161/2820
f 2834/4160/2720 2937/4158/503 2833/4162/2719
f 2937/4158/503 2939/4161/2820 2940/4163/2821
f 2937/4158/503 2940/4163/2821 2833/4162/2719
f 2533/4164/34 2357/4165/34 2941/4166/34
f 2941/4166/34 2357/4165/34 2358/4167/34
f 2045/4168/34 2044/4169/34 2942/4170/34
f 2942/4170/34 2044/4169/34 2740/4171/34
f 2942/4170/34 2740/4171/34 2739/4172/34
f 2942/4170/34 2739/4172/34 2943/4173/34
f 2942/4170/34 2943/4173/34 2944/4174/34
f 2942/4170/34 2944/4174/34 2945/4175/34
f 2942/4170/34 2945/4175/34 2045/4168/34
f 2945/4175/34 2944/4174/34 2946/4176/34
f 2945/4175/34 2946/4176/34 2938/4177/34
f 2945/4175/34 2938/4177/34 2889/4178/2774
f 2945/4175/34 2889/4178/2774 2591/4179/1800
f 2945/4175/34 2591/4179/1800 2045/4168/34
f 2045/4168/34 2591/4179/1800 2046/4180/34
f 2947/4181/2822 2948/4182/2823 2949/4183/2824
f 2949/4183/2824 2948/4182/2823 2950/4184/2825
f 2950/4184/2825 2948/4182/2823 2951/4185/2826
f 2690/4186/2587 2688/4187/2585 2951/4185/2826
f 2690/4186/2587 2951/4185/2826 2948/4182/2823
f 2690/4186/2587 2948/4182/2823 2952/4188/2827
f 2690/4186/2587 2952/4188/2827 2692/4189/2589
f 2692/4189/2589 2952/4188/2827 2953/4190/2828
f 2692/4189/2589 2953/4190/2828 2954/4191/2829
f 2954/4191/2829 2953/4190/2828 2955/4192/2830
f 2955/4192/2830 2953/4190/2828 2952/4188/2827
f 2954/4191/2829 2955/4192/2830 2956/4193/2831
f 2956/4193/2831 2955/4192/2830 2957/4194/2832
f 2957/4194/2832 2955/4192/2830 2958/4195/2833
f 2959/4196/2834 2952/4188/2827 2948/4182/2823
f 2958/4195/2833 2955/4192/2830 2960/4197/2835
f 2958/4195/2833 2960/4197/2835 2961/4198/2836
f 2955/4192/2830 2952/4188/2827 2962/4199/2837
f 2961/4198/2836 2960/4197/2835 2963/4200/2838
f 2955/4192/2830 2962/4199/2837 2964/4201/2839
f 2955/4192/2830 2964/4201/2839 2965/4202/2840
f 2965/4202/2840 2964/4201/2839 2962/4199/2837
f 2955/4192/2830 2965/4202/2840 2960/4197/2835
f 2960/4197/2835 2965/4202/2840 2966/4203/2841
f 2960/4197/2835 2966/4203/2841 2963/4200/2838
f 2965/4202/2840 2962/4199/2837 2967/4204/2842
f 2965/4202/2840 2967/4204/2842 2966/4203/2841
f 2968/4205/2843 2962/4199/2837 2952/4188/2827
f 2962/4199/2837 2968/4205/2843 2967/4204/2842
f 2966/4203/2841 2967/4204/2842 2969/4206/2844
f 2969/4206/2844 2967/4204/2842 2970/4207/2845
f 2969/4206/2844 2970/4207/2845 2966/4203/2841
f 2970/4207/2845 2967/4204/2842 2968/4205/2843
f 2968/4205/2843 2952/4188/2827 2971/4208/2846
f 2968/4205/2843 2971/4208/2846 2970/4207/2845
f 2971/4208/2846 2952/4188/2827 2959/4196/2834
f 2970/4207/2845 2971/4208/2846 2972/4209/2847
f 2972/4209/2847 2971/4208/2846 2947/4181/2822
f 2947/4181/2822 2971/4208/2846 2959/4196/2834
f 2973/4210/2848 2966/4203/2841 2970/4207/2845
f 2973/4210/2848 2970/4207/2845 2974/4211/2849
f 2966/4203/2841 2973/4210/2848 2963/4200/2838
f 2973/4210/2848 2974/4211/2849 2975/4212/2850
f 2963/4200/2838 2973/4210/2848 2976/4213/2851
f 2963/4200/2838 2976/4213/2851 2977/4214/2852
f 2976/4213/2851 2973/4210/2848 2978/4215/2853
f 2976/4213/2851 2978/4215/2853 2977/4214/2852
f 2963/4200/2838 2977/4214/2852 2979/4216/2854
f 2979/4216/2854 2977/4214/2852 2978/4215/2853
f 2963/4200/2838 2979/4216/2854 2961/4198/2836
f 2961/4198/2836 2979/4216/2854 2980/4217/2855
f 2981/4218/2856 2973/4210/2848 2975/4212/2850
f 2973/4210/2848 2981/4218/2856 2978/4215/2853
f 2981/4218/2856 2975/4212/2850 2982/4219/2857
f 2982/4219/2857 2975/4212/2850 2983/4220/2858
f 2981/4218/2856 2982/4219/2857 2984/4221/2859
f 2984/4221/2859 2982/4219/2857 2985/4222/2860
f 2985/4222/2860 2982/4219/2857 2986/4223/2861
f 2986/4223/2861 2982/4219/2857 2987/4224/2862
f 2981/4218/2856 2984/4221/2859 2988/4225/2863
f 2981/4218/2856 2988/4225/2863 2978/4215/2853
f 2988/4225/2863 2984/4221/2859 2989/4226/2864
f 2988/4225/2863 2989/4226/2864 2990/4227/2865
f 2978/4215/2853 2988/4225/2863 2991/4228/2866
f 2991/4228/2866 2988/4225/2863 2990/4227/2865
f 2978/4215/2853 2991/4228/2866 2979/4216/2854
f 2979/4216/2854 2991/4228/2866 2992/4229/2867
f 2992/4229/2867 2991/4228/2866 2990/4227/2865
f 2992/4229/2867 2990/4227/2865 2993/4230/2868
f 2994/4231/2869 2948/4182/2823 2947/4181/2822
f 2948/4182/2823 2994/4231/2869 2959/4196/2834
f 2994/4231/2869 2947/4181/2822 2995/4232/2870
f 2959/4196/2834 2994/4231/2869 2995/4233/2871
f 2994/4231/2869 2995/4232/2870 2996/4232/2872
f 2994/4231/2869 2996/4232/2872 2995/4233/2871
f 2996/4232/2872 2995/4232/2870 2997/4234/2873
f 2996/4232/2872 2997/4234/2873 2995/4233/2871
f 2997/4234/2873 2995/4232/2870 2947/4181/2822
f 2995/4233/2871 2997/4234/2873 2959/4196/2834
f 2959/4196/2834 2997/4234/2873 2947/4181/2822
f 2662/4235/2561 2505/4236/2411 2664/4237/2563
f 2505/4236/2411 2662/4235/2561 2504/4238/2410
f 2504/4238/2410 2662/4235/2561 2998/4239/2874
f 2998/4239/2874 2662/4235/2561 2658/4240/2557
f 2998/4239/2874 2658/4240/2557 2660/4241/2559
f 2998/4239/2874 2660/4241/2559 2999/4242/2875
f 2998/4239/2874 2999/4242/2875 3000/4243/2876
f 2949/4244/2824 3001/4245/2877 2947/4246/2822
f 3001/4245/2877 2949/4244/2824 2950/4247/2825
f 2947/4246/2822 3001/4245/2877 2974/4248/2849
f 2947/4246/2822 2974/4248/2849 2972/4249/2847
f 2972/4249/2847 2974/4248/2849 2970/4250/2845
f 2974/4248/2849 3001/4245/2877 3002/4251/2878
f 3002/4251/2878 3001/4245/2877 2950/4247/2825
f 2974/4248/2849 3002/4251/2878 3003/4252/2879
f 2974/4248/2849 3003/4252/2879 2975/4253/2850
f 3002/4251/2878 2950/4247/2825 3004/4254/2880
f 3004/4254/2880 2950/4247/2825 2951/4255/2826
f 3003/4252/2879 3002/4251/2878 3005/4256/2881
f 3005/4256/2881 3002/4251/2878 3004/4254/2880
f 2975/4253/2850 3003/4252/2879 3006/4257/2882
f 3006/4257/2882 3003/4252/2879 3005/4256/2881
f 2975/4253/2850 3006/4257/2882 3007/4258/536
f 3005/4256/2881 3004/4254/2880 3008/4259/2883
f 3008/4259/2883 3004/4254/2880 2951/4255/2826
f 3005/4256/2881 3008/4259/2883 3006/4257/2882
f 3007/4258/536 3006/4257/2882 3009/4260/2884
f 3008/4259/2883 2951/4255/2826 2705/4261/2601
f 3008/4259/2883 2705/4261/2601 3006/4257/2882
f 2705/4261/2601 2951/4255/2826 2688/4262/2585
f 3006/4257/2882 2705/4261/2601 3010/4263/2885
f 3006/4257/2882 3010/4263/2885 3009/4260/2884
f 2983/4264/2858 3011/4265/2886 3009/4260/2884
f 2983/4264/2858 3009/4260/2884 3010/4263/2885
f 2983/4264/2858 3010/4263/2885 2982/4266/2857
f 2982/4266/2857 3010/4263/2885 3011/4267/2886
f 3010/4263/2885 2705/4261/2601 2706/4268/2602
f 3010/4263/2885 2706/4268/2602 3011/4267/2886
f 3011/4267/2886 2706/4268/2602 3009/4269/2884
f 3009/4269/2884 2706/4268/2602 3007/4270/536
f 3007/4270/536 2706/4268/2602 2707/4271/2603
f 3007/4270/536 2707/4271/2603 2709/4272/2605
f 3007/4270/536 2709/4272/2605 2710/4273/2606
f 3012/4274/2887 2363/4275/2273 2365/4276/2275
f 2363/4275/2273 3012/4274/2887 2360/4277/34
f 3012/4274/2887 2365/4276/2275 2371/4278/1358
f 2360/4277/34 3012/4274/2887 3013/4279/2888
f 3012/4274/2887 2371/4278/1358 3014/4280/2889
f 3012/4274/2887 3014/4280/2889 3013/4279/2888
f 2370/4281/2280 2376/4282/2285 2371/4278/1358
f 2371/4278/1358 2376/4282/2285 3015/4283/2890
f 3015/4283/2890 2376/4282/2285 2375/4284/2284
f 3014/4280/2889 2371/4278/1358 3016/4285/2891
f 3016/4285/2891 2371/4278/1358 3015/4283/2890
f 3015/4283/2890 2375/4284/2284 2379/4286/2288
f 2380/4287/2289 2386/4288/2295 2379/4286/2288
f 2379/4286/2288 2386/4288/2295 3017/4289/2892
f 3017/4289/2892 2386/4288/2295 2289/4290/2211
f 3015/4283/2890 2379/4286/2288 3018/4291/2893
f 3018/4291/2893 2379/4286/2288 3017/4289/2892
f 3015/4283/2890 3018/4291/2893 3019/4292/2894
f 3015/4283/2890 3019/4292/2894 3016/4285/2891
f 3018/4291/2893 3017/4289/2892 3020/4293/2895
f 3018/4291/2893 3020/4293/2895 3019/4292/2894
f 3020/4293/2895 3017/4289/2892 3021/4294/2896
f 3020/4293/2895 3021/4294/2896 3022/4295/2897
f 3020/4293/2895 3022/4295/2897 3023/4296/2898
f 3023/4296/2898 3022/4295/2897 3024/4297/2899
f 3023/4296/2898 3024/4297/2899 3025/4298/2900
f 3020/4293/2895 3023/4296/2898 3026/4299/2901
f 3020/4293/2895 3026/4299/2901 3019/4292/2894
f 3023/4296/2898 3025/4298/2900 3027/4300/2902
f 3023/4296/2898 3027/4300/2902 3026/4299/2901
f 3027/4300/2902 3025/4298/2900 3028/4301/2903
f 3027/4300/2902 3028/4301/2903 3026/4299/2901
f 3028/4301/2903 3025/4298/2900 3029/4302/2904
f 3019/4292/2894 3026/4299/2901 3030/4303/2905
f 3019/4292/2894 3030/4303/2905 3016/4285/2891
f 3030/4303/2905 3026/4299/2901 3031/4304/2906
f 3030/4303/2905 3031/4304/2906 3016/4285/2891
f 3026/4299/2901 3028/4301/2903 3032/4305/2907
f 3026/4299/2901 3032/4305/2907 3031/4304/2906
f 3028/4301/2903 3029/4302/2904 3033/4306/2908
f 3028/4301/2903 3033/4306/2908 3032/4305/2907
f 3033/4306/2908 3029/4302/2904 3034/4307/2909
f 3031/4304/2906 3032/4305/2907 3035/4308/2910
f 3035/4308/2910 3032/4305/2907 3033/4306/2908
f 3035/4308/2910 3033/4306/2908 3034/4307/2909
f 3031/4304/2906 3035/4308/2910 3016/4285/2891
f 3035/4308/2910 3034/4307/2909 3036/4309/2911
f 3036/4309/2911 3034/4307/2909 3037/4310/2912
f 3036/4309/2911 3037/4310/2912 3038/4311/2913
f 3035/4308/2910 3036/4309/2911 3039/4312/2914
f 3039/4312/2914 3036/4309/2911 3038/4311/2913
f 3016/4285/2891 3035/4308/2910 3040/4313/2915
f 3040/4313/2915 3035/4308/2910 3039/4312/2914
f 3016/4285/2891 3040/4313/2915 3041/4314/2916
f 3016/4285/2891 3041/4314/2916 3014/4280/2889
f 3041/4314/2916 3040/4313/2915 3042/4315/2917
f 3014/4280/2889 3041/4314/2916 3043/4316/2918
f 3043/4316/2918 3041/4314/2916 3042/4315/2917
f 3014/4280/2889 3043/4316/2918 3013/4279/2888
f 3042/4315/2917 3040/4313/2915 3044/4317/2919
f 3044/4317/2919 3040/4313/2915 3039/4312/2914
f 3042/4315/2917 3044/4317/2919 3043/4316/2918
f 3013/4279/2888 3043/4316/2918 3045/4318/2920
f 3045/4318/2920 3043/4316/2918 3044/4317/2919
f 3044/4317/2919 3039/4312/2914 3046/4319/2921
f 3044/4317/2919 3046/4319/2921 3045/4318/2920
f 3045/4318/2920 3046/4319/2921 3013/4279/2888
f 3046/4319/2921 3039/4312/2914 3038/4311/2913
f 3046/4319/2921 3038/4311/2913 3013/4279/2888
f 3013/4279/2888 3038/4311/2913 2360/4277/34
f 2360/4277/34 3038/4311/2913 2359/4320/34
f 2359/4320/34 3038/4311/2913 3047/4321/2270
f 2359/4320/34 3047/4321/2270 3048/4322/34
f 3049/4323/34 2358/4324/34 2359/4325/34
f 2358/4324/34 3049/4323/34 2941/4326/34
f 3049/4323/34 2359/4325/34 3048/4327/34
f 2941/4326/34 3049/4323/34 3050/4328/34
f 3050/4328/34 3049/4323/34 3048/4327/34
f 2321/4329/2241 2320/4330/2240 2881/4331/2766
f 2880/4332/2765 2882/4333/2767 2881/4331/2766
f 2321/4329/2241 2881/4331/2766 3051/4334/2922
f 2881/4331/2766 2882/4333/2767 3052/4335/2923
f 2321/4329/2241 3051/4334/2922 3053/4336/2924
f 2321/4329/2241 3053/4336/2924 3054/4337/2925
f 2321/4329/2241 3054/4337/2925 2317/4338/2237
f 2317/4338/2237 3054/4337/2925 2318/4339/2238
f 2318/4339/2238 3054/4337/2925 3055/4340/2926
f 2318/4339/2238 3055/4340/2926 2309/4341/2229
f 2309/4341/2229 3055/4340/2926 3054/4337/2925
f 2309/4341/2229 3054/4337/2925 2308/4342/2228
f 2308/4342/2228 3054/4337/2925 3053/4336/2924
f 2308/4342/2228 3053/4336/2924 2297/4343/2217
f 2297/4343/2217 3053/4336/2924 2298/4344/2218
f 2298/4344/2218 3053/4336/2924 3056/4345/2927
f 3056/4345/2927 3053/4336/2924 3051/4334/2922
f 3056/4345/2927 3051/4334/2922 3057/4346/2928
f 3057/4346/2928 3051/4334/2922 3058/4347/2929
f 3057/4346/2928 3058/4347/2929 3059/4348/2930
f 3058/4347/2929 3051/4334/2922 3060/4349/2931
f 3058/4347/2929 3060/4349/2931 3059/4348/2930
f 3060/4349/2931 3051/4334/2922 2881/4331/2766
f 3059/4348/2930 3060/4349/2931 3061/4350/2932
f 3061/4350/2932 3060/4349/2931 2881/4331/2766
f 3059/4348/2930 3061/4350/2932 3062/4351/2933
f 3063/4352/2934 3062/4351/2933 3064/4353/2935
f 3064/4353/2935 3062/4351/2933 3061/4350/2932
f 3064/4353/2935 3061/4350/2932 3065/4354/2936
f 3061/4350/2932 2881/4331/2766 3052/4335/2923
f 3065/4354/2936 3061/4350/2932 3066/4355/2937
f 3066/4355/2937 3061/4350/2932 3052/4335/2923
f 3065/4354/2936 3066/4355/2937 3067/4356/2938
f 3067/4356/2938 3066/4355/2937 3068/4357/2939
f 3068/4357/2939 3066/4355/2937 3069/4358/2940
f 3069/4358/2940 3066/4355/2937 3052/4335/2923
f 3070/4359/2941 3071/4360/2942 3069/4358/2940
f 3070/4359/2941 3069/4358/2940 2482/4361/2388
f 2482/4361/2388 3069/4358/2940 2480/4362/2386
f 2480/4362/2386 3069/4358/2940 3052/4335/2923
f 2480/4362/2386 3052/4335/2923 3072/4363/2943
f 3072/4363/2943 3052/4335/2923 2882/4333/2767
f 2480/4362/2386 3072/4363/2943 2481/4364/2387
f 3072/4363/2943 2882/4333/2767 2477/4365/2383
f 3072/4363/2943 2477/4365/2383 2481/4364/2387
f 2289/4366/2211 2293/4367/2214 3017/4368/2892
f 3017/4368/2892 2293/4367/2214 3021/4369/2896
f 3021/4369/2896 2293/4367/2214 3073/4370/2944
f 3073/4370/2944 2293/4367/2214 2292/4371/2213
f 3021/4369/2896 3073/4370/2944 3074/4372/2945
f 3021/4369/2896 3074/4372/2945 3022/4373/2897
f 3075/4374/2946 3024/4375/2899 3022/4373/2897
f 3022/4373/2897 3074/4372/2945 3076/4376/2947
f 3075/4374/2946 3022/4373/2897 3077/4377/2948
f 3077/4377/2948 3022/4373/2897 3076/4376/2947
f 3075/4374/2946 3077/4377/2948 3078/4378/2949
f 3075/4374/2946 3078/4378/2949 3079/4379/2950
f 3079/4379/2950 3078/4378/2949 3080/4380/2951
f 3079/4379/2950 3080/4380/2951 3081/4381/2952
f 3080/4380/2951 3078/4378/2949 3082/4382/2953
f 3078/4378/2949 3077/4377/2948 3083/4383/2954
f 3078/4378/2949 3083/4383/2954 3082/4382/2953
f 3083/4383/2954 3077/4377/2948 3076/4376/2947
f 3082/4382/2953 3083/4383/2954 3084/4384/2955
f 3083/4383/2954 3076/4376/2947 3085/4385/1612
f 3084/4384/2955 3083/4383/2954 3086/4386/2956
f 3086/4386/2956 3083/4383/2954 3085/4385/1612
f 3085/4385/1612 3076/4376/2947 3087/4387/2957
f 3085/4385/1612 3087/4387/2957 3086/4386/2956
f 3088/4388/2958 3076/4376/2947 3074/4372/2945
f 3076/4376/2947 3088/4388/2958 3087/4387/2957
f 3086/4386/2956 3087/4387/2957 3089/4389/2959
f 3084/4384/2955 3086/4386/2956 3090/4390/2960
f 3090/4390/2960 3086/4386/2956 3089/4389/2959
f 3089/4389/2959 3087/4387/2957 3091/4391/2961
f 3089/4389/2959 3091/4391/2961 3090/4390/2960
f 3088/4388/2958 3074/4372/2945 3073/4370/2944
f 3084/4384/2955 3090/4390/2960 3092/4392/2962
f 3084/4384/2955 3092/4392/2962 3093/4393/2963
f 3094/4394/2964 3095/4395/2965 3093/4393/2963
f 3094/4394/2964 3093/4393/2963 3092/4392/2962
f 3094/4394/2964 3092/4392/2962 3096/4396/2966
f 3094/4394/2964 3096/4396/2966 3097/4397/2967
f 3097/4397/2967 3096/4396/2966 3098/4398/2968
f 3098/4398/2968 3096/4396/2966 3092/4392/2962
f 3097/4397/2967 3098/4398/2968 3099/4399/2969
f 3099/4399/2969 3098/4398/2968 3100/4400/2970
f 3099/4399/2969 3100/4400/2970 3101/4401/2971
f 3101/4401/2971 3100/4400/2970 3098/4398/2968
f 3099/4399/2969 3101/4401/2971 3102/4402/2972
f 3101/4401/2971 3092/4392/2962 3090/4390/2960
f 3098/4398/2968 3092/4392/2962 3103/4403/2973
f 3098/4398/2968 3103/4403/2973 3104/4404/2974
f 3104/4404/2974 3103/4403/2973 3092/4392/2962
f 3098/4398/2968 3104/4404/2974 3105/4405/2975
f 3105/4405/2975 3104/4404/2974 3092/4392/2962
f 3098/4398/2968 3105/4405/2975 3101/4401/2971
f 3101/4401/2971 3105/4405/2975 3092/4392/2962
f 3106/4406/2976 3102/4402/2972 3101/4401/2971
f 3107/4407/2191 3101/4401/2971 3090/4390/2960
f 3101/4401/2971 3107/4407/2191 3106/4406/2976
f 3102/4402/2972 3106/4406/2976 3108/4408/2977
f 3107/4407/2191 3090/4390/2960 3091/4391/2961
f 3106/4406/2976 3107/4407/2191 3109/4409/2978
f 3109/4409/2978 3107/4407/2191 3110/4410/2979
f 3110/4410/2979 3107/4407/2191 3091/4391/2961
f 3109/4409/2978 3110/4410/2979 3106/4406/2976
f 3106/4406/2976 3110/4410/2979 3111/4411/2980
f 3110/4410/2979 3091/4391/2961 3112/4412/2981
f 3110/4410/2979 3112/4412/2981 3111/4411/2980
f 3106/4406/2976 3111/4411/2980 3113/4413/2982
f 3113/4413/2982 3111/4411/2980 3112/4412/2981
f 3114/4414/2983 3108/4408/2977 3106/4406/2976
f 3114/4414/2983 3106/4406/2976 3113/4413/2982
f 3108/4408/2977 3114/4414/2983 3115/4415/2984
f 3108/4408/2977 3115/4415/2984 3116/4416/2985
f 3117/4417/2986 3112/4412/2981 3091/4391/2961
f 3117/4417/2986 3091/4391/2961 3087/4387/2957
f 3117/4417/2986 3087/4387/2957 3088/4388/2958
f 3112/4412/2981 3117/4417/2986 3118/4418/2987
f 3115/4415/2984 3114/4414/2983 3119/4419/2988
f 3119/4419/2988 3114/4414/2983 3113/4413/2982
f 3115/4415/2984 3119/4419/2988 3120/4420/2989
f 3121/4421/2990 3115/4415/2984 3063/4422/2934
f 3063/4422/2934 3115/4415/2984 3122/4423/2991
f 3122/4423/2991 3115/4415/2984 3120/4420/2989
f 3063/4422/2934 3122/4423/2991 3062/4424/2933
f 3122/4423/2991 3120/4420/2989 3123/4425/2992
f 3122/4423/2991 3123/4425/2992 3062/4424/2933
f 3123/4425/2992 3120/4420/2989 3119/4419/2988
f 3062/4424/2933 3123/4425/2992 3059/4426/2930
f 3124/4427/2993 3119/4419/2988 3113/4413/2982
f 3119/4419/2988 3124/4427/2993 3123/4425/2992
f 3059/4426/2930 3123/4425/2992 3125/4428/2994
f 3059/4426/2930 3125/4428/2994 3126/4429/2995
f 3126/4429/2995 3125/4428/2994 3123/4425/2992
f 3059/4426/2930 3126/4429/2995 3057/4430/2928
f 3123/4425/2992 3124/4427/2993 3127/4431/2996
f 3123/4425/2992 3127/4431/2996 3126/4429/2995
f 3057/4430/2928 3126/4429/2995 3128/4432/2997
f 3128/4432/2997 3126/4429/2995 3127/4431/2996
f 3057/4430/2928 3128/4432/2997 3056/4433/2927
f 3127/4431/2996 3124/4427/2993 3129/4434/2998
f 3127/4431/2996 3129/4434/2998 3128/4432/2997
f 3129/4434/2998 3124/4427/2993 3113/4413/2982
f 3129/4434/2998 3113/4413/2982 3130/4435/2999
f 3129/4434/2998 3130/4435/2999 3128/4432/2997
f 3130/4435/2999 3113/4413/2982 3112/4412/2981
f 3128/4432/2997 3130/4435/2999 3131/4436/3000
f 3131/4436/3000 3130/4435/2999 3112/4412/2981
f 3128/4432/2997 3131/4436/3000 3056/4433/2927
f 3131/4436/3000 3112/4412/2981 3118/4418/2987
f 3056/4433/2927 3131/4436/3000 3132/4437/3001
f 3132/4437/3001 3131/4436/3000 3118/4418/2987
f 3056/4433/2927 3132/4437/3001 2298/4438/2218
f 3132/4437/3001 3118/4418/2987 3133/4439/3002
f 3132/4437/3001 3133/4439/3002 2298/4438/2218
f 3133/4439/3002 3118/4418/2987 3117/4417/2986
f 2298/4438/2218 3133/4439/3002 3134/4440/3003
f 2298/4438/2218 3134/4440/3003 2294/4441/2215
f 3133/4439/3002 3117/4417/2986 3135/4442/3004
f 3135/4442/3004 3117/4417/2986 3088/4388/2958
f 3133/4439/3002 3135/4442/3004 3136/4443/3005
f 3133/4439/3002 3136/4443/3005 3137/4444/3006
f 3137/4444/3006 3136/4443/3005 3135/4442/3004
f 3133/4439/3002 3137/4444/3006 3134/4440/3003
f 2294/4441/2215 3134/4440/3003 3138/4445/3007
f 3138/4445/3007 3134/4440/3003 3137/4444/3006
f 2294/4441/2215 3138/4445/3007 2292/4371/2213
f 2292/4371/2213 3138/4445/3007 3073/4370/2944
f 3138/4445/3007 3137/4444/3006 3139/4446/3008
f 3138/4445/3007 3139/4446/3008 3073/4370/2944
f 3137/4444/3006 3135/4442/3004 3140/4447/3009
f 3137/4444/3006 3140/4447/3009 3139/4446/3008
f 3140/4447/3009 3135/4442/3004 3088/4388/2958
f 3073/4370/2944 3139/4446/3008 3141/4448/3010
f 3141/4448/3010 3139/4446/3008 3140/4447/3009
f 3142/4449/3011 3088/4388/2958 3073/4370/2944
f 3088/4388/2958 3142/4449/3011 3140/4447/3009
f 3142/4449/3011 3073/4370/2944 3141/4448/3010
f 3142/4449/3011 3141/4448/3010 3140/4447/3009
f 2535/4450/34 2533/4451/34 2941/4452/34
f 2659/4453/2558 3143/4454/3012 2660/4455/2559
f 2660/4455/2559 3143/4454/3012 2999/4456/2875
f 3143/4454/3012 2659/4453/2558 3144/4457/3013
f 2999/4456/2875 3143/4454/3012 3145/4458/3014
f 3145/4458/3014 3143/4454/3012 3144/4457/3013
f 3144/4457/3013 2659/4453/2558 2695/4459/2592
f 2999/4456/2875 3145/4458/3014 3146/4460/3015
f 2999/4456/2875 3146/4460/3015 3147/4461/317
f 3147/4461/317 3146/4460/3015 3148/4462/3016
f 3146/4460/3015 3145/4458/3014 3149/4463/3017
f 3146/4460/3015 3149/4463/3017 3148/4462/3016
f 3149/4463/3017 3145/4458/3014 3150/4464/3018
f 3149/4463/3017 3150/4464/3018 3148/4462/3016
f 3151/4465/3019 3145/4458/3014 3144/4457/3013
f 3145/4458/3014 3151/4465/3019 3150/4464/3018
f 3148/4462/3016 3150/4464/3018 3152/4466/3020
f 3148/4462/3016 3152/4466/3020 3153/4467/3021
f 3152/4466/3020 3150/4464/3018 3154/4468/3022
f 3154/4468/3022 3150/4464/3018 3155/4469/3023
f 3155/4469/3023 3150/4464/3018 3151/4465/3019
f 3155/4469/3023 3151/4465/3019 3156/4470/3024
f 3151/4465/3019 3144/4457/3013 3157/4471/3025
f 3151/4465/3019 3157/4471/3025 3156/4470/3024
f 3157/4471/3025 3144/4457/3013 3158/4472/3026
f 3158/4472/3026 3144/4457/3013 2695/4459/2592
f 3156/4470/3024 3157/4471/3025 3159/4473/3027
f 3159/4473/3027 3157/4471/3025 3160/4474/3028
f 3156/4470/3024 3159/4473/3027 3161/4475/3029
f 3156/4470/3024 3161/4475/3029 3162/4476/3030
f 3159/4473/3027 3160/4474/3028 3163/4477/3031
f 3159/4473/3027 3163/4477/3031 3161/4475/3029
f 3160/4474/3028 3157/4471/3025 3164/4478/3032
f 3164/4478/3032 3157/4471/3025 3158/4472/3026
f 3160/4474/3028 3164/4478/3032 3163/4477/3031
f 3164/4478/3032 3158/4472/3026 3165/4479/3033
f 3165/4479/3033 3158/4472/3026 2695/4459/2592
f 3163/4477/3031 3164/4478/3032 3166/4480/3034
f 3166/4480/3034 3164/4478/3032 3165/4479/3033
f 3167/4481/3035 3161/4475/3029 3163/4477/3031
f 3161/4475/3029 3167/4481/3035 3168/4482/3036
f 3168/4482/3036 3167/4481/3035 3169/4483/3037
f 3167/4481/3035 3163/4477/3031 3170/4484/3038
f 3170/4484/3038 3163/4477/3031 3166/4480/3034
f 3169/4483/3037 3167/4481/3035 3171/4485/3039
f 3167/4481/3035 3170/4484/3038 3172/4486/3040
f 3167/4481/3035 3172/4486/3040 3171/4485/3039
f 3169/4483/3037 3171/4485/3039 3173/4487/3041
f 3169/4483/3037 3173/4487/3041 3174/4488/3042
f 3173/4487/3041 3171/4485/3039 3175/4489/3043
f 3170/4484/3038 3166/4480/3034 3176/4490/3044
f 3171/4485/3039 3172/4486/3040 3177/4491/3045
f 3171/4485/3039 3177/4491/3045 3175/4489/3043
f 3178/4492/3046 3172/4486/3040 3170/4484/3038
f 3173/4487/3041 3175/4489/3043 3179/4493/3047
f 3173/4487/3041 3179/4493/3047 3180/4494/3048
f 3173/4487/3041 3180/4494/3048 3181/4495/3049
f 3179/4493/3047 3175/4489/3043 3182/4496/3050
f 3175/4489/3043 3177/4491/3045 3183/4497/3051
f 3175/4489/3043 3183/4497/3051 3182/4496/3050
f 3184/4498/3052 3177/4491/3045 3172/4486/3040
f 3177/4491/3045 3184/4498/3052 3183/4497/3051
f 3183/4497/3051 3184/4498/3052 3185/4499/3053
f 3184/4498/3052 3172/4486/3040 3186/4500/3054
f 3184/4498/3052 3186/4500/3054 3185/4499/3053
f 3186/4500/3054 3172/4486/3040 3178/4492/3046
f 3183/4497/3051 3185/4499/3053 3187/4501/3055
f 3183/4497/3051 3187/4501/3055 3182/4496/3050
f 3187/4501/3055 3185/4499/3053 3186/4500/3054
f 3186/4500/3054 3178/4492/3046 3188/4502/3056
f 3187/4501/3055 3186/4500/3054 3189/4503/3057
f 3188/4502/3056 3178/4492/3046 3190/4504/3058
f 3182/4496/3050 3187/4501/3055 3191/4505/3059
f 3191/4505/3059 3187/4501/3055 3189/4503/3057
f 3182/4496/3050 3191/4505/3059 3179/4493/3047
f 3179/4493/3047 3191/4505/3059 3180/4494/3048
f 3180/4494/3048 3191/4505/3059 3189/4503/3057
f 3180/4494/3048 3189/4503/3057 3192/4506/3060
f 3180/4494/3048 3192/4506/3060 3193/4507/3061
f 3180/4494/3048 3193/4507/3061 3181/4495/3049
f 3181/4495/3049 3193/4507/3061 3194/4508/3062
f 3181/4495/3049 3194/4508/3062 3195/4509/3063
f 3194/4508/3062 3193/4507/3061 3196/4510/3064
f 3195/4509/3063 3194/4508/3062 3197/4511/3065
f 3197/4511/3065 3194/4508/3062 3196/4510/3064
f 3198/4512/3066 3190/4504/3058 3178/4492/3046
f 3198/4512/3066 3178/4492/3046 3170/4484/3038
f 3190/4504/3058 3198/4512/3066 3199/4513/3067
f 3198/4512/3066 3170/4484/3038 3176/4490/3044
f 3198/4512/3066 3176/4490/3044 3200/4514/3068
f 3200/4514/3068 3176/4490/3044 3201/4515/3069
f 3200/4514/3068 3201/4515/3069 3198/4512/3066
f 3201/4515/3069 3176/4490/3044 3202/4516/3070
f 3199/4513/3067 3198/4512/3066 3203/4517/3071
f 3203/4517/3071 3198/4512/3066 3201/4515/3069
f 3202/4516/3070 3176/4490/3044 3166/4480/3034
f 3203/4517/3071 3201/4515/3069 3204/4518/3072
f 3204/4518/3072 3201/4515/3069 3202/4516/3070
f 3199/4513/3067 3203/4517/3071 3205/4519/3073
f 3205/4519/3073 3203/4517/3071 3204/4518/3072
f 3199/4513/3067 3205/4519/3073 3206/4520/3074
f 3199/4513/3067 3206/4520/3074 3207/4521/3075
f 3205/4519/3073 3204/4518/3072 3208/4522/3076
f 3205/4519/3073 3208/4522/3076 3206/4520/3074
f 3204/4518/3072 3202/4516/3070 3209/4523/3077
f 3204/4518/3072 3209/4523/3077 3208/4522/3076
f 3210/4524/3078 3202/4516/3070 3166/4480/3034
f 3210/4524/3078 3166/4480/3034 3165/4479/3033
f 3206/4520/3074 3208/4522/3076 3211/4525/3079
f 3206/4520/3074 3211/4525/3079 3212/4526/3080
f 3211/4525/3079 3208/4522/3076 3213/4527/3081
f 3213/4527/3081 3208/4522/3076 3209/4523/3077
f 3202/4516/3070 3210/4524/3078 3214/4528/3082
f 3202/4516/3070 3214/4528/3082 3209/4523/3077
f 3210/4524/3078 3165/4479/3033 3215/4529/3083
f 3210/4524/3078 3215/4529/3083 3214/4528/3082
f 3209/4523/3077 3214/4528/3082 3216/4530/3084
f 3209/4523/3077 3216/4530/3084 3217/4531/3085
f 3209/4523/3077 3217/4531/3085 3213/4527/3081
f 3216/4530/3084 3214/4528/3082 2961/4532/2836
f 3216/4530/3084 2961/4532/2836 3217/4531/3085
f 3217/4531/3085 2961/4532/2836 2980/4533/2855
f 3217/4531/3085 2980/4533/2855 2979/4534/2854
f 2961/4532/2836 3214/4528/3082 3218/4535/3086
f 3217/4531/3085 2979/4534/2854 2992/4536/2867
f 2961/4532/2836 3218/4535/3086 2958/4537/2833
f 3218/4535/3086 3214/4528/3082 3219/4538/3087
f 3219/4538/3087 3214/4528/3082 3215/4529/3083
f 3218/4535/3086 3219/4538/3087 3220/4539/3088
f 3218/4535/3086 3220/4539/3088 3219/4540/3089
f 3220/4539/3088 3219/4538/3087 3221/4541/3090
f 3220/4539/3088 3221/4541/3090 3219/4540/3089
f 3221/4541/3090 3219/4538/3087 3215/4529/3083
f 3218/4535/3086 3219/4540/3089 3222/4542/3091
f 3222/4542/3091 3219/4540/3089 3221/4541/3090
f 3218/4535/3086 3222/4542/3091 2958/4537/2833
f 3222/4542/3091 3221/4541/3090 3215/4529/3083
f 2958/4537/2833 3222/4542/3091 3223/4543/3092
f 3222/4542/3091 3215/4529/3083 3224/4544/3093
f 3224/4544/3093 3215/4529/3083 3165/4479/3033
f 3222/4542/3091 3224/4544/3093 3225/4545/3094
f 3222/4542/3091 3225/4545/3094 3223/4543/3092
f 3224/4544/3093 3165/4479/3033 3226/4546/3095
f 3224/4544/3093 3226/4546/3095 3225/4545/3094
f 3226/4546/3095 3165/4479/3033 3227/4547/3096
f 3226/4546/3095 3227/4547/3096 3225/4545/3094
f 3227/4547/3096 3165/4479/3033 2695/4459/2592
f 2957/4548/2832 2958/4537/2833 3223/4543/3092
f 3227/4547/3096 2695/4459/2592 2694/4549/2591
f 2694/4549/2591 2695/4459/2592 2693/4550/2590
f 3227/4547/3096 2694/4549/2591 2954/4551/2829
f 3227/4547/3096 2954/4551/2829 3225/4545/3094
f 2954/4551/2829 2694/4549/2591 2692/4552/2589
f 3225/4545/3094 2954/4551/2829 3228/4553/3097
f 3225/4545/3094 3228/4553/3097 3223/4543/3092
f 3228/4553/3097 2954/4551/2829 2956/4554/2831
f 3229/4555/3098 2957/4548/2832 3223/4543/3092
f 3229/4555/3098 3223/4543/3092 3228/4553/3097
f 3230/4556/3099 2956/4554/2831 2957/4548/2832
f 2956/4554/2831 3230/4556/3099 3228/4553/3097
f 2957/4548/2832 3229/4555/3098 3231/4557/3100
f 2957/4548/2832 3231/4557/3100 3230/4556/3099
f 3231/4557/3100 3229/4555/3098 3228/4553/3097
f 3231/4557/3100 3228/4553/3097 3230/4556/3099
f 2736/4558/34 2211/4559/34 2534/4560/34
f 2736/4558/34 2534/4560/34 3232/4561/34
f 3232/4561/34 2534/4560/34 2535/4562/34
f 2736/4558/34 3232/4561/34 3233/4563/34
f 3233/4563/34 3232/4561/34 2535/4562/34
f 3233/4563/34 2535/4562/34 3234/4564/34
f 3234/4564/34 2535/4562/34 3235/4565/34
f 3233/4563/34 3234/4564/34 3236/4566/34
f 3233/4563/34 3236/4566/34 3237/4567/34
f 3236/4566/34 3234/4564/34 3238/4568/34
f 3236/4566/34 3238/4568/34 3239/4569/34
f 3238/4568/34 3234/4564/34 3240/4570/34
f 3239/4569/34 3238/4568/34 3241/4571/34
f 3238/4568/34 3240/4570/34 3242/4572/3101
f 3238/4568/34 3242/4572/3101 3241/4571/34
f 3000/4573/2876 2504/4574/2410 2998/4575/2874
f 2504/4574/2410 3000/4573/2876 2497/4576/2403
f 2497/4576/2403 3000/4573/2876 3243/4577/3102
f 2497/4576/2403 3243/4577/3102 2494/4578/2400
f 3243/4577/3102 3000/4573/2876 3244/4579/1717
f 3244/4579/1717 3000/4573/2876 2999/4580/2875
f 3244/4579/1717 2999/4580/2875 3147/4581/317
f 3243/4577/3102 3244/4579/1717 3245/4582/3103
f 3243/4577/3102 3245/4582/3103 2494/4578/2400
f 3244/4579/1717 3147/4581/317 3246/4583/3104
f 3244/4579/1717 3246/4583/3104 3245/4582/3103
f 2494/4578/2400 3245/4582/3103 3247/4584/3105
f 2494/4578/2400 3247/4584/3105 2492/4585/2398
f 3247/4584/3105 3245/4582/3103 3248/4586/3106
f 3248/4586/3106 3245/4582/3103 3246/4583/3104
f 2492/4585/2398 3247/4584/3105 3249/4587/3107
f 3246/4583/3104 3147/4581/317 3153/4588/3021
f 3153/4588/3021 3147/4581/317 3148/4589/3016
f 3246/4583/3104 3153/4588/3021 3154/4590/3022
f 3154/4590/3022 3153/4588/3021 3250/4591/3108
f 3250/4591/3108 3153/4588/3021 3152/4592/3020
f 3250/4591/3108 3152/4592/3020 3154/4590/3022
f 3246/4583/3104 3154/4590/3022 3155/4593/3023
f 3246/4583/3104 3155/4593/3023 3248/4586/3106
f 3251/4594/3109 3247/4584/3105 3248/4586/3106
f 3247/4584/3105 3251/4594/3109 3249/4587/3107
f 3248/4586/3106 3155/4593/3023 3162/4595/3030
f 3162/4595/3030 3155/4593/3023 3156/4596/3024
f 3251/4594/3109 3248/4586/3106 3252/4597/3110
f 3252/4597/3110 3248/4586/3106 3162/4595/3030
f 3251/4594/3109 3252/4597/3110 3249/4587/3107
f 3252/4597/3110 3162/4595/3030 3253/4598/3111
f 3252/4597/3110 3253/4598/3111 3249/4587/3107
f 3249/4587/3107 3253/4598/3111 3254/4599/3112
f 3249/4587/3107 3254/4599/3112 3255/4600/3113
f 3254/4599/3112 3253/4598/3111 3256/4601/3114
f 3249/4587/3107 3255/4600/3113 3257/4602/3115
f 3257/4602/3115 3255/4600/3113 3258/4603/3116
f 3249/4587/3107 3257/4602/3115 2492/4585/2398
f 3257/4602/3115 3258/4603/3116 2491/4604/2397
f 3257/4602/3115 2491/4604/2397 2492/4585/2398
f 3256/4601/3114 3253/4598/3111 3259/4605/3117
f 3259/4605/3117 3253/4598/3111 3162/4595/3030
f 3256/4601/3114 3259/4605/3117 3260/4606/2759
f 3259/4605/3117 3162/4595/3030 3261/4607/3118
f 3261/4607/3118 3162/4595/3030 3161/4608/3029
f 3261/4607/3118 3161/4608/3029 3259/4605/3117
f 3259/4605/3117 3161/4608/3029 3168/4609/3036
f 3259/4605/3117 3168/4609/3036 3260/4606/2759
f 3260/4606/2759 3168/4609/3036 3169/4610/3037
f 3262/4611/3119 2482/4612/2388 2483/4613/2389
f 2482/4612/2388 3262/4611/3119 3070/4614/2941
f 3262/4611/3119 2483/4613/2389 2488/4615/2394
f 3070/4614/2941 3262/4611/3119 3263/4616/3120
f 3070/4614/2941 3263/4616/3120 3071/4617/2942
f 3262/4611/3119 2488/4615/2394 3264/4618/3121
f 3262/4611/3119 3264/4618/3121 3263/4616/3120
f 3071/4617/2942 3263/4616/3120 3265/4619/3122
f 3265/4619/3122 3263/4616/3120 3264/4618/3121
f 3264/4618/3121 2488/4615/2394 3266/4620/3123
f 3266/4620/3123 2488/4615/2394 2491/4621/2397
f 3264/4618/3121 3266/4620/3123 3267/4622/3124
f 3267/4622/3124 3266/4620/3123 3268/4623/3125
f 3265/4619/3122 3264/4618/3121 3269/4624/3126
f 3269/4624/3126 3264/4618/3121 3267/4622/3124
f 3270/4625/3127 3271/4626/3128 3268/4623/3125
f 3268/4623/3125 3271/4626/3128 3267/4622/3124
f 3265/4619/3122 3269/4624/3126 3272/4627/3129
f 3265/4619/3122 3272/4627/3129 3273/4628/3130
f 3269/4624/3126 3267/4622/3124 3274/4629/3131
f 3267/4622/3124 3271/4626/3128 3275/4630/3132
f 3275/4630/3132 3271/4626/3128 3276/4631/3133
f 3274/4629/3131 3267/4622/3124 3277/4632/3134
f 3277/4632/3134 3267/4622/3124 3275/4630/3132
f 3269/4624/3126 3274/4629/3131 3278/4633/3135
f 3269/4624/3126 3278/4633/3135 3272/4627/3129
f 3274/4629/3131 3277/4632/3134 3279/4634/3136
f 3274/4629/3131 3279/4634/3136 3278/4633/3135
f 3275/4630/3132 3276/4631/3133 3280/4635/3137
f 3280/4635/3137 3276/4631/3133 3281/4636/3138
f 3277/4632/3134 3275/4630/3132 3282/4637/3139
f 3282/4637/3139 3275/4630/3132 3280/4635/3137
f 3280/4635/3137 3281/4636/3138 3283/4638/3140
f 3283/4638/3140 3281/4636/3138 3284/4639/3141
f 3280/4635/3137 3283/4638/3140 3282/4637/3139
f 3282/4637/3139 3283/4638/3140 3285/4640/3142
f 3285/4640/3142 3283/4638/3140 3286/4641/3143
f 3277/4632/3134 3282/4637/3139 3287/4642/3144
f 3285/4640/3142 3286/4641/3143 3288/4643/3145
f 3285/4640/3142 3288/4643/3145 3282/4637/3139
f 3282/4637/3139 3288/4643/3145 3287/4642/3144
f 3288/4643/3145 3286/4641/3143 3289/4644/3146
f 3277/4632/3134 3287/4642/3144 3279/4634/3136
f 3288/4643/3145 3289/4644/3146 3290/4645/3147
f 3290/4645/3147 3289/4644/3146 3291/4646/3148
f 3287/4642/3144 3288/4643/3145 3292/4647/3149
f 3292/4647/3149 3288/4643/3145 3290/4645/3147
f 3279/4634/3136 3287/4642/3144 3293/4648/3150
f 3290/4645/3147 3291/4646/3148 3294/4649/3151
f 3290/4645/3147 3294/4649/3151 3292/4647/3149
f 3292/4647/3149 3294/4649/3151 3287/4642/3144
f 3287/4642/3144 3294/4649/3151 3293/4648/3150
f 3293/4648/3150 3294/4649/3151 3279/4634/3136
f 3294/4649/3151 3291/4646/3148 3295/4650/3152
f 3279/4634/3136 3294/4649/3151 3296/4651/3153
f 3279/4634/3136 3296/4651/3153 3278/4633/3135
f 3297/4652/3154 3294/4649/3151 3298/4653/3155
f 3294/4649/3151 3297/4652/3154 3299/4654/3156
f 3294/4649/3151 3299/4654/3156 3296/4651/3153
f 3278/4633/3135 3296/4651/3153 3300/4655/3157
f 3300/4655/3157 3296/4651/3153 3299/4654/3156
f 3278/4633/3135 3300/4655/3157 3272/4627/3129
f 3300/4655/3157 3299/4654/3156 3301/4656/3158
f 3272/4627/3129 3300/4655/3157 3302/4657/3159
f 3302/4657/3159 3300/4655/3157 3301/4656/3158
f 3303/4658/3160 3266/4659/3123 2491/4660/2397
f 3303/4658/3160 2491/4660/2397 3258/4661/3116
f 3270/4662/3127 3268/4663/3125 3266/4659/3123
f 3270/4662/3127 3266/4659/3123 3303/4658/3160
f 3303/4658/3160 3258/4661/3116 3304/4664/3161
f 3304/4664/3161 3258/4661/3116 3255/4665/3113
f 3303/4658/3160 3304/4664/3161 3305/4666/3162
f 3305/4666/3162 3304/4664/3161 3255/4665/3113
f 3270/4662/3127 3303/4658/3160 3306/4667/3163
f 3306/4667/3163 3303/4658/3160 3305/4666/3162
f 3270/4662/3127 3306/4667/3163 3307/4668/3164
f 3270/4662/3127 3307/4668/3164 3271/4669/3128
f 3306/4667/3163 3305/4666/3162 3308/4670/3165
f 3271/4669/3128 3307/4668/3164 3276/4671/3133
f 3305/4666/3162 3255/4665/3113 3309/4672/3166
f 3309/4672/3166 3255/4665/3113 3254/4673/3112
f 3305/4666/3162 3309/4672/3166 3310/4674/3167
f 3305/4666/3162 3310/4674/3167 3308/4670/3165
f 3309/4672/3166 3254/4673/3112 3311/4675/3168
f 3309/4672/3166 3311/4675/3168 3310/4674/3167
f 3311/4675/3168 3254/4673/3112 3312/4676/3169
f 3312/4676/3169 3254/4673/3112 3256/4677/3114
f 3310/4674/3167 3311/4675/3168 3313/4678/3170
f 3310/4674/3167 3313/4678/3170 3314/4679/3171
f 3310/4674/3167 3314/4679/3171 3315/4680/3172
f 3310/4674/3167 3315/4680/3172 3308/4670/3165
f 3308/4670/3165 3315/4680/3172 3316/4681/3173
f 3316/4681/3173 3315/4680/3172 3317/4682/3174
f 3308/4670/3165 3316/4681/3173 3318/4683/3175
f 3316/4681/3173 3317/4682/3174 3319/4684/3176
f 3316/4681/3173 3319/4684/3176 3318/4683/3175
f 3319/4684/3176 3317/4682/3174 3320/4685/3177
f 3320/4685/3177 3317/4682/3174 3321/4686/3178
f 3318/4683/3175 3319/4684/3176 3322/4687/3179
f 3308/4670/3165 3318/4683/3175 3323/4688/3180
f 3323/4688/3180 3318/4683/3175 3322/4687/3179
f 3308/4670/3165 3323/4688/3180 3306/4667/3163
f 3306/4667/3163 3323/4688/3180 3307/4668/3164
f 3323/4688/3180 3322/4687/3179 3324/4689/3181
f 3323/4688/3180 3324/4689/3181 3307/4668/3164
f 3307/4668/3164 3324/4689/3181 3325/4690/3182
f 3307/4668/3164 3325/4690/3182 3276/4671/3133
f 3325/4690/3182 3324/4689/3181 3326/4691/3183
f 3325/4690/3182 3326/4691/3183 3276/4671/3133
f 3326/4691/3183 3324/4689/3181 3322/4687/3179
f 3276/4671/3133 3326/4691/3183 3327/4692/3184
f 3276/4671/3133 3327/4692/3184 3281/4693/3138
f 3326/4691/3183 3322/4687/3179 3328/4694/3185
f 3328/4694/3185 3322/4687/3179 3319/4684/3176
f 3328/4694/3185 3319/4684/3176 3320/4685/3177
f 3281/4693/3138 3327/4692/3184 3284/4695/3141
f 3327/4692/3184 3326/4691/3183 3329/4696/3186
f 3329/4696/3186 3326/4691/3183 3328/4694/3185
f 3327/4692/3184 3329/4696/3186 3284/4695/3141
f 3328/4694/3185 3320/4685/3177 3330/4697/3187
f 3328/4694/3185 3330/4697/3187 3329/4696/3186
f 3330/4697/3187 3320/4685/3177 3331/4698/3188
f 3330/4697/3187 3331/4698/3188 3332/4699/3189
f 3329/4696/3186 3330/4697/3187 3333/4700/819
f 3333/4700/819 3330/4697/3187 3332/4699/3189
f 3329/4696/3186 3333/4700/819 3284/4695/3141
f 3333/4700/819 3332/4699/3189 3334/4701/3190
f 3284/4695/3141 3333/4700/819 3335/4702/3191
f 3335/4702/3191 3333/4700/819 3334/4701/3190
f 3284/4695/3141 3335/4702/3191 3286/4703/3143
f 3286/4703/3143 3335/4702/3191 3334/4701/3190
f 3284/4695/3141 3286/4703/3143 3283/4704/3140
f 3286/4703/3143 3334/4701/3190 3289/4705/3146
f 3289/4705/3146 3334/4701/3190 3336/4706/3192
f 3068/4707/2939 3069/4708/2940 3071/4709/2942
f 3068/4707/2939 3071/4709/2942 3337/4710/3193
f 3337/4710/3193 3071/4709/2942 3273/4711/3130
f 3273/4711/3130 3071/4709/2942 3265/4712/3122
f 3337/4710/3193 3273/4711/3130 3338/4713/3194
f 3337/4710/3193 3338/4713/3194 3339/4714/3195
f 3338/4713/3194 3273/4711/3130 3302/4715/3159
f 3302/4715/3159 3273/4711/3130 3272/4716/3129
f 3339/4714/3195 3338/4713/3194 3340/4717/1163
f 3340/4717/1163 3338/4713/3194 3302/4715/3159
f 3340/4717/1163 3302/4715/3159 3301/4718/3158
f 3340/4717/1163 3301/4718/3158 3299/4719/3156
f 3340/4717/1163 3299/4719/3156 3341/4720/3196
f 3024/4721/2899 3075/4722/2946 3025/4723/2900
f 3025/4723/2900 3075/4722/2946 3342/4724/3197
f 3025/4723/2900 3342/4724/3197 3029/4725/2904
f 3342/4724/3197 3075/4722/2946 3079/4726/2950
f 3029/4725/2904 3342/4724/3197 3034/4727/2909
f 3342/4724/3197 3079/4726/2950 3343/4728/3198
f 3034/4727/2909 3342/4724/3197 3344/4729/3199
f 3344/4729/3199 3342/4724/3197 3343/4728/3198
f 3034/4727/2909 3344/4729/3199 3037/4730/2912
f 3343/4728/3198 3079/4726/2950 3081/4731/2952
f 3344/4729/3199 3343/4728/3198 3345/4732/3200
f 3345/4732/3200 3343/4728/3198 3081/4731/2952
f 3344/4729/3199 3345/4732/3200 3346/4733/3201
f 3344/4729/3199 3346/4733/3201 3037/4730/2912
f 3345/4732/3200 3081/4731/2952 3347/4734/3202
f 3345/4732/3200 3347/4734/3202 3346/4733/3201
f 3037/4730/2912 3346/4733/3201 3348/4735/3203
f 3348/4735/3203 3346/4733/3201 3347/4734/3202
f 3037/4730/2912 3348/4735/3203 3038/4736/2913
f 3038/4736/2913 3348/4735/3203 3047/4737/2270
f 3047/4737/2270 3348/4735/3203 3349/4738/3204
f 3349/4738/3204 3348/4735/3203 3347/4734/3202
f 3047/4737/2270 3349/4738/3204 3350/4739/3205
f 3350/4739/3205 3349/4738/3204 3351/4740/3206
f 3351/4740/3206 3349/4738/3204 3352/4741/3207
f 3353/4742/3208 3354/4743/3209 3352/4741/3207
f 3349/4738/3204 3347/4734/3202 3355/4744/3210
f 3352/4741/3207 3349/4738/3204 3356/4745/3211
f 3356/4745/3211 3349/4738/3204 3355/4744/3210
f 3352/4741/3207 3356/4745/3211 3357/4746/3212
f 3352/4741/3207 3357/4746/3212 3353/4742/3208
f 3356/4745/3211 3355/4744/3210 3358/4747/3213
f 3356/4745/3211 3358/4747/3213 3357/4746/3212
f 3355/4744/3210 3347/4734/3202 3359/4748/3214
f 3359/4748/3214 3347/4734/3202 3081/4731/2952
f 3358/4747/3213 3355/4744/3210 3360/4749/3215
f 3360/4749/3215 3355/4744/3210 3359/4748/3214
f 3357/4746/3212 3358/4747/3213 3361/4750/3216
f 3361/4750/3216 3358/4747/3213 3360/4749/3215
f 3362/4751/3217 3353/4742/3208 3357/4746/3212
f 3362/4751/3217 3357/4746/3212 3361/4750/3216
f 3353/4742/3208 3362/4751/3217 3363/4752/3218
f 3363/4752/3218 3362/4751/3217 3364/4753/3219
f 3364/4753/3219 3362/4751/3217 3365/4754/3220
f 3365/4754/3220 3362/4751/3217 3361/4750/3216
f 3364/4753/3219 3365/4754/3220 3366/4755/3221
f 3367/4756/3222 3361/4750/3216 3360/4749/3215
f 3361/4750/3216 3367/4756/3222 3365/4754/3220
f 3366/4755/3221 3365/4754/3220 3368/4757/3223
f 3368/4757/3223 3365/4754/3220 3367/4756/3222
f 3366/4755/3221 3368/4757/3223 3369/4758/3224
f 3367/4756/3222 3360/4749/3215 3370/4759/3225
f 3370/4759/3225 3360/4749/3215 3359/4748/3214
f 3369/4758/3224 3368/4757/3223 3371/4760/3226
f 3369/4758/3224 3371/4760/3226 3372/4761/3227
f 3372/4761/3227 3371/4760/3226 3373/4762/3228
f 3371/4760/3226 3368/4757/3223 3374/4763/3229
f 3373/4762/3228 3371/4760/3226 3375/4764/3230
f 3375/4764/3230 3371/4760/3226 3374/4763/3229
f 3374/4763/3229 3368/4757/3223 3376/4765/3231
f 3376/4765/3231 3368/4757/3223 3367/4756/3222
f 3374/4763/3229 3376/4765/3231 3375/4764/3230
f 3373/4762/3228 3375/4764/3230 3093/4766/2963
f 3373/4762/3228 3093/4766/2963 3095/4767/2965
f 3093/4766/2963 3375/4764/3230 3084/4768/2955
f 3084/4768/2955 3375/4764/3230 3082/4769/2953
f 3082/4769/2953 3375/4764/3230 3376/4765/3231
f 3376/4765/3231 3367/4756/3222 3377/4770/3232
f 3376/4765/3231 3377/4770/3232 3082/4769/2953
f 3377/4770/3232 3367/4756/3222 3370/4759/3225
f 3082/4769/2953 3377/4770/3232 3378/4771/3233
f 3378/4771/3233 3377/4770/3232 3370/4759/3225
f 3082/4769/2953 3378/4771/3233 3080/4772/2951
f 3378/4771/3233 3370/4759/3225 3359/4748/3214
f 3080/4772/2951 3378/4771/3233 3081/4731/2952
f 3081/4731/2952 3378/4771/3233 3359/4748/3214
f 2712/4773/2608 2983/4774/2858 2710/4775/2606
f 2710/4775/2606 2983/4774/2858 3007/4776/536
f 3007/4776/536 2983/4774/2858 2975/4777/2850
f 2983/4774/2858 2712/4773/2608 3011/4778/2886
f 3011/4778/2886 2712/4773/2608 3379/4779/3234
f 3011/4778/2886 3379/4779/3234 2987/4780/2862
f 3011/4778/2886 2987/4780/2862 2982/4781/2857
f 2987/4780/2862 3379/4779/3234 3380/4782/3235
f 3380/4782/3235 3379/4779/3234 2712/4773/2608
f 3380/4782/3235 2712/4773/2608 2714/4783/2610
f 3381/4784/3236 3299/4785/3156 3297/4786/3154
f 3299/4785/3156 3381/4784/3236 3382/4787/3237
f 3381/4784/3236 3297/4786/3154 3298/4788/3155
f 3381/4784/3236 3298/4788/3155 3383/4789/3238
f 3235/4790/34 2535/4791/34 2941/4792/34
f 3235/4790/34 2941/4792/34 3050/4793/34
f 3384/4794/3239 3291/4795/3148 3289/4796/3146
f 3291/4795/3148 3384/4794/3239 3385/4797/3240
f 3291/4795/3148 3385/4797/3240 3295/4798/3152
f 3384/4794/3239 3289/4796/3146 3386/4799/3241
f 3384/4794/3239 3386/4799/3241 3385/4797/3240
f 3295/4798/3152 3385/4797/3240 3387/4800/3242
f 3386/4799/3241 3289/4796/3146 3336/4801/3192
f 3385/4797/3240 3386/4799/3241 3388/4802/3243
f 3388/4802/3243 3386/4799/3241 3336/4801/3192
f 3385/4797/3240 3388/4802/3243 3389/4803/3244
f 3389/4803/3244 3388/4802/3243 3336/4801/3192
f 3385/4797/3240 3389/4803/3244 3387/4800/3242
f 3387/4800/3242 3389/4803/3244 3390/4804/3245
f 3387/4800/3242 3390/4804/3245 3391/4805/3246
f 3391/4805/3246 3390/4804/3245 3392/4806/3247
f 3392/4806/3247 3390/4804/3245 3393/4807/3248
f 3389/4803/3244 3336/4801/3192 3394/4808/3244
f 3389/4803/3244 3394/4808/3244 3390/4804/3245
f 3394/4808/3244 3336/4801/3192 3395/4809/3249
f 3395/4809/3249 3336/4801/3192 3334/4810/3190
f 3395/4809/3249 3334/4810/3190 3332/4811/3189
f 3395/4809/3249 3332/4811/3189 3394/4808/3244
f 3396/4812/3250 3397/4813/3251 3393/4807/3248
f 3396/4812/3250 3393/4807/3248 3390/4804/3245
f 3396/4812/3250 3390/4804/3245 3398/4814/3252
f 3398/4814/3252 3390/4804/3245 3399/4815/3253
f 3399/4815/3253 3390/4804/3245 3400/4816/3254
f 3400/4816/3254 3390/4804/3245 3394/4808/3244
f 3398/4814/3252 3399/4815/3253 3401/4817/3255
f 3400/4816/3254 3394/4808/3244 3402/4818/3256
f 3399/4815/3253 3400/4816/3254 3403/4819/3257
f 3403/4819/3257 3400/4816/3254 3402/4818/3256
f 3399/4815/3253 3403/4819/3257 3401/4817/3255
f 3403/4819/3257 3402/4818/3256 3394/4808/3244
f 3398/4814/3252 3401/4817/3255 3404/4820/3258
f 3398/4814/3252 3404/4820/3258 3396/4812/3250
f 3401/4817/3255 3403/4819/3257 3405/4821/3259
f 3401/4817/3255 3405/4821/3259 3404/4820/3258
f 3403/4819/3257 3394/4808/3244 3406/4822/1004
f 3406/4822/1004 3394/4808/3244 3332/4811/3189
f 3405/4821/3259 3403/4819/3257 3407/4823/3260
f 3407/4823/3260 3403/4819/3257 3406/4822/1004
f 3406/4822/1004 3332/4811/3189 3408/4824/3261
f 3406/4822/1004 3408/4824/3261 3407/4823/3260
f 3408/4824/3261 3332/4811/3189 3331/4825/3188
f 3405/4821/3259 3407/4823/3260 3409/4826/3262
f 3405/4821/3259 3409/4826/3262 3404/4820/3258
f 3407/4823/3260 3408/4824/3261 3410/4827/3263
f 3407/4823/3260 3410/4827/3263 3409/4826/3262
f 3408/4824/3261 3331/4825/3188 3411/4828/3264
f 3411/4828/3264 3331/4825/3188 3412/4829/3265
f 3408/4824/3261 3411/4828/3264 3413/4830/3266
f 3408/4824/3261 3413/4830/3266 3410/4827/3263
f 3413/4830/3266 3411/4828/3264 3412/4829/3265
f 3412/4829/3265 3331/4825/3188 3320/4831/3177
f 3410/4827/3263 3413/4830/3266 3414/4832/3267
f 3412/4829/3265 3320/4831/3177 3415/4833/3268
f 3415/4833/3268 3320/4831/3177 3321/4834/3178
f 3413/4830/3266 3412/4829/3265 3416/4835/3269
f 3413/4830/3266 3416/4835/3269 3414/4832/3267
f 3410/4827/3263 3414/4832/3267 3417/4836/3270
f 3417/4836/3270 3414/4832/3267 3416/4835/3269
f 3410/4827/3263 3417/4836/3270 3409/4826/3262
f 3415/4833/3268 3321/4834/3178 3418/4837/3271
f 3412/4829/3265 3415/4833/3268 3419/4838/3272
f 3412/4829/3265 3419/4838/3272 3416/4835/3269
f 3419/4838/3272 3415/4833/3268 3418/4837/3271
f 3418/4837/3271 3321/4834/3178 3317/4839/3174
f 3419/4838/3272 3418/4837/3271 3420/4840/3273
f 3419/4838/3272 3420/4840/3273 3416/4835/3269
f 3418/4837/3271 3317/4839/3174 3421/4841/3274
f 3421/4841/3274 3317/4839/3174 3315/4842/3172
f 3420/4840/3273 3418/4837/3271 3422/4843/3275
f 3422/4843/3275 3418/4837/3271 3421/4841/3274
f 3416/4835/3269 3420/4840/3273 3423/4844/3276
f 3420/4840/3273 3422/4843/3275 3424/4845/3277
f 3420/4840/3273 3424/4845/3277 3423/4844/3276
f 3422/4843/3275 3421/4841/3274 3425/4846/3278
f 3422/4843/3275 3425/4846/3278 3424/4845/3277
f 3421/4841/3274 3315/4842/3172 3426/4847/3279
f 3421/4841/3274 3426/4847/3279 3425/4846/3278
f 3426/4847/3279 3315/4842/3172 3314/4848/3171
f 3426/4847/3279 3314/4848/3171 3427/4849/3280
f 3427/4849/3280 3314/4848/3171 3313/4850/3170
f 3428/4851/3281 3423/4844/3276 3424/4845/3277
f 3423/4844/3276 3428/4851/3281 3416/4835/3269
f 3428/4851/3281 3424/4845/3277 3429/4852/3282
f 3429/4852/3282 3424/4845/3277 3425/4846/3278
f 3428/4851/3281 3429/4852/3282 3430/4853/3283
f 3430/4853/3283 3429/4852/3282 3425/4846/3278
f 3416/4835/3269 3428/4851/3281 3431/4854/3284
f 3431/4854/3284 3428/4851/3281 3430/4853/3283
f 3416/4835/3269 3431/4854/3284 3432/4855/3285
f 3416/4835/3269 3432/4855/3285 3417/4836/3270
f 3417/4836/3270 3432/4855/3285 3433/4856/3286
f 3432/4855/3285 3431/4854/3284 3434/4857/3287
f 3432/4855/3285 3434/4857/3287 3433/4856/3286
f 3434/4857/3287 3431/4854/3284 3430/4853/3283
f 3417/4836/3270 3433/4856/3286 3409/4826/3262
f 3409/4826/3262 3433/4856/3286 3434/4857/3287
f 3409/4826/3262 3434/4857/3287 3435/4858/3288
f 3409/4826/3262 3435/4858/3288 3436/4859/3289
f 3436/4859/3289 3435/4858/3288 3434/4857/3287
f 3409/4826/3262 3436/4859/3289 3404/4820/3258
f 3434/4857/3287 3430/4853/3283 3437/4860/3290
f 3434/4857/3287 3437/4860/3290 3436/4859/3289
f 3438/4861/3291 3430/4853/3283 3425/4846/3278
f 3430/4853/3283 3438/4861/3291 3437/4860/3290
f 3438/4861/3291 3425/4846/3278 3439/4862/3292
f 3436/4859/3289 3437/4860/3290 3440/4863/3293
f 3436/4859/3289 3440/4863/3293 3404/4820/3258
f 3437/4860/3290 3438/4861/3291 3441/4864/3294
f 3441/4864/3294 3438/4861/3291 3439/4862/3292
f 3439/4862/3292 3425/4846/3278 3442/4865/3295
f 3442/4865/3295 3425/4846/3278 3426/4847/3279
f 3442/4865/3295 3426/4847/3279 3427/4849/3280
f 3439/4862/3292 3442/4865/3295 3443/4866/1061
f 3443/4866/1061 3442/4865/3295 3427/4849/3280
f 3441/4864/3294 3439/4862/3292 3444/4867/3296
f 3444/4867/3296 3439/4862/3292 3443/4866/1061
f 3444/4867/3296 3443/4866/1061 3445/4868/3297
f 3444/4867/3296 3445/4868/3297 3446/4869/3298
f 3444/4867/3296 3446/4869/3298 3441/4864/3294
f 3445/4868/3297 3443/4866/1061 3447/4870/2443
f 3443/4866/1061 3427/4849/3280 3448/4871/3299
f 3443/4866/1061 3448/4871/3299 3447/4870/2443
f 3448/4871/3299 3427/4849/3280 3449/4872/3300
f 3449/4872/3300 3427/4849/3280 3313/4850/3170
f 3449/4872/3300 3313/4850/3170 3311/4873/3168
f 3449/4872/3300 3311/4873/3168 3312/4874/3169
f 3448/4871/3299 3449/4872/3300 3450/4875/3301
f 3450/4875/3301 3449/4872/3300 3312/4874/3169
f 3448/4871/3299 3450/4875/3301 3447/4870/2443
f 3451/4876/3302 3445/4868/3297 3447/4870/2443
f 3445/4868/3297 3451/4876/3302 3446/4869/3298
f 3447/4870/2443 3450/4875/3301 3452/4877/3303
f 3447/4870/2443 3452/4877/3303 3451/4876/3302
f 3450/4875/3301 3312/4874/3169 3453/4878/3304
f 3453/4878/3304 3312/4874/3169 3256/4879/3114
f 3450/4875/3301 3453/4878/3304 3454/4880/3305
f 3450/4875/3301 3454/4880/3305 3452/4877/3303
f 3453/4878/3304 3256/4879/3114 3455/4881/3306
f 3453/4878/3304 3455/4881/3306 3454/4880/3305
f 3451/4876/3302 3452/4877/3303 3456/4882/3307
f 3451/4876/3302 3456/4882/3307 3457/4883/3308
f 3456/4882/3307 3452/4877/3303 3458/4884/3309
f 3456/4882/3307 3458/4884/3309 3457/4883/3308
f 3451/4876/3302 3457/4883/3308 3459/4885/3310
f 3451/4876/3302 3459/4885/3310 3446/4869/3298
f 3459/4885/3310 3457/4883/3308 3458/4884/3309
f 3446/4869/3298 3459/4885/3310 3460/4886/3311
f 3458/4884/3309 3452/4877/3303 3461/4887/3312
f 3461/4887/3312 3452/4877/3303 3454/4880/3305
f 3459/4885/3310 3458/4884/3309 3462/4888/3313
f 3459/4885/3310 3462/4888/3313 3460/4886/3311
f 3458/4884/3309 3461/4887/3312 3463/4889/3314
f 3458/4884/3309 3463/4889/3314 3462/4888/3313
f 3461/4887/3312 3454/4880/3305 3464/4890/3315
f 3446/4869/3298 3460/4886/3311 3465/4891/3316
f 3446/4869/3298 3465/4891/3316 3441/4864/3294
f 3460/4886/3311 3462/4888/3313 3466/4892/3317
f 3464/4890/3315 3454/4880/3305 3467/4893/3318
f 3441/4864/3294 3465/4891/3316 3468/4894/3319
f 3441/4864/3294 3468/4894/3319 3469/4895/3320
f 3441/4864/3294 3469/4895/3320 3437/4860/3290
f 3468/4894/3319 3465/4891/3316 3470/4896/3321
f 3468/4894/3319 3470/4896/3321 3469/4895/3320
f 3437/4860/3290 3469/4895/3320 3471/4897/3322
f 3471/4897/3322 3469/4895/3320 3470/4896/3321
f 3437/4860/3290 3471/4897/3322 3440/4863/3293
f 3471/4897/3322 3470/4896/3321 3472/4898/3323
f 3440/4863/3293 3471/4897/3322 3473/4899/3324
f 3440/4863/3293 3473/4899/3324 3474/4900/3325
f 3440/4863/3293 3474/4900/3325 3404/4820/3258
f 3473/4899/3324 3471/4897/3322 3475/4901/3326
f 3473/4899/3324 3475/4901/3326 3474/4900/3325
f 3475/4901/3326 3471/4897/3322 3472/4898/3323
f 3474/4900/3325 3475/4901/3326 3404/4820/3258
f 3476/4902/3327 3472/4898/3323 3470/4896/3321
f 3472/4898/3323 3476/4902/3327 3475/4901/3326
f 3476/4902/3327 3470/4896/3321 3477/4903/3328
f 3477/4903/3328 3470/4896/3321 3465/4891/3316
f 3475/4901/3326 3476/4902/3327 3478/4904/3329
f 3478/4904/3329 3476/4902/3327 3477/4903/3328
f 3404/4820/3258 3475/4901/3326 3479/4905/3330
f 3479/4905/3330 3475/4901/3326 3478/4904/3329
f 3404/4820/3258 3479/4905/3330 3396/4812/3250
f 3396/4812/3250 3479/4905/3330 3480/4906/3331
f 3480/4906/3331 3479/4905/3330 3481/4907/3332
f 3481/4907/3332 3479/4905/3330 3478/4904/3329
f 3478/4904/3329 3477/4903/3328 3482/4908/3333
f 3482/4908/3333 3477/4903/3328 3483/4909/3334
f 3483/4909/3334 3477/4903/3328 3465/4891/3316
f 3483/4909/3334 3465/4891/3316 3460/4886/3311
f 3483/4909/3334 3460/4886/3311 3484/4910/3335
f 3483/4909/3334 3484/4910/3335 3485/4911/3336
f 3484/4910/3335 3460/4886/3311 3466/4892/3317
f 3485/4911/3336 3484/4910/3335 3486/4912/3337
f 3485/4911/3336 3486/4912/3337 3487/4913/3338
f 3487/4913/3338 3486/4912/3337 3488/4914/3339
f 3486/4912/3337 3484/4910/3335 3489/4915/3340
f 3489/4915/3340 3484/4910/3335 3466/4892/3317
f 3488/4914/3339 3486/4912/3337 3490/4916/3341
f 3486/4912/3337 3489/4915/3340 3491/4917/3342
f 3486/4912/3337 3491/4917/3342 3490/4916/3341
f 3491/4917/3342 3489/4915/3340 3466/4892/3317
f 3490/4916/3341 3491/4917/3342 3492/4918/3343
f 3490/4916/3341 3492/4918/3343 3493/4919/3344
f 3490/4916/3341 3493/4919/3344 3494/4920/3345
f 3492/4918/3343 3491/4917/3342 3495/4921/3346
f 3491/4917/3342 3466/4892/3317 3496/4922/3347
f 3491/4917/3342 3496/4922/3347 3495/4921/3346
f 3493/4919/3344 3492/4918/3343 3497/4923/3348
f 3497/4923/3348 3492/4918/3343 3495/4921/3346
f 3493/4919/3344 3497/4923/3348 3498/4924/3349
f 3493/4919/3344 3498/4924/3349 3499/4925/3350
f 3499/4925/3350 3498/4924/3349 3500/4926/3351
f 3500/4926/3351 3498/4924/3349 3501/4927/3352
f 3501/4927/3352 3498/4924/3349 3497/4923/3348
f 3501/4927/3352 3497/4923/3348 3495/4921/3346
f 3501/4927/3352 3495/4921/3346 3502/4928/3353
f 3502/4928/3353 3495/4921/3346 3496/4922/3347
f 3501/4927/3352 3502/4928/3353 3503/4929/3354
f 3503/4929/3354 3502/4928/3353 3496/4922/3347
f 3501/4927/3352 3503/4929/3354 3504/4930/3355
f 3504/4930/3355 3503/4929/3354 3505/4931/3356
f 3504/4930/3355 3505/4931/3356 3506/4932/3357
f 3506/4932/3357 3505/4931/3356 3507/4933/3358
f 3506/4932/3357 3507/4933/3358 3508/4934/3359
f 3507/4933/3358 3505/4931/3356 3509/4935/3360
f 3507/4933/3358 3509/4935/3360 3508/4934/3359
f 3506/4932/3357 3508/4934/3359 3510/4936/3361
f 3510/4936/3361 3508/4934/3359 3509/4935/3360
f 3506/4932/3357 3510/4936/3361 3511/4937/3362
f 3509/4935/3360 3505/4931/3356 3512/4938/3363
f 3512/4938/3363 3505/4931/3356 3503/4929/3354
f 3510/4936/3361 3509/4935/3360 3513/4939/3364
f 3513/4939/3364 3509/4935/3360 3512/4938/3363
f 3512/4938/3363 3503/4929/3354 3514/4940/3365
f 3512/4938/3363 3514/4940/3365 3513/4939/3364
f 3514/4940/3365 3503/4929/3354 3496/4922/3347
f 3510/4936/3361 3513/4939/3364 3515/4941/3366
f 3510/4936/3361 3515/4941/3366 3516/4942/3367
f 3516/4942/3367 3515/4941/3366 3513/4939/3364
f 3513/4939/3364 3514/4940/3365 3517/4943/3368
f 3513/4939/3364 3517/4943/3368 3518/4944/3369
f 3518/4944/3369 3517/4943/3368 3519/4945/3370
f 3514/4940/3365 3496/4922/3347 3520/4946/3371
f 3520/4946/3371 3496/4922/3347 3466/4892/3317
f 3520/4946/3371 3466/4892/3317 3462/4888/3313
f 3520/4946/3371 3462/4888/3313 3463/4889/3314
f 3519/4945/3370 3517/4943/3368 3521/4947/3344
f 3519/4945/3370 3521/4947/3344 3522/4948/3372
f 3514/4940/3365 3520/4946/3371 3523/4949/3373
f 3523/4949/3373 3520/4946/3371 3463/4889/3314
f 3524/4950/3374 3517/4943/3368 3514/4940/3365
f 3524/4950/3374 3514/4940/3365 3523/4949/3373
f 3522/4948/3372 3521/4947/3344 3525/4951/3375
f 3522/4948/3372 3525/4951/3375 3526/4952/3376
f 3527/4953/3377 3521/4947/3344 3517/4943/3368
f 3527/4953/3377 3517/4943/3368 3524/4950/3374
f 3521/4947/3344 3527/4953/3377 3528/4954/3378
f 3521/4947/3344 3528/4954/3378 3525/4951/3375
f 3527/4953/3377 3524/4950/3374 3529/4955/3379
f 3528/4954/3378 3527/4953/3377 3530/4956/3380
f 3530/4956/3380 3527/4953/3377 3529/4955/3379
f 3525/4951/3375 3528/4954/3378 3531/4957/2581
f 3531/4957/2581 3528/4954/3378 3530/4956/3380
f 3530/4956/3380 3529/4955/3379 3532/4958/3381
f 3530/4956/3380 3532/4958/3381 3531/4957/2581
f 3531/4957/2581 3532/4958/3381 3529/4955/3379
f 3533/4959/3382 3529/4955/3379 3524/4950/3374
f 3529/4955/3379 3533/4959/3382 3531/4957/2581
f 3533/4959/3382 3524/4950/3374 3523/4949/3373
f 3531/4957/2581 3533/4959/3382 3534/4960/3383
f 3533/4959/3382 3523/4949/3373 3535/4961/3384
f 3533/4959/3382 3535/4961/3384 3534/4960/3383
f 3535/4961/3384 3523/4949/3373 3463/4889/3314
f 3531/4957/2581 3534/4960/3383 3536/4962/3385
f 3536/4962/3385 3534/4960/3383 3535/4961/3384
f 3531/4957/2581 3536/4962/3385 3525/4951/3375
f 3535/4961/3384 3463/4889/3314 3537/4963/3386
f 3537/4963/3386 3463/4889/3314 3461/4887/3312
f 3536/4962/3385 3535/4961/3384 3538/4964/44
f 3538/4964/44 3535/4961/3384 3537/4963/3386
f 3525/4951/3375 3536/4962/3385 3539/4965/3387
f 3539/4965/3387 3536/4962/3385 3538/4964/44
f 3525/4951/3375 3539/4965/3387 3526/4952/3376
f 3526/4952/3376 3539/4965/3387 3540/4966/3388
f 3540/4966/3388 3539/4965/3387 3538/4964/44
f 3537/4963/3386 3461/4887/3312 3464/4890/3315
f 3540/4966/3388 3538/4964/44 3541/4967/3389
f 3540/4966/3388 3541/4967/3389 3542/4968/3390
f 3543/4969/3391 3538/4964/44 3537/4963/3386
f 3538/4964/44 3543/4969/3391 3541/4967/3389
f 3543/4969/3391 3537/4963/3386 3544/4970/3392
f 3544/4970/3392 3537/4963/3386 3464/4890/3315
f 3542/4968/3390 3541/4967/3389 3545/4971/3393
f 3541/4967/3389 3543/4969/3391 3546/4972/3394
f 3541/4967/3389 3546/4972/3394 3545/4971/3393
f 3546/4972/3394 3543/4969/3391 3544/4970/3392
f 3545/4971/3393 3546/4972/3394 3547/4973/3395
f 3547/4973/3395 3546/4972/3394 3544/4970/3392
f 3547/4973/3395 3544/4970/3392 3548/4974/3396
f 3545/4971/3393 3547/4973/3395 3197/4975/3065
f 3197/4975/3065 3547/4973/3395 3548/4974/3396
f 3545/4971/3393 3197/4975/3065 3196/4976/3064
f 3548/4974/3396 3544/4970/3392 3549/4977/3397
f 3548/4974/3396 3549/4977/3397 3197/4975/3065
f 3549/4977/3397 3544/4970/3392 3464/4890/3315
f 3197/4975/3065 3549/4977/3397 3195/4978/3063
f 3195/4978/3063 3549/4977/3397 3181/4979/3049
f 3181/4979/3049 3549/4977/3397 3464/4890/3315
f 3181/4979/3049 3464/4890/3315 3550/4980/244
f 3181/4979/3049 3550/4980/244 3173/4981/3041
f 3550/4980/244 3464/4890/3315 3467/4893/3318
f 3173/4981/3041 3550/4980/244 3551/4982/3398
f 3551/4982/3398 3550/4980/244 3467/4893/3318
f 3173/4981/3041 3551/4982/3398 3174/4983/3042
f 3551/4982/3398 3467/4893/3318 3552/4984/3399
f 3174/4983/3042 3551/4982/3398 3553/4985/3400
f 3553/4985/3400 3551/4982/3398 3552/4984/3399
f 3552/4984/3399 3467/4893/3318 3554/4986/3401
f 3552/4984/3399 3554/4986/3401 3553/4985/3400
f 3554/4986/3401 3467/4893/3318 3455/4881/3306
f 3455/4881/3306 3467/4893/3318 3454/4880/3305
f 3174/4983/3042 3553/4985/3400 3555/4987/3402
f 3555/4987/3402 3553/4985/3400 3554/4986/3401
f 3174/4983/3042 3555/4987/3402 3169/4988/3037
f 3554/4986/3401 3455/4881/3306 3556/4989/3403
f 3554/4986/3401 3556/4989/3403 3555/4987/3402
f 3555/4987/3402 3556/4989/3403 3557/4990/3404
f 3555/4987/3402 3557/4990/3404 3169/4988/3037
f 3169/4988/3037 3557/4990/3404 3558/4991/3405
f 3558/4991/3405 3557/4990/3404 3556/4989/3403
f 3169/4988/3037 3558/4991/3405 3260/4992/2759
f 3556/4989/3403 3455/4881/3306 3559/4993/3406
f 3556/4989/3403 3559/4993/3406 3558/4991/3405
f 3558/4991/3405 3559/4993/3406 3260/4992/2759
f 3559/4993/3406 3455/4881/3306 3256/4879/3114
f 3559/4993/3406 3256/4879/3114 3260/4992/2759
f 3295/4994/3152 3298/4995/3155 3294/4996/3151
f 3067/4997/2938 3068/4998/2939 3337/4999/3193
f 3067/4997/2938 3337/4999/3193 3339/5000/3195
f 3237/5001/34 2738/5002/34 2736/5003/34
f 3237/5001/34 2736/5003/34 3233/5004/34
f 2738/5002/34 3237/5001/34 3560/5005/34
f 2738/5002/34 3560/5005/34 2739/5006/34
f 3561/5007/3407 3340/5008/1163 3341/5009/3196
f 3562/5010/1045 3339/5011/3195 3340/5008/1163
f 3562/5010/1045 3340/5008/1163 3563/5012/3408
f 3563/5012/3408 3340/5008/1163 3561/5007/3407
f 3563/5012/3408 3561/5007/3407 3564/5013/3409
f 3564/5013/3409 3561/5007/3407 3341/5009/3196
f 3564/5013/3409 3341/5009/3196 3382/5014/3237
f 3382/5014/3237 3341/5009/3196 3299/5015/3156
f 2873/5016/2758 2714/5017/2610 2715/5018/2611
f 2714/5017/2610 2873/5016/2758 3565/5019/3410
f 3565/5019/3410 2873/5016/2758 3566/5020/3411
f 2714/5017/2610 3565/5019/3410 3380/5021/3235
f 3380/5021/3235 3565/5019/3410 3567/5022/3412
f 3380/5021/3235 3567/5022/3412 2987/5023/2862
f 2987/5023/2862 3567/5022/3412 2986/5024/2861
f 3383/5025/3238 3382/5026/3237 3381/5027/3236
f 3067/5028/2938 3064/5029/2935 3065/5030/2936
f 3064/5029/2935 3067/5028/2938 3568/5031/3413
f 3064/5029/2935 3568/5031/3413 3569/5032/3414
f 3064/5029/2935 3569/5032/3414 3063/5033/2934
f 3063/5033/2934 3569/5032/3414 3121/5034/2990
f 3569/5032/3414 3568/5031/3413 3570/5035/3415
f 3569/5032/3414 3570/5035/3415 3121/5034/2990
f 3568/5031/3413 3067/5028/2938 3571/5036/3416
f 3570/5035/3415 3568/5031/3413 3572/5037/3417
f 3572/5037/3417 3568/5031/3413 3571/5036/3416
f 3570/5035/3415 3572/5037/3417 3573/5038/3418
f 3570/5035/3415 3573/5038/3418 3121/5034/2990
f 3572/5037/3417 3571/5036/3416 3574/5039/3419
f 3571/5036/3416 3067/5028/2938 3575/5040/3420
f 3575/5040/3420 3067/5028/2938 3339/5041/3195
f 3574/5039/3419 3571/5036/3416 3576/5042/3421
f 3576/5042/3421 3571/5036/3416 3575/5040/3420
f 3575/5040/3420 3339/5041/3195 3562/5043/1045
f 3576/5042/3421 3575/5040/3420 3577/5044/3422
f 3576/5042/3421 3577/5044/3422 3574/5039/3419
f 3575/5040/3420 3562/5043/1045 3578/5045/3423
f 3575/5040/3420 3578/5045/3423 3577/5044/3422
f 3578/5045/3423 3562/5043/1045 3563/5046/3408
f 3578/5045/3423 3563/5046/3408 3564/5047/3409
f 3579/5048/3424 3572/5037/3417 3574/5039/3419
f 3572/5037/3417 3579/5048/3424 3573/5038/3418
f 3574/5039/3419 3577/5044/3422 3580/5049/3425
f 3577/5044/3422 3578/5045/3423 3581/5050/3426
f 3577/5044/3422 3581/5050/3426 3580/5049/3425
f 3574/5039/3419 3580/5049/3425 3582/5051/3427
f 3574/5039/3419 3582/5051/3427 3579/5048/3424
f 3580/5049/3425 3581/5050/3426 3583/5052/3428
f 3582/5051/3427 3580/5049/3425 3584/5053/3429
f 3584/5053/3429 3580/5049/3425 3583/5052/3428
f 3582/5051/3427 3584/5053/3429 3585/5054/3430
f 3582/5051/3427 3585/5054/3430 3579/5048/3424
f 3586/5055/3431 3581/5050/3426 3578/5045/3423
f 3581/5050/3426 3586/5055/3431 3583/5052/3428
f 3586/5055/3431 3578/5045/3423 3564/5047/3409
f 3583/5052/3428 3586/5055/3431 3587/5056/3432
f 3587/5056/3432 3586/5055/3431 3588/5057/3433
f 3588/5057/3433 3586/5055/3431 3564/5047/3409
f 3587/5056/3432 3588/5057/3433 3589/5058/3434
f 3590/5059/3435 3579/5048/3424 3585/5054/3430
f 3591/5060/3436 3592/5061/3437 3585/5054/3430
f 3585/5054/3430 3592/5061/3437 3593/5062/3438
f 3585/5054/3430 3593/5062/3438 3590/5059/3435
f 3579/5048/3424 3590/5059/3435 3594/5063/3439
f 3594/5063/3439 3590/5059/3435 3593/5062/3438
f 3579/5048/3424 3594/5063/3439 3573/5038/3418
f 3594/5063/3439 3593/5062/3438 3595/5064/3440
f 3573/5038/3418 3594/5063/3439 3596/5065/3441
f 3596/5065/3441 3594/5063/3439 3595/5064/3440
f 3595/5064/3440 3593/5062/3438 3597/5066/3442
f 3595/5064/3440 3597/5066/3442 3596/5065/3441
f 3597/5066/3442 3593/5062/3438 3598/5067/3443
f 3597/5066/3442 3598/5067/3443 3599/5068/3444
f 3597/5066/3442 3599/5068/3444 3600/5069/3445
f 3597/5066/3442 3600/5069/3445 3596/5065/3441
f 3600/5069/3445 3599/5068/3444 3601/5070/3446
f 3600/5069/3445 3601/5070/3446 3602/5071/3447
f 3600/5069/3445 3602/5071/3447 3596/5065/3441
f 3602/5071/3447 3601/5070/3446 3603/5072/3448
f 3596/5065/3441 3602/5071/3447 3604/5073/3449
f 3596/5065/3441 3604/5073/3449 3102/5074/2972
f 3605/5075/3450 3573/5038/3418 3596/5065/3441
f 3605/5075/3450 3596/5065/3441 3102/5074/2972
f 3573/5038/3418 3605/5075/3450 3121/5034/2990
f 3121/5034/2990 3605/5075/3450 3606/5076/3451
f 3606/5076/3451 3605/5075/3450 3607/5077/3452
f 3121/5034/2990 3606/5076/3451 3116/5078/2985
f 3116/5078/2985 3606/5076/3451 3607/5077/3452
f 3116/5078/2985 3607/5077/3452 3605/5075/3450
f 3116/5078/2985 3605/5075/3450 3102/5074/2972
f 3121/5034/2990 3116/5078/2985 3115/5079/2984
f 3116/5078/2985 3102/5074/2972 3108/5080/2977
f 2739/5081/34 3560/5082/34 2943/5083/34
f 3565/5084/3410 3566/5085/3411 3567/5086/3412
f 3608/5087/3453 2986/5088/2861 3567/5086/3412
f 3608/5087/3453 3567/5086/3412 3609/5089/3454
f 3608/5087/3453 3609/5089/3454 3610/5090/3455
f 3609/5089/3454 3567/5086/3412 3611/5091/3456
f 3611/5091/3456 3567/5086/3412 3612/5092/3457
f 3612/5092/3457 3567/5086/3412 3566/5085/3411
f 3609/5089/3454 3611/5091/3456 3613/5093/3458
f 3609/5089/3454 3613/5093/3458 3614/5094/3459
f 3613/5093/3458 3611/5091/3456 3615/5095/3460
f 3615/5095/3460 3611/5091/3456 3612/5092/3457
f 3614/5094/3459 3613/5093/3458 3616/5096/3461
f 3614/5094/3459 3616/5096/3461 3617/5097/3461
f 3617/5097/3461 3616/5096/3461 3618/5098/3462
f 3616/5096/3461 3613/5093/3458 3619/5099/3463
f 3619/5099/3463 3613/5093/3458 3615/5095/3460
f 3618/5098/3462 3616/5096/3461 3620/5100/3464
f 3616/5096/3461 3619/5099/3463 3621/5101/3465
f 3616/5096/3461 3621/5101/3465 3622/5102/3466
f 3616/5096/3461 3622/5102/3466 3620/5100/3464
f 3622/5102/3466 3621/5101/3465 3619/5099/3463
f 3620/5100/3464 3622/5102/3466 3623/5103/630
f 3620/5100/3464 3623/5103/630 3618/5098/3462
f 3622/5102/3466 3619/5099/3463 3624/5104/3467
f 3624/5104/3467 3619/5099/3463 3615/5095/3460
f 3622/5102/3466 3624/5104/3467 3625/5105/3468
f 3622/5102/3466 3625/5105/3468 3623/5103/630
f 3618/5098/3462 3623/5103/630 3626/5106/3469
f 3618/5098/3462 3626/5106/3469 3627/5107/3470
f 3627/5107/3470 3626/5106/3469 3628/5108/3471
f 3628/5108/3471 3626/5106/3469 3623/5103/630
f 3628/5108/3471 3623/5103/630 3629/5109/3472
f 3629/5109/3472 3623/5103/630 3625/5105/3468
f 3628/5108/3471 3629/5109/3472 3630/5110/3473
f 3628/5108/3471 3630/5110/3473 3631/5111/3474
f 3631/5111/3474 3630/5110/3473 3632/5112/3475
f 3632/5112/3475 3630/5110/3473 3633/5113/3476
f 3633/5113/3476 3630/5110/3473 3629/5109/3472
f 3632/5112/3475 3633/5113/3476 3634/5114/3477
f 3634/5114/3477 3633/5113/3476 3635/5115/3478
f 3636/5116/3479 3635/5115/3478 3637/5117/3480
f 3637/5117/3480 3635/5115/3478 3638/5118/3481
f 3637/5117/3480 3638/5118/3481 3639/5119/3482
f 3639/5119/3482 3638/5118/3481 3640/5120/3483
f 3638/5118/3481 3635/5115/3478 3641/5121/3484
f 3641/5121/3484 3635/5115/3478 3633/5113/3476
f 3640/5120/3483 3638/5118/3481 3642/5122/3485
f 3642/5122/3485 3638/5118/3481 3643/5123/3486
f 3643/5123/3486 3638/5118/3481 3641/5121/3484
f 3643/5123/3486 3641/5121/3484 3642/5122/3485
f 3640/5120/3483 3642/5122/3485 3644/5124/3487
f 3644/5124/3487 3642/5122/3485 3641/5121/3484
f 3640/5120/3483 3644/5124/3487 3645/5125/3488
f 3644/5124/3487 3641/5121/3484 3646/5126/3489
f 3646/5126/3489 3641/5121/3484 3633/5113/3476
f 3644/5124/3487 3646/5126/3489 3647/5127/3490
f 3647/5127/3490 3646/5126/3489 3633/5113/3476
f 3644/5124/3487 3647/5127/3490 3645/5125/3488
f 3645/5125/3488 3647/5127/3490 3648/5128/3491
f 3645/5125/3488 3648/5128/3491 3649/5129/3492
f 3649/5129/3492 3648/5128/3491 3650/5130/3493
f 3650/5130/3493 3648/5128/3491 3651/5131/3494
f 3651/5131/3494 3648/5128/3491 3647/5127/3490
f 3650/5130/3493 3651/5131/3494 3652/5132/3495
f 3647/5127/3490 3633/5113/3476 3653/5133/3496
f 3647/5127/3490 3653/5133/3496 3651/5131/3494
f 3653/5133/3496 3633/5113/3476 3654/5134/3497
f 3654/5134/3497 3633/5113/3476 3629/5109/3472
f 3651/5131/3494 3653/5133/3496 3655/5135/3498
f 3655/5135/3498 3653/5133/3496 3654/5134/3497
f 3652/5132/3495 3651/5131/3494 3656/5136/3499
f 3656/5136/3499 3651/5131/3494 3655/5135/3498
f 3654/5134/3497 3629/5109/3472 3657/5137/3500
f 3657/5137/3500 3629/5109/3472 3625/5105/3468
f 3654/5134/3497 3657/5137/3500 3658/5138/3501
f 3654/5134/3497 3658/5138/3501 3655/5135/3498
f 3657/5137/3500 3625/5105/3468 3659/5139/3502
f 3657/5137/3500 3659/5139/3502 3658/5138/3501
f 3655/5135/3498 3658/5138/3501 3660/5140/3503
f 3660/5140/3503 3658/5138/3501 3661/5141/3504
f 3661/5141/3504 3658/5138/3501 3659/5139/3502
f 3655/5135/3498 3660/5140/3503 3662/5142/3505
f 3662/5142/3505 3660/5140/3503 3663/5143/3506
f 3663/5143/3506 3660/5140/3503 3661/5141/3504
f 3655/5135/3498 3662/5142/3505 3664/5144/3507
f 3655/5135/3498 3664/5144/3507 3656/5136/3499
f 3662/5142/3505 3663/5143/3506 3665/5145/3508
f 3662/5142/3505 3665/5145/3508 3664/5144/3507
f 3665/5145/3508 3663/5143/3506 3666/5146/3509
f 3663/5143/3506 3661/5141/3504 3667/5147/3510
f 3663/5143/3506 3667/5147/3510 3666/5146/3509
f 3667/5147/3510 3661/5141/3504 3668/5148/3511
f 3668/5148/3511 3661/5141/3504 3669/5149/3512
f 3669/5149/3512 3661/5141/3504 3659/5139/3502
f 3669/5149/3512 3659/5139/3502 3670/5150/3513
f 3669/5149/3512 3670/5150/3513 3668/5148/3511
f 3670/5150/3513 3659/5139/3502 3671/5151/3514
f 3668/5148/3511 3670/5150/3513 3672/5152/3515
f 3672/5152/3515 3670/5150/3513 3671/5151/3514
f 3671/5151/3514 3659/5139/3502 3673/5153/2356
f 3673/5153/2356 3659/5139/3502 3625/5105/3468
f 3673/5153/2356 3625/5105/3468 3624/5104/3467
f 3673/5153/2356 3624/5104/3467 3674/5154/3516
f 3673/5153/2356 3674/5154/3516 3671/5151/3514
f 3674/5154/3516 3624/5104/3467 3615/5095/3460
f 3671/5151/3514 3674/5154/3516 3675/5155/3517
f 3675/5155/3517 3674/5154/3516 3615/5095/3460
f 3671/5151/3514 3675/5155/3517 3672/5152/3515
f 3675/5155/3517 3615/5095/3460 3612/5092/3457
f 3672/5152/3515 3675/5155/3517 3676/5156/3518
f 3676/5156/3518 3675/5155/3517 3612/5092/3457
f 3672/5152/3515 3676/5156/3518 3677/5157/3519
f 3676/5156/3518 3612/5092/3457 3678/5158/3520
f 3676/5156/3518 3678/5158/3520 3677/5157/3519
f 3678/5158/3520 3612/5092/3457 3566/5085/3411
f 3672/5152/3515 3677/5157/3519 3679/5159/3521
f 3679/5159/3521 3677/5157/3519 3678/5158/3520
f 3672/5152/3515 3679/5159/3521 3668/5148/3511
f 3668/5148/3511 3679/5159/3521 3680/5160/3522
f 3668/5148/3511 3680/5160/3522 3667/5147/3510
f 3679/5159/3521 3678/5158/3520 3681/5161/3523
f 3679/5159/3521 3681/5161/3523 3680/5160/3522
f 3667/5147/3510 3680/5160/3522 3682/5162/3524
f 3682/5162/3524 3680/5160/3522 3681/5161/3523
f 3667/5147/3510 3682/5162/3524 3666/5146/3509
f 3681/5161/3523 3678/5158/3520 3683/5163/3525
f 3683/5163/3525 3678/5158/3520 3684/5164/3526
f 3684/5164/3526 3678/5158/3520 3566/5085/3411
f 3681/5161/3523 3683/5163/3525 3685/5165/3527
f 3685/5165/3527 3683/5163/3525 3684/5164/3526
f 3685/5165/3527 3684/5164/3526 3681/5161/3523
f 3684/5164/3526 3566/5085/3411 2872/5166/2757
f 2872/5166/2757 3566/5085/3411 2873/5167/2758
f 3681/5161/3523 3684/5164/3526 3686/5168/3528
f 3686/5168/3528 3684/5164/3526 2872/5166/2757
f 3681/5161/3523 3686/5168/3528 3682/5162/3524
f 3682/5162/3524 3686/5168/3528 3666/5146/3509
f 3686/5168/3528 2872/5166/2757 2865/5169/2751
f 3686/5168/3528 2865/5169/2751 3666/5146/3509
f 3666/5146/3509 2865/5169/2751 3687/5170/3529
f 3687/5170/3529 2865/5169/2751 2859/5171/2745
f 3666/5146/3509 3687/5170/3529 3665/5145/3508
f 3687/5170/3529 2859/5171/2745 2850/5172/2736
f 3687/5170/3529 2850/5172/2736 3665/5145/3508
f 3665/5145/3508 2850/5172/2736 3664/5144/3507
f 3664/5144/3507 2850/5172/2736 2843/5173/2729
f 3664/5144/3507 2843/5173/2729 2841/5174/2727
f 3664/5144/3507 2841/5174/2727 3688/5175/3530
f 3664/5144/3507 3688/5175/3530 3656/5136/3499
f 3688/5175/3530 2841/5174/2727 2840/5176/2726
f 3656/5136/3499 3688/5175/3530 3652/5132/3495
f 3652/5132/3495 3688/5175/3530 2840/5176/2726
f 3652/5132/3495 2840/5176/2726 2836/5177/2722
f 2836/5177/2722 2840/5176/2726 2835/5178/2721
f 2985/5179/2860 2986/5180/2861 3608/5181/3453
f 2985/5179/2860 3608/5181/3453 3689/5182/3531
f 3689/5182/3531 3608/5181/3453 3610/5183/3455
f 3689/5182/3531 3610/5183/3455 3690/5184/3532
f 3690/5184/3532 3610/5183/3455 3691/5185/3533
f 3690/5184/3532 3691/5185/3533 3692/5186/3534
f 3690/5184/3532 3692/5186/3534 3689/5182/3531
f 2985/5179/2860 3689/5182/3531 3693/5187/3535
f 3693/5187/3535 3689/5182/3531 3692/5186/3534
f 3693/5187/3535 3692/5186/3534 3694/5188/3536
f 2985/5179/2860 3693/5187/3535 2984/5189/2859
f 2984/5189/2859 3693/5187/3535 3695/5190/3537
f 3695/5190/3537 3693/5187/3535 3696/5191/3538
f 2984/5189/2859 3695/5190/3537 3697/5192/3539
f 3697/5192/3539 3695/5190/3537 3698/5193/3540
f 2984/5189/2859 3697/5192/3539 2989/5194/2864
f 3697/5192/3539 3698/5193/3540 2993/5195/2868
f 3697/5192/3539 2993/5195/2868 2989/5194/2864
f 2989/5194/2864 2993/5195/2868 2990/5196/2865
f 3383/5197/3238 3298/5198/3155 3699/5199/3541
f 3699/5199/3541 3298/5198/3155 3295/5200/3152
f 3383/5197/3238 3699/5199/3541 3700/5201/3542
f 3383/5197/3238 3700/5201/3542 3382/5202/3237
f 3382/5202/3237 3700/5201/3542 3564/5047/3409
f 3700/5201/3542 3699/5199/3541 3701/5203/3543
f 3701/5203/3543 3699/5199/3541 3295/5200/3152
f 3564/5047/3409 3700/5201/3542 3702/5204/3544
f 3702/5204/3544 3700/5201/3542 3701/5203/3543
f 3564/5047/3409 3702/5204/3544 3588/5057/3433
f 3701/5203/3543 3295/5200/3152 3703/5205/3545
f 3588/5057/3433 3702/5204/3544 3704/5206/3546
f 3704/5206/3546 3702/5204/3544 3701/5203/3543
f 3703/5205/3545 3295/5200/3152 3387/5207/3242
f 3704/5206/3546 3701/5203/3543 3705/5208/3547
f 3705/5208/3547 3701/5203/3543 3703/5205/3545
f 3705/5208/3547 3703/5205/3545 3704/5206/3546
f 3588/5057/3433 3704/5206/3546 3706/5209/3548
f 3588/5057/3433 3706/5209/3548 3589/5058/3434
f 3589/5058/3434 3706/5209/3548 3707/5210/3549
f 3707/5210/3549 3706/5209/3548 3708/5211/3550
f 3708/5211/3550 3706/5209/3548 3709/5212/3551
f 3709/5212/3551 3706/5209/3548 3704/5206/3546
f 3709/5212/3551 3704/5206/3546 3703/5205/3545
f 3709/5212/3551 3703/5205/3545 3710/5213/3552
f 3710/5213/3552 3703/5205/3545 3387/5207/3242
f 3709/5212/3551 3710/5213/3552 3711/5214/3553
f 3710/5213/3552 3387/5207/3242 3391/5215/3246
f 3710/5213/3552 3391/5215/3246 3392/5216/3247
f 3102/5217/2972 3712/5218/1871 3099/5219/2969
f 3099/5219/2969 3712/5218/1871 3097/5220/2967
f 3712/5218/1871 3102/5217/2972 3604/5221/3449
f 3097/5220/2967 3712/5218/1871 3713/5222/3554
f 3713/5222/3554 3712/5218/1871 3604/5221/3449
f 3097/5220/2967 3713/5222/3554 3714/5223/3555
f 3097/5220/2967 3714/5223/3555 3094/5224/2964
f 3713/5222/3554 3604/5221/3449 3715/5225/3556
f 3713/5222/3554 3715/5225/3556 3714/5223/3555
f 3715/5225/3556 3604/5221/3449 3602/5226/3447
f 3094/5224/2964 3714/5223/3555 3095/5227/2965
f 3714/5223/3555 3715/5225/3556 3716/5228/3557
f 3716/5228/3557 3715/5225/3556 3602/5226/3447
f 3095/5227/2965 3714/5223/3555 3717/5229/3558
f 3717/5229/3558 3714/5223/3555 3716/5228/3557
f 3373/5230/3228 3095/5227/2965 3372/5231/3227
f 3372/5231/3227 3095/5227/2965 3718/5232/3559
f 3718/5232/3559 3095/5227/2965 3717/5229/3558
f 3372/5231/3227 3718/5232/3559 3719/5233/3560
f 3372/5231/3227 3719/5233/3560 3369/5234/3224
f 3718/5232/3559 3717/5229/3558 3720/5235/3561
f 3369/5234/3224 3719/5233/3560 3721/5236/3562
f 3369/5234/3224 3721/5236/3562 3366/5237/3221
f 3366/5237/3221 3721/5236/3562 3722/5238/3563
f 3722/5238/3563 3721/5236/3562 3719/5233/3560
f 3366/5237/3221 3722/5238/3563 3364/5239/3219
f 3720/5235/3561 3717/5229/3558 3723/5240/3564
f 3364/5239/3219 3722/5238/3563 3363/5241/3218
f 3718/5232/3559 3720/5235/3561 3724/5242/3565
f 3724/5242/3565 3720/5235/3561 3723/5240/3564
f 3725/5243/3566 3719/5233/3560 3718/5232/3559
f 3725/5243/3566 3718/5232/3559 3724/5242/3565
f 3726/5244/3567 3722/5238/3563 3719/5233/3560
f 3726/5244/3567 3719/5233/3560 3725/5243/3566
f 3727/5245/3568 3363/5241/3218 3722/5238/3563
f 3727/5245/3568 3722/5238/3563 3728/5246/3569
f 3728/5246/3569 3722/5238/3563 3726/5244/3567
f 3728/5246/3569 3726/5244/3567 3727/5245/3568
f 3363/5241/3218 3727/5245/3568 3729/5247/3570
f 3729/5247/3570 3727/5245/3568 3726/5244/3567
f 3726/5244/3567 3725/5243/3566 3730/5248/3571
f 3726/5244/3567 3730/5248/3571 3729/5247/3570
f 3730/5248/3571 3725/5243/3566 3724/5242/3565
f 3363/5241/3218 3729/5247/3570 3354/5249/3209
f 3363/5241/3218 3354/5249/3209 3353/5250/3208
f 3729/5247/3570 3730/5248/3571 3731/5251/3572
f 3731/5251/3572 3730/5248/3571 3724/5242/3565
f 3729/5247/3570 3731/5251/3572 3732/5252/3573
f 3729/5247/3570 3732/5252/3573 3354/5249/3209
f 3731/5251/3572 3724/5242/3565 3733/5253/3574
f 3732/5252/3573 3731/5251/3572 3734/5254/598
f 3734/5254/598 3731/5251/3572 3733/5253/3574
f 3733/5253/3574 3724/5242/3565 3735/5255/3575
f 3734/5254/598 3733/5253/3574 3736/5256/3576
f 3736/5256/3576 3733/5253/3574 3735/5255/3575
f 3732/5252/3573 3734/5254/598 3737/5257/3577
f 3737/5257/3577 3734/5254/598 3736/5256/3576
f 3738/5258/3578 3354/5249/3209 3732/5252/3573
f 3738/5258/3578 3732/5252/3573 3737/5257/3577
f 3735/5255/3575 3724/5242/3565 3723/5240/3564
f 3737/5257/3577 3736/5256/3576 3739/5259/3579
f 3737/5257/3577 3739/5259/3579 3738/5258/3578
f 3740/5260/3580 3736/5256/3576 3735/5255/3575
f 3738/5258/3578 3739/5259/3579 3741/5261/3581
f 3736/5256/3576 3740/5260/3580 3742/5262/3582
f 3736/5256/3576 3742/5262/3582 3739/5259/3579
f 3742/5262/3582 3740/5260/3580 3743/5263/3583
f 3743/5263/3583 3740/5260/3580 3735/5255/3575
f 3739/5259/3579 3742/5262/3582 3744/5264/3584
f 3739/5259/3579 3744/5264/3584 3741/5261/3581
f 3742/5262/3582 3743/5263/3583 3745/5265/3585
f 3742/5262/3582 3745/5265/3585 3744/5264/3584
f 3743/5263/3583 3735/5255/3575 3746/5266/3586
f 3746/5266/3586 3735/5255/3575 3747/5267/2209
f 3743/5263/3583 3746/5266/3586 3748/5268/3587
f 3748/5268/3587 3746/5266/3586 3747/5267/2209
f 3747/5267/2209 3735/5255/3575 3749/5269/3588
f 3749/5269/3588 3735/5255/3575 3723/5240/3564
f 3750/5270/3589 3745/5265/3585 3743/5263/3583
f 3750/5270/3589 3743/5263/3583 3751/5271/3590
f 3751/5271/3590 3743/5263/3583 3748/5268/3587
f 3745/5265/3585 3750/5270/3589 3752/5272/3591
f 3750/5270/3589 3751/5271/3590 3753/5273/3592
f 3750/5270/3589 3753/5273/3592 3752/5272/3591
f 3753/5273/3592 3751/5271/3590 3754/5274/3593
f 3754/5274/3593 3751/5271/3590 3748/5268/3587
f 3745/5265/3585 3752/5272/3591 3755/5275/3594
f 3745/5265/3585 3755/5275/3594 3744/5264/3584
f 3752/5272/3591 3753/5273/3592 3756/5276/3595
f 3755/5275/3594 3752/5272/3591 3757/5277/3596
f 3757/5277/3596 3752/5272/3591 3756/5276/3595
f 3753/5273/3592 3754/5274/3593 3758/5278/3597
f 3753/5273/3592 3758/5278/3597 3756/5276/3595
f 3744/5264/3584 3755/5275/3594 3759/5279/3598
f 3759/5279/3598 3755/5275/3594 3757/5277/3596
f 3756/5276/3595 3758/5278/3597 3760/5280/3599
f 3757/5277/3596 3756/5276/3595 3761/5281/3600
f 3761/5281/3600 3756/5276/3595 3760/5280/3599
f 3757/5277/3596 3761/5281/3600 3762/5282/3601
f 3762/5282/3601 3761/5281/3600 3760/5280/3599
f 3759/5279/3598 3757/5277/3596 3763/5283/3362
f 3763/5283/3362 3757/5277/3596 3764/5284/3602
f 3764/5284/3602 3757/5277/3596 3762/5282/3601
f 3763/5283/3362 3764/5284/3602 3765/5285/3603
f 3765/5285/3603 3764/5284/3602 3762/5282/3601
f 3763/5283/3362 3765/5285/3603 3759/5279/3598
f 3759/5279/3598 3765/5285/3603 3762/5282/3601
f 3762/5282/3601 3760/5280/3599 3766/5286/3604
f 3759/5279/3598 3762/5282/3601 3767/5287/34
f 3767/5287/34 3762/5282/3601 3766/5286/3604
f 3766/5286/3604 3760/5280/3599 3768/5288/1608
f 3768/5288/1608 3760/5280/3599 3769/5289/3605
f 3769/5289/3605 3760/5280/3599 3758/5278/3597
f 3766/5286/3604 3768/5288/1608 3770/5290/3606
f 3766/5286/3604 3770/5290/3606 3767/5287/34
f 3768/5288/1608 3769/5289/3605 3771/5291/3607
f 3768/5288/1608 3771/5291/3607 3770/5290/3606
f 3769/5289/3605 3758/5278/3597 3772/5292/3608
f 3772/5292/3608 3758/5278/3597 3754/5274/3593
f 3771/5291/3607 3769/5289/3605 3773/5293/3609
f 3773/5293/3609 3769/5289/3605 3772/5292/3608
f 3770/5290/3606 3771/5291/3607 3774/5294/3610
f 3774/5294/3610 3771/5291/3607 3773/5293/3609
f 3772/5292/3608 3754/5274/3593 3775/5295/3611
f 3775/5295/3611 3754/5274/3593 3748/5268/3587
f 3772/5292/3608 3775/5295/3611 3776/5296/3612
f 3772/5292/3608 3776/5296/3612 3777/5297/3613
f 3776/5296/3612 3775/5295/3611 3778/5298/3614
f 3776/5296/3612 3778/5298/3614 3777/5297/3613
f 3778/5298/3614 3775/5295/3611 3748/5268/3587
f 3772/5292/3608 3777/5297/3613 3779/5299/3615
f 3779/5299/3615 3777/5297/3613 3780/5300/3616
f 3772/5292/3608 3779/5299/3615 3781/5301/3617
f 3772/5292/3608 3781/5301/3617 3773/5293/3609
f 3781/5301/3617 3779/5299/3615 3782/5302/3618
f 3781/5301/3617 3782/5302/3618 3783/5303/3619
f 3781/5301/3617 3783/5303/3619 3773/5293/3609
f 3783/5303/3619 3782/5302/3618 3784/5304/3620
f 3773/5293/3609 3783/5303/3619 3785/5305/3621
f 3773/5293/3609 3785/5305/3621 3786/5306/3622
f 3773/5293/3609 3786/5306/3622 3774/5294/3610
f 3774/5294/3610 3786/5306/3622 3785/5305/3621
f 3785/5305/3621 3783/5303/3619 3787/5307/3623
f 3787/5307/3623 3783/5303/3619 3788/5308/3624
f 3787/5307/3623 3788/5308/3624 3789/5309/3625
f 3785/5305/3621 3787/5307/3623 3790/5310/3626
f 3785/5305/3621 3790/5310/3626 3774/5294/3610
f 3787/5307/3623 3789/5309/3625 3791/5311/3627
f 3787/5307/3623 3791/5311/3627 3790/5310/3626
f 3791/5311/3627 3789/5309/3625 3792/5312/3628
f 3774/5294/3610 3790/5310/3626 3793/5313/3629
f 3793/5313/3629 3790/5310/3626 3791/5311/3627
f 3793/5313/3629 3791/5311/3627 3792/5312/3628
f 3774/5294/3610 3793/5313/3629 3770/5290/3606
f 3793/5313/3629 3792/5312/3628 3794/5314/3630
f 3793/5313/3629 3794/5314/3630 3770/5290/3606
f 3770/5290/3606 3794/5314/3630 3795/5315/34
f 3770/5290/3606 3795/5315/34 3796/5316/34
f 3770/5290/3606 3796/5316/34 3767/5287/34
f 3796/5316/34 3795/5315/34 3797/5317/34
f 3796/5316/34 3797/5317/34 3767/5287/34
f 3797/5317/34 3795/5315/34 3798/5318/34
f 3797/5317/34 3798/5318/34 3050/5319/34
f 3797/5317/34 3050/5319/34 3048/5320/34
f 3797/5317/34 3048/5320/34 3767/5287/34
f 3767/5287/34 3048/5320/34 3047/5321/2270
f 3767/5287/34 3047/5321/2270 3350/5322/3205
f 3799/5323/3631 3795/5315/34 3794/5314/3630
f 3795/5315/34 3799/5323/3631 3800/5324/34
f 3799/5323/3631 3794/5314/3630 3801/5325/3632
f 3801/5325/3632 3794/5314/3630 3802/5326/3633
f 3801/5325/3632 3802/5326/3633 3803/5327/3634
f 3801/5325/3632 3803/5327/3634 3799/5323/3631
f 3803/5327/3634 3802/5326/3633 3804/5328/3635
f 3803/5327/3634 3804/5328/3635 3799/5323/3631
f 3799/5323/3631 3804/5328/3635 3805/5329/3636
f 3806/5330/3637 3767/5287/34 3350/5322/3205
f 3767/5287/34 3806/5330/3637 3807/5331/3638
f 3767/5287/34 3807/5331/3638 3759/5279/3598
f 3759/5279/3598 3807/5331/3638 3744/5264/3584
f 3744/5264/3584 3807/5331/3638 3808/5332/3639
f 3744/5264/3584 3808/5332/3639 3741/5261/3581
f 3741/5261/3581 3808/5332/3639 3807/5331/3638
f 3741/5261/3581 3807/5331/3638 3806/5330/3637
f 3741/5261/3581 3806/5330/3637 3809/5333/3640
f 3809/5333/3640 3806/5330/3637 3350/5322/3205
f 3741/5261/3581 3809/5333/3640 3738/5258/3578
f 3738/5258/3578 3809/5333/3640 3354/5249/3209
f 3354/5249/3209 3809/5333/3640 3810/5334/3641
f 3810/5334/3641 3809/5333/3640 3350/5322/3205
f 3354/5249/3209 3810/5334/3641 3352/5335/3207
f 3352/5335/3207 3810/5334/3641 3351/5336/3206
f 3351/5336/3206 3810/5334/3641 3811/5337/3642
f 3811/5337/3642 3810/5334/3641 3812/5338/3643
f 3812/5338/3643 3810/5334/3641 3813/5339/3644
f 3813/5339/3644 3810/5334/3641 3350/5322/3205
f 3813/5339/3644 3350/5322/3205 3351/5340/3206
f 3813/5339/3644 3351/5340/3206 3811/5341/3642
f 3813/5339/3644 3811/5341/3642 3814/5342/3645
f 3815/5343/3646 3217/4531/3085 2992/4536/2867
f 2993/5344/2868 3816/5345/3647 2992/4536/2867
f 2992/4536/2867 3816/5345/3647 3815/5343/3646
f 3817/5346/3648 3211/4525/3079 3816/5345/3647
f 3816/5345/3647 3211/4525/3079 3213/4527/3081
f 3816/5345/3647 3213/4527/3081 3815/5343/3646
f 3818/5347/3649 3213/4527/3081 3217/4531/3085
f 3213/4527/3081 3818/5347/3649 3815/5343/3646
f 3818/5347/3649 3217/4531/3085 3819/5348/3650
f 3818/5347/3649 3819/5348/3650 3815/5343/3646
f 3820/5349/3651 3217/4531/3085 3815/5343/3646
f 3217/4531/3085 3820/5349/3651 3819/5348/3650
f 3819/5348/3650 3820/5349/3651 3815/5343/3646
f 2946/5350/34 2944/5351/34 2943/5352/34
f 2946/5350/34 2943/5352/34 3821/5353/34
f 2829/5354/2715 2836/5355/2722 2830/5356/2716
f 2836/5355/2722 2829/5354/2715 3822/5357/3652
f 3822/5357/3652 2829/5354/2715 3823/5358/3653
f 3822/5357/3652 3823/5358/3653 3824/5359/3654
f 2836/5355/2722 3822/5357/3652 3825/5360/3655
f 2836/5355/2722 3825/5360/3655 3652/5361/3495
f 3826/5362/3656 3650/5363/3493 3652/5361/3495
f 3826/5362/3656 3652/5361/3495 3825/5360/3655
f 3826/5362/3656 3825/5360/3655 3827/5364/3657
f 3826/5362/3656 3827/5364/3657 3828/5365/3658
f 3828/5365/3658 3827/5364/3657 3829/5366/3659
f 3829/5366/3659 3827/5364/3657 3830/5367/3660
f 3827/5364/3657 3825/5360/3655 3831/5368/3661
f 3827/5364/3657 3831/5368/3661 3830/5367/3660
f 3826/5369/3656 3828/5370/3658 3830/5367/3660
f 3826/5369/3656 3830/5367/3660 3831/5368/3661
f 3826/5369/3656 3831/5368/3661 3650/5371/3493
f 3832/5372/231 3825/5360/3655 3822/5357/3652
f 3825/5360/3655 3832/5372/231 3831/5368/3661
f 3832/5372/231 3822/5357/3652 3833/5373/3662
f 3833/5373/3662 3822/5357/3652 3824/5359/3654
f 3831/5368/3661 3832/5372/231 3834/5374/3663
f 3650/5371/3493 3831/5368/3661 3835/5375/3664
f 3650/5371/3493 3835/5375/3664 3649/5376/3492
f 3649/5376/3492 3835/5375/3664 3836/5377/3665
f 3836/5377/3665 3835/5375/3664 3837/5378/3666
f 3835/5375/3664 3831/5368/3661 3838/5379/3667
f 3835/5375/3664 3838/5379/3667 3837/5378/3666
f 3838/5379/3667 3831/5368/3661 3834/5374/3663
f 3837/5378/3666 3838/5379/3667 3839/5380/3668
f 3837/5378/3666 3839/5380/3668 3840/5381/3669
f 3840/5381/3669 3839/5380/3668 3838/5379/3667
f 3837/5378/3666 3840/5381/3669 3841/5382/3670
f 3841/5382/3670 3840/5381/3669 3838/5379/3667
f 3841/5382/3670 3838/5379/3667 3834/5374/3663
f 3842/5383/3671 3834/5374/3663 3832/5372/231
f 3842/5383/3671 3832/5372/231 3833/5373/3662
f 3834/5374/3663 3842/5383/3671 3843/5384/3672
f 3842/5383/3671 3833/5373/3662 3844/5385/3673
f 3842/5383/3671 3844/5385/3673 3843/5384/3672
f 3844/5385/3673 3833/5373/3662 3845/5386/3674
f 3844/5385/3673 3845/5386/3674 3843/5384/3672
f 3845/5386/3674 3833/5373/3662 3824/5359/3654
f 3843/5384/3672 3845/5386/3674 3846/5387/3675
f 3845/5386/3674 3824/5359/3654 3847/5388/931
f 3845/5386/3674 3847/5388/931 3846/5387/3675
f 2823/5389/2654 2829/5390/2715 2824/5391/2710
f 2829/5390/2715 2823/5389/2654 3823/5392/3653
f 3823/5392/3653 2823/5389/2654 3848/5393/3676
f 3848/5393/3676 2823/5389/2654 3849/5394/3677
f 3849/5394/3677 2823/5389/2654 2820/5395/2707
f 3849/5394/3677 2820/5395/2707 2821/5396/2708
f 3848/5393/3676 3849/5394/3677 3850/5397/3678
f 3848/5393/3676 3850/5397/3678 3823/5392/3653
f 3849/5394/3677 2821/5396/2708 3851/5398/3679
f 3849/5394/3677 3851/5398/3679 3850/5397/3678
f 3851/5398/3679 2821/5396/2708 3852/5399/3680
f 3852/5399/3680 2821/5396/2708 2819/5400/2706
f 3852/5399/3680 2819/5400/2706 2827/5401/2713
f 3852/5399/3680 2827/5401/2713 3853/5402/3681
f 3852/5399/3680 3853/5402/3681 3854/5403/3682
f 3853/5402/3681 2827/5401/2713 3855/5404/3683
f 3853/5402/3681 3855/5404/3683 3854/5403/3682
f 3855/5404/3683 2827/5401/2713 2826/5405/2712
f 3852/5399/3680 3854/5403/3682 3856/5406/3684
f 3852/5399/3680 3856/5406/3684 3851/5398/3679
f 3856/5406/3684 3854/5403/3682 3855/5404/3683
f 3855/5404/3683 2826/5405/2712 2828/5407/2714
f 3851/5398/3679 3856/5406/3684 3857/5408/3685
f 3851/5398/3679 3857/5408/3685 3850/5397/3678
f 3856/5406/3684 3855/5404/3683 3858/5409/3686
f 3855/5404/3683 2828/5407/2714 3859/5410/3687
f 3855/5404/3683 3859/5410/3687 3858/5409/3686
f 3859/5410/3687 2828/5407/2714 2832/5411/2718
f 3859/5410/3687 2832/5411/2718 3860/5412/3688
f 3859/5410/3687 3860/5412/3688 3858/5409/3686
f 3860/5412/3688 2832/5411/2718 2833/5413/2719
f 3860/5412/3688 2833/5413/2719 2940/5414/2821
f 3856/5406/3684 3858/5409/3686 3861/5415/3689
f 3856/5406/3684 3861/5415/3689 3857/5408/3685
f 3858/5409/3686 3860/5412/3688 3862/5416/3690
f 3861/5415/3689 3858/5409/3686 3863/5417/3691
f 3863/5417/3691 3858/5409/3686 3862/5416/3690
f 3860/5412/3688 2940/5414/2821 3864/5418/3692
f 3860/5412/3688 3864/5418/3692 3862/5416/3690
f 3864/5418/3692 2940/5414/2821 3865/5419/3693
f 3865/5419/3693 2940/5414/2821 2939/5420/2820
f 3864/5418/3692 3865/5419/3693 3866/5421/3694
f 3864/5418/3692 3866/5421/3694 3862/5416/3690
f 3866/5421/3694 3865/5419/3693 3867/5422/3695
f 3866/5421/3694 3867/5422/3695 3868/5423/3696
f 3862/5416/3690 3866/5421/3694 3869/5424/2640
f 3869/5424/2640 3866/5421/3694 3868/5423/3696
f 3868/5423/3696 3867/5422/3695 3870/5425/3697
f 3868/5423/3696 3870/5425/3697 3869/5424/2640
f 3870/5425/3697 3867/5422/3695 3871/5426/3698
f 3870/5425/3697 3871/5426/3698 3869/5424/2640
f 3871/5426/3698 3867/5422/3695 3872/5427/3699
f 3871/5426/3698 3872/5427/3699 3873/5428/3700
f 3862/5416/3690 3869/5424/2640 3874/5429/3701
f 3862/5416/3690 3874/5429/3701 3863/5417/3691
f 3874/5429/3701 3869/5424/2640 3875/5430/3702
f 3874/5429/3701 3875/5430/3702 3863/5417/3691
f 3871/5426/3698 3873/5428/3700 3876/5431/3703
f 3876/5431/3703 3873/5428/3700 3877/5432/3704
f 3878/5433/3705 3869/5424/2640 3871/5426/3698
f 3878/5433/3705 3871/5426/3698 3876/5431/3703
f 3876/5431/3703 3877/5432/3704 3879/5434/3706
f 3879/5434/3706 3877/5432/3704 3880/5435/3707
f 3879/5434/3706 3880/5435/3707 3881/5436/1610
f 3879/5434/3706 3881/5436/1610 3882/5437/3708
f 3869/5424/2640 3878/5433/3705 3883/5438/3709
f 3869/5424/2640 3883/5438/3709 3875/5430/3702
f 3878/5433/3705 3876/5431/3703 3884/5439/3710
f 3884/5439/3710 3876/5431/3703 3879/5434/3706
f 3883/5438/3709 3878/5433/3705 3885/5440/3711
f 3885/5440/3711 3878/5433/3705 3884/5439/3710
f 3875/5430/3702 3883/5438/3709 3886/5441/3403
f 3875/5430/3702 3886/5441/3403 3863/5417/3691
f 3884/5439/3710 3879/5434/3706 3887/5442/3712
f 3887/5442/3712 3879/5434/3706 3882/5437/3708
f 3887/5442/3712 3882/5437/3708 3888/5443/3713
f 3888/5443/3713 3882/5437/3708 3889/5444/3714
f 3884/5439/3710 3887/5442/3712 3890/5445/3715
f 3890/5445/3715 3887/5442/3712 3888/5443/3713
f 3890/5445/3715 3888/5443/3713 3889/5444/3714
f 3884/5439/3710 3890/5445/3715 3885/5440/3711
f 3890/5445/3715 3889/5444/3714 3891/5446/3716
f 3890/5445/3715 3891/5446/3716 3892/5447/3717
f 3890/5445/3715 3892/5447/3717 3885/5440/3711
f 3892/5447/3717 3891/5446/3716 3893/5448/3718
f 3885/5440/3711 3892/5447/3717 3894/5449/3719
f 3894/5449/3719 3892/5447/3717 3893/5448/3718
f 3885/5440/3711 3894/5449/3719 3895/5450/3720
f 3885/5440/3711 3895/5450/3720 3883/5438/3709
f 3894/5449/3719 3893/5448/3718 3896/5451/3721
f 3894/5449/3719 3896/5451/3721 3895/5450/3720
f 3896/5451/3721 3893/5448/3718 3847/5452/931
f 3883/5438/3709 3895/5450/3720 3886/5441/3403
f 3886/5441/3403 3895/5450/3720 3897/5453/3722
f 3886/5441/3403 3897/5453/3722 3863/5417/3691
f 3895/5450/3720 3896/5451/3721 3898/5454/3723
f 3863/5417/3691 3897/5453/3722 3899/5455/3724
f 3899/5455/3724 3897/5453/3722 3895/5450/3720
f 3899/5455/3724 3895/5450/3720 3898/5454/3723
f 3863/5417/3691 3899/5455/3724 3861/5415/3689
f 3861/5415/3689 3899/5455/3724 3857/5408/3685
f 3857/5408/3685 3899/5455/3724 3898/5454/3723
f 3857/5408/3685 3898/5454/3723 3896/5451/3721
f 3857/5408/3685 3896/5451/3721 3900/5456/3725
f 3900/5456/3725 3896/5451/3721 3847/5452/931
f 3857/5408/3685 3900/5456/3725 3901/5457/3726
f 3857/5408/3685 3901/5457/3726 3850/5397/3678
f 3900/5456/3725 3847/5452/931 3902/5458/3727
f 3900/5456/3725 3902/5458/3727 3901/5457/3726
f 3901/5457/3726 3902/5458/3727 3850/5397/3678
f 3902/5458/3727 3847/5452/931 3824/5459/3654
f 3850/5397/3678 3902/5458/3727 3823/5392/3653
f 3823/5392/3653 3902/5458/3727 3824/5459/3654
f 3903/5460/34 2943/5461/34 3560/5462/34
f 2943/5461/34 3903/5460/34 3821/5463/34
f 3904/5464/34 2939/5465/2820 2938/5466/34
f 3867/5467/3695 3865/5468/3693 2939/5465/2820
f 3867/5467/3695 2939/5465/2820 3904/5464/34
f 3867/5467/3695 3904/5464/34 3872/5469/3699
f 3872/5469/3699 3904/5464/34 3873/5470/3700
f 3904/5464/34 2938/5466/34 3905/5471/34
f 3905/5471/34 2938/5466/34 2946/5472/34
f 3905/5471/34 2946/5472/34 3906/5473/34
f 3905/5471/34 3906/5473/34 3907/5474/34
f 3904/5464/34 3905/5471/34 3908/5475/34
f 3908/5475/34 3905/5471/34 3907/5474/34
f 3873/5470/3700 3904/5464/34 3909/5476/3728
f 3909/5476/3728 3904/5464/34 3908/5475/34
f 3873/5470/3700 3909/5476/3728 3877/5477/3704
f 3877/5477/3704 3909/5476/3728 3880/5478/3707
f 3880/5478/3707 3909/5476/3728 3881/5479/1610
f 3881/5479/1610 3909/5476/3728 3910/5480/3729
f 3909/5476/3728 3908/5475/34 3911/5481/3699
f 3909/5476/3728 3911/5481/3699 3910/5480/3729
f 3912/5482/3730 3908/5475/34 3907/5474/34
f 3908/5475/34 3912/5482/3730 3911/5481/3699
f 3881/5479/1610 3910/5480/3729 3913/5483/3731
f 3913/5483/3731 3910/5480/3729 3911/5481/3699
f 3881/5479/1610 3913/5483/3731 3914/5484/3732
f 3881/5479/1610 3914/5484/3732 3882/5485/3708
f 3914/5484/3732 3913/5483/3731 3915/5486/3733
f 3914/5484/3732 3915/5486/3733 3916/5487/3734
f 3916/5487/3734 3915/5486/3733 3917/5488/3735
f 3915/5486/3733 3913/5483/3731 3918/5489/3736
f 3918/5489/3736 3913/5483/3731 3911/5481/3699
f 3917/5488/3735 3915/5486/3733 3919/5490/3737
f 3919/5490/3737 3915/5486/3733 3918/5489/3736
f 3919/5490/3737 3918/5489/3736 3911/5481/3699
f 3917/5488/3735 3919/5490/3737 3920/5491/3738
f 3919/5490/3737 3911/5481/3699 3921/5492/3739
f 3919/5490/3737 3921/5492/3739 3920/5491/3738
f 3921/5492/3739 3911/5481/3699 3922/5493/3740
f 3921/5492/3739 3922/5493/3740 3920/5491/3738
f 3922/5493/3740 3911/5481/3699 3912/5482/3730
f 3920/5491/3738 3922/5493/3740 3923/5494/3741
f 3920/5491/3738 3923/5494/3741 3924/5495/3742
f 3924/5495/3742 3923/5494/3741 3925/5496/3743
f 3923/5494/3741 3922/5493/3740 3926/5497/3744
f 3926/5497/3744 3922/5493/3740 3927/5498/3745
f 3927/5498/3745 3922/5493/3740 3912/5482/3730
f 3927/5498/3745 3912/5482/3730 3928/5499/3746
f 3928/5499/3746 3912/5482/3730 3929/5500/3747
f 3929/5500/3747 3912/5482/3730 3907/5474/34
f 3929/5500/3747 3907/5474/34 3930/5501/3748
f 3928/5499/3746 3929/5500/3747 3931/5502/3749
f 3931/5502/3749 3929/5500/3747 3932/5503/3750
f 3928/5499/3746 3931/5502/3749 3933/5504/3751
f 3931/5502/3749 3932/5503/3750 3934/5505/3752
f 3931/5502/3749 3934/5505/3752 3933/5504/3751
f 3933/5504/3751 3934/5505/3752 3935/5506/3753
f 3935/5506/3753 3934/5505/3752 3936/5507/3754
f 3937/5508/3755 3938/5509/3756 3939/5510/3757
f 3938/5509/3756 3937/5508/3755 3812/5511/3643
f 3937/5508/3755 3939/5510/3757 3814/5512/3645
f 3812/5511/3643 3937/5508/3755 3811/5513/3642
f 3811/5513/3642 3937/5508/3755 3814/5512/3645
f 3609/5514/3454 3940/5515/3758 3610/5516/3455
f 3610/5516/3455 3940/5515/3758 3941/5517/3759
f 3610/5516/3455 3941/5517/3759 3691/5518/3533
f 3940/5515/3758 3609/5514/3454 3942/5519/3760
f 3942/5519/3760 3609/5514/3454 3614/5520/3459
f 3940/5515/3758 3942/5519/3760 3943/5521/3761
f 3943/5521/3761 3942/5519/3760 3944/5522/3762
f 3943/5521/3761 3944/5522/3762 3940/5515/3758
f 3942/5519/3760 3614/5520/3459 3945/5523/3763
f 3942/5519/3760 3945/5523/3763 3944/5522/3762
f 3945/5523/3763 3614/5520/3459 3946/5524/3764
f 3940/5515/3758 3944/5522/3762 3947/5525/3089
f 3940/5515/3758 3947/5525/3089 3941/5517/3759
f 3944/5522/3762 3945/5523/3763 3948/5526/3765
f 3949/5527/3766 3691/5518/3533 3941/5517/3759
f 3691/5518/3533 3949/5527/3766 3692/5528/3534
f 3692/5528/3534 3949/5527/3766 3694/5529/3536
f 3694/5529/3536 3949/5527/3766 3950/5530/3767
f 3694/5529/3536 3950/5530/3767 3693/5531/3535
f 3693/5531/3535 3950/5530/3767 3696/5532/3538
f 3696/5532/3538 3950/5530/3767 3951/5533/3768
f 3696/5532/3538 3951/5533/3768 3695/5534/3537
f 3695/5534/3537 3951/5533/3768 3698/5535/3540
f 3698/5535/3540 3951/5533/3768 3952/5536/3769
f 3698/5535/3540 3952/5536/3769 2993/5537/2868
f 3951/5533/3768 3950/5530/3767 3953/5538/3770
f 3951/5533/3768 3953/5538/3770 3952/5536/3769
f 2993/5537/2868 3952/5536/3769 3817/5539/3648
f 2993/5537/2868 3817/5539/3648 3816/5540/3647
f 3817/5539/3648 3952/5536/3769 3953/5538/3770
f 3212/5541/3080 3211/5542/3079 3817/5539/3648
f 3212/5541/3080 3817/5539/3648 3953/5538/3770
f 3953/5538/3770 3950/5530/3767 3954/5543/3771
f 3954/5543/3771 3950/5530/3767 3949/5527/3766
f 3212/5541/3080 3953/5538/3770 3955/5544/3772
f 3212/5541/3080 3955/5544/3772 3956/5545/3773
f 3956/5545/3773 3955/5544/3772 3957/5546/3774
f 3955/5544/3772 3953/5538/3770 3958/5547/3775
f 3955/5544/3772 3958/5547/3775 3957/5546/3774
f 3958/5547/3775 3953/5538/3770 3954/5543/3771
f 3956/5545/3773 3957/5546/3774 3959/5548/3776
f 3959/5548/3776 3957/5546/3774 3958/5547/3775
f 3958/5547/3775 3954/5543/3771 3960/5549/3777
f 3958/5547/3775 3960/5549/3777 3959/5548/3776
f 3961/5550/3778 3954/5543/3771 3949/5527/3766
f 3954/5543/3771 3961/5550/3778 3960/5549/3777
f 3961/5550/3778 3949/5527/3766 3941/5517/3759
f 3959/5548/3776 3960/5549/3777 3962/5551/3779
f 3959/5548/3776 3962/5551/3779 3963/5552/3780
f 3960/5549/3777 3961/5550/3778 3964/5553/3781
f 3964/5553/3781 3961/5550/3778 3941/5517/3759
f 3962/5551/3779 3960/5549/3777 3965/5554/3782
f 3965/5554/3782 3960/5549/3777 3964/5553/3781
f 3965/5554/3782 3964/5553/3781 3941/5517/3759
f 3962/5551/3779 3965/5554/3782 3966/5555/3783
f 3965/5554/3782 3941/5517/3759 3947/5525/3089
f 3966/5555/3783 3965/5554/3782 3967/5556/3784
f 3967/5556/3784 3965/5554/3782 3947/5525/3089
f 3967/5556/3784 3947/5525/3089 3968/5557/3785
f 3967/5556/3784 3968/5557/3785 3969/5558/3786
f 3969/5558/3786 3968/5557/3785 3947/5525/3089
f 3967/5556/3784 3969/5558/3786 3966/5555/3783
f 3969/5558/3786 3947/5525/3089 3970/5559/3787
f 3970/5559/3787 3947/5525/3089 3944/5522/3762
f 3970/5559/3787 3944/5522/3762 3971/5560/3788
f 3970/5559/3787 3971/5560/3788 3969/5558/3786
f 3971/5560/3788 3944/5522/3762 3948/5526/3765
f 3966/5555/3783 3969/5558/3786 3972/5561/3789
f 3966/5555/3783 3972/5561/3789 3973/5562/3790
f 3969/5558/3786 3971/5560/3788 3974/5563/3791
f 3974/5563/3791 3971/5560/3788 3948/5526/3765
f 3972/5561/3789 3969/5558/3786 3975/5564/3792
f 3975/5564/3792 3969/5558/3786 3974/5563/3791
f 3973/5562/3790 3972/5561/3789 3976/5565/3793
f 3973/5562/3790 3976/5565/3793 3977/5566/3794
f 3977/5566/3794 3976/5565/3793 3978/5567/3795
f 3976/5565/3793 3972/5561/3789 3979/5568/3796
f 3976/5565/3793 3979/5568/3796 3978/5567/3795
f 3979/5568/3796 3972/5561/3789 3975/5564/3792
f 3978/5567/3795 3979/5568/3796 3980/5569/3797
f 3980/5569/3797 3979/5568/3796 3981/5570/3798
f 3981/5570/3798 3979/5568/3796 3982/5571/3799
f 3982/5571/3799 3979/5568/3796 3983/5572/3800
f 3983/5572/3800 3979/5568/3796 3975/5564/3792
f 3982/5571/3799 3983/5572/3800 3984/5573/3801
f 3983/5572/3800 3975/5564/3792 3985/5574/3802
f 3985/5574/3802 3975/5564/3792 3974/5563/3791
f 3984/5573/3801 3983/5572/3800 3986/5575/3803
f 3986/5575/3803 3983/5572/3800 3985/5574/3802
f 3984/5573/3801 3986/5575/3803 3987/5576/3804
f 3985/5574/3802 3974/5563/3791 3988/5577/3805
f 3985/5574/3802 3988/5577/3805 3986/5575/3803
f 3988/5577/3805 3974/5563/3791 3948/5526/3765
f 3986/5575/3803 3988/5577/3805 3989/5578/3806
f 3986/5575/3803 3989/5578/3806 3987/5576/3804
f 3988/5577/3805 3948/5526/3765 3990/5579/3807
f 3988/5577/3805 3990/5579/3807 3989/5578/3806
f 3989/5578/3806 3990/5579/3807 3987/5576/3804
f 3990/5579/3807 3948/5526/3765 3945/5523/3763
f 3990/5579/3807 3945/5523/3763 3946/5524/3764
f 3990/5579/3807 3946/5524/3764 3987/5576/3804
f 3987/5576/3804 3946/5524/3764 3991/5580/3808
f 3987/5576/3804 3991/5580/3808 3627/5581/3470
f 3991/5580/3808 3946/5524/3764 3992/5582/3809
f 3991/5580/3808 3992/5582/3809 3627/5581/3470
f 3992/5582/3809 3946/5524/3764 3614/5520/3459
f 3627/5581/3470 3992/5582/3809 3618/5583/3462
f 3992/5582/3809 3614/5520/3459 3617/5584/3461
f 3992/5582/3809 3617/5584/3461 3618/5583/3462
f 3993/5585/3810 3814/5586/3645 3939/5587/3757
f 3993/5585/3810 3939/5587/3757 3938/5588/3756
f 3993/5585/3810 3938/5588/3756 3812/5589/3643
f 3993/5585/3810 3812/5589/3643 3814/5586/3645
f 3814/5586/3645 3812/5589/3643 3813/5590/3644
f 3994/5591/3811 3716/5228/3557 3602/5226/3447
f 3994/5591/3811 3602/5226/3447 3995/5592/3812
f 3716/5228/3557 3994/5591/3811 3996/5593/3813
f 3994/5591/3811 3995/5592/3812 3997/5594/3814
f 3994/5591/3811 3997/5594/3814 3996/5593/3813
f 3997/5594/3814 3995/5592/3812 3998/5595/3815
f 3998/5595/3815 3995/5592/3812 3602/5226/3447
f 3996/5593/3813 3997/5594/3814 3999/5596/3816
f 3999/5596/3816 3997/5594/3814 3998/5595/3815
f 3716/5228/3557 3996/5593/3813 4000/5597/3817
f 4000/5597/3817 3996/5593/3813 3999/5596/3816
f 3716/5228/3557 4000/5597/3817 3717/5229/3558
f 3998/5595/3815 3602/5226/3447 4001/5598/3818
f 3998/5595/3815 4001/5598/3818 3999/5596/3816
f 4001/5598/3818 3602/5226/3447 3603/5599/3448
f 3717/5229/3558 4000/5597/3817 3723/5240/3564
f 4001/5598/3818 3603/5599/3448 3601/5600/3446
f 3723/5240/3564 4000/5597/3817 4002/5601/3819
f 3723/5240/3564 4002/5601/3819 3749/5269/3588
f 4002/5601/3819 4000/5597/3817 4003/5602/3820
f 4002/5601/3819 4003/5602/3820 3749/5269/3588
f 4003/5602/3820 4000/5597/3817 4004/5603/3821
f 4004/5603/3821 4000/5597/3817 3999/5596/3816
f 3749/5269/3588 4003/5602/3820 4005/5604/3822
f 4005/5604/3822 4003/5602/3820 4004/5603/3821
f 3749/5269/3588 4005/5604/3822 4006/5605/3823
f 4006/5605/3823 4005/5604/3822 4004/5603/3821
f 3749/5269/3588 4006/5605/3823 3747/5267/2209
f 4004/5603/3821 3999/5596/3816 4007/5606/3824
f 4007/5606/3824 3999/5596/3816 4008/5607/3825
f 4007/5606/3824 4008/5607/3825 4004/5603/3821
f 4008/5607/3825 3999/5596/3816 4001/5598/3818
f 4006/5605/3823 4004/5603/3821 4009/5608/3826
f 4009/5608/3826 4004/5603/3821 4008/5607/3825
f 3747/5267/2209 4006/5605/3823 4010/5609/3827
f 4010/5609/3827 4006/5605/3823 4009/5608/3826
f 3747/5267/2209 4010/5609/3827 3748/5268/3587
f 4008/5607/3825 4001/5598/3818 4011/5610/3828
f 3748/5268/3587 4010/5609/3827 4012/5611/3829
f 3748/5268/3587 4012/5611/3829 3778/5298/3614
f 4010/5609/3827 4009/5608/3826 4013/5612/3830
f 4010/5609/3827 4013/5612/3830 4012/5611/3829
f 3778/5298/3614 4012/5611/3829 4014/5613/3831
f 4014/5613/3831 4012/5611/3829 4013/5612/3830
f 3778/5298/3614 4014/5613/3831 4015/5614/3832
f 4015/5614/3832 4014/5613/3831 4013/5612/3830
f 4015/5614/3832 4013/5612/3830 4016/5615/3833
f 4013/5612/3830 4009/5608/3826 4017/5616/3834
f 4013/5612/3830 4017/5616/3834 4016/5615/3833
f 4017/5616/3834 4009/5608/3826 4008/5607/3825
f 4017/5616/3834 4008/5607/3825 4011/5610/3828
f 4016/5615/3833 4017/5616/3834 4018/5617/3835
f 4018/5617/3835 4017/5616/3834 4011/5610/3828
f 4018/5617/3835 4011/5610/3828 4001/5598/3818
f 4016/5615/3833 4018/5617/3835 3601/5600/3446
f 3601/5600/3446 4018/5617/3835 4001/5598/3818
f 3903/5618/34 3560/5619/34 3237/5620/34
f 3903/5618/34 3237/5620/34 3236/5621/34
f 3903/5618/34 3236/5621/34 3239/5622/34
f 3903/5618/34 3239/5622/34 4019/5623/34
f 3903/5618/34 4019/5623/34 3821/5624/34
f 3821/5624/34 4019/5623/34 4020/5625/34
f 4019/5623/34 3239/5622/34 4021/5626/34
f 4020/5625/34 4019/5623/34 4022/5627/34
f 4022/5627/34 4019/5623/34 4021/5626/34
f 4020/5625/34 4022/5627/34 4023/5628/3836
f 4021/5626/34 3239/5622/34 4024/5629/3631
f 4021/5626/34 4024/5629/3631 4025/5630/3837
f 4024/5629/3631 3239/5622/34 3241/5631/34
f 4024/5629/3631 3241/5631/34 4026/5632/3838
f 4024/5629/3631 4026/5632/3838 4027/5633/3839
f 4023/5628/3836 4022/5627/34 4028/5634/3840
f 4028/5634/3840 4022/5627/34 4029/5635/3841
f 4029/5635/3841 4022/5627/34 4030/5636/3842
f 4028/5634/3840 4029/5635/3841 4031/5637/3843
f 4028/5634/3840 4031/5637/3843 4032/5638/3844
f 4028/5634/3840 4032/5638/3844 4033/5639/3845
f 4032/5638/3844 4031/5637/3843 4034/5640/3846
f 3235/5641/34 3050/5642/34 3798/5643/34
f 3235/5641/34 3798/5643/34 3234/5644/34
f 3234/5644/34 3798/5643/34 3240/5645/34
f 3240/5645/34 3798/5643/34 3800/5646/34
f 3800/5646/34 3798/5643/34 3795/5647/34
f 3240/5645/34 3800/5646/34 4035/5648/34
f 4035/5648/34 3800/5646/34 4036/5649/3847
f 3240/5645/34 4035/5648/34 4037/5650/3848
f 3240/5645/34 4037/5650/3848 4038/5651/3849
f 4038/5651/3849 4037/5650/3848 4039/5652/3850
f 4038/5651/3849 4039/5652/3850 4040/5653/3851
f 4040/5653/3851 4039/5652/3850 4041/5654/3852
f 4041/5654/3852 4039/5652/3850 4037/5650/3848
f 4041/5654/3852 4037/5650/3848 4042/5655/3853
f 4037/5650/3848 4035/5648/34 4043/5656/3631
f 4043/5656/3631 4035/5648/34 4044/5657/3854
f 4044/5657/3854 4035/5648/34 4045/5658/3855
f 4044/5657/3854 4045/5658/3855 4046/5659/3856
f 4043/5656/3631 4044/5657/3854 4047/5660/3857
f 4047/5660/3857 4044/5657/3854 4048/5661/3858
f 3188/5662/3056 3190/5663/3058 4049/5664/3859
f 4049/5664/3859 3190/5663/3058 4050/5665/3860
f 4050/5665/3860 3190/5663/3058 3199/5666/3067
f 4050/5665/3860 3199/5666/3067 3207/5667/3075
f 4050/5665/3860 3207/5667/3075 4051/5668/3861
f 4051/5668/3861 3207/5667/3075 3956/5669/3773
f 3956/5669/3773 3207/5667/3075 3206/5670/3074
f 3956/5669/3773 3206/5670/3074 3212/5671/3080
f 4051/5668/3861 3956/5669/3773 3959/5672/3776
f 4051/5668/3861 3959/5672/3776 3963/5673/3780
f 4051/5668/3861 3963/5673/3780 4050/5665/3860
f 4050/5665/3860 3963/5673/3780 4052/5674/3862
f 4050/5665/3860 4052/5674/3862 4049/5664/3859
f 4052/5674/3862 3963/5673/3780 4053/5675/3863
f 4053/5675/3863 3963/5673/3780 3962/5676/3779
f 4053/5675/3863 3962/5676/3779 3966/5677/3783
f 4052/5674/3862 4053/5675/3863 4054/5678/3864
f 4052/5674/3862 4054/5678/3864 4049/5664/3859
f 4053/5675/3863 3966/5677/3783 4055/5679/3865
f 4053/5675/3863 4055/5679/3865 4054/5678/3864
f 4055/5679/3865 3966/5677/3783 3973/5680/3790
f 4054/5678/3864 4055/5679/3865 4056/5681/3866
f 4055/5679/3865 3973/5680/3790 4057/5682/3867
f 4055/5679/3865 4057/5682/3867 4056/5681/3866
f 4054/5678/3864 4056/5681/3866 4058/5683/3868
f 4058/5683/3868 4056/5681/3866 4057/5682/3867
f 4059/5684/3869 4049/5664/3859 4054/5678/3864
f 4049/5664/3859 4059/5684/3869 4060/5685/3870
f 4049/5664/3859 4060/5685/3870 3188/5662/3056
f 3188/5662/3056 4060/5685/3870 4059/5684/3869
f 4059/5684/3869 4054/5678/3864 4061/5686/3871
f 4059/5684/3869 4061/5686/3871 3188/5662/3056
f 4061/5686/3871 4054/5678/3864 4058/5683/3868
f 3188/5662/3056 4061/5686/3871 4062/5687/3872
f 4062/5687/3872 4061/5686/3871 4058/5683/3868
f 4062/5687/3872 4058/5683/3868 4063/5688/3873
f 3188/5662/3056 4062/5687/3872 3189/5689/3057
f 3189/5689/3057 4062/5687/3872 3192/5690/3060
f 3188/5662/3056 3189/5689/3057 3186/5691/3054
f 4064/5692/3874 4065/5693/3875 4058/5683/3868
f 4065/5693/3875 4064/5692/3874 4066/5694/3876
f 4064/5692/3874 4058/5683/3868 4057/5682/3867
f 4066/5694/3876 4064/5692/3874 4067/5695/3877
f 4067/5695/3877 4064/5692/3874 4057/5682/3867
f 4067/5695/3877 4057/5682/3867 3978/5696/3795
f 3978/5696/3795 4057/5682/3867 4068/5697/3878
f 4068/5697/3878 4057/5682/3867 3973/5680/3790
f 4068/5697/3878 3973/5680/3790 3977/5698/3794
f 3978/5696/3795 4068/5697/3878 4069/5699/3879
f 4069/5699/3879 4068/5697/3878 3977/5698/3794
f 4069/5699/3879 3977/5698/3794 3978/5696/3795
f 4070/5700/3880 4071/5701/3881 3830/5702/3660
f 3830/5702/3660 4071/5701/3881 3829/5703/3659
f 3843/5704/3672 3846/5705/3675 4070/5700/3880
f 4070/5700/3880 3846/5705/3675 4072/5706/3882
f 4070/5700/3880 4072/5706/3882 4071/5701/3881
f 4072/5706/3882 3846/5705/3675 3893/5707/3718
f 3893/5707/3718 3846/5705/3675 4073/5708/3883
f 4073/5708/3883 3846/5705/3675 3847/5709/931
f 4073/5708/3883 3847/5709/931 3893/5707/3718
f 4072/5706/3882 3893/5707/3718 4074/5710/3884
f 4072/5706/3882 4074/5710/3884 4071/5701/3881
f 4074/5710/3884 3893/5707/3718 3891/5711/3716
f 4075/5712/3885 3829/5703/3659 4071/5701/3881
f 3829/5703/3659 4075/5712/3885 3828/5713/3658
f 4071/5701/3881 4074/5710/3884 4076/5714/3886
f 4071/5701/3881 4076/5714/3886 4075/5712/3885
f 3828/5713/3658 4075/5712/3885 4077/5715/3887
f 3828/5713/3658 4077/5715/3887 3830/5716/3660
f 3830/5716/3660 4077/5715/3887 4070/5717/3880
f 4077/5715/3887 4075/5712/3885 4078/5718/3888
f 4078/5718/3888 4075/5712/3885 4076/5714/3886
f 4070/5717/3880 4077/5715/3887 4079/5719/3889
f 4079/5719/3889 4077/5715/3887 4078/5718/3888
f 4070/5717/3880 4079/5719/3889 3843/5720/3672
f 3843/5720/3672 4079/5719/3889 3834/5721/3663
f 3834/5721/3663 4079/5719/3889 4080/5722/3890
f 4080/5722/3890 4079/5719/3889 4078/5718/3888
f 3834/5721/3663 4080/5722/3890 3841/5723/3670
f 3841/5723/3670 4080/5722/3890 4081/5724/3891
f 4081/5724/3891 4080/5722/3890 4078/5718/3888
f 3841/5723/3670 4081/5724/3891 3837/5725/3666
f 3837/5725/3666 4081/5724/3891 3836/5726/3665
f 3836/5726/3665 4081/5724/3891 3645/5727/3488
f 3836/5726/3665 3645/5727/3488 3649/5728/3492
f 4081/5724/3891 4078/5718/3888 4082/5729/3892
f 4081/5724/3891 4082/5729/3892 3645/5727/3488
f 4082/5729/3892 4078/5718/3888 4083/5730/3893
f 3645/5727/3488 4082/5729/3892 4084/5731/3894
f 4082/5729/3892 4083/5730/3893 4085/5732/3895
f 4082/5729/3892 4085/5732/3895 4084/5731/3894
f 3645/5727/3488 4084/5731/3894 4086/5733/3896
f 3645/5727/3488 4086/5733/3896 3640/5734/3483
f 4084/5731/3894 4085/5732/3895 4087/5735/3897
f 4087/5735/3897 4085/5732/3895 4083/5730/3893
f 4086/5733/3896 4084/5731/3894 4088/5736/3898
f 4088/5736/3898 4084/5731/3894 4087/5735/3897
f 3640/5734/3483 4086/5733/3896 4089/5737/3899
f 3640/5734/3483 4089/5737/3899 3639/5738/3482
f 4086/5733/3896 4088/5736/3898 4090/5739/3900
f 4086/5733/3896 4090/5739/3900 4089/5737/3899
f 4090/5739/3900 4088/5736/3898 4087/5735/3897
f 3639/5738/3482 4089/5737/3899 4091/5740/3901
f 3639/5738/3482 4091/5740/3901 4092/5741/3902
f 3639/5738/3482 4092/5741/3902 3637/5742/3480
f 3637/5742/3480 4092/5741/3902 4093/5743/3903
f 3637/5742/3480 4093/5743/3903 4094/5744/3904
f 4094/5744/3904 4093/5743/3903 4095/5745/3905
f 4095/5745/3905 4093/5743/3903 4092/5741/3902
f 4092/5741/3902 4091/5740/3901 4096/5746/3906
f 4092/5741/3902 4096/5746/3906 4095/5745/3905
f 4096/5746/3906 4091/5740/3901 4089/5737/3899
f 3936/5747/3754 4097/5748/3907 4095/5745/3905
f 3936/5747/3754 4095/5745/3905 4098/5749/3908
f 4098/5749/3908 4095/5745/3905 4096/5746/3906
f 3936/5747/3754 4098/5749/3908 3935/5750/3753
f 4098/5749/3908 4096/5746/3906 4099/5751/3909
f 4098/5749/3908 4099/5751/3909 3935/5750/3753
f 4099/5751/3909 4096/5746/3906 4089/5737/3899
f 4099/5751/3909 4089/5737/3899 4100/5752/3910
f 4099/5751/3909 4100/5752/3910 3935/5750/3753
f 4100/5752/3910 4089/5737/3899 4090/5739/3900
f 3935/5750/3753 4100/5752/3910 4101/5753/3911
f 3935/5750/3753 4101/5753/3911 3933/5754/3751
f 4100/5752/3910 4090/5739/3900 4102/5755/3912
f 4102/5755/3912 4090/5739/3900 4087/5735/3897
f 4100/5752/3910 4102/5755/3912 4103/5756/3913
f 4100/5752/3910 4103/5756/3913 4101/5753/3911
f 4102/5755/3912 4087/5735/3897 4104/5757/3914
f 3933/5754/3751 4101/5753/3911 4105/5758/3915
f 3933/5754/3751 4105/5758/3915 3928/5759/3746
f 4105/5758/3915 4101/5753/3911 4106/5760/3916
f 3928/5759/3746 4105/5758/3915 4107/5761/3917
f 3928/5759/3746 4107/5761/3917 3927/5762/3745
f 4105/5758/3915 4106/5760/3916 4108/5763/3918
f 4105/5758/3915 4108/5763/3918 4107/5761/3917
f 3927/5762/3745 4107/5761/3917 3926/5764/3744
f 4106/5760/3916 4101/5753/3911 4109/5765/3919
f 4106/5760/3916 4109/5765/3919 4108/5763/3918
f 4109/5765/3919 4101/5753/3911 4103/5756/3913
f 3926/5764/3744 4107/5761/3917 4110/5766/3920
f 4109/5765/3919 4103/5756/3913 4111/5767/3110
f 4109/5765/3919 4111/5767/3110 4108/5763/3918
f 4110/5766/3920 4107/5761/3917 4112/5768/3921
f 4112/5768/3921 4107/5761/3917 4108/5763/3918
f 3926/5764/3744 4110/5766/3920 4113/5769/3560
f 4113/5769/3560 4110/5766/3920 4112/5768/3921
f 3926/5764/3744 4113/5769/3560 4114/5770/3922
f 4114/5770/3922 4113/5769/3560 3924/5771/3742
f 3924/5771/3742 4113/5769/3560 4115/5772/3923
f 4115/5772/3923 4113/5769/3560 4112/5768/3921
f 3924/5771/3742 4115/5772/3923 3920/5773/3738
f 3920/5773/3738 4115/5772/3923 4112/5768/3921
f 3920/5773/3738 4112/5768/3921 3917/5774/3735
f 3917/5774/3735 4112/5768/3921 4116/5775/3924
f 3917/5774/3735 4116/5775/3924 3916/5776/3734
f 3916/5776/3734 4116/5775/3924 4112/5768/3921
f 4117/5777/3925 4112/5768/3921 4108/5763/3918
f 4112/5768/3921 4117/5777/3925 3916/5776/3734
f 4117/5777/3925 4108/5763/3918 4111/5767/3110
f 4117/5777/3925 4111/5767/3110 3916/5776/3734
f 3916/5776/3734 4111/5767/3110 4118/5778/3926
f 4118/5778/3926 4111/5767/3110 4119/5779/3927
f 3916/5776/3734 4118/5778/3926 4120/5780/862
f 4120/5780/862 4118/5778/3926 4119/5779/3927
f 4119/5779/3927 4111/5767/3110 4103/5756/3913
f 3916/5776/3734 4120/5780/862 4121/5781/3928
f 4121/5781/3928 4120/5780/862 4119/5779/3927
f 3916/5776/3734 4121/5781/3928 3914/5782/3732
f 4119/5779/3927 4103/5756/3913 4122/5783/3929
f 4122/5783/3929 4103/5756/3913 4102/5755/3912
f 4122/5783/3929 4102/5755/3912 4104/5757/3914
f 4121/5781/3928 4119/5779/3927 4123/5784/3930
f 4123/5784/3930 4119/5779/3927 4122/5783/3929
f 3914/5782/3732 4121/5781/3928 4124/5785/3931
f 4124/5785/3931 4121/5781/3928 4123/5784/3930
f 3914/5782/3732 4124/5785/3931 3882/5786/3708
f 3882/5786/3708 4124/5785/3931 3889/5787/3714
f 4124/5785/3931 4123/5784/3930 4125/5788/3932
f 4125/5788/3932 4123/5784/3930 4122/5783/3929
f 4124/5785/3931 4125/5788/3932 3889/5787/3714
f 4126/5789/3933 4122/5783/3929 4104/5757/3914
f 4126/5789/3933 4104/5757/3914 4087/5735/3897
f 4125/5788/3932 4122/5783/3929 4127/5790/3934
f 4127/5790/3934 4122/5783/3929 4126/5789/3933
f 4127/5790/3934 4126/5789/3933 4125/5788/3932
f 4126/5789/3933 4087/5735/3897 4083/5730/3893
f 3889/5787/3714 4125/5788/3932 4128/5791/3935
f 3889/5787/3714 4128/5791/3935 3891/5711/3716
f 4125/5788/3932 4126/5789/3933 4129/5792/3936
f 4125/5788/3932 4129/5792/3936 4128/5791/3935
f 4129/5792/3936 4126/5789/3933 4083/5730/3893
f 4128/5791/3935 4129/5792/3936 3891/5711/3716
f 3891/5711/3716 4129/5792/3936 4074/5710/3884
f 4129/5792/3936 4083/5730/3893 4130/5793/3937
f 4129/5792/3936 4130/5793/3937 4074/5710/3884
f 4130/5793/3937 4083/5730/3893 4078/5718/3888
f 4074/5710/3884 4130/5793/3937 4076/5714/3886
f 4076/5714/3886 4130/5793/3937 4078/5718/3888
f 3906/5794/34 2946/5795/34 3821/5796/34
f 3906/5794/34 3821/5796/34 4020/5797/34
f 3906/5794/34 4020/5797/34 4131/5798/34
f 3906/5794/34 4131/5798/34 3907/5799/34
f 3907/5799/34 4131/5798/34 4132/5800/3730
f 4131/5798/34 4020/5797/34 4023/5801/3836
f 4132/5800/3730 4131/5798/34 4133/5802/3938
f 4133/5802/3938 4131/5798/34 4023/5801/3836
f 4132/5800/3730 4133/5802/3938 4134/5803/3939
f 4134/5803/3939 4133/5802/3938 4135/5804/3940
f 4133/5802/3938 4023/5801/3836 4136/5805/3941
f 4133/5802/3938 4136/5805/3941 4137/5806/660
f 4137/5806/660 4136/5805/3941 4138/5807/3942
f 4136/5805/3941 4023/5801/3836 4139/5808/3943
f 4136/5805/3941 4139/5808/3943 4138/5807/3942
f 4138/5807/3942 4139/5808/3943 4140/5809/3944
f 4138/5807/3942 4140/5809/3944 4141/5810/3945
f 4139/5808/3943 4023/5801/3836 4142/5811/3946
f 4139/5808/3943 4142/5811/3946 4140/5809/3944
f 4142/5811/3946 4023/5801/3836 4143/5812/3947
f 4143/5812/3947 4023/5801/3836 4028/5813/3840
f 4141/5810/3945 4140/5809/3944 4144/5814/3948
f 4143/5812/3947 4028/5813/3840 4145/5815/3949
f 4143/5812/3947 4145/5815/3949 4142/5811/3946
f 4145/5815/3949 4028/5813/3840 4033/5816/3845
f 4145/5815/3949 4033/5816/3845 4146/5817/3950
f 4142/5811/3946 4145/5815/3949 4147/5818/3951
f 4142/5811/3946 4147/5818/3951 4140/5809/3944
f 4145/5815/3949 4146/5817/3950 4148/5819/3952
f 4145/5815/3949 4148/5819/3952 4147/5818/3951
f 4148/5819/3952 4146/5817/3950 4149/5820/3953
f 4140/5809/3944 4147/5818/3951 4150/5821/3872
f 4150/5821/3872 4147/5818/3951 4148/5819/3952
f 4148/5819/3952 4149/5820/3953 4151/5822/3954
f 4140/5809/3944 4150/5821/3872 4152/5823/3955
f 4152/5823/3955 4150/5821/3872 4148/5819/3952
f 4140/5809/3944 4152/5823/3955 4144/5814/3948
f 4148/5819/3952 4151/5822/3954 4153/5824/3956
f 4148/5819/3952 4153/5824/3956 4152/5823/3955
f 4144/5814/3948 4152/5823/3955 4154/5825/3957
f 4144/5814/3948 4154/5825/3957 4155/5826/3958
f 4154/5825/3957 4152/5823/3955 4156/5827/3959
f 4152/5823/3955 4153/5824/3956 4157/5828/3960
f 4152/5823/3955 4157/5828/3960 4156/5827/3959
f 4157/5828/3960 4153/5824/3956 4158/5829/3961
f 4158/5829/3961 4153/5824/3956 4159/5830/3962
f 4158/5829/3961 4159/5830/3962 4160/5831/3963
f 4158/5829/3961 4160/5831/3963 4157/5828/3960
f 4156/5827/3959 4157/5828/3960 4161/5832/3964
f 4161/5832/3964 4157/5828/3960 4160/5831/3963
f 4156/5827/3959 4161/5832/3964 4162/5833/3965
f 4161/5832/3964 4160/5831/3963 4163/5834/3966
f 4161/5832/3964 4163/5834/3966 4162/5833/3965
f 4163/5834/3966 4160/5831/3963 4164/5835/3967
f 4162/5833/3965 4163/5834/3966 4165/5836/3968
f 4166/5837/3969 3601/5838/3446 3599/5839/3444
f 3601/5838/3446 4166/5837/3969 4016/5840/3833
f 4016/5840/3833 4166/5837/3969 4167/5841/3970
f 4016/5840/3833 4167/5841/3970 4015/5842/3832
f 4166/5837/3969 3599/5839/3444 4168/5843/3971
f 4167/5841/3970 4166/5837/3969 4169/5844/3972
f 4169/5844/3972 4166/5837/3969 4168/5843/3971
f 4168/5843/3971 3599/5839/3444 4170/5845/3973
f 4170/5845/3973 3599/5839/3444 3598/5846/3443
f 4169/5844/3972 4168/5843/3971 4171/5847/3974
f 4170/5845/3973 3598/5846/3443 4172/5848/3975
f 4172/5848/3975 3598/5846/3443 3593/5849/3438
f 4172/5848/3975 3593/5849/3438 3592/5850/3437
f 4168/5843/3971 4170/5845/3973 4173/5851/3976
f 4168/5843/3971 4173/5851/3976 4171/5847/3974
f 4170/5845/3973 4172/5848/3975 4174/5852/873
f 4170/5845/3973 4174/5852/873 4173/5851/3976
f 4172/5848/3975 3592/5850/3437 4175/5853/3977
f 4172/5848/3975 4175/5853/3977 4174/5852/873
f 4175/5853/3977 3592/5850/3437 3591/5854/3436
f 4173/5851/3976 4174/5852/873 4176/5855/3978
f 4173/5851/3976 4176/5855/3978 4171/5847/3974
f 4176/5855/3978 4174/5852/873 4175/5853/3977
f 4175/5853/3977 3591/5854/3436 4177/5856/3979
f 4175/5853/3977 4177/5856/3979 4176/5855/3978
f 4177/5856/3979 3591/5854/3436 4178/5857/3980
f 4177/5856/3979 4178/5857/3980 4179/5858/3981
f 4177/5856/3979 4179/5858/3981 4176/5855/3978
f 4171/5847/3974 4176/5855/3978 4180/5859/3982
f 4171/5847/3974 4180/5859/3982 4169/5844/3972
f 4169/5844/3972 4180/5859/3982 4167/5841/3970
f 4180/5859/3982 4176/5855/3978 4181/5860/3983
f 4181/5860/3983 4176/5855/3978 4179/5858/3981
f 4180/5859/3982 4181/5860/3983 4167/5841/3970
f 4167/5841/3970 4181/5860/3983 4182/5861/3984
f 4181/5860/3983 4179/5858/3981 4183/5862/3985
f 4181/5860/3983 4183/5862/3985 4182/5861/3984
f 4167/5841/3970 4182/5861/3984 4184/5863/3986
f 4184/5863/3986 4182/5861/3984 4183/5862/3985
f 4183/5862/3985 4179/5858/3981 4185/5864/3987
f 4185/5864/3987 4179/5858/3981 4186/5865/3988
f 4183/5862/3985 4185/5864/3987 4187/5866/3989
f 4183/5862/3985 4187/5866/3989 4184/5863/3986
f 4185/5864/3987 4186/5865/3988 4188/5867/3990
f 4185/5864/3987 4188/5867/3990 4187/5866/3989
f 4188/5867/3990 4186/5865/3988 4189/5868/3991
f 4188/5867/3990 4189/5868/3991 4190/5869/3992
f 4188/5867/3990 4190/5869/3992 4191/5870/3993
f 4191/5870/3993 4190/5869/3992 4192/5871/3994
f 4188/5867/3990 4191/5870/3993 4193/5872/3995
f 4193/5872/3995 4191/5870/3993 4192/5871/3994
f 4187/5866/3989 4188/5867/3990 4194/5873/3996
f 4194/5873/3996 4188/5867/3990 4193/5872/3995
f 4187/5866/3989 4194/5873/3996 4195/5874/3997
f 4187/5866/3989 4195/5874/3997 4184/5863/3986
f 4194/5873/3996 4193/5872/3995 4196/5875/3998
f 4194/5873/3996 4196/5875/3998 4195/5874/3997
f 4193/5872/3995 4192/5871/3994 4197/5876/3999
f 4193/5872/3995 4197/5876/3999 4196/5875/3998
f 4197/5876/3999 4192/5871/3994 4198/5877/4000
f 4196/5875/3998 4197/5876/3999 4199/5878/4001
f 4197/5876/3999 4198/5877/4000 4200/5879/4002
f 4197/5876/3999 4200/5879/4002 4199/5878/4001
f 4196/5875/3998 4199/5878/4001 4201/5880/4003
f 4201/5880/4003 4199/5878/4001 4200/5879/4002
f 4200/5879/4002 4198/5877/4000 4202/5881/4004
f 4202/5881/4004 4198/5877/4000 4203/5882/4005
f 4202/5881/4004 4203/5882/4005 4204/5883/4006
f 4202/5881/4004 4204/5883/4006 4200/5879/4002
f 4204/5883/4006 4203/5882/4005 4205/5884/4007
f 4200/5879/4002 4204/5883/4006 4206/5885/4008
f 4206/5885/4008 4204/5883/4006 4205/5884/4007
f 4200/5879/4002 4206/5885/4008 4201/5880/4003
f 4206/5885/4008 4205/5884/4007 4207/5886/4009
f 4206/5885/4008 4207/5886/4009 4208/5887/4010
f 4201/5880/4003 4206/5885/4008 3784/5888/3620
f 4201/5880/4003 3784/5888/3620 4209/5889/4011
f 4209/5889/4011 3784/5888/3620 3782/5890/3618
f 4209/5889/4011 3782/5890/3618 3780/5891/3616
f 4201/5880/4003 4209/5889/4011 4210/5892/4012
f 4210/5892/4012 4209/5889/4011 3780/5891/3616
f 4201/5880/4003 4210/5892/4012 4196/5875/3998
f 4196/5875/3998 4210/5892/4012 4195/5874/3997
f 4210/5892/4012 3780/5891/3616 4211/5893/4013
f 4211/5893/4013 3780/5891/3616 3777/5894/3613
f 4195/5874/3997 4210/5892/4012 4212/5895/4014
f 4195/5874/3997 4212/5895/4014 4184/5863/3986
f 4211/5893/4013 3777/5894/3613 4213/5896/4015
f 4213/5896/4015 3777/5894/3613 3778/5897/3614
f 4213/5896/4015 3778/5897/3614 4015/5842/3832
f 4213/5896/4015 4015/5842/3832 4211/5893/4013
f 4210/5892/4012 4211/5893/4013 4214/5898/4016
f 4210/5892/4012 4214/5898/4016 4212/5895/4014
f 4214/5898/4016 4211/5893/4013 4015/5842/3832
f 4215/5899/4017 4184/5863/3986 4212/5895/4014
f 4215/5899/4017 4212/5895/4014 4214/5898/4016
f 4184/5863/3986 4215/5899/4017 4167/5841/3970
f 4167/5841/3970 4215/5899/4017 4015/5842/3832
f 4214/5898/4016 4015/5842/3832 4216/5900/4018
f 4214/5898/4016 4216/5900/4018 4215/5899/4017
f 4215/5899/4017 4216/5900/4018 4015/5842/3832
f 4217/5901/4019 4218/5902/4020 3192/5903/3060
f 4217/5901/4019 3192/5903/3060 4062/5904/3872
f 3192/5903/3060 4218/5902/4020 3193/5905/3061
f 4217/5901/4019 4062/5904/3872 4219/5906/4021
f 4217/5901/4019 4219/5906/4021 4218/5902/4020
f 4219/5906/4021 4062/5904/3872 4063/5907/3873
f 4218/5902/4020 4219/5906/4021 4220/5908/4022
f 4220/5908/4022 4219/5906/4021 4063/5907/3873
f 3193/5905/3061 4218/5902/4020 4221/5909/4023
f 4221/5909/4023 4218/5902/4020 4220/5908/4022
f 3193/5905/3061 4221/5909/4023 3542/5910/3390
f 3193/5905/3061 3542/5910/3390 3196/5911/3064
f 3196/5911/3064 3542/5910/3390 3545/5912/3393
f 3542/5910/3390 4221/5909/4023 4222/5913/4001
f 4222/5913/4001 4221/5909/4023 4220/5908/4022
f 3542/5910/3390 4222/5913/4001 4223/5914/4024
f 3542/5910/3390 4223/5914/4024 3540/5915/3388
f 3540/5915/3388 4223/5914/4024 3526/5916/3376
f 4223/5914/4024 4222/5913/4001 4224/5917/4025
f 4224/5917/4025 4222/5913/4001 4220/5908/4022
f 3526/5916/3376 4223/5914/4024 4225/5918/4026
f 4225/5918/4026 4223/5914/4024 4224/5917/4025
f 3526/5916/3376 4225/5918/4026 4226/5919/4027
f 4225/5918/4026 4224/5917/4025 4227/5920/4028
f 4225/5918/4026 4227/5920/4028 4226/5919/4027
f 3526/5916/3376 4226/5919/4027 4228/5921/4029
f 4228/5921/4029 4226/5919/4027 4227/5920/4028
f 3526/5916/3376 4228/5921/4029 3522/5922/3372
f 3522/5922/3372 4228/5921/4029 4229/5923/4030
f 4229/5923/4030 4228/5921/4029 4230/5924/4031
f 4230/5924/4031 4228/5921/4029 4227/5920/4028
f 4229/5923/4030 4230/5924/4031 4231/5925/4032
f 4231/5925/4032 4230/5924/4031 4227/5920/4028
f 4231/5925/4032 4227/5920/4028 4232/5926/4033
f 4231/5925/4032 4232/5926/4033 4233/5927/4034
f 4234/5928/2342 4233/5927/4034 4235/5929/4035
f 4235/5929/4035 4233/5927/4034 4236/5930/4036
f 4236/5930/4036 4233/5927/4034 4232/5926/4033
f 4236/5930/4036 4232/5926/4033 4237/5931/4037
f 4237/5931/4037 4232/5926/4033 4238/5932/4038
f 4237/5931/4037 4238/5932/4038 4239/5933/2212
f 4240/5934/4039 4232/5926/4033 4227/5920/4028
f 4232/5926/4033 4240/5934/4039 4238/5932/4038
f 4240/5934/4039 4227/5920/4028 4241/5935/4040
f 4241/5935/4040 4227/5920/4028 4224/5917/4025
f 4241/5935/4040 4224/5917/4025 4220/5908/4022
f 4240/5934/4039 4241/5935/4040 4242/5936/4041
f 4240/5934/4039 4242/5936/4041 4238/5932/4038
f 4242/5936/4041 4241/5935/4040 4220/5908/4022
f 4238/5932/4038 4242/5936/4041 4239/5933/2212
f 4242/5936/4041 4220/5908/4022 4243/5937/4042
f 4242/5936/4041 4243/5937/4042 4239/5933/2212
f 4243/5937/4042 4220/5908/4022 4063/5907/3873
f 4239/5933/2212 4243/5937/4042 4058/5938/3868
f 4058/5938/3868 4243/5937/4042 4063/5907/3873
f 3584/5939/3429 3583/5940/3428 4244/5941/4043
f 4245/5942/4044 3585/5943/3430 3584/5939/3429
f 4245/5942/4044 3584/5939/3429 4246/5944/4045
f 4245/5942/4044 4246/5944/4045 4247/5945/4046
f 4246/5944/4045 3584/5939/3429 4248/5946/4047
f 4246/5944/4045 4248/5946/4047 4247/5945/4046
f 4248/5946/4047 3584/5939/3429 4244/5941/4043
f 4244/5941/4043 3583/5940/3428 4249/5947/4048
f 4249/5947/4048 3583/5940/3428 3587/5948/3432
f 4244/5941/4043 4249/5947/4048 4250/5949/4049
f 4249/5947/4048 3587/5948/3432 4251/5950/4050
f 4251/5950/4050 3587/5948/3432 3589/5951/3434
f 4251/5950/4050 3589/5951/3434 3707/5952/3549
f 4250/5949/4049 4249/5947/4048 4252/5953/4051
f 4252/5953/4051 4249/5947/4048 4251/5950/4050
f 4244/5941/4043 4250/5949/4049 4253/5954/4052
f 4244/5941/4043 4253/5954/4052 4248/5946/4047
f 4253/5954/4052 4250/5949/4049 4252/5953/4051
f 4251/5950/4050 3707/5952/3549 3708/5955/3550
f 4252/5953/4051 4251/5950/4050 4254/5956/4053
f 4251/5950/4050 3708/5955/3550 4255/5957/4054
f 4251/5950/4050 4255/5957/4054 4254/5956/4053
f 4255/5957/4054 3708/5955/3550 4256/5958/4055
f 4256/5958/4055 3708/5955/3550 4257/5959/4056
f 4257/5959/4056 3708/5955/3550 3709/5960/3551
f 4255/5957/4054 4256/5958/4055 4258/5961/4057
f 4258/5961/4057 4256/5958/4055 4257/5959/4056
f 4255/5957/4054 4258/5961/4057 4259/5962/4058
f 4259/5962/4058 4258/5961/4057 4257/5959/4056
f 4257/5959/4056 3709/5960/3551 3711/5963/3553
f 4255/5957/4054 4259/5962/4058 4260/5964/4059
f 4260/5964/4059 4259/5962/4058 4257/5959/4056
f 4260/5964/4059 4257/5959/4056 3711/5963/3553
f 4255/5957/4054 4260/5964/4059 4254/5956/4053
f 4260/5964/4059 3711/5963/3553 4261/5965/4060
f 4260/5964/4059 4261/5965/4060 4254/5956/4053
f 4261/5965/4060 3711/5963/3553 3710/5966/3552
f 4261/5965/4060 3710/5966/3552 3392/5967/3247
f 4261/5965/4060 3392/5967/3247 3397/5968/3251
f 3397/5968/3251 3392/5967/3247 3393/5969/3248
f 4261/5965/4060 3397/5968/3251 4262/5970/4061
f 4261/5965/4060 4262/5970/4061 4254/5956/4053
f 4262/5970/4061 3397/5968/3251 3396/5971/3250
f 4254/5956/4053 4262/5970/4061 4263/5972/4062
f 4263/5972/4062 4262/5970/4061 3396/5971/3250
f 4254/5956/4053 4263/5972/4062 4252/5953/4051
f 4263/5972/4062 3396/5971/3250 3480/5973/3331
f 4252/5953/4051 4263/5972/4062 4264/5974/4063
f 4264/5974/4063 4263/5972/4062 3480/5973/3331
f 4264/5974/4063 3480/5973/3331 3481/5975/3332
f 4252/5953/4051 4264/5974/4063 4253/5954/4052
f 4264/5974/4063 3481/5975/3332 4265/5976/4064
f 4265/5976/4064 3481/5975/3332 3478/5977/3329
f 4264/5974/4063 4265/5976/4064 4266/5978/4065
f 4264/5974/4063 4266/5978/4065 4253/5954/4052
f 4265/5976/4064 3478/5977/3329 4267/5979/4066
f 4267/5979/4066 3478/5977/3329 3482/5980/3333
f 4266/5978/4065 4265/5976/4064 4268/5981/4067
f 4268/5981/4067 4265/5976/4064 4267/5979/4066
f 4267/5979/4066 3482/5980/3333 4269/5982/4068
f 4267/5979/4066 4269/5982/4068 4268/5981/4067
f 4269/5982/4068 3482/5980/3333 4270/5983/4069
f 4269/5982/4068 4270/5983/4069 4271/5984/4070
f 4269/5982/4068 4271/5984/4070 4272/5985/4071
f 4269/5982/4068 4272/5985/4071 4273/5986/4072
f 4273/5986/4072 4272/5985/4071 4274/5987/4073
f 4268/5981/4067 4269/5982/4068 4275/5988/4074
f 4268/5981/4067 4275/5988/4074 4266/5978/4065
f 4275/5988/4074 4269/5982/4068 4273/5986/4072
f 4273/5986/4072 4274/5987/4073 4276/5989/4075
f 4266/5978/4065 4275/5988/4074 4277/5990/4076
f 4277/5990/4076 4275/5988/4074 4273/5986/4072
f 4266/5978/4065 4277/5990/4076 4253/5954/4052
f 4273/5986/4072 4276/5989/4075 4278/5991/4077
f 4273/5986/4072 4278/5991/4077 4277/5990/4076
f 4278/5991/4077 4276/5989/4075 4279/5992/4078
f 4278/5991/4077 4279/5992/4078 4247/5945/4046
f 4277/5990/4076 4278/5991/4077 4280/5993/4079
f 4277/5990/4076 4280/5993/4079 4253/5954/4052
f 4278/5991/4077 4247/5945/4046 4281/5994/4080
f 4278/5991/4077 4281/5994/4080 4280/5993/4079
f 4280/5993/4079 4281/5994/4080 4253/5954/4052
f 4281/5994/4080 4247/5945/4046 4248/5946/4047
f 4281/5994/4080 4248/5946/4047 4253/5954/4052
f 4245/5995/4044 3591/5996/3436 3585/5997/3430
f 3591/5996/3436 4245/5995/4044 4282/5998/4081
f 3591/5996/3436 4282/5998/4081 4178/5999/3980
f 4282/5998/4081 4245/5995/4044 4247/6000/4046
f 4178/5999/3980 4282/5998/4081 4283/6001/4082
f 4178/5999/3980 4283/6001/4082 4179/6002/3981
f 4179/6002/3981 4283/6001/4082 4186/6003/3988
f 4283/6001/4082 4282/5998/4081 4284/6004/4083
f 4282/5998/4081 4247/6000/4046 4285/6005/4084
f 4284/6004/4083 4282/5998/4081 4286/6006/4085
f 4286/6006/4085 4282/5998/4081 4285/6005/4084
f 4284/6004/4083 4286/6006/4085 4287/6007/4086
f 4287/6007/4086 4286/6006/4085 4285/6005/4084
f 4284/6004/4083 4287/6007/4086 4283/6001/4082
f 4287/6007/4086 4285/6005/4084 4247/6000/4046
f 4287/6007/4086 4247/6000/4046 4288/6008/4087
f 4288/6008/4087 4247/6000/4046 4279/6009/4078
f 4283/6001/4082 4287/6007/4086 4289/6010/4088
f 4283/6001/4082 4289/6010/4088 4186/6003/3988
f 4287/6007/4086 4288/6008/4087 4290/6011/4089
f 4287/6007/4086 4290/6011/4089 4289/6010/4088
f 4290/6011/4089 4288/6008/4087 4291/6012/4090
f 4290/6011/4089 4291/6012/4090 4292/6013/4091
f 4290/6011/4089 4292/6013/4091 4289/6010/4088
f 4292/6013/4091 4291/6012/4090 4293/6014/4092
f 4186/6003/3988 4289/6010/4088 4294/6015/4093
f 4294/6015/4093 4289/6010/4088 4292/6013/4091
f 4186/6003/3988 4294/6015/4093 4189/6016/3991
f 4292/6013/4091 4293/6014/4092 4295/6017/4094
f 4292/6013/4091 4295/6017/4094 4294/6015/4093
f 4189/6016/3991 4294/6015/4093 4296/6018/4095
f 4189/6016/3991 4296/6018/4095 4190/6019/3992
f 4294/6015/4093 4295/6017/4094 4297/6020/4096
f 4294/6015/4093 4297/6020/4096 4296/6018/4095
f 4190/6019/3992 4296/6018/4095 4298/6021/4097
f 4298/6021/4097 4296/6018/4095 4297/6020/4096
f 4190/6019/3992 4298/6021/4097 4192/6022/3994
f 4192/6022/3994 4298/6021/4097 4198/6023/4000
f 4198/6023/4000 4298/6021/4097 4203/6024/4005
f 4297/6020/4096 4295/6017/4094 4299/6025/4098
f 4299/6025/4098 4295/6017/4094 4300/6026/4099
f 4300/6026/4099 4295/6017/4094 4293/6014/4092
f 4297/6020/4096 4299/6025/4098 4301/6027/4100
f 4297/6020/4096 4301/6027/4100 4298/6021/4097
f 4301/6027/4100 4299/6025/4098 4302/6028/4101
f 4302/6028/4101 4299/6025/4098 4300/6026/4099
f 4298/6021/4097 4301/6027/4100 4303/6029/4102
f 4298/6021/4097 4303/6029/4102 4203/6024/4005
f 4303/6029/4102 4301/6027/4100 4304/6030/4103
f 4304/6030/4103 4301/6027/4100 4302/6028/4101
f 4203/6024/4005 4303/6029/4102 4305/6031/4104
f 4305/6031/4104 4303/6029/4102 4304/6030/4103
f 4203/6024/4005 4305/6031/4104 4205/6032/4007
f 4304/6030/4103 4302/6028/4101 4306/6033/4105
f 4304/6030/4103 4306/6033/4105 4305/6031/4104
f 4307/6034/4106 4302/6028/4101 4300/6026/4099
f 4205/6032/4007 4305/6031/4104 4308/6035/4107
f 4308/6035/4107 4305/6031/4104 4306/6033/4105
f 4205/6032/4007 4308/6035/4107 4207/6036/4009
f 4302/6028/4101 4307/6034/4106 4309/6037/4108
f 4302/6028/4101 4309/6037/4108 4306/6033/4105
f 4307/6034/4106 4300/6026/4099 4310/6038/4109
f 4307/6034/4106 4310/6038/4109 4309/6037/4108
f 4310/6038/4109 4300/6026/4099 4311/6039/4110
f 4311/6039/4110 4300/6026/4099 4293/6014/4092
f 4311/6039/4110 4293/6014/4092 4312/6040/4111
f 4310/6038/4109 4311/6039/4110 4313/6041/4112
f 4310/6038/4109 4313/6041/4112 4309/6037/4108
f 4313/6041/4112 4311/6039/4110 4314/6042/4113
f 4313/6041/4112 4314/6042/4113 4315/6043/4114
f 4313/6041/4112 4315/6043/4114 4316/6044/4115
f 4309/6037/4108 4313/6041/4112 4317/6045/4116
f 4317/6045/4116 4313/6041/4112 4316/6044/4115
f 4309/6037/4108 4317/6045/4116 4306/6033/4105
f 4317/6045/4116 4316/6044/4115 4318/6046/4117
f 4317/6045/4116 4318/6046/4117 4319/6047/4118
f 4306/6033/4105 4317/6045/4116 4320/6048/4119
f 4306/6033/4105 4320/6048/4119 4308/6035/4107
f 4320/6048/4119 4317/6045/4116 4321/6049/4120
f 4321/6049/4120 4317/6045/4116 4319/6047/4118
f 4308/6035/4107 4320/6048/4119 4322/6050/4121
f 4308/6035/4107 4322/6050/4121 4207/6036/4009
f 4320/6048/4119 4321/6049/4120 4323/6051/4122
f 4320/6048/4119 4323/6051/4122 4322/6050/4121
f 4207/6036/4009 4322/6050/4121 4324/6052/4123
f 4207/6036/4009 4324/6052/4123 4208/6053/4010
f 4208/6053/4010 4324/6052/4123 3805/6054/3636
f 3805/6054/3636 4324/6052/4123 4325/6055/4124
f 4325/6055/4124 4324/6052/4123 4322/6050/4121
f 3805/6054/3636 4325/6055/4124 3799/6056/3631
f 3799/6056/3631 4325/6055/4124 3800/6057/34
f 3800/6057/34 4325/6055/4124 4326/6058/4125
f 4325/6055/4124 4322/6050/4121 4327/6059/4126
f 4327/6059/4126 4322/6050/4121 4323/6051/4122
f 4325/6055/4124 4327/6059/4126 4328/6060/4127
f 4325/6055/4124 4328/6060/4127 4326/6058/4125
f 4328/6060/4127 4327/6059/4126 4329/6061/4128
f 4328/6060/4127 4329/6061/4128 4326/6058/4125
f 4327/6059/4126 4323/6051/4122 4330/6062/4129
f 4327/6059/4126 4330/6062/4129 4329/6061/4128
f 4330/6062/4129 4323/6051/4122 4321/6049/4120
f 4330/6062/4129 4321/6049/4120 4319/6047/4118
f 4326/6058/4125 4319/6047/4118 4318/6046/4117
f 4329/6061/4128 4330/6062/4129 4331/6063/4130
f 4329/6061/4128 4331/6063/4130 4326/6058/4125
f 4331/6063/4130 4330/6062/4129 4319/6047/4118
f 4319/6047/4118 4326/6058/4125 4332/6064/4131
f 4319/6047/4118 4332/6064/4131 4331/6063/4130
f 4331/6063/4130 4332/6064/4131 4326/6058/4125
f 3631/6065/3474 3627/6066/3470 3628/6067/3471
f 3627/6066/3470 3631/6065/3474 4333/6068/4132
f 3627/6066/3470 4333/6068/4132 3987/6069/3804
f 4333/6068/4132 3631/6065/3474 4334/6070/4133
f 4334/6070/4133 3631/6065/3474 3632/6071/3475
f 4334/6070/4133 3632/6071/3475 3634/6072/3477
f 4334/6070/4133 3634/6072/3477 4335/6073/3615
f 4334/6070/4133 4335/6073/3615 4333/6068/4132
f 4335/6073/3615 3634/6072/3477 3635/6074/3478
f 3987/6069/3804 4333/6068/4132 4336/6075/4134
f 3987/6069/3804 4336/6075/4134 3984/6076/3801
f 3984/6076/3801 4336/6075/4134 4337/6077/4135
f 4337/6077/4135 4336/6075/4134 4338/6078/4136
f 4338/6078/4136 4336/6075/4134 4339/6079/4137
f 4339/6079/4137 4336/6075/4134 4333/6068/4132
f 4338/6078/4136 4339/6079/4137 4340/6080/4138
f 4335/6073/3615 3635/6074/3478 3636/6081/3479
f 4341/6082/4139 4333/6068/4132 4335/6073/3615
f 4333/6068/4132 4341/6082/4139 4339/6079/4137
f 4335/6073/3615 3636/6081/3479 4342/6083/3344
f 4340/6080/4138 4339/6079/4137 4343/6084/4140
f 4340/6080/4138 4343/6084/4140 4344/6085/4141
f 4339/6079/4137 4341/6082/4139 4345/6086/4142
f 4344/6085/4141 4343/6084/4140 4346/6087/4143
f 4341/6082/4139 4335/6073/3615 4347/6088/4144
f 4347/6088/4144 4335/6073/3615 4342/6083/3344
f 4339/6079/4137 4345/6086/4142 4348/6089/4145
f 4339/6079/4137 4348/6089/4145 4343/6084/4140
f 4345/6086/4142 4341/6082/4139 4349/6090/4146
f 4349/6090/4146 4341/6082/4139 4347/6088/4144
f 4345/6086/4142 4349/6090/4146 4348/6089/4145
f 4347/6088/4144 4342/6083/3344 4350/6091/4147
f 4347/6088/4144 4350/6091/4147 4349/6090/4146
f 4348/6089/4145 4349/6090/4146 4351/6092/4148
f 4351/6092/4148 4349/6090/4146 4350/6091/4147
f 4352/6093/4149 4343/6084/4140 4348/6089/4145
f 4343/6084/4140 4352/6093/4149 4346/6087/4143
f 4348/6089/4145 4351/6092/4148 4353/6094/4150
f 4348/6089/4145 4353/6094/4150 4352/6093/4149
f 4353/6094/4150 4351/6092/4148 4354/6095/4151
f 4354/6095/4151 4351/6092/4148 4350/6091/4147
f 4352/6093/4149 4353/6094/4150 4355/6096/4152
f 4355/6096/4152 4353/6094/4150 4354/6095/4151
f 4346/6087/4143 4352/6093/4149 4356/6097/4153
f 4356/6097/4153 4352/6093/4149 4355/6096/4152
f 4346/6087/4143 4356/6097/4153 4344/6085/4141
f 4344/6085/4141 4356/6097/4153 4357/6098/4154
f 4357/6098/4154 4356/6097/4153 4358/6099/4155
f 4358/6099/4155 4356/6097/4153 4359/6100/4156
f 4359/6100/4156 4356/6097/4153 4355/6096/4152
f 4359/6100/4156 4355/6096/4152 4360/6101/4157
f 4360/6101/4157 4355/6096/4152 4354/6095/4151
f 4360/6101/4157 4354/6095/4151 4361/6102/4158
f 4361/6102/4158 4354/6095/4151 4362/6103/4159
f 4362/6103/4159 4354/6095/4151 4350/6091/4147
f 4362/6103/4159 4350/6091/4147 4363/6104/4160
f 4362/6103/4159 4363/6104/4160 4364/6105/4161
f 4364/6105/4161 4363/6104/4160 4097/6106/3907
f 4097/6106/3907 4363/6104/4160 4095/6107/3905
f 4363/6104/4160 4350/6091/4147 4365/6108/4162
f 4363/6104/4160 4365/6108/4162 4095/6107/3905
f 4365/6108/4162 4350/6091/4147 4342/6083/3344
f 4095/6107/3905 4365/6108/4162 4366/6109/4163
f 4366/6109/4163 4365/6108/4162 4342/6083/3344
f 4095/6107/3905 4366/6109/4163 4094/6110/3904
f 4366/6109/4163 4342/6083/3344 3636/6081/3479
f 4366/6109/4163 3636/6081/3479 4094/6110/3904
f 4094/6110/3904 3636/6081/3479 3637/6111/3480
f 3483/6112/3334 4270/6113/4069 3482/6114/3333
f 4270/6113/4069 3483/6112/3334 4271/6115/4070
f 4271/6115/4070 3483/6112/3334 3485/6116/3336
f 4271/6115/4070 3485/6116/3336 4367/6117/4164
f 4367/6117/4164 3485/6116/3336 4368/6118/4165
f 4368/6118/4165 3485/6116/3336 3487/6119/3338
f 4271/6115/4070 4367/6117/4164 4369/6120/4166
f 4367/6117/4164 4368/6118/4165 4370/6121/4167
f 4367/6117/4164 4370/6121/4167 4371/6122/1764
f 4367/6117/4164 4371/6122/1764 4369/6120/4166
f 4370/6121/4167 4368/6118/4165 4372/6123/4168
f 4370/6121/4167 4372/6123/4168 4371/6122/1764
f 4372/6123/4168 4368/6118/4165 4373/6124/4169
f 4372/6123/4168 4373/6124/4169 4371/6122/1764
f 4373/6124/4169 4368/6118/4165 4374/6125/4170
f 4373/6124/4169 4374/6125/4170 4371/6122/1764
f 4374/6125/4170 4368/6118/4165 3487/6119/3338
f 4375/6126/4171 4369/6120/4166 4371/6122/1764
f 4375/6126/4171 4371/6122/1764 4374/6125/4170
f 4374/6125/4170 3487/6119/3338 4376/6127/4172
f 4376/6127/4172 3487/6119/3338 4377/6128/4173
f 4376/6127/4172 4377/6128/4173 4374/6125/4170
f 4377/6128/4173 3487/6119/3338 3488/6129/3339
f 4377/6128/4173 3488/6129/3339 3490/6130/3341
f 4377/6128/4173 3490/6130/3341 3494/6131/3345
f 4374/6125/4170 4377/6128/4173 4378/6132/4174
f 4378/6132/4174 4377/6128/4173 3494/6131/3345
f 4379/6133/4175 4375/6126/4171 4374/6125/4170
f 4379/6133/4175 4374/6125/4170 4378/6132/4174
f 4379/6133/4175 4378/6132/4174 4380/6134/4176
f 4380/6134/4176 4378/6132/4174 3494/6131/3345
f 4375/6126/4171 4379/6133/4175 4381/6135/4177
f 4381/6135/4177 4379/6133/4175 4380/6134/4176
f 4375/6126/4171 4381/6135/4177 4382/6136/4178
f 4375/6126/4171 4382/6136/4178 4369/6120/4166
f 4381/6135/4177 4380/6134/4176 4383/6137/4179
f 4381/6135/4177 4383/6137/4179 4382/6136/4178
f 4383/6137/4179 4380/6134/4176 3494/6131/3345
f 3493/6138/3344 3499/6139/3350 3494/6131/3345
f 3494/6131/3345 3499/6139/3350 4384/6140/4180
f 4384/6140/4180 3499/6139/3350 3500/6141/3351
f 3494/6131/3345 4384/6140/4180 4385/6142/4181
f 3494/6131/3345 4385/6142/4181 4383/6137/4179
f 4384/6140/4180 3500/6141/3351 4386/6143/4182
f 4386/6143/4182 3500/6141/3351 4387/6144/4183
f 4385/6142/4181 4384/6140/4180 4388/6145/4184
f 4388/6145/4184 4384/6140/4180 4386/6143/4182
f 4386/6143/4182 4387/6144/4183 4389/6146/4185
f 4388/6145/4184 4386/6143/4182 4390/6147/4186
f 4390/6147/4186 4386/6143/4182 4389/6146/4185
f 4385/6142/4181 4388/6145/4184 4391/6148/4187
f 4391/6148/4187 4388/6145/4184 4390/6147/4186
f 4385/6142/4181 4391/6148/4187 4392/6149/4188
f 4385/6142/4181 4392/6149/4188 4383/6137/4179
f 4391/6148/4187 4390/6147/4186 4393/6150/4189
f 4391/6148/4187 4393/6150/4189 4392/6149/4188
f 4383/6137/4179 4392/6149/4188 4394/6151/4190
f 4394/6151/4190 4392/6149/4188 4393/6150/4189
f 4383/6137/4179 4394/6151/4190 4395/6152/3245
f 4383/6137/4179 4395/6152/3245 4396/6153/4191
f 4395/6152/3245 4394/6151/4190 4397/6154/4192
f 4395/6152/3245 4397/6154/4192 4396/6153/4191
f 4397/6154/4192 4394/6151/4190 4393/6150/4189
f 4383/6137/4179 4396/6153/4191 4382/6136/4178
f 4397/6154/4192 4393/6150/4189 4398/6155/4193
f 4398/6155/4193 4393/6150/4189 4040/6156/3851
f 4397/6154/4192 4398/6155/4193 4399/6157/4194
f 4397/6154/4192 4399/6157/4194 4396/6153/4191
f 4399/6157/4194 4398/6155/4193 4400/6158/4195
f 4040/6156/3851 4393/6150/4189 4401/6159/4196
f 4401/6159/4196 4393/6150/4189 4390/6147/4186
f 4040/6156/3851 4401/6159/4196 4038/6160/3849
f 4401/6159/4196 4390/6147/4186 4389/6146/4185
f 4401/6159/4196 4389/6146/4185 4038/6160/3849
f 4402/6161/4197 4403/6162/4198 4400/6158/4195
f 4400/6158/4195 4403/6162/4198 4404/6163/4199
f 4405/6164/4200 4399/6157/4194 4400/6158/4195
f 4405/6164/4200 4400/6158/4195 4404/6163/4199
f 4038/6160/3849 4389/6146/4185 4406/6165/4201
f 4038/6160/3849 4406/6165/4201 3240/6166/34
f 3240/6166/34 4406/6165/4201 4407/6167/4202
f 3240/6166/34 4407/6167/4202 3242/6168/3101
f 4406/6165/4201 4389/6146/4185 4408/6169/4203
f 4406/6165/4201 4408/6169/4203 4407/6167/4202
f 4407/6167/4202 4408/6169/4203 4409/6170/4204
f 4408/6169/4203 4389/6146/4185 4387/6144/4183
f 4408/6169/4203 4387/6144/4183 4410/6171/4205
f 4411/6172/4206 4399/6157/4194 4405/6164/4200
f 4399/6157/4194 4411/6172/4206 4396/6153/4191
f 4411/6172/4206 4405/6164/4200 4412/6173/4207
f 4412/6173/4207 4405/6164/4200 4404/6163/4199
f 4396/6153/4191 4411/6172/4206 4413/6174/4208
f 4411/6172/4206 4412/6173/4207 4414/6175/4209
f 4411/6172/4206 4414/6175/4209 4413/6174/4208
f 4414/6175/4209 4412/6173/4207 4415/6176/4210
f 4415/6176/4210 4412/6173/4207 4404/6163/4199
f 4414/6175/4209 4415/6176/4210 4413/6174/4208
f 4396/6153/4191 4413/6174/4208 4382/6136/4178
f 4415/6176/4210 4404/6163/4199 4293/6177/4092
f 4293/6177/4092 4404/6163/4199 4416/6178/4211
f 4293/6177/4092 4416/6178/4211 4312/6179/4111
f 4415/6176/4210 4293/6177/4092 4417/6180/4212
f 4417/6180/4212 4293/6177/4092 4291/6181/4090
f 4413/6174/4208 4415/6176/4210 4418/6182/2345
f 4418/6182/2345 4415/6176/4210 4417/6180/4212
f 4417/6180/4212 4291/6181/4090 4288/6183/4087
f 4413/6174/4208 4418/6182/2345 4419/6184/4213
f 4413/6174/4208 4419/6184/4213 4382/6136/4178
f 4418/6182/2345 4417/6180/4212 4420/6185/4214
f 4418/6182/2345 4420/6185/4214 4419/6184/4213
f 4417/6180/4212 4288/6183/4087 4421/6186/4215
f 4417/6180/4212 4421/6186/4215 4420/6185/4214
f 4421/6186/4215 4288/6183/4087 4422/6187/4216
f 4421/6186/4215 4422/6187/4216 4420/6185/4214
f 4420/6185/4214 4422/6187/4216 4419/6184/4213
f 4422/6187/4216 4288/6183/4087 4279/6188/4078
f 4422/6187/4216 4279/6188/4078 4423/6189/4217
f 4423/6189/4217 4279/6188/4078 4276/6190/4075
f 4419/6184/4213 4422/6187/4216 4424/6191/4218
f 4423/6189/4217 4276/6190/4075 4425/6192/4219
f 4423/6189/4217 4425/6192/4219 4422/6187/4216
f 4422/6187/4216 4425/6192/4219 4424/6191/4218
f 4425/6192/4219 4276/6190/4075 4274/6193/4073
f 4419/6184/4213 4424/6191/4218 4426/6194/4220
f 4426/6194/4220 4424/6191/4218 4425/6192/4219
f 4426/6194/4220 4425/6192/4219 4274/6193/4073
f 4419/6184/4213 4426/6194/4220 4382/6136/4178
f 4382/6136/4178 4426/6194/4220 4427/6195/4221
f 4427/6195/4221 4426/6194/4220 4274/6193/4073
f 4382/6136/4178 4427/6195/4221 4369/6120/4166
f 4369/6120/4166 4427/6195/4221 4271/6115/4070
f 4271/6115/4070 4427/6195/4221 4274/6193/4073
f 4271/6115/4070 4274/6193/4073 4272/6196/4071
f 4239/6197/2212 4058/6198/3868 4065/6199/3875
f 4239/6197/2212 4065/6199/3875 4428/6200/4222
f 4239/6197/2212 4428/6200/4222 4237/6201/4037
f 4428/6200/4222 4065/6199/3875 4066/6202/3876
f 4237/6201/4037 4428/6200/4222 4429/6203/4223
f 4429/6203/4223 4428/6200/4222 4066/6202/3876
f 4237/6201/4037 4429/6203/4223 4236/6204/4036
f 4236/6204/4036 4429/6203/4223 4430/6205/4224
f 4236/6204/4036 4430/6205/4224 4235/6206/4035
f 4429/6203/4223 4066/6202/3876 4431/6207/4225
f 4429/6203/4223 4431/6207/4225 4430/6205/4224
f 4235/6206/4035 4430/6205/4224 4432/6208/4226
f 4432/6208/4226 4430/6205/4224 4433/6209/4227
f 4433/6209/4227 4430/6205/4224 4431/6207/4225
f 4235/6206/4035 4432/6208/4226 4434/6210/4228
f 4235/6206/4035 4434/6210/4228 4234/6211/2342
f 4234/6211/2342 4434/6210/4228 4435/6212/4229
f 4435/6212/4229 4434/6210/4228 4436/6213/4230
f 4436/6213/4230 4434/6210/4228 4437/6214/4231
f 4437/6214/4231 4434/6210/4228 4432/6208/4226
f 4436/6213/4230 4437/6214/4231 4438/6215/4232
f 4438/6215/4232 4437/6214/4231 4439/6216/4233
f 4438/6215/4232 4439/6216/4233 4440/6217/4234
f 4439/6216/4233 4437/6214/4231 4441/6218/4235
f 4439/6216/4233 4441/6218/4235 4442/6219/4236
f 4442/6219/4236 4441/6218/4235 4443/6220/4237
f 4441/6218/4235 4437/6214/4231 4444/6221/4238
f 4444/6221/4238 4437/6214/4231 4432/6208/4226
f 4441/6218/4235 4444/6221/4238 4445/6222/4239
f 4443/6220/4237 4441/6218/4235 4446/6223/4240
f 4446/6223/4240 4441/6218/4235 4445/6222/4239
f 4443/6220/4237 4446/6223/4240 4447/6224/4241
f 4445/6222/4239 4444/6221/4238 4448/6225/4242
f 4448/6225/4242 4444/6221/4238 4432/6208/4226
f 4445/6222/4239 4448/6225/4242 4446/6223/4240
f 4448/6225/4242 4432/6208/4226 4449/6226/4243
f 4449/6226/4243 4432/6208/4226 4433/6209/4227
f 4446/6223/4240 4448/6225/4242 4450/6227/4244
f 4446/6223/4240 4450/6227/4244 4447/6224/4241
f 4450/6227/4244 4448/6225/4242 4449/6226/4243
f 4449/6226/4243 4433/6209/4227 4431/6207/4225
f 4447/6224/4241 4450/6227/4244 4451/6228/4245
f 4447/6224/4241 4451/6228/4245 4452/6229/4246
f 4450/6227/4244 4449/6226/4243 4453/6230/4247
f 4450/6227/4244 4453/6230/4247 4451/6228/4245
f 4452/6229/4246 4451/6228/4245 4454/6231/4248
f 4453/6230/4247 4449/6226/4243 4455/6232/4249
f 4455/6232/4249 4449/6226/4243 4431/6207/4225
f 4451/6228/4245 4453/6230/4247 4456/6233/4250
f 4456/6233/4250 4453/6230/4247 4455/6232/4249
f 4454/6231/4248 4451/6228/4245 4457/6234/4251
f 4454/6231/4248 4457/6234/4251 4458/6235/4252
f 4454/6231/4248 4458/6235/4252 4459/6236/4253
f 4457/6234/4251 4451/6228/4245 4460/6237/4254
f 4457/6234/4251 4460/6237/4254 4458/6235/4252
f 4460/6237/4254 4451/6228/4245 4456/6233/4250
f 4458/6235/4252 4460/6237/4254 3980/6238/3797
f 3980/6238/3797 4460/6237/4254 4456/6233/4250
f 3980/6238/3797 4456/6233/4250 3978/6239/3795
f 3978/6239/3795 4456/6233/4250 4461/6240/4255
f 3978/6239/3795 4461/6240/4255 4067/6241/3877
f 4461/6240/4255 4456/6233/4250 4462/6242/4256
f 4461/6240/4255 4462/6242/4256 4067/6241/3877
f 4462/6242/4256 4456/6233/4250 4463/6243/4257
f 4463/6243/4257 4456/6233/4250 4455/6232/4249
f 4463/6243/4257 4455/6232/4249 4464/6244/4258
f 4463/6243/4257 4464/6244/4258 4462/6242/4256
f 4464/6244/4258 4455/6232/4249 4431/6207/4225
f 4067/6241/3877 4462/6242/4256 4465/6245/4259
f 4465/6245/4259 4462/6242/4256 4464/6244/4258
f 4067/6241/3877 4465/6245/4259 4466/6246/4260
f 4464/6244/4258 4431/6207/4225 4467/6247/4261
f 4067/6241/3877 4466/6246/4260 4467/6247/4261
f 4467/6247/4261 4431/6207/4225 4066/6202/3876
f 4467/6247/4261 4066/6202/3876 4067/6241/3877
f 4467/6247/4261 4466/6246/4260 4468/6248/4262
f 4468/6248/4262 4466/6246/4260 4465/6245/4259
f 4464/6244/4258 4467/6247/4261 4466/6249/4263
f 4464/6244/4258 4466/6249/4263 4465/6245/4259
f 4466/6249/4263 4467/6247/4261 4468/6248/4262
f 4466/6249/4263 4468/6248/4262 4465/6245/4259
f 4469/6250/4264 3984/6251/3801 4470/6252/4265
f 4470/6252/4265 3984/6251/3801 4471/6253/4266
f 4470/6252/4265 4471/6253/4266 4469/6250/4264
f 3984/6251/3801 4469/6250/4264 4472/6254/4267
f 4471/6253/4266 3984/6251/3801 4337/6255/4135
f 3984/6251/3801 4472/6254/4267 3982/6256/3799
f 4469/6250/4264 4471/6253/4266 4473/6257/4268
f 4473/6257/4268 4471/6253/4266 4337/6255/4135
f 4472/6254/4267 4469/6250/4264 4474/6258/4269
f 4474/6258/4269 4469/6250/4264 4473/6257/4268
f 3982/6256/3799 4472/6254/4267 4475/6259/4270
f 3982/6256/3799 4475/6259/4270 3981/6260/3798
f 3981/6260/3798 4475/6259/4270 3980/6261/3797
f 3980/6261/3797 4475/6259/4270 4476/6262/4271
f 4476/6262/4271 4475/6259/4270 4472/6254/4267
f 3980/6261/3797 4476/6262/4271 4458/6263/4252
f 4458/6263/4252 4476/6262/4271 4477/6264/4272
f 4476/6262/4271 4472/6254/4267 4478/6265/4273
f 4476/6262/4271 4478/6265/4273 4477/6264/4272
f 4477/6264/4272 4478/6265/4273 4458/6263/4252
f 4478/6265/4273 4472/6254/4267 4474/6258/4269
f 4458/6263/4252 4478/6265/4273 4479/6266/4274
f 4479/6266/4274 4478/6265/4273 4474/6258/4269
f 4458/6263/4252 4479/6266/4274 4459/6267/4253
f 4479/6266/4274 4474/6258/4269 4480/6268/4275
f 4481/6269/4276 4482/6270/4277 4479/6266/4274
f 4481/6269/4276 4479/6266/4274 4480/6268/4275
f 4162/6271/3965 4483/6272/4278 4481/6269/4276
f 4162/6271/3965 4481/6269/4276 4480/6268/4275
f 4162/6271/3965 4480/6268/4275 4156/6273/3959
f 4156/6273/3959 4480/6268/4275 4154/6274/3957
f 4154/6274/3957 4480/6268/4275 4155/6275/3958
f 4155/6275/3958 4480/6268/4275 4474/6258/4269
f 4155/6275/3958 4474/6258/4269 4473/6257/4268
f 4155/6275/3958 4473/6257/4268 4484/6276/4279
f 4155/6275/3958 4484/6276/4279 4144/6277/3948
f 4484/6276/4279 4473/6257/4268 4485/6278/4280
f 4144/6277/3948 4484/6276/4279 4486/6279/4281
f 4486/6279/4281 4484/6276/4279 4485/6278/4280
f 4485/6278/4280 4473/6257/4268 4337/6255/4135
f 4144/6277/3948 4486/6279/4281 4141/6280/3945
f 4485/6278/4280 4337/6255/4135 4340/6281/4138
f 4340/6281/4138 4337/6255/4135 4338/6282/4136
f 4485/6278/4280 4340/6281/4138 4344/6283/4141
f 4485/6278/4280 4344/6283/4141 4486/6279/4281
f 4486/6279/4281 4344/6283/4141 4357/6284/4154
f 4486/6279/4281 4357/6284/4154 4141/6280/3945
f 4141/6280/3945 4357/6284/4154 4487/6285/4282
f 4141/6280/3945 4487/6285/4282 4138/6286/3942
f 4138/6286/3942 4487/6285/4282 4137/6287/660
f 4137/6287/660 4487/6285/4282 4135/6288/3940
f 3518/6289/3369 3519/6290/3370 3522/6291/3372
f 3518/6289/3369 3522/6291/3372 4229/6292/4030
f 3518/6289/3369 4229/6292/4030 4488/6293/4283
f 3518/6289/3369 4488/6293/4283 3513/6294/3364
f 3513/6294/3364 4488/6293/4283 3516/6295/3367
f 3516/6295/3367 4488/6293/4283 4489/6296/4284
f 3516/6295/3367 4489/6296/4284 3510/6297/3361
f 4490/6298/4285 3779/6299/3615 3780/6300/3616
f 3779/6299/3615 4490/6298/4285 3782/6301/3618
f 3782/6301/3618 4490/6298/4285 4491/6302/4286
f 4490/6298/4285 3780/6300/3616 4492/6303/4287
f 4492/6303/4287 3780/6300/3616 3782/6304/3618
f 4491/6302/4286 4490/6298/4285 4493/6305/4288
f 4493/6305/4288 4490/6298/4285 4492/6303/4287
f 4492/6303/4287 3782/6304/3618 4491/6306/4286
f 4491/6302/4286 4493/6305/4288 3784/6307/3620
f 4492/6303/4287 4491/6306/4286 4206/6308/4008
f 4206/6308/4008 4491/6306/4286 3784/6309/3620
f 4492/6303/4287 4206/6308/4008 4208/6310/4010
f 4492/6303/4287 4208/6310/4010 3804/6311/3635
f 3804/6311/3635 4208/6310/4010 3805/6312/3636
f 4492/6303/4287 3804/6311/3635 4493/6305/4288
f 4493/6305/4288 3804/6311/3635 3802/6313/3633
f 4494/6314/4289 3784/6307/3620 4493/6305/4288
f 3784/6307/3620 4494/6314/4289 3783/6315/3619
f 3783/6315/3619 4494/6314/4289 3788/6316/3624
f 3788/6316/3624 4494/6314/4289 4493/6305/4288
f 3788/6316/3624 4493/6305/4288 3802/6313/3633
f 3788/6316/3624 3802/6313/3633 3794/6317/3630
f 3788/6316/3624 3794/6317/3630 3789/6318/3625
f 3789/6318/3625 3794/6317/3630 3792/6319/3628
f 3501/6320/3352 3504/6321/3355 4495/6322/4168
f 4495/6322/4168 3504/6321/3355 3506/6323/3357
f 3501/6320/3352 4495/6322/4168 4496/6324/4290
f 3501/6320/3352 4496/6324/4290 4497/6325/4291
f 3501/6320/3352 4497/6325/4291 3500/6326/3351
f 3500/6326/3351 4497/6325/4291 4387/6327/4183
f 4387/6327/4183 4497/6325/4291 4410/6328/4205
f 4410/6328/4205 4497/6325/4291 4496/6324/4290
f 4410/6328/4205 4496/6324/4290 4498/6329/4292
f 4410/6328/4205 4498/6329/4292 4408/6330/4203
f 4499/6331/4293 4496/6324/4290 4495/6322/4168
f 4496/6324/4290 4499/6331/4293 4498/6329/4292
f 4408/6330/4203 4498/6329/4292 4500/6332/4294
f 4500/6332/4294 4498/6329/4292 4499/6331/4293
f 4499/6331/4293 4495/6322/4168 4501/6333/4295
f 4499/6331/4293 4501/6333/4295 4500/6332/4294
f 4501/6333/4295 4495/6322/4168 3506/6323/3357
f 4408/6330/4203 4500/6332/4294 4409/6334/4204
f 4500/6332/4294 4501/6333/4295 4502/6335/4296
f 4409/6334/4204 4500/6332/4294 4503/6336/4297
f 4503/6336/4297 4500/6332/4294 4502/6335/4296
f 4407/6337/4202 4409/6334/4204 3242/6338/3101
f 3242/6338/3101 4409/6334/4204 4504/6339/4298
f 4504/6339/4298 4409/6334/4204 4503/6336/4297
f 3242/6338/3101 4504/6339/4298 3241/6340/34
f 3241/6340/34 4504/6339/4298 4505/6341/4299
f 4505/6341/4299 4504/6339/4298 4503/6336/4297
f 3241/6340/34 4505/6341/4299 4026/6342/3838
f 4505/6341/4299 4503/6336/4297 4506/6343/4300
f 4505/6341/4299 4506/6343/4300 4026/6342/3838
f 4506/6343/4300 4503/6336/4297 4502/6335/4296
f 4026/6342/3838 4506/6343/4300 4027/6344/3839
f 4027/6344/3839 4506/6343/4300 4507/6345/4301
f 4507/6345/4301 4506/6343/4300 4502/6335/4296
f 4027/6344/3839 4507/6345/4301 4508/6346/4302
f 4509/6347/4303 4502/6335/4296 4501/6333/4295
f 4509/6347/4303 4501/6333/4295 3506/6323/3357
f 4507/6345/4301 4502/6335/4296 4510/6348/4304
f 4510/6348/4304 4502/6335/4296 4509/6347/4303
f 4507/6345/4301 4510/6348/4304 4511/6349/4305
f 4510/6348/4304 4509/6347/4303 4512/6350/4306
f 4510/6348/4304 4512/6350/4306 4511/6349/4305
f 4509/6347/4303 3506/6323/3357 4513/6351/4307
f 4509/6347/4303 4513/6351/4307 4512/6350/4306
f 4513/6351/4307 3506/6323/3357 4514/6352/4308
f 4514/6352/4308 3506/6323/3357 3511/6353/3362
f 4514/6352/4308 3511/6353/3362 4515/6354/4309
f 4513/6351/4307 4514/6352/4308 4516/6355/4310
f 4516/6355/4310 4514/6352/4308 4515/6354/4309
f 4513/6351/4307 4516/6355/4310 4512/6350/4306
f 4516/6355/4310 4515/6354/4309 4517/6356/4311
f 4512/6350/4306 4516/6355/4310 4511/6349/4305
f 4511/6349/4305 4516/6355/4310 4518/6357/4312
f 4511/6349/4305 4518/6357/4312 4519/6358/4313
f 4511/6349/4305 4519/6358/4313 4520/6359/4314
f 4511/6349/4305 4520/6359/4314 4507/6345/4301
f 4520/6359/4314 4519/6358/4313 4521/6360/4315
f 4520/6359/4314 4521/6360/4315 4507/6345/4301
f 3510/6361/3361 4489/6362/4284 3511/6363/3362
f 3511/6363/3362 4489/6362/4284 4522/6364/4316
f 3511/6363/3362 4522/6364/4316 4515/6365/4309
f 4515/6365/4309 4522/6364/4316 4517/6366/4311
f 4488/6367/4283 4517/6368/4311 4489/6369/4284
f 4517/6368/4311 4488/6367/4283 4523/6370/4317
f 4489/6369/4284 4517/6368/4311 4524/6371/4318
f 4489/6369/4284 4524/6371/4318 4525/6372/4319
f 4489/6369/4284 4525/6372/4319 4522/6373/4316
f 4525/6372/4319 4524/6371/4318 4526/6374/4320
f 4479/6375/4274 4527/6376/4321 4459/6377/4253
f 4459/6377/4253 4527/6376/4321 4454/6378/4248
f 4527/6376/4321 4479/6375/4274 4482/6379/4277
f 4454/6378/4248 4527/6376/4321 4165/6380/3968
f 4454/6378/4248 4165/6380/3968 4452/6381/4246
f 4165/6380/3968 4527/6376/4321 4528/6382/4322
f 4528/6382/4322 4527/6376/4321 4482/6379/4277
f 4452/6381/4246 4165/6380/3968 4164/6383/3967
f 4164/6383/3967 4165/6380/3968 4163/6384/3966
f 4452/6381/4246 4164/6383/3967 4529/6385/4323
f 4452/6381/4246 4529/6385/4323 4530/6386/4324
f 4452/6381/4246 4530/6386/4324 4447/6387/4241
f 4447/6387/4241 4530/6386/4324 4531/6388/4325
f 4165/6380/3968 4528/6382/4322 4532/6389/4326
f 4532/6389/4326 4528/6382/4322 4533/6390/4327
f 4532/6389/4326 4533/6390/4327 4534/6391/4328
f 4534/6391/4328 4533/6390/4327 4535/6392/4329
f 4534/6391/4328 4535/6392/4329 4536/6393/4330
f 4533/6390/4327 4528/6382/4322 4537/6394/4331
f 4533/6390/4327 4537/6394/4331 4536/6395/4330
f 4536/6395/4330 4537/6394/4331 4534/6396/4328
f 4534/6396/4328 4537/6394/4331 4532/6397/4326
f 4537/6394/4331 4528/6382/4322 4482/6379/4277
f 4532/6397/4326 4537/6394/4331 4165/6398/3968
f 4165/6398/3968 4537/6394/4331 4482/6379/4277
f 4165/6398/3968 4482/6379/4277 4483/6399/4278
f 4483/6399/4278 4482/6379/4277 4481/6400/4276
f 4165/6398/3968 4483/6399/4278 4162/6401/3965
f 3936/6402/3754 4538/6403/4332 4097/6404/3907
f 4538/6403/4332 3936/6402/3754 3934/6405/3752
f 4097/6404/3907 4538/6403/4332 4539/6406/4333
f 4097/6404/3907 4539/6406/4333 4540/6407/4334
f 4097/6404/3907 4540/6407/4334 4364/6408/4161
f 4538/6403/4332 3934/6405/3752 4541/6409/4335
f 4538/6403/4332 4541/6409/4335 4539/6406/4333
f 4364/6408/4161 4540/6407/4334 4542/6410/4336
f 4542/6410/4336 4540/6407/4334 4539/6406/4333
f 4364/6408/4161 4542/6410/4336 4543/6411/4337
f 4364/6408/4161 4543/6411/4337 4361/6412/4158
f 4364/6408/4161 4361/6412/4158 4362/6413/4159
f 4543/6411/4337 4542/6410/4336 4544/6414/4338
f 4544/6414/4338 4542/6410/4336 4539/6406/4333
f 4543/6411/4337 4544/6414/4338 4361/6412/4158
f 4545/6415/4339 4539/6406/4333 4541/6409/4335
f 4546/6416/4340 4541/6409/4335 3934/6405/3752
f 4541/6409/4335 4546/6416/4340 4545/6415/4339
f 4546/6416/4340 3934/6405/3752 4547/6417/4341
f 4547/6417/4341 3934/6405/3752 3932/6418/3750
f 4547/6417/4341 3932/6418/3750 4548/6419/4342
f 4547/6417/4341 4548/6419/4342 3930/6420/3748
f 3930/6420/3748 4548/6419/4342 3932/6418/3750
f 4547/6417/4341 3930/6420/3748 4546/6416/4340
f 3930/6420/3748 3932/6418/3750 3929/6421/3747
f 4546/6416/4340 3930/6420/3748 3907/6422/34
f 4546/6416/4340 3907/6422/34 4545/6415/4339
f 4545/6415/4339 3907/6422/34 4132/6423/3730
f 4545/6415/4339 4132/6423/3730 4549/6424/4343
f 4550/6425/4344 4539/6406/4333 4545/6415/4339
f 4550/6425/4344 4545/6415/4339 4549/6424/4343
f 4539/6406/4333 4550/6425/4344 4544/6414/4338
f 4549/6424/4343 4132/6423/3730 4551/6426/3648
f 4551/6426/3648 4132/6423/3730 4134/6427/3939
f 4550/6425/4344 4549/6424/4343 4552/6428/4345
f 4544/6414/4338 4550/6425/4344 4553/6429/4346
f 4553/6429/4346 4550/6425/4344 4552/6428/4345
f 4552/6428/4345 4549/6424/4343 4554/6430/4347
f 4553/6429/4346 4552/6428/4345 4555/6431/4348
f 4555/6431/4348 4552/6428/4345 4554/6430/4347
f 4554/6430/4347 4549/6424/4343 4556/6432/4349
f 4556/6432/4349 4549/6424/4343 4551/6426/3648
f 4555/6431/4348 4554/6430/4347 4557/6433/4350
f 4557/6433/4350 4554/6430/4347 4556/6432/4349
f 4553/6429/4346 4555/6431/4348 4558/6434/4351
f 4558/6434/4351 4555/6431/4348 4557/6433/4350
f 4553/6429/4346 4558/6434/4351 4559/6435/4352
f 4553/6429/4346 4559/6435/4352 4544/6414/4338
f 4558/6434/4351 4557/6433/4350 4560/6436/4353
f 4558/6434/4351 4560/6436/4353 4559/6435/4352
f 4557/6433/4350 4556/6432/4349 4561/6437/4354
f 4557/6433/4350 4561/6437/4354 4560/6436/4353
f 4561/6437/4354 4556/6432/4349 4551/6426/3648
f 4559/6435/4352 4560/6436/4353 4562/6438/4355
f 4559/6435/4352 4562/6438/4355 4544/6414/4338
f 4562/6438/4355 4560/6436/4353 4561/6437/4354
f 4544/6414/4338 4562/6438/4355 4361/6412/4158
f 4361/6412/4158 4562/6438/4355 4561/6437/4354
f 4361/6412/4158 4561/6437/4354 4360/6439/4157
f 4360/6439/4157 4561/6437/4354 4359/6440/4156
f 4359/6440/4156 4561/6437/4354 4563/6441/4356
f 4563/6441/4356 4561/6437/4354 4551/6426/3648
f 4359/6440/4156 4563/6441/4356 4358/6442/4155
f 4563/6441/4356 4551/6426/3648 4564/6443/4357
f 4563/6441/4356 4564/6443/4357 4358/6442/4155
f 4564/6443/4357 4551/6426/3648 4134/6427/3939
f 4358/6442/4155 4564/6443/4357 4357/6444/4154
f 4564/6443/4357 4134/6427/3939 4135/6445/3940
f 4357/6444/4154 4564/6443/4357 4487/6446/4282
f 4487/6446/4282 4564/6443/4357 4135/6445/3940
f 4565/6447/4358 4312/6448/4111 4416/6449/4211
f 4312/6448/4111 4565/6447/4358 4311/6450/4110
f 4311/6450/4110 4565/6447/4358 4566/6451/4359
f 4311/6450/4110 4566/6451/4359 4314/6452/4113
f 4565/6447/4358 4416/6449/4211 4403/6453/4198
f 4566/6451/4359 4565/6447/4358 4567/6454/4360
f 4567/6454/4360 4565/6447/4358 4403/6453/4198
f 4566/6451/4359 4567/6454/4360 4314/6452/4113
f 4403/6453/4198 4416/6449/4211 4568/6455/4361
f 4568/6455/4361 4416/6449/4211 4404/6456/4199
f 4568/6455/4361 4404/6456/4199 4403/6453/4198
f 4314/6452/4113 4567/6454/4360 4318/6457/4117
f 4314/6452/4113 4318/6457/4117 4315/6458/4114
f 4315/6458/4114 4318/6457/4117 4316/6459/4115
f 4318/6457/4117 4567/6454/4360 4569/6460/4362
f 4318/6457/4117 4569/6460/4362 4326/6461/4125
f 4569/6460/4362 4567/6454/4360 4570/6462/4363
f 4570/6462/4363 4567/6454/4360 4571/6463/4364
f 4326/6461/4125 4569/6460/4362 4036/6464/3847
f 4570/6462/4363 4571/6463/4364 4036/6464/3847
f 4570/6462/4363 4036/6464/3847 4569/6460/4362
f 4326/6461/4125 4036/6464/3847 3800/6465/34
f 4523/6466/4317 4488/6467/4283 4229/6468/4030
f 4523/6466/4317 4229/6468/4030 4572/6469/4365
f 4572/6469/4365 4229/6468/4030 4231/6470/4032
f 4523/6466/4317 4572/6469/4365 4573/6471/1686
f 4523/6466/4317 4573/6471/1686 4574/6472/4366
f 4523/6466/4317 4574/6472/4366 4524/6473/4318
f 4524/6473/4318 4574/6472/4366 4526/6474/4320
f 4574/6472/4366 4573/6471/1686 4575/6475/4367
f 4526/6474/4320 4574/6472/4366 4576/6476/4368
f 4576/6476/4368 4574/6472/4366 4575/6475/4367
f 4526/6474/4320 4576/6476/4368 4577/6477/4369
f 4577/6477/4369 4576/6476/4368 4578/6478/4370
f 4526/6474/4320 4577/6477/4369 4521/6479/4315
f 4526/6474/4320 4521/6479/4315 4518/6480/4312
f 4518/6480/4312 4521/6479/4315 4519/6481/4313
f 4579/6482/4371 4575/6475/4367 4573/6471/1686
f 4579/6482/4371 4573/6471/1686 4572/6469/4365
f 4575/6475/4367 4579/6482/4371 4580/6483/4372
f 4580/6483/4372 4579/6482/4371 4581/6484/4373
f 4581/6484/4373 4579/6482/4371 4572/6469/4365
f 4580/6483/4372 4581/6484/4373 4582/6485/4374
f 4582/6485/4374 4581/6484/4373 4583/6486/4375
f 4581/6484/4373 4572/6469/4365 4584/6487/4376
f 4584/6487/4376 4572/6469/4365 4231/6470/4032
f 4583/6486/4375 4581/6484/4373 4585/6488/4377
f 4585/6488/4377 4581/6484/4373 4584/6487/4376
f 4583/6486/4375 4585/6488/4377 4234/6489/2342
f 4584/6487/4376 4231/6470/4032 4586/6490/4378
f 4584/6487/4376 4586/6490/4378 4585/6488/4377
f 4585/6488/4377 4586/6490/4378 4234/6489/2342
f 4586/6490/4378 4231/6470/4032 4233/6491/4034
f 4586/6490/4378 4233/6491/4034 4234/6489/2342
f 4587/6492/4379 4524/6493/4318 4517/6494/4311
f 4587/6492/4379 4517/6494/4311 4522/6495/4316
f 4587/6492/4379 4522/6495/4316 4525/6496/4319
f 4524/6493/4318 4587/6492/4379 4588/6497/4380
f 4588/6497/4380 4587/6492/4379 4525/6496/4319
f 4524/6493/4318 4588/6497/4380 4523/6498/4317
f 4588/6497/4380 4525/6496/4319 4526/6499/4320
f 4588/6497/4380 4526/6499/4320 4518/6500/4312
f 4588/6497/4380 4518/6500/4312 4516/6501/4310
f 4398/6502/4193 4589/6503/4381 4400/6504/4195
f 4040/6505/3851 4590/6506/4382 4398/6502/4193
f 4398/6502/4193 4590/6506/4382 4589/6503/4381
f 4400/6504/4195 4589/6503/4381 4402/6507/4197
f 4589/6503/4381 4590/6506/4382 4591/6508/1022
f 4591/6508/1022 4590/6506/4382 4592/6509/4383
f 4589/6503/4381 4591/6508/1022 4593/6510/4384
f 4589/6503/4381 4593/6510/4384 4402/6507/4197
f 4591/6508/1022 4592/6509/4383 4594/6511/4385
f 4594/6511/4385 4592/6509/4383 4595/6512/4386
f 4595/6512/4386 4592/6509/4383 4596/6513/4387
f 4591/6508/1022 4594/6511/4385 4597/6514/4388
f 4591/6508/1022 4597/6514/4388 4593/6510/4384
f 4597/6514/4388 4594/6511/4385 4598/6515/3023
f 4598/6515/3023 4594/6511/4385 4595/6512/4386
f 4595/6512/4386 4596/6513/4387 4599/6516/4389
f 4597/6514/4388 4598/6515/3023 4600/6517/4390
f 4600/6517/4390 4598/6515/3023 4595/6512/4386
f 4597/6514/4388 4600/6517/4390 4593/6510/4384
f 4595/6512/4386 4599/6516/4389 4048/6518/3858
f 4595/6512/4386 4048/6518/3858 4600/6517/4390
f 4048/6518/3858 4599/6516/4389 4601/6519/4391
f 4601/6519/4391 4599/6516/4389 4602/6520/4392
f 4048/6518/3858 4601/6519/4391 4047/6521/3857
f 4047/6521/3857 4601/6519/4391 4603/6522/4393
f 4047/6521/3857 4603/6522/4393 4043/6523/3631
f 4600/6517/4390 4048/6518/3858 4604/6524/4394
f 4600/6517/4390 4604/6524/4394 4593/6510/4384
f 4604/6524/4394 4048/6518/3858 4044/6525/3854
f 4604/6524/4394 4044/6525/3854 4046/6526/3856
f 4604/6524/4394 4046/6526/3856 4593/6510/4384
f 4593/6510/4384 4046/6526/3856 4402/6507/4197
f 4402/6507/4197 4046/6526/3856 4605/6527/4395
f 4402/6507/4197 4605/6527/4395 4606/6528/4396
f 4402/6507/4197 4606/6528/4396 4403/6529/4198
f 4403/6529/4198 4606/6528/4396 4567/6530/4360
f 4606/6528/4396 4605/6527/4395 4045/6531/3855
f 4606/6528/4396 4045/6531/3855 4035/6532/34
f 4607/6533/4397 3924/6534/3742 3925/6535/3743
f 3924/6534/3742 4607/6533/4397 4608/6536/4398
f 3924/6534/3742 4608/6536/4398 4609/6537/4399
f 4608/6536/4398 4607/6533/4397 4610/6538/4400
f 4608/6536/4398 4610/6538/4400 4609/6537/4399
f 4588/6539/4380 4516/6540/4310 4517/6541/4311
f 4588/6539/4380 4517/6541/4311 4523/6542/4317
f 4611/6543/3897 4567/6544/4360 4606/6545/4396
f 4611/6543/3897 4606/6545/4396 4612/6546/4401
f 4567/6544/4360 4611/6543/3897 4571/6547/4364
f 4611/6543/3897 4612/6546/4401 4605/6548/4395
f 4611/6543/3897 4605/6548/4395 4613/6549/4402
f 4611/6543/3897 4613/6549/4402 4571/6547/4364
f 4613/6549/4402 4605/6548/4395 4046/6550/3856
f 4613/6549/4402 4046/6550/3856 4045/6551/3855
f 4571/6547/4364 4613/6549/4402 4612/6552/4401
f 4612/6552/4401 4613/6549/4402 4045/6551/3855
f 4612/6552/4401 4045/6551/3855 4605/6553/4395
f 4571/6547/4364 4612/6552/4401 4036/6554/3847
f 4036/6554/3847 4612/6552/4401 4035/6555/34
f 4035/6555/34 4612/6552/4401 4606/6556/4396
f 4614/6557/4403 4607/6558/4397 3925/6559/3743
f 4607/6558/4397 4614/6557/4403 4610/6560/4400
f 4610/6560/4400 4614/6557/4403 3925/6559/3743
f 4610/6560/4400 3925/6559/3743 4615/6561/4404
f 4615/6561/4404 3925/6559/3743 3923/6562/3741
f 4610/6560/4400 4615/6561/4404 4609/6563/4399
f 4615/6561/4404 3923/6562/3741 4114/6564/3922
f 4615/6561/4404 4114/6564/3922 4609/6563/4399
f 4114/6564/3922 3923/6562/3741 3926/6565/3744
f 4609/6563/4399 4114/6564/3922 3924/6566/3742
f 4590/6567/4382 4040/6568/3851 4041/6569/3852
f 4590/6567/4382 4041/6569/3852 4592/6570/4383
f 4592/6570/4383 4041/6569/3852 4596/6571/4387
f 4596/6571/4387 4041/6569/3852 4599/6572/4389
f 4599/6572/4389 4041/6569/3852 4602/6573/4392
f 4602/6573/4392 4041/6569/3852 4616/6574/4405
f 4602/6573/4392 4616/6574/4405 4617/6575/4406
f 4616/6574/4405 4041/6569/3852 4042/6576/3853
f 4617/6575/4406 4616/6574/4405 4618/6577/4407
f 4618/6577/4407 4616/6574/4405 4042/6576/3853
f 4618/6577/4407 4042/6576/3853 4037/6578/3848
f 4618/6577/4407 4037/6578/3848 4043/6579/3631
f 4533/6580/4327 4536/6581/4330 4619/6582/4408
f 4619/6582/4408 4536/6581/4330 4620/6583/4409
f 4620/6583/4409 4536/6581/4330 4535/6584/4329
f 4619/6582/4408 4620/6583/4409 4621/6585/4410
f 4619/6582/4408 4621/6585/4410 4533/6580/4327
f 4533/6580/4327 4621/6585/4410 4535/6586/4329
f 4535/6586/4329 4621/6585/4410 4622/6587/4411
f 4535/6586/4329 4622/6587/4411 4623/6588/4412
f 4623/6588/4412 4622/6587/4411 4624/6589/4413
f 4535/6586/4329 4623/6588/4412 4625/6590/4414
f 4535/6586/4329 4625/6590/4414 4626/6591/4415
f 4535/6586/4329 4626/6591/4415 4620/6592/4409
f 4620/6592/4409 4626/6591/4415 4627/6593/4416
f 4627/6593/4416 4626/6591/4415 4151/6594/3954
f 4626/6591/4415 4625/6590/4414 4159/6595/3962
f 4626/6591/4415 4159/6595/3962 4151/6594/3954
f 4159/6595/3962 4625/6590/4414 4623/6588/4412
f 4151/6594/3954 4159/6595/3962 4153/6596/3956
f 4159/6595/3962 4623/6588/4412 4164/6597/3967
f 4159/6595/3962 4164/6597/3967 4160/6598/3963
f 4164/6597/3967 4623/6588/4412 4529/6599/4323
f 4529/6599/4323 4623/6588/4412 4628/6600/4417
f 4628/6600/4417 4623/6588/4412 4624/6589/4413
f 4529/6599/4323 4628/6600/4417 4530/6601/4324
f 4628/6600/4417 4624/6589/4413 4629/6602/4418
f 4530/6601/4324 4628/6600/4417 4531/6603/4325
f 4531/6603/4325 4628/6600/4417 4629/6602/4418
f 4135/6604/3940 4630/6605/4419 4137/6606/660
f 4137/6606/660 4630/6605/4419 4631/6607/4420
f 4631/6607/4420 4630/6605/4419 4632/6608/4421
f 4632/6608/4421 4630/6605/4419 4633/6609/4422
f 4633/6609/4422 4630/6605/4419 4634/6610/4423
f 4634/6610/4423 4630/6605/4419 4135/6604/3940
f 4634/6610/4423 4135/6604/3940 4133/6611/3938
f 4634/6610/4423 4133/6611/3938 4635/6612/4424
f 4635/6612/4424 4133/6611/3938 4137/6613/660
f 4635/6612/4424 4137/6613/660 4636/6614/4425
f 4636/6614/4425 4137/6613/660 4631/6615/4420
f 4508/6616/4302 4521/6617/4315 4577/6618/4369
f 4521/6617/4315 4508/6616/4302 4507/6619/4301
f 4508/6616/4302 4577/6618/4369 4578/6620/4370
f 4508/6616/4302 4578/6620/4370 4637/6621/4426
f 4508/6616/4302 4637/6621/4426 4027/6622/3839
f 4027/6622/3839 4637/6621/4426 4638/6623/4427
f 4027/6622/3839 4638/6623/4427 4024/6624/3631
f 4637/6621/4426 4578/6620/4370 4639/6625/4428
f 4637/6621/4426 4639/6625/4428 4638/6623/4427
f 4638/6623/4427 4639/6625/4428 4024/6624/3631
f 4639/6625/4428 4578/6620/4370 4640/6626/4429
f 4024/6624/3631 4639/6625/4428 4025/6627/3837
f 4639/6625/4428 4640/6626/4429 4641/6628/3595
f 4639/6625/4428 4641/6628/3595 4025/6627/3837
f 4641/6628/3595 4640/6626/4429 4642/6629/4430
f 4025/6627/3837 4641/6628/3595 4021/6630/34
f 4641/6628/3595 4642/6629/4430 4643/6631/4431
f 4021/6630/34 4641/6628/3595 4644/6632/4432
f 4644/6632/4432 4641/6628/3595 4643/6631/4431
f 4643/6631/4431 4642/6629/4430 4645/6633/4433
f 4021/6630/34 4644/6632/4432 4646/6634/4434
f 4021/6630/34 4646/6634/4434 4022/6635/34
f 4644/6632/4432 4643/6631/4431 4647/6636/4435
f 4644/6632/4432 4647/6636/4435 4646/6634/4434
f 4647/6636/4435 4643/6631/4431 4645/6633/4433
f 4645/6633/4433 4642/6629/4430 4648/6637/4436
f 4646/6634/4434 4647/6636/4435 4649/6638/4437
f 4646/6634/4434 4649/6638/4437 4650/6639/4438
f 4650/6639/4438 4649/6638/4437 4651/6640/4439
f 4651/6640/4439 4649/6638/4437 4652/6641/4440
f 4652/6641/4440 4649/6638/4437 4647/6636/4435
f 4647/6636/4435 4645/6633/4433 4653/6642/4441
f 4647/6636/4435 4653/6642/4441 4652/6641/4440
f 4653/6642/4441 4645/6633/4433 4648/6637/4436
f 4652/6641/4440 4653/6642/4441 4654/6643/4442
f 4654/6643/4442 4653/6642/4441 4648/6637/4436
f 4654/6643/4442 4648/6637/4436 4655/6644/4443
f 4655/6644/4443 4648/6637/4436 4656/6645/4444
f 4655/6644/4443 4656/6645/4444 4657/6646/4445
f 4632/6647/4421 4658/6648/4446 4631/6649/4420
f 4631/6649/4420 4658/6648/4446 4636/6650/4425
f 4658/6648/4446 4632/6647/4421 4633/6651/4422
f 4636/6650/4425 4658/6648/4446 4659/6652/4447
f 4659/6652/4447 4658/6648/4446 4633/6651/4422
f 4636/6650/4425 4659/6652/4447 4635/6653/4424
f 4659/6652/4447 4633/6651/4422 4660/6654/4448
f 4659/6652/4447 4660/6654/4448 4635/6653/4424
f 4660/6654/4448 4633/6651/4422 4634/6655/4423
f 4660/6654/4448 4634/6655/4423 4635/6653/4424
f 4661/6656/4449 4621/6657/4410 4620/6658/4409
f 4661/6656/4449 4620/6658/4409 4662/6659/4450
f 4661/6656/4449 4662/6659/4450 4663/6660/4451
f 4621/6657/4410 4661/6656/4449 4664/6661/4452
f 4664/6661/4452 4661/6656/4449 4663/6660/4451
f 4621/6657/4410 4664/6661/4452 4622/6662/4411
f 4664/6661/4452 4663/6660/4451 4665/6663/4453
f 4622/6662/4411 4664/6661/4452 4666/6664/4454
f 4666/6664/4454 4664/6661/4452 4665/6663/4453
f 4622/6662/4411 4666/6664/4454 4624/6665/4413
f 4666/6664/4454 4665/6663/4453 4657/6666/4445
f 4657/6666/4445 4665/6663/4453 4667/6667/4455
f 4666/6664/4454 4657/6666/4445 4668/6668/4456
f 4624/6665/4413 4666/6664/4454 4669/6669/4457
f 4669/6669/4457 4666/6664/4454 4668/6668/4456
f 4624/6665/4413 4669/6669/4457 4670/6670/4458
f 4624/6665/4413 4670/6670/4458 4629/6671/4418
f 4629/6671/4418 4670/6670/4458 4531/6672/4325
f 4531/6672/4325 4670/6670/4458 4447/6673/4241
f 4447/6673/4241 4670/6670/4458 4443/6674/4237
f 4443/6674/4237 4670/6670/4458 4442/6675/4236
f 4442/6675/4236 4670/6670/4458 4669/6669/4457
f 4442/6675/4236 4669/6669/4457 4440/6676/4234
f 4442/6675/4236 4440/6676/4234 4439/6677/4233
f 4440/6676/4234 4669/6669/4457 4671/6678/4459
f 4671/6678/4459 4669/6669/4457 4672/6679/4460
f 4672/6679/4460 4669/6669/4457 4668/6668/4456
f 4440/6676/4234 4671/6678/4459 4673/6680/4461
f 4440/6676/4234 4673/6680/4461 4438/6681/4232
f 4438/6681/4232 4673/6680/4461 4436/6682/4230
f 4673/6680/4461 4671/6678/4459 4674/6683/4462
f 4673/6680/4461 4674/6683/4462 4436/6682/4230
f 4671/6678/4459 4672/6679/4460 4675/6684/4463
f 4671/6678/4459 4675/6684/4463 4674/6683/4462
f 4675/6684/4463 4672/6679/4460 4668/6668/4456
f 4436/6682/4230 4674/6683/4462 4676/6685/4464
f 4676/6685/4464 4674/6683/4462 4677/6686/4465
f 4677/6686/4465 4674/6683/4462 4675/6684/4463
f 4436/6682/4230 4676/6685/4464 4435/6687/4229
f 4676/6685/4464 4677/6686/4465 4678/6688/3771
f 4678/6688/3771 4677/6686/4465 4675/6684/4463
f 4676/6685/4464 4678/6688/3771 4435/6687/4229
f 4675/6684/4463 4668/6668/4456 4679/6689/4466
f 4678/6688/3771 4675/6684/4463 4680/6690/4467
f 4680/6690/4467 4675/6684/4463 4679/6689/4466
f 4435/6687/4229 4678/6688/3771 4681/6691/4468
f 4681/6691/4468 4678/6688/3771 4680/6690/4467
f 4583/6692/4375 4234/6693/2342 4435/6687/4229
f 4679/6689/4466 4668/6668/4456 4682/6694/4469
f 4682/6694/4469 4668/6668/4456 4657/6666/4445
f 4682/6694/4469 4657/6666/4445 4656/6695/4444
f 4679/6689/4466 4682/6694/4469 4683/6696/4470
f 4679/6689/4466 4683/6696/4470 4680/6690/4467
f 4682/6694/4469 4656/6695/4444 4684/6697/4471
f 4682/6694/4469 4684/6697/4471 4683/6696/4470
f 4684/6697/4471 4656/6695/4444 4648/6698/4436
f 4680/6690/4467 4683/6696/4470 4685/6699/4472
f 4685/6699/4472 4683/6696/4470 4684/6697/4471
f 4680/6690/4467 4685/6699/4472 4681/6691/4468
f 4684/6697/4471 4648/6698/4436 4686/6700/4473
f 4684/6697/4471 4686/6700/4473 4685/6699/4472
f 4686/6700/4473 4648/6698/4436 4642/6701/4430
f 4686/6700/4473 4642/6701/4430 4687/6702/4474
f 4687/6702/4474 4642/6701/4430 4640/6703/4429
f 4687/6702/4474 4640/6703/4429 4578/6704/4370
f 4687/6702/4474 4578/6704/4370 4576/6705/4368
f 4686/6700/4473 4687/6702/4474 4688/6706/4475
f 4686/6700/4473 4688/6706/4475 4685/6699/4472
f 4687/6702/4474 4576/6705/4368 4689/6707/4476
f 4687/6702/4474 4689/6707/4476 4688/6706/4475
f 4685/6699/4472 4688/6706/4475 4690/6708/4477
f 4690/6708/4477 4688/6706/4475 4689/6707/4476
f 4685/6699/4472 4690/6708/4477 4681/6691/4468
f 4689/6707/4476 4576/6705/4368 4691/6709/4478
f 4689/6707/4476 4691/6709/4478 4690/6708/4477
f 4691/6709/4478 4576/6705/4368 4575/6710/4367
f 4691/6709/4478 4575/6710/4367 4580/6711/4372
f 4691/6709/4478 4580/6711/4372 4692/6712/4479
f 4691/6709/4478 4692/6712/4479 4690/6708/4477
f 4692/6712/4479 4580/6711/4372 4582/6713/4374
f 4692/6712/4479 4582/6713/4374 4583/6692/4375
f 4690/6708/4477 4692/6712/4479 4693/6714/4480
f 4693/6714/4480 4692/6712/4479 4583/6692/4375
f 4690/6708/4477 4693/6714/4480 4681/6691/4468
f 4693/6714/4480 4583/6692/4375 4435/6687/4229
f 4693/6714/4480 4435/6687/4229 4681/6691/4468
f 4149/6715/3953 4627/6716/4416 4151/6717/3954
f 4627/6716/4416 4149/6715/3953 4694/6718/4481
f 4627/6716/4416 4694/6718/4481 4695/6719/4482
f 4627/6716/4416 4695/6719/4482 4620/6720/4409
f 4694/6718/4481 4149/6715/3953 4033/6721/3845
f 4033/6721/3845 4149/6715/3953 4146/6722/3950
f 4620/6720/4409 4695/6719/4482 4662/6723/4450
f 4695/6719/4482 4694/6718/4481 4696/6724/4483
f 4696/6724/4483 4694/6718/4481 4033/6721/3845
f 4034/6725/3846 4033/6721/3845 4032/6726/3844
f 4033/6721/3845 4034/6725/3846 4031/6727/3843
f 4033/6721/3845 4031/6727/3843 4029/6728/3841
f 4033/6721/3845 4029/6728/3841 4696/6724/4483
f 4696/6724/4483 4029/6728/3841 4697/6729/4484
f 4696/6724/4483 4697/6729/4484 4695/6719/4482
f 4697/6729/4484 4029/6728/3841 4030/6730/3842
f 4695/6719/4482 4697/6729/4484 4698/6731/4485
f 4695/6719/4482 4698/6731/4485 4662/6723/4450
f 4697/6729/4484 4030/6730/3842 4699/6732/4486
f 4697/6729/4484 4699/6732/4486 4698/6731/4485
f 4022/6733/34 4700/6734/4487 4030/6730/3842
f 4699/6732/4486 4030/6730/3842 4701/6735/4488
f 4701/6735/4488 4030/6730/3842 4700/6734/4487
f 4701/6735/4488 4700/6734/4487 4702/6736/4489
f 4702/6736/4489 4700/6734/4487 4703/6737/4490
f 4699/6732/4486 4701/6735/4488 4704/6738/4491
f 4704/6738/4491 4701/6735/4488 4702/6736/4489
f 4704/6738/4491 4702/6736/4489 4703/6737/4490
f 4699/6732/4486 4704/6738/4491 4698/6731/4485
f 4704/6738/4491 4703/6737/4490 4705/6739/4492
f 4704/6738/4491 4705/6739/4492 4698/6731/4485
f 4698/6731/4485 4705/6739/4492 4706/6740/4493
f 4706/6740/4493 4705/6739/4492 4707/6741/4494
f 4698/6731/4485 4706/6740/4493 4708/6742/4495
f 4708/6742/4495 4706/6740/4493 4707/6741/4494
f 4698/6731/4485 4708/6742/4495 4662/6723/4450
f 4708/6742/4495 4707/6741/4494 4709/6743/4496
f 4709/6743/4496 4707/6741/4494 4663/6744/4451
f 4662/6723/4450 4708/6742/4495 4710/6745/4497
f 4662/6723/4450 4710/6745/4497 4663/6744/4451
f 4710/6745/4497 4708/6742/4495 4709/6743/4496
f 4710/6745/4497 4709/6743/4496 4663/6744/4451
f 4657/6746/4445 4667/6747/4455 4711/6748/4498
f 4711/6748/4498 4667/6747/4455 4712/6749/4499
f 4712/6749/4499 4667/6747/4455 4713/6750/4500
f 4713/6750/4500 4667/6747/4455 4665/6751/4453
f 4713/6750/4500 4665/6751/4453 4714/6752/4501
f 4714/6752/4501 4665/6751/4453 4663/6753/4451
f 4714/6752/4501 4663/6753/4451 4705/6754/4492
f 4705/6754/4492 4663/6753/4451 4707/6755/4494
f 4711/6756/4498 4655/6757/4443 4657/6758/4445
f 4655/6757/4443 4711/6756/4498 4715/6759/4502
f 4655/6757/4443 4715/6759/4502 4654/6760/4442
f 4715/6759/4502 4711/6756/4498 4712/6761/4499
f 4715/6759/4502 4712/6761/4499 4654/6760/4442
f 4654/6760/4442 4712/6761/4499 4716/6762/4503
f 4654/6760/4442 4716/6762/4503 4652/6763/4440
f 4716/6762/4503 4712/6761/4499 4713/6764/4500
f 4652/6763/4440 4716/6762/4503 4717/6765/4504
f 4717/6765/4504 4716/6762/4503 4713/6764/4500
f 4652/6763/4440 4717/6765/4504 4651/6766/4439
f 4651/6766/4439 4717/6765/4504 4650/6767/4438
f 4650/6767/4438 4717/6765/4504 4718/6768/4505
f 4650/6767/4438 4718/6768/4505 4646/6769/4434
f 4717/6765/4504 4713/6764/4500 4719/6770/4506
f 4719/6770/4506 4713/6764/4500 4714/6771/4501
f 4719/6770/4506 4714/6771/4501 4705/6772/4492
f 4717/6765/4504 4719/6770/4506 4720/6773/4507
f 4717/6765/4504 4720/6773/4507 4718/6768/4505
f 4719/6770/4506 4705/6772/4492 4721/6774/4508
f 4719/6770/4506 4721/6774/4508 4720/6773/4507
f 4721/6774/4508 4705/6772/4492 4703/6775/4490
f 4718/6768/4505 4720/6773/4507 4722/6776/4509
f 4722/6776/4509 4720/6773/4507 4721/6774/4508
f 4722/6776/4509 4721/6774/4508 4718/6768/4505
f 4721/6774/4508 4703/6775/4490 4700/6777/4487
f 4721/6774/4508 4700/6777/4487 4718/6768/4505
f 4718/6768/4505 4700/6777/4487 4646/6769/4434
f 4646/6769/4434 4700/6777/4487 4022/6778/34
f 4618/6779/4407 4723/6780/4510 4617/6781/4406
f 4723/6780/4510 4618/6779/4407 4043/6782/3631
f 4617/6781/4406 4723/6780/4510 4602/6783/4392
f 4602/6783/4392 4723/6780/4510 4043/6782/3631
f 4602/6783/4392 4043/6782/3631 4724/6784/4511
f 4724/6784/4511 4043/6782/3631 4603/6785/4393
f 4602/6783/4392 4724/6784/4511 4725/6786/4512
f 4725/6786/4512 4724/6784/4511 4603/6785/4393
f 4602/6783/4392 4725/6786/4512 4601/6787/4391
f 4601/6787/4391 4725/6786/4512 4603/6785/4393
