mtllib rustic+wooden+bed+3d+model.mtl
o tripo_node_203816df-0dc4-485a-a447-8858879d24a3
g tripo_node_203816df-0dc4-485a-a447-8858879d24a3
usemtl tripo_material_203816df_0dc4_485a_a447_8858879d24a3
v -0.330413789 0.109001145 0.077903770
vt 0.589355469 0.041503906
vn -0.662074327 0.031527359 0.748774707
v -0.342224121 0.112617478 0.054740924
vt 0.569091797 0.030029297
vn -0.999195039 0.007867632 -0.039338257
v -0.332214355 0.102615342 0.070533775
vt 0.588623047 0.033203125
vn -0.839480400 -0.541347206 0.047073804
v -0.320251465 0.096664414 0.066238426
vt 0.610107422 0.020263672
vn -0.370021403 -0.889625907 -0.267674953
v -0.322936982 0.099655136 0.077194236
vt 0.601806641 0.044189453
vn 0.307201058 -0.315077841 0.897971928
v -0.312622070 0.138877854 0.081604026
vt 0.583984375 0.067626953
vn 0.417932332 -0.212908804 0.883177459
v -0.320922822 0.072143540 0.070083641
vt 0.600097656 0.032714844
vn -0.394226611 -0.906721354 0.149806231
vt 0.624511719 0.164062500
v -0.321105957 0.162124619 0.077880874
vt 0.652832031 0.171142578
vn -0.832275271 0.149181440 0.533912599
vt 0.625732422 0.178955078
v -0.326782227 0.164520249 0.061958332
vt 0.654296875 0.180908203
vn -0.963381529 0.260586768 0.063172668
v -0.312042236 0.160186753 0.084053047
vt 0.653564453 0.163330078
vn -0.063203961 -0.071104556 0.995464504
v -0.310028076 0.206132874 0.085906990
vt 0.678466797 0.166503906
vn -0.804572582 0.173535272 0.567933679
vt 0.642089844 0.159179688
v -0.299011230 0.164314255 0.080360420
vt 0.655029297 0.155273438
vn -0.652008891 0.078555301 0.754130960
v -0.298950195 0.143722519 0.075088516
vt 0.644775391 0.151855469
vn -0.102412879 -0.488431275 0.866571665
v -0.291564941 0.180282593 0.078567512
vt 0.665527344 0.149902344
vn -0.401861340 -0.055157434 0.914037883
v -0.298431396 0.217604622 0.089828499
vt 0.684570312 0.159179688
vn 0.189346671 -0.149899274 0.970400989
v -0.282073975 0.236465916 0.088455208
vt 0.698242188 0.152832031
vn -0.872475445 0.094321661 0.479468644
v -0.292114258 0.242812142 0.091568001
vt 0.699951172 0.159179688
vn -0.430661052 0.133113474 0.892643213
v -0.273315430 0.263149261 0.094200142
vt 0.713867188 0.150146484
vn -0.900180817 0.402712435 0.165822878
v -0.271911621 0.276817322 0.094406135
vt 0.721191406 0.155761719
vn -0.629531085 0.645269334 0.432802677
v -0.296539307 0.252494812 0.080818184
vt 0.704101562 0.167236328
vn -0.848083377 0.526125729 0.062821083
v -0.263824463 0.286643982 0.068672188
vt 0.730712891 0.173828125
vn -0.393177062 0.896443605 -0.204452038
v -0.284179688 0.256130219 0.048503883
vt 0.711181641 0.187988281
vn -0.801783800 0.534522474 -0.267261177
v -0.264373779 0.279014587 0.060062408
vt 0.729492188 0.182373047
vn -0.353662610 0.935240984 -0.015718330
v -0.267089844 0.274116516 0.032917023
vt 0.724853516 0.196777344
vn -0.766038895 0.639681935 0.063178532
v -0.305145264 0.229330704 0.061893474
vt 0.692871094 0.180664062
vn -0.860136330 0.418231368 -0.291972786
v -0.316314697 0.203868851 0.068443313
vt 0.677490234 0.178955078
vn -0.951517940 0.306687564 -0.023591243
v -0.320343018 0.166763291 0.037918106
vt 0.658691406 0.195312500
vn -0.903135240 0.274867177 -0.329840541
v -0.312774658 0.198116288 0.050258648
vt 0.677001953 0.190185547
vn -0.887729764 0.369232684 -0.274960428
v -0.307708740 0.204555497 0.035141002
vt 0.681152344 0.199462891
vn -0.864722252 0.385194391 -0.322305441
v -0.298126221 0.210239395 0.019731531
vt 0.685546875 0.209716797
vn -0.942925513 0.314308465 0.110008083
v -0.310974121 0.167243943 0.021259321
vt 0.660888672 0.206542969
vn -0.929912567 0.260060251 -0.260060161
v -0.336334229 0.100555405 -0.082214333
vt 0.718994141 0.367919922
vn 0.102109373 -0.926838160 0.361309826
v -0.331817627 0.124351487 -0.079101540
vt 0.711181641 0.361083984
vn -0.865712464 -0.480076969 0.141662166
v -0.336059570 0.120758034 -0.087112404
vt 0.715332031 0.361083984
vn -0.935501158 -0.125781715 -0.330176711
v -0.332855225 0.127906770 -0.102302529
vt 0.724609375 0.354736328
vn -0.899676204 0.094702706 -0.426162302
v -0.328857422 0.121780373 -0.086463906
vt 0.718750000 0.362548828
vn 0.047185667 -0.998762369 0.015728578
v -0.324462891 0.119651772 -0.094703652
vt 0.723144531 0.360107422
vn -0.971035838 -0.031578433 0.236838162
v -0.330535889 0.103713974 -0.095977761
vt 0.727783203 0.363525391
vn -0.984832287 -0.173330531 0.007878795
v -0.339233398 0.131187424 -0.079086281
vt 0.710693359 0.355957031
vn -0.969466150 0.173400417 0.173400566
v -0.327301025 0.168273911 -0.085037217
vt 0.709960938 0.335693359
vn -0.930837989 0.354980588 -0.086772934
v -0.315460205 0.176055893 -0.106025681
vt 0.720214844 0.328125000
vn -0.724746704 0.259963393 -0.638091981
v -0.327636719 0.128448471 -0.049564343
vt 0.694580078 0.359863281
vn -0.876355171 0.007895076 0.481600761
v -0.315490723 0.176582322 -0.050834641
vt 0.690673828 0.333740234
vn -0.833277702 0.275138855 0.479527891
v -0.319030762 0.182601914 -0.075401291
vt 0.704589844 0.327392578
vn -0.909447432 0.415523380 -0.015680028
v -0.297607422 0.229608759 -0.103942864
vt 0.715576172 0.300292969
vn -0.914037883 0.370342880 -0.165472254
v -0.282623291 0.263740540 -0.089591973
vt 0.702636719 0.280517578
vn -0.840827167 0.534357369 0.086440265
v -0.268432617 0.274944305 -0.065612786
vt 0.684570312 0.277832031
vn -0.722285509 0.690881670 -0.031403650
v -0.330749512 0.122879013 -0.069366433
vt 0.706787109 0.361816406
vn -0.543357551 -0.244117215 0.803224444
v -0.339111328 0.105201706 -0.073440529
vt 0.711914062 0.369384766
vn -0.828159153 -0.023661701 0.559993446
v -0.325317383 0.123077378 -0.057384476
vt 0.697998047 0.362060547
vn -0.655170143 -0.678851008 0.331532001
v -0.331085205 0.104461655 -0.065635659
vt 0.702392578 0.367919922
vn -0.614116192 -0.377917677 -0.692848921
v -0.321655273 0.126213059 -0.062404618
vt 0.710693359 0.368408203
vn 0.739859343 -0.322704613 -0.590313494
v -0.323425293 0.099136338 -0.062782265
vt 0.700195312 0.372314453
vn 0.836176515 -0.418088168 0.354980499
v -0.315826416 0.127265915 -0.034816727
vt 0.681884766 0.359130859
vn -0.894867957 0.180543527 0.408185512
v -0.293060303 0.248247132 -0.050315849
vt 0.681640625 0.297363281
vn -0.883424759 0.378610581 0.276070297
v -0.271331787 0.273761749 -0.055782314
vt 0.679687500 0.281005859
vn -0.632198811 0.774443448 -0.023707405
v -0.245803848 0.286861420 -0.046157837
vt 0.672363281 0.269775391
vn -0.157675996 0.985474706 -0.063070402
v -0.271209717 0.273605347 -0.033916470
vt 0.667968750 0.284423828
vn -0.733695030 0.654803038 0.181451514
v -0.298614502 0.176395401 -0.039085373
vt 0.679443359 0.333740234
vn -0.898167014 0.259995729 0.354539752
v -0.276306152 0.260372162 -0.007711405
vt 0.653320312 0.295898438
vn -0.897304118 0.338456750 -0.283359021
v -0.256958008 0.282348633 -0.002964733
vt 0.649169922 0.281738281
vn -0.235520661 0.965634465 -0.109909624
v -0.299560547 0.170185074 -0.016197193
vt 0.667968750 0.339355469
vn -0.936253548 0.291104019 -0.196691796
v -0.272949219 0.278148651 0.008661274
vt 0.641845703 0.289794922
vn -0.565249503 0.824322164 -0.031402711
v -0.224807739 0.297111511 0.019586559
vt 0.634765625 0.267822266
vn -0.236889735 0.971247733 -0.023688979
vt 0.627197266 0.291992188
v -0.292816162 0.253755569 0.005459793
vt 0.644775391 0.303955078
vn -0.935327768 0.353695363 0.007860004
vt 0.639404297 0.327636719
v -0.310882568 0.170448288 0.001027836
vt 0.657714844 0.343750000
vn -0.919551134 0.235782281 -0.314376324
vt 0.648925781 0.348144531
v -0.321777344 0.121307358 0.008458154
vt 0.662109375 0.369384766
vn -0.957783937 0.164864361 -0.235520512
v -0.315093994 0.123588547 -0.015339836
vt 0.674316406 0.363769531
vn -0.982912242 0.062906332 -0.172992423
v -0.317901611 0.117187485 -0.000251321
vt 0.666992188 0.369873047
vn -0.613811910 -0.314775348 -0.723983109
v -0.304016113 0.114990219 -0.003250822
vt 0.669677734 0.372558594
vn 0.809394360 -0.573648393 0.125731081
v -0.303039551 0.085159287 -0.014637930
vt 0.673095703 0.383544922
vn -0.721374452 -0.666487336 0.188184753
v -0.310913086 0.117744431 -0.020017607
vt 0.676513672 0.366210938
vn -0.824627221 -0.565458655 0.015707316
v -0.311309814 0.117530808 -0.040664658
vt 0.683593750 0.364257812
vn -0.094652668 -0.907087922 -0.410161436
v -0.310485840 0.096282944 -0.033187848
vt 0.677978516 0.374267578
vn -0.511161804 -0.463977635 -0.723490417
vt 0.307617188 0.945556641
v -0.328155518 0.116943344 0.025619525
vt 0.322753906 0.965820312
vn -0.904922962 0.141640037 -0.401313514
v -0.329711914 0.108169541 0.038227100
vt 0.310302734 0.958496094
vn -0.550226748 -0.770317495 -0.322275609
v -0.318969727 0.104171738 0.040630355
vt 0.302246094 0.959716797
vn 0.141403854 -0.801288843 -0.581327140
v -0.323547363 0.100280747 0.048545856
vt 0.300781250 0.949951172
vn -0.730564356 -0.628442466 -0.267087907
v -0.317352295 0.098709092 0.052097339
vt 0.297851562 0.945556641
vn -0.181029364 -0.968113899 0.173158661
v -0.307830811 0.069747910 0.041961689
vt 0.279052734 0.938476562
vn -0.204578564 -0.975682557 -0.078684002
v -0.325988770 0.110504135 0.031852737
vt 0.308837891 0.962646484
vn 0.205189317 -0.978595018 0.015783807
v -0.320556641 0.115638718 0.016923923
vt 0.308105469 0.977050781
vn 0.243702039 -0.927639723 0.283008724
v -0.323272705 0.091171250 0.024404544
vt 0.313232422 0.967529297
vn -0.620414674 -0.643974662 -0.447640777
vt 0.307617188 0.982666016
vt 0.343017578 0.978515625
vt 0.350341797 0.959960938
vt 0.353027344 0.940429688
v -0.327117920 0.098434433 -0.073112465
vt 0.538085938 0.035644531
vn 0.579719603 -0.446540624 0.681562006
vt 0.528564453 0.033691406
vt 0.546630859 0.030029297
v -0.334472656 0.108695969 -0.075447060
vt 0.541015625 0.040771484
vn 0.259160399 -0.172773719 -0.950255334
vt 0.540527344 0.051513672
v -0.323699951 0.126037583 -0.072921731
vt 0.531494141 0.043457031
vn 0.843435466 -0.520249784 0.134003669
vt 0.523437500 0.041748047
v -0.316253662 0.143630967 -0.056873307
vt 0.504150391 0.044921875
vn 0.757244706 -0.394398302 -0.520605862
v -0.314788818 0.146759018 -0.079788193
vt 0.510009766 0.049560547
vn 0.782517076 -0.521677971 0.339881063
vt 0.541015625 0.054443359
vt 0.553955078 0.053466797
vt 0.546875000 0.057617188
v -0.319671631 0.119117714 -0.089981057
vt 0.540771484 0.062500000
vn -0.377812207 -0.834335446 0.401425630
v -0.312683105 0.118644692 -0.090393044
vt 0.537841797 0.066406250
vn 0.872610331 -0.267285973 0.408790261
v -0.324645996 0.114646889 -0.093116738
vt 0.545898438 0.064941406
vn 0.558415115 -0.306734949 0.770769954
vt 0.553955078 0.070556641
vt 0.544677734 0.067382812
vn 0.733102024 -0.488734752 -0.472969174
v -0.325714111 0.121528603 -0.101798989
vt 0.547363281 0.073974609
vn 0.276474655 -0.600345194 -0.750431478
v -0.320495546 0.095550537 0.423370361
vt 0.656494141 0.972412109
vn -0.345259935 -0.094161816 0.933771551
v -0.329376161 0.105331421 0.413604736
vt 0.649902344 0.976074219
vn -0.897304058 0.165292829 0.409296721
v -0.329070985 0.104568481 0.401885986
vt 0.647705078 0.970947266
vn -0.971823633 0.181723058 -0.150118977
v -0.321594179 0.093551636 0.414916992
vt 0.654296875 0.968017578
vn -0.677081406 -0.661335349 -0.322794527
v -0.324798524 0.081726074 0.419952393
vt 0.666503906 0.969726562
vn -0.993204236 -0.055178065 -0.102473326
v -0.317626894 0.056304932 0.415710449
vt 0.687988281 0.966796875
vn 0.841867507 -0.385528117 -0.377660304
v -0.322418153 0.095214844 0.405578613
vt 0.645996094 0.967529297
vn 0.267583966 -0.653219342 0.708310187
v -0.324829042 0.078552246 0.405364990
vt 0.636230469 0.978027344
vn -0.945233583 -0.322954834 0.047261816
v -0.316467226 0.097686768 0.392547607
vt 0.641357422 0.958251953
vn 0.251345873 -0.596946657 -0.761892498
v -0.318847597 0.074569702 0.401733398
vt 0.641357422 0.968994141
vn 0.951988935 -0.133750483 -0.275368810
v -0.324188173 0.099121094 0.397521973
vt 0.640625000 0.960693359
vn -0.678090870 -0.725399613 0.118271798
v -0.315063417 0.073989868 0.389099121
vt 0.624267578 0.942138672
vn 0.947943032 -0.126392379 -0.292282581
v -0.324554443 0.092926010 -0.088439919
vt 0.979248047 0.427246094
vn 0.851423740 -0.354759902 -0.386294216
vt 0.975097656 0.432373047
vt 0.973388672 0.416992188
vt 0.997070312 0.435302734
vt 0.953369141 0.441894531
vt 0.954833984 0.453369141
vt 0.951171875 0.450439453
v -0.323883057 0.127059907 -0.107315041
vt 0.952148438 0.458984375
vn 0.141534850 -0.117945857 -0.982881844
vt 0.966796875 0.483154297
v -0.290283203 0.207096085 -0.108406059
vt 0.957763672 0.503417969
vn 0.376415521 -0.243101791 -0.893987179
v -0.313537598 0.119972207 -0.100944497
vt 0.946777344 0.453125000
vn 0.691970110 -0.393164843 -0.605473995
vt 0.946533203 0.446289062
v -0.316986084 0.107032754 -0.093330361
vt 0.939941406 0.446777344
vn -0.854645789 -0.133293420 -0.501810193
v -0.305450439 0.151473969 -0.100196831
vt 0.945556641 0.474853516
vn 0.818872273 -0.259834498 -0.511795342
v -0.296539307 0.176101670 -0.092353813
vt 0.942871094 0.489501953
vn 0.843094826 -0.338813812 -0.417607874
v -0.317626953 0.095642075 -0.099342324
vt 0.940673828 0.451660156
vn 0.938814044 -0.323456913 -0.118338019
vt 0.936767578 0.459228516
v -0.284637451 0.194656357 -0.093177788
vt 0.942138672 0.500488281
vn 0.235317543 -0.415727884 -0.878519237
v -0.303436279 0.150573701 -0.089401238
vt 0.937744141 0.477050781
vn 0.898892641 -0.378481090 -0.220780760
v -0.276824951 0.211708054 -0.105384819
vt 0.947998047 0.512207031
vn -0.798824728 -0.379639506 -0.466640025
v -0.273986816 0.181591019 -0.091339104
vt 0.934082031 0.499755859
vn -0.987286627 0.071084581 -0.142169133
v -0.286865234 0.175777420 -0.089256279
vt 0.932373047 0.490234375
vn -0.745723426 0.549480259 -0.376786470
vt 0.931640625 0.473144531
vt 0.924316406 0.455566406
v -0.296203613 0.154067978 -0.084922783
vt 0.925781250 0.480224609
vn -0.015728490 -0.998762369 0.047185671
v -0.302520752 0.163169846 -0.058193192
vt 0.912597656 0.471923828
vn 0.487403929 -0.817580760 -0.306592822
vt 0.914306641 0.464599609
v -0.296112061 0.163383469 -0.064826958
vt 0.914794922 0.475341797
vn -0.527624428 -0.834749281 0.157499954
v -0.286285400 0.153449997 -0.055713642
vt 0.909423828 0.477783203
vn -0.897860587 -0.433178395 -0.078759558
v -0.287200928 0.148582429 -0.086112969
vt 0.921142578 0.483154297
vn -0.996914387 -0.062797800 -0.047098182
v -0.287017822 0.132690415 -0.068511948
vt 0.913330078 0.488281250
vn -1.000000000 -0.000000044 0.000000131
v -0.286773711 0.177246079 -0.135467514
vt 0.917968750 0.508300781
vn -0.980580688 0.196116075 0.000000120
v -0.286651611 0.149475068 -0.123474114
vt 0.912597656 0.494140625
vn -0.999876022 0.015746037 0.000000130
vt 0.013916016 0.260742188
vt 0.002929688 0.257812500
vt 0.005859375 0.255859375
v -0.325378358 0.101882935 0.392608643
vt 0.004638672 0.253906250
vn -0.536765993 -0.371000022 -0.757787168
vt 0.614013672 0.961181641
vt 0.623291016 0.955078125
v -0.318756044 0.110977173 0.368530273
vt 0.623779297 0.973876953
vn -0.966677725 0.078591630 -0.243634075
v -0.316070497 0.102157593 0.380859375
vt 0.614501953 0.969726562
vn -0.409957528 -0.346887171 -0.843566298
v -0.313537538 0.105659485 0.380920410
vt 0.615722656 0.972167969
vn 0.866034389 -0.496001452 0.062984228
v -0.313781679 0.081237793 0.374847412
vt 0.604492188 0.984863281
vn 0.948735178 -0.313631415 0.039203819
v -0.316284120 0.101974487 0.384643555
vt 0.611083984 0.968505859
vn 0.078801371 -0.772252262 0.630410075
vt 0.608154297 0.960937500
vt 0.604492188 0.938232422
v -0.321166933 0.076614380 0.386199951
vt 0.612792969 0.948242188
vn -0.937676728 -0.346704036 0.023639048
vt 0.623291016 0.951904297
v -0.321166992 0.094604477 -0.057170849
vt 0.986328125 0.916259766
vn -0.623712242 -0.718453407 0.307908714
vt 1.000000000 0.923339844
vt 0.994628906 0.926025391
v -0.316802979 0.119964585 -0.047412857
vt 0.998535156 0.916259766
vn -0.134124622 -0.978320897 -0.157793641
vt 0.758056641 0.985107422
vt 0.761718750 0.983398438
vt 0.764892578 0.995849609
vt 0.756591797 0.979003906
vt 0.765625000 0.969482422
vt 0.293945312 0.906250000
v -0.312713563 0.146575928 0.420898438
vt 0.314697266 0.910156250
vn -0.659640551 0.141351566 0.738169372
vt 0.297119141 0.912841797
v -0.302459657 0.144226074 0.425598145
vt 0.314208984 0.905029297
vn 0.062772751 -0.054925989 0.996515274
v -0.315093935 0.152549744 0.412597656
vt 0.316894531 0.914062500
vn -0.960868359 0.267782927 -0.070883617
vt 0.296875000 0.917968750
v -0.311248720 0.142066956 0.375671387
vt 0.312988281 0.931396484
vn -0.926609516 0.329810113 -0.180610225
v -0.303649843 0.156417847 0.376525879
vt 0.319824219 0.931152344
vn -0.951312006 0.243724495 -0.188689873
v -0.295684755 0.217840195 0.424926758
vt 0.343994141 0.907226562
vn -0.774636924 0.197611481 0.600739002
v -0.290374696 0.156761169 0.425415039
vt 0.320556641 0.898925781
vn -0.715537846 -0.141534969 0.684085846
v -0.287017763 0.207645416 0.427154541
vt 0.342529297 0.902099609
vn -0.998731434 0.031456064 -0.039320003
v -0.285308778 0.240928650 0.426788330
vt 0.354248047 0.906250000
vn -0.598964036 0.141859815 -0.788110375
v -0.296203554 0.226084709 0.398254395
vt 0.348144531 0.920410156
vn -0.944150507 0.275377154 -0.180962056
v -0.290862978 0.209896088 0.381134033
vt 0.343750000 0.929931641
vn -0.947234094 0.252595693 -0.197340310
v -0.286865175 0.244963646 0.419738770
vt 0.355712891 0.909912109
vn -0.874341130 0.472616822 0.110277355
v -0.266754091 0.270256042 0.427551270
vt 0.367919922 0.905273438
vn -0.623556912 0.639343083 -0.449908048
v -0.269317567 0.291198730 0.428100586
vt 0.373779297 0.898681641
vn -0.015721362 0.801783681 -0.597407520
v -0.246734560 0.277999878 0.426574707
vt 0.376708984 0.904541016
vn 0.378976226 0.923754692 -0.055267464
v -0.276184022 0.265113831 0.382781982
vt 0.365478516 0.927246094
vn -0.903804421 0.424395114 -0.055014085
v -0.289153993 0.227559090 0.366271973
vt 0.351318359 0.935546875
vn -0.969406009 0.244321793 -0.023643933
v -0.270538270 0.270790100 0.408050537
vt 0.367675781 0.914306641
vn -0.638547957 0.764680922 0.086716443
v -0.266265810 0.274143219 0.380981445
vt 0.370849609 0.926025391
vn -0.471987635 0.881043553 0.031465866
v -0.275878876 0.265644073 0.351074219
vt 0.375732422 0.933349609
vn -0.936891794 0.346413761 0.047238354
v -0.247772172 0.282638550 0.385467529
vt 0.378662109 0.924804688
vn -0.109940149 0.989461064 0.094234362
v -0.247589067 0.280521393 0.355743408
vt 0.381347656 0.933837891
vn -0.149103373 0.988790512 -0.007847568
v -0.238586381 0.284336090 0.378326416
vt 0.383056641 0.926269531
vn 0.039320093 0.998731434 0.031456061
v -0.321777284 0.089141846 0.419036865
vt 0.984375000 0.125000000
vn 0.702313244 -0.370884389 0.607619107
vt 0.982421875 0.122070312
vt 0.986572266 0.122802734
vt 0.998046875 0.122802734
vt 0.983154297 0.127441406
v -0.308685243 0.086120605 0.415039062
vt 0.976074219 0.126220703
vn -0.360654026 -0.831072271 -0.423376352
v -0.308441103 0.087509155 0.418090820
vt 0.976562500 0.123779297
vn -0.007856364 -0.141416952 0.989919007
v -0.302978456 0.094635010 0.419677734
vt 0.976074219 0.120361328
vn 0.521238685 -0.165848583 0.837140739
vt 0.974121094 0.098144531
v -0.300323427 0.085479736 0.413604736
vt 0.973876953 0.122070312
vn 0.094138786 -0.211811915 0.972766042
v -0.295837343 0.086380005 0.411041260
vt 0.972900391 0.121093750
vn 0.881671190 -0.220417723 0.417219281
v -0.302642763 0.081497192 0.399810791
vt 0.970703125 0.134765625
vn -0.764135003 -0.567192972 -0.307229400
v -0.298950136 0.087860107 0.389038086
vt 0.974365234 0.141113281
vn -0.541881144 -0.337694079 -0.769628167
vt 0.983886719 0.138916016
v -0.292724550 0.110916138 0.393615723
vt 0.982177734 0.149414062
vn 0.363196790 -0.268449873 -0.892201185
v -0.302825868 0.117790222 0.387939453
vt 0.987060547 0.149414062
vn 0.393469065 -0.566595554 -0.723983228
v -0.294921815 0.080596924 0.386291504
vt 0.972900391 0.143554688
vn 0.692548394 0.086568564 -0.716158211
v -0.296295106 0.083084106 0.390319824
vt 0.971679688 0.139648438
vn -0.677333415 -0.582821727 -0.448930115
v -0.297088563 0.079956055 0.398040771
vt 0.969970703 0.137207031
vn 0.400372744 -0.816446245 0.416073561
v -0.302154481 0.055709839 0.396301270
vt 0.962646484 0.137939453
vn -0.189046636 -0.953110516 0.236308470
v -0.294586122 0.049911499 0.391082764
vt 0.960205078 0.144775391
vn 0.252211034 -0.906383336 -0.338908553
v -0.317779481 0.090316772 0.342376709
vt 0.378662109 0.346191406
vn -0.740249395 -0.063000001 -0.669374228
v -0.319396913 0.109092712 0.342010498
vt 0.374267578 0.340820312
vn -0.023695586 -0.995215952 -0.094782427
v -0.316894472 0.114875793 0.338714600
vt 0.385742188 0.346679688
vn -0.938376129 0.157710209 -0.307534903
v -0.315399110 0.109580994 0.337554932
vt 0.376220703 0.350097656
vn 0.117687821 -0.988577425 -0.094150200
v -0.306335390 0.111663818 0.354217529
vt 0.363769531 0.340576172
vn 0.904782891 -0.416986883 0.086544350
v -0.302917421 0.113372803 0.327850342
vt 0.373535156 0.353759766
vn 0.809094727 -0.361343205 0.463461906
v -0.311492860 0.114860535 0.326049805
vt 0.378173828 0.355468750
vn -0.929508626 -0.126035124 -0.346596301
v -0.307220399 0.089752197 0.330047607
vt 0.365234375 0.357910156
vn -0.243701831 -0.283008695 0.927639782
v -0.306549013 0.107299805 0.325042725
vt 0.374511719 0.358642578
vn -0.433797747 -0.354925424 -0.828159153
v -0.318664491 0.112037659 0.349945068
vt 0.375000000 0.337646484
vn -0.962212205 0.268157452 0.047322027
v -0.297729462 0.151588440 0.305633545
vt 0.404052734 0.369628906
vn -0.951312006 0.188689917 -0.243724450
v -0.304046571 0.112747192 0.307373047
vt 0.380126953 0.369628906
vn -0.982638836 -0.149361148 -0.110055417
v -0.304595917 0.116630554 0.285156250
vt 0.383789062 0.384033203
vn -0.997375369 0.047120046 -0.054973319
v -0.305541933 0.159927368 0.333618164
vt 0.412353516 0.347412109
vn -0.965366781 0.243303776 0.094182238
v -0.304351747 0.156158447 0.322845459
vt 0.409912109 0.355957031
vn -0.930838048 0.197211385 -0.307649732
v -0.296508759 0.146423340 0.280334473
vt 0.402587891 0.384277344
vn -0.958996296 0.267261237 -0.094327390
v -0.300628632 0.119674683 0.260467529
vt 0.385742188 0.397949219
vn -0.996147394 0.015687315 -0.086280353
v -0.295501679 0.143486023 0.252502441
vt 0.399902344 0.400634766
vn -0.975320399 0.220233604 -0.015730856
v -0.290863007 0.159957886 0.280426025
vt 0.413330078 0.385742188
vn -0.985413551 0.165549427 -0.039416417
v -0.288543671 0.201173782 0.307708740
vt 0.437988281 0.366210938
vn -0.960243106 0.181029364 -0.212512702
v -0.275390595 0.263145447 0.278869629
vt 0.480468750 0.379150391
vn -0.953939617 0.299584299 -0.015767485
v -0.287536591 0.242507935 0.331359863
vt 0.461181641 0.348144531
vn -0.962182224 0.252375633 -0.102527484
v -0.280853242 0.246164322 0.295013428
vt 0.468261719 0.370361328
vn -0.981305718 0.188410655 -0.039252106
v -0.277069062 0.260972977 0.313140869
vt 0.477539062 0.357177734
vn -0.927553773 0.361588746 -0.094327398
vt 0.479003906 0.323242188
v -0.267944306 0.273944855 0.338348389
vt 0.487548828 0.339843750
vn -0.588638306 0.808396518 0.000000042
v -0.265777558 0.274826050 0.269287109
vt 0.491210938 0.382812500
vn -0.402461648 0.915402889 0.007891417
vt 0.450195312 0.310791016
vt 0.479248047 0.308837891
v -0.304046571 0.153991699 0.357727051
vt 0.409912109 0.330566406
vn -0.965813160 0.259120554 -0.007852024
vt 0.491210938 0.318603516
vt 0.503417969 0.332763672
v -0.250976533 0.282642365 0.335449219
vt 0.500732422 0.340087891
vn -0.125968680 0.992002964 0.007873013
v -0.254791230 0.279003143 0.308990479
vt 0.498291016 0.359375000
vn -0.244359821 0.969556570 -0.015765158
v -0.221679658 0.285907745 0.246292114
vt 0.520751953 0.391113281
vn -0.070686720 0.997467637 0.007854042
v -0.235275224 0.281013489 0.315185547
vt 0.512939453 0.353515625
vn 0.047168080 0.998391926 0.031445362
v -0.317535341 0.111328125 0.352844238
vt 0.375976562 0.335937500
vn -0.977074921 0.212750152 -0.007879518
v -0.316314638 0.085937500 0.354431152
vt 0.360595703 0.332763672
vn -0.869083345 -0.442442477 0.221221358
vt 0.390869141 0.319335938
v -0.313384950 0.105461121 0.357330322
vt 0.371582031 0.332031250
vn -0.165292874 -0.897304177 -0.409296572
vt 0.373291016 0.324951172
vt 0.360839844 0.309082031
v -0.321197450 0.089172363 0.362609863
vt 0.360351562 0.327636719
vn -0.918190956 -0.219738051 -0.329606861
vt 0.967529297 0.367675781
vt 0.977050781 0.356201172
vt 0.979003906 0.373535156
v -0.312011719 0.096343979 0.059585590
vt 0.968750000 0.372314453
vn 0.315734714 -0.560429275 -0.765656948
v -0.310699433 0.065948471 0.062446609
vt 0.942382812 0.367431641
vn 0.141260207 -0.965277612 0.219738021
v -0.312927246 0.102310166 0.046283737
vt 0.978271484 0.378906250
vn 0.882985353 -0.228630126 -0.409957618
v -0.306854248 0.107833847 0.052425399
vt 0.973144531 0.379638672
vn 0.948939383 -0.258801609 -0.180377007
v -0.316009521 0.099075302 0.044342060
vt 0.980224609 0.379150391
vn -0.407946706 -0.862964213 -0.298114806
v -0.308990479 0.072296128 0.030042667
vt 0.984619141 0.403076172
vn 0.644451737 -0.165042534 -0.746621072
vt 0.996826172 0.362792969
vt 0.983886719 0.381347656
vt 0.986572266 0.378906250
v -0.321441650 0.087448105 0.004756469
vt 0.231201172 0.033203125
vn 0.385862827 -0.590606093 0.708727360
vt 0.247070312 0.022949219
v -0.327606201 0.087692246 0.003470679
vt 0.233886719 0.036865234
vn -0.944852710 0.149601609 -0.291329443
v -0.320312500 0.098403916 0.004025000
vt 0.234130859 0.026367188
vn 0.682820261 0.031394038 -0.729911566
v -0.313079834 0.114173874 0.004824655
vt 0.239990234 0.018066406
vn 0.393457085 -0.535101414 0.747568130
vt 0.250976562 0.027099609
vt 0.240966797 0.036865234
vt 0.252197266 0.033447266
vt 0.255126953 0.030273438
v -0.310852051 0.086151108 -0.002973301
vt 0.268798828 0.042236328
vn -0.700743914 0.133849964 0.700744092
v -0.304168701 0.085327134 -0.005123599
vt 0.269775391 0.045898438
vn 0.839480400 -0.164757833 -0.517810464
vt 0.256347656 0.039550781
v -0.320861757 0.082717896 0.375671387
vt 0.593017578 0.918212891
vn -0.993976474 -0.094664462 -0.055220779
vt 0.591796875 0.926513672
vt 0.587402344 0.918701172
vt 0.599609375 0.909179688
vt 0.592285156 0.929931641
vt 0.583496094 0.921142578
v -0.302520692 0.133331299 0.370666504
vt 0.583496094 0.954345703
vn 0.826233983 -0.550822556 -0.118033513
vt 0.569580078 0.940185547
vt 0.599121094 0.952148438
v -0.305847108 0.132118225 0.353668213
vt 0.591552734 0.962402344
vn 0.965366781 -0.243303776 0.094182000
v -0.297515810 0.136459351 0.326904297
vt 0.599365234 0.983886719
vn 0.567721725 -0.788502336 0.236550659
vt 0.808349609 0.979003906
vt 0.803710938 0.974609375
vt 0.806884766 0.974121094
vt 0.802246094 0.981445312
v -0.312591553 0.084289536 -0.008994085
vt 0.810058594 0.983886719
vn -0.315234482 -0.386162132 -0.866894484
vt 0.802734375 0.985107422
vt 0.826904297 0.981201172
vt 0.811523438 0.989746094
vt 0.808105469 0.989257812
vt 0.826660156 0.989990234
v -0.316436708 0.106292725 0.365234375
vt 0.995117188 0.622070312
vn 0.527477384 -0.795152426 0.299166232
vt 0.998535156 0.620361328
vt 1.000000000 0.634277344
vt 0.999755859 0.612548828
vt 0.991455078 0.625732422
vt 0.985351562 0.623291016
v -0.316345215 0.096908554 -0.045703869
vt 0.050048828 0.181884766
vn -0.726212621 -0.568340361 0.386787295
vt 0.060546875 0.191650391
vt 0.037353516 0.181884766
vt 0.036865234 0.190429688
vt 0.052490234 0.176269531
v -0.303588867 0.119728073 -0.042121872
vt 0.047851562 0.174072266
vn 0.867325544 -0.323275894 -0.378469467
vt 0.021484375 0.181640625
v -0.310333252 0.093276963 -0.088752732
vt 0.010009766 0.809326172
vn 0.039231814 -0.258929044 0.965099335
vt 0.003173828 0.814453125
vt 0.008300781 0.799316406
vt 0.021728516 0.818115234
vt 0.022460938 0.855712891
vt 0.007812500 0.860839844
vt 0.010742188 0.854248047
vt 0.002441406 0.859619141
vt 0.006103516 0.849609375
v -0.309570312 0.098113999 0.065811172
vt 0.931884766 0.875732422
vn 0.780860186 -0.260286659 0.567898095
vt 0.934814453 0.889160156
vt 0.931152344 0.882568359
vt 0.917236328 0.889892578
vt 0.928955078 0.873779297
vt 0.959228516 0.877929688
vt 0.934326172 0.867431641
v -0.305023193 0.134712204 0.072143570
vt 0.955078125 0.870849609
vn 0.907426715 -0.347189307 0.236719906
vt 0.962158203 0.872802734
v -0.296142578 0.138336167 0.071525589
vt 0.960449219 0.869140625
vn -0.431521952 -0.878735602 -0.203992084
v -0.297088623 0.142890915 0.058673870
vt 0.959228516 0.860351562
vn -0.196990818 -0.914037824 0.354583710
v -0.297668457 0.136131272 0.042224895
vt 0.951171875 0.852783203
vn 0.094532184 -0.968954682 -0.228452697
v -0.305938721 0.129203781 0.045005813
vt 0.944824219 0.857421875
vn 0.928558290 -0.314765513 -0.196728557
v -0.315277100 0.119720444 0.019798296
vt 0.929931641 0.846435547
vn 0.889405429 -0.456508934 0.023612436
v -0.304290771 0.147857651 0.024379743
vt 0.944580078 0.840576172
vn 0.699120641 -0.714831173 -0.015710635
v -0.298217773 0.137115464 0.003616346
vt 0.938476562 0.828369141
vn 0.823181450 -0.540947676 0.172476023
v -0.291381836 0.143447861 0.024793638
vt 0.949462891 0.834960938
vn -0.345931649 -0.935587883 -0.070758663
v -0.286987305 0.132659897 0.038646709
vt 0.953857422 0.843994141
vn -0.985566676 -0.149806187 -0.078845195
v -0.287231445 0.112625107 0.039489757
vt 0.960205078 0.841308594
vn -0.999969006 -0.007873815 0.000000131
v -0.287139893 0.132194504 0.044261944
vt 0.957763672 0.852539062
vn -0.880798280 -0.401077837 0.251656801
vt 0.031738281 0.463867188
vt 0.028808594 0.463623047
vt 0.027587891 0.448730469
vt 0.031982422 0.472167969
vt 0.016113281 0.447265625
vt 0.022949219 0.445312500
vt 0.033935547 0.428955078
vt 1.000000000 0.548828125
vt 0.997558594 0.558105469
vt 0.984619141 0.550292969
v -0.297393799 0.138839707 -0.038234700
vt 0.983886719 0.560791016
vn 0.790742397 -0.537704766 -0.292574763
v -0.288513184 0.143287644 -0.044776905
vt 0.985351562 0.566894531
vn -0.534853101 -0.770817757 -0.346081346
vt 0.999511719 0.570800781
vt 0.988769531 0.573242188
vt 0.979248047 0.578125000
vt 0.661132812 0.412841797
vt 0.662597656 0.406494141
vt 0.667236328 0.407470703
vt 0.678955078 0.414306641
v -0.303436279 0.117706284 -0.025241837
vt 0.673339844 0.399902344
vn 0.939428151 -0.331562847 -0.086838007
vt 0.681884766 0.396240234
vt 0.689941406 0.395751953
vt 0.696044922 0.396484375
vt 0.674316406 0.424804688
vt 0.678710938 0.435302734
vt 0.708984375 0.393554688
vt 0.688720703 0.441406250
v -0.287109375 0.111328110 -0.080932602
vt 0.723876953 0.396240234
v -0.287170440 0.110511757 -0.192932114
vt 0.746582031 0.352050781
v -0.287445068 0.109817483 -0.095642075
vt 0.728027344 0.391357422
vn -0.999721110 -0.023615502 0.000000132
v -0.286804199 0.093933091 -0.068939194
vt 0.727539062 0.407470703
vn -0.967784166 -0.251781255 0.000000138
v -0.286834717 0.094085678 0.013774885
vt 0.708740234 0.440917969
vn -0.940366328 -0.339796245 0.015804615
v -0.278961182 0.086868271 -0.020627962
vt 0.726074219 0.432861328
vn -0.316217840 -0.948653638 0.007905529
v -0.286621094 0.094268784 -0.109580979
vt 0.736083984 0.390380859
vn -0.889653563 -0.456636369 0.000000137
v -0.286865234 0.094497666 -0.149505600
vt 0.744384766 0.380126953
vn -0.977105200 -0.212756827 0.000000137
v -0.278594971 0.086807236 -0.076011643
vt 0.734130859 0.406494141
vn -0.227726012 -0.973725259 0.000000072
v -0.279724121 0.086959824 -0.150482178
vt 0.748046875 0.382080078
vn -0.496988267 -0.867757320 0.000000103
v -0.261932373 0.087036118 -0.051078785
vt 0.736572266 0.423339844
vn 0.023615502 -0.999721110 0.000000041
v -0.270935059 0.087036118 0.059898391
vt 0.744873047 0.467041016
vn -0.078494735 -0.996883690 0.007849531
v -0.305938721 0.087326035 -0.024913771
vt 0.434082031 0.007812500
vn 0.513709784 -0.442580581 0.734999895
vt 0.441894531 0.000732422
vt 0.435302734 0.020019531
vt 0.425292969 0.000000000
vt 0.418212891 0.011474609
vt 0.416015625 0.004150391
v -0.310546815 0.051589966 0.418121338
vt 0.524902344 0.019287109
vn -0.993945599 -0.039442327 0.102550067
vt 0.531982422 0.027832031
vt 0.521240234 0.027832031
v -0.306854188 0.055221558 0.420318604
vt 0.521728516 0.002929688
vn 0.958049595 -0.282703102 0.047117081
vt 0.611572266 0.996826172
vt 0.628662109 0.985595703
vt 0.628662109 0.988281250
vt 0.625244141 0.985351562
v -0.300567567 0.083282471 0.408660889
vt 0.631591797 0.982177734
vn -0.031425036 -0.934894681 -0.353531599
vt 0.629150391 0.976806641
vt 0.629150391 0.961425781
v -0.299102724 0.050476074 0.413757324
vt 0.650634766 0.991455078
vn -0.946732640 -0.276130378 0.165678352
v -0.292968690 0.060363770 0.413818359
vt 0.644531250 0.992431641
vn 0.995464504 -0.094806105 -0.007900639
v -0.289337188 0.238692269 -0.111160271
vt 0.614013672 0.264404297
vn -0.284596205 0.063243523 -0.956559122
vt 0.657714844 0.255371094
vt 0.623535156 0.265380859
v -0.277771026 0.267017365 -0.110847466
vt 0.606201172 0.282958984
vn -0.742115617 0.489480436 -0.457901031
vt 0.618896484 0.289550781
v -0.274230987 0.253864259 -0.110809319
vt 0.602539062 0.274658203
vn -0.955306232 0.165796876 -0.244747743
v -0.260253936 0.281375885 -0.111381523
vt 0.598388672 0.296630859
vn -0.627571702 0.760930598 -0.164737493
v -0.259399414 0.283138275 -0.093070976
vt 0.605712891 0.305664062
vn -0.385325462 0.920062780 0.070774071
vt 0.622802734 0.309570312
v -0.272949219 0.236810669 -0.110755913
vt 0.604003906 0.261718750
vn -0.974958539 -0.031450327 -0.220151797
v -0.274078399 0.259702653 -0.146713257
vt 0.579101562 0.280761719
vn -0.948735178 0.313631415 0.039204042
v -0.275085479 0.237414345 -0.160354614
vt 0.570800781 0.261474609
vn -0.978595018 0.205189228 0.015783910
v -0.272796661 0.229899585 -0.135635376
vt 0.584960938 0.252685547
vn -0.923035622 -0.102559537 0.370792240
v -0.274078399 0.233135685 -0.118705742
vt 0.584716797 0.241455078
vn 0.598573625 0.795472860 -0.094511747
v -0.280822784 0.235446915 -0.112167351
vt 0.581054688 0.236328125
vn -0.730722249 0.667864263 -0.141430035
v -0.277282745 0.248668656 -0.177566528
vt 0.562988281 0.269775391
vn -0.985903800 0.165631786 0.023661811
v -0.268341094 0.273113221 -0.155288696
vt 0.569580078 0.283447266
vn -0.426467985 0.900321186 0.086873114
v -0.261138946 0.276794404 -0.128845215
vt 0.572265625 0.294189453
vn -0.189170077 0.977378368 -0.094585031
v -0.281219512 0.231383666 -0.155075073
vt 0.566162109 0.256347656
vn -0.967754245 -0.007867952 0.251773596
v -0.277618408 0.226894364 -0.111762993
vt 0.575927734 0.231933594
vn -0.768893600 -0.313834161 -0.557055414
vt 0.564208984 0.242431641
vt 0.568847656 0.232177734
v -0.283844024 0.210601792 -0.154632553
vt 0.552978516 0.254638672
vn -0.899956346 -0.039471794 0.434189618
v -0.279174834 0.194202408 -0.134231567
vt 0.546630859 0.233398438
vn -0.988973260 -0.125583947 0.078490071
v -0.273834258 0.181735978 -0.155548096
vt 0.537597656 0.242187500
vn -0.902912438 0.423976243 0.070662811
v -0.304138124 0.186195374 0.470092773
vt 0.465087891 0.971923828
vn -0.903023779 -0.133490503 0.408323914
v -0.296356142 0.219587326 0.470703125
vt 0.452148438 0.974121094
vn -0.960481048 0.133837491 0.244056776
v -0.304199159 0.219507217 0.451751709
vt 0.453857422 0.966064453
vn -0.931679070 0.244763076 -0.268449754
v -0.303893983 0.185997009 0.451934814
vt 0.466308594 0.966796875
vn -0.867298663 -0.244420573 -0.433649153
v -0.295410097 0.186164856 0.452697754
vt 0.470947266 0.963623047
vn -0.995433450 -0.039501373 -0.086902790
v -0.295196474 0.219493866 0.453521729
vt 0.449707031 0.963134766
vn -0.994224131 0.063125290 -0.086797215
v -0.295226991 0.246025085 0.478912354
vt 0.440917969 0.978515625
vn -0.987409830 0.007899242 0.157985702
v -0.295532167 0.182231918 0.484252930
vt 0.468017578 0.979248047
vn -0.884636343 0.015797060 0.466013908
v -0.295349061 0.186718002 0.469848633
vt 0.467041016 0.974365234
vn -0.973995566 -0.125676885 0.188515425
v -0.295135438 0.154273987 0.485839844
vt 0.476318359 0.981933594
vn -0.937938809 -0.000000026 0.346801043
v -0.294433534 0.291545868 0.456726074
vt 0.422363281 0.966308594
vn -0.867757320 0.496988267 0.000000092
v -0.294525087 0.289638519 0.487945557
vt 0.421142578 0.979980469
vn -0.694033027 0.299696088 0.654599488
v -0.267242372 0.291709900 0.487854004
vt 0.409423828 0.975830078
vn 0.000000053 0.756468594 0.654030085
v -0.295349061 0.244685173 0.439514160
vt 0.441650391 0.956054688
vn -0.996270061 -0.000000047 -0.086290978
vt 0.416015625 0.944091797
v -0.245452821 0.291004181 0.429016113
vt 0.409667969 0.943603516
vn 0.261002064 0.957007825 -0.126546562
v -0.294464052 0.289581299 0.428405762
vt 0.424804688 0.953369141
vn -0.833819032 0.361845911 -0.416909397
v -0.294830263 0.257774353 0.427917480
vt 0.436523438 0.951416016
vn -0.346628845 -0.031511758 -0.937472999
vt 0.442871094 0.947021484
v -0.292663515 0.228044748 0.428741455
vt 0.448486328 0.950927734
vn -0.709255457 0.070925467 -0.701374590
vt 0.457275391 0.948242188
v -0.294647157 0.189777374 0.430816650
vt 0.465576172 0.951904297
vn -0.956260443 0.007902923 -0.292410076
v -0.295013368 0.139694214 0.430206299
vt 0.483642578 0.944580078
vn -0.912509441 -0.000000058 -0.409055799
vt 0.477050781 0.943115234
v -0.304565370 0.104690552 0.469665527
vt 0.756591797 0.007324219
vn -0.794856787 0.440712720 0.417103201
v -0.304168642 0.104660034 0.452209473
vt 0.753417969 0.013427734
vn -0.879087389 0.141281828 -0.455241531
v -0.304382265 0.071960449 0.470001221
vt 0.741210938 0.005126953
vn -0.865605175 -0.251812428 0.432802737
v -0.295074403 0.104293823 0.453521729
vt 0.759521484 0.016845703
vn -0.996515393 0.062772579 -0.054925919
v -0.295288026 0.104171753 0.469604492
vt 0.760742188 0.003417969
vn -0.968203783 0.055100996 0.244018972
v -0.295501649 0.072448730 0.451049805
vt 0.738769531 0.017822266
vn -0.983703256 -0.070826687 -0.165262014
v -0.295410097 0.072296143 0.469360352
vt 0.738281250 0.002197266
vn -0.952992201 -0.141767472 0.267783076
v -0.304016054 0.071670532 0.451629639
vt 0.741943359 0.013183594
vn -0.881671190 -0.220417842 -0.417219281
vt 0.770507812 0.974609375
vt 0.771240234 0.964355469
vt 0.782958984 0.967529297
vt 0.783691406 0.919677734
vt 0.772949219 0.929443359
vt 0.045654297 0.048583984
vt 0.052490234 0.036132812
vt 0.049560547 0.060546875
vt 0.050048828 0.019287109
vt 0.069824219 0.033691406
v -0.287048280 0.130455017 0.309173584
vt 0.022949219 0.023193359
vn -0.908190429 -0.355378896 0.221124768
v -0.293243349 0.088638306 0.317260742
vt 0.043457031 0.042236328
vn 0.512415111 -0.591248095 0.622781217
v -0.296264589 0.109619141 0.318756104
vt 0.028564453 0.040283203
vn 0.636769712 -0.738967240 0.220117852
v -0.286163300 0.115997314 0.302612305
vt 0.019531250 0.032470703
vt 0.046875000 0.052490234
v -0.293823183 0.108345032 0.304962158
vt 0.018066406 0.040039062
vn 0.802279711 -0.566314995 0.188771620
vt 0.021972656 0.049316406
vt 0.128417969 0.000976562
vt 0.134765625 0.017333984
vt 0.125488281 0.017089844
vt 0.135742188 0.021728516
vt 0.978027344 0.446533203
vt 0.940673828 0.428955078
vt 0.960693359 0.425048828
vt 0.940185547 0.424072266
vt 0.936279297 0.423583984
vt 0.944091797 0.420166016
vt 0.956787109 0.415771484
vt 0.968261719 0.420898438
v -0.280548096 0.203914627 -0.121559136
vt 0.955566406 0.406005859
vn -0.998361051 0.055027731 -0.015722092
vt 0.978027344 0.401123047
vt 0.957519531 0.396240234
vt 0.955566406 0.375732422
v -0.271301299 0.223694310 -0.132446289
vt 0.937011719 0.408935547
vn -0.957223594 0.219690591 -0.188306168
vt 0.930419922 0.409179688
vt 0.936523438 0.420166016
vt 0.930175781 0.420898438
vt 0.930175781 0.423095703
v -0.295257628 0.371841401 -0.455139160
vt 0.011474609 0.696289062
vn -0.998206854 -0.023579730 0.055019405
v -0.304290831 0.407058686 -0.452636719
vt 0.021240234 0.697509766
vn -0.872933984 -0.015728559 0.487584919
v -0.304290831 0.372055024 -0.470581055
vt 0.013183594 0.700927734
vn -0.967754185 -0.251773477 0.007868058
v -0.295227110 0.406936616 -0.453125000
vt 0.023925781 0.695312500
vn -0.993760109 0.078869805 0.078869976
v -0.295379698 0.372024506 -0.470581055
vt 0.011230469 0.703125000
vn -0.986948133 -0.031582393 -0.157911569
v -0.304412901 0.407058686 -0.470428467
vt 0.021972656 0.701904297
vn -0.764301002 0.291537434 -0.575195491
v -0.295562804 0.406585664 -0.476440430
vt 0.024169922 0.705078125
vn -0.989919007 0.047138948 -0.133560359
v -0.294525206 0.454269379 -0.430389404
vt 0.038818359 0.690673828
vn -0.496047527 0.440931201 0.748008370
v -0.294860899 0.454315156 -0.457977295
vt 0.037353516 0.698974609
vn -0.805249274 0.592095017 -0.031578325
v -0.294403136 0.453460664 -0.489166260
vt 0.038818359 0.710937500
vn -0.502831697 0.392837107 -0.769960761
v -0.295867980 0.382034272 -0.481323242
vt 0.014648438 0.706542969
vn -0.982062519 -0.000000051 -0.188555866
v -0.293090880 0.378021210 -0.489379883
vt 0.011718750 0.708984375
vn -0.456636399 -0.000000059 -0.889653385
v -0.291961730 0.412918061 -0.488952637
vt 0.024902344 0.709960938
vn -0.481615752 -0.000000059 -0.876382470
v -0.268585265 0.415908784 -0.489440918
vt 0.023681641 0.718505859
vn -0.015738409 0.031476509 -0.999380589
v -0.244216993 0.454681367 -0.488922119
vt 0.036376953 0.726806641
vn 0.518288970 0.596817791 -0.612523556
v -0.268158019 0.392517060 -0.489379883
vt 0.012939453 0.717041016
vn 0.007873397 -0.007873571 -0.999938011
v -0.244567946 0.390426606 -0.488677979
vt 0.013916016 0.726806641
vn 0.323155254 -0.031527381 -0.945820689
v -0.274078429 0.399993867 -0.496765137
vt 0.016845703 0.719238281
vn -0.393213660 -0.235928193 -0.888662517
v -0.255676329 0.396865815 -0.490173340
vt 0.015136719 0.724365234
vn 0.423728108 -0.078468211 -0.902384162
v -0.265747130 0.415496796 -0.496551514
vt 0.018554688 0.720703125
vn 0.361622155 0.283008724 -0.888333023
v -0.304138243 0.071823090 -0.452545166
vt 0.912841797 0.946044922
vn -0.763590097 -0.456579685 0.456579804
v -0.304290831 0.104751557 -0.452728271
vt 0.913085938 0.934326172
vn -0.832070231 0.251191020 0.494532466
v -0.304382384 0.071853608 -0.470458984
vt 0.918701172 0.946533203
vn -0.888882518 -0.125859529 -0.440508008
v -0.304412901 0.104568452 -0.470428467
vt 0.917968750 0.935302734
vn -0.864321768 0.243581519 -0.440018207
v -0.295288146 0.104415864 -0.470428467
vt 0.921386719 0.931884766
vn -0.970672965 0.094699740 -0.220966041
v -0.295349181 0.072387666 -0.470245361
vt 0.921142578 0.951171875
vn -0.918841958 -0.267013937 -0.290573865
v -0.295227110 0.072372407 -0.454528809
vt 0.908447266 0.948486328
vn -0.994440794 -0.023677200 0.102601156
v -0.295105040 0.104339570 -0.455383301
vt 0.910156250 0.930419922
vn -0.998206854 0.023579648 0.055019405
v -0.295471251 0.165374726 -0.480957031
vt 0.934082031 0.912353516
vn -0.997498453 -0.000000047 -0.070688725
v -0.295318663 0.186279267 -0.471099854
vt 0.936767578 0.902343750
vn -0.993111670 -0.086700268 -0.078818254
v -0.294464171 0.080764741 -0.489257812
vt 0.927734375 0.947265625
vn -0.840178967 -0.023556480 -0.541797459
v -0.295105040 0.156089753 -0.435516357
vt 0.892822266 0.917724609
vn -0.999225974 -0.000000042 0.039339736
v -0.295227110 0.061386079 -0.479278564
vt 0.922363281 0.958007812
v -0.287323058 0.075042695 -0.489410400
vt 0.928710938 0.950439453
vn -0.189541429 -0.071078040 -0.979296744
v -0.295318663 0.057250947 -0.435821533
vt 0.897460938 0.956787109
vn -0.993883729 -0.000000039 0.110431649
v -0.286285460 0.059738129 -0.489440918
vt 0.928955078 0.955566406
vn -0.110376731 0.031536121 -0.993389368
v -0.294403136 0.103759736 -0.430419922
vt 0.889648438 0.939941406
vn -0.710957170 -0.015799053 0.703057885
v -0.294708312 0.055084199 -0.488616943
vt 0.926025391 0.959472656
vn -0.730722308 0.141430035 -0.667864203
v -0.293853819 0.022094697 -0.489044189
vt 0.927734375 0.974853516
vn -0.512176454 -0.000000060 -0.858880341
v -0.273193419 0.006149262 -0.489685059
vt 0.938720703 0.983886719
vn -0.000000130 -0.015746122 -0.999876022
v -0.292511046 0.008438081 -0.489562988
vt 0.927978516 0.980712891
vn -0.228226334 -0.338404447 -0.912904859
v -0.295318663 0.000732392 -0.482177734
vt 0.922851562 0.983398438
vn -0.915659547 -0.378893644 -0.134191349
v -0.294799864 0.003219575 -0.458374023
vt 0.912109375 0.979492188
vn -0.999690175 -0.023614772 0.007871708
v -0.292877257 0.000427216 -0.458312988
vt 0.911621094 0.981445312
vn -0.039339561 -0.999225974 0.000000049
v -0.294799864 0.000762910 -0.435516357
vt 0.903564453 0.981445312
vn -0.891284764 -0.441698700 0.102537327
v -0.293579161 0.005248994 -0.429901123
vt 0.901123047 0.979248047
vn -0.347243309 -0.110486522 0.931243777
v -0.289947569 0.062332124 -0.429656982
vt 0.891601562 0.956542969
vn -0.133708999 0.000000037 0.991020679
v -0.271362364 0.003707856 -0.430084229
vt 0.893798828 0.981933594
vn 0.007871708 -0.023614686 0.999690175
v -0.287292540 0.091278046 -0.430114746
vt 0.886474609 0.945556641
vn -0.730925143 -0.534439981 0.424408346
v -0.287445128 0.110351525 -0.430053711
vt 0.885498047 0.937988281
vn -0.997467637 0.007854035 0.070686810
v -0.287261993 0.091949433 -0.383453369
vt 0.863525391 0.943115234
vn -0.981941283 -0.188532770 0.015711196
v -0.304107726 0.186138123 -0.452880859
vt 0.346679688 0.673095703
vn -0.861666858 -0.158104032 0.482217371
v -0.304382384 0.219824761 -0.467132568
vt 0.333984375 0.684326172
vn -0.967754304 0.251773447 0.007868037
v -0.304107726 0.186058015 -0.471160889
vt 0.340576172 0.672607422
vn -0.778442442 -0.133671984 -0.613318145
v -0.295593321 0.219204873 -0.470977783
vt 0.329345703 0.684570312
vn -0.732897341 0.212776572 -0.646210313
v -0.295349181 0.218998879 -0.453369141
vt 0.337646484 0.690185547
vn -0.997529209 0.031418201 0.062836617
vt 0.340087891 0.668945312
v -0.295471251 0.186260194 -0.453369141
vt 0.352539062 0.670410156
vn -0.996730089 -0.039241381 0.070634544
v -0.295440733 0.210485429 -0.438903809
vt 0.347900391 0.685058594
vn -0.983490050 -0.000000035 0.180962294
v -0.295471251 0.226709336 -0.484008789
vt 0.322509766 0.687255859
vn -0.995495498 -0.000000048 -0.094808966
vt 0.364013672 0.626464844
vt 0.333007812 0.664794922
v -0.292419493 0.172576874 -0.488861084
vt 0.324462891 0.669433594
vn -0.227726221 -0.000000053 -0.973725319
v -0.289520323 0.216921777 -0.490081787
vt 0.315429688 0.684814453
vn -0.275753140 -0.007878712 -0.961196303
v -0.275909483 0.219883889 -0.489624023
vt 0.307373047 0.687744141
vn -0.015741821 0.023612490 -0.999597251
v -0.275787413 0.186065644 -0.489624023
vt 0.310791016 0.677246094
vn -0.220016062 -0.047146324 -0.974356353
vt 0.372802734 0.662109375
v -0.293670714 0.190429658 -0.429504395
vt 0.361328125 0.676757812
vn -0.614344597 0.047257293 0.787621439
v -0.294616759 0.146629304 -0.430236816
vt 0.379150391 0.661621094
vn -0.376786411 -0.007849695 0.926266968
v -0.287170470 0.178329438 -0.429626465
vt 0.369628906 0.674804688
vn -0.858640492 0.354484618 0.370239586
vt 0.393066406 0.647949219
v -0.287200987 0.149810761 -0.430114746
vt 0.383300781 0.667236328
vn -0.999504447 -0.000000042 0.031480584
vt 0.394042969 0.652832031
v -0.287139952 0.129554719 -0.430541992
vt 0.388183594 0.659667969
v -0.286987334 0.129501313 -0.322448730
vt 0.447265625 0.678955078
vn -0.999969006 0.007873728 0.000000131
v -0.287017852 0.132369965 -0.269775391
vt 0.477783203 0.688476562
v -0.303283662 0.112853996 0.168365493
vt 0.213867188 0.064697266
vn -0.869029045 -0.165905580 0.466115713
v -0.298950166 0.121688835 0.168350235
vt 0.213867188 0.072998047
vn -0.473720253 0.086848743 0.876382709
v -0.302185029 0.126472473 0.164535537
vt 0.205566406 0.070312500
vn -0.994936705 0.071066856 0.071067028
v -0.290557832 0.100799561 0.174789444
vt 0.222167969 0.047363281
vn 0.173158705 0.181029484 0.968113899
v -0.294128388 0.117050163 0.182144180
vt 0.225097656 0.086425781
vn -0.220609248 -0.961226106 -0.165456876
v -0.291381806 0.090927124 0.172775283
vt 0.214111328 0.057128906
vn 0.118132114 -0.370147645 -0.921431243
v -0.298492402 0.119590752 0.166244522
vt 0.205078125 0.060302734
vn 0.063078165 -0.701745331 -0.709630013
v -0.296447724 0.121665947 0.184860244
vt 0.221191406 0.087646484
vn -0.994874716 0.078958265 0.063166775
v -0.292083710 0.094314575 0.184829727
vt 0.238769531 0.101318359
vn -0.897526503 -0.440890253 -0.007872903
v -0.293701142 0.115966789 0.190139785
vt 0.224853516 0.096191406
vn 0.125580013 -0.855513990 -0.502320111
v -0.291442841 0.122337334 0.151886001
vt 0.190185547 0.067871094
vn -0.149255082 -0.942663670 -0.298510104
v -0.287353486 0.120086662 0.165390030
vt 0.200683594 0.058349609
vn -0.792284787 -0.604019165 -0.086288311
v -0.286163300 0.110763542 0.150756851
vt 0.183837891 0.057128906
vn -0.999442518 -0.023608919 0.023609011
v -0.286315888 0.123687737 0.144180313
vt 0.184570312 0.062744141
vn -0.905905068 -0.417504102 -0.070896782
v -0.294586152 0.125534058 0.145751968
vt 0.184082031 0.065185547
vn -0.926181316 0.015697930 -0.376751602
vt 0.176513672 0.065429688
vn 0.899228275 0.189311281 0.394398242
v -0.293975800 0.123634331 0.151138321
vt 0.188964844 0.069580078
vn -0.685294271 -0.456862926 0.567140281
vt 0.185546875 0.072509766
v -0.293518037 0.107437126 0.150268570
vt 0.176025391 0.068359375
vn -0.816899359 -0.282772869 0.502707481
v -0.286437958 0.105194084 0.150314346
vt 0.171386719 0.067382812
vn 0.393055499 -0.793972135 -0.463805556
v -0.291137666 0.110740654 0.146621719
vt 0.171142578 0.065185547
vn 0.141679466 -0.165292904 -0.976015031
vt 0.171386719 0.011962891
vt 0.162353516 0.026367188
v -0.297058046 0.108459473 0.302368164
vt 0.165527344 0.010498047
vn -0.741445720 -0.638905466 0.205080882
v -0.297943085 0.109977722 0.290557861
vt 0.160400391 0.017822266
vn -0.408739805 -0.786038280 0.463762671
v -0.294158876 0.089279175 0.302734375
vt 0.152587891 0.003417969
vn -0.920974433 0.055100974 -0.385707110
v -0.293884218 0.084075928 0.298004150
vt 0.147460938 0.003906250
vn -0.749403477 -0.615299761 -0.244542062
v -0.298217714 0.107788086 0.307067871
vt 0.168945312 0.009277344
vn -0.646210432 -0.212776661 -0.732897103
v -0.297454774 0.091476440 0.310119629
vt 0.180664062 0.004394531
vn -0.299175382 -0.133841634 0.944764853
vt 0.179931641 0.010742188
vt 0.658447266 0.991699219
vt 0.660400391 0.977539062
v -0.299194306 0.110641479 0.283569336
vt 0.664062500 0.990966797
vn -0.305903584 -0.611807108 -0.729462206
v -0.295867890 0.110733032 0.267456055
vt 0.666992188 0.981201172
vn -0.708837211 -0.677333415 0.196899369
v -0.295165986 0.090774536 0.262664795
vt 0.676757812 0.974365234
vn -0.850631058 -0.519830108 -0.078761995
vt 0.986083984 0.477050781
vt 0.982666016 0.485351562
vt 0.978027344 0.485351562
vt 0.972412109 0.470947266
vt 0.971923828 0.475585938
vt 0.977783203 0.488769531
vt 0.975341797 0.487548828
v -0.291809022 0.082580566 0.395019531
vt 0.984130859 0.488525391
vn 0.990898073 -0.133692548 0.015728416
vt 0.992919922 0.477294922
vt 0.987304688 0.488281250
vt 0.989013672 0.489257812
vt 0.984863281 0.504394531
v -0.290618837 0.109939575 0.406524658
vt 0.977783203 0.502929688
vn 0.927897811 -0.172997847 0.330268562
vt 0.973144531 0.491455078
v -0.287689149 0.134635925 0.414398193
vt 0.967041016 0.511962891
vn -0.473439902 -0.276173323 0.836410761
vt 0.958251953 0.514648438
vt 0.958740234 0.521240234
v -0.287994325 0.130828857 0.430236816
vt 0.965576172 0.519775391
vn -0.914037883 -0.055157516 -0.401861340
v -0.288024843 0.092025757 0.428710938
vt 0.980712891 0.520019531
vn -0.550908029 -0.228233352 -0.802751541
v -0.287872255 0.110366821 0.398498535
vt 0.981201172 0.505615234
vn -0.998947680 -0.039328694 -0.023597058
v -0.287933290 0.132720947 0.373809814
vt 0.996093750 0.511962891
vn -0.857815862 -0.503671765 -0.102308176
v -0.288268983 0.094757080 0.395294189
vt 0.985107422 0.509765625
vn -0.912509382 -0.409055948 0.000000138
vt 0.250976562 0.085449219
v -0.294219911 0.137725830 0.373382568
vt 0.256835938 0.085693359
vn 0.007870830 -0.905147195 -0.425025642
vt 0.250976562 0.099121094
vt 0.260986328 0.103515625
vt 0.251464844 0.059326172
vt 0.261962891 0.085693359
vt 0.260009766 0.048095703
vt 0.012695312 0.691162109
vt 0.006103516 0.688720703
v -0.301544160 0.093612671 0.286376953
vt 0.017822266 0.682373047
vn -0.824703455 -0.557656646 0.094251961
vt 0.007324219 0.682617188
v -0.287109345 0.091033936 0.287322998
vt 0.024902344 0.687744141
vn 0.967994034 -0.165267229 -0.188877031
vt 0.382324219 0.870361328
vt 0.395507812 0.873779297
v -0.299133271 0.119338982 0.226089492
vt 0.384277344 0.888916016
vn -0.995713115 0.031609900 0.086927466
v -0.294342011 0.155982971 0.232620254
vt 0.402832031 0.884033203
vn -0.990898073 0.133692548 0.015728666
v -0.290710419 0.161407471 0.251831055
vt 0.405517578 0.874267578
vn -0.984923959 0.149708390 0.086673431
vt 0.401123047 0.860595703
v -0.286956757 0.198314667 0.248123184
vt 0.424316406 0.872070312
vn -0.990530550 0.133642957 0.031445537
v -0.291015595 0.192394257 0.230331436
vt 0.422119141 0.883544922
vn -0.988150001 0.126483157 0.086957321
v -0.294464082 0.152473450 0.206649795
vt 0.401611328 0.898681641
vn -0.983764231 0.173142463 -0.047220558
v -0.299835175 0.121269219 0.207763687
vt 0.385009766 0.899902344
vn -0.990989983 0.086514950 -0.102244876
v -0.291076630 0.164192200 0.202087417
vt 0.408203125 0.900390625
vn -0.984954536 0.118194498 -0.126074046
v -0.288421601 0.164649963 0.182266250
vt 0.408447266 0.912109375
vn -0.983733773 0.157397360 0.086568691
vt 0.385498047 0.912841797
vt 0.388183594 0.924316406
v -0.295349091 0.167259216 0.158309951
vt 0.409423828 0.926025391
vn -0.991910815 0.110212266 -0.062978342
vt 0.387939453 0.935058594
v -0.286315888 0.169498444 0.137237564
vt 0.409667969 0.938232422
vn -0.995215952 0.094782427 0.023695745
v -0.289154023 0.197582245 0.139846817
vt 0.425537109 0.936523438
vn -0.998885930 0.047191415 0.000000129
v -0.291503876 0.197650909 0.152328506
vt 0.426025391 0.930175781
vn -0.979999900 0.197580576 0.023709795
v -0.282257050 0.225323200 0.133392334
vt 0.441650391 0.941650391
vn -0.977105200 0.212756738 0.000000119
v -0.287170380 0.204334259 0.171875015
vt 0.429199219 0.919189453
vn -0.984587789 0.141780585 0.102397241
v -0.283233613 0.214505196 0.194198608
vt 0.434082031 0.906250000
vn -0.990928710 0.125832170 -0.047186956
v -0.281158417 0.249246597 0.179916382
vt 0.452880859 0.913085938
vn -0.983459711 0.180956542 0.007867799
v -0.286956757 0.227278948 0.216033950
vt 0.439941406 0.893066406
vn -0.980822265 0.149084941 -0.125545114
v -0.275726289 0.264842987 0.198623657
vt 0.460449219 0.901855469
vn -0.899648130 0.434040755 -0.047349803
v -0.274505585 0.262981415 0.161132812
vt 0.461669922 0.923095703
vn -0.956021607 0.292337149 0.023703128
v -0.278442353 0.259214401 0.147216797
vt 0.459716797 0.931396484
vn -0.958374739 0.282799035 -0.039277535
v -0.273284882 0.267040253 0.130371094
vt 0.466552734 0.939697266
vn -0.807774842 0.588185489 -0.039212290
v -0.266906708 0.274150848 0.155349731
vt 0.468994141 0.925292969
vn -0.606261671 0.795226276 0.007873572
v -0.255310029 0.282127380 0.134796143
vt 0.476806641 0.937255859
vn -0.315981060 0.947943091 -0.039497625
v -0.261016816 0.278377533 0.189651489
vt 0.471435547 0.904296875
vn -0.456622154 0.889625907 -0.007872775
v -0.269195527 0.272651672 0.239089966
vt 0.466552734 0.879394531
vn -0.691201389 0.722619474 0.007854619
v -0.254669160 0.280044556 0.222610474
vt 0.475585938 0.886962891
vn -0.236838043 0.971035779 0.031578388
vt 0.470947266 0.864746094
vt 0.462402344 0.859619141
v -0.281036347 0.255533218 0.227584839
vt 0.454833984 0.886230469
vn -0.952696860 0.291320503 0.086608917
v -0.275848359 0.261909485 0.239624023
vt 0.458984375 0.879150391
vn -0.967754304 0.243905514 0.062943488
v -0.282745332 0.236882687 0.262207031
vt 0.446289062 0.864501953
vn -0.986948133 0.157911658 0.031582464
v -0.297912568 0.116394036 0.234802261
vt 0.027832031 0.927734375
vn -0.810521245 -0.582316339 -0.062952980
vt 0.006103516 0.932617188
vt 0.036621094 0.921386719
v -0.296020478 0.111816406 0.261901855
vt 0.012451172 0.939453125
vn -0.337652385 -0.887319088 -0.314095199
v -0.293395966 0.114112847 0.235992447
vt 0.037841797 0.937255859
vn 0.039393250 -0.811501801 -0.583020687
v -0.293426484 0.113197319 0.239364639
vt 0.031982422 0.942871094
vn 0.063166693 -0.994874597 0.078958340
v -0.294372529 0.092147827 0.238677993
vt 0.033935547 0.937255859
vn -0.385802835 -0.889708638 -0.244079277
vt 0.996582031 0.228759766
vt 0.998046875 0.232421875
v -0.294860780 0.054458618 0.378967285
vt 0.982177734 0.229003906
vn -0.873042047 -0.487645149 0.000000136
vt 0.993408203 0.234619141
v -0.295165986 0.114402764 0.219909683
vt 0.984619141 0.075683594
vn -0.070785105 -0.298870027 -0.951665044
vt 0.995117188 0.066162109
v -0.297241181 0.115264885 0.214263931
vt 0.991943359 0.081787109
vn -0.777793527 -0.628520012 0.000000129
v -0.295532197 0.096450806 0.223068252
vt 0.979980469 0.059326172
vn -0.891839802 -0.307803124 -0.331480145
v -0.288787812 0.093582153 0.222137466
vt 0.973144531 0.051025391
vn 0.620797694 -0.369335204 0.691521347
v -0.290405244 0.093200684 0.216461197
vt 0.987792969 0.084960938
vn -0.921802938 -0.236359790 0.307267785
v -0.294372529 0.101791382 0.212707534
vt 0.986572266 0.097656250
vn 0.933742702 0.156931579 -0.321709812
vt 0.024414062 0.106933594
vt 0.016113281 0.101074219
vt 0.025878906 0.104248047
v -0.295013398 0.117172234 0.193054214
vt 0.037353516 0.106689453
vn -0.716490984 -0.669249892 0.196838304
vt 0.054931641 0.102294922
vt 0.049072266 0.108886719
v -0.289031953 0.092895508 0.193603531
vt 0.042480469 0.110595703
vn -0.196236879 -0.934087873 0.298280209
v -0.287322968 0.115821831 0.193847671
vt 0.038085938 0.121582031
vn -0.605979979 -0.794856846 -0.031479370
v -0.295074433 0.114280693 0.213302627
vt 0.024414062 0.109863281
vn 0.220410988 -0.968233824 -0.118077286
v -0.285613984 0.114868157 0.223983780
vt 0.016113281 0.120361328
vn -0.935240984 -0.353662610 0.015718473
vt 0.017333984 0.112060547
vt 0.901123047 0.344970703
vt 0.902343750 0.344238281
vt 0.912109375 0.357421875
vt 0.900878906 0.335693359
vt 0.895751953 0.342285156
vt 0.902343750 0.331054688
vt 0.910156250 0.339355469
vt 0.899902344 0.326660156
v -0.283538789 0.102584839 0.207366943
vt 0.893798828 0.322021484
vn -0.994440794 -0.102601074 0.023677295
vt 0.885253906 0.346679688
vt 0.902343750 0.310546875
v -0.285980195 0.093902573 0.165679947
vt 0.873779297 0.332031250
vn -0.984740555 -0.173314393 0.015755985
vt 0.882568359 0.346435547
vn -0.991757095 -0.125937447 -0.023613129
v -0.282592744 0.089233398 0.213348389
vt 0.892578125 0.312500000
vn -0.551061451 -0.834464669 0.000000109
v -0.282043427 0.089675888 0.083366409
vt 0.830078125 0.351074219
vn -0.718834341 -0.695136607 0.007899404
v -0.282958955 0.094741821 0.289062500
vt 0.910156250 0.269042969
vn -0.989919007 -0.141417027 0.007856636
v -0.285369843 0.115577690 0.250244141
vt 0.910156250 0.295898438
vn -0.788404346 -0.614955425 -0.015767958
v -0.297454804 0.137466431 0.085418716
vt 0.893798828 0.494140625
vn -0.903469503 -0.188550204 0.384956717
vt 0.892089844 0.477050781
vt 0.897949219 0.488525391
v -0.295501709 0.136314377 0.081245437
vt 0.896484375 0.493652344
vn -0.432722300 -0.479928344 -0.763164580
v -0.291168183 0.111808762 0.083297744
vt 0.905761719 0.503906250
vn -0.873907387 -0.440890253 -0.204698890
v -0.286987275 0.121482842 0.086090103
vt 0.900146484 0.502441406
vn -0.387366802 -0.094865344 0.917031944
v -0.290008515 0.134216309 0.086212173
vt 0.893310547 0.496826172
vn -0.614554465 -0.787890315 -0.039394401
v -0.291076630 0.134178162 0.101509109
vt 0.882812500 0.497802734
vn -0.991757214 -0.086582020 0.094453208
v -0.286651582 0.125236511 0.096923843
vt 0.892333984 0.500976562
vn -0.961226106 -0.165457010 -0.220609143
v -0.293273896 0.118095390 0.098129287
vt 0.889404297 0.503417969
vn -0.819304168 -0.126046851 -0.559332490
v -0.286773652 0.113685600 0.099639907
vt 0.890136719 0.507568359
vn -0.991910815 -0.062978499 0.110212438
v -0.287994355 0.131698608 0.103775039
vt 0.882080078 0.501953125
v -0.286407441 0.123046868 0.121475235
vt 0.878417969 0.508789062
vn -0.999225974 -0.023603808 -0.031471554
v -0.287353486 0.125907898 0.123672500
vt 0.876220703 0.508056641
vn -0.558760762 -0.818466485 -0.133787692
v -0.289855927 0.127021790 0.120834365
vt 0.875976562 0.506103516
vn -0.015769558 -0.946173429 -0.323275864
v -0.295043916 0.127983093 0.119934097
vt 0.874511719 0.503906250
vn -0.587788105 -0.658322573 -0.470230341
v -0.300048798 0.135375977 0.119567886
vt 0.871582031 0.499755859
vn -0.996883690 0.078494735 -0.007849351
v -0.287261933 0.168769836 0.098098762
vt 0.878662109 0.477050781
vn -0.996086419 0.086959884 -0.015810767
vt 0.889160156 0.467041016
v -0.289794922 0.201524720 0.095207222
vt 0.875976562 0.457763672
vn -0.978686512 0.007892581 -0.205208316
vt 0.876953125 0.436767578
v -0.296020478 0.207416534 0.109107979
vt 0.865722656 0.455810547
vn -0.978595018 0.205189228 -0.015783671
vt 0.873779297 0.420898438
v -0.292694062 0.173351288 0.115211494
vt 0.866699219 0.477050781
vn -0.999752104 0.015744084 0.015744258
v -0.289611787 0.209421158 0.121559151
vt 0.857666016 0.458007812
vn -0.953880250 0.260149121 0.149782956
vt 0.852539062 0.481201172
v -0.294006318 0.128562927 0.136871353
vt 0.862060547 0.506835938
vn -0.960749090 0.031499941 0.275624871
vt 0.857666016 0.510009766
vt 0.847412109 0.463134766
v -0.292388886 0.205043793 0.129302993
vt 0.854736328 0.461425781
vt 0.788818359 0.017333984
vt 0.780029297 0.017578125
vt 0.786865234 0.016113281
v -0.288330078 0.136375412 0.069648758
vt 0.780761719 0.012695312
vn -0.835968435 -0.544168115 -0.070978306
vt 0.785400391 0.008544922
vt 0.779052734 0.000244141
v -0.286865205 0.123054489 0.082450882
vt 0.794677734 0.008300781
vn -0.801783800 0.015721189 -0.597407401
vt 0.802001953 0.010253906
vt 0.795654297 0.006347656
vt 0.801757812 0.003417969
v -0.296905518 0.134475693 0.053047191
vt 0.010498047 0.669433594
vn -0.605754972 -0.196673706 -0.770960629
vt 0.010498047 0.677978516
vt 0.005371094 0.667480469
v -0.290802002 0.112014756 0.056907665
vt 0.021972656 0.671142578
vn -0.740042686 -0.291293442 0.606205404
v -0.286865234 0.111427292 0.055679332
vt 0.024658203 0.668701172
vn -0.990530550 -0.133643061 -0.031445276
v -0.286804199 0.121299729 0.058815014
vt 0.024658203 0.677490234
vn -0.993512928 0.094620235 0.063080303
v -0.286499023 0.118087754 0.058334362
vt 0.024902344 0.675781250
vn -0.994224012 -0.031562708 0.102578789
v -0.287048340 0.128379807 0.068885818
vt 0.031738281 0.677246094
vt 0.032470703 0.686279297
v -0.294647157 0.055252075 0.487884521
vt 0.241210938 0.974121094
vn -0.753828585 0.164899990 0.636042953
v -0.294891298 0.065139771 0.475708008
vt 0.239257812 0.968750000
vn -0.989949524 -0.000000037 0.141421482
v -0.295013368 0.020324707 0.487121582
vt 0.253173828 0.978027344
vn -0.948564708 -0.015809441 0.316188365
v -0.284851015 0.061874390 0.488464355
vt 0.237304688 0.976806641
vn -0.173330352 -0.007878623 0.984832287
v -0.275878847 0.071563721 0.488006592
vt 0.234375000 0.979980469
vn -0.188364103 -0.180515707 0.965366781
v -0.276550233 0.104782104 0.487854004
vt 0.222412109 0.979248047
vn -0.165595651 0.031542093 0.985689282
v -0.294250429 0.081680298 0.488067627
vt 0.230712891 0.971191406
vn -0.741514921 -0.023665372 0.670518935
vt 0.237304688 0.963867188
v -0.294952333 0.057174683 0.457183838
vt 0.247314453 0.958740234
vt 0.239746094 0.953613281
v -0.294464052 0.007675171 0.427642822
vt 0.262939453 0.947509766
vn -0.911804438 -0.039301973 -0.408739775
v -0.294006288 0.076889038 0.428802490
vt 0.235107422 0.946289062
vn -0.749123871 0.007885452 -0.662383020
v -0.294921815 0.003570557 0.458038330
vt 0.263183594 0.962402344
vn -0.998206854 -0.023579733 -0.055019144
v -0.293426454 0.001708984 0.486419678
vt 0.262207031 0.976074219
vn -0.583455384 -0.654416263 0.480956674
v -0.292510927 0.015457153 0.457336426
vt 0.260009766 0.960693359
vn -0.994719684 -0.000000048 -0.102629676
v -0.294616640 0.000488281 0.455169678
vt 0.264892578 0.959960938
vn -0.456409991 -0.889212668 0.031476650
v -0.271820009 0.000534058 0.486785889
vt 0.270751953 0.977539062
vn 0.000000072 -0.975441039 0.220260933
v -0.291259706 0.000274658 0.431427002
vt 0.266357422 0.950683594
vn -0.134317070 -0.956021607 -0.260733098
v -0.272399843 0.004898071 0.427978516
vt 0.271484375 0.947021484
vn -0.094664544 -0.055220962 -0.993976474
v -0.246917665 0.000198364 0.430999756
vt 0.283203125 0.951171875
vn 0.086797372 -0.994224012 -0.063125305
v -0.243637010 0.002029419 0.488159180
vt 0.290771484 0.977294922
vn 0.402474284 -0.631331980 0.662898540
v -0.244232118 0.005935669 0.428344727
vt 0.284179688 0.948242188
vn 0.716313362 -0.133816794 -0.684827209
v -0.243530199 0.004638672 0.458312988
vt 0.289550781 0.962158203
vn 0.999690175 -0.023614686 -0.007871706
vt 0.024169922 0.355468750
vt 0.025390625 0.365966797
vt 0.016845703 0.358154297
vt 0.048583984 0.361328125
vt 0.034423828 0.347656250
v -0.287933290 0.169086471 0.488067627
vt 0.052978516 0.357666016
vn -0.157985449 -0.007899243 0.987409949
vt 0.027587891 0.373291016
vt 0.059570312 0.379638672
v -0.295165956 0.129730225 0.437896729
vt 0.034423828 0.382812500
vn -0.999690175 -0.007871621 -0.023614598
vt 0.016357422 0.379394531
vt 0.017578125 0.390625000
vt 0.036376953 0.388183594
vt 0.021484375 0.393554688
vt 0.032714844 0.392333984
vt 0.039794922 0.392822266
vt 0.011962891 0.947509766
vt 0.011718750 0.956542969
vt 0.006591797 0.947265625
vt 0.005126953 0.943603516
vt 0.007812500 0.958007812
vt 0.010986328 0.958984375
v -0.290405214 0.086929321 0.297119141
vt 0.005859375 0.970703125
vn 0.987440705 0.094794348 -0.126392543
vt 0.341796875 0.000976562
vt 0.344726562 0.004394531
v -0.290832490 0.111221313 0.275177002
vt 0.343750000 0.011718750
vn 0.434040844 -0.899648130 0.047349889
vt 0.349609375 0.013427734
v -0.287902802 0.092041016 0.272399902
vt 0.341552734 0.023925781
vn 0.094809145 -0.995495498 0.000000031
vt 0.007568359 0.394775391
vt 0.010742188 0.394287109
vt 0.011962891 0.406250000
v -0.292358369 0.111068726 0.269897461
vt 0.012695312 0.391845703
vn 0.534522533 -0.801783741 -0.267261297
vt 0.002197266 0.392333984
v -0.292633027 0.126129150 0.124679580
vt 0.980468750 0.216796875
vn -0.780447364 -0.607014775 0.149782985
vt 0.980224609 0.224365234
vt 0.973144531 0.217041016
vt 0.977539062 0.215820312
v -0.292602509 0.110260002 0.133132949
vt 0.990234375 0.220703125
vn -0.823814631 -0.376600981 -0.423675895
v -0.287872285 0.106597893 0.137451187
vt 0.993896484 0.223632812
vn -0.678850889 -0.015787231 0.734106421
v -0.286682099 0.107452385 0.132995620
vt 0.994140625 0.220214844
vn -0.961226106 -0.220609307 -0.165456817
v -0.289184541 0.124603264 0.133605972
vt 0.986083984 0.213623047
vn 0.616086066 -0.734564126 -0.284347445
v -0.285919160 0.114067070 0.134979263
vt 0.992431641 0.215820312
vn -0.997252405 0.062819004 0.039262030
vt 0.980468750 0.213134766
vt 0.979248047 0.214355469
v -0.295074522 0.379135102 -0.430572510
vt 0.186035156 0.932617188
vn -0.774636924 0.007904453 0.632356822
v -0.294952452 0.412445039 -0.432983398
vt 0.195556641 0.936279297
vn -0.741699517 0.007890418 0.670685887
vt 0.192626953 0.940185547
vt 0.208007812 0.939697266
vt 0.182128906 0.939697266
vt 0.141357422 0.925537109
vt 0.139160156 0.939941406
v -0.295349181 0.294654816 -0.439819336
vt 0.163330078 0.924072266
vt 0.139404297 0.923095703
v -0.294555724 0.304008454 -0.430084229
vt 0.166992188 0.922363281
vn -0.330350280 0.000000027 0.943858445
v -0.293487608 0.275398225 -0.429962158
vt 0.159179688 0.918457031
vn -0.306772828 0.000000028 0.951782882
v -0.293090880 0.240947694 -0.429809570
vt 0.148925781 0.919921875
vn -0.395037770 -0.063206039 0.916487992
v -0.266967833 0.339019746 -0.430023193
vt 0.179931641 0.917968750
vn 0.007873903 0.000000044 0.999969006
v -0.267852843 0.271430939 -0.429840088
vt 0.160888672 0.911376953
vn -0.047416266 0.079027362 0.995744228
v -0.245620787 0.274799317 -0.430633545
vt 0.164550781 0.906005859
vn 0.307229608 0.567192972 0.764134943
v -0.285430968 0.404647797 -0.430145264
vt 0.193359375 0.932617188
vn -0.055019144 0.023579730 0.998206854
v -0.270324767 0.413970917 -0.430053711
vt 0.198730469 0.930175781
vn -0.054951292 0.054951463 0.996975780
v -0.268127501 0.393386811 -0.429718018
vt 0.192138672 0.925781250
vn -0.039472867 -0.094735160 0.994719684
v -0.244262755 0.368087739 -0.431091309
vt 0.190673828 0.912841797
vn 0.496926546 -0.015775383 0.867649257
v -0.244918883 0.276687592 -0.440002441
vt 0.165771484 0.902587891
vn 0.086838029 0.055260532 0.994688690
v -0.244598448 0.353774995 -0.438079834
vt 0.188232422 0.908935547
vn 0.189046830 0.236308455 0.953110516
v -0.242401183 0.355514497 -0.454376221
vt 0.190185547 0.905517578
vn 0.055196978 0.417919248 0.906805873
v -0.244369566 0.360031098 -0.439117432
vt 0.189941406 0.908935547
vn 0.118330680 -0.299770683 0.946644366
v -0.243423522 0.405578583 -0.438842773
vt 0.200195312 0.913818359
vn 0.307353616 0.425566435 0.851132751
v -0.249298155 0.406555146 -0.429321289
vt 0.198242188 0.921630859
vn 0.078497328 0.000000047 0.996914387
v -0.255889952 0.408874482 -0.423461914
vt 0.197509766 0.925048828
vn 0.212591961 0.039368905 0.976347685
v -0.274780333 0.409957856 -0.423950195
vt 0.196533203 0.927490234
vn -0.424828172 -0.031468738 0.904726923
v -0.243942320 0.447723359 -0.430328369
vt 0.208007812 0.924316406
vn 0.291113198 0.094415113 0.952018440
v -0.243637159 0.455368012 -0.436737061
vt 0.211425781 0.925292969
vn 0.889488101 0.448679864 0.086587198
v -0.243682936 0.406127900 -0.478759766
vt 0.214599609 0.908691406
vn 0.866786897 0.425513655 -0.260036230
v -0.272979796 0.457321137 -0.455749512
vt 0.217529297 0.933837891
vn -0.031479523 0.999473393 -0.007869910
vt 0.218261719 0.941650391
vt 0.225585938 0.922363281
vt 0.216552734 0.905517578
vt 0.225830078 0.939941406
v -0.258117735 0.455627412 -0.454986572
vt 0.216796875 0.928955078
vn 0.078487478 0.996791542 -0.015697557
vt 0.760986328 0.022216797
vt 0.760009766 0.027343750
vt 0.722900391 0.022705078
v -0.294097960 0.302917451 -0.489562988
vt 0.741943359 0.030029297
vn -0.434528232 -0.000000058 -0.900658190
vt 0.760742188 0.036376953
vt 0.720214844 0.024414062
vt 0.719238281 0.029541016
vt 0.762939453 0.045898438
v -0.243988097 0.234744519 -0.488891602
vt 0.718261719 0.041503906
vn 0.292410076 0.007902949 -0.956260443
v -0.244796813 0.293945283 -0.488739014
vt 0.734375000 0.045898438
vn 0.628500521 0.007856252 -0.777769625
vt 0.757568359 0.053710938
v -0.244323790 0.301490754 -0.474700928
vt 0.733642578 0.053222656
vn 0.078497060 -0.000000040 -0.996914387
v -0.243866026 0.258417100 -0.474060059
vt 0.725097656 0.047363281
vn 0.212902129 -0.118279062 -0.969888031
v -0.243545592 0.242113084 -0.474578857
vt 0.719238281 0.045654297
vn 0.314308375 0.110007942 -0.942925572
vt 0.374023438 0.504882812
vt 0.394775391 0.482910156
vt 0.371337891 0.517333984
v -0.293579161 0.153396577 -0.489746094
vt 0.391113281 0.494384766
vn -0.251773596 0.007867868 -0.967754245
vt 0.397216797 0.484863281
v -0.276611388 0.104797333 -0.489410400
vt 0.388671875 0.509521484
vn -0.110308185 0.047274828 -0.992772460
vt 0.375000000 0.520019531
v -0.261047423 0.105377160 -0.489379883
vt 0.401123047 0.511474609
vn 0.047138866 0.047138959 -0.997775495
vt 0.406982422 0.478759766
v -0.276123106 0.071807832 -0.489257812
vt 0.382324219 0.522216797
vn -0.268349648 -0.126282185 -0.955008566
vt 0.376220703 0.526123047
v -0.276825011 0.104492158 -0.498626709
vt 0.390625000 0.511718750
vn -0.707325280 0.337944150 -0.620874166
vt 0.372558594 0.552246094
v -0.276794493 0.071838349 -0.498840332
vt 0.388671875 0.519775391
vn -0.275368810 -0.133750573 -0.951988935
v -0.260620177 0.071838349 -0.498626709
vt 0.391113281 0.522949219
vn 0.450779498 -0.442871183 -0.775024593
v -0.259887755 0.104415864 -0.498474121
vt 0.396484375 0.514648438
vn 0.496416986 0.126074150 -0.858880460
v -0.260711730 0.072021455 -0.489562988
vt 0.395019531 0.527343750
vn 0.197481871 -0.039496429 -0.979510665
v -0.247131407 0.087341279 -0.489135742
vt 0.406738281 0.521484375
vn 0.212756678 -0.000000033 -0.977105319
v -0.248703063 0.051422089 -0.489593506
vt 0.398193359 0.538085938
vn 0.094808966 -0.000000039 -0.995495498
v -0.243286192 0.031555146 -0.488922119
vt 0.397705078 0.547119141
vn 0.745218337 0.007844408 -0.666774452
v -0.243454039 0.079376191 -0.485748291
vt 0.408447266 0.527099609
vn 0.989949524 0.000000037 -0.141421482
v -0.248458922 0.170654267 -0.489624023
vt 0.417724609 0.492431641
vn 0.180956453 0.007867642 -0.983459711
v -0.243118346 0.151283234 -0.486663818
vt 0.420654297 0.500732422
vn 0.965813100 0.007852170 -0.259120703
v -0.261108458 0.186264008 -0.489715576
vt 0.416259766 0.481201172
vn 0.141780511 -0.102397159 -0.984587789
v -0.276031554 0.186180085 -0.499359131
vt 0.410644531 0.473876953
vn -0.488856345 -0.433662891 -0.756938696
v -0.276306212 0.219915360 -0.499206543
vt 0.410400391 0.455566406
vn -0.377812386 0.228261515 -0.897304058
v -0.260681212 0.186389893 -0.499633789
vt 0.415283203 0.474121094
vn 0.471987486 -0.031465854 -0.881043613
v -0.260650694 0.219580621 -0.492401123
vt 0.421386719 0.466064453
vn 0.393249869 0.165164962 -0.904475033
v -0.246841490 0.206006974 -0.488464355
vt 0.422851562 0.473388672
vn 0.597315133 -0.023578243 -0.801660001
v -0.243469298 0.171646088 -0.483154297
vt 0.422363281 0.489990234
vn 0.964826345 0.031633683 -0.260977745
v -0.243698180 0.202291459 -0.474761963
vt 0.428222656 0.476806641
v -0.243835509 0.172069520 -0.474945068
vt 0.425781250 0.490234375
vn 0.047073543 -0.070610546 -0.996392667
v -0.243759215 0.165779084 -0.475036621
vt 0.426757812 0.492675781
vn 0.196697891 0.157358393 -0.967754304
v -0.243972838 0.168003052 -0.470947266
vt 0.427734375 0.491210938
vn 0.007872664 0.015745550 -0.999845147
v -0.243743956 0.144203156 -0.474700928
vt 0.428710938 0.503173828
vn 0.023614597 0.007871534 -0.999690175
v -0.243698180 0.126869172 -0.474700928
vt 0.424072266 0.511230469
vn 0.047189869 -0.007865041 -0.998854995
v -0.243713439 0.089920014 -0.470977783
vt 0.417968750 0.527099609
vn 0.831839681 -0.463005036 -0.306054294
v -0.243408248 0.004516572 -0.461212158
vt 0.401611328 0.565917969
vn 0.998854995 -0.047189955 0.007864871
v -0.243194640 0.017150849 -0.482391357
vt 0.397460938 0.554443359
vn 0.999969006 0.000000044 0.007873640
v -0.243286192 0.005935639 -0.489379883
vt 0.393554688 0.556396484
vn 0.521238446 -0.165848643 -0.837140858
v -0.246658385 0.000350922 -0.486907959
vt 0.393310547 0.559082031
vn 0.243634239 -0.966677666 -0.078591667
v -0.268707335 0.000366181 -0.487121582
vt 0.379394531 0.557373047
vn -0.015693612 -0.988699138 -0.149089515
vt 0.365234375 0.553710938
vt 0.369628906 0.561767578
vt 0.372070312 0.571289062
v -0.247146651 0.000274628 -0.433563232
vt 0.396728516 0.574951172
vn 0.078487568 -0.996791542 0.015697537
v -0.267242491 0.000228852 -0.433319092
vt 0.387939453 0.579833984
vn -0.015703239 -0.973605216 0.227698043
vt 0.371826172 0.580322266
vt 0.373779297 0.583496094
v -0.243942305 0.003616303 -0.430175781
vt 0.398681641 0.576416016
vn 0.703760922 -0.205592960 0.680038333
v -0.243423507 0.029602021 -0.430572510
vt 0.408935547 0.582031250
vn 0.737782776 0.007848814 0.674992561
vt 0.387939453 0.583007812
v -0.249099776 0.046279877 -0.429992676
vt 0.407226562 0.590087891
vn 0.141421482 0.000000049 0.989949524
v -0.261261046 0.087463349 -0.430114746
vt 0.412597656 0.609375000
vn 0.007856137 -0.714897275 0.699185371
v -0.273132384 0.087341279 -0.430511475
vt 0.409667969 0.612792969
vn -0.039250892 -0.698668003 0.714368522
v -0.271514922 0.086990327 -0.335998535
vt 0.421386719 0.649169922
vn -0.007873728 -0.999969006 0.000000045
vt 0.392578125 0.611572266
vt 0.405761719 0.618896484
v -0.282104522 0.087310761 -0.379608154
vt 0.412841797 0.636230469
vn -0.330350369 -0.943858385 0.000000085
v -0.287322938 0.237870231 0.488403320
vt 0.066650391 0.413085938
vn -0.197636053 0.000000034 0.980275512
vt 0.067626953 0.389160156
vt 0.071044922 0.408691406
vt 0.058349609 0.387939453
v -0.262359560 0.220057502 0.488220215
vt 0.057373047 0.419921875
vn 0.007858326 0.062865622 0.997991085
vt 0.072021484 0.436767578
v -0.275756776 0.186164871 0.488342285
vt 0.061523438 0.435302734
vn -0.149066493 -0.023536799 0.988547087
vt 0.069091797 0.440429688
vt 0.077880859 0.446777344
vt 0.055175781 0.470214844
vt 0.033691406 0.504638672
vt 0.031005859 0.520751953
vt 0.031005859 0.505859375
vt 0.021240234 0.515380859
vt 0.029052734 0.531738281
vt 0.016357422 0.520263672
vt 0.033447266 0.546386719
vt 0.031005859 0.534179688
vt 0.005371094 0.882812500
vt 0.000244141 0.880371094
vt 0.007812500 0.869384766
vt 0.013671875 0.876220703
vt 0.249755859 0.041015625
vt 0.244628906 0.046875000
vt 0.240966797 0.047851562
vt 0.239257812 0.052734375
vt 0.227050781 0.041015625
vt 0.229736328 0.055908203
vt 0.235107422 0.062255859
vt 0.235351562 0.064697266
vt 0.238037109 0.070068359
vt 0.233642578 0.083984375
vt 0.232666016 0.078613281
vt 0.991210938 0.524169922
vt 0.993408203 0.526367188
vt 0.982666016 0.526123047
vt 0.995605469 0.522949219
vt 0.991210938 0.520507812
v -0.286926240 0.109291069 0.120452896
vt 0.983398438 0.851562500
vn -0.985076845 -0.165492952 -0.047283549
vt 0.970947266 0.854492188
vt 0.968261719 0.852294922
v -0.286315888 0.111785881 0.124374405
vt 0.982421875 0.854003906
vn -0.922117829 0.023644025 0.386186242
vt 0.969238281 0.850341797
vt 0.973388672 0.849609375
vt 0.983398438 0.838867188
v -0.286926240 0.112609848 0.083145157
vt 0.986083984 0.829589844
vn -0.989949524 -0.141421393 0.000000136
vt 0.977783203 0.834960938
vt 0.997070312 0.831298828
vt 0.986328125 0.859130859
vt 0.983154297 0.859130859
vt 0.989501953 0.868408203
vt 0.996582031 0.877929688
vt 0.986083984 0.862304688
vt 0.988281250 0.870117188
vt 0.975097656 0.572753906
v -0.295806885 0.137069687 0.053592693
vt 0.971191406 0.560791016
vn 0.796041071 -0.599001110 -0.086697616
vt 0.974853516 0.557617188
vt 0.970703125 0.562255859
vt 0.974365234 0.579101562
vt 0.961425781 0.560791016
vt 0.963134766 0.556884766
vt 0.978759766 0.547607422
vt 0.975097656 0.543701172
v -0.287109375 0.125328049 0.073524490
vt 0.977294922 0.541259766
vn -0.927181363 -0.062859781 0.369301200
vt 0.981201172 0.536132812
vt 0.987792969 0.531005859
vt 0.910644531 0.724853516
v -0.287841737 0.018905640 0.488220215
vt 0.911132812 0.732910156
vn -0.007872664 -0.015745550 0.999845147
vt 0.907470703 0.732421875
vt 0.919921875 0.724365234
vt 0.931640625 0.726806641
v -0.243209764 0.029495239 0.486816406
vt 0.930419922 0.738525391
vn 0.808396578 0.000000061 0.588638186
vt 0.908447266 0.753906250
v -0.248855516 0.056396484 0.488372803
vt 0.926025391 0.749267578
vn 0.047190130 -0.007864954 0.998854995
v -0.244125292 0.087173462 0.487060547
vt 0.928955078 0.762451172
vn 0.812106967 0.007884594 0.583455384
v -0.260620058 0.071929932 0.488189697
vt 0.919677734 0.754150391
vn 0.141208082 -0.054914154 0.988455713
v -0.260681093 0.105529793 0.487640381
vt 0.921386719 0.770996094
vn 0.133507073 0.054973498 0.989522040
v -0.244369432 0.142196670 0.487670898
vt 0.928222656 0.784423828
vn 0.532797039 -0.007835189 0.846206844
v -0.260742128 0.186134353 0.488281250
vt 0.921875000 0.802246094
vn 0.189541444 -0.071077935 0.979296744
vt 0.910156250 0.798828125
vt 0.908691406 0.771484375
v -0.276977479 0.071487427 0.498016357
vt 0.912109375 0.758300781
vn -0.785552979 -0.212099329 0.581309378
v -0.260223329 0.071868896 0.497985840
vt 0.917236328 0.757568359
vn 0.519620717 -0.244064167 0.818796039
v -0.277191103 0.104797363 0.498199463
vt 0.912353516 0.768798828
vn -0.268207401 0.276096016 0.922949493
v -0.259582460 0.104446411 0.497650146
vt 0.917724609 0.767822266
vn 0.511795282 0.259834528 0.818872154
vt 0.114257812 0.999023438
vt 0.131347656 0.997558594
vt 0.133789062 0.999511719
v -0.289581239 0.087081909 0.307159424
vt 0.879638672 0.989257812
vn 0.862221599 -0.188120991 0.470302522
vt 0.885986328 0.978515625
vt 0.885498047 0.989746094
vt 0.877929688 0.995605469
vt 0.875976562 0.986816406
vt 0.875976562 0.991943359
vt 0.863281250 0.986328125
vt 0.000244141 0.789062500
vt 0.013671875 0.788330078
vt 0.012695312 0.790771484
vt 0.011718750 0.794189453
vt 0.031738281 0.602050781
vt 0.025878906 0.597900391
vt 0.024902344 0.593750000
vt 0.014160156 0.599609375
vt 0.030029297 0.596923828
vt 0.017578125 0.595703125
vt 0.007324219 0.598632812
vt 0.026123047 0.587158203
vt 0.030273438 0.586181641
vt 0.037597656 0.590820312
vt 0.036865234 0.583740234
vt 0.031982422 0.579833984
vt 0.030273438 0.581542969
vt 0.637695312 0.025390625
vt 0.635986328 0.017578125
v -0.291076660 0.136497483 0.070915237
vt 0.639160156 0.023193359
vn 0.840827227 0.086440235 0.534357309
vt 0.645019531 0.025146484
vt 0.647216797 0.022460938
vt 0.642089844 0.016357422
vt 0.634277344 0.010253906
vt 0.641113281 0.011230469
vt 0.642089844 0.012451172
vt 0.648193359 0.011230469
v -0.287200928 0.112335190 0.070175186
vt 0.654785156 0.017822266
vn -0.989674628 -0.141382128 -0.023563547
vt 0.655761719 0.024658203
vt 0.654785156 0.011230469
vt 0.668701172 0.025634766
vt 0.658935547 0.011474609
vt 0.245117188 0.909912109
v -0.285003722 0.232336015 -0.429443359
vt 0.227539062 0.906738281
vn -0.456282794 -0.039334714 0.888965011
vt 0.234863281 0.903808594
vt 0.224121094 0.904052734
v -0.279998839 0.199342698 -0.429595947
vt 0.244140625 0.915771484
vn -0.899648070 -0.047349926 0.434040904
v -0.273925841 0.221630067 -0.429840088
vt 0.233398438 0.912597656
vn -0.598852277 0.181231648 0.780084074
v -0.274871886 0.228819460 -0.430358887
vt 0.229980469 0.910644531
vn 0.047385462 -0.086873055 0.995091856
v -0.271179259 0.234018296 -0.430114746
vt 0.227050781 0.910644531
vn -0.986671269 0.149973989 0.063147075
vt 0.254638672 0.909179688
v -0.273925841 0.180808991 -0.430053711
vt 0.252441406 0.915039062
vn -0.880036592 0.298583865 0.369301200
v -0.275299132 0.181293458 -0.403717041
vt 0.260009766 0.926513672
vn -0.896554530 0.440412730 -0.047186982
v -0.281433165 0.204023331 -0.404174805
vt 0.248291016 0.932861328
vn -0.858880460 -0.260028064 -0.441259533
v -0.281585753 0.214863747 -0.399597168
vt 0.242187500 0.934814453
vn -0.989461064 0.141351521 0.031411584
v -0.284179747 0.203111619 -0.398162842
vt 0.246582031 0.936279297
vn -0.918615282 -0.259096652 0.298353821
v -0.290313780 0.213371247 -0.404296875
vt 0.244384766 0.940917969
vn -0.922261119 0.015765090 -0.386245996
vt 0.251464844 0.938720703
v -0.286071837 0.178314179 -0.381958008
vt 0.271972656 0.921875000
vn -0.559297860 0.827130735 0.055142082
v -0.287200987 0.171005219 -0.369049072
vt 0.281005859 0.922119141
vn -0.978717029 0.205214798 0.000000119
vt 0.262451172 0.899414062
v -0.287017852 0.177688569 -0.301391602
vt 0.312011719 0.939453125
vn -0.961196363 0.275752991 -0.007878545
v -0.277740538 0.180873841 -0.370330811
vt 0.280029297 0.928710938
vn -0.425038844 0.905175209 0.000000016
v -0.272705138 0.181022614 -0.397949219
vt 0.265625000 0.928710938
vn -0.958640933 -0.282877654 0.031430986
v -0.272552520 0.180702180 -0.334320068
vt 0.291748047 0.936035156
vn -0.881479979 0.472221404 0.000000095
vt 0.916259766 0.226806641
vt 0.944091797 0.215576172
vt 0.920166016 0.235595703
vt 0.952392578 0.217529297
v -0.260436952 0.087478638 0.428039551
vt 0.955566406 0.229980469
vn -0.229079157 -0.766230166 -0.600345135
v -0.273376405 0.087341309 0.405548096
vt 0.960693359 0.220947266
vn -0.118179835 -0.992710948 0.023636034
vt 0.962890625 0.211914062
v -0.283050478 0.087478638 0.381622314
vt 0.968017578 0.213623047
vn -0.292382807 -0.956170857 0.015804557
v -0.242553651 0.089965820 0.408142090
vt 0.955810547 0.241455078
vn 0.495051175 -0.793653488 -0.353608042
v -0.249511659 0.047088623 0.428253174
vt 0.935302734 0.245117188
vn 0.575517178 -0.268049121 -0.772612333
v -0.243926942 0.026916504 0.428863525
vt 0.926757812 0.247558594
vn 0.726552248 0.007897310 -0.687065899
vt 0.919677734 0.248291016
v -0.243499696 0.046310425 0.435272217
vt 0.935791016 0.249755859
vn 0.991480768 -0.055082224 -0.118033551
v -0.242919862 0.090744019 0.434783936
vt 0.955078125 0.251708984
vn 0.911241472 -0.337787747 -0.235666022
vt 0.922119141 0.260986328
v -0.243469164 0.088104248 0.472381592
vt 0.956787109 0.267822266
vn 0.826234043 -0.511478126 0.236066774
vt 0.928466797 0.275634766
vt 0.918457031 0.273193359
vt 0.954589844 0.272216797
v -0.243911684 0.118080154 0.473144531
vt 0.963378906 0.277587891
vn 0.039339736 0.000000045 0.999225974
vt 0.421875000 0.245605469
vt 0.421142578 0.235839844
v -0.286559999 0.093185425 0.338806152
vt 0.457763672 0.247802734
vn -0.985413551 -0.165549517 -0.039416403
vt 0.430664062 0.251953125
vt 0.432861328 0.217041016
vt 0.477783203 0.226562500
vt 0.481201172 0.235839844
v -0.281158388 0.087356567 0.293334961
vt 0.486816406 0.251708984
vn -0.597186148 -0.801486731 -0.031430740
v -0.264953583 0.087051392 0.286956787
vt 0.486816406 0.262939453
vn 0.000000044 -1.000000000 0.000000044
vt 0.526123047 0.281494141
vt 0.490478516 0.247558594
vt 0.508789062 0.219970703
vt 0.945556641 0.392333984
vt 0.903320312 0.364990234
vt 0.929443359 0.364746094
vt 0.883544922 0.369384766
vt 0.993652344 0.014404297
vt 0.993408203 0.020263672
vt 0.989257812 0.014404297
vt 0.996582031 0.026855469
vt 0.993408203 0.007812500
vt 0.997070312 0.004150391
vt 0.035888672 0.606689453
vt 0.037841797 0.645263672
vt 0.025146484 0.629638672
vt 0.023925781 0.619873047
vt 0.018066406 0.629638672
vt 0.011962891 0.622558594
vt 0.240234375 0.091064453
v -0.287139922 0.149261445 -0.159225449
vt 0.246826172 0.054443359
vt 0.246582031 0.101318359
vt 0.309326172 0.282470703
vt 0.333984375 0.292724609
vt 0.282226562 0.296142578
v -0.286804229 0.110610940 -0.237762436
vt 0.256591797 0.304443359
vt 0.248779297 0.325195312
v -0.286743194 0.094314545 -0.224548325
vt 0.264160156 0.290527344
vn -0.931708038 -0.363208264 0.000000138
v -0.286407501 0.092849702 -0.246719345
vt 0.251708984 0.292724609
vn -0.954028547 -0.299612314 0.007884671
v -0.287170440 0.110153168 -0.291717529
vt 0.233398438 0.315917969
vn -0.999969006 -0.000000043 0.007873903
vt 0.307861328 0.275634766
vt 0.325195312 0.278076172
v -0.278717071 0.086929291 -0.238067627
vt 0.253662109 0.280029297
vn -0.299621522 -0.954058111 0.000000081
v -0.279052764 0.087036103 -0.277740479
vt 0.237548828 0.297607422
vn -0.316188216 -0.948564768 0.015809495
v -0.270507842 0.087097138 -0.187438965
vt 0.283447266 0.274169922
vn 0.007873815 -0.999969006 0.000000043
vt 0.340576172 0.256835938
v -0.270019561 0.087097138 -0.289001465
vt 0.224121094 0.263427734
v -0.261535674 0.086959809 -0.196838379
vt 0.280517578 0.264404297
vn 0.015746122 -0.999876022 0.000000042
v -0.258972198 0.087066621 -0.291900635
vt 0.221435547 0.256103516
vn 0.039339650 -0.999225974 0.000000039
vt 0.095458984 0.154541016
vt 0.115234375 0.156005859
v -0.286865264 0.150093049 -0.192550644
vt 0.117919922 0.203857422
v -0.286743194 0.178089112 -0.250015259
vt 0.147216797 0.221191406
vn -0.984587789 0.173287407 0.023630228
v -0.287048370 0.149528474 -0.304229736
vt 0.135253906 0.253662109
v -0.286926299 0.169216126 -0.229171738
vt 0.137451172 0.213623047
vn -0.931708038 0.363208205 0.000000106
v -0.274536163 0.181663483 -0.236679077
vt 0.152099609 0.211669922
vn -0.828365386 0.560132682 0.007889277
v -0.286773711 0.177932709 -0.216781601
vt 0.137451172 0.200195312
vn -0.858640432 0.512033224 -0.023632215
v -0.278991729 0.180675492 -0.158538818
vt 0.130126953 0.162841797
vn -0.549904048 0.801288843 0.235673249
vt 0.127929688 0.157470703
vt 0.144287109 0.145507812
v -0.272644073 0.181152329 -0.162780762
vt 0.134277344 0.166992188
vn -0.946026325 0.307458520 -0.102486067
v -0.290802032 0.210903153 -0.157073960
vt 0.147216797 0.150878906
vn -0.978229523 0.031555757 0.205112770
vt 0.159912109 0.147705078
v -0.286254913 0.196563706 -0.161819443
vt 0.141357422 0.158203125
vn -0.441698790 -0.102537245 -0.891284764
v -0.281524688 0.200975403 -0.160369873
vt 0.145507812 0.160888672
vn -0.967395008 -0.149435058 -0.204489857
v -0.280365020 0.230427518 -0.162536621
vt 0.164062500 0.158447266
vn -0.947499692 0.173708215 -0.268458098
v -0.279174834 0.193141922 -0.192977905
vt 0.148925781 0.181640625
vn -0.991020679 -0.117978700 -0.062921815
v -0.285491973 0.240112290 -0.159973130
vt 0.164550781 0.150390625
vn -0.760930657 0.627571583 -0.164737478
vt 0.169921875 0.145996094
v -0.273132354 0.233440384 -0.199188232
vt 0.179931641 0.171386719
vn -0.992033720 0.125972494 0.000000125
vt 0.180908203 0.148925781
v -0.264434844 0.274272889 -0.177947998
vt 0.195312500 0.138916016
vn -0.579683959 0.814690828 0.015667172
v -0.279357940 0.254884690 -0.215225220
vt 0.197998047 0.162841797
v -0.274749786 0.232330292 -0.277770996
vt 0.207519531 0.209472656
vn -0.994595706 0.102616973 0.015787361
v -0.280914336 0.230456710 -0.243392944
vt 0.190917969 0.197509766
vn -0.899956405 0.434189469 0.039471872
v -0.279418975 0.227437481 -0.181198120
vt 0.169677734 0.170898438
vn -0.985689282 0.031542003 -0.165595651
v -0.275634795 0.225019917 -0.217803955
vt 0.176269531 0.190185547
vn -0.956559181 -0.284596115 -0.063243441
v -0.270111114 0.214691147 -0.200790405
vt 0.165283203 0.183593750
vn -0.995810509 0.078410231 -0.047046039
v -0.279785186 0.203710526 -0.212493896
vt 0.160888672 0.192626953
vn -0.976620197 0.189023212 0.102387711
v -0.279785186 0.223901719 -0.254852295
vt 0.186767578 0.207275391
vn -0.992772579 -0.047274929 0.110308193
v -0.278106719 0.191242188 -0.232070923
vt 0.158447266 0.207275391
vn -0.997991085 -0.062865622 0.007858331
v -0.273437530 0.181125611 -0.281524658
vt 0.154785156 0.229003906
vn -0.968113840 -0.181029454 0.173158735
v -0.268920928 0.222897992 -0.230514526
vt 0.176269531 0.197998047
vn -0.993605554 0.023657238 0.110400744
vt 0.584472656 0.684082031
vt 0.584472656 0.554687500
vt 0.598632812 0.604003906
vt 0.756835938 0.221923828
vt 0.702392578 0.211914062
vt 0.759765625 0.192382812
vt 0.715087891 0.206298828
vt 0.659179688 0.228271484
vt 0.674804688 0.957275391
vt 0.662597656 0.962890625
vt 0.649414062 0.951904297
vt 0.658935547 0.940917969
vt 0.607421875 0.921875000
v -0.287261993 0.096099824 -0.371093750
vt 0.632080078 0.919189453
vn -0.987409830 -0.157985613 0.007899415
vt 0.626220703 0.913818359
vt 0.628906250 0.911376953
vt 0.610351562 0.905761719
v -0.287078887 0.095260590 -0.329498291
vt 0.649902344 0.925292969
vn -0.975169599 -0.220199630 -0.023592675
v -0.279968292 0.087219208 -0.335571289
vt 0.649902344 0.917236328
vn -0.462777108 -0.886335850 -0.015687261
v -0.286651641 0.088592499 -0.313690186
vt 0.658447266 0.924316406
vn -0.695136487 -0.718834460 -0.007899155
v -0.287048370 0.093719453 -0.295410156
vt 0.663330078 0.930419922
vn -0.965574980 -0.259056717 0.023550747
vt 0.686279297 0.931884766
vt 0.676513672 0.924316406
vt 0.651367188 0.912353516
vt 0.612548828 0.901123047
vt 0.673339844 0.916259766
vt 0.690673828 0.922119141
vt 0.673583984 0.911376953
v -0.259002715 0.086990327 -0.361328125
vt 0.652099609 0.901855469
vn 0.055034619 -0.998484433 0.000000036
v -0.241577193 0.089035004 -0.347778320
vt 0.658447266 0.896240234
vn 0.487645149 -0.873042047 -0.000000026
v -0.248489410 0.087676972 -0.288970947
vt 0.676269531 0.905273438
vn 0.456410050 -0.889212668 0.031476531
v -0.250701934 0.087280244 -0.244033813
vt 0.691894531 0.896484375
vn 0.244359821 -0.969556570 -0.015765136
vt 0.795654297 0.957031250
vt 0.817382812 0.935791016
vt 0.818603516 0.951660156
vt 0.790039062 0.954345703
v -0.278991729 0.180629700 -0.283447266
vt 0.807373047 0.934814453
vn -0.433433831 0.898390055 0.070925549
vt 0.803955078 0.935058594
v -0.289794952 0.212327927 -0.280090332
vt 0.789306641 0.918457031
vn -0.487509280 -0.023589145 0.872799098
v -0.281311065 0.180023164 -0.313934326
vt 0.825927734 0.932861328
vn -0.205214888 0.978717029 -0.000000016
vt 0.862792969 0.930175781
vt 0.837402344 0.928466797
v -0.272888213 0.180934876 -0.287261963
vt 0.809814453 0.932617188
vn -0.958996296 -0.235818818 -0.157212362
v -0.288024932 0.202224702 -0.286560059
vt 0.795166016 0.920898438
vn -0.291510463 -0.078786634 -0.953317523
v -0.283630401 0.233859986 -0.286651611
vt 0.784423828 0.905273438
vn -0.860484719 0.386823356 -0.331562787
v -0.280456573 0.200105637 -0.283264160
vt 0.798095703 0.920166016
vn -0.988699138 -0.149089605 0.015693774
v -0.279602081 0.224227875 -0.283355713
vt 0.788574219 0.908203125
vn -0.979785740 -0.197537497 -0.031605855
vt 0.050048828 0.717773438
vt 0.063720703 0.717773438
vt 0.043945312 0.778076172
vt 0.043457031 0.700439453
v -0.280242980 0.235693425 -0.430541992
vt 0.675292969 0.013427734
vn 0.110004686 0.196436763 0.974326193
vt 0.675537109 0.025390625
vt 0.672119141 0.016845703
vt 0.673095703 0.014160156
v -0.276825011 0.233389586 -0.405548096
vt 0.667236328 0.010742188
vn -0.466246605 0.837663352 -0.284489393
v -0.271331847 0.254783601 -0.429992676
vt 0.680175781 0.017578125
vn -0.866034269 0.062984303 0.496001601
vt 0.681396484 0.023437500
vt 0.675781250 0.011230469
v -0.265258849 0.274230927 -0.419097900
vt 0.684570312 0.023681641
vn -0.440849304 0.865953863 -0.236169234
vt 0.677978516 0.011474609
v -0.276306212 0.251935929 -0.397155762
vt 0.690429688 0.014404297
vn -0.995464504 0.071104556 -0.063203968
v -0.268981993 0.269756287 -0.398529053
vt 0.691894531 0.020263672
vn -0.854987442 0.517698765 0.031375773
v -0.275878966 0.246952027 -0.370635986
vt 0.697998047 0.014892578
vn -0.993605554 0.110400572 -0.023657151
v -0.271789610 0.235456914 -0.403045654
vt 0.686279297 0.009521484
vn -0.964772701 0.258841425 -0.047061965
v -0.275299132 0.228393286 -0.422790527
vt 0.680175781 0.008300781
vn -0.943829298 0.204496264 -0.259552926
vt 0.685791016 0.007812500
v -0.283569396 0.241035432 -0.401062012
vt 0.688232422 0.005859375
vn -0.323145419 0.937909722 -0.126105517
v -0.280792296 0.233037442 -0.398071289
vt 0.686279297 0.005371094
vn -0.880118072 0.196454898 0.432200998
vt 0.011718750 0.731445312
vt 0.006591797 0.738281250
vt 0.002197266 0.731933594
vt 0.995117188 0.732421875
vt 0.994384766 0.747314453
vt 0.984619141 0.739501953
v -0.279724091 0.253709793 0.121673591
vt 0.987304688 0.763427734
vn -0.962541580 0.268249243 0.039448541
vt 0.992431641 0.771728516
vt 0.971191406 0.770507812
vt 0.974609375 0.736816406
v -0.256805420 0.278419495 0.098411568
vt 0.974365234 0.783447266
vn -0.362711072 0.851582527 0.378481150
vt 0.968261719 0.777343750
vt 0.995849609 0.783935547
vt 0.041259766 0.467529297
vt 0.041748047 0.444824219
vt 0.041748047 0.491455078
vt 0.041503906 0.423583984
vt 0.627685547 0.009277344
vt 0.620117188 0.024902344
vt 0.621337891 0.009521484
vt 0.628906250 0.013183594
v -0.279480040 0.227356404 -0.404083252
vt 0.623291016 0.028320312
vn -0.781030238 -0.276121825 -0.560132623
vt 0.614501953 0.029541016
vt 0.629394531 0.020263672
vt 0.625244141 0.031250000
vt 0.625488281 0.044677734
vt 0.629638672 0.032714844
v -0.282592803 0.231192082 -0.279998779
vt 0.831298828 0.723388672
vn -0.702313125 0.607619166 0.370884508
v -0.275054961 0.234251946 -0.287841797
vt 0.828369141 0.718261719
vn -0.960957706 0.275684536 -0.023629991
vt 0.832031250 0.720947266
vt 0.835937500 0.729248047
vt 0.833007812 0.726562500
vt 0.832275391 0.737792969
vt 0.836181641 0.735107422
vt 0.826904297 0.721191406
v -0.277893096 0.250061005 -0.257049561
vt 0.818603516 0.716796875
vn -0.981789827 0.188503608 -0.023562836
vt 0.810791016 0.725097656
v -0.277618438 0.251096696 -0.303222656
vt 0.827636719 0.706298828
vn -0.960481048 0.275547802 -0.039363861
v -0.266876251 0.273078889 -0.256896973
vt 0.806884766 0.707275391
vn -0.678851008 0.734106302 0.015787289
v -0.266815215 0.272865266 -0.300079346
vt 0.820312500 0.695556641
vn -0.597462952 0.801858068 -0.007861311
v -0.258514434 0.277725190 -0.283233643
vt 0.811035156 0.695800781
vn -0.133589417 0.974416494 -0.180738568
v -0.232910201 0.277435273 -0.304046631
vt 0.813964844 0.680908203
vn 0.031479433 0.999473393 -0.007869917
v -0.252594024 0.278884858 -0.321716309
vt 0.823974609 0.682373047
vn -0.070978478 0.993698299 0.086751401
v -0.266296446 0.272464722 -0.327453613
vt 0.829345703 0.685302734
vn -0.749123871 0.662383080 -0.007885445
v -0.240264937 0.282329530 -0.343261719
vt 0.830322266 0.671630859
vn -0.055007424 0.997991085 0.031432752
v -0.215866134 0.274089783 -0.325500488
vt 0.817626953 0.667968750
vn 0.007864962 0.998854995 0.047189955
v -0.211105391 0.276321381 -0.350952148
vt 0.826660156 0.658203125
vn 0.047073618 0.996392667 -0.070610553
v -0.190979049 0.273910493 -0.286346436
vt 0.796386719 0.670898438
vn -0.086716466 0.969646931 -0.228615969
v -0.187210128 0.279769868 -0.316772461
vt 0.806152344 0.659423828
vn -0.979327261 0.126364768 -0.157955870
v -0.179962203 0.279273957 -0.344635010
vt 0.816162109 0.650390625
vn -0.710957348 0.679359078 -0.181689024
v -0.173858687 0.275711030 -0.368469238
vt 0.823486328 0.640136719
vn -0.659925580 0.746344447 0.086418897
v -0.210739180 0.272972077 -0.378234863
vt 0.833740234 0.646484375
vn 0.055279408 0.987132728 0.150044128
v -0.208801329 0.283863038 -0.401947021
vt 0.840087891 0.634765625
vn -0.063146979 0.986671269 0.149974003
v -0.179336607 0.284618348 -0.388977051
vt 0.830078125 0.631835938
vn -0.965277672 0.141260073 -0.219737858
v -0.239410445 0.285892457 -0.275115967
vt 0.801513672 0.691894531
vn -0.117989689 0.951782823 -0.283175021
v -0.202179000 0.286975831 -0.265625000
vt 0.790039062 0.677734375
vn -0.440235883 0.896194339 -0.055029459
v -0.220092803 0.288310975 -0.258636475
vt 0.789306641 0.691406250
vn -0.157358438 0.967754304 0.196697995
v -0.264129668 0.274993867 -0.223617554
vt 0.792968750 0.713623047
vn -0.251773477 0.967754185 -0.007867930
v -0.212692291 0.276119202 -0.239028931
vt 0.779296875 0.693603516
vn -0.102527611 0.962182224 0.252375633
v -0.192733794 0.289112061 -0.242401123
vt 0.777099609 0.685791016
vn -0.094699807 0.970672905 0.220966145
v -0.136840865 0.291591614 -0.266235352
vt 0.756347656 0.674560547
vn 0.023507951 0.830612957 0.556353867
v -0.184707671 0.280433625 -0.220626831
vt 0.762695312 0.691894531
vn -0.007871618 0.999690175 0.023614688
v -0.141464263 0.278717011 -0.240524307
vt 0.748046875 0.681152344
vn -0.070621379 0.973005533 0.219710886
vt 0.061767578 0.977294922
vt 0.063964844 0.988525391
vt 0.058105469 0.983886719
vt 0.062744141 0.967529297
vt 0.827880859 0.037353516
v -0.280212432 0.231906265 -0.327606201
vt 0.838378906 0.021972656
vn -0.553588986 0.830383480 -0.063267276
vt 0.834228516 0.038818359
vt 0.824707031 0.034179688
v -0.278564483 0.224960774 -0.312774658
vt 0.839355469 0.027832031
vn -0.929133952 -0.330708712 -0.165354207
v -0.281005919 0.231006354 -0.373260498
vt 0.851806641 0.013183594
vn -0.969406009 0.244321793 0.023644164
v -0.274475157 0.224939317 -0.346405029
vt 0.849853516 0.023193359
vn -0.986333311 -0.157813370 0.047344137
v -0.272491485 0.230163112 -0.333862305
vt 0.849853516 0.028320312
vn -0.000000042 0.999876022 0.015746037
v -0.269073516 0.219879121 -0.329864502
vt 0.847412109 0.031494141
vn -0.970038831 0.197162300 -0.141956761
v -0.273162872 0.231954306 -0.320922852
vt 0.831542969 0.021240234
vn -0.996914387 -0.047098365 -0.062797621
v -0.275512725 0.242917985 -0.311187744
vt 0.825195312 0.022705078
vn -0.998453617 0.055032831 -0.007861711
v -0.277832091 0.252489060 -0.335601807
vt 0.822998047 0.014892578
vn -0.993111670 0.110345691 0.039409321
vt 0.822265625 0.026367188
vt 0.812500000 0.015380859
vt 0.812255859 0.024414062
vt 0.679443359 0.769531250
vt 0.645263672 0.778564453
vt 0.631347656 0.766601562
vt 0.675048828 0.758300781
v -0.264953583 0.087158188 0.142486572
vt 0.704101562 0.789306641
vt 0.725830078 0.833251953
v -0.260955811 0.086776718 0.027101526
vt 0.677978516 0.740966797
vn 0.031480499 -0.999504447 0.000000040
vt 0.673583984 0.706298828
v -0.248641953 0.087738022 0.062660225
vt 0.696777344 0.749267578
vn 0.227719098 -0.973695278 -0.007852368
v -0.250000000 0.087371811 -0.014657011
vt 0.679931641 0.720214844
vn 0.346790195 -0.937909722 0.007881590
v -0.241653427 0.088561997 0.094055183
vt 0.708740234 0.760009766
vn 0.551061571 -0.834464669 -0.000000036
v -0.248901337 0.087631211 0.139328003
vt 0.717041016 0.787841797
vn 0.275761604 -0.961226106 0.000000006
v -0.242431626 0.094726548 0.059703838
vt 0.704833984 0.744384766
vn 0.897304177 -0.440780967 -0.023613367
v -0.242553711 0.094970688 -0.013992302
vt 0.688964844 0.716064453
vn 0.914975643 -0.402273744 0.031550784
v -0.241439804 0.099792466 0.112434395
vt 0.719726562 0.761230469
vn 0.047191504 -0.998885930 0.000000037
v -0.242477402 0.099441513 0.018209465
vt 0.702392578 0.727294922
vn 0.244359821 -0.969556570 0.015765158
vt 0.025634766 0.502441406
vt 0.016845703 0.459716797
vt 0.025634766 0.472656250
vt 0.016357422 0.500976562
vt 0.010009766 0.264648438
vt 0.027099609 0.268798828
vt 0.020751953 0.285400391
v -0.280273467 0.207294434 -0.315826416
vt 0.031494141 0.296630859
vn -0.989278078 0.086365499 -0.117771089
vt 0.009521484 0.287353516
vt 0.288330078 0.004150391
vt 0.318847656 0.004150391
vt 0.305664062 0.007812500
vt 0.713378906 0.996826172
vt 0.698730469 0.986083984
v -0.278472930 0.191719025 -0.335357666
vt 0.705322266 0.974365234
vt 0.724609375 0.990478516
vt 0.710693359 0.971679688
vt 0.693847656 0.976318359
vt 0.692871094 0.966308594
vt 0.689941406 0.985839844
vt 0.681396484 0.994140625
vt 0.036132812 0.780273438
v -0.279235899 0.195018739 -0.367370605
vt 0.032958984 0.798095703
v -0.274932921 0.224806279 -0.373443604
vt 0.021728516 0.785400391
vn -0.974085689 -0.078555338 0.212099463
vt 0.030517578 0.774658203
vt 0.021728516 0.780761719
vt 0.013916016 0.777343750
v -0.272583067 0.230552167 -0.363739014
vt 0.017333984 0.782958984
vn -0.824500144 0.565371394 -0.023557063
v -0.270141661 0.224502057 -0.360382080
vt 0.018798828 0.791748047
vn -0.983368337 0.180939734 0.015734015
vt 0.016845703 0.799316406
vt 0.041015625 0.784423828
vt 0.027099609 0.812500000
vt 0.049072266 0.792236328
vt 0.051025391 0.790039062
vt 0.031494141 0.817871094
vt 0.006103516 0.981201172
vt 0.016845703 0.992675781
vt 0.003906250 0.995117188
vt 0.012451172 0.998535156
vt 0.001220703 1.000000000
vt 0.000976562 0.990722656
vt 0.000000000 0.995117188
v -0.272735536 0.184917465 0.499633789
vt 0.709960938 0.007080078
vn 0.000000138 -0.299621522 0.954058111
v -0.276946962 0.219897285 0.498992920
vt 0.724609375 0.011230469
vn -0.907426655 0.347189307 0.236720115
vt 0.703613281 0.010986328
vt 0.724121094 0.017822266
v -0.260223329 0.219615951 0.498992920
vt 0.724609375 0.001953125
vn 0.635827363 0.062797822 0.769272447
vt 0.707519531 0.002441406
vt 0.991210938 0.793945312
vt 0.987548828 0.798828125
vt 0.987548828 0.793701172
vt 0.987304688 0.789794922
vt 0.999023438 0.790527344
vt 0.925048828 0.993164062
vt 0.928955078 0.997070312
vt 0.911865234 0.997558594
vt 0.913574219 0.993408203
vt 0.909423828 0.992187500
vt 0.908203125 0.998046875
vt 0.600585938 0.102294922
v -0.267303526 0.272220582 -0.352172852
vt 0.588867188 0.095947266
vn -0.611055672 0.791238666 0.023502184
v -0.275207579 0.260240525 -0.363830566
vt 0.595458984 0.090820312
vn -0.921688557 0.378128618 -0.086654380
vt 0.591064453 0.107177734
vt 0.576904297 0.101318359
v -0.264617980 0.275253266 -0.376678467
vt 0.585937500 0.086181641
vn -0.527167022 0.849761665 0.000000032
v -0.247558638 0.279483765 -0.364196777
vt 0.577880859 0.088623047
vn -0.000000041 0.999721229 0.023615420
vt 0.562744141 0.101806641
vt 0.559326172 0.095458984
v -0.224411070 0.284679383 -0.404571533
vt 0.556396484 0.089111328
vn -0.031432841 0.997991085 -0.055007424
vt 0.601806641 0.086914062
vt 0.588623047 0.078125000
v -0.272125304 0.232049435 -0.356018066
vt 0.610595703 0.094482422
vn -0.971490085 -0.236948848 0.007898430
vt 0.612060547 0.109863281
vt 0.613037109 0.103515625
vt 0.614746094 0.093505859
vt 0.616943359 0.097656250
vt 0.620605469 0.096191406
vt 0.613525391 0.088867188
vt 0.611083984 0.090820312
vt 0.608154297 0.073242188
vt 0.614990234 0.070800781
vt 0.614990234 0.083984375
vt 0.617675781 0.072021484
vt 0.618896484 0.067871094
vt 0.891845703 0.047363281
vt 0.878173828 0.040039062
vt 0.880371094 0.037597656
vt 0.873291016 0.033935547
vt 0.862548828 0.035644531
vt 0.870605469 0.023925781
vt 0.864990234 0.019287109
vt 0.854492188 0.034667969
v -0.236480772 0.218963593 -0.474761963
vt 0.857421875 0.022705078
vn -0.000000131 -0.000000044 -1.000000000
vt 0.540039062 0.445556641
vt 0.546630859 0.434082031
vt 0.549804688 0.443603516
v -0.212066680 0.290828705 -0.175384521
vt 0.572021484 0.436523438
vn -0.165492952 0.985076845 -0.047283709
vt 0.554931641 0.460449219
vt 0.544677734 0.461181641
vt 0.548828125 0.472167969
v -0.213180572 0.275966614 -0.204010010
vt 0.574218750 0.449218750
vn -0.054981995 0.973965526 -0.219927743
vt 0.578857422 0.463134766
vt 0.587158203 0.448974609
v -0.214248672 0.279170960 -0.152236938
vt 0.567626953 0.426269531
vn -0.102511682 0.969918132 0.220794350
v -0.175476104 0.290550232 -0.193405151
vt 0.588134766 0.437744141
vn 0.094441302 0.975894094 -0.196752906
vt 0.545898438 0.422119141
v -0.184097320 0.289096832 -0.161178589
vt 0.580810547 0.427734375
vn -0.047338121 0.970431209 0.236690506
v -0.146499664 0.277877808 -0.196228042
vt 0.600585938 0.437744141
vn -0.007892703 0.978686512 -0.205208495
vt 0.606689453 0.454101562
v -0.102401763 0.282314301 -0.217514053
vt 0.619384766 0.442138672
vn -0.110308103 0.992772579 0.047274854
v -0.139694244 0.290054321 -0.162643448
vt 0.599121094 0.423339844
vn -0.047098354 0.996914387 0.062797718
v -0.114379913 0.289657593 -0.200607315
vt 0.614013672 0.435302734
vn -0.133750588 0.951988995 -0.275368690
v -0.059616119 0.284866333 -0.208404556
vt 0.636962891 0.432861328
vn -0.000000082 0.951782823 -0.306772977
v -0.170700088 0.281860352 -0.143753052
vt 0.583984375 0.419677734
vn -0.039309215 0.982729971 0.180822268
v -0.080741905 0.296600342 -0.174453750
vt 0.625244141 0.421142578
vn -0.047046199 0.995810509 0.078410238
v -0.008736636 0.301727295 -0.172027618
vt 0.652343750 0.411376953
vn -0.039328691 0.998947680 0.023597153
v -0.001294046 0.283493042 -0.206512481
vt 0.659667969 0.425048828
vn 0.023695560 0.995215952 -0.094782516
v -0.025671028 0.284603119 -0.148635894
vt 0.642333984 0.402099609
vn -0.023591356 0.951517940 0.306687564
v -0.093521141 0.284835815 -0.145736709
vt 0.615478516 0.411621094
vn -0.015776936 0.986057222 0.165657565
v -0.019144075 0.283348083 -0.112602264
vt 0.637939453 0.384765625
vn -0.000000073 0.971958816 -0.235151365
v 0.023691157 0.284095764 -0.140960723
vt 0.655517578 0.391601562
vn -0.000000004 0.956958413 0.290225089
v -0.072250381 0.283573151 -0.111846946
vt 0.617431641 0.391113281
vn 0.070793666 0.943916738 -0.322504908
v -0.062774673 0.295318604 -0.108543418
vt 0.616699219 0.383544922
vn 0.007852308 0.973695278 -0.227719098
v 0.019035323 0.294448853 -0.110832244
vt 0.649169922 0.374511719
vn -0.015757419 0.858773649 -0.512112796
v -0.101699844 0.289459229 -0.113693252
vt 0.606445312 0.394775391
vn -0.047255926 0.811224759 -0.582821786
v 0.032493576 0.292083740 -0.089546241
vt 0.648193359 0.359130859
vn 0.000000015 0.909559190 0.415574431
v -0.140731826 0.278076172 -0.125473037
vt 0.594238281 0.410644531
vn -0.031418294 0.997529209 -0.062836520
v -0.142730728 0.281795502 -0.110572822
vt 0.592529297 0.404785156
vn -0.015768217 0.614955306 -0.788404346
v -0.106727615 0.292655945 -0.087615982
vt 0.597412109 0.376953125
vn -0.007872789 0.928989947 0.370021403
v -0.183364883 0.292270660 -0.113533027
vt 0.579589844 0.401611328
vn -0.015769694 0.323275864 -0.946173429
v -0.177642837 0.287551880 -0.113746651
vt 0.580322266 0.406494141
vn -0.031500049 0.960749149 -0.275624752
v -0.046382915 0.280735016 -0.075286888
vt 0.613769531 0.354248047
vn 0.023551324 0.973455250 0.227662876
v -0.209320083 0.276874542 -0.131103516
vt 0.568847656 0.417480469
vn -0.078818440 0.993111670 -0.086700261
v -0.212097183 0.278694153 -0.110191345
vt 0.567382812 0.409667969
vn -0.071022749 0.797031820 -0.599746764
v -0.240264907 0.282382965 -0.113555908
vt 0.555664062 0.410644531
vn -0.000000111 0.822192192 -0.569210052
vt 0.542236328 0.413085938
vt 0.541992188 0.429931641
v -0.231094375 0.289798737 -0.108650208
vt 0.557861328 0.406005859
vn -0.165740207 0.962871253 -0.213094488
vt 0.540527344 0.406494141
v -0.177352920 0.295181274 -0.109191902
vt 0.580078125 0.398437500
vn -0.023589201 0.998607934 0.047178287
v -0.222671524 0.291645050 -0.086479187
vt 0.554931641 0.396972656
vn -0.047117200 0.958049595 0.282703102
v -0.159332290 0.290508270 -0.088180549
vt 0.578857422 0.386474609
vn 0.000000018 0.900658369 0.434528142
v -0.147308365 0.279212952 -0.075744636
vt 0.578125000 0.377197266
vn -0.031448327 0.951311946 0.306621164
v -0.232955948 0.285804749 -0.076042175
vt 0.548095703 0.394531250
vn -0.078650020 0.983125031 0.165164962
vt 0.531738281 0.398193359
vt 0.537597656 0.386230469
v -0.118003860 0.284095764 -0.073883072
vt 0.590820312 0.370849609
v -0.111854561 0.282871246 -0.030389803
vt 0.584228516 0.354492188
vn -0.070617095 0.949406624 -0.306007117
v -0.187896743 0.280616760 -0.068649299
vt 0.560791016 0.381591797
vn 0.102687344 0.971580923 -0.213273928
v -0.148712173 0.279075623 -0.043632522
vt 0.571777344 0.365478516
vn 0.078487433 0.926152766 -0.368891388
v -0.039535530 0.280334473 -0.052597076
vt 0.608398438 0.343505859
vn -0.000000098 0.892841458 -0.450371385
v 0.052604668 0.280193329 -0.036575358
vt 0.626464844 0.318603516
vn -0.000000091 0.922375739 -0.386294156
v -0.039531715 0.299324036 -0.038509399
vt 0.601806641 0.333007812
vn -0.031422213 0.919097006 -0.392776549
v -0.200134292 0.293243408 -0.037456520
vt 0.548095703 0.370849609
vn -0.134049624 0.985658526 -0.102508515
vt 0.526123047 0.381835938
vt 0.523437500 0.364990234
v -0.163131714 0.297119141 -0.015285503
vt 0.559570312 0.354980469
vn -0.031582404 0.986948133 -0.157911748
v -0.109687813 0.302299500 -0.013697643
vt 0.577392578 0.345458984
vn -0.007866288 0.975410879 -0.220254108
v -0.147415161 0.296943665 0.011149393
vt 0.559570312 0.341552734
vn -0.062914222 0.975169480 -0.212335318
vt 0.529052734 0.347656250
v -0.178100586 0.304283142 0.022382727
vt 0.545898438 0.336669922
vn -0.078749992 0.984374106 -0.157499880
v -0.075973511 0.303535461 0.011980034
vt 0.580078125 0.327880859
vn 0.125968605 0.992003083 -0.007873101
v -0.052646641 0.293434143 -0.005464579
vt 0.591064453 0.328857422
vn 0.110308029 0.992772579 0.047274824
v -0.013035774 0.284847260 0.016347855
vt 0.603515625 0.311035156
vn -0.000000018 0.982062519 0.188555956
v 0.014216418 0.303283691 -0.009981190
vt 0.615478516 0.317626953
vn -0.015765158 0.969556570 0.244359732
vt 0.654296875 0.079345703
vt 0.653320312 0.074707031
vt 0.658203125 0.075195312
vt 0.672607422 0.075683594
v -0.244735658 0.193496719 0.487762451
vt 0.670410156 0.084228516
vn 0.670706749 0.000000062 0.741722584
vt 0.691650391 0.067138672
v -0.243560731 0.170303360 0.473602295
vt 0.681396484 0.081298828
vn 0.236359894 -0.307267636 0.921802938
v -0.243408144 0.202522293 0.473388672
vt 0.669677734 0.093994141
vn 0.055034705 0.000000046 0.998484433
v -0.249603212 0.222615734 0.488189697
vt 0.654785156 0.086914062
vn 0.205214962 0.000000052 0.978716910
v -0.248565614 0.289085388 0.488250732
vt 0.629638672 0.086914062
vn 0.197414339 0.047379460 0.979174554
vt 0.625488281 0.072265625
v -0.242935121 0.237578884 0.484191895
vt 0.649169922 0.093017578
vn 0.922375798 0.000000057 0.386294007
v -0.243591249 0.218963638 0.473297119
vt 0.662597656 0.096923828
vn 0.133672059 0.023589212 0.990744889
v -0.161041200 0.235977665 0.473083496
vt 0.688232422 0.128662109
vn 0.000000121 0.180962205 0.983490050
v -0.243164003 0.244208351 0.472503662
vt 0.646972656 0.098632812
vn 0.566087425 0.448152602 0.691884577
v -0.243118227 0.291103363 0.481903076
vt 0.633056641 0.103759766
vn 0.943129361 0.330095291 0.039296918
v -0.243194520 0.259578705 0.452178955
vt 0.641601562 0.106445312
vn 0.684339702 0.534886241 0.495556206
v -0.230270326 0.245849624 0.449493408
vt 0.646972656 0.107910156
vn 0.180543572 0.894868016 0.408185333
vt 0.775390625 0.146728516
vt 0.722412109 0.146728516
vt 0.791503906 0.130615234
vt 0.794677734 0.113769531
vt 0.775634766 0.106201172
v -0.241943315 0.087722778 0.328796387
vt 0.740478516 0.116943359
vn 0.251773477 -0.967754185 0.007867930
v -0.248657182 0.087493896 0.284423828
vt 0.719482422 0.127929688
vn 0.386186153 -0.922117889 -0.023644058
v -0.247375458 0.087615967 0.231536865
vt 0.696289062 0.131347656
vn 0.409043282 -0.912481070 0.007866203
v -0.240524247 0.093444824 0.304016113
vt 0.728027344 0.114746094
vn 0.973245323 -0.227613777 -0.031395122
v -0.242431596 0.096557617 0.284271240
vt 0.715332031 0.118652344
vn 0.863921702 -0.502645314 -0.031415425
v -0.243408158 0.095169067 0.254455566
vt 0.701416016 0.122558594
vn 0.921917439 -0.386102140 0.031518444
v -0.241729692 0.099685669 0.283203125
vt 0.715332031 0.114746094
vn 0.244382605 -0.969646931 -0.007883298
v -0.241851777 0.099670410 0.233459473
vt 0.693359375 0.121826172
vn 0.133709177 -0.991020679 0.000000026
v -0.213470414 0.099884033 0.284729004
vt 0.710449219 0.097167969
v -0.240676835 0.099929810 0.321289062
vt 0.735595703 0.106445312
vn 0.466072023 -0.884746850 -0.000000022
v -0.240478456 0.099899292 0.396881104
vt 0.772705078 0.096923828
vt 0.011718750 0.379638672
vt 0.011474609 0.387451172
vt 0.005371094 0.380126953
vt 0.007568359 0.384765625
vt 0.963623047 0.833740234
vt 0.937744141 0.820800781
vt 0.996826172 0.812744141
v -0.250366181 0.087448120 0.209609985
vt 0.964599609 0.804931641
vn 0.188532770 -0.981941283 -0.015711041
vt 0.974365234 0.800048828
v -0.250030488 0.087677002 0.179199219
vt 0.952148438 0.805419922
vn 0.379366666 -0.924706161 0.031613879
vt 0.935058594 0.811523438
v -0.242477387 0.089752182 0.166885376
vt 0.946044922 0.802490234
vn 0.780763090 -0.623033047 0.047318898
v -0.242523164 0.094253525 0.140197754
vt 0.934326172 0.806152344
vn 0.940366328 -0.339796185 0.015804369
v -0.241683930 0.099685669 0.180480957
vt 0.949707031 0.792724609
vn 0.268424809 -0.963171303 0.015789701
v -0.243377656 0.096038818 0.199508667
vt 0.959228516 0.797851562
vn 0.854750872 -0.517555475 -0.039208844
vt 0.972900391 0.794677734
v -0.242156953 0.092453003 0.233383179
vt 0.973632812 0.797363281
vn 0.867325604 -0.496740997 -0.031539202
vt 0.982421875 0.794189453
vt 0.041259766 0.604492188
vt 0.046386719 0.547607422
vt 0.049560547 0.617187500
vt 0.036865234 0.249023438
vt 0.036865234 0.294433594
vt 0.032226562 0.261718750
vt 0.276855469 0.036132812
v -0.256744444 0.278896302 -0.406341553
vt 0.282470703 0.034423828
vn -0.323275924 0.946173429 -0.015769554
vt 0.282958984 0.039062500
vt 0.275390625 0.030029297
vt 0.289306641 0.026367188
vt 0.276611328 0.025390625
vt 0.290283203 0.040283203
vt 0.283691406 0.041992188
v -0.203552306 0.275009125 -0.422363281
vt 0.298583984 0.029785156
vn -0.023680927 0.963021278 -0.268382996
vt 0.289550781 0.019775391
vt 0.292968750 0.023193359
vt 0.300292969 0.018066406
v -0.155395567 0.286540955 -0.410461426
vt 0.309814453 0.020996094
vn -0.393749744 -0.157499909 -0.905624092
v -0.142196715 0.274322480 -0.423858643
vt 0.315673828 0.023925781
vn 0.007881507 0.937909722 -0.346790195
v -0.163665831 0.274486512 -0.440399170
vt 0.311279297 0.031005859
vn 0.007879482 0.512160480 0.858853698
vt 0.291748047 0.043701172
v -0.166595519 0.310974091 -0.439331055
vt 0.316650391 0.042968750
vn -0.133787662 -0.558760703 0.818466485
vt 0.480224609 0.927001953
vt 0.474121094 0.921142578
vt 0.567871094 0.923583984
vt 0.567626953 0.046386719
vt 0.577148438 0.041259766
vt 0.573486328 0.051269531
vt 0.561279297 0.070800781
vt 0.558349609 0.052001953
vt 0.572998047 0.077636719
vt 0.562255859 0.074707031
vt 0.547119141 0.089599609
v -0.249053940 0.288761139 0.094627380
vt 0.115234375 0.697021484
vn -0.243814990 0.896609962 0.369655013
vt 0.102050781 0.698486328
vt 0.109619141 0.688476562
vt 0.116455078 0.690185547
v -0.189651474 0.301727295 0.088043205
vt 0.129882812 0.719726562
vn -0.150044203 0.987132728 0.055279404
v -0.192840561 0.294418335 0.097282402
vt 0.131591797 0.715332031
vn 0.007891507 0.402461648 0.915402889
v -0.149200425 0.306015015 0.082778923
vt 0.143554688 0.730468750
vn 0.055007342 0.997991085 0.031432737
v -0.184738159 0.298339844 0.070800774
vt 0.126464844 0.725830078
vn -0.086582080 0.850077510 -0.519491851
v -0.199172974 0.290058136 0.061408989
vt 0.118408203 0.724609375
vn -0.141351610 0.989461064 0.031411435
vt 0.097900391 0.700683594
vt 0.097412109 0.727783203
vt 0.087402344 0.704833984
v -0.160842896 0.284980774 0.061691273
vt 0.127197266 0.735351562
vn -0.015745636 0.999845147 0.007872755
v -0.176971436 0.298599243 0.050975788
vt 0.118408203 0.736816406
vn -0.063078210 0.898864746 0.433662772
v -0.113090508 0.291522980 0.057289105
vt 0.140136719 0.746826172
vn 0.015733827 0.983368337 -0.180939823
vt 0.108154297 0.744873047
v -0.130203247 0.306365967 0.036838517
vt 0.127929688 0.752929688
vn 0.086608805 0.952696860 0.291320503
vt 0.130615234 0.773437500
v -0.114158630 0.296127319 0.043521862
vt 0.135986328 0.752929688
vn 0.173013970 0.888662577 0.424670547
v -0.094619751 0.289783478 0.038330056
vt 0.141357422 0.762695312
vn 0.196285352 0.895061135 0.400422007
vt 0.135742188 0.791992188
v -0.079353333 0.285449982 0.046363808
vt 0.145996094 0.762207031
vn 0.133783624 0.967964053 0.212479860
v -0.060459133 0.293357849 0.037544224
vt 0.147460938 0.773925781
vn -0.055029504 0.990530550 0.125781611
v 0.027540207 0.290081024 0.018630946
vt 0.136474609 0.805175781
vn 0.023597142 0.998947680 -0.039328698
v -0.126022339 0.300918579 0.074653611
vt 0.147949219 0.739990234
vn 0.300369442 0.940630734 0.158089101
v -0.018873209 0.278560638 0.064460725
vt 0.163818359 0.781250000
vn -0.071024902 0.994347930 -0.078916535
v 0.043163307 0.288005829 0.063362084
vt 0.163330078 0.804199219
vn -0.109940171 0.989461064 -0.094234422
v -0.073593132 0.280712128 0.069641091
vt 0.154052734 0.760742188
vn 0.158049613 0.964103103 -0.213367134
v -0.128387436 0.292526245 0.082763657
vt 0.152832031 0.736816406
vn 0.047098279 0.996914387 0.062797703
v -0.057323448 0.293708801 0.072120644
vt 0.164062500 0.762939453
vn -0.039266840 0.918841839 -0.392667502
v -0.004376404 0.296058655 0.077224702
vt 0.177246094 0.781005859
vn -0.102203980 0.951282501 -0.290888071
v 0.000597190 0.292892456 0.102477998
vt 0.191406250 0.769775391
vn -0.047391232 0.924129188 0.379129887
v -0.148071274 0.294944763 0.092102043
vt 0.148193359 0.726318359
vn -0.015744109 0.889543295 0.456579715
v -0.109764092 0.289794922 0.099670395
vt 0.163574219 0.735839844
vn 0.078786582 0.937560320 0.338782251
v -0.064140305 0.280651093 0.105445839
vt 0.180175781 0.745849609
vn -0.007902975 0.940454483 0.339828044
v 0.040336620 0.285678864 0.108940087
vt 0.208496094 0.777099609
vn 0.023632335 0.858640432 0.512033224
v 0.027153032 0.279834747 0.137954682
vt 0.215576172 0.759521484
vn 0.031432737 0.997991085 -0.055007432
v -0.073966965 0.279727936 0.130264267
vt 0.183349609 0.732666016
vn 0.015697472 0.996791542 0.078487478
v -0.128997788 0.294616699 0.101654038
vt 0.157470703 0.729492188
vn 0.062820978 0.965872645 0.251283914
v -0.031242352 0.284988403 0.149078339
vt 0.203857422 0.737304688
vn -0.055082325 0.991480768 -0.118033461
v -0.158294663 0.288120270 0.113471977
vt 0.152832031 0.716064453
vn 0.031511702 0.937472939 0.346628666
v -0.197525010 0.279781342 0.096450798
vt 0.134033203 0.709716797
vn -0.102178641 0.888168395 0.448014110
v -0.187728867 0.287094116 0.109313957
vt 0.141845703 0.709228516
vn -0.118271746 0.977712512 -0.173465163
v -0.229782090 0.282188416 0.107780457
vt 0.127441406 0.696289062
vn -0.117869407 0.966528535 -0.227880731
vt 0.126220703 0.679931641
v -0.212371811 0.290412903 0.132598877
vt 0.139892578 0.694580078
vn -0.015728578 0.998762369 0.047185581
v -0.241241440 0.283832550 0.177719116
vt 0.144042969 0.671875000
vn -0.078958347 0.994874716 0.063166611
vt 0.128662109 0.668945312
v -0.185333237 0.280944824 0.144256592
vt 0.153076172 0.698242188
vn 0.142085075 0.963021278 0.228914827
vt 0.140380859 0.662353516
v -0.143035874 0.280071259 0.126968369
vt 0.163085938 0.714111328
vn 0.015687330 0.996147394 0.086280443
v -0.199768052 0.280254364 0.174667358
vt 0.156982422 0.684814453
vn 0.015714888 0.997898698 -0.062859803
v -0.231674165 0.286251068 0.194854736
vt 0.151123047 0.668701172
vn -0.047185663 0.998762369 0.015728503
vt 0.150390625 0.653076172
v -0.203002900 0.282768250 0.193725586
vt 0.161132812 0.676513672
vn -0.000000049 0.999225974 -0.039339650
v -0.228363007 0.281852722 0.214874268
vt 0.157470703 0.662353516
vn 0.023589127 0.998607934 0.047178280
vt 0.165283203 0.650878906
vt 0.155273438 0.633544922
v -0.189071625 0.280666351 0.235168457
vt 0.177001953 0.661621094
vn 0.047189958 0.998854995 0.007864949
v -0.159027085 0.285598755 0.182968125
vt 0.174804688 0.688720703
vn -0.015722258 0.998361051 0.055027734
v -0.153671235 0.279937744 0.206222519
vt 0.182617188 0.681152344
vn 0.007849445 0.996883690 0.078494735
v -0.156875581 0.279911041 0.253997803
vt 0.192871094 0.664550781
vn -0.055019323 0.998206854 -0.023579724
v -0.129409760 0.280899048 0.235122666
vt 0.198486328 0.676513672
vn -0.000000048 0.999504447 -0.031480499
v -0.052123997 0.280563354 0.217117280
vt 0.219482422 0.706054688
vn 0.007861803 0.998453617 0.055032831
v -0.158889756 0.280315399 0.161575302
vt 0.169677734 0.697021484
vn -0.000000060 0.992033720 -0.125972584
v -0.052749611 0.285537720 0.191940278
vt 0.210693359 0.715576172
vn 0.023589114 0.998607934 -0.047178376
v -0.072410561 0.280609131 0.166778550
vt 0.196533203 0.719970703
vn -0.023579739 0.998206854 -0.055019315
v -0.046977978 0.282741547 0.167755097
vt 0.205078125 0.726318359
vn -0.007872842 0.999845147 -0.015745634
v -0.020719508 0.281143188 0.174453706
vt 0.215820312 0.729980469
vn -0.078995287 0.995340228 0.055296645
v -0.032825433 0.279876709 0.294708222
vt 0.248535156 0.700683594
vn -0.086959966 0.996086299 -0.015810926
v 0.034660362 0.293632507 0.181869477
vt 0.230712891 0.737060547
vn -0.086970843 0.996210933 -0.000000032
vt 0.098388672 0.098876953
vt 0.126464844 0.114257812
vt 0.111328125 0.115722656
vt 0.188720703 0.127685547
v -0.249649063 0.087524399 -0.134536743
vt 0.161621094 0.128662109
vn 0.323306084 -0.946261644 0.007885512
v -0.248458862 0.087829575 -0.067436211
vt 0.132568359 0.123291016
vn 0.392861366 -0.919295549 -0.023571692
v -0.241409302 0.089797959 -0.037490834
vt 0.120117188 0.124023438
vn 0.774661303 -0.632376492 -0.000000074
vt 0.110351562 0.125488281
v -0.242065430 0.097152695 -0.056171406
vt 0.126953125 0.131103516
vn 0.456622154 -0.889625907 -0.007872816
v -0.242828384 0.095123276 -0.120628349
vt 0.155029297 0.134765625
vn 0.852856100 -0.521189749 0.031587172
vt 0.095458984 0.127441406
v -0.242202774 0.099807724 -0.132003784
vt 0.158447266 0.137207031
v -0.214782715 0.099868760 -0.006647106
vt 0.105712891 0.146728516
vt 0.899414062 0.569335938
vt 0.867431641 0.536376953
vt 0.890869141 0.544433594
v -0.249343887 0.087615937 -0.191162109
vt 0.908691406 0.569091797
vn 0.323316127 -0.946291029 -0.000000001
vt 0.921875000 0.599121094
v -0.242691070 0.089538544 -0.228378296
vt 0.901367188 0.549072266
vn 0.788110435 -0.614726067 -0.031524494
v -0.243789703 0.095794648 -0.256469727
vt 0.896484375 0.534423828
vn 0.858880401 -0.512176275 -0.000000090
v -0.241943374 0.090698227 -0.165328979
vt 0.920166016 0.581787109
vn 0.788477838 -0.615012646 0.007884702
vt 0.938720703 0.597412109
vt 0.936279297 0.592041016
v -0.242553741 0.099731416 -0.229949951
vt 0.906982422 0.543701172
vn 0.141421393 -0.989949524 0.000000025
v -0.241348296 0.099563569 -0.285980225
vt 0.887451172 0.513183594
vn 0.110431567 -0.993883729 0.000000029
v -0.242828384 0.093902558 -0.209991455
vt 0.909667969 0.556396484
vn 0.912057996 -0.408853531 0.031450175
v -0.178634673 0.099853486 -0.236999512
vt 0.938720703 0.512695312
v -0.242202774 0.094192475 -0.179931641
vt 0.918212891 0.571533203
vn 0.975169480 -0.220199510 -0.023592928
vt 0.398681641 0.639404297
vt 0.362304688 0.618164062
v -0.243820235 0.087951630 -0.431304932
vt 0.359619141 0.610351562
vn 0.408891559 -0.864962757 0.290941983
vt 0.406982422 0.637939453
vt 0.340576172 0.633544922
v -0.241409346 0.091583222 -0.437683105
vt 0.358154297 0.606689453
vn 0.975048900 -0.204445690 0.086496159
v -0.243423507 0.044738740 -0.436553955
vt 0.338867188 0.630615234
vn 0.998021960 0.000000046 0.062867388
vt 0.335693359 0.640625000
vt 0.311279297 0.653076172
vt 0.342529297 0.603759766
v -0.243530318 0.087982148 -0.442565918
vt 0.352539062 0.609375000
vn 0.690456390 -0.721840620 0.047076508
v -0.223892257 0.090805024 -0.437957764
vt 0.354248047 0.597900391
vn 0.015773613 -0.536298215 0.843881130
v -0.241256759 0.100082368 -0.437469482
vt 0.359619141 0.605712891
vn 0.125688538 -0.981941283 0.141399562
v -0.192718551 0.087585419 -0.443878174
vt 0.350097656 0.579833984
vn -0.015706647 -0.997375369 0.070680186
v -0.184188887 0.091659516 -0.438659668
vt 0.353027344 0.578613281
vn 0.015698126 -0.376751691 0.926181257
v -0.174484298 0.099807709 -0.438812256
vt 0.355712891 0.572509766
vn 0.000000051 -0.998484433 0.055034619
v -0.136016890 0.091613755 -0.438934326
vt 0.354248047 0.551513672
vn -0.007885375 -0.323306024 0.946261644
v -0.131866500 0.087081894 -0.444152832
vt 0.350097656 0.548583984
vn 0.000000067 -0.983490050 0.180962205
v -0.127441466 0.086944565 -0.467712402
vt 0.343261719 0.540283203
vn -0.007866203 -0.975410879 -0.220254019
v -0.183212340 0.087081879 -0.470275879
vt 0.341796875 0.573242188
v -0.167099059 0.087249741 -0.467224121
vt 0.343017578 0.562988281
vn 0.015730960 -0.912396491 -0.409005284
v -0.189437926 0.090530366 -0.474456787
vt 0.340087891 0.576416016
vn -0.031450395 -0.220151976 -0.974958539
v -0.129425108 0.097595200 -0.474792480
vt 0.336914062 0.541259766
vn -0.007852499 -0.227719098 -0.973695278
v -0.178649962 0.094665498 -0.474304199
vt 0.338623047 0.567382812
vn 0.031633534 -0.260977656 -0.964826405
v -0.106506407 0.093948349 -0.474517852
vt 0.339111328 0.528320312
vn -0.015789799 -0.363162965 -0.931591868
v -0.218109190 0.111297578 -0.474578857
vt 0.331787109 0.584716797
vn -0.023597317 -0.039328694 -0.998947680
vt 0.327636719 0.600097656
v -0.121086180 0.110496491 -0.474792480
vt 0.329345703 0.534423828
v -0.013250407 0.091247544 -0.474700958
vt 0.327148438 0.476074219
vn -0.000000124 -0.141421393 -0.989949524
v 0.001194777 0.128334016 -0.474731475
vt 0.315673828 0.465820312
vt 0.698730469 0.894287109
vt 0.695556641 0.887207031
vt 0.713867188 0.896728516
v -0.241165191 0.093582124 -0.291595459
vt 0.715087891 0.901855469
vn 0.916487932 -0.395037860 0.063205957
vt 0.712890625 0.904785156
v -0.240249664 0.092895478 -0.317352295
vt 0.727050781 0.900634766
vn 0.872610271 -0.487403899 0.031445321
vt 0.740478516 0.898193359
v -0.240188643 0.099884003 -0.327667236
vt 0.732421875 0.904052734
vn 0.070688903 -0.997498453 0.000000034
vt 0.697753906 0.941162109
vt 0.780761719 0.891113281
v -0.244125307 0.145629898 0.473175049
vt 0.789794922 0.782958984
vn 0.062867656 0.000000046 0.998021960
v -0.243575990 0.166656509 0.473175049
vt 0.796875000 0.790283203
vn 0.118330605 0.694205940 0.709983170
vt 0.784179688 0.783203125
vt 0.759521484 0.764404297
v -0.134918153 0.166343704 0.473052979
vt 0.835937500 0.756347656
vn 0.000000078 0.606280506 0.795250893
v -0.146881044 0.167644516 0.459625244
vt 0.837646484 0.764892578
vn 0.007900543 0.853255332 0.521433711
vt 0.796630859 0.792236328
v -0.240463197 0.168220520 0.461730957
vt 0.800048828 0.793457031
vn 0.015767677 -0.953939617 0.299584359
v -0.098739557 0.169364944 0.473327607
vt 0.794189453 0.861083984
vn 0.000000138 -0.306772947 0.951782823
vt 0.612060547 0.745361328
vt 0.600585938 0.746337891
vt 0.624511719 0.738281250
v 0.032863684 0.127769500 0.473022431
vt 0.619140625 0.862060547
vn 0.000000131 0.000000044 1.000000000
vt 0.057861328 0.162109375
vt 0.036376953 0.162841797
vt 0.037353516 0.156005859
vt 0.049560547 0.168212891
vt 0.018066406 0.168701172
vt 0.882080078 0.972412109
v -0.197570875 0.356491059 -0.472076416
vt 0.866455078 0.965332031
vn 0.047178198 -0.023589205 -0.998607934
vt 0.880126953 0.950195312
v -0.054042883 0.319313020 -0.474792510
vt 0.826904297 0.952636719
vn -0.000000133 0.039339561 -0.999225974
v -0.194625929 0.400970429 -0.474731445
vt 0.868652344 0.981933594
vn 0.015745949 -0.000000043 -0.999876022
v 0.003888540 0.352790803 -0.472137481
vt 0.812255859 0.968750000
vn -0.000000131 0.007873728 -0.999969006
v 0.004918984 0.358001709 -0.474761993
vt 0.812255859 0.971923828
vn -0.000000129 -0.047191504 -0.998885930
vt 0.064453125 0.810058594
vt 0.058837891 0.808349609
vt 0.061767578 0.794677734
v -0.196243361 0.414855927 -0.474090576
vt 0.055908203 0.794189453
vn -0.165678293 0.946732700 -0.276130348
vt 0.047363281 0.810058594
v -0.119087294 0.427719116 -0.474060059
vt 0.059082031 0.771728516
vn -0.133577064 0.958611369 -0.251439035
v 0.002311397 0.440414429 -0.474121124
vt 0.063476562 0.736328125
vn -0.015687497 0.462777108 -0.886335850
vt 0.012939453 0.349121094
v -0.242004335 0.099838257 0.436187744
vt 0.027832031 0.339111328
vn 0.150072262 -0.963621795 -0.221159056
vt 0.033447266 0.340576172
v -0.181014955 0.099746704 0.436767578
vt 0.019042969 0.314941406
vn -0.000000005 -0.935356557 -0.353706270
vt 0.021240234 0.347900391
v -0.169097841 0.092453018 0.436798096
vt 0.020996094 0.311279297
vn 0.015728917 -0.330309600 -0.943741679
v -0.194076478 0.087280273 0.440979004
vt 0.031494141 0.320312500
vn -0.015711522 -0.989827394 -0.141403854
vt 0.046875000 0.339599609
vt 0.683105469 0.785156250
vt 0.682861328 0.789062500
vt 0.640380859 0.784667969
vt 0.681884766 0.819091797
v -0.105941810 0.099822983 -0.347351104
vt 0.638427734 0.846923828
v -0.108497672 0.099777207 -0.437652618
vt 0.687744141 0.844970703
vn 0.000000058 -0.993883729 0.110431567
vt 0.690917969 0.833984375
v -0.006239466 0.099899277 -0.438354522
vt 0.682373047 0.887207031
vn 0.000000049 -0.999225974 0.039339650
v -0.001200586 0.099914536 -0.263824493
vt 0.605224609 0.893798828
v -0.084350638 0.092361435 -0.437774688
vt 0.690917969 0.855468750
vn -0.007872659 -0.370021403 0.928989947
vt 0.694580078 0.835693359
v -0.011844686 0.091934189 -0.437591583
vt 0.686523438 0.887207031
vn 0.007900403 -0.434514582 0.900630236
v -0.044368796 0.087432846 -0.442596465
vt 0.694580078 0.871337891
vn 0.000000066 -0.984862804 0.173335910
v 0.000981994 0.087387070 -0.443634063
vt 0.687744141 0.891113281
vn 0.000000087 -0.935356557 0.353706330
v -0.067245536 0.087020859 -0.468200713
vt 0.710449219 0.862060547
vn 0.000000025 -0.989949524 -0.141421303
v 0.024890846 0.087295517 -0.456176788
vt 0.724365234 0.891357422
vn 0.000000047 -0.999721110 0.023615502
vt 0.704101562 0.838378906
v -0.004742201 0.086502060 -0.469909698
vt 0.726318359 0.880859375
vn -0.007878653 -0.961196363 -0.275752991
vt 0.709960938 0.847412109
vt 0.728027344 0.876953125
vt 0.296630859 0.437255859
vt 0.298095703 0.439697266
v -0.187210143 0.244803399 -0.470031738
vt 0.291015625 0.450683594
vn 0.055068489 0.173072785 -0.983368337
v -0.190719664 0.243379563 -0.474975586
vt 0.290527344 0.448974609
vn 0.015693503 0.149089515 -0.988699138
vt 0.288574219 0.434326172
v -0.171234190 0.231785864 -0.474731445
vt 0.286376953 0.453369141
vn -0.000000136 0.125972494 -0.992033720
v -0.154510558 0.219163865 -0.474731445
vt 0.281738281 0.456542969
vn -0.000000131 -0.007873815 -0.999969006
v -0.137802184 0.242725343 -0.475036621
vt 0.284423828 0.464843750
vn -0.015734032 0.180939734 -0.983368337
v -0.062866271 0.240808457 -0.474761993
vt 0.273681641 0.476806641
vn -0.000000134 0.086291067 -0.996270061
v -0.121688902 0.201690644 -0.474731445
vt 0.273437500 0.460205078
v -0.142761290 0.244911164 -0.470092773
vt 0.286132812 0.465332031
vn -0.015809055 0.197611436 -0.980152965
v -0.015338959 0.244181618 -0.470703155
vt 0.275878906 0.488281250
vn 0.007880480 0.118209191 -0.992957532
v -0.092880309 0.257654160 -0.472137481
vt 0.291259766 0.476074219
vn -0.007900639 -0.094806194 -0.995464504
v -0.180496275 0.258052796 -0.470306396
vt 0.292968750 0.456542969
vn 0.007878544 -0.275753021 -0.961196244
v -0.017850939 0.258703202 -0.472595245
vt 0.290771484 0.492675781
vn -0.007905320 -0.197630063 -0.980244875
v -0.200225890 0.278903931 -0.474975586
vt 0.316162109 0.452880859
vn -0.000000130 -0.023615502 -0.999721110
v 0.100349359 0.259193391 -0.474975616
vt 0.277343750 0.519287109
vt 0.308837891 0.438232422
v 0.244781435 0.300567627 -0.474670470
vt 0.410644531 0.412841797
vn -0.015745725 0.007872752 -0.999845147
v -0.224166811 0.275516510 0.425476074
vt 0.650390625 0.698486328
vn 0.015765136 0.969556570 0.244359732
vt 0.660400391 0.680175781
vt 0.660400391 0.698730469
vt 0.659179688 0.712158203
v -0.211715654 0.277057648 0.400817871
vt 0.645263672 0.687011719
vn 0.047283664 0.985076845 0.165492862
vt 0.657470703 0.675537109
v -0.160507157 0.279209137 0.379577637
vt 0.623046875 0.677734375
vn -0.071066938 0.994936705 0.071066864
v -0.189422548 0.263908386 0.450469971
vt 0.633789062 0.711669922
vn -0.031393975 0.682820439 0.729911387
v -0.210067689 0.255674362 0.448852539
vt 0.643554688 0.715820312
vn 0.070621498 -0.219710872 0.973005533
vt 0.653564453 0.722412109
v -0.209548891 0.245325103 0.446502686
vt 0.642578125 0.720214844
vn -0.047088102 0.706322551 0.706322432
v -0.187423646 0.244855896 0.469360352
vt 0.634521484 0.727294922
vn 0.047248475 0.968594015 0.244117141
vt 0.659179688 0.729980469
vt 0.660888672 0.740234375
vt 0.621826172 0.732910156
v -0.140502870 0.244978920 0.451293945
vt 0.614257812 0.724853516
vn 0.007861349 0.959085166 0.283008695
v -0.109268129 0.245008484 0.462676972
vt 0.605468750 0.733398438
vn -0.031425029 0.934894681 0.353531599
v -0.186538637 0.245189682 0.452087402
vt 0.632568359 0.719970703
vn 0.000000057 0.734197915 0.678935587
v -0.164611757 0.245258346 0.446228027
vt 0.622314453 0.718750000
vn 0.078613587 0.746828616 0.660353661
v -0.138961732 0.246782318 0.443023682
vt 0.611083984 0.723144531
vn 0.047232509 0.118081003 0.991880059
v -0.118980348 0.244774833 0.443450928
vt 0.603515625 0.725341797
vn -0.316050082 0.924446344 -0.213333771
v -0.184036195 0.257291794 0.449279785
vt 0.630859375 0.714111328
vn 0.133560628 -0.047138948 0.989919007
v -0.164749086 0.260089874 0.449981689
vt 0.621337891 0.710449219
vn 0.047322027 0.268157512 0.962212205
v -0.114364564 0.263580322 0.448699951
vt 0.603759766 0.711425781
vn -0.015810806 0.545475841 0.837977350
v -0.167037904 0.274772644 0.433258057
vt 0.623779297 0.700927734
vn -0.047140449 0.942809105 0.329983145
v -0.133483827 0.281890869 0.425994873
vt 0.609863281 0.697021484
vn -0.007892649 0.978686512 0.205208406
v -0.132339433 0.287372589 0.379241943
vt 0.610595703 0.676757812
vn -0.023579726 0.998206854 0.055019233
v -0.107307389 0.281791687 0.353454560
vt 0.600097656 0.665039062
vn 0.102578640 0.994224131 0.031562611
v -0.132492021 0.286663055 0.334594727
vt 0.610107422 0.657226562
vn -0.015744174 0.999752104 -0.015744168
v -0.110572785 0.280616760 0.272399873
vt 0.599365234 0.631591797
vn 0.039328601 0.998947680 -0.023597237
v -0.154220536 0.282127380 0.335083008
vt 0.619140625 0.657958984
vn -0.055032916 0.998453617 0.007861803
v -0.134002656 0.285320282 0.273742676
vt 0.608154297 0.632568359
vn -0.047139049 0.997775495 -0.047139037
vt 0.603759766 0.615722656
vt 0.614013672 0.623535156
v -0.155303910 0.280239105 0.302581787
vt 0.619384766 0.643066406
vn -0.062836528 0.997529209 -0.031418279
vt 0.633056641 0.614501953
v -0.178649858 0.284164429 0.334564209
vt 0.628906250 0.658447266
vn -0.023612574 0.999597251 0.015741650
v -0.215423539 0.279865265 0.357452393
vt 0.646484375 0.666503906
vt 0.660888672 0.665039062
v -0.214065507 0.280273438 0.330291748
vt 0.645996094 0.654296875
vn -0.000000045 0.999969006 -0.007873815
vt 0.662841797 0.655761719
vt 0.656250000 0.646972656
vt 0.651123047 0.615722656
vt 0.542968750 0.900146484
vt 0.571533203 0.898925781
v -0.206985444 0.099838257 0.191741943
vt 0.565673828 0.917968750
vt 0.607666016 0.898193359
vt 0.515380859 0.917236328
vt 0.221191406 0.968994141
vt 0.218994141 0.972900391
v -0.162674010 0.359130859 -0.438964844
vt 0.200439453 0.957519531
vn 0.000000138 -0.330350369 0.943858385
vt 0.226074219 0.955322266
v -0.181854308 0.405242890 -0.438720703
vt 0.208984375 0.945312500
vn 0.000000131 -0.007873728 0.999969006
v -0.148086607 0.357543945 -0.453735352
vt 0.194335938 0.960937500
vn -0.007854208 -0.824703515 0.565510929
v -0.002408568 0.357269287 -0.439331084
vt 0.155761719 0.945556641
vn 0.000000138 -0.386294097 0.922375739
v -0.003247803 0.355880737 -0.453186065
vt 0.154052734 0.950683594
vn 0.015788782 0.623654008 0.781540990
vt 0.190917969 0.979492188
v -0.193679869 0.416183442 -0.439208984
vt 0.176513672 0.974853516
vn -0.150072262 0.963621795 0.221159056
vt 0.181640625 0.964111328
vt 0.173095703 0.979248047
vt 0.160156250 0.959472656
v -0.142684996 0.420959473 -0.439208984
vt 0.161621094 0.972412109
vn -0.109896012 0.722174287 0.682925522
v 0.000259915 0.424468994 -0.438720733
vt 0.124267578 0.966308594
vn 0.000000130 0.031480499 0.999504447
v -0.022934027 0.441696167 -0.439697295
vt 0.131591797 0.960449219
vn -0.063099802 0.954384506 0.291836560
vt 0.128417969 0.946533203
vt 0.054687500 0.892822266
v -0.180282518 0.086914062 0.466339111
vt 0.052490234 0.919921875
vn 0.000000074 -0.971520424 0.236956254
v -0.189086840 0.090972900 0.472900391
vt 0.049560547 0.915283203
vn 0.000000137 -0.205214798 0.978717029
vt 0.041259766 0.890625000
vt 0.064697266 0.914794922
v -0.069831781 0.094223037 0.473052949
vt 0.043212891 0.961669922
vn 0.000000136 -0.141421303 0.989949524
v -0.124786302 0.087036148 0.466522217
vt 0.051025391 0.940673828
vn 0.000000059 -0.992988288 0.118212938
vt 0.710449219 0.019042969
vt 0.708496094 0.044921875
vt 0.684326172 0.031005859
v -0.215820372 0.350776643 -0.437957764
vt 0.691162109 0.037597656
vn -0.585003138 -0.798450172 -0.142297938
v -0.221572936 0.350425690 -0.434844971
vt 0.689453125 0.037353516
vn -0.481091142 0.867541313 0.126187846
v -0.199935973 0.319717377 -0.430236816
vt 0.697509766 0.044921875
vn -0.645209491 -0.645209491 -0.409157127
v -0.207550108 0.337020844 -0.411621094
vt 0.689941406 0.047119141
vn -0.895723879 0.306431830 0.322146416
v -0.179229796 0.298568696 -0.418151855
vt 0.703857422 0.052001953
vn -0.589073896 -0.754014552 -0.290609688
vt 0.710693359 0.057128906
v -0.198547423 0.309913605 -0.393493652
vt 0.694335938 0.056396484
vn -0.772636235 -0.614955425 -0.157680735
v -0.202072203 0.323509187 -0.387176514
vt 0.689453125 0.055664062
vn -0.714192450 0.604316592 0.353172153
vt 0.701660156 0.062744141
v -0.194732711 0.317207307 -0.365356445
vt 0.688232422 0.062500000
vn -0.970280230 0.078884535 0.228765383
vt 0.705322266 0.611572266
vt 0.712402344 0.582519531
vt 0.744140625 0.646240234
v -0.078498833 0.099868774 0.039272297
vt 0.790771484 0.558837891
vt 0.788330078 0.669921875
vt 0.769287109 0.878173828
vt 0.759033203 0.879638672
v -0.129806578 0.168411225 -0.473754883
vt 0.751953125 0.835693359
vt 0.757080078 0.880126953
vt 0.754394531 0.880126953
vt 0.777832031 0.879882812
vt 0.771972656 0.781738281
v 0.002747715 0.155425996 -0.474700958
vt 0.754150391 0.784423828
vn -0.000000133 0.047191415 -0.998885930
v -0.017774642 0.164421052 -0.474578887
vt 0.748046875 0.791992188
vn 0.047238108 0.346413761 -0.936891794
v -0.015989363 0.167495698 -0.471130401
vt 0.745605469 0.791748047
vn 0.047314432 -0.102514915 -0.993605673
v -0.017849028 0.169906586 -0.474731475
vt 0.743652344 0.792968750
vn -0.000000128 -0.062867567 -0.998021960
vt 0.734130859 0.834716797
v 0.037334383 0.202985749 -0.474639922
vt 0.725830078 0.774658203
vt 0.740722656 0.882812500
vt 0.724365234 0.846435547
vt 0.735839844 0.881591797
vt 0.191406250 0.099609375
v -0.160690367 0.364883423 -0.420318604
vt 0.175537109 0.095947266
vn -0.165673092 0.986149132 -0.007889214
vt 0.193115234 0.091064453
v -0.170867980 0.357696503 -0.393737793
vt 0.179443359 0.104248047
vn -0.504061997 0.787596881 0.354418665
vt 0.192382812 0.108398438
v -0.133636534 0.355270386 -0.439788818
vt 0.168457031 0.087402344
vn -0.007878724 0.984832287 -0.173330531
vt 0.199707031 0.088867188
vt 0.198730469 0.081298828
vt 0.171142578 0.081787109
v -0.140502989 0.361709595 -0.372070312
vt 0.171142578 0.111328125
vn -0.361398995 0.895640969 0.259264529
v -0.172180235 0.345619172 -0.361419678
vt 0.179687500 0.117431641
vn -0.496417105 0.795843244 0.346704036
vt 0.191162109 0.116210938
v -0.101539664 0.364974976 -0.353485137
vt 0.158447266 0.114501953
vn -0.094327509 0.958996296 0.267261237
v -0.082626402 0.371032715 -0.398468047
vt 0.153564453 0.100097656
vn -0.000000064 0.987440705 -0.157990545
v -0.008098658 0.369674683 -0.377532989
vt 0.133056641 0.107421875
vn -0.000000035 0.998021960 0.062867478
v -0.041099612 0.355087280 -0.436553985
vt 0.141601562 0.087890625
vn -0.007852215 0.965813160 -0.259120613
v -0.092651427 0.354476899 -0.439666778
vt 0.156494141 0.086669922
vn 0.007847480 0.988790512 -0.149103373
vt 0.132324219 0.082031250
vt 0.377929688 0.878906250
vt 0.304931641 0.872558594
v -0.087554879 0.099868789 0.381652802
vt 0.354003906 0.784423828
v -0.093574479 0.099884048 0.289154023
vt 0.296630859 0.797119141
vt 0.246093750 0.877197266
v -0.197402999 0.296752900 -0.300476074
vt 0.475341797 0.844726562
vn -0.987317502 0.157970756 -0.015796959
vt 0.464111328 0.853515625
v -0.189025924 0.299095124 -0.267761230
vt 0.460693359 0.845947266
vn -0.315557867 0.694227457 0.646893740
vt 0.486816406 0.850341797
vt 0.476562500 0.857910156
v -0.196197554 0.308059663 -0.340454102
vt 0.488769531 0.834960938
vn -0.990744889 0.133671880 0.023589289
vt 0.499023438 0.847412109
vt 0.509277344 0.847412109
vt 0.512939453 0.841796875
vt 0.496093750 0.829833984
vt 0.436767578 0.834716797
v -0.188659713 0.312042207 -0.310180664
vt 0.474853516 0.836181641
vn -0.612504601 0.769556999 0.180610374
v -0.172164962 0.335624665 -0.349853516
vt 0.484375000 0.818603516
vn -0.511478186 0.802627265 0.306886941
vt 0.489257812 0.814453125
vt 0.465820312 0.791259766
v -0.147903487 0.343605012 -0.323303223
vt 0.467285156 0.814453125
vn -0.401077807 0.880798340 0.251656681
v -0.149780318 0.333488435 -0.299713135
vt 0.458984375 0.820800781
vn -0.306924880 0.826336265 0.472192168
v -0.112983741 0.320762604 -0.275909454
vt 0.436035156 0.815917969
vn -0.055220824 0.520654380 0.851979792
v -0.107666060 0.340980500 -0.298706084
vt 0.446289062 0.804931641
vn -0.047225036 0.857922077 0.511604846
v 0.002243472 0.353813171 -0.319488555
vt 0.444335938 0.753417969
vn 0.007866232 0.912481189 0.409043282
vt 0.467773438 0.744384766
v 0.020002324 0.328834534 -0.283599883
vt 0.426269531 0.757324219
v -0.087028541 0.321044892 -0.276153594
vt 0.425537109 0.808593750
vn -0.007854234 0.565510929 0.824703515
v -0.082748450 0.286838531 -0.268585235
vt 0.417968750 0.824707031
vn -0.031578362 0.805249214 0.592095017
v -0.055213965 0.295600891 -0.267547637
vt 0.408935547 0.818603516
vn -0.063164636 0.797454059 0.600064397
v 0.048984490 0.311767578 -0.270782501
vt 0.377197266 0.814941406
vn 0.000000102 0.409055948 0.912509382
v -0.091896094 0.292480469 -0.236587539
vt 0.409667969 0.835937500
vn -0.086870402 0.971368849 0.221124575
vt 0.428466797 0.843017578
v 0.026479686 0.299293518 -0.246521026
vt 0.377197266 0.827392578
vn 0.031518534 0.969195306 0.244268686
vt 0.408935547 0.844726562
v -0.030679734 0.284832001 -0.224594146
vt 0.386962891 0.846191406
vn -0.031364106 0.940923333 0.337164134
vt 0.394287109 0.856445312
vt 0.379394531 0.861083984
vt 0.263671875 0.702636719
vt 0.329101562 0.708251953
vt 0.220458984 0.761962891
vt 0.370605469 0.755126953
vt 0.143554688 0.843505859
vt 0.108398438 0.885009766
vt 0.085449219 0.822265625
vt 0.113769531 0.763427734
vt 0.378906250 0.980224609
vt 0.374755859 0.983886719
v -0.118003786 0.091735855 0.436035156
vt 0.386962891 0.964355469
vn -0.000000104 -0.386294156 -0.922375739
vt 0.376464844 0.988525391
v -0.061241087 0.087188736 0.441558808
vt 0.403320312 0.951416016
vn 0.000000022 -0.987440705 -0.157990456
vt 0.404785156 0.977783203
v -0.093421876 0.099685684 0.436614960
vt 0.387207031 0.955322266
vn 0.000000026 -0.991020679 -0.133709088
vt 0.347167969 0.988037109
vt 0.365966797 0.935546875
vt 0.531005859 0.061523438
vt 0.468261719 0.061523438
vt 0.471191406 0.048339844
vt 0.842773438 0.422851562
vt 0.817382812 0.403808594
vt 0.805664062 0.388916016
v -0.062160429 0.168136612 0.461029023
vt 0.788818359 0.398925781
vn -0.007870744 0.425025642 0.905147076
vt 0.811767578 0.415283203
v -0.023008281 0.166076690 0.472991914
vt 0.772216797 0.401611328
vn 0.007870945 0.425025642 0.905147076
vt 0.835205078 0.441162109
v 0.013491696 0.161369354 0.472869843
vt 0.758056641 0.400634766
vn 0.000000120 0.197636232 0.980275512
vt 0.740234375 0.407958984
v -0.001432594 0.168125167 0.464752167
vt 0.761230469 0.396972656
vn 0.023695754 -0.521303594 0.853042305
v -0.017377788 0.169803649 0.473236054
vt 0.769042969 0.394531250
vn 0.000000137 -0.418557346 0.908190489
v 0.013913219 0.170986205 0.473266572
vt 0.755126953 0.394531250
vn 0.000000138 -0.236956164 0.971520424
v -0.006173547 0.202571884 0.473205537
vt 0.765869141 0.385986328
vt 0.826416016 0.326416016
vt 0.791503906 0.324951172
v 0.003507676 0.238540664 0.473236054
vt 0.752441406 0.375976562
vn 0.000000122 0.173335910 0.984862804
v -0.103851378 0.280147523 -0.414581329
vt 0.962158203 0.043212891
vn -0.094723500 -0.442042559 -0.891978681
vt 0.957275391 0.027343750
vt 0.967041016 0.023193359
vt 0.953125000 0.033447266
v -0.090370238 0.301055878 -0.440002471
vt 0.971923828 0.042480469
vn -0.047169477 -0.880498767 0.471695840
vt 0.981201172 0.020996094
v -0.021171629 0.274143189 -0.440612823
vt 0.992675781 0.053955078
vn 0.000000102 0.402474195 0.915431440
v -0.063613951 0.273639649 -0.428039581
vt 0.993164062 0.043701172
vn -0.000000069 0.980580688 -0.196116164
vt 0.987792969 0.024169922
vt 0.066162109 0.012451172
v -0.115043581 0.258911133 0.450042725
vt 0.069824219 0.005126953
vn -0.062978335 0.110212356 0.991910815
vt 0.074951172 0.008300781
v -0.098777711 0.247537628 0.443572968
vt 0.060546875 0.004150391
vn -0.125874907 -0.039335910 0.991266012
vt 0.055908203 0.013183594
vt 0.043945312 0.007324219
v -0.096191347 0.244150177 0.448120087
vt 0.063720703 0.020751953
vn 0.431336075 0.823459804 0.368596196
vt 0.010742188 0.296386719
vt 0.010253906 0.303955078
vt 0.008056641 0.304443359
vt 0.001220703 0.296142578
vt 0.001708984 0.294433594
vt 0.018798828 0.293945312
vt 0.762695312 0.326660156
vt 0.715087891 0.261230469
v -0.023883784 0.099853531 0.221511811
vt 0.808105469 0.299804688
vt 0.802001953 0.196777344
v -0.097541757 0.277107239 0.435394257
vt 0.450439453 0.458496094
vn 0.007895592 0.931679010 0.363196880
vt 0.484619141 0.451171875
vt 0.460205078 0.466796875
v -0.073677018 0.280754089 0.383331269
vt 0.469970703 0.438476562
vn -0.078436837 0.996147394 0.039218366
v -0.048736520 0.280704498 0.423461884
vt 0.450927734 0.436279297
vn -0.055220943 0.993976474 0.094664380
v -0.088478044 0.282039642 0.332611054
vt 0.492187500 0.440429688
vn -0.000000043 0.999969006 0.007873728
vt 0.518066406 0.443603516
v -0.050426438 0.287166595 0.360595673
vt 0.477783203 0.420654297
vn -0.007873815 0.999969006 -0.000000043
v -0.023496574 0.278739959 0.432434052
vt 0.439453125 0.430664062
vn 0.031450260 0.974958539 0.220151886
v 0.022300778 0.263603240 0.449401826
vt 0.414794922 0.423828125
vn 0.000000084 0.560150206 0.828391075
v 0.033298548 0.282264739 0.430206269
vt 0.420166016 0.411865234
vn 0.015734371 0.967664421 0.251750052
v -0.064758241 0.259849578 0.449890107
vt 0.429931641 0.459960938
vn -0.047173850 0.424565613 0.904167414
v -0.072479211 0.280632019 0.322998017
vt 0.492675781 0.432373047
vn -0.031476598 0.999380589 -0.015738316
vt 0.498046875 0.414794922
v -0.067199677 0.283096313 0.263214082
vt 0.517578125 0.424316406
vn 0.015745549 0.999845147 -0.007872842
vt 0.536865234 0.412841797
vt 0.535400391 0.444335938
v -0.017915668 0.259475738 0.450469941
vt 0.419921875 0.441162109
vn 0.000000134 -0.070688814 0.997498453
v 0.016178189 0.247039810 0.448699921
vt 0.409912109 0.425781250
vn 0.000000056 0.737805486 0.675013483
v -0.025978031 0.245624557 0.448242158
vt 0.410156250 0.448974609
vn -0.031609904 0.837663352 0.545271337
v 0.001407564 0.245475784 0.465270966
vt 0.403808594 0.436279297
vn -0.007878664 0.961196363 0.275752991
v -0.040153444 0.257127792 0.449310273
vt 0.423828125 0.450439453
vn -0.007895447 -0.363196880 0.931679010
vt 0.380371094 0.463134766
vt 0.401611328 0.433837891
vt 0.360107422 0.471191406
v -0.065078676 0.246349350 0.449554414
vt 0.426025391 0.459716797
vn -0.015734389 0.967664421 0.251750052
v -0.076782167 0.244370475 0.444030732
vt 0.426757812 0.463378906
v -0.064758241 0.253595352 0.446197480
vt 0.430419922 0.461425781
vn -0.047349803 0.434040815 0.899648130
v -0.062591493 0.245291725 0.445587128
vt 0.430419922 0.463867188
vn 0.031465933 0.471987635 0.881043553
vt 0.043212891 0.695800781
vt 0.052490234 0.688232422
v -0.030933317 0.091583267 0.436096162
vt 0.075927734 0.688720703
vn 0.007885403 -0.323306084 -0.946261644
vt 0.066162109 0.697265625
v 0.001303022 0.087326065 0.441802949
vt 0.087890625 0.687744141
vn 0.000000014 -0.975441039 -0.220260844
v -0.000105616 0.093963638 0.436706513
vt 0.087158203 0.684082031
vn -0.007860003 -0.353695393 -0.935327649
v 0.013575617 0.091995254 0.435699433
vt 0.093261719 0.686035156
vn -0.015777035 -0.165657640 -0.986057103
v -0.000687536 0.099761978 0.437042207
vt 0.086914062 0.680908203
vn 0.000000030 -0.994719684 -0.102629758
vt 0.049804688 0.657714844
v 0.032054957 0.099884048 0.378784150
vt 0.098876953 0.652343750
vt 0.041259766 0.619384766
vt 0.943847656 0.550537109
vt 0.955810547 0.550537109
vt 0.941162109 0.578125000
v -0.091712892 0.259996444 0.449615449
vt 0.954101562 0.533203125
vn -0.023592710 0.408942103 0.912255406
vt 0.976074219 0.531738281
v -0.086585939 0.253086090 0.443939179
vt 0.959472656 0.529296875
vn -0.015789555 -0.363162905 0.931591868
v -0.085731447 0.256795913 0.449981660
vt 0.955078125 0.529785156
vn 0.785650074 0.400681555 0.471389890
vt 0.946044922 0.519775391
vt 0.942382812 0.547851562
vt 0.944580078 0.521728516
v -0.090736330 0.256233215 0.447174042
vt 0.952880859 0.532470703
vn 0.071109153 -0.813803494 0.576773405
vt 0.948242188 0.527832031
vt 0.948486328 0.527832031
vt 0.707763672 0.540039062
vt 0.731689453 0.529052734
v -0.053058557 0.087066665 0.466522187
vt 0.711669922 0.549560547
vn 0.000000060 -0.992033720 0.125972584
vt 0.726318359 0.555908203
vt 0.712890625 0.568847656
v 0.029993122 0.087173477 0.454132050
vt 0.703613281 0.581054688
vn 0.000000042 -0.999876022 -0.015746037
v 0.001684376 0.086425796 0.468292207
vt 0.702636719 0.570312500
vn 0.000000100 -0.881479979 0.472221464
v 0.003309795 0.094573990 0.472991914
vt 0.699462891 0.570556641
vn 0.000000135 -0.118212849 0.992988288
v 0.045612402 0.087203994 0.468048066
vt 0.696533203 0.586181641
vn 0.007872172 -0.834438682 0.551044464
vt 0.687500000 0.578857422
vt 0.688232422 0.471679688
vt 0.051513672 0.138183594
vt 0.062500000 0.124023438
vt 0.051025391 0.154785156
v -0.026609479 0.279235810 -0.418945342
vt 0.062988281 0.107910156
vn -0.007870208 -0.472206861 -0.881452739
vt 0.041015625 0.127685547
vt 0.029052734 0.846191406
vt 0.034179688 0.855712891
vt 0.027832031 0.851562500
vt 0.021240234 0.849121094
vt 0.035400391 0.850341797
vt 0.040039062 0.863037109
vt 0.013916016 0.848388672
vt 0.031250000 0.839355469
vt 0.039794922 0.825439453
vt 0.033691406 0.839355469
vt 0.187988281 0.792480469
v 0.085632302 0.099838242 -0.206817672
vt 0.241943359 0.889892578
vt 0.118164062 0.893798828
vt 0.240234375 0.846435547
vt 0.008789062 0.483154297
vt 0.011962891 0.481933594
vt 0.011962891 0.492187500
vt 0.005615234 0.484130859
vt 0.005126953 0.482177734
vt 0.006591797 0.358886719
vt 0.010742188 0.361816406
vt 0.002197266 0.359375000
vt 0.017822266 0.370117188
vt 0.009033203 0.375244141
vt 0.000976562 0.370605469
vt 0.060302734 0.937011719
v -0.007590356 0.236580357 -0.474884063
vt 0.063720703 0.933593750
vn 0.031582206 0.157911658 -0.986948133
vt 0.063476562 0.956542969
vt 0.440917969 0.211669922
v -0.032165486 0.282600403 0.335876435
vt 0.447998047 0.200439453
vn 0.062859714 0.997898698 0.015714889
vt 0.466064453 0.201171875
vt 0.409912109 0.199707031
v -0.003543807 0.280944824 0.375976533
vt 0.432373047 0.184570312
vt 0.406494141 0.179199219
v -0.007843930 0.285041809 0.328094453
vt 0.452392578 0.189697266
vn 0.015728503 0.998762369 0.047185574
v 0.018425025 0.280212402 0.296417207
vt 0.464599609 0.178710938
v -0.006762951 0.289371490 0.254760712
vt 0.482666016 0.187011719
vn 0.023608834 0.999442518 -0.023608925
vt 0.515625000 0.192626953
vt 0.120117188 0.378173828
vt 0.124755859 0.389160156
vt 0.107910156 0.408203125
v 0.107543908 0.324119568 -0.277465850
vt 0.134765625 0.365234375
vn 0.039214838 0.737237930 0.674494207
vt 0.137695312 0.398193359
v 0.109687753 0.357589722 -0.334320098
vt 0.156738281 0.369873047
vn 0.102397144 0.929450929 0.354451597
v 0.062557183 0.296936035 -0.267181426
vt 0.118164062 0.374511719
vn 0.055022717 0.833200574 0.550226688
vt 0.094726562 0.395751953
vt 0.107910156 0.379150391
vt 0.091064453 0.375976562
vt 0.088378906 0.383300781
v 0.049720731 0.283836365 -0.237548858
vt 0.108886719 0.372558594
vn 0.070636578 0.965366781 0.251152307
v 0.082496613 0.283626556 -0.212509200
vt 0.107177734 0.364746094
vn 0.062772565 0.996515274 -0.054926090
v 0.100181542 0.289302826 -0.267517120
vt 0.123779297 0.360351562
vn 0.094359614 0.802056313 0.589747310
v 0.155563310 0.314918518 -0.273132384
vt 0.140625000 0.349121094
vn 0.196752906 0.724050462 0.661089480
v 0.139175370 0.290195465 -0.267578185
vt 0.130859375 0.348876953
vn -0.039497595 0.821550727 0.568765819
v 0.144256562 0.278160095 -0.239471480
vt 0.123046875 0.346191406
vn 0.015693612 0.988699138 0.149089515
v 0.203109697 0.288249969 -0.266418517
vt 0.143066406 0.331298828
vn 0.331232756 0.906946838 0.260254234
v 0.175201371 0.328285217 -0.318084776
vt 0.158447266 0.346679688
vn 0.473322183 0.828313828 0.299770623
v 0.162109330 0.346176147 -0.355438292
vt 0.168212891 0.353515625
vn 0.505632699 0.829553723 0.237015247
v 0.133453310 0.363891602 -0.372283995
vt 0.169189453 0.364257812
vn 0.347048938 0.891284823 0.291836530
v 0.195587113 0.307876587 -0.336425841
vt 0.165771484 0.336669922
vn 0.982062519 0.188556045 -0.000000137
v 0.194717363 0.274040222 -0.287445128
vt 0.149658203 0.324951172
vn 0.392003119 0.878087163 -0.274402320
v 0.177444413 0.277252197 -0.359039366
vt 0.172607422 0.324707031
vn 0.881452739 0.472206861 -0.007870249
v 0.200179994 0.322555542 -0.378631651
vt 0.181152344 0.343505859
vn 0.894895673 0.345398366 0.282598466
v 0.178024232 0.283771515 -0.388580382
vt 0.183349609 0.327392578
vn 0.881043553 0.471987635 0.031465702
v 0.198196352 0.308853149 -0.396453917
vt 0.187011719 0.336181641
vn 0.765251815 -0.607467890 -0.213008314
v 0.206710756 0.335136414 -0.410308897
vt 0.192138672 0.341552734
vn 0.903469682 0.322106600 0.282825172
v 0.160247743 0.286064148 -0.408477843
vt 0.193603516 0.326171875
vn 0.369746417 0.039334711 -0.928299844
v 0.175781190 0.299415588 -0.424285948
vt 0.197753906 0.328613281
vn 0.465549350 -0.757504106 -0.457658738
v 0.223083436 0.347351074 -0.429473937
vt 0.201416016 0.340332031
vn 0.988547087 -0.149066582 0.023536714
v 0.093688905 0.288337708 -0.428131133
vt 0.204345703 0.306152344
vn 0.071104541 -0.758449078 -0.647841871
v 0.095619142 0.280109406 -0.414245635
vt 0.199951172 0.305908203
vn 0.047321774 0.362801284 -0.930664241
v 0.173339784 0.313087463 -0.439148009
vt 0.204345703 0.325683594
vn 0.117945954 -0.353837430 0.927840412
v 0.215255678 0.353248596 -0.437622130
vt 0.204833984 0.339355469
vn 0.125953004 0.984008074 0.125952974
v 0.068633974 0.300491303 -0.440185577
vt 0.211181641 0.298095703
vn 0.015779490 -0.741630375 0.670623243
v 0.245635927 0.353363037 -0.438537657
vt 0.212158203 0.340576172
vn 0.086643852 0.086643778 0.992464483
v 0.150283754 0.273906708 -0.440460265
vt 0.215576172 0.313476562
v 0.244979799 0.318267822 -0.438964903
vt 0.219482422 0.333984375
vn -0.118198074 -0.015759723 0.992864966
v 0.244827211 0.310974121 -0.430450499
vt 0.223876953 0.333007812
vn -0.409043133 -0.007866194 0.912481129
v 0.245361269 0.275356293 -0.439941466
vt 0.225341797 0.325439453
vn -0.102320865 0.259737879 0.960243046
v 0.193466127 0.274475098 -0.423553526
vt 0.227783203 0.317138672
vn 0.007902898 0.956260383 -0.292410225
v 0.248413026 0.272987366 -0.430267394
vt 0.228515625 0.325927734
vn -0.126392439 0.987440705 0.094794281
vt 0.968017578 0.258056641
vt 0.983642578 0.240966797
vt 0.970458984 0.277343750
vt 0.987548828 0.264160156
vt 0.968505859 0.222167969
v 0.066146791 0.274002075 -0.427124053
vt 0.962158203 0.239746094
vn -0.000000071 0.977105200 -0.212756827
vt 0.990966797 0.238769531
vt 0.995117188 0.239746094
vt 0.900146484 0.393798828
v -0.000414253 0.370010376 -0.412445098
vt 0.892333984 0.398193359
vn -0.000000075 0.967784166 -0.251781255
vt 0.880859375 0.391601562
v 0.004247132 0.369186401 -0.381591827
vt 0.900634766 0.397460938
vn 0.007873014 0.992003083 0.125968605
vt 0.915283203 0.387695312
v 0.031286176 0.354667634 -0.434967071
vt 0.887939453 0.409179688
vn 0.007861274 0.959085166 -0.283008754
vt 0.926025391 0.417724609
vt 0.879394531 0.403320312
v 0.110191286 0.371200562 -0.395629913
vt 0.908203125 0.424560547
vn 0.039338343 0.999195039 -0.007867726
v 0.049087465 0.369476318 -0.408966094
vt 0.897949219 0.410888672
vn -0.047143444 0.950724483 -0.306431890
vt 0.916992188 0.427978516
v 0.084648073 0.354621857 -0.439758331
vt 0.892822266 0.423095703
vn 0.007866145 0.975410879 -0.220254108
v 0.171050966 0.358764648 -0.396301329
vt 0.914062500 0.439697266
vn 0.424710006 0.857285023 0.291004926
vt 0.924804688 0.447753906
vt 0.915039062 0.451416016
v 0.166061342 0.363555908 -0.424285948
vt 0.905761719 0.441894531
vn 0.180760831 0.982396007 -0.047155075
vt 0.908691406 0.456787109
vt 0.904541016 0.455810547
v 0.110282838 0.355239868 -0.438507110
vt 0.895751953 0.430175781
v 0.106620722 0.357147217 -0.453857452
vt 0.889160156 0.430419922
vn -0.015757225 0.512112796 0.858773649
v 0.171096742 0.356964111 -0.452880919
vt 0.894287109 0.446289062
vn 0.015738789 0.881370842 0.472162932
v 0.160446107 0.358749390 -0.439300597
vt 0.887695312 0.445312500
vn 0.000000138 -0.244390115 0.969677091
vt 0.875244141 0.404296875
v 0.245681703 0.357406616 -0.453552306
vt 0.900878906 0.463623047
vn -0.102508359 -0.654477239 0.749100506
vt 0.905029297 0.465332031
v 0.245162904 0.359436035 -0.439178526
vt 0.897216797 0.466552734
vn -0.141859740 -0.157622039 0.977256954
vt 0.903808594 0.475341797
vt 0.534179688 0.601074219
vt 0.528320312 0.617187500
v -0.000138667 0.095535263 -0.474578887
vt 0.525878906 0.602539062
vn -0.000000126 -0.094809145 -0.995495498
vt 0.525390625 0.598144531
v 0.010971967 0.086669907 -0.471984893
vt 0.516357422 0.598632812
vt 0.516357422 0.587402344
v 0.049438421 0.093612656 -0.474456817
vt 0.503173828 0.604736328
vn -0.000000126 -0.110431567 -0.993883729
v 0.125717103 0.086975083 -0.467590392
vt 0.473876953 0.597656250
vn 0.007844421 -0.980550528 -0.196110055
v 0.109977663 0.093856797 -0.474548370
vt 0.478515625 0.603271484
vn 0.007856136 -0.188550219 -0.982032180
v 0.131332338 0.123992905 -0.474762022
vt 0.468261719 0.618164062
v 0.088493288 0.166343674 -0.474212676
vt 0.496093750 0.641357422
v 0.244140565 0.146087632 -0.474670470
vt 0.455810547 0.652832031
vn -0.102629930 -0.000000048 -0.994719684
vt 0.531250000 0.628662109
v 0.131759584 0.097427353 -0.474487364
vt 0.467529297 0.604492188
vn -0.000000114 -0.275761604 -0.961226106
v 0.191406190 0.090682983 -0.474151671
vt 0.442626953 0.604980469
vn -0.007889315 -0.165673092 -0.986149132
v 0.244338930 0.118423447 -0.474517882
vt 0.426025391 0.621337891
vn -0.078494914 -0.007849525 -0.996883690
v 0.017579973 0.167579621 -0.471405059
vt 0.525878906 0.635986328
vn -0.047155142 0.039295793 -0.998114347
v 0.002239883 0.173942536 -0.473999053
vt 0.532958984 0.637939453
vn -0.000000125 -0.125972584 -0.992033720
vt 0.512207031 0.651123047
v 0.001252891 0.160240144 -0.470062286
vt 0.531738281 0.631835938
vn 0.039295707 0.133605808 -0.990255177
vt 0.537597656 0.636230469
v 0.178665102 0.087127686 -0.467987120
vt 0.447509766 0.599609375
vn -0.007895578 -0.963261306 -0.268449813
v 0.244064271 0.087951660 -0.467559874
vt 0.421875000 0.604492188
vn -0.875047266 -0.480881870 -0.055183023
v 0.244338930 0.091903687 -0.474762022
vt 0.421630859 0.607421875
vn -0.212796539 -0.212796479 -0.953643203
v 0.191085756 0.087432861 -0.445953429
vt 0.439697266 0.588134766
vn 0.000000055 -0.996270061 0.086291149
v 0.244186357 0.087722778 -0.441040099
vt 0.421386719 0.589599609
vn -0.557656527 -0.824703515 0.094251938
v 0.198821977 0.091186523 -0.438110411
vt 0.437500000 0.583984375
vn -0.047354184 -0.449866027 0.891839743
v 0.124786325 0.087509140 -0.443878233
vt 0.468017578 0.584960938
vn 0.000000068 -0.982062519 0.188556045
v 0.165313676 0.090530381 -0.440155089
vt 0.450683594 0.582763672
vn 0.007870249 -0.472206801 0.881452739
v 0.185989335 0.099853516 -0.438079894
vt 0.441650391 0.576904297
vn 0.000000062 -0.989949524 0.141421393
v 0.242126420 0.099746704 -0.437469542
vt 0.421630859 0.586669922
vn -0.181327283 -0.961823404 0.204978824
v 0.106986947 0.099807724 -0.437591583
vt 0.475341797 0.575195312
v 0.240982011 0.099975586 -0.358490050
vt 0.422119141 0.532470703
vn -0.110431477 -0.993883729 0.000000058
v 0.111434884 0.091918930 -0.437805206
vt 0.473876953 0.580078125
vn 0.007889328 -0.560132682 0.828365386
v 0.192932084 0.099838257 -0.342987120
vt 0.446289062 0.523925781
v 0.053729959 0.087051377 -0.444580108
vt 0.501464844 0.583007812
vn 0.000000065 -0.986179948 0.165678278
v 0.048103280 0.091430649 -0.437835723
vt 0.502929688 0.577636719
vt 0.524169922 0.578613281
vt 0.537597656 0.578857422
v 0.005415388 0.093841538 -0.437683135
vt 0.521972656 0.573974609
vt 0.529052734 0.571289062
vt 0.527343750 0.569824219
vt 0.532470703 0.487792969
vt 0.494384766 0.455078125
vt 0.072021484 0.957031250
vt 0.072021484 0.874267578
v 0.083900467 0.099838257 0.076606721
vt 0.135009766 0.910156250
vt 0.450927734 0.272216797
vt 0.475341797 0.269042969
vt 0.488037109 0.270507812
vt 0.476318359 0.272705078
vt 0.441162109 0.275146484
vt 0.415283203 0.263427734
vt 0.427978516 0.258300781
vt 0.423095703 0.275878906
v 0.230712831 0.283679962 -0.402343810
vt 0.403320312 0.265869141
vn 0.102616973 0.994595706 -0.015787289
vt 0.401123047 0.255615234
vt 0.415771484 0.279052734
v 0.267761171 0.270969391 -0.429870665
vt 0.395996094 0.253662109
vn 0.339288205 0.299836069 0.891617596
vt 0.408935547 0.285400391
v 0.262969911 0.276565552 -0.372131407
vt 0.390380859 0.268066406
vn 0.434514582 0.900630236 0.007900169
v 0.276580751 0.251962662 -0.397613585
vt 0.386962891 0.257324219
vn 0.960957706 0.275684595 -0.023630245
v 0.211105302 0.272045135 -0.374694884
vt 0.402587891 0.276611328
vn -0.007849512 0.996883690 0.078494735
v 0.211730912 0.275127411 -0.337768614
vt 0.396484375 0.285156250
vn -0.039320182 0.998731434 -0.031456150
vt 0.391357422 0.299560547
v 0.241409257 0.280418396 -0.331115782
vt 0.388427734 0.281738281
v 0.276122987 0.246690750 -0.372345030
vt 0.382080078 0.264160156
vn 0.998762369 0.047185667 -0.015728673
v 0.277893007 0.254360199 -0.345947325
vt 0.380371094 0.270751953
vn 0.969195187 0.244268745 -0.031518679
v 0.264617860 0.274963379 -0.337371886
vt 0.384277344 0.276611328
vn 0.670706630 0.741722763 -0.000000120
v 0.277801484 0.251365662 -0.302093565
vt 0.372070312 0.281494141
vn 0.973605216 0.227698043 -0.015703447
v 0.263763398 0.276695251 -0.285339415
vt 0.375732422 0.290039062
vn 0.322096556 0.934865773 -0.149264380
v 0.270294160 0.275775909 -0.266906798
vt 0.371093750 0.292480469
vn 0.858454049 0.511922181 -0.031503033
v 0.277160615 0.242760658 -0.284240782
vt 0.367187500 0.283691406
vn 0.999690175 0.023614772 -0.007871708
v 0.245849565 0.291519165 -0.277496397
vt 0.375976562 0.297363281
vn 0.189064249 0.921688557 -0.338740289
vt 0.385498047 0.305664062
vt 0.019775391 0.306396484
vt 0.015136719 0.303222656
vt 0.016357422 0.302246094
vt 0.021972656 0.302978516
vt 0.016357422 0.301025391
vt 0.034912109 0.301025391
vt 0.058105469 0.826660156
vt 0.061035156 0.825439453
v 0.000231644 0.236307129 -0.469635040
vt 0.059326172 0.829589844
vn -0.063166782 0.078958265 -0.994874716
vt 0.065917969 0.828369141
v 0.015005049 0.242446885 -0.472625762
vt 0.057861328 0.835449219
vn -0.007867810 0.039338343 -0.999195039
vt 0.043212891 0.833740234
vt 0.061279297 0.814697266
v 0.158386171 0.219074234 -0.474731505
vt 0.045166016 0.864257812
vn -0.007873659 0.007873484 -0.999938011
v 0.084884584 0.257642716 -0.471954376
vt 0.063964844 0.853271484
vn 0.007899157 -0.157985613 -0.987409830
vt 0.065185547 0.855957031
v 0.080001771 0.242816910 -0.472534209
vt 0.057128906 0.849853516
vn 0.015703173 0.227697954 -0.973605216
v 0.139404237 0.242202744 -0.474884093
vt 0.054687500 0.862304688
vn -0.000000137 0.165678173 -0.986179948
v 0.180343568 0.233445391 -0.475097716
vt 0.047119141 0.869873047
vn 0.007887586 0.110428050 -0.993852854
v 0.143814027 0.245186791 -0.470275939
vt 0.056396484 0.863769531
vn 0.015738145 0.031476509 -0.999380589
v 0.244171083 0.257736206 -0.471069396
vt 0.050781250 0.885498047
vn -0.086716510 -0.228615984 -0.969646931
v 0.244491518 0.258378983 -0.474853575
vt 0.051757812 0.886718750
vn -0.354045630 -0.165221289 -0.920518160
v 0.169723451 0.238304123 -0.469757140
vt 0.050781250 0.868652344
vn -0.023644187 0.386186093 -0.922117889
v 0.192230165 0.244064316 -0.473510802
vt 0.048583984 0.873535156
vn -0.015711198 0.188532680 -0.981941283
vt 0.965576172 0.638427734
vt 0.927490234 0.690917969
v 0.092659041 0.099884048 0.285461396
vt 0.926513672 0.612792969
vt 0.212158203 0.490722656
vt 0.209960938 0.466796875
vt 0.231689453 0.474609375
v 0.027763393 0.278144836 0.217758149
vt 0.221923828 0.506103516
vn -0.000000036 0.998484433 0.055034529
vt 0.240966797 0.495361328
v 0.054439567 0.291088104 0.200836152
vt 0.207031250 0.504150391
vn -0.220465586 0.873988688 0.433057457
v 0.089370757 0.279792786 0.234115556
vt 0.197998047 0.525146484
vn -0.094585016 0.977378368 0.189169973
v 0.108940154 0.292594910 0.229324296
vt 0.187011719 0.523925781
vn -0.236838013 0.884195268 0.402624607
v 0.077583335 0.300109863 0.191726640
vt 0.195800781 0.504150391
vn 0.015711484 0.989827394 -0.141403943
v 0.135986358 0.295364380 0.229232743
vt 0.173828125 0.521728516
vn 0.047379393 0.979174554 0.197414175
v 0.145874053 0.292037964 0.210601762
vt 0.167480469 0.515869141
vn 0.118194491 0.984954536 -0.126074240
v 0.171264678 0.288608581 0.242736757
vt 0.161376953 0.532714844
vn -0.000000019 0.983490050 0.180962130
v 0.211166412 0.288642913 0.237701356
vt 0.141601562 0.529785156
vn 0.094782427 0.995215952 -0.023695674
v 0.117614768 0.288337708 0.185928300
vt 0.177978516 0.502197266
vn 0.102156468 0.880118132 -0.463633657
v 0.160293609 0.288730621 0.196990922
vt 0.159423828 0.510742188
vn 0.141767383 0.952992380 -0.267783016
v 0.205871612 0.284362823 0.215393007
vt 0.140869141 0.520751953
vn -0.015787289 0.994595706 -0.102617063
v 0.230163604 0.285026580 0.241195619
vt 0.133300781 0.532958984
vn 0.039442256 0.993945599 0.102549881
v 0.164871231 0.280006409 0.179885820
vt 0.156250000 0.502929688
vn 0.023657218 0.993605554 -0.110400662
v 0.050991081 0.286113739 0.175903291
vt 0.203857422 0.489501953
vn 0.047321822 0.930664241 -0.362801343
v 0.214889556 0.289875060 0.197372377
vt 0.133056641 0.515136719
vn -0.110154346 0.991388738 0.070813447
v 0.237121612 0.288871795 0.221725404
vt 0.126464844 0.528320312
vn 0.180604726 0.981547654 0.062818982
v 0.043067951 0.279735565 0.154739350
vt 0.205322266 0.477050781
vn -0.086458929 0.982487082 -0.165057853
v 0.094703697 0.280261993 0.167083696
vt 0.184814453 0.490966797
vn 0.086751387 0.993698299 -0.070978507
v 0.072196975 0.288345337 0.138931230
vt 0.191162109 0.474609375
vn 0.015728490 0.998762369 -0.047185671
v 0.069335945 0.280502319 0.101463281
vt 0.187011719 0.456542969
vn 0.015804481 0.940366328 0.339796185
vt 0.199951172 0.453369141
v 0.099555977 0.279811859 0.095581010
vt 0.173828125 0.458496094
vn 0.094593801 0.985352337 0.141890660
v 0.123847976 0.281326294 0.128082231
vt 0.166503906 0.475830078
v 0.167221084 0.280143738 0.121803232
vt 0.147460938 0.479980469
vn -0.235310450 0.964772701 0.117655195
v 0.063270576 0.300529480 0.097572289
vt 0.187011719 0.447021484
vn 0.000000024 0.878195107 0.478302658
vt 0.211181641 0.441406250
vt 0.208984375 0.428710938
v 0.108551033 0.295349121 0.093284562
vt 0.167236328 0.450927734
vn 0.102308370 0.598110139 0.794856787
v 0.097213753 0.308601379 0.070365861
vt 0.169677734 0.437500000
vn -0.063125387 0.994224012 -0.086797372
v 0.151412979 0.279685974 0.089660592
vt 0.152343750 0.464599609
vn -0.047446024 0.917289972 0.395383596
v 0.169693008 0.293556213 0.086227365
vt 0.140869141 0.461914062
vn -0.188835919 0.818289101 0.542903304
v 0.186004639 0.304450989 0.074043222
vt 0.131835938 0.456787109
vn 0.125797242 0.872718215 0.471739531
v 0.183502212 0.296302795 0.115570016
vt 0.135986328 0.477539062
vn -0.533863187 0.785092890 0.314037204
vt 0.186767578 0.420410156
vt 0.212890625 0.420166016
v 0.106758125 0.297149658 0.054187726
vt 0.162353516 0.429687500
vn -0.094345085 0.904139459 -0.416690379
v 0.196762100 0.298957825 0.124893136
vt 0.130126953 0.482177734
vn 0.015733855 0.999102235 0.039334685
v 0.212722793 0.288570404 0.172180116
vt 0.132080078 0.504394531
vn -0.299509883 0.930056930 0.212809637
v 0.189819351 0.282238007 0.165878236
vt 0.142089844 0.500000000
vn -0.196061894 0.980309248 0.023527406
v 0.186630264 0.292716980 0.082458444
vt 0.128662109 0.463134766
vn 0.433689743 0.891035318 0.134049460
v 0.240280166 0.292266876 0.161361635
vt 0.117919922 0.502197266
vn 0.260814518 0.964223564 0.047420755
v 0.224105850 0.293907166 0.141906679
vt 0.120361328 0.490234375
vn 0.433811098 0.843959987 -0.315499127
v 0.252960205 0.278720856 0.072578371
vt 0.099365234 0.460937500
vn 0.385862738 0.708727419 0.590606034
v 0.219451919 0.281307220 0.111808717
vt 0.116210938 0.478515625
vn 0.313785791 0.917823613 -0.243184119
v 0.205703750 0.278217316 0.078254640
vt 0.116455078 0.466064453
vn 0.133605808 0.990255177 0.039295778
v 0.249832168 0.282684356 0.145812929
vt 0.109619141 0.496093750
vn 0.337475508 0.933944046 -0.117724128
v 0.243576065 0.283592224 0.107528627
vt 0.106933594 0.479003906
vn -0.000000052 0.998021960 -0.062867567
v 0.256683350 0.279331207 0.080436639
vt 0.098632812 0.468017578
vn 0.291836560 0.954384625 -0.063099891
v 0.271575928 0.270721436 0.093627863
vt 0.093505859 0.478027344
vn 0.817252517 0.573648512 0.055007249
v 0.270721465 0.271541625 0.150680482
vt 0.100585938 0.501708984
vn 0.628442347 0.777697504 -0.015711175
v 0.274871856 0.264213592 0.129150331
vt 0.093017578 0.495605469
vn 0.954058111 0.299621582 -0.000000138
v 0.280212432 0.254018813 0.149566591
vt 0.093261719 0.504150391
vn 0.969677091 0.244390205 -0.000000138
v 0.275512725 0.260425597 0.163253725
vt 0.097412109 0.508544922
vn 0.951517940 0.306687623 -0.023591492
v 0.269989043 0.272842437 0.184707582
vt 0.105712891 0.517089844
vn 0.619822383 0.784585357 0.015691591
v 0.279724151 0.259885818 0.182693422
vt 0.098632812 0.518554688
vn 0.973695278 0.227719098 -0.007852519
v 0.276733428 0.264141113 0.199157655
vt 0.102539062 0.524902344
vn 0.889405429 0.456508994 -0.023612671
v 0.282653838 0.222504154 0.196594179
vt 0.087158203 0.530761719
vn 0.991757095 0.125937447 -0.023613401
v 0.286407501 0.240502372 0.218871996
vt 0.093505859 0.534423828
vn 0.981547654 0.180604801 -0.062819183
v 0.272888213 0.269336730 0.253356874
vt 0.105712891 0.548339844
vn 0.808296978 0.588565886 0.015694955
v 0.277862579 0.254756957 0.241439760
vt 0.099609375 0.544189453
vn 0.979510665 0.181683481 0.086891942
v 0.262634307 0.278755218 0.229400575
vt 0.114746094 0.534179688
vn 0.506265104 0.862232924 0.015820684
v 0.262725860 0.277446777 0.205276430
vt 0.111572266 0.524658203
vn 0.550993204 0.834361315 -0.015742775
v 0.243179351 0.286251098 0.193374574
vt 0.119873047 0.517333984
vn 0.323065042 0.945556402 0.039398100
v 0.254699737 0.279315978 0.260253847
vt 0.116210938 0.543212891
vn 0.251586586 0.967036128 0.039310336
vt 0.685546875 0.086914062
vt 0.709472656 0.070068359
vt 0.751708984 0.084716797
vt 0.238769531 0.327148438
vt 0.252929688 0.341552734
vt 0.233642578 0.335205078
v 0.050746892 0.299316406 -0.170791656
vt 0.243896484 0.356933594
vn 0.039261870 0.997252405 0.062818997
v 0.020927401 0.296722412 -0.194274932
vt 0.230712891 0.348876953
vn 0.063036986 0.874639630 -0.480657876
vt 0.220458984 0.343505859
v 0.052101105 0.283832550 -0.196441680
vt 0.231445312 0.361083984
vn 0.031430770 0.958640933 -0.282877654
vt 0.215820312 0.365478516
vt 0.229248047 0.374755859
vt 0.231933594 0.403564453
vt 0.209472656 0.389892578
v 0.102287263 0.295974731 -0.177063033
vt 0.248291016 0.377929688
v 0.146102875 0.278072357 -0.196060225
vt 0.245849609 0.397949219
vn 0.047304191 0.977621377 -0.204985172
v 0.188400239 0.281631470 -0.219345152
vt 0.240966797 0.420654297
vn -0.047168173 0.998391926 -0.031445451
vt 0.215576172 0.410400391
vt 0.227783203 0.434814453
v 0.070121743 0.283187866 -0.139450118
vt 0.262939453 0.358398438
vn -0.007879651 0.977074921 0.212750152
v 0.037166577 0.282447815 -0.112205543
vt 0.270263672 0.343261719
vn -0.039387271 0.921660006 -0.385994405
vt 0.261230469 0.323730469
vt 0.272949219 0.335205078
v 0.072936997 0.297332764 -0.111488380
vt 0.283447266 0.356933594
vn 0.007872980 0.992002964 -0.125968680
vt 0.290283203 0.336181641
v 0.074478135 0.289684296 -0.113739051
vt 0.278320312 0.357910156
vn -0.070971906 0.946291029 -0.315430373
v 0.091583230 0.285717010 -0.149246261
vt 0.259765625 0.368652344
vn 0.047385294 0.995091856 0.086873047
v 0.119560227 0.287437439 -0.112609908
vt 0.280761719 0.375244141
vn 0.118396766 0.797205627 -0.591984451
v 0.142333969 0.280101776 -0.110603377
vt 0.279052734 0.385009766
v 0.168289170 0.290424347 -0.113624625
vt 0.286621094 0.392333984
vn 0.039258171 0.863682091 -0.502505958
v 0.164474472 0.282497406 -0.141937301
vt 0.269287109 0.399902344
vn 0.039514866 0.987872243 0.150156543
v 0.218841538 0.292709351 -0.091484129
vt 0.305175781 0.402343750
vn 0.039466828 0.986671269 0.157867357
v 0.142471284 0.289443970 -0.168045089
vt 0.255859375 0.395751953
vn -0.047232442 0.991880059 -0.118080996
v 0.206207246 0.294219971 -0.174804747
vt 0.261230469 0.423828125
vn 0.023614686 0.999690175 0.007871530
v 0.212158188 0.278785706 -0.110733092
vt 0.290527344 0.413085938
vn 0.054993726 0.966319680 -0.251400262
v 0.208877549 0.279720306 -0.152389586
vt 0.273437500 0.419921875
vn 0.023732647 0.973039150 0.229415670
v 0.243072495 0.288387299 -0.111496031
vt 0.301025391 0.425048828
vn 0.165472269 0.914037824 -0.370342970
v 0.244598374 0.282901764 -0.113464415
vt 0.299316406 0.426269531
vn 0.078439139 0.964802384 -0.251005530
v 0.237564072 0.280609131 -0.141891539
vt 0.284667969 0.429687500
vn 0.070916705 0.984954536 0.157592669
v 0.253509492 0.286762238 -0.169067442
vt 0.275390625 0.439941406
vn 0.290645629 0.950489879 0.109973952
v 0.247100815 0.285621643 -0.079193175
vt 0.314941406 0.422607422
vn 0.157955974 0.979327261 0.126364753
v 0.263092011 0.280628204 -0.209610045
vt 0.259521484 0.450683594
vn 0.307534993 0.938376188 -0.157710373
v 0.216049165 0.281082153 -0.205932677
vt 0.250244141 0.432128906
vn 0.039252158 0.981305599 -0.188410714
v 0.263610810 0.279117584 -0.230819762
vt 0.250732422 0.455078125
vn 0.354451597 0.929450929 0.102397054
v 0.214691132 0.279655457 -0.238952696
vt 0.237548828 0.437255859
vn -0.015730986 0.975320399 0.220233604
v 0.242477387 0.292564392 -0.248443663
vt 0.237548828 0.449951172
vn -0.015721256 0.958996296 0.282982469
vt 0.227539062 0.456054688
vt 0.240234375 0.466308594
v 0.153427109 0.280670166 -0.074668936
vt 0.313232422 0.378173828
vn -0.055212356 0.985934496 0.157749474
v 0.185287461 0.281784058 -0.062305510
vt 0.320068359 0.393066406
vn -0.023578312 0.958848178 -0.282938808
v 0.235946640 0.287693024 -0.059005801
vt 0.324218750 0.417724609
vn 0.070907839 0.969074905 -0.236359790
v 0.159423813 0.295730591 -0.036701258
vt 0.331787109 0.378906250
vn 0.007872755 0.999845147 0.015745549
v 0.248199448 0.287330627 -0.046901770
vt 0.330566406 0.421142578
v 0.225631714 0.287933350 -0.029470505
vt 0.338867188 0.410888672
vn 0.204698995 0.976256907 0.070857279
v 0.245925903 0.284912109 -0.004741256
vt 0.350830078 0.413330078
vn 0.071104549 0.995464504 -0.063204147
v 0.178237915 0.281566620 0.000031006
vt 0.348144531 0.382080078
vn -0.031418279 0.997529209 0.062836446
v 0.115905762 0.279636383 0.020013763
vt 0.353027344 0.357177734
vn 0.070749961 0.990499973 0.117916614
v 0.101417542 0.296607971 -0.004862831
vt 0.341552734 0.353271484
vn 0.070872702 0.992218256 0.102371663
v 0.123626702 0.279285431 -0.047123004
vt 0.322753906 0.363769531
v 0.095222458 0.278755188 -0.075393721
vt 0.307617188 0.354248047
vn -0.007899301 0.987409830 0.157985523
v 0.081466667 0.296699524 -0.027013823
vt 0.332275391 0.344970703
vn 0.063007668 0.913612485 -0.401674479
vt 0.354248047 0.329833984
vt 0.355468750 0.311279297
vt 0.328125000 0.334228516
vt 0.294433594 0.308837891
v 0.141769394 0.290576935 -0.086715743
vt 0.302490234 0.374023438
vn 0.000000022 0.886445045 0.462834090
vt 0.679199219 0.569824219
vt 0.691406250 0.613525391
vt 0.682373047 0.687988281
v 0.244689882 0.319740295 -0.474243224
vt 0.689208984 0.687011719
vn -0.039339736 -0.000000045 -0.999225974
v 0.245208666 0.354240417 -0.474792540
vt 0.702148438 0.685302734
vn -0.039442420 0.102549888 -0.993945599
vt 0.709716797 0.625244141
v 0.243911684 0.356506348 -0.469177306
vt 0.703125000 0.684814453
vn -0.007871706 -0.023614772 -0.999690175
v 0.244949266 0.362075806 -0.474975646
vt 0.704589844 0.686523438
vn -0.173686743 -0.205266058 -0.963171303
vt 0.710937500 0.626464844
v 0.244491503 0.390930176 -0.474853575
vt 0.709472656 0.686279297
vn -0.015746210 -0.000000044 -0.999876022
vt 0.129882812 0.257812500
vt 0.064208984 0.209960938
vt 0.106201172 0.204833984
vt 0.157470703 0.982421875
vt 0.139404297 0.995849609
vt 0.123535156 0.972412109
vt 0.181640625 0.399658203
vt 0.172607422 0.384277344
vt 0.183593750 0.381591797
vt 0.150878906 0.405761719
vt 0.150390625 0.392578125
v 0.072364807 0.294288635 0.037345842
vt 0.172607422 0.415771484
vn -0.007889258 0.986149251 -0.165673107
vt 0.205078125 0.382812500
v 0.164001465 0.291923523 0.027831977
vt 0.137451172 0.425292969
vn -0.062859848 0.927181423 -0.369301111
vt 0.127197266 0.412597656
vt 0.097412109 0.426025391
v 0.249404907 0.291019440 0.008140499
vt 0.098632812 0.432617188
vn 0.211675137 0.948618531 -0.235194758
v 0.217971802 0.294876099 0.033119138
vt 0.114501953 0.438964844
vn -0.007859261 0.919522762 -0.392958492
v 0.269378662 0.284622192 0.024967127
vt 0.090820312 0.440429688
vn 0.709079206 0.685443223 0.165451676
v 0.244247437 0.298339844 0.038806848
vt 0.103271484 0.444580078
vn 0.212690681 0.937414765 -0.275710285
v 0.198455811 0.307205200 0.047805727
vt 0.124267578 0.445800781
vn 0.015755771 0.961106777 -0.275727361
v 0.244781494 0.296577454 0.059123926
vt 0.101806641 0.452880859
vn 0.418231398 0.860136271 0.291972786
v 0.268341064 0.277408600 0.065467767
vt 0.094482422 0.460937500
vn 0.621661961 0.723960757 0.299027145
vt 0.584960938 0.473876953
vt 0.557617188 0.495849609
vt 0.563476562 0.473876953
v 0.040435821 0.285598755 0.254333466
vt 0.574462891 0.492675781
vn -0.015741736 0.999597251 -0.023612574
v 0.074928313 0.284137726 0.255126923
vt 0.580078125 0.507080078
vn 0.062797703 0.996914387 -0.047098368
vt 0.574218750 0.516601562
v 0.032299086 0.287094116 0.372436494
vt 0.616943359 0.472656250
vn 0.007873485 0.999938011 0.007873483
vt 0.613281250 0.458984375
v 0.071685836 0.279377013 0.332946748
vt 0.609619141 0.494628906
vn 0.047185581 0.998762369 0.015728492
vt 0.639404297 0.462890625
v 0.089218177 0.281421661 0.296997041
vt 0.598388672 0.506835938
vn 0.015733846 0.999102235 -0.039334781
v 0.061946917 0.279373199 0.377227753
vt 0.625000000 0.483398438
vn -0.070610538 0.996392667 0.047073632
v 0.106269881 0.287914306 0.341033906
vt 0.618896484 0.507080078
vn -0.070813537 0.991388738 -0.110154346
v 0.125297576 0.280616760 0.268890321
vt 0.593750000 0.525878906
vn -0.047139026 0.989919007 0.133560449
vt 0.574218750 0.527099609
vt 0.579589844 0.537109375
v 0.128479049 0.280708343 0.319396913
vt 0.614013672 0.519775391
vn 0.031445365 0.998391926 -0.047168169
v 0.151718169 0.280483276 0.262512147
vt 0.596191406 0.537841797
vn -0.007880643 0.992957532 0.118209191
vt 0.590820312 0.548583984
v 0.131607100 0.282657653 0.355712831
vt 0.628906250 0.515380859
vn 0.110212259 0.991910815 -0.062978521
v 0.203109771 0.280990630 0.286621034
vt 0.613769531 0.554687500
vn -0.071002752 0.986149132 0.149894640
v 0.205184981 0.280010253 0.314453065
vt 0.625976562 0.551025391
vn -0.000000044 1.000000000 -0.000000044
v 0.180023238 0.282718688 0.335327089
vt 0.629638672 0.537353516
vn 0.031476509 0.999380589 -0.015738323
v 0.214874297 0.285129577 0.268218935
vt 0.608398438 0.562500000
vt 0.595458984 0.566162109
vt 0.600341797 0.572509766
vt 0.610595703 0.582275391
vt 0.597900391 0.579833984
v 0.232467681 0.285480529 0.282012880
vt 0.615722656 0.567138672
vn 0.078958273 0.994874716 0.063166596
v 0.242614791 0.280284911 0.309722841
vt 0.627929688 0.565917969
v 0.261688262 0.278156310 0.274627626
vt 0.618652344 0.579345703
vn 0.450315088 0.892729998 0.015800431
vt 0.615234375 0.587402344
vt 0.609619141 0.591308594
v 0.277587920 0.261875182 0.313568056
vt 0.635986328 0.581054688
vn 0.913131177 0.401462883 -0.070846513
v 0.268524200 0.274021178 0.325195253
vt 0.637207031 0.573242188
vn 0.606205285 0.795152426 -0.015745709
v 0.253753692 0.282276183 0.335784853
vt 0.639892578 0.564941406
vn 0.196116075 0.980580688 -0.000000069
v 0.274169981 0.268688232 0.378021181
vt 0.658447266 0.566162109
vn 0.748565376 0.661889493 -0.039398309
v 0.277435362 0.262500793 0.351715028
vt 0.650146484 0.576171875
vn 0.935240984 0.353662610 0.015718199
v 0.249954268 0.280571014 0.356018007
vt 0.648681641 0.559570312
vn 0.055032831 0.998453617 -0.007861891
v 0.192657515 0.279472381 0.364105165
vt 0.643554688 0.536865234
v 0.246398970 0.283824950 0.376495302
vt 0.656982422 0.554443359
vn 0.125874996 0.991266012 0.039335892
v 0.269683897 0.270446807 0.427490175
vt 0.680664062 0.554687500
vn 0.573861063 0.762527704 -0.298722327
v 0.289520323 0.245162994 0.397552431
vt 0.672119141 0.571289062
vn 0.904167414 0.424565613 0.047173813
v 0.243682921 0.276577026 0.426757753
vt 0.675537109 0.543945312
vn -0.000000027 0.992033720 0.125972494
v 0.180816695 0.280479461 0.382385194
vt 0.648437500 0.528564453
vn 0.054992069 0.997713923 0.039280023
v 0.134826705 0.286918670 0.383666933
vt 0.640380859 0.510986328
vn 0.180404589 0.980460048 -0.078436866
v 0.169204772 0.277927428 0.432617128
vt 0.666748047 0.514404297
vn 0.078877203 0.962301970 0.260294765
v 0.189163268 0.264396697 0.450012147
vt 0.678710938 0.518798828
vn 0.023578312 0.597315311 0.801659942
v 0.119735770 0.289199859 0.411621034
vt 0.647949219 0.500000000
vn -0.023661710 0.985903800 0.165631786
v 0.106620833 0.293487579 0.377136201
vt 0.632568359 0.501220703
v 0.165908873 0.262516052 0.449554384
vt 0.677490234 0.509033203
vn -0.023612436 0.456508994 0.889405429
v 0.135086119 0.280002624 0.434905946
vt 0.661132812 0.501220703
vn 0.000000040 0.818491817 0.574518263
v 0.086563163 0.276905090 0.434112519
vt 0.650878906 0.481933594
vn -0.047296900 0.914406955 0.402023703
v 0.163589537 0.245436698 0.450225770
vt 0.680664062 0.506347656
v 0.140274107 0.255161315 0.446838319
vt 0.675048828 0.495605469
vn -0.063146822 -0.149973989 0.986671269
v 0.094680846 0.258619338 0.448516816
vt 0.661376953 0.479980469
vn 0.023730554 0.261034817 0.965037763
v 0.087188780 0.262424499 0.449615449
vt 0.657958984 0.476318359
vn 0.023527518 0.462706000 0.886199594
vt 0.647705078 0.454345703
v 0.042228758 0.247066528 0.448913544
vt 0.656738281 0.458007812
vn 0.000000113 0.292419374 0.956290245
vt 0.653076172 0.449462891
v 0.065948546 0.248935729 0.446990937
vt 0.660156250 0.468261719
vn 0.117986031 0.574198365 0.810170114
v 0.089637816 0.254798919 0.446227998
vt 0.660888672 0.474853516
vn 0.054982070 -0.408437163 0.911129117
v 0.092620909 0.250844985 0.444671601
vt 0.663330078 0.473144531
vn 0.157970920 -0.015797028 0.987317383
v 0.091384947 0.245390922 0.444122285
vt 0.664794922 0.470947266
vn -0.441218466 0.614554405 0.653948963
v 0.091606200 0.245059043 0.448181123
vt 0.665283203 0.470214844
vn 0.039252207 0.981305718 0.188410655
v 0.070114195 0.245021850 0.462890595
vt 0.666503906 0.460937500
vn 0.007883298 0.969646931 0.244382516
vt 0.656982422 0.441406250
vt 0.660644531 0.438720703
vt 0.583984375 0.719970703
vt 0.594238281 0.662597656
vt 0.595947266 0.788085938
vt 0.573974609 0.541015625
v 0.068145685 0.438308716 -0.467773467
vt 0.558349609 0.561279297
vn 0.125487223 0.972526610 -0.196073964
vt 0.558349609 0.542724609
v 0.083076410 0.434951782 -0.439880401
vt 0.564941406 0.568115234
vn 0.125980422 0.732260823 0.669270575
vt 0.576904297 0.549560547
v 0.144943163 0.413848877 -0.474853575
vt 0.550781250 0.581542969
vn 0.023691790 0.157946125 -0.987163544
vt 0.545166016 0.489501953
v 0.154403627 0.405929565 -0.438812315
vt 0.564941406 0.588867188
vn 0.007861968 0.055032920 0.998453617
vt 0.541503906 0.609130859
v 0.160781786 0.420089722 -0.455688536
vt 0.556396484 0.587402344
vn 0.165262103 0.983703256 0.070826560
v 0.192916796 0.415313721 -0.474212706
vt 0.549316406 0.596191406
vn 0.110086061 0.857099473 -0.503251135
v 0.195632875 0.415618896 -0.439575255
vt 0.556884766 0.599365234
vn 0.125607103 0.965604722 0.227662832
v 0.244064257 0.405426025 -0.474609435
vt 0.546386719 0.611328125
vn -0.774467707 0.616412997 -0.142249078
v 0.243652284 0.405975342 -0.438354552
vt 0.555175781 0.611572266
vn -0.463991880 0.251656651 0.849341333
vt 0.566406250 0.618408203
vt 0.576904297 0.597900391
vt 0.576660156 0.628417969
v 0.244735658 0.454574585 -0.431518614
vt 0.548339844 0.623291016
vn -0.743112028 0.418988734 0.521759629
v 0.244354174 0.452987671 -0.488555968
vt 0.535156250 0.623046875
vn -0.605081320 0.526499212 -0.597222924
v 0.244476244 0.406341553 -0.486114562
vt 0.543457031 0.612304688
vn -0.919522822 -0.007859225 -0.392958343
vt 0.535400391 0.614013672
vt 0.109619141 0.556152344
vt 0.114501953 0.553955078
v 0.099296637 0.169395477 0.473327607
vt 0.109863281 0.583984375
vn 0.000000138 -0.268458217 0.963291407
v 0.149414122 0.167999297 0.459533632
vt 0.118652344 0.601074219
vn -0.015721112 -0.282982469 0.958996296
v 0.244293272 0.168975860 0.473327577
vt 0.104248047 0.630126953
vn -0.149250343 -0.243513897 0.958345175
vt 0.085205078 0.547851562
v 0.244018614 0.202266723 0.473297060
vt 0.079345703 0.620361328
vn -0.015745949 0.000000043 0.999876022
vt 0.055664062 0.545898438
v 0.244247496 0.218659431 0.473083436
vt 0.074707031 0.624023438
vn -0.055034444 0.000000041 0.998484433
v 0.164398253 0.233753473 0.473388612
vt 0.062744141 0.600341797
vn 0.000000127 0.078497238 0.996914387
v 0.135955870 0.244029075 0.472778261
vt 0.055419922 0.593750000
vn 0.000000025 0.876382649 0.481615663
v 0.243713439 0.243899375 0.473022401
vt 0.068359375 0.628173828
vn -0.580753982 0.455185592 0.674930394
v 0.185592711 0.244765311 0.468902528
vt 0.059570312 0.609863281
vn -0.000000005 0.959114790 0.283017427
vt 0.306884766 0.187011719
vt 0.295654297 0.186523438
vt 0.290527344 0.181152344
v 0.125038207 0.086868301 0.466522157
vt 0.272216797 0.200439453
v 0.120224066 0.087341323 0.440856874
vt 0.278808594 0.208007812
v 0.122718878 0.095886245 0.473052919
vt 0.269531250 0.197021484
vn 0.000000138 -0.346800894 0.937938869
vt 0.294677734 0.166015625
v 0.121429510 0.110260040 0.473174989
vt 0.262695312 0.189941406
vt 0.279052734 0.162109375
v 0.244537413 0.121299773 0.473083436
vt 0.218017578 0.208496094
vn -0.078497060 0.000000040 0.996914387
v 0.138275206 0.166114837 0.473144472
vt 0.232666016 0.162353516
vn -0.007866099 0.220254108 0.975410879
vt 0.277099609 0.145751953
vt 0.229980469 0.155273438
v 0.244125426 0.167900115 0.462219179
vt 0.201171875 0.141113281
vn -0.023636004 0.992710948 0.118179835
vt 0.279785156 0.140136719
vt 0.294433594 0.137939453
vt 0.299560547 0.140625000
v 0.057998721 0.091735855 0.436157197
vt 0.314941406 0.159912109
vn -0.000000094 -0.481615663 -0.876382530
v 0.076156676 0.099746719 0.436706513
vt 0.323486328 0.166748047
vn 0.000000028 -0.992988288 -0.118212849
vt 0.296142578 0.133056641
vt 0.319580078 0.137939453
v 0.210449278 0.099853545 0.392608583
vt 0.392822266 0.166015625
v 0.112609923 0.091827407 0.435943574
vt 0.316406250 0.185302734
vn -0.000000110 -0.323316127 -0.946291029
v 0.061180178 0.087081924 0.441589326
vt 0.312744141 0.161132812
vn 0.000000000 -0.949465096 -0.313872725
vt 0.302246094 0.154785156
vt 0.312500000 0.186767578
vt 0.110351562 0.340332031
vt 0.088134766 0.271972656
vt 0.215820312 0.278076172
vt 0.294677734 0.121093750
vt 0.197265625 0.104248047
vt 0.250488281 0.106689453
vt 0.289062500 0.133300781
vt 0.245361328 0.125244141
vt 0.117431641 0.630371094
vt 0.112304688 0.660156250
vt 0.098144531 0.687988281
vt 0.119628906 0.653320312
v 0.115303099 0.245031387 0.452392519
vt 0.122314453 0.639648438
vn -0.062943369 0.967754185 0.243905500
v 0.118026793 0.246953994 0.443237245
vt 0.126464844 0.641113281
vn -0.110171236 0.188865229 0.975803435
vt 0.122802734 0.652343750
vt 0.123046875 0.653808594
v 0.117736876 0.259519607 0.451415956
vt 0.125244141 0.639160156
vn 0.062807418 0.973515213 0.219825953
v 0.130371153 0.245280296 0.447112978
vt 0.128906250 0.631103516
vn 0.023597907 0.967514634 0.251711100
vt 0.125488281 0.610107422
vt 0.133544922 0.630615234
vt 0.127441406 0.649658203
vt 0.134765625 0.617675781
v 0.185134947 0.245849639 0.447479188
vt 0.138427734 0.609375000
vt 0.144775391 0.618408203
vt 0.149658203 0.610107422
v 0.209732115 0.246526748 0.449371278
vt 0.140380859 0.599121094
vn -0.055029381 0.440235853 0.896194339
v 0.230255187 0.245681792 0.450836122
vt 0.140380859 0.589355469
vn 0.007884530 0.954028547 0.299612254
v 0.243454039 0.258296996 0.452178895
vt 0.146972656 0.583251953
vn -0.698948085 0.369107425 0.612561345
vt 0.132568359 0.576416016
vt 0.164306641 0.581787109
v 0.243377745 0.245503455 0.450866640
vt 0.141601562 0.583007812
vn -0.971520424 0.189564928 0.142173827
v 0.244201720 0.290958434 0.486297548
vt 0.147460938 0.564453125
vn -0.840541601 0.267087996 0.471331894
v 0.243789732 0.201347381 0.483520448
vt 0.119873047 0.561035156
vn -0.912509263 -0.000000022 0.409056038
vt 0.123291016 0.569580078
v 0.253326476 0.218438178 0.488403261
vt 0.126220703 0.553955078
vn -0.188462809 0.031410530 0.981577873
v 0.244918883 0.291065246 0.430267274
vt 0.161865234 0.573974609
vn -0.448985994 0.882218003 -0.141785011
v 0.270233214 0.291671783 0.487853944
vt 0.154785156 0.554199219
vn 0.007856078 0.699185371 0.714897275
v 0.276489317 0.219803840 0.488464296
vt 0.129394531 0.540771484
vn 0.086751565 0.070978500 0.993698299
v 0.287109435 0.237080604 0.488677919
vt 0.138916016 0.538085938
vn 0.141382217 0.023563730 0.989674628
v 0.294281065 0.291179687 0.428008974
vt 0.177001953 0.566894531
vn 0.204142913 0.840127110 -0.502505958
vt 0.179199219 0.583496094
v 0.295562804 0.257867843 0.428131044
vt 0.190917969 0.577148438
vn 0.812031150 -0.015767587 -0.583401203
v 0.295501769 0.291351348 0.456787050
vt 0.174804688 0.550537109
vn 0.969646931 0.244382605 -0.007883445
v 0.295440733 0.247699767 0.485046327
vt 0.144531250 0.535644531
vn 0.811905086 0.023647781 0.583310366
v 0.294860899 0.289329559 0.488098085
vt 0.158203125 0.548583984
vn 0.721840739 0.376612604 0.580610871
vt 0.057128906 0.364257812
vt 0.057128906 0.285156250
vt 0.114746094 0.356201172
vt 0.668457031 0.702880859
v 0.244949281 0.279006958 -0.474914610
vt 0.671386719 0.575927734
vn -0.023614861 0.007871532 -0.999690175
vt 0.676025391 0.617187500
vt 0.665039062 0.575927734
vt 0.328369141 0.698486328
vt 0.383544922 0.709228516
v 0.191680953 0.099853545 0.294067323
vt 0.398437500 0.757324219
v 0.206558257 0.099807754 0.156402528
vt 0.465820312 0.738037109
vt 0.010742188 0.093017578
vt 0.017333984 0.087402344
vt 0.012939453 0.095214844
vt 0.011718750 0.087402344
vt 0.009277344 0.090820312
vt 0.015625000 0.091552734
vt 0.017333984 0.093505859
vt 0.027587891 0.095458984
vt 0.014160156 0.095458984
vt 0.682373047 0.951171875
v 0.151977479 0.202779755 -0.474792540
vt 0.733642578 0.949218750
vt 0.703613281 0.962890625
v 0.227661073 0.202161774 -0.474700987
vt 0.766845703 0.960693359
vt 0.733886719 0.936279297
vt 0.401367188 0.169433594
vt 0.380371094 0.115234375
v 0.156555235 0.099700943 0.436492860
vt 0.409912109 0.132324219
vn 0.000000015 -0.977105200 -0.212756738
vt 0.409179688 0.155273438
v 0.165252745 0.093017593 0.436492860
vt 0.417968750 0.132324219
vn -0.000000109 -0.337330133 -0.941386402
vt 0.414306641 0.153564453
v 0.208221495 0.087478667 0.440399110
vt 0.435058594 0.117431641
vn -0.000000004 -0.937938869 -0.346800894
v 0.190094054 0.087219268 0.452178895
vt 0.439941406 0.130859375
vn 0.007872839 -0.999845147 -0.015745552
vt 0.427246094 0.160156250
v 0.181488112 0.086883575 0.466613710
vt 0.443847656 0.138427734
vn 0.000000089 -0.929018736 0.370032907
v 0.244278029 0.087661773 0.467010438
vt 0.466064453 0.121826172
vn -0.904474974 -0.424710035 0.039325137
vt 0.431152344 0.163574219
v 0.244491652 0.092575103 0.473327577
vt 0.469482422 0.124267578
vn -0.078936033 -0.142085046 0.986702085
v 0.190902784 0.090789825 0.472656190
vt 0.449462891 0.139404297
vn -0.007902839 -0.292410165 0.956260383
vt 0.436523438 0.168212891
vt 0.481689453 0.131347656
vt 0.902587891 0.728515625
vt 0.902587891 0.822998047
vt 0.852539062 0.807617188
vt 0.921875000 0.616699219
vt 0.921875000 0.706054688
v 0.209487915 0.099853531 -0.004579596
vt 0.838378906 0.668701172
vt 0.515869141 0.706787109
vt 0.579589844 0.664550781
vt 0.578125000 0.804931641
v 0.242523178 0.099792495 -0.157074034
vt 0.494628906 0.786132812
vn -0.031480409 -0.999504447 0.000000048
v 0.242065430 0.099639907 -0.042354640
vt 0.496582031 0.721435547
vn -0.283017427 -0.959114790 0.000000079
v 0.244537413 0.145378143 0.473052919
vt 0.527587891 0.174316406
vn -0.110427961 -0.007887682 0.993852854
vt 0.535156250 0.231445312
vt 0.514648438 0.171386719
vt 0.539550781 0.175781250
v 0.244079649 0.153656036 0.484863222
vt 0.532226562 0.168945312
vn -0.943858325 -0.000000027 0.330350518
vt 0.559570312 0.162109375
v 0.249359190 0.178199798 0.488250673
vt 0.542968750 0.163085938
vn -0.180962056 0.000000035 0.983490169
v 0.244415358 0.086532623 0.484954774
vt 0.501953125 0.160888672
vn -0.971520364 -0.000000032 0.236956343
vt 0.500488281 0.166259766
v 0.248123243 0.086334258 0.487762392
vt 0.503662109 0.158691406
vn -0.205214709 0.000000034 0.978717029
v 0.261200011 0.105392493 0.487853944
vt 0.509033203 0.147216797
vn -0.086267091 0.023527462 0.995994210
vt 0.496826172 0.163574219
v 0.261047423 0.071960479 0.488067567
vt 0.496826172 0.149414062
vn -0.204445601 -0.086496241 0.975048900
v 0.243743971 0.039367706 0.483764589
vt 0.473388672 0.146240234
vn -0.988820970 -0.000000037 0.149108052
v 0.249359205 0.052307159 0.488006532
vt 0.482666016 0.146484375
vn -0.157990366 0.000000036 0.987440705
vt 0.946044922 0.279785156
vt 0.934814453 0.314453125
vt 0.931884766 0.309570312
v 0.244308412 0.296073914 -0.486633360
vt 0.935546875 0.322998047
vn -0.994688690 0.007894306 -0.102626480
vt 0.937500000 0.318847656
vt 0.940185547 0.324951172
vt 0.944580078 0.331787109
vt 0.944824219 0.333496094
v 0.244171083 0.232127652 -0.488617003
vt 0.927246094 0.308105469
vn -0.292419463 -0.000000055 -0.956290185
vt 0.944824219 0.345214844
v 0.247421190 0.300575256 -0.489135802
vt 0.934814453 0.324462891
vn -0.165678367 -0.000000050 -0.986179948
v 0.251251161 0.401458740 -0.489654601
vt 0.942382812 0.346435547
vn -0.180872753 -0.031456161 -0.983003378
v 0.270385683 0.396392822 -0.489440978
vt 0.937744141 0.345947266
v 0.276306093 0.219630226 -0.489624083
vt 0.908203125 0.312988281
vn 0.031464733 0.031464823 -0.999009490
v 0.294219911 0.351669312 -0.489593565
vt 0.920898438 0.345703125
vn 0.440890104 0.007873020 -0.897526562
vt 0.543212891 0.189941406
vt 0.650878906 0.189941406
vt 0.607177734 0.251464844
vt 0.996093750 0.905029297
vt 0.996582031 0.911865234
v 0.242401183 0.099823028 0.436431825
vt 0.962890625 0.883544922
vn -0.118279010 -0.969888031 -0.212902188
vt 0.952392578 0.909423828
v 0.241394103 0.099884063 0.389221132
vt 0.943603516 0.895996094
vn -0.339838654 -0.940483809 0.000000086
v 0.242630064 0.092437774 0.436035097
vt 0.965576172 0.880859375
vn -0.528214574 -0.315351993 -0.788379788
v 0.244308531 0.087982208 0.438842714
vt 0.968505859 0.876464844
vn -0.551095724 -0.810898006 -0.196819797
vt 0.982910156 0.886230469
vt 0.990722656 0.881347656
vt 0.968994141 0.864501953
v 0.239746034 0.168106064 -0.470062315
vt 0.349365234 0.064941406
vn -0.007872929 0.015745550 -0.999845147
vt 0.288085938 0.071044922
v 0.243987978 0.171195969 -0.474792540
vt 0.350830078 0.061279297
vn -0.181259885 -0.110332087 -0.977226615
vt 0.342529297 0.049316406
v 0.244277894 0.165748581 -0.474884093
vt 0.351318359 0.067138672
vn -0.078684211 0.204578549 -0.975682557
vt 0.351806641 0.075439453
vt 0.711425781 0.499023438
vt 0.799804688 0.434814453
vt 0.798095703 0.556152344
vt 0.340332031 0.037353516
vt 0.344482422 0.031738281
vt 0.370605469 0.041748047
v 0.243896425 0.217843041 -0.474456847
vt 0.376464844 0.032470703
vn -0.251711279 0.023597866 -0.967514694
vt 0.380615234 0.050781250
vt 0.351806641 0.022216797
vt 0.356933594 0.018798828
v 0.244155824 0.242794022 -0.473022521
vt 0.378662109 0.023193359
vn -0.260125041 0.086708248 -0.961673915
vt 0.378417969 0.018066406
vt 0.282226562 0.107910156
vt 0.380859375 0.107910156
v 0.242187515 0.099670425 0.059295598
vt 0.342041016 0.128662109
vn -0.157990456 -0.987440705 0.000000064
vt 0.476806641 0.095947266
vt 0.454589844 0.092285156
vt 0.459960938 0.083496094
v 0.244323671 0.090835571 -0.485839903
vt 0.456298828 0.080566406
vn -0.975441039 -0.000000052 -0.220260754
vt 0.462402344 0.083251953
vt 0.446533203 0.102539062
v 0.244155824 0.082290649 -0.488555968
vt 0.456787109 0.076904297
v 0.247802675 0.088745117 -0.489044249
vt 0.454101562 0.078857422
vn -0.157990649 -0.000000050 -0.987440705
v 0.261077821 0.071807861 -0.489502013
vt 0.456542969 0.067382812
vn -0.118121348 -0.039373789 -0.992218256
v 0.243713319 0.158149704 -0.484771788
vt 0.439697266 0.102783203
vn -0.984862804 -0.000000051 -0.173335731
vt 0.440185547 0.107666016
vt 0.438232422 0.109130859
vt 0.439941406 0.110351562
v 0.244567811 0.195930466 -0.488433897
vt 0.424072266 0.110839844
vn -0.756468654 -0.000000062 -0.654030025
v 0.247177064 0.157676682 -0.489563048
vt 0.437744141 0.100830078
v 0.261474550 0.186283097 -0.489502013
vt 0.422119141 0.102539062
vn -0.197242230 -0.063117526 -0.978320897
v 0.261321962 0.106201164 -0.489410460
vt 0.444091797 0.082275391
vn -0.102617152 0.015787186 -0.994595706
v 0.261169374 0.186477646 -0.499603331
vt 0.418457031 0.104248047
vn -0.511906326 -0.448902458 -0.732419670
v 0.275695741 0.186092362 -0.489563048
vt 0.417724609 0.095947266
vn 0.071104474 -0.063204139 -0.995464504
v 0.248580873 0.027786255 -0.489593565
vt 0.463867188 0.053466797
vn -0.055034705 -0.000000046 -0.998484433
v 0.291534364 0.056243896 -0.489440978
vt 0.443847656 0.047119141
vn 0.125968516 0.007873002 -0.992003083
v 0.293548524 0.154884338 -0.489959776
vt 0.418701172 0.079833984
vn 0.141421214 -0.000000037 -0.989949524
v 0.290862978 0.173625931 -0.489135802
vt 0.415039062 0.088134766
vn 0.551061392 -0.000000012 -0.834464729
v 0.296050966 0.166702271 -0.480987608
vt 0.411621094 0.080322266
vn 0.977074802 0.007879669 -0.212750301
v 0.276733339 0.071746826 -0.488952696
vt 0.447021484 0.059082031
vn 0.260733008 -0.134317100 -0.956021547
v 0.260742128 0.071853638 -0.498840392
vt 0.453369141 0.067382812
vn -0.731807292 -0.354100347 -0.582298100
v 0.277069032 0.071533203 -0.498657286
vt 0.448730469 0.065185547
vn 0.282311559 -0.141155869 -0.948881030
v 0.260436952 0.104370117 -0.498565733
vt 0.445556641 0.074951172
vn -0.243476525 0.259184510 -0.934635043
v 0.277343690 0.104522705 -0.498748839
vt 0.442626953 0.070800781
vn 0.747267365 0.188783363 -0.637143970
v 0.276763856 0.104721069 -0.489288390
vt 0.437011719 0.071289062
vn 0.228502214 0.196984753 -0.953406453
v 0.291290224 0.079208374 -0.489318907
vt 0.439453125 0.058105469
vn 0.462777019 -0.015687378 -0.886335909
v 0.296203554 0.064620972 -0.479034483
vt 0.439453125 0.047851562
vn 0.993883729 0.000000039 -0.110431649
v 0.295837343 0.129722595 -0.485687315
vt 0.421386719 0.068847656
vn 0.992002964 -0.007873002 -0.125968769
v 0.295898378 0.103942871 -0.470398009
vt 0.422851562 0.058837891
vn 0.932755351 0.094856508 -0.347807229
v 0.296112001 0.186130509 -0.469970763
vt 0.404296875 0.082275391
vn 0.999195039 -0.039338343 -0.007867807
v 0.295745790 0.104476929 -0.454376280
vt 0.418212891 0.055908203
vn 0.998114347 0.039295889 0.047154877
vt 0.837158203 0.487060547
vt 0.840820312 0.437011719
vt 0.843017578 0.486328125
vt 0.843017578 0.541992188
vt 0.478271484 0.990966797
vt 0.491699219 0.970458984
vt 0.518798828 0.990722656
v 0.243118241 0.089752197 -0.434906065
vt 0.495117188 0.968261719
vn -0.793677866 -0.534357488 0.290753424
vt 0.488037109 0.950195312
vt 0.496826172 0.966552734
vt 0.116699219 0.982910156
vt 0.068359375 0.982910156
vt 0.070312500 0.971435547
vt 0.162109375 0.214111328
vt 0.210449219 0.213867188
v 0.241745040 0.099731475 0.289855897
vt 0.212402344 0.240722656
vn -0.125972494 -0.992033720 0.000000060
vt 0.166259766 0.241210938
vt 0.274902344 0.216552734
v 0.242569000 0.099609405 0.230743349
vt 0.241210938 0.233886719
vn -0.094809048 -0.995495498 0.000000056
v 0.240951583 0.091735870 0.335418642
vt 0.189697266 0.248535156
vn -0.997498453 -0.070688903 0.000000134
v 0.243881270 0.095657378 0.282897890
vt 0.215820312 0.241943359
vn -0.855382144 -0.517937899 -0.007847408
v 0.242904693 0.092132598 0.232726991
vt 0.239746094 0.238769531
vn -0.828288019 -0.560080469 -0.015776781
v 0.250198424 0.086990386 0.240493715
vt 0.234375000 0.244384766
vn -0.456579715 -0.889543295 0.015744228
v 0.251464874 0.087173492 0.276092470
vt 0.218261719 0.247070312
vn -0.282982469 -0.958996296 -0.015721170
v 0.259063751 0.086883575 0.208557069
vt 0.247314453 0.249755859
v 0.259307921 0.087020904 0.300353944
vt 0.207519531 0.252197266
vn -0.015746037 -0.999876022 0.000000046
v 0.241760299 0.091918975 0.292022645
vt 0.210937500 0.244140625
vn -0.775024533 -0.624764740 -0.094900832
v 0.248779342 0.087677032 0.304931581
vt 0.204833984 0.249023438
vn -0.346703976 -0.937676728 -0.023638824
v 0.241455123 0.093078643 0.310241640
vt 0.201904297 0.245605469
vn -0.888662577 -0.456127703 -0.047185488
v 0.242904708 0.087905914 0.327270448
vt 0.193847656 0.250732422
vn -0.402361333 -0.915174901 -0.023668224
v 0.244247496 0.087585479 0.370330751
vt 0.185058594 0.270507812
vn -0.086288407 -0.996239424 0.007844459
v 0.242157042 0.089889556 0.380615175
vt 0.176025391 0.264404297
vn -0.828288019 -0.560080469 0.015777046
vt 0.901611328 0.259521484
v 0.241210908 0.099273682 -0.283264220
vt 0.884521484 0.220214844
vn -0.227719009 -0.973695278 0.007852454
v 0.242523164 0.099411011 -0.243164122
vt 0.897705078 0.199707031
vn -0.251781225 -0.967784286 0.000000075
vt 0.926757812 0.160156250
v 0.251007050 0.087188721 -0.277282774
vt 0.877929688 0.212890625
vn -0.653705418 -0.756093144 0.031503998
v 0.241226166 0.093093872 -0.314971983
vt 0.877685547 0.232910156
vn -0.945820630 -0.323155403 0.031527493
v 0.242965668 0.092117310 -0.230255187
vt 0.897949219 0.190917969
vn -0.921917439 -0.386102200 -0.031518407
v 0.242248520 0.092681900 -0.164520323
vt 0.919921875 0.159423828
vn -0.907935619 -0.418439925 0.023685414
v 0.246231064 0.087829605 -0.163833678
vt 0.916992188 0.156982422
vn -0.268458217 -0.963291407 0.000000077
v 0.248962373 0.087341309 -0.236297667
vt 0.891601562 0.192382812
v 0.259429902 0.087005615 -0.270782530
vt 0.873291016 0.208740234
v 0.243606523 0.087585449 -0.332824767
vt 0.871337891 0.233154297
vn -0.197636142 -0.980275512 0.000000069
v 0.266906708 0.087051392 -0.213058531
vt 0.892578125 0.174804688
v 0.270568818 0.087219238 -0.288696349
vt 0.858642578 0.204589844
v 0.279785126 0.087142944 -0.231002867
vt 0.876708984 0.175781250
vn 0.299612314 -0.954028547 -0.007884530
v 0.280639648 0.087097183 -0.150161803
vt 0.890380859 0.143066406
vn 0.259128600 -0.965842903 0.000000008
v 0.287353486 0.093933105 -0.219101027
vt 0.871826172 0.164794922
vn 0.961226106 -0.275761545 -0.000000114
v 0.287109345 0.095016479 -0.241104200
vt 0.867675781 0.173095703
vn 0.915402889 -0.402461588 0.007891302
v 0.279846162 0.087203979 -0.279663146
vt 0.855468750 0.195312500
vn 0.434406161 -0.900405407 0.023694864
v 0.281097382 0.087112427 -0.335266173
vt 0.835937500 0.207519531
v 0.287689179 0.092620850 -0.316009581
vt 0.833496094 0.192626953
vn 0.978717029 -0.205214798 -0.000000119
v 0.287109345 0.088729858 -0.314727843
vt 0.834472656 0.194091797
vn 0.614955425 -0.788404346 0.015768040
vt 0.936035156 0.046875000
vt 0.914062500 0.057373047
vt 0.908447266 0.030517578
vt 0.907714844 0.042480469
vt 0.908691406 0.085449219
vt 0.906005859 0.049560547
vt 0.897216797 0.035156250
v 0.242126495 0.099380523 0.187866151
vt 0.660156250 0.241455078
vn -0.386282086 -0.922347069 0.007883399
vt 0.684326172 0.235107422
v 0.242553741 0.099487320 0.141036928
vt 0.697021484 0.249267578
vn -0.244390115 -0.969677091 0.000000074
vt 0.747802734 0.228271484
vt 0.632324219 0.235107422
v 0.242919952 0.093917862 0.128143251
vt 0.703613281 0.252929688
vn -0.943741679 -0.330309600 0.015729167
vt 0.630126953 0.238525391
v 0.242965728 0.090438858 0.166656435
vt 0.676513672 0.248046875
vn -0.818263769 -0.574358284 0.023603896
v 0.251556426 0.087463409 0.205795228
vt 0.646972656 0.244140625
vn -0.565092683 -0.824093699 -0.039242443
vt 0.624267578 0.240234375
vt 0.645996094 0.246337891
v 0.250579864 0.087402374 0.178161561
vt 0.666992188 0.248535156
vn -0.455944359 -0.888305485 0.055027872
v 0.250824004 0.087249771 0.136932313
vt 0.695312500 0.255859375
v 0.242630020 0.088195816 0.092506357
vt 0.716796875 0.278076172
vn -0.767572284 -0.640962481 0.000000129
v 0.249588028 0.087783828 0.066680856
vt 0.723876953 0.300292969
vn -0.306734979 -0.951665044 -0.015729917
vt 0.892578125 0.099365234
vt 0.929443359 0.090820312
vt 0.937011719 0.122314453
v 0.243682861 0.095581070 0.008797590
vt 0.912353516 0.114501953
vn -0.897304058 -0.440780967 0.023613401
v 0.242630005 0.089263931 -0.038074549
vt 0.931884766 0.126220703
vn -0.645589232 -0.763684928 0.000000118
v 0.242828384 0.094863907 0.064338632
vt 0.889160156 0.100585938
vn -0.807774782 -0.588185608 -0.039212238
v 0.250671387 0.087295547 -0.011775073
vt 0.915039062 0.129882812
vn -0.376786500 -0.926266909 0.007849810
vt 0.883544922 0.107177734
v 0.260070801 0.086944595 0.015973987
vt 0.899902344 0.129394531
vt 0.857177734 0.093994141
vt 0.736083984 0.968261719
vt 0.758789062 0.967041016
vt 0.738281250 0.979736328
v 0.244064286 0.045898438 -0.436737120
vt 0.718261719 0.971191406
vn -0.998021960 -0.000000041 0.062867656
vt 0.734375000 0.966552734
vt 0.962158203 0.728027344
vt 0.981933594 0.708496094
v 0.241424620 0.092437774 0.396392763
vt 0.968994141 0.722900391
vn -0.996791542 -0.078487568 0.015697638
vt 0.983886719 0.710937500
vt 0.974121094 0.728027344
vt 0.961181641 0.740722656
v 0.244354308 0.089157134 0.431762636
vt 0.980468750 0.707275391
vn -0.891950905 -0.434135437 -0.126293793
vt 0.982910156 0.706542969
v 0.245285094 0.087951690 0.405731142
vt 0.970703125 0.716552734
vn -0.197629973 -0.980244875 0.007905270
v 0.247695982 0.087692291 0.428588808
vt 0.978515625 0.706542969
vn -0.197340533 -0.252595752 -0.947234035
vt 0.959472656 0.725341797
vt 0.950439453 0.729736328
v 0.261077940 0.087432891 0.428222597
vt 0.975830078 0.703613281
vn -0.007849445 -0.996883690 -0.078494735
vt 0.923339844 0.713134766
v 0.272216856 0.087356597 0.375793397
vt 0.953125000 0.694335938
v 0.275024474 0.087600738 0.402618349
vt 0.964111328 0.693847656
vn 0.227698043 -0.973605216 0.015703322
v 0.277008116 0.087768584 0.428588808
vt 0.976318359 0.696533203
vn 0.110263482 -0.551317871 -0.826976776
v 0.287567198 0.092102081 0.428893983
vt 0.976562500 0.692382812
vn 0.847560763 -0.329606980 -0.415932745
v 0.283874571 0.087493926 0.382141054
vt 0.957275391 0.682617188
vn 0.456508994 -0.889405429 0.023612512
v 0.288879454 0.093994170 0.388275087
vt 0.960937500 0.682128906
vn 0.956260383 -0.292410165 0.007902866
v 0.286987364 0.093856841 0.341857851
vt 0.955810547 0.664794922
vn 0.972975552 -0.227550685 -0.039232999
v 0.245025709 0.002746612 0.488189638
vt 0.955566406 0.295410156
vn -0.684678555 -0.306924939 0.661069214
v 0.243698195 0.015274078 0.481231630
vt 0.951416016 0.300537109
vn -0.980244875 -0.007905236 0.197630152
v 0.244216993 0.004699737 0.460357606
vt 0.951416016 0.284179688
vn -0.999195039 -0.039338432 -0.007867544
vt 0.944335938 0.315673828
v 0.249740675 0.019287139 0.488342226
vt 0.954345703 0.304687500
vn -0.244359627 0.015765177 0.969556510
vt 0.949951172 0.321533203
v 0.247757033 0.000259429 0.457092226
vt 0.956298828 0.282226562
vn -0.078497149 -0.996914387 0.000000054
v 0.272979796 0.006042510 0.488220155
vt 0.967285156 0.302734375
vn 0.015738409 -0.031476509 0.999380589
vt 0.955322266 0.334472656
v 0.280334532 0.070327789 0.488494813
vt 0.969970703 0.334716797
vn 0.204985261 -0.047304213 0.977621377
v 0.248687819 0.000183135 0.485443056
vt 0.957519531 0.294921875
vn -0.047146201 -0.974356353 0.220015988
v 0.287780821 0.000259429 0.486236513
vt 0.975097656 0.299316406
vn 0.055343412 -0.932930291 0.355778545
v 0.295257628 0.000427276 0.482147157
vt 0.979736328 0.298339844
vn 0.316366255 -0.941189468 0.118637323
v 0.295471251 0.053360015 0.486541688
vt 0.980224609 0.325683594
vn 0.596817911 0.047117256 0.800992191
v 0.296539366 0.075302154 0.477966249
vt 0.981933594 0.337402344
vn 0.967754245 -0.007867867 0.251773328
v 0.295990050 0.072021514 0.470001161
vt 0.988037109 0.336425781
vn 0.786256909 -0.157251313 0.597555101
v 0.295562804 0.071792632 0.456756532
vt 0.996826172 0.337646484
vn 0.996086419 -0.086959884 0.015810767
v 0.295776427 0.026031524 0.487792909
vt 0.982177734 0.311523438
vn 0.971520364 0.000000053 0.236956045
v 0.290618956 0.017944366 0.488433778
vt 0.978515625 0.306884766
vn 0.369792402 -0.125886679 0.920546710
v 0.296020567 0.014495879 0.481048524
vt 0.983398438 0.303955078
vn 0.983368337 -0.055068575 0.173072696
v 0.294860899 0.000335723 0.457824647
vt 0.991943359 0.290527344
vn 0.502753913 -0.864108264 -0.023566617
v 0.290649474 0.000152618 0.431396425
vt 0.989501953 0.281738281
vn 0.031562697 -0.994224012 -0.102578625
v 0.295654356 0.026382476 0.458496034
vt 0.995117188 0.307373047
vn 0.995464504 -0.007900472 -0.094806276
v 0.292785704 0.014877349 0.457244813
vt 0.996093750 0.299316406
vn 0.995464504 -0.007900464 0.094806023
vt 0.203125000 0.053710938
vt 0.176269531 0.045410156
vt 0.213867188 0.032470703
v 0.244018614 0.046813995 0.436706483
vt 0.190185547 0.024658203
vt 0.172363281 0.030517578
v 0.244140685 0.030883819 0.429077089
vt 0.198242188 0.019775391
vn -0.978229642 0.031555746 -0.205112532
v 0.244140685 0.003860503 0.428375185
vt 0.211425781 0.018310547
vn -0.895668626 -0.235702336 -0.377123505
v 0.250549376 0.046035796 0.428070009
vt 0.190429688 0.018066406
vn -0.220233753 0.015730919 -0.975320280
v 0.243957579 0.060913116 0.432281435
vt 0.183593750 0.024169922
vn -0.885763943 -0.039193150 -0.462478369
vt 0.171142578 0.027343750
vt 0.171386719 0.024658203
vt 0.016113281 0.531494141
vt 0.028808594 0.571289062
vt 0.017578125 0.553466797
vt 0.024414062 0.570068359
vt 0.018554688 0.569335938
vt 0.873535156 0.256835938
vt 0.878662109 0.254882812
v 0.243301377 0.095825210 -0.110710196
vt 0.875732422 0.284179688
vn -0.915402889 -0.402461648 -0.007891267
vt 0.880126953 0.304199219
vt 0.878417969 0.308105469
v 0.251037598 0.087417617 -0.103660636
vt 0.867675781 0.280273438
vn -0.275761545 -0.961226106 0.000000078
vt 0.873535156 0.308349609
vt 0.853271484 0.329345703
v 0.261505127 0.087081924 -0.073196471
vt 0.858886719 0.261962891
vt 0.880126953 0.248535156
vt 0.838867188 0.300537109
v 0.279754639 0.087127700 -0.078346312
vt 0.847656250 0.263427734
v 0.287170410 0.093353286 -0.127700880
vt 0.836914062 0.286865234
vn 0.951782823 -0.306772947 -0.000000111
v 0.287353516 0.093856826 -0.068725646
vt 0.841552734 0.258789062
vn 0.946291149 -0.323316097 -0.000000110
v 0.287475586 0.093566909 0.014339386
vt 0.843261719 0.227050781
vn 0.915431440 -0.402474135 -0.000000102
v 0.287170410 0.094772354 -0.148895338
vt 0.833496094 0.296630859
vt 0.819824219 0.321533203
v 0.287719727 0.110473648 -0.070716918
vt 0.831054688 0.255371094
vn 0.999969006 -0.007873728 -0.000000131
v 0.287597656 0.111343391 -0.135665968
vt 0.826660156 0.287597656
v 0.287689209 0.131683365 -0.032951418
vt 0.818847656 0.247558594
vn 0.999938011 -0.007873484 -0.007873659
v 0.287719727 0.112007156 0.010497032
vt 0.814453125 0.229492188
v 0.287506104 0.133773804 -0.098671019
vt 0.811035156 0.277099609
vn 1.000000000 0.000000044 -0.000000131
v 0.244140580 0.001159668 -0.469177306
vt 0.950439453 0.074951172
vn -0.965813160 -0.259120613 -0.007852002
vt 0.974853516 0.085693359
vt 0.961669922 0.108154297
v 0.244232133 0.005020142 -0.431213439
vt 0.964843750 0.069091797
vn -0.809094608 -0.086408183 0.581291437
v 0.249298051 0.045166016 -0.429870665
vt 0.979003906 0.082763672
vn -0.573648334 -0.125731155 0.809394360
v 0.272155702 0.003997803 -0.430023253
vt 0.968750000 0.057128906
vn -0.219934359 -0.251353681 0.942576408
v 0.248214677 0.000000000 -0.433166564
vt 0.963867188 0.065429688
vn -0.031432737 -0.997991085 0.055007432
v 0.294494569 0.001754761 -0.430114806
vt 0.968017578 0.048339844
vn 0.457047433 -0.441287011 0.772252321
v 0.295379579 0.000564575 -0.458435118
vt 0.947021484 0.049560547
vn 0.928903520 -0.369986981 0.015744023
v 0.295074403 0.000442505 -0.482544005
vt 0.934814453 0.057128906
vn 0.228900626 -0.970854282 -0.071038097
v 0.271911561 0.000808716 -0.489166319
vt 0.935791016 0.069335938
vn -0.015807511 -0.632297516 -0.774564445
v 0.294067323 0.006835938 -0.489563048
vt 0.931884766 0.058837891
vn 0.259697527 -0.291176200 -0.920746326
v 0.295471132 0.021240234 -0.488983214
vt 0.926025391 0.058105469
vn 0.864348292 0.000000016 -0.502893686
v 0.244064271 0.004714966 -0.489074767
vt 0.942626953 0.078613281
vn -0.568075001 -0.441836178 -0.694313824
v 0.243743837 0.032669067 -0.486236632
vt 0.942626953 0.089843750
vt 0.948730469 0.109375000
vt 0.937011719 0.086669922
vt 0.917236328 0.083007812
vt 0.939453125 0.107666016
vt 0.781738281 0.041015625
vt 0.771972656 0.032958984
vt 0.776123047 0.023681641
vt 0.774658203 0.051757812
vt 0.768554688 0.021484375
vt 0.764648438 0.016601562
vt 0.765625000 0.015869141
v 0.253875673 0.217878327 -0.489654601
vt 0.782470703 0.028808594
vn -0.283429563 0.110222511 -0.952637851
vt 0.789794922 0.042724609
vt 0.794433594 0.022460938
v 0.261077821 0.219182953 -0.499542296
vt 0.788818359 0.029785156
vn -0.465115309 0.212849274 -0.859280586
vt 0.794921875 0.040039062
v 0.276519716 0.219680771 -0.499511778
vt 0.793212891 0.026855469
vn 0.526320398 0.235665917 -0.816975176
v 0.276092470 0.185863480 -0.499542296
vt 0.799072266 0.034667969
vn 0.553312063 -0.134375811 -0.822063923
vt 0.804443359 0.034667969
v 0.292236269 0.220721230 -0.489746153
vt 0.800781250 0.017578125
vn 0.275752872 -0.007878687 -0.961196303
vt 0.812744141 0.037109375
vt 0.062988281 0.158203125
vt 0.067138672 0.190917969
vt 0.061279297 0.176757812
v 0.261657774 0.186237365 0.488189638
vt 0.069824219 0.163330078
vn -0.260586649 -0.063172519 0.963381469
vt 0.067626953 0.125000000
v 0.276031554 0.185615569 0.489135683
vt 0.082763672 0.165039062
vn 0.141264603 -0.047088109 0.988851368
v 0.266265929 0.220010787 0.499237001
vt 0.074218750 0.183593750
vn -0.023589039 0.133671969 0.990744889
vt 0.082275391 0.185546875
v 0.261169493 0.185791045 0.499359071
vt 0.074951172 0.166992188
vn -0.078603685 -0.298694521 0.951106310
v 0.289398253 0.173633605 0.488403261
vt 0.090087891 0.162841797
vn 0.283017576 0.000000054 0.959114730
vt 0.086669922 0.195068359
vt 0.090576172 0.201660156
vt 0.470703125 0.043945312
vt 0.465332031 0.027099609
vt 0.470703125 0.026611328
vt 0.470703125 0.018066406
vt 0.489013672 0.883544922
vt 0.485351562 0.882324219
vt 0.498046875 0.873535156
v 0.247985899 0.000122100 0.431335390
vt 0.500244141 0.875976562
vn -0.063213944 -0.979816318 -0.189641804
vt 0.517578125 0.883789062
v 0.269073546 0.004394561 0.428100526
vt 0.509277344 0.876708984
v 0.247863829 0.015396148 0.427917421
vt 0.502441406 0.866455078
vt 0.502685547 0.858642578
vt 0.512207031 0.853759766
v 0.271057189 0.071960479 0.428283632
vt 0.529785156 0.852783203
vt 0.526123047 0.842773438
vt 0.531250000 0.843505859
vt 0.537353516 0.843750000
v 0.291412413 0.003723174 0.428070009
vt 0.519775391 0.882080078
vn 0.204724282 -0.141732305 -0.968503952
v 0.295471251 0.031570464 0.427947938
vt 0.530273438 0.871582031
vn 0.283017337 -0.000000030 -0.959114850
v 0.294616759 0.063827544 0.428344667
vt 0.540039062 0.858154297
vn 0.392921925 0.015716856 -0.919437587
vt 0.542236328 0.842529297
v 0.295593321 0.002914459 0.433990419
vt 0.523681641 0.883789062
vn 0.993760109 -0.078869805 -0.078869976
vt 0.531494141 0.892822266
v 0.295227110 0.124473609 0.430114686
vt 0.557617188 0.833007812
vn 0.781614065 -0.007895085 -0.623712420
v 0.288574278 0.126869231 0.430633485
vt 0.555664062 0.829589844
vn 0.976983905 -0.015757771 -0.212730512
v 0.295806944 0.072937042 0.437622011
vt 0.550048828 0.858154297
vn 0.999721110 0.000000043 -0.023615589
v 0.288635314 0.145118743 0.428344667
vt 0.561523438 0.822021484
vn 0.808570802 -0.133453444 -0.573064983
v 0.295776427 0.003753692 0.455017030
vt 0.533447266 0.890869141
vn 0.996883690 -0.007849431 0.078494646
vt 0.540771484 0.889892578
v 0.295745909 0.145729095 0.428741395
vt 0.563964844 0.823242188
vn 0.989919007 -0.007856463 -0.141417116
v 0.292083800 0.162292510 0.426635683
vt 0.566162109 0.816162109
vn 0.905905068 -0.307219952 -0.291465223
vt 0.560302734 0.869628906
v 0.295776427 0.130981475 0.440032899
vt 0.564697266 0.831787109
vn 0.999969006 0.000000043 -0.007873903
v 0.295929015 0.185928375 0.455535829
vt 0.586914062 0.814697266
vn 0.996515274 -0.062772572 -0.054926164
v 0.295623839 0.104553252 0.455169618
vt 0.567382812 0.844726562
vn 0.997991085 0.031432830 -0.055007514
v 0.296051085 0.162765533 0.480895936
vt 0.600830078 0.832763672
vn 0.978686512 -0.007892581 0.205208316
v 0.296051085 0.073501617 0.451873720
vt 0.557617188 0.862792969
vn 0.517889917 -0.015693652 -0.855303288
v 0.304718077 0.071884185 0.451721132
vt 0.561279297 0.865478516
vn 0.845143735 -0.300144523 -0.442318380
v 0.304901183 0.104568511 0.452087343
vt 0.569580078 0.852294922
vn 0.855883062 0.259120554 -0.447572023
v 0.304779112 0.071731597 0.469970644
vt 0.566650391 0.868408203
vn 0.944530666 -0.228261486 0.236132547
vt 0.569580078 0.873779297
v 0.304779112 0.104415923 0.469818056
vt 0.575195312 0.856445312
vn 0.694313943 0.189358398 0.694313765
v 0.295990050 0.104415923 0.469879091
vt 0.581542969 0.851806641
vn 0.981456876 0.157033145 0.109923035
vt 0.575927734 0.873046875
v 0.294067442 0.083236724 0.488098085
vt 0.581298828 0.873535156
vn 0.502645493 -0.031415276 0.863921642
vt 0.579345703 0.879150391
vt 0.963378906 0.764892578
v 0.251525819 0.406921387 -0.428466856
vt 0.948730469 0.744140625
vn -0.292410076 0.007903007 0.956260443
vt 0.952148438 0.741943359
vt 0.944091797 0.732666016
v 0.274536073 0.413223267 -0.429321349
vt 0.942382812 0.746093750
vn 0.031471815 0.023603808 0.999225974
v 0.293456972 0.454299927 -0.430603087
vt 0.935058594 0.737304688
vn 0.314687699 0.519234598 0.794586122
v 0.294158876 0.412399292 -0.431457579
vt 0.937011719 0.747802734
vn 0.916667938 0.007834826 0.399573058
v 0.266448915 0.392379761 -0.429657042
vt 0.947021484 0.749511719
vn 0.023614861 -0.007871532 0.999690175
v 0.295226991 0.378082275 -0.430847228
vt 0.940673828 0.756835938
vn 0.466072112 0.000000059 0.884746790
v 0.295684755 0.372207642 -0.454589903
vt 0.934570312 0.759277344
vn 0.997991085 -0.007858151 0.062865444
vt 0.958007812 0.778564453
vt 0.963134766 0.775878906
v 0.295959413 0.293869019 -0.439483702
vt 0.941650391 0.779052734
vn 0.996914387 0.000000047 0.078497060
v 0.295928895 0.211046219 -0.452789366
vt 0.933593750 0.796875000
vn 0.997467637 -0.007854030 0.070686541
v 0.292114198 0.291248322 -0.429931700
vt 0.946777344 0.779052734
vn 0.275761694 0.000000054 0.961226046
v 0.278106630 0.235973835 -0.430664122
vt 0.963623047 0.784423828
vn 0.070826747 0.165262178 0.983703256
v 0.295501649 0.239567757 -0.430297911
vt 0.947265625 0.788330078
vn 0.606261730 0.007873588 0.795226216
vt 0.009521484 0.746337891
vt 0.007812500 0.764404297
vt 0.006103516 0.746582031
v 0.265808046 0.087234497 -0.404754698
vt 0.021484375 0.763916016
vn -0.039330974 -0.833818972 0.550635159
vt 0.020263672 0.731689453
vt 0.032470703 0.731445312
v 0.294952333 0.048553467 -0.429870665
vt 0.038818359 0.749755859
vn 0.784682035 0.000000061 0.619898617
v 0.293884218 0.080657959 -0.430084288
vt 0.037353516 0.761962891
vn 0.817202210 0.110008046 0.565755188
v 0.283660829 0.087936401 -0.430175841
vt 0.033447266 0.766113281
vn 0.535366714 -0.826669157 0.173206836
vt 0.803955078 0.916992188
vt 0.797363281 0.905517578
vt 0.806152344 0.917968750
v 0.271606386 0.414550781 -0.489410460
vt 0.810791016 0.909179688
vn 0.047073536 0.070610456 -0.996392667
v 0.256652772 0.410400391 -0.497924864
vt 0.809326172 0.914306641
vn -0.251656771 0.401077747 -0.880798221
v 0.274627626 0.398071289 -0.497802794
vt 0.811767578 0.915039062
vn 0.228829250 -0.331408054 -0.915317476
vt 0.813964844 0.916748047
v 0.284667909 0.402801514 -0.489440978
vt 0.816162109 0.910644531
vn 0.236889556 0.023688937 -0.971247792
vt 0.829833984 0.916748047
v 0.295135438 0.454376221 -0.489135802
vt 0.807373047 0.898681641
vn 0.329728752 0.588801503 -0.737964690
v 0.295715272 0.414321899 -0.487426817
vt 0.816162109 0.905029297
vn 0.909559131 0.000000022 -0.415574580
v 0.296264589 0.382049561 -0.482482970
vt 0.824218750 0.909912109
vn 0.908077061 -0.015792625 -0.418505251
v 0.296081483 0.372131348 -0.470733702
vt 0.829833984 0.908935547
vn 0.992741704 -0.063031182 -0.102425851
v 0.296081483 0.234264359 -0.483215392
vt 0.864501953 0.925048828
vn 0.991020679 0.000000037 -0.133709267
v 0.270324647 0.456283569 -0.456451476
vt 0.800537109 0.890625000
vt 0.791259766 0.885253906
vt 0.811279297 0.881347656
v 0.295776308 0.454162598 -0.456359923
vt 0.810302734 0.889648438
vn 0.958640933 0.282877654 0.031430710
vt 0.822998047 0.887695312
v 0.295593202 0.407440186 -0.454559386
vt 0.822265625 0.895996094
vn 0.989064693 0.062797807 0.133445099
vt 0.831298828 0.900878906
v 0.296325624 0.219403267 -0.470916808
vt 0.869873047 0.923828125
vn 0.997006476 0.031401820 -0.070654131
v 0.297576845 0.407287598 -0.470703185
vt 0.819824219 0.902343750
vn 0.919210434 0.188556030 -0.345686138
v 0.304901063 0.407287598 -0.452697814
vt 0.823486328 0.899414062
vn 0.917259276 0.235194743 0.321432590
v 0.305053651 0.371994019 -0.470855772
vt 0.827148438 0.905029297
vn 0.912255287 -0.023592791 -0.408942163
v 0.304931581 0.371841431 -0.452514708
vt 0.829101562 0.902343750
vn 0.778057694 -0.432254195 0.455831677
vt 0.321777344 0.586425781
v 0.265350312 0.273887634 -0.129959166
vt 0.300292969 0.591064453
vn 0.613488913 0.786524355 -0.070787311
vt 0.310058594 0.575683594
v 0.264862031 0.274070740 -0.153076231
vt 0.289306641 0.582763672
vn 0.598963976 0.788110435 0.141859770
vt 0.288818359 0.571044922
v 0.277008027 0.254606247 -0.142837584
vt 0.281494141 0.594238281
vn 0.970763624 0.236771658 0.039461799
v 0.267272919 0.276161194 -0.180313170
vt 0.273681641 0.572265625
vn 0.867083073 0.496602148 0.039412733
vt 0.272460938 0.554443359
v 0.277465791 0.246227264 -0.160614073
vt 0.265380859 0.596923828
vn 0.988790512 0.149103373 -0.007847680
v 0.271148652 0.227452517 -0.132965147
vt 0.285644531 0.603515625
vn 0.996515274 0.054926086 0.062772483
v 0.278625458 0.257833481 -0.212539732
vt 0.250732422 0.558105469
vn 0.946261644 0.323306084 0.007885375
vt 0.261474609 0.541259766
vt 0.245361328 0.519042969
vt 0.210937500 0.523681641
v 0.277374238 0.246894836 -0.183349669
vt 0.255615234 0.583007812
vn 0.993389368 -0.110376544 0.031536043
v 0.273071259 0.233079433 -0.221176207
vt 0.230957031 0.569091797
vn 0.999102235 0.015733939 0.039334603
v 0.277679414 0.231966734 -0.277710021
vt 0.206298828 0.530517578
vn 0.934462190 0.235578775 0.266989082
v 0.278320283 0.225760937 -0.245971739
vt 0.216552734 0.554199219
vn 0.990163505 0.110018224 0.086442716
v 0.269348115 0.227362871 -0.202545226
vt 0.234619141 0.584472656
vn 0.983490050 0.180962205 -0.000000137
v 0.273712128 0.235173225 -0.162994444
vt 0.257568359 0.599121094
vn 0.984374106 -0.031499933 -0.173249975
v 0.280670136 0.234203815 -0.162719786
vt 0.256591797 0.604736328
vn 0.846935093 0.423467606 -0.321521819
v 0.278259248 0.234686852 -0.198394835
vt 0.235839844 0.593505859
vn -0.521043658 0.852616847 -0.039472971
v 0.281097382 0.230035692 -0.200576842
vt 0.234130859 0.596679688
vn 0.994688690 -0.086837858 -0.055260610
v 0.277008027 0.237089634 -0.153900206
vt 0.270507812 0.601562500
vn 0.283949107 0.922834694 0.260286659
v 0.274566621 0.230028510 -0.138534606
vt 0.281005859 0.603515625
vn 0.094608657 -0.488810658 0.867244780
v 0.287261933 0.231063008 -0.161834791
vt 0.259521484 0.607910156
vn 0.965366721 0.180515766 -0.188364387
v 0.280548066 0.230721235 -0.155242980
vt 0.265380859 0.606689453
vn 0.978717029 0.000000052 0.205214709
v 0.276489228 0.225945473 -0.189254820
vt 0.239990234 0.607421875
vn 0.949903786 -0.062803529 -0.306167454
v 0.274444550 0.225455761 -0.212814391
vt 0.229736328 0.599609375
vn 0.872044623 -0.463519126 0.157125041
vt 0.233154297 0.606689453
vt 0.231933594 0.610839844
v 0.279022187 0.192306519 -0.193817198
vt 0.232421875 0.630126953
vn 0.988851488 -0.141264439 -0.047088288
v 0.282165498 0.209182739 -0.177612364
vt 0.243652344 0.618896484
vn 0.990530550 0.055029519 -0.125781789
v 0.281646699 0.197967529 -0.161102355
vt 0.250732422 0.626708984
vn 0.934635043 -0.180643737 -0.306309104
v 0.273559541 0.180973053 -0.162628233
vt 0.245605469 0.641113281
vn 0.933771491 -0.345260024 -0.094161943
v 0.273498505 0.180637360 -0.231979430
vt 0.215087891 0.651367188
vn 0.987440705 0.157990545 -0.000000136
v 0.286682099 0.194637299 -0.160934523
vt 0.253173828 0.629150391
vn 0.936398566 -0.259673536 -0.236066982
v 0.284790009 0.206707001 -0.155319288
vt 0.260742188 0.625000000
vn 0.950871289 -0.125734970 0.282903701
v 0.282775849 0.210996628 -0.145538390
vt 0.265380859 0.622070312
vn 0.916945934 0.221331835 0.331997514
vt 0.271240234 0.611816406
v 0.276153535 0.181083679 -0.157592833
vt 0.248046875 0.642822266
vn 0.804047465 0.591211438 0.063062422
v 0.281738251 0.180126190 -0.223724425
vt 0.217041016 0.659667969
vn 0.353433400 0.934635103 -0.039270468
v 0.287506074 0.177925110 -0.155792311
vt 0.247070312 0.650878906
vn 0.905147195 0.425025702 0.007870709
v 0.287445039 0.176498413 -0.219879225
vt 0.218261719 0.663818359
vn 0.990898073 0.133692637 -0.015728677
v 0.287567109 0.168155670 -0.237594679
vt 0.208740234 0.671875000
vn 0.996210933 0.086970843 -0.000000134
v 0.287445068 0.149177551 -0.118026800
vt 0.253662109 0.678955078
v 0.287628144 0.149520874 -0.220642164
vt 0.215820312 0.688964844
vt 0.855712891 0.074707031
vt 0.879638672 0.095458984
vt 0.846679688 0.082763672
vt 0.901123047 0.089843750
vt 0.897949219 0.079833984
vt 0.884033203 0.067871094
vt 0.900878906 0.054443359
vt 0.889892578 0.060546875
vt 0.888916016 0.060058594
v 0.282958955 0.087478638 -0.380737364
vt 0.864990234 0.067626953
vn 0.330340236 -0.943829238 0.007865241
vt 0.845703125 0.066650391
v 0.287567109 0.096466064 -0.353820860
vt 0.875244141 0.062500000
vn 0.980580688 -0.196116075 -0.000000120
v 0.287750214 0.110137939 -0.315765440
vt 0.887451172 0.053710938
v 0.287689179 0.091781616 -0.383972228
vt 0.863525391 0.064941406
vn 0.963171303 -0.268424749 0.015789578
v 0.288207948 0.093536377 -0.430084288
vt 0.845458984 0.063964844
vn 0.956723094 -0.070577867 0.282311589
v 0.287567079 0.110099792 -0.399780333
vt 0.858154297 0.057128906
vn 0.999969006 0.007873815 -0.000000131
v 0.287536591 0.129684448 -0.356353819
vt 0.871337891 0.044433594
v 0.287536561 0.130157471 -0.430664122
vt 0.844726562 0.052246094
vn 0.991020679 0.000000049 0.133708999
v 0.287719667 0.149604797 -0.429931700
vt 0.842041016 0.044433594
v 0.274200439 0.271732330 -0.036846228
vt 0.854736328 0.563720703
vn 0.733695030 0.654803097 0.181451336
vt 0.844238281 0.552246094
vt 0.851318359 0.539794922
vt 0.866455078 0.544921875
v 0.267944336 0.275897980 -0.004494734
vt 0.869628906 0.554687500
vn 0.676494539 0.715825737 -0.173056886
v 0.279327393 0.250944138 -0.008953162
vt 0.873535156 0.566650391
vn 0.918955207 0.282755494 -0.274901241
v 0.280334473 0.267635345 -0.050437994
vt 0.848388672 0.568847656
vn 0.677901268 0.733079374 -0.055178143
v 0.290740967 0.211227432 -0.038456030
vt 0.866943359 0.592041016
vn 0.934635103 0.243476450 0.259184420
v 0.300781250 0.167236343 -0.020162649
vt 0.882324219 0.610351562
vn 0.943362415 0.267286032 -0.196533978
v 0.296997070 0.241825119 -0.051185675
vt 0.852294922 0.583496094
vn 0.883562267 0.394447476 0.252446204
v 0.270141602 0.273483276 -0.064590521
vt 0.838867188 0.566894531
vn 0.702597499 0.710491955 -0.039471895
vt 0.835693359 0.549560547
v 0.300720215 0.172454849 -0.038513251
vt 0.872314453 0.611328125
vn 0.778924227 0.251773536 0.574358165
v 0.313507080 0.126579300 -0.025156088
vt 0.886718750 0.630615234
vn 0.986149132 0.165673092 0.007889056
v 0.317932129 0.127868667 -0.036403723
vt 0.880859375 0.633056641
vn 0.764514744 0.133987159 0.630527437
vt 0.828613281 0.556884766
v 0.265258759 0.278717041 -0.112304755
vt 0.814208984 0.568115234
vn 0.583111167 0.803747892 -0.118198335
vt 0.810546875 0.558105469
v 0.284820557 0.260963440 -0.090652533
vt 0.827636719 0.579101562
vn 0.855672121 0.510263264 0.086352102
v 0.286407441 0.253892899 -0.111366339
vt 0.817382812 0.583496094
vn 0.809694290 0.369472206 -0.455944568
v 0.326080322 0.171585098 -0.082763746
vt 0.843505859 0.624755859
vn 0.928759634 0.369929731 -0.023612671
v 0.307250977 0.205137268 -0.076217718
vt 0.843750000 0.604248047
vn 0.889653563 0.456636369 -0.000000137
v 0.308868408 0.207036987 -0.049957346
vt 0.857421875 0.602050781
vn 0.889653563 0.314921647 0.330667585
v 0.316314697 0.174736038 -0.051651068
vt 0.862548828 0.617187500
vn 0.842284799 0.259770095 0.472309083
v 0.339996338 0.130867019 -0.079879828
vt 0.851318359 0.645019531
vn 0.979174674 0.197414294 0.047379285
v 0.328613281 0.129615799 -0.049320292
vt 0.871582031 0.637207031
vn 0.882519364 0.070916787 0.464898407
vt 0.072021484 0.966308594
vt 0.069091797 0.965332031
vt 0.083007812 0.958740234
vt 0.088378906 0.967529297
v 0.275329560 0.253932953 -0.110618658
vt 0.101806641 0.953857422
vn 0.956693590 0.133309796 -0.258777887
vt 0.104736328 0.973876953
vt 0.101074219 0.948730469
vt 0.116455078 0.961181641
v 0.281005830 0.236138821 -0.112007208
vt 0.112304688 0.945800781
vn 0.527869999 0.677564621 -0.512112856
v 0.282501221 0.229523033 -0.112098761
vt 0.112060547 0.943603516
vn 0.882656217 -0.267949224 -0.386162221
vt 0.129882812 0.926269531
vt 0.129638672 0.929199219
v 0.273345917 0.233249903 -0.113327093
vt 0.114013672 0.947753906
vn 0.055141937 0.827130735 -0.559297919
v 0.277709961 0.226762772 -0.114151068
vt 0.116455078 0.949707031
vn 0.948939383 -0.180376872 -0.258801758
vt 0.124755859 0.938720703
vt 0.797607422 0.134765625
vt 0.821289062 0.130126953
vt 0.786132812 0.149169922
v 0.278289825 0.087219253 0.071769655
vt 0.779296875 0.180664062
vn 0.205214888 -0.978717029 0.000000016
vt 0.841796875 0.149902344
vt 0.809814453 0.178955078
v 0.287078887 0.092071548 0.071571290
vt 0.779785156 0.184814453
v 0.286865264 0.091918960 0.156982347
vt 0.737304688 0.189208984
vn 0.946173429 -0.323275864 0.015769446
vt 0.808105469 0.193115234
vt 0.836914062 0.221679688
v 0.274414122 0.071167022 0.498199403
vt 0.929931641 0.188964844
vn 0.243966118 -0.251835823 0.936514437
v 0.260376036 0.104599029 0.497955263
vt 0.940673828 0.199951172
vn -0.545885324 0.158227667 0.822783947
vt 0.925292969 0.204589844
vt 0.946044922 0.203613281
vt 0.927001953 0.183837891
v 0.277862608 0.104705840 0.497894228
vt 0.941894531 0.192138672
vn 0.501687050 0.211649224 0.838757813
v 0.276886046 0.104751617 0.488067567
vt 0.946777344 0.188720703
vn 0.149974152 0.063147008 0.986671269
vt 0.983154297 0.193847656
vt 0.936035156 0.178955078
vt 0.981201172 0.181640625
vt 0.934082031 0.165771484
vt 0.951660156 0.160644531
vt 0.941162109 0.170654297
v 0.292236328 0.256935120 0.005397727
vt 0.954589844 0.141845703
vn 0.882108569 0.441054344 -0.165395498
vt 0.929931641 0.147705078
v 0.296844482 0.216317192 0.016040733
vt 0.962158203 0.117919922
vn 0.932930291 0.355778545 0.055343185
v 0.265930176 0.274421692 0.040962152
vt 0.924316406 0.138183594
vn 0.851132810 0.520136774 0.070927598
vt 0.905029297 0.138427734
vt 0.472900391 0.728027344
vt 0.486572266 0.796875000
v 0.270935118 0.087127715 0.300659120
vt 0.468505859 0.724853516
vt 0.522216797 0.694091797
v 0.282043517 0.087402374 0.316314638
vt 0.481689453 0.712402344
vn 0.244390205 -0.969677091 0.000000010
vt 0.526855469 0.684814453
vt 0.497314453 0.699707031
v 0.283477843 0.088241607 0.301086366
vt 0.469238281 0.713867188
vn 0.980973184 -0.188346818 -0.047086839
v 0.281646758 0.087341338 0.284576356
vt 0.456298828 0.716796875
vn 0.392970592 -0.919551075 -0.000000011
v 0.279480010 0.087173492 0.241409242
vt 0.426269531 0.707519531
vn 0.118212938 -0.992988288 0.000000028
v 0.271209747 0.087188736 0.152877748
vt 0.374267578 0.696289062
v 0.284027129 0.093841583 0.279144228
vt 0.451416016 0.712158203
vn 0.986149251 -0.165673018 0.007889071
v 0.286315948 0.115959197 0.296783388
vt 0.455810547 0.702392578
vn 0.926695347 -0.369107425 0.070680045
v 0.284362823 0.090255767 0.245681703
vt 0.428955078 0.706298828
vn 0.973695278 -0.227719009 0.007852264
v 0.286346465 0.115234397 0.249053881
vt 0.427246094 0.696533203
vn 0.828365386 -0.560132682 -0.007889277
v 0.291015655 0.111503631 0.272705019
vt 0.439453125 0.695800781
vn -0.597315192 -0.801659942 -0.023578120
v 0.287017852 0.115463279 0.228256151
vt 0.416259766 0.695556641
vn 0.905063093 -0.424986124 -0.015740328
v 0.296478301 0.111396819 0.263214052
vt 0.431884766 0.692871094
vn 0.205593050 -0.956798375 -0.205593020
v 0.294464141 0.112884544 0.239044115
vt 0.419677734 0.692871094
vn 0.007870940 -0.905147195 0.425025702
vt 0.405273438 0.219726562
v 0.277862549 0.267463684 0.048019342
vt 0.398437500 0.209228516
vn 0.788968384 0.560167670 -0.252470016
vt 0.422607422 0.215087891
vt 0.406982422 0.205566406
vt 0.373779297 0.179199219
v 0.298004150 0.245098129 0.072029047
vt 0.379638672 0.222656250
vn 0.748008311 0.661396861 0.055116273
vt 0.409667969 0.230957031
v 0.308929443 0.203706756 0.035842825
vt 0.363525391 0.190917969
vn 0.889625847 0.370021433 -0.267675191
v 0.311706543 0.168300644 0.021846702
vt 0.342773438 0.179687500
vn 0.924879432 0.260863483 -0.276673466
v 0.308715820 0.207536712 0.049346853
vt 0.362304688 0.200683594
vn 0.865712464 0.401375830 -0.299064457
v 0.323547363 0.165557876 0.043178491
vt 0.339111328 0.188964844
vn 0.924013793 0.300107092 -0.236926779
v 0.307067871 0.227237001 0.062263418
vt 0.369628906 0.213134766
vn 0.871614218 0.400471449 -0.282685846
v 0.312744141 0.215809837 0.074989252
vt 0.359619141 0.219970703
vn 0.948090971 0.284427285 0.142213494
vt 0.393554688 0.242675781
v 0.298004150 0.240608230 0.085586481
vt 0.374267578 0.230468750
vn 0.653340876 0.322734684 0.684827030
v 0.286865264 0.224830642 0.117103510
vt 0.375000000 0.258300781
vn 0.943712413 0.290978014 0.157285258
v 0.287628174 0.231092945 0.100128107
vt 0.370849609 0.248779297
vn 0.945732474 0.315244168 -0.078811176
v 0.326202393 0.166244522 0.067657396
vt 0.331542969 0.207763672
vn 0.947234035 0.252595752 0.197340280
v 0.342224121 0.112800613 0.054199148
vt 0.302001953 0.193603516
vn 0.985566676 -0.078845292 -0.149806276
v 0.339660645 0.111412063 0.067802362
vt 0.300048828 0.204101562
vn 0.929508626 0.126035124 0.346596301
v 0.332733184 0.103164688 0.072341852
vt 0.293945312 0.209472656
vn 0.695266783 -0.600457549 0.395037860
v 0.334594756 0.109016433 0.075897150
vt 0.297851562 0.211181641
vn 0.574447274 0.015738336 0.818390310
v 0.319793701 0.156021133 0.081588671
vt 0.325439453 0.219238281
vn 0.778442442 0.133671984 0.613318145
v 0.309173584 0.208374038 0.086570673
vt 0.354980469 0.228027344
vn 0.644950032 0.117978700 0.755063236
v 0.313812256 0.151763931 0.083656237
vt 0.323242188 0.224121094
vn -0.062921815 -0.117978610 0.991020679
v 0.317413360 0.101791397 0.077178888
vt 0.293457031 0.220214844
vn -0.354759783 -0.307458580 0.882958055
v 0.300872803 0.211133972 0.088325433
vt 0.356933594 0.233886719
vn -0.094452940 -0.086581945 0.991757214
v 0.311889648 0.129547134 0.078605592
vt 0.309570312 0.225097656
vn -0.638171196 -0.236359760 0.732715249
v 0.306701660 0.118026748 0.066680849
vt 0.301269531 0.231201172
vn -0.936891735 -0.283429474 0.204699174
v 0.299011230 0.142051712 0.074279726
vt 0.316894531 0.233398438
vn -0.560866177 -0.552966774 0.616163075
v 0.299560547 0.164207473 0.080337457
vt 0.329345703 0.235351562
vn 0.353695482 -0.007859840 0.935327590
v 0.282043457 0.239282623 0.089996271
vt 0.374267578 0.240966797
vn 0.699985087 0.141570047 0.699984908
v 0.290618896 0.203567520 0.085571222
vt 0.353759766 0.240722656
vn 0.582316399 -0.062953047 0.810521185
v 0.290649414 0.204082504 0.095046930
vt 0.354980469 0.246582031
vn 0.989461064 0.031411499 -0.141351700
v 0.296875030 0.203647628 0.109733514
vt 0.355957031 0.255126953
vn 0.996392667 0.047073711 -0.070610635
v 0.286438018 0.171775833 0.099746637
vt 0.336181641 0.250732422
vn 0.992372215 -0.055131748 -0.110263705
v 0.292053223 0.178852096 0.077842645
vt 0.339111328 0.239990234
vn 0.748774707 0.031527419 0.662074327
v 0.290313751 0.160224944 0.098426752
vt 0.328125000 0.249755859
vn 0.975410879 0.220254108 0.007866080
vt 0.168457031 0.786865234
vt 0.215820312 0.782226562
vt 0.244140625 0.789794922
vt 0.252685547 0.779785156
vt 0.314453125 0.786621094
vt 0.069580078 0.542480469
vt 0.060302734 0.507812500
vt 0.067382812 0.458496094
v 0.273803651 0.236023426 -0.401672423
vt 0.021240234 0.879882812
vn 0.973455131 0.196261153 -0.117756806
vt 0.033447266 0.886962891
v 0.272735536 0.229589462 -0.367614806
vt 0.027587891 0.897949219
vn 0.967994034 0.188876927 0.165267125
vt 0.025634766 0.877441406
vt 0.043701172 0.876953125
vt 0.014892578 0.864746094
v 0.279174745 0.233639002 -0.397064269
vt 0.019775391 0.887207031
vn 0.472778231 0.748565435 0.464898437
v 0.272735566 0.230744779 -0.338195860
vt 0.032470703 0.909667969
vn 0.999225974 -0.023603722 -0.031471815
v 0.284210145 0.241124153 -0.400787413
vt 0.018066406 0.885009766
vn 0.543813050 0.811778963 -0.212796539
v 0.282043397 0.229620904 -0.405151427
vt 0.012207031 0.886962891
vn 0.950167298 0.204168215 -0.235578820
vt 0.323242188 0.008300781
vt 0.336669922 0.021484375
v 0.271362245 0.232379675 -0.429534972
vt 0.325683594 0.024902344
vn 0.983764231 0.141662076 0.110181458
vt 0.323242188 0.022705078
v 0.273467958 0.227602720 -0.428253233
vt 0.324462891 0.025634766
vn 0.959322333 0.275215447 -0.062906526
v 0.280303895 0.228670359 -0.430511534
vt 0.326904297 0.030517578
vn 0.212433979 -0.055075392 0.975622118
vt 0.330566406 0.032470703
v 0.280731142 0.200387955 -0.429565489
vt 0.322509766 0.042724609
vn 0.946173489 0.015769612 0.323275775
vt 0.335449219 0.041992188
vt 0.332763672 0.032470703
vt 0.073242188 0.052978516
vt 0.072998047 0.047119141
vt 0.081054688 0.051269531
v 0.281311005 0.204521179 -0.216812193
vt 0.083007812 0.065429688
vn 0.978686512 0.205208495 -0.007892771
vt 0.099609375 0.061279297
v 0.278625458 0.190631866 -0.230972350
vt 0.081787109 0.076660156
vn 0.980460048 -0.196091965 0.015687242
vt 0.088134766 0.079833984
v 0.270141572 0.223344326 -0.228790343
vt 0.068359375 0.062255859
vn 0.990530550 0.125781700 0.055029344
v 0.281951874 0.205394745 -0.248428404
vt 0.066406250 0.079345703
vn 0.991480768 0.055082314 0.118033297
vt 0.057617188 0.066894531
vt 0.070800781 0.042480469
v 0.279266328 0.225112438 -0.284881651
vt 0.042724609 0.086669922
vn 0.985903800 0.165631875 -0.023661826
v 0.282501191 0.204286575 -0.286224425
vt 0.050048828 0.097900391
vt 0.041259766 0.080566406
vt 0.057861328 0.050048828
vt 0.069091797 0.039062500
vt 0.057373047 0.043457031
vt 0.631835938 0.059326172
v 0.273590058 0.181106567 -0.282074034
vt 0.657470703 0.069580078
vn 0.966707587 0.251501173 0.047156330
vt 0.629638672 0.064941406
v 0.278198212 0.180660248 -0.238220274
vt 0.636474609 0.058105469
vn 0.385994345 0.921660006 0.039387088
vt 0.629394531 0.053710938
vt 0.638183594 0.048583984
v 0.285858124 0.179027557 -0.249359205
vt 0.644042969 0.057128906
vn 0.582821727 0.811224759 0.047255699
v 0.279205292 0.180530548 -0.301208556
vt 0.670410156 0.069824219
vn 0.464898467 0.882519305 -0.070916817
v 0.287384003 0.177963257 -0.308136046
vt 0.675781250 0.063964844
vn 0.983459592 0.180956602 -0.007867813
vt 0.638183594 0.030029297
v 0.287719697 0.149368286 -0.299743712
vt 0.683837891 0.045654297
v 0.287628144 0.132438660 -0.279205382
vt 0.675537109 0.030029297
v 0.274383515 0.233302355 -0.287353575
vt 0.374755859 0.068359375
vn 0.974416494 0.180738583 -0.133589506
vt 0.382812500 0.076660156
vt 0.374511719 0.074462891
v 0.286254853 0.234957695 -0.283966124
vt 0.370605469 0.072509766
vn 0.884085000 0.370999992 -0.284170330
vt 0.394042969 0.059814453
vt 0.397949219 0.073242188
vt 0.371582031 0.065673828
v 0.278106660 0.232428074 -0.327056944
vt 0.388671875 0.057617188
vn 0.527020156 0.849525154 0.023597814
vt 0.418701172 0.048339844
v 0.281951845 0.229151964 -0.377288878
vt 0.408935547 0.047119141
vn 0.996179819 -0.086968035 -0.007906316
v 0.280548066 0.226082802 -0.307220519
vt 0.378662109 0.057373047
vn 0.993605554 0.047314592 -0.102514982
vt 0.365966797 0.059082031
v 0.278991669 0.192092896 -0.330658019
vt 0.362792969 0.047119141
vn 0.985413551 -0.165549427 -0.039416663
v 0.273559541 0.180461884 -0.287170470
vt 0.354248047 0.054931641
vn 0.996975780 0.054951463 -0.054951556
v 0.271057069 0.218450546 -0.362030089
vt 0.021484375 0.213867188
vt 0.020263672 0.227294922
vt 0.010009766 0.212646484
vt 0.005126953 0.223632812
vt 0.021728516 0.219238281
v 0.278198183 0.224564075 -0.380737364
vt 0.027832031 0.219726562
vn 0.950841963 -0.180738479 0.251462191
v 0.279937685 0.197368622 -0.371002257
vt 0.031738281 0.210449219
vn 0.993111670 0.086700268 0.078818254
v 0.276824892 0.224499702 -0.344085753
vt 0.011474609 0.210205078
vn 0.773478031 -0.631410599 -0.055248506
v 0.280395448 0.206047058 -0.350036681
vt 0.021728516 0.206542969
vn 0.976014912 0.212519422 0.047226395
v 0.269866914 0.223237038 -0.331268370
vt 0.012207031 0.204101562
vn 0.997991085 0.055007428 -0.031432923
vt 0.005371094 0.195068359
vt 0.020019531 0.195800781
v 0.273498476 0.180683136 -0.399597228
vt 0.393310547 0.090820312
vn 0.991266012 -0.125874996 0.039335825
vt 0.362792969 0.100097656
vt 0.342041016 0.096191406
v 0.280120790 0.193798065 -0.399292052
vt 0.396484375 0.096191406
vn 0.962931275 -0.252572089 0.094714426
vt 0.382324219 0.099609375
vt 0.371582031 0.103759766
v 0.282104433 0.220625877 -0.400604308
vt 0.398925781 0.106933594
vn 0.996914387 0.047098365 0.062797621
v 0.282989442 0.204847336 -0.402282774
vt 0.399902344 0.100341797
vn 0.906946898 -0.260254294 -0.331232905
vt 0.412109375 0.096191406
vt 0.391113281 0.111083984
vt 0.402343750 0.109619141
v 0.279846132 0.224753380 -0.402343810
vt 0.400390625 0.109619141
vn 0.322504759 0.070793718 -0.943916798
vt 0.398681641 0.114501953
v 0.291229188 0.207651138 -0.404724181
vt 0.406982422 0.118652344
vn 0.998361051 -0.055027731 0.015722092
vt 0.405761719 0.118896484
v 0.276733428 0.260416061 0.276946962
vt 0.957031250 0.920166016
vn 0.983368337 0.180939823 -0.015734030
vt 0.945068359 0.915527344
vt 0.975830078 0.916259766
v 0.282196075 0.246868163 0.261047304
vt 0.947753906 0.927001953
vn 0.985689163 0.165595815 0.031541914
vt 0.936523438 0.922119141
v 0.292480499 0.166252166 0.242690966
vt 0.939697266 0.967773438
vn 0.988790512 0.149103373 0.007847407
v 0.292175323 0.159683257 0.265563905
vt 0.953125000 0.968750000
vn 0.987999916 0.141142890 0.062730022
v 0.296173126 0.145507842 0.263549745
vt 0.954345703 0.975585938
vn 0.970038831 0.236594886 -0.055205598
v 0.290496856 0.162719756 0.280700624
vt 0.961669922 0.966308594
vn 0.985689163 0.165595815 -0.031542193
v 0.296966583 0.155143768 0.305023134
vt 0.975341797 0.970947266
vn 0.955216885 0.205253243 -0.213147715
v 0.289123565 0.202028304 0.307586610
vt 0.975341797 0.947509766
vn 0.960243106 0.181029469 -0.212512970
v 0.287261993 0.245207816 0.330657899
vt 0.985839844 0.926513672
vn 0.960481048 0.275547862 -0.039364114
v 0.307373106 0.154930145 0.328430116
vt 0.985595703 0.970703125
vn 0.966319680 0.219975248 -0.133556515
vt 0.555664062 0.131591797
vt 0.544921875 0.141113281
vt 0.542724609 0.140625000
v 0.280273408 0.196716309 -0.129272521
vt 0.548095703 0.124267578
vn 0.996147394 -0.078436755 0.039218277
vt 0.561523438 0.127929688
vt 0.559814453 0.114013672
vt 0.533203125 0.138916016
v 0.273895264 0.181045532 -0.091934271
vt 0.533203125 0.114257812
vn 0.951665044 0.298870027 -0.070785135
v 0.284362793 0.178840637 -0.130569518
vt 0.547119141 0.106201172
vn 0.496849179 0.867514491 0.023659384
vt 0.558349609 0.106201172
v 0.287475586 0.171463013 -0.128265455
vt 0.544677734 0.101318359
vn 0.994688690 0.102626652 0.007894219
vt 0.537353516 0.090820312
v 0.287414551 0.175331116 -0.089363165
vt 0.527099609 0.108886719
vn 0.938288510 0.236543387 -0.252313018
v 0.287475586 0.150268570 -0.085243292
vt 0.520751953 0.098144531
vn 0.944442809 -0.094444253 -0.314814389
v 0.279052734 0.194255829 -0.093391486
vt 0.531494141 0.120849609
vn 0.740800679 -0.346757829 -0.575302899
v 0.296173096 0.176853180 -0.091331549
vt 0.522705078 0.112060547
vn -0.556541920 -0.368415117 -0.744668663
v 0.287322998 0.148078933 -0.080268927
vt 0.520996094 0.094970703
vn 0.978778005 -0.197334215 0.055253476
v 0.297607422 0.153251648 -0.085731573
vt 0.516357422 0.100341797
vn -0.141499966 -0.966916621 -0.212249935
v 0.304260254 0.149208069 -0.091003485
vt 0.511962891 0.100585938
vn -0.884636402 -0.458115280 -0.086883791
vt 0.539062500 0.148193359
vt 0.540771484 0.155761719
vt 0.531494141 0.139648438
v 0.283874512 0.217985153 -0.109817572
vt 0.528564453 0.134277344
vn -0.243154198 -0.290216208 -0.925554216
v 0.297760010 0.182746887 -0.102783270
vt 0.518066406 0.118408203
vn -0.829398453 -0.308062315 -0.466042757
v 0.316467285 0.127456665 -0.104873724
vt 0.497558594 0.096923828
vn -0.638092101 -0.259963483 -0.724746466
vt 0.531982422 0.148925781
v 0.301208496 0.190254226 -0.108665533
vt 0.515869141 0.123535156
vn -0.102371842 -0.070872776 -0.992218256
v 0.330108643 0.125999451 -0.106315680
vt 0.490234375 0.099609375
vn 0.596817672 -0.047117203 -0.800992310
v 0.304290771 0.206748962 -0.107772894
vt 0.515869141 0.132812500
vn 0.676557302 0.228141457 -0.700158358
vt 0.491943359 0.129394531
v 0.320556641 0.169258133 -0.105011061
vt 0.501953125 0.119140625
vn 0.817201972 0.251446784 -0.518609107
vt 0.478759766 0.109375000
v 0.335601807 0.125175476 -0.086570807
vt 0.479248047 0.104248047
vn 0.925024092 -0.371590853 0.079061784
v 0.333374023 0.124588028 -0.074958868
vt 0.474609375 0.105957031
vn 0.834464669 -0.440849215 -0.330637008
v 0.332031250 0.122970589 -0.088020392
vt 0.480712891 0.101562500
vn 0.102537163 -0.891284823 -0.441698641
v 0.323883057 0.116539009 -0.092605658
vt 0.482177734 0.096435547
vn 0.282764286 -0.447709918 0.848292530
v 0.328613281 0.123718277 -0.077674933
vt 0.473876953 0.103759766
vn -0.313785791 -0.917823613 0.243184119
v 0.333099365 0.108856216 -0.073494025
vt 0.467285156 0.103271484
vn -0.511161864 -0.062912278 -0.857178867
v 0.330810547 0.123847976 -0.068840094
vt 0.470703125 0.100341797
vn 0.386102289 -0.527935565 0.756445050
v 0.327178955 0.094833389 -0.071823187
vt 0.459472656 0.101074219
vn 0.031597253 -0.292273283 0.955812752
v 0.339324951 0.106117263 -0.074531622
vt 0.464111328 0.106201172
vn 0.750220954 -0.086867623 0.655456007
vt 0.070312500 0.237060547
v 0.279663056 0.191814423 -0.279968321
vt 0.074951172 0.243652344
vn 0.920205057 -0.361789972 0.149434894
vt 0.042236328 0.255615234
vt 0.055664062 0.260253906
vt 0.075439453 0.226074219
vt 0.080566406 0.250732422
v 0.290039033 0.206491470 -0.286102355
vt 0.086669922 0.244140625
vn 0.970763624 -0.173632473 -0.165740252
v 0.287322968 0.216856003 -0.279663146
vt 0.090576172 0.251220703
vn 0.039241478 -0.070634373 0.996730208
v 0.283752412 0.220387459 -0.286346495
vt 0.090332031 0.256835938
vn -0.409043431 0.007866160 -0.912481129
vt 0.082275391 0.255371094
vt 0.094726562 0.258300781
vt 0.101318359 0.257812500
vt 0.102783203 0.254394531
vt 0.109619141 0.258789062
vt 0.097167969 0.244873047
vt 0.101562500 0.246093750
vt 0.011718750 0.477294922
vt 0.007812500 0.466552734
vt 0.011962891 0.465820312
vt 0.005615234 0.477050781
vt 0.004638672 0.466552734
vt 0.001220703 0.467285156
v 0.282623321 0.087493926 0.183364809
vt 0.525634766 0.937988281
vn 0.379556388 -0.925168633 -0.000000009
vt 0.539794922 0.930419922
vt 0.569091797 0.949218750
vt 0.500732422 0.931640625
vt 0.535156250 0.946777344
vt 0.498046875 0.934814453
v 0.284210235 0.092590362 0.214996278
vt 0.511962891 0.938720703
vt 0.502441406 0.947021484
v 0.286315948 0.115760826 0.191039965
vt 0.518310547 0.954345703
vn 0.956958413 -0.290225089 -0.000000113
v 0.286926299 0.109748863 0.160598680
vt 0.530517578 0.958984375
vn 0.999473393 -0.031479433 0.007869739
v 0.288970977 0.123489402 0.152450487
vt 0.528320312 0.966796875
vn 0.670185268 -0.741146088 -0.039422721
v 0.293518096 0.116592430 0.180602953
vt 0.518554688 0.960449219
vn 0.117637113 -0.901884615 -0.415651202
v 0.293914825 0.116104148 0.187301561
vt 0.517089844 0.958251953
vn 0.094862476 -0.972339690 0.213440448
v 0.294525176 0.114273094 0.209442064
vt 0.509033203 0.955810547
vn -0.260149121 -0.953880250 -0.149782777
v 0.292327911 0.115310691 0.192565843
vt 0.516357422 0.956542969
vn -0.023579638 -0.998206854 0.055019323
v 0.300628692 0.120010398 0.206573412
vt 0.508544922 0.959716797
vn 0.997991085 0.007858238 -0.062865712
vt 0.823730469 0.796875000
vt 0.830566406 0.782714844
vt 0.842041016 0.799804688
v 0.311584473 0.169422165 0.000464312
vt 0.824707031 0.846435547
vn 0.920062721 0.243777350 -0.306687713
vt 0.843994141 0.824462891
vt 0.809082031 0.843994141
vt 0.836181641 0.852783203
v 0.320800781 0.124107376 -0.001864262
vt 0.813720703 0.871826172
vn 0.962391734 0.118326895 -0.244542286
vt 0.798583984 0.866943359
v 0.325805664 0.120636001 0.021070413
vt 0.825683594 0.879394531
vn 0.920546710 0.062943392 -0.385528237
v 0.334808350 0.123435989 0.037364889
vt 0.835449219 0.881835938
vn 0.879710734 0.243491411 -0.408437252
vt 0.840820312 0.893554688
vt 0.847656250 0.863769531
vt 0.980712891 0.981689453
v 0.278716981 0.180522919 -0.371521056
vt 0.953857422 0.983886719
vn 0.369849503 0.928558409 0.031476468
vt 0.986328125 0.977294922
vt 0.943359375 0.982910156
v 0.280548036 0.180755615 -0.399627745
vt 0.943603516 0.985351562
vn 0.417258233 0.866007626 0.275547773
vt 0.992431641 0.985107422
vt 0.993896484 0.988037109
vt 0.014160156 0.912109375
vt 0.024414062 0.910644531
vt 0.028564453 0.914550781
vt 0.016357422 0.917724609
vt 0.028076172 0.916748047
vt 0.034667969 0.915039062
vt 0.006347656 0.925781250
v 0.273834169 0.180793762 -0.405181944
vt 0.077392578 0.753662109
vn 0.879087269 -0.141281858 -0.455241770
v 0.274078310 0.180702209 -0.429626524
vt 0.086425781 0.760742188
vn 0.967964053 0.133783698 0.212479785
vt 0.072753906 0.764892578
vt 0.068603516 0.766845703
vt 0.085937500 0.769287109
vt 0.079101562 0.750244141
v 0.287628114 0.178096771 -0.429321349
vt 0.092529297 0.759277344
vn 0.825825095 0.361790061 0.432574838
v 0.291168153 0.198528290 -0.429046690
vt 0.089355469 0.769531250
vn 0.306763589 0.007865785 0.951753259
v 0.295806825 0.206239700 -0.438171446
vt 0.094238281 0.772216797
vn 0.998484433 0.000000046 0.055034444
vt 0.096435547 0.785156250
v 0.295623720 0.192817688 -0.432251036
vt 0.092529297 0.766601562
vn 0.550908029 0.023610404 0.834232032
vt 0.102539062 0.752929688
v 0.287414491 0.178539276 -0.385040343
vt 0.081787109 0.743408203
vn 0.960749149 0.275624752 0.031499833
vt 0.077148438 0.738525391
v 0.287536561 0.170921326 -0.368560851
vt 0.082519531 0.734863281
vn 0.978717029 0.205214888 -0.000000137
vt 0.078613281 0.704345703
vt 0.068359375 0.708251953
vt 0.072021484 0.710205078
v 0.287628233 0.237436801 0.367065370
vt 0.864257812 0.708740234
vn 0.967784166 0.251781255 -0.000000138
vt 0.853515625 0.696044922
vt 0.866455078 0.692138672
vt 0.880615234 0.694824219
v 0.301117003 0.210813552 0.399383485
vt 0.885986328 0.708007812
vn 0.948150158 0.260741323 -0.181728929
v 0.287689269 0.223471195 0.381439149
vt 0.874267578 0.714599609
vn 0.938346863 0.244443357 -0.244443461
v 0.303100646 0.157341033 0.374877870
vt 0.869140625 0.748291016
vn 0.962301970 0.260294825 -0.078877352
v 0.313324034 0.150573760 0.393859804
vt 0.879638672 0.749755859
vn 0.922949493 0.268207580 -0.276096135
v 0.305603087 0.151741058 0.356964052
vt 0.858398438 0.750732422
vn 0.963261306 0.268449873 0.007895446
v 0.310485899 0.141014129 0.371337831
vt 0.865234375 0.755859375
vn 0.924244404 0.347579181 -0.157990649
v 0.293151915 0.196872741 0.348510683
vt 0.853271484 0.727050781
vn 0.969586670 0.236484602 0.063062415
vt 0.839355469 0.705322266
vt 0.840332031 0.688720703
vt 0.833251953 0.694580078
vt 0.845947266 0.749023438
v 0.319854796 0.109657317 0.361175478
vt 0.858398438 0.771484375
vn 0.962451696 0.157779008 -0.220890686
v 0.319519103 0.110473663 0.367095888
vt 0.861083984 0.771240234
vn 0.976014912 0.141679615 -0.165292978
v 0.317535460 0.084136993 0.363861024
vt 0.860595703 0.782470703
vn 0.212007806 -0.965813041 0.149190649
v 0.319549620 0.111221343 0.348419130
vt 0.851318359 0.771972656
vn 0.977256954 0.157622129 -0.141860008
v 0.315826476 0.115234405 0.333679140
vt 0.843261719 0.770263672
vn 0.926266849 -0.007849695 -0.376786649
v 0.317504942 0.111625701 0.341766298
vt 0.847900391 0.772705078
vn 0.361790121 0.149435058 0.920204937
v 0.314514220 0.110832244 0.339996278
vt 0.848144531 0.774169922
vn -0.541230559 -0.831455827 0.125502869
v 0.315429747 0.086196929 0.343475282
vt 0.839355469 0.784912109
vn -0.671250224 -0.718632638 -0.181632295
v 0.322113097 0.103424102 0.341125429
vt 0.844482422 0.774658203
vn 0.965366781 -0.094182082 -0.243303955
vt 0.898681641 0.836181641
vt 0.921875000 0.821289062
vt 0.920654297 0.837890625
v 0.285949737 0.210596099 0.131988451
vt 0.895507812 0.846435547
vn 0.971490085 0.236948848 0.007898156
vt 0.916748047 0.850585938
vt 0.898437500 0.827392578
vt 0.888427734 0.834228516
v 0.291748077 0.195297256 0.122360162
vt 0.887207031 0.842285156
vn 0.951311946 0.188690022 0.243724421
v 0.293151885 0.172214523 0.116989069
vt 0.874511719 0.843261719
vn 0.993760109 0.078869894 0.078869723
v 0.293273956 0.204339996 0.129333422
vt 0.890869141 0.846435547
vn 0.981941283 0.015711110 0.188532591
v 0.289489776 0.199014679 0.139984056
vt 0.890625000 0.852783203
vn 0.985842407 0.110414386 -0.126187965
v 0.286865264 0.169254318 0.136657640
vt 0.875000000 0.853759766
vn 0.996914387 0.062797800 -0.047098454
v 0.295227081 0.129470855 0.135635301
vt 0.853759766 0.854492188
vn 0.946644306 0.118330590 0.299770564
v 0.295898467 0.125724822 0.147079393
vt 0.853027344 0.861572266
vn 0.914975584 -0.031550862 -0.402273893
v 0.292755157 0.194343582 0.157104418
vt 0.890625000 0.862548828
vn 0.984587789 0.173287496 0.023629971
v 0.295257598 0.167850509 0.158065721
vt 0.876464844 0.865234375
vn 0.991542220 0.125910163 0.031477395
v 0.299194366 0.156066924 0.160064623
vt 0.869873047 0.867187500
vn 0.984374106 0.157499894 -0.078750059
v 0.302459747 0.127456695 0.163635179
vt 0.854980469 0.869873047
v 0.288452178 0.201250091 0.170425341
vt 0.895507812 0.869384766
vn 0.980822265 0.149085030 0.125545114
vt 0.922363281 0.857177734
vt 0.924804688 0.868408203
vt 0.908691406 0.881591797
v 0.288848907 0.163810760 0.181884691
vt 0.877197266 0.877929688
vn 0.992002964 0.125968680 -0.007873176
vt 0.914062500 0.896728516
v 0.291961700 0.153503448 0.182540819
vt 0.871093750 0.878906250
vn 0.973965526 0.219927743 0.054981787
v 0.296936065 0.126182586 0.184936449
vt 0.856445312 0.880371094
vn 0.981941283 0.125688523 0.141399398
v 0.295684844 0.116493247 0.192184374
vt 0.851562500 0.884277344
vn 0.942431092 -0.329850823 0.054975037
vt 0.853515625 0.890869141
v 0.291626006 0.164642364 0.203430101
vt 0.875976562 0.889404297
vn 0.990163505 0.110018209 -0.086442985
v 0.291656524 0.190570861 0.231552050
vt 0.888916016 0.903808594
vn 0.989461064 0.109940171 0.094234258
vt 0.920898438 0.909179688
vt 0.877197266 0.909912109
v 0.295196563 0.151901275 0.205566332
vt 0.869628906 0.890869141
vn 0.983216226 0.180911839 -0.023597324
v 0.299865752 0.119255088 0.235824510
vt 0.851562500 0.905761719
vn 0.998021960 0.062867567 -0.000000134
vt 0.002441406 0.894287109
vt 0.004150391 0.893554688
vt 0.003906250 0.899169922
vt 0.006591797 0.902587891
vt 0.015380859 0.906250000
vt 0.012939453 0.906982422
vt 0.015625000 0.894775391
vt 0.020507812 0.902587891
vt 0.004638672 0.890380859
vt 0.078369141 0.110351562
vt 0.086669922 0.109130859
vt 0.086914062 0.158691406
vt 0.076171875 0.116210938
vt 0.067626953 0.095214844
vt 0.062988281 0.093994141
vt 0.949218750 0.342773438
vt 0.960937500 0.348144531
vt 0.949462891 0.348144531
vt 0.966308594 0.342041016
vt 0.964111328 0.349121094
vt 0.987060547 0.345947266
vt 0.658691406 0.120117188
vt 0.680175781 0.129394531
v 0.285553038 0.246004134 0.426849306
vt 0.665283203 0.130371094
vn 0.939428151 0.331562907 -0.086838037
vt 0.670410156 0.135009766
v 0.300842345 0.198066741 0.424896181
vt 0.637939453 0.139160156
vn 0.836801589 0.228936300 0.497344166
v 0.288360655 0.194961578 0.426818788
vt 0.640136719 0.146484375
vn 0.597186267 0.031430908 0.801486552
vt 0.639892578 0.122070312
v 0.297973692 0.152923614 0.425109804
vt 0.616699219 0.150634766
vn -0.007861706 -0.055032831 0.998453617
vt 0.622314453 0.152343750
v 0.316070616 0.150848418 0.413848817
vt 0.611816406 0.136718750
vn 0.962871253 0.260448813 0.071031339
v 0.311767638 0.150909454 0.421539247
vt 0.612792969 0.142333984
vn 0.536164999 0.118271738 0.835786462
vt 0.608154297 0.124511719
vt 0.642089844 0.112060547
v 0.331512511 0.105423003 0.414123476
vt 0.586181641 0.140136719
vn 0.978229523 0.205112681 0.031555656
vt 0.598144531 0.114257812
vt 0.605224609 0.113769531
vt 0.582763672 0.115234375
v 0.322143614 0.096099883 0.422546327
vt 0.583740234 0.147705078
vn 0.299584448 -0.015767543 0.953939557
v 0.325622618 0.100219756 0.393707216
vt 0.580078125 0.131347656
vn 0.796436965 -0.591413498 -0.126168296
v 0.316284239 0.101577789 0.378448427
vt 0.577148438 0.121582031
vn -0.496910959 -0.851847470 -0.165636897
v 0.318847716 0.099166900 0.388610780
vt 0.577392578 0.126953125
vn 0.346531808 -0.244147509 -0.905708432
v 0.317413390 0.073165923 0.388091981
vt 0.566162109 0.124511719
vn 0.031582404 -0.986948133 0.157911748
v 0.325439513 0.094116241 0.413055360
vt 0.580322266 0.142822266
vn 0.891617656 -0.418192327 -0.173589379
v 0.325744689 0.093780547 0.403045595
vt 0.578369141 0.138916016
vn 0.755624413 -0.354198962 -0.550976276
v 0.321228087 0.074447662 0.404388368
vt 0.569824219 0.140869141
vn -0.299537718 -0.953791440 0.023647802
v 0.324432433 0.075378448 0.420226991
vt 0.573974609 0.146728516
vn 0.746137321 -0.196351826 0.636180043
v 0.317810118 0.059967071 0.416290224
vt 0.566162109 0.146240234
vn -0.705367386 -0.219447672 -0.674017489
v 0.306976378 0.089859039 0.420501649
vt 0.583740234 0.157714844
vn -0.368936688 -0.251191020 0.894868076
v 0.294403136 0.133918792 0.419525087
vt 0.608154297 0.157470703
vn -0.631331861 -0.165724650 0.757598519
v 0.288208067 0.134910613 0.414764345
vt 0.611083984 0.161865234
vn 0.519830227 -0.330800921 0.787621319
v 0.295410216 0.109916717 0.413513124
vt 0.596923828 0.162841797
vn -0.786840677 -0.204578593 0.582262337
v 0.295929015 0.088363677 0.410247743
vt 0.584716797 0.164794922
vn -0.838213086 -0.268860817 0.474460393
vt 0.618652344 0.161621094
v 0.290405333 0.110054046 0.398498476
vt 0.597412109 0.171386719
vn -0.921231329 -0.228339434 -0.314950734
vt 0.614990234 0.171386719
v 0.288208067 0.111114532 0.401885927
vt 0.599609375 0.170898438
vn 0.996975899 -0.054951381 0.054951303
vt 0.609619141 0.185546875
vt 0.593750000 0.182373047
vt 0.207031250 0.009277344
vt 0.230224609 0.004150391
vt 0.221923828 0.017089844
vt 0.236816406 0.006591797
vt 0.223876953 0.031738281
vt 0.219238281 0.026123047
vt 0.219238281 0.021728516
v 0.287902892 0.110534698 0.358673036
vt 0.125488281 0.024658203
vn 0.999752104 -0.015744084 -0.015744258
v 0.288330138 0.119491607 0.385406435
vt 0.137939453 0.029785156
vn 0.944530606 -0.228261515 -0.236132756
vt 0.134033203 0.038818359
vt 0.122314453 0.038330078
vt 0.136230469 0.038818359
v 0.300201476 0.122596771 0.385436952
vt 0.144775391 0.032226562
vn -0.338824421 -0.559454203 -0.756445050
v 0.299896300 0.105918914 0.391387880
vt 0.142089844 0.041503906
vn -0.212756917 -0.000000052 -0.977105200
v 0.312225401 0.099655181 0.392974794
vt 0.148193359 0.046386719
vn -0.000000075 -0.628520012 -0.777793527
v 0.315246642 0.103012115 0.386199892
vt 0.152099609 0.043457031
vn -0.841841519 -0.464192986 -0.275368541
v 0.296478331 0.139137298 0.372192323
vt 0.148437500 0.022216797
vn 0.000000010 -0.969677091 -0.244390115
v 0.287872374 0.132141143 0.374023378
vt 0.142578125 0.022460938
vn 0.891284823 -0.441698641 -0.102537282
v 0.304260314 0.128715545 0.375549257
vt 0.150146484 0.028564453
vn -0.930172563 -0.354726851 -0.094593689
vt 0.156494141 0.042480469
v 0.307922423 0.107177764 0.361877382
vt 0.162353516 0.033691406
vn -0.819100797 -0.567069888 0.086635798
v 0.318420470 0.081024200 0.373290956
vt 0.162841797 0.050781250
vn -0.737600982 -0.674826503 0.023540586
v 0.288024962 0.132194549 0.328826845
vt 0.096435547 0.016357422
vn 0.948653638 -0.316217840 0.007905336
vt 0.117675781 0.024902344
vt 0.114013672 0.032226562
vt 0.118408203 0.019042969
vt 0.098876953 0.034179688
v 0.287139952 0.111076385 0.316497743
vt 0.084716797 0.017089844
vn 0.996730208 -0.070634373 -0.039241470
vt 0.087402344 0.032470703
vt 0.094726562 0.051513672
vt 0.071533203 0.017089844
vt 0.607910156 0.046142578
v 0.288116515 0.129631072 0.310516298
vt 0.611572266 0.054687500
vn -0.031636499 -0.640641570 0.767188191
vt 0.603027344 0.057617188
vt 0.615234375 0.035400391
vt 0.619140625 0.047851562
v 0.295349181 0.136756927 0.328124940
vt 0.606201172 0.062011719
vn 0.213273928 -0.971580923 0.102687426
v 0.299804747 0.135551482 0.341857851
vt 0.601562500 0.066162109
vn -0.706997633 -0.691286683 0.149255186
vt 0.589111328 0.073486328
v 0.300567687 0.134765655 0.327545106
vt 0.608398438 0.064941406
vn -0.858880341 -0.260028005 0.441259772
v 0.298004210 0.111480743 0.321685731
vt 0.620117188 0.062011719
vn -0.911241412 -0.235665947 0.337787896
v 0.292968780 0.109787017 0.300598085
vt 0.623046875 0.051269531
vn -0.751651943 -0.648794353 0.118682019
v 0.297485411 0.108505279 0.305450380
vt 0.625000000 0.053955078
vn 0.299027205 -0.723960757 -0.621661961
v 0.299530089 0.109787017 0.310485780
vt 0.624511719 0.057861328
vn 0.189064428 -0.732624173 0.653847456
v 0.304687560 0.110908538 0.321289003
vt 0.623535156 0.063232422
vn 0.716624379 -0.692999303 0.078749858
vt 0.516845703 0.019042969
vt 0.476318359 0.029296875
vt 0.476318359 0.018066406
v 0.287017852 0.109687828 0.123474061
vt 0.494873047 0.032470703
vn 0.998731434 -0.039320089 0.031455979
v 0.286865264 0.114456199 0.119430482
vt 0.498046875 0.036376953
vn 0.996147394 -0.039218359 -0.078436933
v 0.287445098 0.124137901 0.134399340
vt 0.486328125 0.035644531
vn 0.915459931 -0.394594759 -0.078919068
vt 0.478515625 0.034423828
vt 0.479736328 0.036865234
v 0.286804229 0.119804405 0.123626649
vt 0.492675781 0.038818359
vn 0.992495358 0.031507839 0.118154086
v 0.292022735 0.126655608 0.124427736
vt 0.493652344 0.043945312
vn 0.361611217 -0.746805489 0.558138847
v 0.296051055 0.128570586 0.119674623
vt 0.496826172 0.045166016
vn 0.669021785 -0.676892579 -0.306962997
v 0.294738799 0.126052886 0.131118700
vt 0.493408203 0.047851562
vn 0.655170143 -0.678851008 -0.331531942
v 0.290679961 0.128044158 0.121093690
vt 0.498535156 0.044677734
vn -0.188748360 -0.833638489 -0.519057810
vt 0.499755859 0.040283203
vt 0.499511719 0.045166016
vt 0.891113281 0.008300781
v 0.287597686 0.129615813 0.103118837
vt 0.900634766 0.019775391
vn 0.935241103 -0.353662580 0.015718231
vt 0.883544922 0.007080078
vt 0.895019531 0.004150391
v 0.287933379 0.113342308 0.097816408
vt 0.910888672 0.005859375
vn 0.996914387 -0.062797710 0.047098190
vt 0.890380859 0.017089844
vt 0.891357422 0.023193359
v 0.292297393 0.135444671 0.101509035
vt 0.905273438 0.023925781
vn 0.985474825 -0.157675922 0.063070267
vt 0.887695312 0.016845703
v 0.300689727 0.134788543 0.119193971
vt 0.894287109 0.027099609
vn 0.993204236 0.055178057 -0.102473579
vt 0.890136719 0.032470703
vt 0.891113281 0.036865234
vt 0.882812500 0.016845703
v 0.289123565 0.108863853 0.135650560
vt 0.880859375 0.012939453
vn 0.425474077 -0.740639806 0.520023704
vt 0.875244141 0.014160156
vt 0.875732422 0.006591797
vt 0.218750000 0.985351562
vt 0.199707031 0.982910156
vt 0.195312500 0.969482422
vt 0.186279297 0.995605469
vt 0.187011719 0.991455078
v 0.287994415 0.126472503 0.097099245
vt 0.193359375 0.991210938
vn 0.981820107 -0.172800303 -0.078545727
v 0.287750274 0.111145034 0.084419191
vt 0.205810547 0.988769531
vn 0.993976593 -0.094664387 -0.055221047
v 0.287261963 0.115417495 0.072349489
vt 0.214111328 0.992675781
vn 0.944442928 -0.094444223 0.314814150
v 0.287200928 0.122123733 0.074714601
vt 0.213623047 0.995605469
vn 0.993605554 -0.047314510 -0.102514982
v 0.287719727 0.113075271 0.068183839
vt 0.216552734 0.994873047
vn 0.995994210 -0.023527384 -0.086267352
vt 0.790527344 0.048583984
v 0.288970947 0.114051834 0.059299406
vt 0.791503906 0.060302734
vn 0.987872362 -0.039514840 0.150156468
vt 0.786376953 0.063720703
v 0.287506104 0.111663833 0.055591520
vt 0.803466797 0.055419922
vn 0.997375369 -0.054973405 -0.047120221
vt 0.834472656 0.047363281
v 0.287628174 0.117942825 0.056079801
vt 0.798339844 0.065673828
vn 0.971399188 0.236926690 0.015794970
v 0.297698975 0.133094802 0.054473814
vt 0.797607422 0.060791016
vn 0.928989887 0.007872822 -0.370021552
v 0.288513184 0.132476822 0.044944700
vt 0.806152344 0.078125000
vn 0.903888166 -0.400854677 0.149337932
v 0.287811279 0.122718826 0.039596494
vt 0.816650391 0.063476562
vn 0.996423304 -0.078458481 -0.031383537
v 0.288085938 0.137138382 0.004210886
vt 0.840087891 0.057373047
vn 0.931243718 -0.363027215 0.031567477
vt 0.786376953 0.073486328
v 0.293243408 0.136405960 0.070007265
vt 0.779296875 0.074218750
vn 0.142062843 -0.260448813 -0.954978883
vt 0.787597656 0.077148438
v 0.289093018 0.135963455 0.072158754
vt 0.794677734 0.082031250
vn 0.876355231 -0.481600612 0.007894999
v 0.298065186 0.144737259 0.062469423
vt 0.803466797 0.086425781
vn 0.015776979 -0.986057103 0.165657640
v 0.299835205 0.136833206 0.041065149
vt 0.818603516 0.078613281
vn 0.047173936 -0.904167414 -0.424565554
v 0.288269043 0.137504593 0.035461362
vt 0.823486328 0.069824219
vn 0.756445110 -0.606731951 -0.244268805
v 0.303131104 0.147804275 0.025453502
vt 0.833740234 0.076171875
vn -0.221400917 -0.972582757 -0.071164511
v 0.306396484 0.126853958 0.046756677
vt 0.820068359 0.083740234
vn -0.918841958 -0.337694079 -0.204186976
vt 0.050048828 0.991943359
vt 0.023193359 0.991210938
vt 0.041748047 0.979492188
v 0.288299561 0.141273513 -0.018697802
vt 0.025390625 0.980712891
vn 0.455733299 -0.880036652 -0.133577004
vt 0.055908203 0.971679688
v 0.301055908 0.136474624 0.008020336
vt 0.043457031 0.972167969
vn -0.653219342 -0.550907969 0.519427598
v 0.297821045 0.137008682 -0.001349156
vt 0.036865234 0.973632812
vn -0.613128781 -0.786062539 -0.078606136
v 0.301940918 0.119339004 -0.003288810
vt 0.035644531 0.962890625
vn -0.916002095 -0.394828528 0.071069255
v 0.299407959 0.139488235 -0.014993733
vt 0.027099609 0.973388672
vn -0.897109509 -0.440685391 -0.031477388
v 0.295928955 0.141502395 -0.038448397
vt 0.016113281 0.982177734
vn -0.705345631 -0.705345690 -0.070534445
v 0.302703857 0.121940628 -0.041370459
vt 0.016113281 0.955078125
vn -0.876191497 -0.410468102 -0.252595574
v 0.307800293 0.113555923 -0.025327748
vt 0.025878906 0.950195312
vn -0.353706151 -0.825314581 0.440167844
vt 0.513916016 0.336425781
v 0.288085938 0.146522537 -0.047630373
vt 0.515136719 0.324707031
vn 0.590386450 -0.566770971 -0.574642897
vt 0.520507812 0.340576172
vt 0.523925781 0.327636719
vt 0.504150391 0.304931641
vt 0.494384766 0.302734375
vt 0.504150391 0.300537109
vt 0.486328125 0.295654297
vt 0.430175781 0.280029297
v 0.287322998 0.155357376 -0.055114809
vt 0.514160156 0.316406250
vn 0.765204191 -0.615318775 -0.189328939
v 0.295776367 0.161773697 -0.066513129
vt 0.514892578 0.307861328
vn 0.449530214 -0.867514372 0.212935328
vt 0.513427734 0.297851562
v 0.304046631 0.162223831 -0.058075018
vt 0.520019531 0.310791016
vn -0.494091064 -0.847013295 -0.196067795
vt 0.519287109 0.293212891
v 0.311462402 0.145401016 -0.053455420
vt 0.527343750 0.314453125
vn -0.577079654 -0.371544451 -0.727278352
v 0.301025391 0.138122573 -0.044040747
vt 0.526367188 0.323486328
vn -0.622182310 -0.315029055 -0.716690898
v 0.318939209 0.142890945 -0.066223212
vt 0.531250000 0.307373047
vn -0.916487932 -0.395037919 -0.063205928
vt 0.535400391 0.325683594
vt 0.528564453 0.339599609
v 0.322448730 0.125076309 -0.060390539
vt 0.541259766 0.311767578
vn -0.789263368 -0.370953828 -0.489343137
v 0.314697266 0.146247879 -0.081276014
vt 0.526855469 0.298828125
vn -0.788551271 -0.465245277 0.402161300
vt 0.543212891 0.331054688
v 0.309417725 0.113067642 -0.032783575
vt 0.542236328 0.327880859
vn 0.023694819 -0.710846424 -0.702948034
v 0.312561035 0.117980972 -0.042770453
vt 0.541503906 0.322998047
vn -0.723960757 -0.621662021 -0.299027145
v 0.322601318 0.122558609 -0.053955145
vt 0.543701172 0.314697266
vn -0.733695030 -0.654803097 -0.181451336
v 0.316741943 0.118087783 -0.043808050
vt 0.543701172 0.321044922
vn 0.945233583 -0.322954774 0.047261570
vt 0.548583984 0.316406250
v 0.325531006 0.123321548 -0.056736059
vt 0.543701172 0.312988281
vn 0.901468873 -0.352748632 0.250843406
v 0.319335938 0.128631607 -0.078941412
vt 0.536621094 0.299072266
vn -0.798225641 -0.474193513 0.371451676
vt 0.542236328 0.300781250
vt 0.543212891 0.291015625
v 0.311035156 0.120430000 -0.093254149
vt 0.536621094 0.288085938
vn -0.932755291 -0.347807109 0.094856605
vt 0.533935547 0.283447266
v 0.305816650 0.093734756 -0.088768065
vt 0.549560547 0.276855469
vn 0.000000123 0.157990545 0.987440705
v 0.318298340 0.098983780 -0.089798041
vt 0.552001953 0.283935547
vn 0.528477252 -0.631017685 -0.567915916
vt 0.752685547 0.769042969
vt 0.739990234 0.683105469
vt 0.763916016 0.708496094
vt 0.722900391 0.752685547
v 0.287475556 0.110527046 -0.234619215
vt 0.719970703 0.699462891
vt 0.744873047 0.658447266
vt 0.707275391 0.704589844
vt 0.735595703 0.655761719
vt 0.712646484 0.693847656
vt 0.791259766 0.100830078
vt 0.795654297 0.105468750
vt 0.792968750 0.106689453
v 0.294341981 0.130622864 -0.430877745
vt 0.811279297 0.109619141
vn 0.628500700 -0.007856195 0.777769387
vt 0.809814453 0.111572266
v 0.295471132 0.132820129 -0.439209044
vt 0.815917969 0.107421875
v 0.295318544 0.150566101 -0.430358946
vt 0.820068359 0.115234375
vn 0.853255272 -0.007900451 0.521433592
vt 0.817626953 0.117431641
vt 0.834716797 0.125976562
vt 0.839599609 0.127685547
vt 0.819091797 0.093017578
vt 0.866943359 0.160644531
vt 0.847656250 0.143066406
vt 0.845703125 0.122802734
vt 0.853271484 0.107910156
v 0.304901063 0.185466766 -0.465850890
vt 0.853759766 0.111328125
vn 0.970280230 -0.228765205 -0.078884691
v 0.304901063 0.219644547 -0.458404601
vt 0.855468750 0.117675781
vn 0.954978883 0.260448813 0.142062828
vt 0.865966797 0.115966797
vt 0.855712891 0.101806641
vt 0.870849609 0.117187500
vt 0.284912109 0.982421875
v 0.291046172 0.133987457 0.086708009
vt 0.283691406 0.990722656
vn 0.678407311 -0.733626485 0.039442230
vt 0.279296875 0.983154297
v 0.298828155 0.138359085 0.083923280
vt 0.280029297 0.994873047
vn 0.937676787 -0.291546524 0.189111173
vt 0.264160156 0.996826172
vt 0.277587891 0.999511719
vt 0.264160156 0.982421875
v 0.288787872 0.124816909 0.084976137
vt 0.985351562 0.647949219
vn 0.900208890 0.031586334 0.434311181
vt 0.977539062 0.650390625
vt 0.978759766 0.643310547
vt 0.982421875 0.659912109
vt 0.987304688 0.655273438
vt 0.991943359 0.640869141
vt 0.989746094 0.646484375
v 0.293518066 0.134994522 0.081344545
vt 0.989257812 0.635009766
vn 0.495051026 -0.353607982 -0.793653429
vt 0.978271484 0.631103516
vt 0.985595703 0.629882812
vt 0.012695312 0.547607422
vt 0.012451172 0.564697266
vt 0.009277344 0.556884766
vt 0.009033203 0.560058594
vt 0.000244141 0.556396484
vt 0.005371094 0.563476562
vt 0.011230469 0.570312500
vt 0.278808594 0.047119141
vt 0.297607422 0.049316406
vt 0.267333984 0.060791016
vt 0.277832031 0.064941406
vt 0.329833984 0.047363281
v 0.295929015 0.233880073 0.438598573
vt 0.848632812 0.365722656
vn 0.994719684 0.000000039 -0.102629930
v 0.294525206 0.229164809 0.428436220
vt 0.843750000 0.363525391
vn 0.646069944 0.102425739 -0.756374776
vt 0.850585938 0.356689453
vt 0.827636719 0.367187500
vt 0.857421875 0.354980469
v 0.294677794 0.197128326 0.428100526
vt 0.831542969 0.371093750
vn 0.824627042 0.015707193 -0.565458655
vt 0.818359375 0.378417969
vt 0.813232422 0.387207031
vt 0.876708984 0.355224609
v 0.295990050 0.218920738 0.451751649
vt 0.849853516 0.374511719
vn 0.979510546 0.039496426 -0.197482094
vt 0.838134766 0.391845703
v 0.300811827 0.218974143 0.470764101
vt 0.863037109 0.384765625
vn 0.991910815 0.062978514 0.110212184
vt 0.879150391 0.381103516
v 0.304565489 0.185897857 0.451782167
vt 0.845947266 0.389160156
vn 0.923035622 -0.102559492 -0.370792240
v 0.304596007 0.218956977 0.451812685
vt 0.852539062 0.379638672
vn 0.940131485 0.244908258 -0.237008095
v 0.304626524 0.186039001 0.470275819
vt 0.849365234 0.395507812
vn 0.859521031 -0.315420479 0.402161062
v 0.296081603 0.186500579 0.470367372
vt 0.850341797 0.399658203
vn 0.942750871 -0.243543893 0.227831319
vt 0.851562500 0.412109375
vt 0.860107422 0.411376953
vt 0.857910156 0.452148438
vt 0.006103516 0.242919922
vt 0.006103516 0.231933594
vt 0.012939453 0.241943359
v 0.298828155 0.109443694 0.295013368
vt 0.016845703 0.239746094
vn 0.520023704 -0.740639865 -0.425473988
v 0.298461944 0.110534698 0.283416688
vt 0.011962891 0.234130859
vn 0.196838126 -0.669249892 -0.716491044
v 0.305450469 0.117240936 0.286468446
vt 0.014648438 0.232666016
vn 0.988150001 0.150198847 0.031620659
v 0.305389464 0.114105254 0.307952821
vt 0.021728516 0.232910156
vn 0.990530550 -0.031445377 -0.133643135
vt 0.021240234 0.237792969
v 0.297699034 0.097656280 0.302184999
vt 0.024414062 0.242919922
vn 0.393420488 -0.110157654 0.912735224
vt 0.010253906 0.246826172
vt 0.013427734 0.251708984
v 0.290191710 0.084289581 0.298370302
vt 0.019042969 0.251708984
vn -0.928759694 -0.023612591 -0.369929582
v 0.294525206 0.090179473 0.303436220
vt 0.017578125 0.254882812
vn 0.078759558 0.433178276 -0.897860467
v 0.292175353 0.094329864 0.309539735
vt 0.022216797 0.257568359
vn -0.760299206 -0.094057642 0.642727315
v 0.295166075 0.081634551 0.300781190
vt 0.022460938 0.249755859
vn 0.772252262 -0.630410016 -0.078801334
v 0.300170958 0.095336944 0.309905946
vt 0.027832031 0.252441406
vn 0.915431499 -0.355124235 0.189399511
vt 0.026123047 0.247558594
v 0.290069610 0.092025787 0.271881044
vt 0.100585938 0.088134766
vn -0.244056657 -0.960481167 -0.133837461
v 0.296234161 0.109954864 0.274230897
vt 0.104736328 0.089843750
vn 0.622955620 -0.757009268 0.197137788
vt 0.097167969 0.092285156
vt 0.105957031 0.094970703
vt 0.098876953 0.075439453
v 0.301025420 0.113235503 0.263915956
vt 0.106445312 0.076171875
vn 0.804747880 -0.591726303 0.047338031
v 0.303710967 0.113861114 0.283782899
vt 0.119384766 0.100341797
vn 0.795843303 -0.496417105 -0.346704066
v 0.300842315 0.118576080 0.260131776
vt 0.110107422 0.075683594
vn 0.984679401 0.055142082 -0.165426269
v 0.293945342 0.091568023 0.260223329
vt 0.107421875 0.048828125
vn 0.332122087 -0.537721694 -0.774951816
vt 0.125732422 0.104980469
vt 0.004882812 0.836669922
vt 0.008056641 0.832275391
v 0.294952422 0.113784812 0.234542772
vt 0.008056641 0.835937500
vn -0.047279377 -0.496432513 -0.866786838
v 0.295440704 0.114234947 0.226165697
vt 0.017089844 0.832031250
vn -0.055219077 -0.709961116 0.702072740
vt 0.009765625 0.840087891
v 0.294464141 0.114051841 0.220718309
vt 0.016113281 0.822265625
vn -0.511478186 -0.802627265 -0.306886822
v 0.288909942 0.093246490 0.221221849
vt 0.022949219 0.825439453
vn -0.984740555 0.015755814 0.173314482
v 0.294647247 0.094253570 0.223770067
vt 0.031982422 0.823242188
vn 0.921688557 -0.354495585 -0.157553703
vt 0.585693359 0.991699219
vt 0.582519531 0.995117188
vt 0.583496094 0.991210938
v 0.290069610 0.095764190 0.216873094
vt 0.572509766 0.996582031
vn -0.866652369 -0.181209162 0.464840949
v 0.297699004 0.106048606 0.215118334
vt 0.576904297 0.991943359
vn 0.935356617 -0.282964975 0.212223664
v 0.296478301 0.114097618 0.213073656
vt 0.579345703 0.989501953
vn 0.772252321 -0.457047313 -0.441287130
v 0.298248321 0.116928123 0.222778246
vt 0.583251953 0.985595703
vn 0.858454049 -0.511922061 -0.031502988
vt 0.597900391 0.990478516
vt 0.572265625 0.986572266
vt 0.587402344 0.984375000
vt 0.588867188 0.979492188
v 0.294830352 0.091629058 0.200347826
vt 0.978271484 0.998779297
vn 0.678914368 -0.213147581 -0.702597618
v 0.295593292 0.095993072 0.204894945
vt 0.979003906 0.992431641
vn 0.181434646 -0.236653656 0.954503298
v 0.288543731 0.094665557 0.202514574
vt 0.980957031 0.995849609
vn -0.971490145 0.118474349 -0.205355480
v 0.298278838 0.113807701 0.202163622
vt 0.991455078 0.998291016
vn -0.228829488 0.284063995 -0.931098700
v 0.296417266 0.115432762 0.205978319
vt 0.992919922 0.994384766
vn -0.442042410 -0.094723389 0.891978741
vt 0.995605469 0.994140625
vt 0.997070312 0.993164062
vt 0.991699219 0.174072266
vt 0.983642578 0.168212891
v 0.290985137 0.092422515 0.193405077
vt 0.989257812 0.167480469
vn 0.329983205 -0.942809105 -0.047140457
vt 0.996582031 0.208496094
vt 0.996337891 0.154052734
v 0.290802032 0.104644805 0.184982225
vt 0.999755859 0.274414062
vn -0.702597439 0.039471772 0.710492015
vt 0.993896484 0.272460938
vt 0.995849609 0.270019531
v 0.296813995 0.101776153 0.184677050
vt 0.999511719 0.277343750
vn 0.958848238 -0.212204054 0.188625768
v 0.295440704 0.117874168 0.181808397
vt 0.991699219 0.274414062
vn 0.862513065 -0.493984699 -0.109774478
vt 0.993896484 0.270019531
vt 0.981445312 0.277587891
v 0.290527374 0.090499908 0.185348436
vt 0.405029297 0.019775391
vn -0.188672602 -0.298731476 -0.935501099
vt 0.408691406 0.018798828
vt 0.406005859 0.035644531
vt 0.397460938 0.009277344
vt 0.983886719 0.451171875
vt 0.993164062 0.441894531
v 0.288208038 0.105896018 0.149444506
vt 0.992919922 0.450195312
vn -0.589747488 -0.094359629 -0.802056253
v 0.294677764 0.110054038 0.149841234
vt 0.997802734 0.454101562
vn 0.638905525 -0.362835109 0.678343892
v 0.294799834 0.123359703 0.152526781
vt 0.985839844 0.453857422
vn 0.560080469 -0.828288019 -0.015776951
vt 0.960449219 0.452148438
vt 0.043945312 0.662353516
vt 0.045898438 0.668212891
vt 0.035644531 0.671386719
vt 0.042968750 0.685058594
vt 0.029296875 0.653808594
vt 0.020019531 0.654296875
vt 0.038818359 0.650634766
vt 0.776367188 0.081298828
vt 0.764404297 0.086669922
v 0.292358458 0.087356597 0.398132265
vt 0.770996094 0.074707031
vn -0.983733654 -0.157397434 0.086568698
v 0.295593321 0.084213287 0.386688173
vt 0.766113281 0.068603516
vn -0.706736207 0.109936662 -0.698883355
vt 0.759033203 0.080078125
v 0.299438536 0.084976226 0.388183534
vt 0.763671875 0.067626953
vn 0.646571875 -0.378481120 -0.662342012
vt 0.752685547 0.074707031
v 0.292877257 0.051834136 0.381561220
vt 0.782714844 0.056152344
vn 0.330677897 -0.850314736 -0.409410805
v 0.295867980 0.082412750 0.390624940
vt 0.764648438 0.064697266
vn -0.715449631 -0.228000462 -0.660414815
v 0.297058165 0.080307037 0.396453798
vt 0.761718750 0.062011719
vn 0.055212449 -0.694097757 0.717760324
v 0.301818907 0.081039459 0.400299013
vt 0.757812500 0.061523438
vn 0.661253333 -0.661253333 -0.354242951
v 0.321350157 0.095260650 0.406738222
vt 0.742431641 0.069580078
vn 0.363027155 -0.836540937 -0.410378575
vt 0.734619141 0.072753906
vt 0.742919922 0.071777344
vt 0.739013672 0.067382812
v 0.319946349 0.092987090 0.419158876
vt 0.739990234 0.065429688
vn -0.070773974 -0.967245400 0.243777350
v 0.301696837 0.082763702 0.407012880
vt 0.754882812 0.058105469
vn 0.031476673 -0.763306439 0.645269394
vt 0.720458984 0.055175781
vt 0.744628906 0.060058594
vt 0.730957031 0.059082031
vt 0.739013672 0.061767578
vt 0.028076172 0.081298828
vt 0.029052734 0.076171875
v 0.291107237 0.066848785 0.393035829
vt 0.033935547 0.083007812
vn -0.986671269 -0.063146994 0.149974167
vt 0.034423828 0.075439453
vt 0.034423828 0.072998047
vt 0.048583984 0.065185547
vt 0.021728516 0.075195312
vt 0.021484375 0.079833984
vt 0.013427734 0.075195312
v 0.299011290 0.064926177 0.399993837
vt 0.024658203 0.088623047
vn -0.957665801 -0.282589912 0.054948173
vt 0.030273438 0.083496094
v 0.295471251 0.058959991 0.389831483
vt 0.005859375 0.657958984
vn 0.638547838 -0.086716399 -0.764680982
vt 0.008056641 0.653564453
vt 0.015869141 0.655029297
v 0.295959532 0.046722442 0.394775331
vt 0.000000000 0.658691406
vn 0.149255201 -0.298510104 0.942663550
vt 0.015869141 0.659179688
vt 0.446044922 0.040527344
vt 0.441406250 0.036376953
vt 0.449707031 0.040283203
vt 0.448486328 0.036621094
vt 0.439453125 0.037353516
vt 0.443115234 0.041748047
vt 0.433837891 0.038085938
vt 0.437255859 0.042236328
v 0.310546935 0.114212066 0.324096620
vt 0.433837891 0.027832031
vn 0.912396431 0.015730994 -0.409005433
vt 0.437255859 0.028808594
v 0.302764952 0.115005523 0.327148378
vt 0.437500000 0.025878906
vn -0.864241600 -0.392837137 0.314269841
vt 0.412597656 0.034179688
vt 0.426757812 0.046875000
vt 0.414062500 0.018066406
v 0.291229278 0.091842681 0.238433763
vt 0.019775391 0.406738281
vn -0.960749149 -0.228374839 -0.157499716
vt 0.016357422 0.397705078
vt 0.024658203 0.398193359
v 0.299224883 0.093643218 0.238082811
vt 0.017333984 0.441406250
vn 0.952992380 -0.299286842 0.047255710
v 0.290039092 0.092620879 0.211837694
vt 0.008056641 0.318359375
vn 0.086716272 -0.228615984 -0.969646931
vt 0.012695312 0.312011719
vt 0.008544922 0.328125000
vt 0.010498047 0.331298828
vt 0.002441406 0.319580078
vt 0.517822266 0.979248047
vt 0.530761719 0.981445312
vt 0.528320312 0.983886719
vt 0.536132812 0.975830078
vt 0.517089844 0.977294922
vt 0.533691406 0.972900391
vt 0.542236328 0.968505859
vt 0.531982422 0.971923828
vt 0.560791016 0.968017578
vt 0.553955078 0.984863281
v 0.309783936 0.107917801 0.045871668
vt 0.569335938 0.979980469
vn -0.921231270 -0.314950913 -0.228339240
v 0.300811768 0.136207595 0.052684717
vt 0.550537109 0.966552734
vn -0.315077752 -0.897971869 0.307200968
vt 0.547851562 0.957275391
vt 0.554687500 0.961914062
v 0.314849854 0.118644729 0.025844509
vt 0.577148438 0.972412109
vn -0.934635103 -0.259184569 -0.243476257
v 0.319427490 0.112159744 0.026126796
vt 0.580810547 0.975585938
vn -0.235665977 -0.816975236 -0.526320457
v 0.315307617 0.115013137 0.013215953
vt 0.584960938 0.970703125
vn -0.772924483 -0.520541072 0.362801433
v 0.312774658 0.134948745 0.020149164
vt 0.577636719 0.964111328
vn -0.911128998 -0.408437163 0.054982062
vt 0.574707031 0.958251953
vt 0.142578125 0.053955078
v 0.295806825 0.058700562 -0.438690245
vt 0.137451172 0.056640625
vn 0.998885930 0.000000046 0.047191329
vt 0.133300781 0.047119141
vt 0.111328125 0.041015625
v 0.294921815 0.018844604 -0.438110411
vt 0.154541016 0.059082031
vn 0.998762369 -0.015728496 0.047185492
vt 0.162841797 0.055664062
vt 0.159179688 0.069824219
vt 0.115234375 0.057373047
v 0.295715272 0.071777344 -0.457763731
vt 0.132324219 0.066162109
vn 0.998453617 -0.055032831 0.007861711
vt 0.133056641 0.077880859
v 0.295989931 0.072845459 -0.452941954
vt 0.130371094 0.060546875
vn 0.600795329 -0.039525941 0.798425078
v 0.296050966 0.071777344 -0.470001280
vt 0.130615234 0.073242188
vn 0.694292247 -0.504939735 -0.512829602
vt 0.114501953 0.069824219
v 0.304687440 0.071701050 -0.452606261
vt 0.129638672 0.065429688
vn 0.800301671 -0.439381242 0.407996804
v 0.304931581 0.104187012 -0.452606261
vt 0.120605469 0.062011719
vn 0.875047207 0.134016290 0.465115011
v 0.304992616 0.104751587 -0.470336974
vt 0.118408203 0.066406250
vn 0.805776715 0.426587731 -0.410788298
v 0.304717958 0.072219849 -0.470428526
vt 0.125976562 0.069580078
vn 0.888882399 -0.125859439 -0.440508246
vt 0.006103516 0.769775391
vt 0.023681641 0.769775391
vt 0.016601562 0.772949219
v 0.292541564 0.091278106 0.320739686
vt 0.993164062 0.711669922
vn 0.015744753 -0.440849215 0.897443056
vt 0.997802734 0.728027344
v 0.294097960 0.087692291 0.313995302
vt 0.991699219 0.719970703
vn -0.054926172 0.062772572 -0.996515274
vt 0.982421875 0.726562500
vt 0.008056641 0.060058594
vt 0.009521484 0.060791016
vt 0.006103516 0.067626953
vt 0.013916016 0.051025391
vt 0.009277344 0.045654297
vt 0.011962891 0.043457031
vt 0.006835938 0.039062500
vt 0.042236328 0.540039062
vt 0.047851562 0.475585938
vt 0.049804688 0.543457031
vt 0.011474609 0.172363281
vt 0.022705078 0.175292969
vt 0.005126953 0.175048828
vt 0.911132812 0.022949219
vt 0.922851562 0.016357422
v 0.287506133 0.091369659 0.286224306
vt 0.924316406 0.024658203
vn -0.501810193 0.133293390 0.854645789
v 0.301849395 0.093460113 0.288116395
vt 0.945068359 0.044433594
vn 0.718834400 -0.560848713 -0.410762548
vt 0.056396484 0.210205078
vt 0.063720703 0.232910156
vt 0.047119141 0.228027344
vt 0.033203125 0.223388672
vt 0.031250000 0.245361328
vt 0.041503906 0.213623047
vt 0.039550781 0.208007812
vt 0.033203125 0.200439453
vt 0.040771484 0.206298828
vt 0.054443359 0.205566406
vt 0.062255859 0.197998047
vt 0.059326172 0.207519531
vt 0.998779297 0.354248047
vt 0.995361328 0.356445312
vt 0.987060547 0.350830078
vt 0.982421875 0.356445312
vt 0.012695312 0.452880859
vt 0.010253906 0.458740234
vt 0.009033203 0.456054688
vt 0.000244141 0.457519531
vt 0.011230469 0.461181641
vt 0.005615234 0.115234375
vt 0.007568359 0.116943359
vt 0.004150391 0.117675781
vt 0.009033203 0.107666016
vt 0.012695312 0.106933594
vt 0.011718750 0.116455078
vt 0.011962891 0.120605469
v 0.305114806 0.052398711 0.394378603
vt 0.023437500 0.006103516
vn 0.982912242 -0.172992513 0.062906265
vt 0.013183594 0.001220703
vt 0.034912109 0.001220703
vt 0.025878906 0.017822266
vt 0.002197266 0.155517578
vt 0.014892578 0.150878906
vt 0.005371094 0.157714844
vt 0.004150391 0.152099609
v 0.302764893 0.083358780 -0.012205187
vt 0.998291016 0.701904297
vn 0.221014515 -0.197334215 0.955097914
v 0.308624268 0.115264907 -0.012625759
vt 0.981445312 0.697509766
vn -0.621027708 0.558138847 0.550277770
v 0.299835205 0.084686294 -0.016855303
vt 0.998779297 0.697509766
vn -0.690328956 0.117669635 -0.713862658
v 0.309692383 0.095642105 -0.016904896
vt 0.989990234 0.704101562
vn 0.815667391 -0.156859130 -0.556850016
vt 0.541992188 0.016357422
vt 0.538574219 0.008300781
v 0.306701720 0.131515533 0.353698671
vt 0.551269531 0.012695312
vn -0.918841839 -0.392667502 0.039266884
vt 0.556152344 0.008300781
v 0.306366026 0.113410980 0.346984804
vt 0.559326172 0.021240234
vt 0.555175781 0.029052734
vt 0.569580078 0.015380859
v 0.309204161 0.110672027 0.330841005
vt 0.570312500 0.019287109
vn -0.826310754 -0.558743477 0.070826761
vt 0.573730469 0.015380859
vt 0.565429688 0.022949219
v 0.308807433 0.099700958 0.325836122
vt 0.577636719 0.019287109
vn 0.573772430 -0.369415134 -0.730970442
vt 0.578125000 0.013671875
v 0.303436339 0.087142974 0.332305849
vt 0.586669922 0.019042969
vn -0.110249765 -0.409499586 0.905624151
vt 0.562500000 0.028320312
v 0.312286437 0.103973418 0.356903017
vt 0.557128906 0.031494141
vn -0.463476300 -0.706997752 -0.534175932
v 0.316864073 0.108581573 0.352752626
vt 0.553466797 0.033447266
vn 0.566718459 -0.267616957 0.779237747
v 0.315063536 0.085876495 0.354339540
vt 0.556640625 0.040771484
vn -0.690520167 -0.345260113 -0.635592222
vt 0.958007812 0.575195312
vn 0.062772654 -0.996515274 -0.054926001
vt 0.951904297 0.571777344
vt 0.955566406 0.567138672
v 0.310333252 0.116081253 -0.016925877
vt 0.958984375 0.572265625
vn 0.804622710 -0.560080409 -0.197211519
vt 0.962890625 0.566650391
vt 0.966552734 0.583496094
v 0.311065674 0.114158645 -0.003934210
vt 0.952880859 0.579101562
vn -0.322824746 0.055116344 -0.944852591
v 0.315002441 0.087875381 -0.007035797
vt 0.953369141 0.593505859
vn 0.906834126 -0.402161211 -0.126168326
v 0.303070068 0.084945694 -0.004030291
vt 0.943115234 0.602294922
vn -0.988547087 -0.149066672 0.023536973
v 0.311523438 0.112625137 0.004476005
vt 0.968261719 0.596679688
vn -0.260254204 -0.654578984 0.709784627
v 0.322479248 0.114097610 0.008750848
vt 0.977050781 0.593017578
vn 0.614955246 0.015768079 -0.788404405
vt 0.976562500 0.599853516
v 0.321289062 0.117782608 0.012436800
vt 0.978515625 0.590332031
vn 0.860136330 -0.291972816 0.418231279
vt 0.982421875 0.586669922
v 0.323974609 0.094207779 0.009837084
vt 0.988037109 0.599853516
vn 0.525526702 -0.266685069 0.807898998
vt 0.985595703 0.590820312
v 0.321105957 0.089584365 0.002616816
vt 0.996093750 0.600585938
vn -0.837846458 -0.308264285 0.450540215
vt 0.989990234 0.590820312
vt 0.934570312 0.992675781
vt 0.942382812 0.996582031
vt 0.933349609 0.996093750
vt 0.953857422 0.992431641
vt 0.263183594 0.007568359
vt 0.275146484 0.010009766
vt 0.269042969 0.011718750
vt 0.278320312 0.007080078
vt 0.280517578 0.010498047
vt 0.292968750 0.011718750
vt 0.032958984 0.056152344
vt 0.041503906 0.061523438
vt 0.031005859 0.066894531
vt 0.020019531 0.056640625
vt 0.016357422 0.062255859
vt 0.019531250 0.070800781
vt 0.012451172 0.070800781
vt 0.996826172 0.577880859
vn -0.931243777 0.031567529 -0.363027096
vt 0.997802734 0.580566406
vt 0.985351562 0.582031250
vt 0.904052734 0.999755859
vt 0.883300781 0.999755859
vt 0.903076172 0.994384766
v 0.312316895 0.096847549 0.061160978
vt 0.974365234 0.612792969
vn -0.899228215 -0.394398391 -0.189311087
vt 0.989013672 0.610595703
vt 0.971923828 0.623046875
vt 0.973388672 0.642333984
v 0.315399170 0.101913467 0.042827543
vt 0.967285156 0.624511719
vn -0.670372903 -0.031547021 -0.741353452
v 0.315948486 0.100204483 0.047737058
vt 0.966552734 0.619140625
vn -0.917343855 -0.337143481 -0.211694613
v 0.318725586 0.096588150 0.059329923
vt 0.970947266 0.612548828
vn 0.478862375 -0.745769262 -0.463162005
v 0.319641113 0.099761978 0.052745756
vt 0.966552734 0.616210938
vn 0.588475227 -0.808172524 0.023538964
v 0.309082031 0.066864029 0.043567594
vt 0.937255859 0.610839844
vn -0.803049922 -0.157460794 0.574732006
v 0.316467285 0.080657974 0.043033537
vt 0.949218750 0.616943359
vn 0.784223258 -0.172529131 -0.596009791
v 0.305786133 0.086746231 -0.024028843
vt 0.984619141 0.664794922
vn -0.958966732 -0.204370007 -0.196509436
vt 0.998779297 0.665527344
vt 0.997558594 0.671142578
v 0.312591553 0.096603408 -0.031379763
vt 0.988037109 0.671875000
vn 0.958611310 -0.180721730 0.220009029
vt 0.011474609 0.146728516
vt 0.014892578 0.128906250
vt 0.034423828 0.128906250
v 0.318511963 0.097152725 0.065498285
vt 0.025634766 0.141601562
vn 0.290861219 -0.455944389 0.841138780
v 0.309448242 0.083892837 0.064689577
vt 0.032470703 0.140625000
vn -0.541881025 -0.015706688 0.840308547
v 0.314605743 0.069168106 0.062171873
vt 0.046630859 0.147705078
vn 0.882108629 -0.441054285 -0.165395468
v 0.309387207 0.069000259 0.059192594
vt 0.038818359 0.141357422
vn -0.608187675 -0.078985468 -0.789853930
v 0.311187744 0.088562027 0.041145261
vt 0.017578125 0.017822266
vn -0.487358660 -0.345867515 0.801783800
vt 0.009765625 0.033935547
v 0.306915283 0.074630752 0.029611524
vt 0.010498047 0.014892578
vn -0.833690047 0.322464943 -0.448304862
v 0.311614990 0.073837295 0.029806074
vt 0.006347656 0.007080078
vn 0.941357434 -0.274562538 -0.196116224
v 0.317352295 0.099395767 0.045047697
vt 0.007568359 0.034912109
vn 0.574358225 -0.778924167 -0.251773536
vt 0.013427734 0.190673828
vt 0.013916016 0.185546875
vt 0.031738281 0.189941406
vt 0.013183594 0.179931641
vt 0.025390625 0.606201172
vt 0.020263672 0.610595703
vt 0.011474609 0.604736328
vt 0.004394531 0.610595703
vt 0.012451172 0.616210938
vt 0.990234375 0.116455078
vt 0.995361328 0.109863281
vt 0.997314453 0.115722656
vt 0.988281250 0.111328125
v 0.315704346 0.097518936 -0.039833132
vt 0.982177734 0.103271484
vn 0.236720175 -0.347189337 0.907426715
vt 0.993164062 0.103515625
vt 1.000000000 0.103515625
vt 0.982910156 0.005126953
vt 0.952636719 0.016845703
v 0.317871094 0.092987075 -0.049575869
vt 0.961669922 0.009033203
vn -0.236985892 -0.173789620 -0.955842555
vt 0.950195312 0.004882812
vt 0.453369141 0.032714844
vt 0.455322266 0.029052734
vt 0.463134766 0.046630859
vt 0.458007812 0.027587891
v 0.323089629 0.099411026 0.072860651
vt 0.460205078 0.022460938
vn -0.220417693 -0.653381288 0.724229932
v 0.329193115 0.100936905 0.069518976
vt 0.456298828 0.020019531
vn 0.552226305 -0.725783229 -0.410225302
vt 0.448242188 0.029296875
vt 0.443115234 0.014160156
vt 0.456542969 0.016601562
vt 0.972167969 0.995117188
vt 0.973632812 0.996826172
vt 0.965576172 0.999267578
vt 0.973876953 1.000000000
vt 0.954345703 0.998779297
v 0.319122314 0.094070449 -0.098854132
vt 0.000488281 0.532714844
vn -0.503624976 -0.299027324 -0.810521185
vt 0.010009766 0.542236328
v 0.320953369 0.119621284 -0.099090643
vt 0.003906250 0.545166016
vn -0.165905640 -0.466115624 -0.869029105
vt 0.005859375 0.531494141
vt 0.011474609 0.528808594
vt 0.983642578 0.677246094
vt 0.994873047 0.680908203
vt 0.990234375 0.684082031
vt 0.990478516 0.693359375
v 0.328643799 0.097579971 -0.093505926
vt 0.980957031 0.681640625
vn 0.196067855 -0.847013295 -0.494091064
vt 0.970214844 0.678710938
vt 0.960449219 0.657714844
vt 0.968505859 0.647460938
vt 0.012695312 0.437255859
vt 0.006347656 0.435302734
vt 0.011474609 0.423828125
vt 0.001220703 0.431884766
vt 0.010253906 0.444335938
vt 0.851806641 0.003417969
v 0.321228087 0.090621978 0.354461610
vt 0.841796875 0.007812500
vn 0.858454108 -0.031502839 0.511922002
vt 0.832763672 0.007812500
vt 0.834960938 0.015869141
vt 0.827148438 0.006591797
vt 0.824462891 0.000000000
vt 0.052978516 0.337646484
vt 0.048828125 0.328613281
vt 0.051025391 0.315917969
vt 0.045654297 0.316650391
vt 0.044677734 0.317871094
vt 0.052734375 0.298828125
v 0.329467773 0.105209365 0.039356161
vt 0.043945312 0.308105469
vn 0.526613057 -0.809569299 -0.259376615
v 0.330444336 0.110481277 0.037265707
vt 0.041015625 0.305908203
vn 0.577025473 -0.600738883 -0.553312182
vt 0.031982422 0.308593750
v 0.325775146 0.111251846 0.029796533
vt 0.035400391 0.305908203
vn 0.345472962 -0.675242305 0.651687324
vt 0.042236328 0.316894531
v 0.311614990 0.085739151 -0.005941932
vt 0.009033203 0.592041016
vn -0.615031958 0.220780596 -0.756962180
v 0.324523926 0.082382217 -0.002299136
vt 0.006103516 0.587646484
vn 0.747799635 0.118073650 -0.653340936
vt 0.009765625 0.583251953
vt 0.005371094 0.578857422
vt 0.025634766 0.579345703
vt 0.595458984 0.016845703
vt 0.608642578 0.010742188
vt 0.609130859 0.014648438
vt 0.611816406 0.014404297
vt 0.604736328 0.005126953
vt 0.611572266 0.001464844
vt 0.607910156 0.000000000
vt 0.000244141 0.411132812
vt 0.011718750 0.416503906
vt 0.010986328 0.419433594
vt 0.011474609 0.410888672
v 0.323669463 0.070114151 0.069129877
vt 0.797607422 0.965576172
vn 0.864081621 -0.463461906 -0.196382284
v 0.321411163 0.083953872 0.075118951
vt 0.793945312 0.961669922
vn 0.315244287 -0.189146444 0.929970264
v 0.317626983 0.078857437 0.070449762
vt 0.804931641 0.962646484
vn -0.692999482 0.078749865 -0.716624200
vt 0.783203125 0.989990234
vt 0.776367188 0.991699219
vt 0.994140625 0.423828125
vt 0.990234375 0.412597656
vt 0.998779297 0.426269531
vt 0.991699219 0.410888672
vt 0.981689453 0.413818359
vt 0.977539062 0.411376953
vt 0.988769531 0.408447266
vt 0.993408203 0.406738281
vt 0.001220703 0.502929688
vt 0.018798828 0.507812500
vt 0.001220703 0.511718750
vt 0.010986328 0.516113281
v 0.321472168 0.094726577 -0.053169314
vt 0.915527344 0.004882812
vn 0.698087692 -0.298059791 0.651025355
vt 0.942871094 0.003906250
v 0.322265625 0.093429580 -0.059082095
vt 0.933593750 0.008056641
vn -0.691201508 0.007854498 -0.722619474
vt 0.946533203 0.016845703
vt 0.289550781 0.991943359
vt 0.301513672 0.982666016
vt 0.301025391 0.987792969
vt 0.295898438 0.980957031
vt 0.299072266 0.969238281
vt 0.295166016 0.974609375
v 0.323059082 0.091552749 0.023277216
vt 0.252929688 0.000488281
vn -0.244793594 -0.947588384 0.205310881
vt 0.259033203 0.010986328
v 0.327789307 0.109436050 0.023912363
vt 0.254638672 0.011230469
vn -0.306687713 -0.243777379 -0.920062721
vt 0.258300781 0.015380859
vt 0.251953125 0.018066406
vt 0.258544922 0.023437500
vt 0.401611328 0.042968750
vt 0.385498047 0.046630859
v 0.326995850 0.098983780 -0.061435763
vt 0.394775391 0.040039062
vn -0.739424288 -0.582100093 0.338247418
v 0.330810547 0.111755386 -0.065055914
vt 0.394775391 0.033691406
vn 0.653037369 -0.306848913 -0.692377090
vt 0.395019531 0.022949219
vt 0.390625000 0.010253906
vt 0.985107422 0.463623047
vt 0.985351562 0.472412109
vt 0.979736328 0.461669922
vt 0.967529297 0.458496094
v 0.331115723 0.109161392 0.026519708
vt 0.988281250 0.465576172
vn 0.938609600 -0.063099749 0.339161307
vt 0.989746094 0.467285156
vt 0.997802734 0.459472656
vt 0.012939453 0.647460938
vt 0.001220703 0.623535156
vt 0.027587891 0.648193359
v 0.337921143 0.100219741 -0.083107062
vt 0.005859375 0.642822266
vt 0.001220703 0.649414062
vt 0.028564453 0.158447266
vt 0.028320312 0.154052734
vt 0.032958984 0.151855469
vt 0.019042969 0.155761719
vt 0.015136719 0.162597656
vt 0.020507812 0.152587891
f 1/1/1 2/2/2 3/3/3
f 3/3/3 2/2/2 4/4/4
f 1/1/1 3/3/3 5/5/5
f 1/1/1 5/5/5 6/6/6
f 3/3/3 4/4/4 7/7/7
f 3/3/3 7/7/7 5/5/5
f 5/5/5 7/7/7 4/4/4
f 1/8/1 8/9/8 2/10/2
f 2/10/2 8/9/8 9/11/9
f 8/9/8 1/8/1 10/12/10
f 9/11/9 8/9/8 11/13/11
f 11/13/11 8/9/8 10/12/10
f 10/12/10 1/8/1 6/14/6
f 10/12/10 6/14/6 12/15/12
f 12/15/12 6/14/6 13/16/13
f 10/12/10 12/15/12 14/17/14
f 10/12/10 14/17/14 15/18/15
f 10/12/10 15/18/15 11/13/11
f 15/18/15 14/17/14 16/19/16
f 15/18/15 16/19/16 17/20/17
f 15/18/15 17/20/17 11/13/11
f 17/20/17 16/19/16 18/21/18
f 17/20/17 18/21/18 19/22/19
f 17/20/17 19/22/19 20/23/20
f 17/20/17 20/23/20 11/13/11
f 20/23/20 19/22/19 21/24/21
f 20/23/20 21/24/21 22/25/22
f 22/25/22 21/24/21 23/26/23
f 22/25/22 23/26/23 24/27/24
f 20/23/20 22/25/22 25/28/25
f 11/13/11 20/23/20 26/29/26
f 26/29/26 20/23/20 25/28/25
f 11/13/11 26/29/26 9/11/9
f 9/11/9 26/29/26 27/30/27
f 26/29/26 25/28/25 28/31/28
f 28/31/28 25/28/25 22/25/22
f 26/29/26 28/31/28 27/30/27
f 29/32/29 22/25/22 24/27/24
f 22/25/22 29/32/29 28/31/28
f 28/31/28 29/32/29 27/30/27
f 29/32/29 24/27/24 30/33/30
f 27/30/27 29/32/29 31/34/31
f 31/34/31 29/32/29 30/33/30
f 32/35/32 33/36/33 34/37/34
f 34/37/34 33/36/33 35/38/35
f 34/37/34 35/38/35 36/39/36
f 36/39/36 35/38/35 37/40/37
f 36/39/36 37/40/37 38/41/38
f 38/41/38 37/40/37 35/38/35
f 35/38/35 33/36/33 39/42/39
f 35/38/35 39/42/39 40/43/40
f 35/38/35 40/43/40 41/44/41
f 39/42/39 33/36/33 42/45/42
f 40/43/40 39/42/39 43/46/43
f 43/46/43 39/42/39 42/45/42
f 41/44/41 40/43/40 44/47/44
f 44/47/44 40/43/40 43/46/43
f 41/44/41 44/47/44 45/48/45
f 45/48/45 44/47/44 46/49/46
f 46/49/46 44/47/44 47/50/47
f 48/51/48 42/45/42 33/36/33
f 48/51/48 33/36/33 49/52/49
f 42/45/42 48/51/48 50/53/50
f 50/53/50 48/51/48 51/54/51
f 51/54/51 48/51/48 52/55/52
f 50/53/50 51/54/51 53/56/53
f 53/56/53 51/54/51 52/55/52
f 54/57/54 43/46/43 42/45/42
f 55/58/55 44/47/44 43/46/43
f 44/47/44 55/58/55 47/50/47
f 47/50/47 55/58/55 56/59/56
f 47/50/47 56/59/56 57/60/57
f 57/60/57 56/59/56 58/61/58
f 58/61/58 56/59/56 55/58/55
f 55/58/55 43/46/43 59/62/59
f 55/58/55 59/62/59 58/61/58
f 59/62/59 43/46/43 54/57/54
f 58/61/58 59/62/59 60/63/60
f 58/61/58 60/63/60 61/64/61
f 59/62/59 54/57/54 62/65/62
f 59/62/59 62/65/62 60/63/60
f 61/64/61 60/63/60 63/66/63
f 61/64/61 63/66/63 64/67/64
f 64/67/64 63/66/63 24/68/24
f 24/68/24 63/66/63 65/69/65
f 65/69/65 63/66/63 60/63/60
f 24/68/24 65/69/65 30/70/30
f 65/69/65 60/63/60 66/71/66
f 65/69/65 66/71/66 30/70/30
f 66/71/66 60/63/60 62/65/62
f 30/70/30 66/71/66 31/72/31
f 31/72/31 66/71/66 67/73/67
f 66/71/66 62/65/62 68/74/68
f 66/71/66 68/74/68 67/73/67
f 68/74/68 62/65/62 54/57/54
f 67/73/67 68/74/68 69/75/69
f 69/75/69 68/74/68 70/76/70
f 70/76/70 68/74/68 71/77/71
f 71/77/71 68/74/68 72/78/72
f 72/78/72 68/74/68 54/57/54
f 72/78/72 54/57/54 73/79/73
f 72/78/72 73/79/73 74/80/74
f 2/81/2 75/82/75 76/83/76
f 2/81/2 76/83/76 77/84/77
f 2/81/2 77/84/77 78/85/78
f 2/81/2 78/85/78 79/86/79
f 79/86/79 78/85/78 80/87/80
f 77/84/77 76/83/76 81/88/81
f 81/88/81 76/83/76 75/82/75
f 77/84/77 81/88/81 82/89/82
f 82/89/82 81/88/81 83/90/83
f 83/90/83 81/88/81 75/82/75
f 83/90/83 75/82/75 82/89/82
f 82/89/82 75/82/75 67/91/67
f 67/91/67 75/82/75 31/92/31
f 31/92/31 75/82/75 27/93/27
f 27/93/27 75/82/75 2/81/2
f 27/93/27 2/81/2 9/94/9
f 84/95/84 48/96/48 49/97/49
f 84/95/84 49/97/49 85/98/85
f 85/98/85 49/97/49 33/99/33
f 48/96/48 84/95/84 86/100/86
f 86/100/86 84/95/84 85/98/85
f 86/100/86 85/98/85 33/99/33
f 48/96/48 86/100/86 52/101/52
f 52/101/52 86/100/86 87/102/87
f 87/102/87 86/100/86 88/103/88
f 86/100/86 33/99/33 36/104/36
f 36/104/36 33/99/33 32/105/32
f 36/104/36 32/105/32 34/106/34
f 86/100/86 36/104/36 89/107/89
f 86/100/86 89/107/89 90/108/90
f 89/107/89 36/104/36 91/109/91
f 91/109/91 36/104/36 38/110/38
f 89/107/89 91/109/91 37/111/92
f 89/107/89 37/111/92 92/112/93
f 92/112/93 37/111/92 91/109/91
f 93/113/94 94/114/95 95/115/96
f 93/113/94 95/115/96 96/116/97
f 93/113/94 96/116/97 97/117/98
f 97/117/98 96/116/97 98/118/99
f 96/116/97 95/115/96 99/119/100
f 99/119/100 95/115/96 100/120/101
f 96/116/97 99/119/100 101/121/102
f 99/119/100 100/120/101 102/122/103
f 102/122/103 100/120/101 103/123/104
f 102/122/103 103/123/104 99/119/100
f 99/119/100 103/123/104 101/121/102
f 101/121/102 103/123/104 104/124/105
f 105/125/106 91/126/91 38/127/38
f 91/126/91 105/125/106 92/128/93
f 92/128/93 105/125/106 38/127/38
f 38/129/38 35/130/35 92/131/93
f 92/131/93 35/130/35 106/132/107
f 106/132/107 35/130/35 41/133/41
f 106/132/107 41/133/41 107/134/108
f 92/131/93 106/132/107 108/135/109
f 92/131/93 108/135/109 89/136/89
f 89/136/89 108/135/109 109/137/110
f 106/132/107 107/134/108 110/138/111
f 106/132/107 110/138/111 108/135/109
f 110/138/111 107/134/108 111/139/112
f 109/137/110 108/135/109 112/140/113
f 109/137/110 112/140/113 90/141/90
f 90/141/90 112/140/113 108/135/109
f 111/139/112 107/134/108 113/142/114
f 108/135/109 110/138/111 114/143/115
f 114/143/115 110/138/111 111/139/112
f 108/135/109 114/143/115 90/141/90
f 114/143/115 111/139/112 113/142/114
f 115/144/116 116/145/117 113/142/114
f 113/142/114 116/145/117 117/146/118
f 113/142/114 117/146/118 114/143/115
f 90/141/90 114/143/115 88/147/88
f 90/141/90 88/147/88 86/148/86
f 114/143/115 117/146/118 118/149/119
f 114/143/115 118/149/119 88/147/88
f 119/150/120 87/151/87 88/147/88
f 119/150/120 88/147/88 118/149/119
f 119/150/120 118/149/119 120/152/121
f 119/150/120 120/152/121 121/153/122
f 121/153/122 120/152/121 118/149/119
f 118/149/119 117/146/118 122/154/123
f 118/149/119 122/154/123 121/153/122
f 121/153/122 122/154/123 123/155/124
f 122/154/123 117/146/118 124/156/125
f 122/154/123 124/156/125 125/157/126
f 100/158/101 95/159/96 103/160/104
f 103/160/104 95/159/96 126/161/127
f 126/162/127 95/163/96 127/164/128
f 126/162/127 127/164/128 128/165/129
f 128/165/129 127/164/128 129/166/130
f 128/165/129 129/166/130 130/167/131
f 126/162/127 128/165/129 131/168/132
f 126/162/127 131/168/132 101/169/102
f 126/162/127 101/169/102 104/170/105
f 126/162/127 104/170/105 132/171/133
f 126/162/127 132/171/133 103/172/104
f 103/172/104 132/171/133 104/170/105
f 133/173/134 42/174/42 50/175/50
f 42/174/42 133/173/134 134/176/135
f 52/177/52 50/178/50 53/179/53
f 50/178/50 52/177/52 134/180/135
f 50/178/50 134/180/135 133/181/134
f 93/182/94 135/183/136 94/184/95
f 135/183/136 93/182/94 136/185/137
f 94/184/95 135/183/136 137/186/138
f 94/184/95 137/186/138 95/187/96
f 95/187/96 137/186/138 138/188/139
f 138/188/139 137/186/138 139/189/140
f 135/183/136 136/185/137 140/190/141
f 135/183/136 140/190/141 137/186/138
f 140/190/141 136/185/137 141/191/142
f 140/190/141 141/191/142 142/192/143
f 140/190/141 142/192/143 143/193/144
f 139/189/140 137/186/138 144/194/145
f 144/194/145 137/186/138 140/190/141
f 139/189/140 144/194/145 145/195/146
f 140/190/141 143/193/144 146/196/147
f 140/190/141 146/196/147 144/194/145
f 146/196/147 143/193/144 147/197/148
f 147/197/148 143/193/144 148/198/149
f 147/197/148 148/198/149 149/199/150
f 145/195/146 144/194/145 150/200/151
f 150/200/151 144/194/145 146/196/147
f 145/195/146 150/200/151 151/201/152
f 146/196/147 147/197/148 152/202/153
f 152/202/153 147/197/148 149/199/150
f 146/196/147 152/202/153 150/200/151
f 152/202/153 149/199/150 153/203/154
f 152/202/153 153/203/154 150/200/151
f 150/200/151 153/203/154 154/204/155
f 153/203/154 149/199/150 155/205/156
f 153/203/154 155/205/156 156/206/157
f 156/206/157 155/205/156 157/207/158
f 158/208/159 93/209/94 97/210/98
f 158/208/159 97/210/98 98/211/99
f 158/208/159 98/211/99 96/212/97
f 93/209/94 158/208/159 159/213/160
f 159/213/160 158/208/159 96/212/97
f 93/209/94 159/213/160 160/214/161
f 93/209/94 160/214/161 161/215/162
f 93/209/94 161/215/162 136/216/137
f 161/215/162 160/214/161 162/217/163
f 161/215/162 162/217/163 163/218/164
f 159/213/160 96/212/97 164/219/165
f 164/219/165 96/212/97 165/220/166
f 165/220/166 96/212/97 101/221/102
f 165/220/166 101/221/102 166/222/167
f 166/222/167 101/221/102 167/223/168
f 165/220/166 166/222/167 168/224/169
f 164/219/165 165/220/166 169/225/170
f 164/219/165 169/225/170 170/226/171
f 164/219/165 170/226/171 171/227/172
f 170/226/171 169/225/170 172/228/173
f 173/229/174 174/230/175 175/231/176
f 174/230/175 173/229/174 176/232/177
f 176/232/177 173/229/174 175/231/176
f 174/230/175 176/232/177 177/233/178
f 177/233/178 176/232/177 178/234/179
f 178/234/179 176/232/177 179/235/180
f 179/235/180 176/232/177 175/231/176
f 178/234/179 179/235/180 180/236/181
f 180/236/181 179/235/180 181/237/182
f 182/238/183 175/231/176 174/230/175
f 179/235/180 175/231/176 183/239/184
f 179/235/180 183/239/184 184/240/185
f 184/240/185 183/239/184 185/241/186
f 175/231/176 182/238/183 186/242/187
f 183/239/184 175/231/176 187/243/188
f 187/243/188 175/231/176 186/242/187
f 185/241/186 183/239/184 188/244/189
f 185/241/186 188/244/189 189/245/190
f 189/245/190 188/244/189 190/246/191
f 190/246/191 188/244/189 191/247/192
f 191/247/192 188/244/189 183/239/184
f 191/247/192 183/239/184 192/248/193
f 192/248/193 183/239/184 187/243/188
f 191/247/192 192/248/193 193/249/194
f 194/250/195 187/243/188 186/242/187
f 187/243/188 194/250/195 192/248/193
f 193/249/194 192/248/193 195/251/196
f 195/251/196 192/248/193 196/252/197
f 195/251/196 196/252/197 193/249/194
f 196/252/197 192/248/193 194/250/195
f 194/250/195 186/242/187 154/253/155
f 194/250/195 154/253/155 196/252/197
f 193/249/194 196/252/197 197/254/198
f 197/254/198 196/252/197 154/253/155
f 193/249/194 197/254/198 198/255/199
f 151/256/152 150/257/151 154/253/155
f 151/256/152 154/253/155 199/258/200
f 199/258/200 154/253/155 186/242/187
f 199/258/200 186/242/187 182/238/183
f 197/254/198 154/253/155 153/259/154
f 197/254/198 153/259/154 156/260/157
f 197/254/198 156/260/157 200/261/201
f 201/262/202 198/255/199 197/254/198
f 201/262/202 197/254/198 200/261/201
f 198/255/199 201/262/202 202/263/203
f 201/262/202 200/261/201 203/264/204
f 201/262/202 203/264/204 202/263/203
f 204/265/205 199/258/200 182/238/183
f 204/265/205 182/238/183 205/266/206
f 199/258/200 204/265/205 138/267/139
f 204/265/205 205/266/206 206/268/207
f 138/267/139 204/265/205 127/269/128
f 127/269/128 204/265/205 206/268/207
f 138/267/139 127/269/128 95/270/96
f 127/269/128 206/268/207 207/271/208
f 4/272/4 2/273/2 79/274/79
f 4/272/4 79/274/79 208/275/209
f 4/272/4 208/275/209 209/276/210
f 208/275/209 79/274/79 210/277/211
f 208/275/209 210/277/211 211/278/212
f 210/277/211 79/274/79 212/279/213
f 210/277/211 212/279/213 213/280/214
f 212/279/213 79/274/79 80/281/80
f 213/280/214 212/279/213 77/282/77
f 212/279/213 80/281/80 78/283/78
f 212/279/213 78/283/78 77/282/77
f 214/284/215 82/285/82 215/286/216
f 82/285/82 214/284/215 216/287/217
f 82/285/82 216/287/217 217/288/218
f 215/286/216 82/285/82 67/289/67
f 215/286/216 67/289/67 216/290/217
f 216/290/217 67/289/67 217/291/218
f 217/291/218 67/289/67 69/292/69
f 217/291/218 69/292/69 218/293/219
f 217/291/218 218/293/219 219/294/220
f 217/291/218 219/294/220 70/295/70
f 220/296/221 131/297/132 128/298/129
f 220/296/221 128/298/129 130/299/131
f 220/296/221 130/299/131 131/297/132
f 131/297/132 130/299/131 129/300/130
f 131/297/132 129/300/130 101/301/102
f 101/301/102 129/300/130 221/302/222
f 101/301/102 221/302/222 167/303/168
f 221/302/222 129/300/130 177/304/178
f 221/302/222 177/304/178 222/305/223
f 221/302/222 222/305/223 223/306/224
f 223/306/224 222/305/223 177/304/178
f 218/307/219 216/308/217 214/309/215
f 216/308/217 218/307/219 215/310/216
f 215/310/216 218/307/219 224/311/225
f 215/310/216 224/311/225 214/312/215
f 224/311/225 218/307/219 69/313/69
f 214/312/215 224/311/225 219/314/220
f 219/314/220 224/311/225 69/313/69
f 214/312/215 219/314/220 218/315/219
f 219/314/220 69/313/69 70/316/70
f 225/317/226 127/318/128 207/319/208
f 127/318/128 225/317/226 129/320/130
f 225/317/226 207/319/208 206/321/207
f 129/320/130 225/317/226 177/322/178
f 177/322/178 225/317/226 206/321/207
f 226/323/227 54/324/54 134/325/135
f 134/325/135 54/324/54 42/326/42
f 54/324/54 226/323/227 73/327/73
f 73/327/73 226/323/227 134/325/135
f 73/327/73 134/325/135 227/328/228
f 227/328/228 134/325/135 52/329/52
f 228/330/229 89/331/89 109/332/110
f 89/331/89 228/330/229 90/333/90
f 90/333/90 228/330/229 109/332/110
f 205/334/206 182/335/183 206/336/207
f 206/336/207 182/335/183 174/337/175
f 206/336/207 174/337/175 177/338/178
f 229/339/230 5/340/5 4/341/4
f 229/339/230 4/341/4 209/342/210
f 229/339/230 209/342/210 208/343/209
f 5/340/5 229/339/230 6/344/6
f 229/339/230 208/343/209 211/345/212
f 6/344/6 229/339/230 230/346/231
f 230/346/231 229/339/230 211/345/212
f 6/344/6 230/346/231 13/347/13
f 13/347/13 230/346/231 231/348/232
f 231/348/232 230/346/231 232/349/233
f 232/349/233 230/346/231 233/350/234
f 230/346/231 211/345/212 234/351/235
f 230/346/231 234/351/235 233/350/234
f 234/351/235 211/345/212 235/352/236
f 234/351/235 235/352/236 236/353/237
f 234/351/235 236/353/237 233/350/234
f 236/353/237 235/352/236 237/354/238
f 236/353/237 237/354/238 238/355/239
f 236/353/237 238/355/239 233/350/234
f 233/350/234 238/355/239 239/356/240
f 233/350/234 239/356/240 240/357/241
f 233/350/234 240/357/241 241/358/242
f 82/359/82 235/360/236 77/361/77
f 235/360/236 82/359/82 217/362/218
f 77/361/77 235/360/236 211/363/212
f 77/361/77 211/363/212 210/364/211
f 77/361/77 210/364/211 213/365/214
f 52/366/52 87/367/87 227/368/228
f 227/368/228 87/367/87 242/369/243
f 242/369/243 87/367/87 243/370/244
f 243/370/244 87/367/87 119/371/120
f 243/370/244 119/371/120 121/372/122
f 243/370/244 121/372/122 123/373/124
f 235/374/236 217/375/218 70/376/70
f 235/374/236 70/376/70 237/377/238
f 237/377/238 70/376/70 244/378/245
f 237/377/238 244/378/245 227/379/228
f 237/377/238 227/379/228 242/380/243
f 237/377/238 242/380/243 243/381/244
f 237/377/238 243/381/244 238/382/239
f 238/382/239 243/381/244 239/383/240
f 239/383/240 243/381/244 123/384/124
f 239/383/240 123/384/124 240/385/241
f 240/385/241 123/384/124 245/386/124
f 245/386/124 123/384/124 246/387/124
f 245/386/124 246/387/124 247/388/246
f 240/385/241 245/386/124 248/389/247
f 248/389/247 245/386/124 247/388/246
f 240/385/241 248/389/247 249/390/248
f 249/390/248 248/389/247 250/391/249
f 248/389/247 247/388/246 251/392/250
f 251/392/250 247/388/246 252/393/251
f 248/389/247 251/392/250 253/394/252
f 248/389/247 253/394/252 250/391/249
f 253/394/252 251/392/250 254/395/253
f 250/391/249 253/394/252 255/396/254
f 250/391/249 255/396/254 256/397/255
f 257/398/256 72/399/72 74/400/74
f 72/399/72 257/398/256 244/401/245
f 244/401/245 257/398/256 74/400/74
f 244/401/245 74/400/74 73/402/73
f 244/401/245 73/402/73 227/403/228
f 258/404/257 160/405/161 159/406/160
f 160/405/161 258/404/257 259/407/258
f 259/407/258 258/404/257 159/406/160
f 259/408/258 162/409/163 160/410/161
f 162/409/163 259/408/258 159/411/160
f 162/409/163 159/411/160 260/412/259
f 260/412/259 159/411/160 164/413/165
f 260/412/259 164/413/165 171/414/172
f 162/409/163 260/412/259 261/415/260
f 162/409/163 261/415/260 262/416/261
f 263/417/262 41/418/41 45/419/45
f 263/417/262 45/419/45 264/420/263
f 264/420/263 45/419/45 46/421/46
f 263/417/262 264/420/263 265/422/264
f 264/420/263 46/421/46 266/423/265
f 264/420/263 266/423/265 265/422/264
f 266/423/265 46/421/46 267/424/266
f 267/424/266 46/421/46 47/425/47
f 263/417/262 265/422/264 268/426/267
f 265/422/264 266/423/265 269/427/268
f 268/426/267 265/422/264 270/428/269
f 270/428/269 265/422/264 269/427/268
f 268/426/267 270/428/269 271/429/270
f 271/429/270 270/428/269 272/430/271
f 272/430/271 270/428/269 273/431/272
f 270/428/269 269/427/268 274/432/273
f 274/432/273 269/427/268 275/433/274
f 275/433/274 269/427/268 276/434/275
f 273/431/272 270/428/269 277/435/276
f 273/431/272 277/435/276 278/436/277
f 278/436/277 277/435/276 271/437/270
f 278/436/277 271/437/270 272/438/271
f 271/437/270 277/435/276 279/439/278
f 271/437/270 279/439/278 280/440/279
f 280/440/279 279/439/278 281/441/280
f 282/442/281 283/443/282 284/444/283
f 282/442/281 284/444/283 285/445/284
f 285/445/284 284/444/283 286/446/285
f 285/445/284 286/446/285 282/442/281
f 284/444/283 283/443/282 287/447/286
f 284/444/283 287/447/286 286/446/285
f 287/447/286 283/443/282 288/448/287
f 288/448/287 283/443/282 289/449/288
f 290/450/289 283/443/282 282/442/281
f 283/443/282 290/450/289 289/449/288
f 290/450/289 282/442/281 286/446/285
f 289/449/288 290/450/289 291/451/290
f 291/451/290 290/450/289 286/446/285
f 287/447/286 288/448/287 292/452/291
f 292/452/291 288/448/287 293/453/292
f 292/452/291 293/453/292 294/454/293
f 287/447/286 292/452/291 295/455/294
f 287/447/286 295/455/294 286/446/285
f 292/452/291 294/454/293 148/456/149
f 148/456/149 294/454/293 296/457/295
f 292/452/291 148/456/149 297/458/296
f 292/452/291 297/458/296 295/455/294
f 297/458/296 148/456/149 298/459/297
f 297/458/296 298/459/297 295/455/294
f 298/459/297 148/456/149 143/460/144
f 298/459/297 143/460/144 295/455/294
f 295/455/294 143/460/144 299/461/298
f 299/461/298 143/460/144 142/462/143
f 300/463/299 286/446/285 295/455/294
f 300/463/299 295/455/294 299/461/298
f 300/463/299 299/461/298 142/462/143
f 286/446/285 300/463/299 301/464/300
f 300/463/299 142/462/143 141/465/142
f 300/463/299 141/465/142 301/464/300
f 302/466/301 303/467/302 304/468/303
f 303/467/302 302/466/301 305/469/304
f 305/469/304 302/466/301 306/470/305
f 306/470/305 302/466/301 304/468/303
f 303/467/302 305/469/304 307/471/306
f 306/470/305 304/468/303 308/472/307
f 308/472/307 304/468/303 307/471/306
f 303/467/302 307/471/306 309/473/308
f 303/467/302 309/473/308 304/468/303
f 304/468/303 309/473/308 307/471/306
f 138/474/139 139/475/140 199/476/200
f 199/476/200 139/475/140 151/477/152
f 151/477/152 139/475/140 145/478/146
f 181/479/182 178/480/179 180/481/181
f 223/482/224 177/483/178 178/480/179
f 223/482/224 178/480/179 310/484/309
f 178/480/179 181/479/182 311/485/310
f 310/484/309 178/480/179 312/486/311
f 312/486/311 178/480/179 311/485/310
f 312/486/311 311/485/310 181/479/182
f 310/484/309 312/486/311 313/487/251
f 312/486/311 181/479/182 179/488/180
f 313/487/251 312/486/311 314/489/312
f 312/486/311 179/488/180 184/490/185
f 312/486/311 184/490/185 314/489/312
f 71/491/71 72/492/72 70/493/70
f 70/493/70 72/492/72 244/494/245
f 41/495/41 263/496/262 107/497/108
f 273/498/272 263/496/262 268/499/267
f 263/496/262 273/498/272 278/500/277
f 263/496/262 278/500/277 107/497/108
f 107/497/108 278/500/277 115/501/116
f 107/497/108 115/501/116 113/502/114
f 115/501/116 278/500/277 315/503/313
f 115/501/116 315/503/313 116/504/117
f 116/504/117 315/503/313 280/505/279
f 116/504/117 280/505/279 281/506/280
f 315/503/313 278/500/277 316/507/314
f 315/503/313 316/507/314 280/505/279
f 280/505/279 316/507/314 271/508/270
f 316/507/314 278/500/277 272/509/271
f 271/508/270 316/507/314 268/510/267
f 268/510/267 316/507/314 272/509/271
f 268/510/267 272/509/271 273/511/272
f 317/512/315 318/513/316 319/514/317
f 318/513/316 317/512/315 320/515/318
f 317/512/315 319/514/317 321/516/319
f 319/514/317 318/513/316 322/517/320
f 322/517/320 318/513/316 320/515/318
f 319/514/317 322/517/320 321/516/319
f 322/517/320 320/515/318 323/518/321
f 322/517/320 323/518/321 321/516/319
f 324/519/322 325/520/323 320/515/318
f 320/515/318 325/520/323 323/518/321
f 323/518/321 325/520/323 326/521/324
f 321/516/319 323/518/321 327/522/325
f 321/516/319 327/522/325 328/523/326
f 327/522/325 323/518/321 329/524/327
f 329/524/327 323/518/321 326/521/324
f 327/522/325 329/524/327 328/523/326
f 329/524/327 326/521/324 330/525/328
f 329/524/327 330/525/328 328/523/326
f 330/525/328 326/521/324 331/526/329
f 328/523/326 330/525/328 332/527/330
f 330/525/328 331/526/329 333/528/331
f 332/527/330 330/525/328 334/529/332
f 335/530/333 333/528/331 332/527/330
f 333/528/331 335/530/333 330/525/328
f 335/530/333 332/527/330 334/529/332
f 334/529/332 330/525/328 336/531/334
f 334/529/332 336/531/334 335/530/333
f 335/530/333 336/531/334 330/525/328
f 337/532/335 338/533/336 339/534/337
f 339/534/337 338/533/336 340/535/338
f 339/534/337 340/535/338 341/536/339
f 341/536/339 340/535/338 338/533/336
f 337/532/335 339/534/337 342/537/340
f 342/537/340 339/534/337 341/536/339
f 338/533/336 337/532/335 343/538/341
f 343/538/341 337/532/335 342/537/340
f 341/536/339 338/533/336 344/539/342
f 344/539/342 338/533/336 343/538/341
f 341/536/339 344/539/342 345/540/343
f 345/540/343 344/539/342 346/541/344
f 342/537/340 341/536/339 347/542/345
f 344/539/342 343/538/341 348/543/346
f 342/537/340 347/542/345 349/544/294
f 342/537/340 349/544/294 343/538/341
f 349/544/294 347/542/345 350/545/347
f 348/543/346 343/538/341 351/546/348
f 349/544/294 350/545/347 352/547/349
f 348/543/346 351/546/348 353/548/350
f 349/544/294 352/547/349 354/549/351
f 354/549/351 352/547/349 355/550/352
f 354/549/351 355/550/352 349/544/294
f 355/550/352 352/547/349 356/551/353
f 355/550/352 356/551/353 357/552/354
f 355/550/352 357/552/354 358/553/355
f 355/550/352 358/553/355 349/544/294
f 349/544/294 358/553/355 359/554/356
f 349/544/294 359/554/356 343/538/341
f 343/538/341 359/554/356 351/546/348
f 359/554/356 358/553/355 360/555/357
f 359/554/356 360/555/357 361/556/358
f 359/554/356 361/556/358 351/546/348
f 351/546/348 361/556/358 362/557/359
f 351/546/348 362/557/359 363/558/360
f 351/546/348 363/558/360 353/548/350
f 363/558/360 362/557/359 364/559/361
f 353/548/350 363/558/360 365/560/362
f 353/548/350 365/560/362 366/561/363
f 366/561/363 365/560/362 367/562/364
f 368/563/365 369/564/366 370/565/367
f 370/565/367 369/564/366 371/566/368
f 369/564/366 368/563/365 372/567/369
f 369/564/366 372/567/369 371/566/368
f 368/563/365 370/565/367 346/568/344
f 346/568/344 370/565/367 371/566/368
f 372/567/369 368/563/365 373/569/370
f 373/569/370 368/563/365 346/568/344
f 372/567/369 373/569/370 374/570/371
f 371/566/368 372/567/369 375/571/372
f 371/566/368 375/571/372 346/568/344
f 373/569/370 346/568/344 344/572/342
f 346/568/344 375/571/372 345/573/343
f 345/573/343 375/571/372 376/574/373
f 376/574/373 375/571/372 377/575/374
f 376/574/373 377/575/374 378/576/375
f 376/574/373 378/576/375 379/577/376
f 373/569/370 344/572/342 348/578/346
f 373/569/370 348/578/346 374/570/371
f 374/570/371 348/578/346 380/579/377
f 380/579/377 348/578/346 381/580/378
f 380/579/377 381/580/378 382/581/379
f 381/580/378 348/578/346 353/582/350
f 382/581/379 381/580/378 383/583/380
f 381/580/378 353/582/350 366/584/363
f 381/580/378 366/584/363 384/585/363
f 381/580/378 384/585/363 383/583/380
f 384/585/363 366/584/363 385/586/381
f 384/585/363 385/586/381 383/583/380
f 383/583/380 385/586/381 386/587/124
f 387/588/382 388/589/383 389/590/384
f 388/589/383 387/588/382 390/591/385
f 389/590/384 388/589/383 391/592/386
f 390/591/385 387/588/382 392/593/387
f 390/591/385 392/593/387 393/594/388
f 393/594/388 392/593/387 387/588/382
f 393/594/388 387/588/382 389/590/384
f 389/590/384 391/592/386 394/595/389
f 394/595/389 391/592/386 395/596/390
f 394/595/389 395/596/390 396/597/391
f 393/594/388 389/590/384 397/598/392
f 393/594/388 397/598/392 398/599/393
f 399/600/394 398/599/393 400/601/395
f 400/601/395 398/599/393 397/598/392
f 400/601/395 397/598/392 401/602/396
f 401/602/396 397/598/392 399/603/397
f 397/598/392 389/590/384 402/604/398
f 397/598/392 402/604/398 399/603/397
f 402/604/398 389/590/384 401/605/396
f 402/604/398 401/605/396 403/606/399
f 402/604/398 403/606/399 399/603/397
f 399/603/397 403/606/399 404/607/400
f 399/603/397 404/607/400 405/608/401
f 184/609/185 185/610/186 406/611/402
f 406/611/402 185/610/186 407/612/403
f 406/611/402 407/612/403 408/613/404
f 408/613/404 407/612/403 409/614/405
f 184/609/185 406/611/402 410/615/406
f 184/609/185 410/615/406 411/616/407
f 184/609/185 411/616/407 314/617/312
f 185/618/186 189/619/190 412/620/408
f 412/620/408 189/619/190 413/621/409
f 413/621/409 189/619/190 414/622/410
f 171/623/172 170/624/171 260/625/259
f 261/626/260 260/625/259 262/627/261
f 262/627/261 260/625/259 163/628/164
f 163/628/164 260/625/259 170/624/171
f 262/627/261 163/628/164 162/629/163
f 163/628/164 170/624/171 415/630/411
f 415/630/411 170/624/171 172/631/173
f 415/630/411 172/631/173 169/632/170
f 415/630/411 169/632/170 168/633/169
f 415/630/411 168/633/169 166/634/167
f 163/628/164 415/630/411 416/635/412
f 416/635/412 415/630/411 166/634/167
f 163/628/164 416/635/412 161/636/162
f 161/636/162 416/635/412 417/637/413
f 161/636/162 417/637/413 136/638/137
f 136/638/137 417/637/413 141/639/142
f 141/639/142 417/637/413 418/640/414
f 418/640/414 417/637/413 419/641/415
f 416/635/412 166/634/167 420/642/416
f 416/635/412 420/642/416 417/637/413
f 417/637/413 420/642/416 419/641/415
f 420/642/416 166/634/167 421/643/417
f 419/641/415 420/642/416 422/644/418
f 221/645/222 423/646/419 167/647/168
f 167/647/168 423/646/419 166/648/167
f 423/646/419 221/645/222 223/649/224
f 166/648/167 423/646/419 421/650/417
f 421/650/417 423/646/419 223/649/224
f 421/650/417 223/649/224 310/651/309
f 407/652/403 185/653/186 424/654/420
f 424/654/420 185/653/186 412/655/408
f 407/652/403 424/654/420 425/656/421
f 189/657/190 190/658/191 426/659/422
f 426/659/422 190/658/191 427/660/423
f 427/660/423 190/658/191 428/661/424
f 428/661/424 190/658/191 191/662/192
f 428/661/424 191/662/192 429/663/425
f 427/660/423 428/661/424 430/664/426
f 430/664/426 428/661/424 429/663/425
f 426/659/422 427/660/423 431/665/427
f 426/659/422 431/665/427 432/666/428
f 431/665/427 427/660/423 433/667/429
f 433/667/429 427/660/423 430/664/426
f 432/666/428 431/665/427 434/668/430
f 434/668/430 431/665/427 433/667/429
f 432/666/428 434/668/430 394/669/389
f 394/669/389 434/668/430 389/670/384
f 389/670/384 434/668/430 435/671/431
f 389/670/384 435/671/431 401/672/396
f 401/672/396 435/671/431 436/673/432
f 436/673/432 435/671/431 437/674/433
f 437/674/433 435/671/431 438/675/434
f 437/674/433 438/675/434 439/676/435
f 435/671/431 434/668/430 440/677/436
f 435/671/431 440/677/436 438/675/434
f 440/677/436 434/668/430 441/678/437
f 441/678/437 434/668/430 433/667/429
f 440/677/436 441/678/437 442/679/438
f 441/678/437 433/667/429 443/680/439
f 443/680/439 433/667/429 430/664/426
f 442/679/438 441/678/437 444/681/440
f 444/681/440 441/678/437 443/680/439
f 440/677/436 442/679/438 445/682/441
f 440/677/436 445/682/441 438/675/434
f 445/682/441 442/679/438 444/681/440
f 446/683/442 439/676/435 438/675/434
f 446/683/442 438/675/434 445/682/441
f 439/676/435 446/683/442 447/684/443
f 446/683/442 445/682/441 448/685/444
f 446/683/442 448/685/444 447/684/443
f 448/685/444 445/682/441 444/681/440
f 447/684/443 448/685/444 449/686/445
f 448/685/444 444/681/440 450/687/446
f 450/687/446 444/681/440 451/688/447
f 450/687/446 451/688/447 452/689/448
f 452/689/448 451/688/447 198/690/199
f 198/690/199 451/688/447 193/691/194
f 451/688/447 444/681/440 453/692/449
f 453/692/449 444/681/440 443/680/439
f 453/692/449 443/680/439 430/664/426
f 451/688/447 453/692/449 454/693/450
f 454/693/450 453/692/449 430/664/426
f 451/688/447 454/693/450 193/691/194
f 454/693/450 430/664/426 429/663/425
f 193/691/194 454/693/450 455/694/451
f 455/694/451 454/693/450 429/663/425
f 456/695/452 189/696/190 426/697/422
f 189/696/190 456/695/452 457/698/453
f 456/695/452 426/697/422 458/699/454
f 457/698/453 456/695/452 459/700/455
f 456/695/452 458/699/454 460/701/456
f 460/701/456 458/699/454 459/700/455
f 460/701/456 459/700/455 456/695/452
f 169/702/170 165/703/166 461/704/457
f 461/704/457 165/703/166 168/705/169
f 462/706/458 426/707/422 463/708/459
f 426/707/422 462/706/458 464/709/460
f 426/707/422 464/709/460 465/710/461
f 465/710/461 464/709/460 462/706/458
f 462/706/458 463/708/459 466/711/462
f 462/706/458 466/711/462 467/712/463
f 467/712/463 466/711/462 463/708/459
f 463/713/459 426/714/422 432/715/428
f 463/713/459 432/715/428 468/716/464
f 468/716/464 432/715/428 394/717/389
f 468/716/464 394/717/389 396/718/391
f 468/716/464 396/718/391 469/719/465
f 469/719/465 396/718/391 470/720/466
f 469/719/465 470/720/466 468/716/464
f 468/716/464 470/720/466 463/713/459
f 463/713/459 470/720/466 471/721/467
f 471/721/467 470/720/466 472/722/468
f 463/713/459 471/721/467 467/723/463
f 393/724/388 388/725/383 390/726/385
f 388/725/383 393/724/388 391/727/386
f 391/727/386 393/724/388 398/728/393
f 391/727/386 398/728/393 396/729/391
f 391/727/386 396/729/391 395/730/390
f 396/729/391 398/728/393 470/731/466
f 470/731/466 398/728/393 473/732/469
f 473/732/469 398/728/393 399/733/394
f 470/731/466 473/732/469 472/734/468
f 473/732/469 399/733/394 474/735/470
f 474/735/470 399/733/394 404/736/471
f 473/732/469 474/735/470 475/737/472
f 473/732/469 475/737/472 472/734/468
f 475/737/472 474/735/470 476/738/473
f 472/734/468 475/737/472 477/739/474
f 472/734/468 477/739/474 478/740/475
f 479/741/476 12/742/12 13/743/13
f 480/744/477 481/745/478 479/741/476
f 479/741/476 481/745/478 482/746/479
f 479/741/476 482/746/479 483/747/480
f 479/741/476 483/747/480 484/748/481
f 479/741/476 484/748/481 12/742/12
f 484/748/481 483/747/480 485/749/482
f 484/748/481 485/749/482 486/750/483
f 486/750/483 485/749/482 487/751/484
f 486/750/483 487/751/484 484/748/481
f 484/748/481 487/751/484 488/752/250
f 488/752/250 487/751/484 489/753/485
f 488/752/250 489/753/485 490/754/486
f 488/752/250 490/754/486 491/755/487
f 488/752/250 491/755/487 492/756/488
f 488/752/250 492/756/488 484/748/481
f 484/748/481 492/756/488 493/757/489
f 494/758/490 12/742/12 484/748/481
f 494/758/490 484/748/481 493/757/489
f 12/742/12 494/758/490 14/759/14
f 14/759/14 494/758/490 495/760/491
f 14/759/14 495/760/491 16/761/16
f 16/761/16 495/760/491 496/762/492
f 16/761/16 496/762/492 18/763/18
f 495/760/491 494/758/490 497/764/493
f 495/760/491 497/764/493 496/762/492
f 497/764/493 494/758/490 493/757/489
f 496/762/492 497/764/493 498/765/494
f 497/764/493 493/757/489 436/766/432
f 436/766/432 493/757/489 499/767/495
f 436/766/432 499/767/495 401/768/396
f 497/764/493 436/766/432 437/769/433
f 500/770/384 437/769/433 498/765/494
f 500/770/384 498/765/494 497/764/493
f 500/770/384 497/764/493 437/769/433
f 479/771/476 13/772/13 480/773/477
f 480/773/477 13/772/13 501/774/496
f 480/773/477 501/774/496 483/775/480
f 483/775/480 501/774/496 485/776/482
f 480/773/477 483/775/480 502/777/497
f 480/773/477 502/777/497 481/778/478
f 502/777/497 483/775/480 482/779/479
f 502/777/497 482/779/479 485/780/482
f 503/781/498 232/782/233 233/783/234
f 232/782/233 503/781/498 504/784/499
f 504/784/499 503/781/498 505/785/500
f 232/782/233 504/784/499 506/786/501
f 504/784/499 505/785/500 507/787/502
f 504/784/499 507/787/502 506/786/501
f 506/786/501 507/787/502 508/788/491
f 506/786/501 508/788/491 241/789/242
f 509/790/503 510/791/504 511/792/505
f 510/791/504 509/790/503 512/793/506
f 512/793/506 509/790/503 511/792/505
f 512/793/506 511/792/505 513/794/507
f 512/793/506 513/794/507 514/795/508
f 512/793/506 514/795/508 515/796/509
f 512/793/506 515/796/509 510/791/504
f 510/791/504 515/796/509 308/797/307
f 510/791/504 308/797/307 516/798/241
f 510/791/504 516/798/241 511/792/505
f 516/798/241 308/797/307 307/799/306
f 517/800/510 307/799/306 518/801/511
f 307/799/306 517/800/510 516/798/241
f 511/792/505 516/798/241 519/802/512
f 511/792/505 519/802/512 520/803/513
f 519/802/512 516/798/241 521/804/514
f 520/803/513 519/802/512 522/805/515
f 522/805/515 519/802/512 521/804/514
f 522/805/515 521/804/514 516/798/241
f 522/805/515 516/798/241 517/800/510
f 520/803/513 522/805/515 523/806/516
f 522/805/515 517/800/510 524/807/517
f 524/807/517 517/800/510 525/808/518
f 523/806/516 522/805/515 526/809/519
f 526/809/519 522/805/515 524/807/517
f 526/809/519 524/807/517 525/808/518
f 523/806/516 526/809/519 527/810/520
f 526/809/519 525/808/518 528/811/521
f 527/810/520 526/809/519 529/812/522
f 529/812/522 526/809/519 528/811/521
f 515/813/509 306/814/305 308/815/307
f 306/814/305 515/813/509 291/816/290
f 291/816/290 515/813/509 514/817/508
f 291/816/290 514/817/508 530/818/523
f 306/814/305 291/816/290 305/819/304
f 305/819/304 291/816/290 286/820/285
f 305/819/304 286/820/285 531/821/524
f 305/819/304 531/821/524 307/822/306
f 307/822/306 531/821/524 518/823/511
f 531/821/524 286/820/285 301/824/300
f 531/821/524 301/824/300 518/823/511
f 518/823/511 301/824/300 419/825/415
f 419/825/415 301/824/300 418/826/414
f 418/826/414 301/824/300 141/827/142
f 411/828/407 410/829/406 408/830/404
f 411/828/407 408/830/404 409/831/405
f 408/830/404 410/829/406 314/832/312
f 314/832/312 410/829/406 406/833/402
f 314/832/312 406/833/402 532/834/525
f 407/835/403 412/836/408 533/837/526
f 533/837/526 412/836/408 413/838/409
f 533/837/526 413/838/409 534/839/527
f 457/840/453 413/841/409 414/842/410
f 413/841/409 457/840/453 535/843/528
f 457/840/453 414/842/410 189/844/190
f 536/845/529 499/846/495 493/847/489
f 536/845/529 493/847/489 492/848/488
f 499/846/495 536/845/529 537/849/530
f 499/846/495 537/849/530 538/850/531
f 538/850/531 537/849/530 539/851/532
f 539/851/532 537/849/530 540/852/533
f 540/852/533 537/849/530 536/845/529
f 539/851/532 540/852/533 541/853/534
f 540/852/533 536/845/529 490/854/486
f 490/854/486 536/845/529 491/855/487
f 542/856/535 543/857/536 320/858/318
f 320/858/318 543/857/536 324/859/322
f 542/856/535 320/858/318 317/860/315
f 372/861/369 317/860/315 375/862/372
f 317/860/315 372/861/369 544/863/380
f 317/860/315 544/863/380 542/856/535
f 544/863/380 372/861/369 374/864/371
f 542/856/535 544/863/380 545/865/537
f 544/863/380 374/864/371 546/866/538
f 544/863/380 546/866/538 545/865/537
f 546/866/538 374/864/371 547/867/539
f 545/865/537 546/866/538 548/868/540
f 545/865/537 548/868/540 542/856/535
f 548/868/540 546/866/538 549/869/541
f 548/868/540 549/869/541 550/870/542
f 551/871/543 543/857/536 542/856/535
f 551/871/543 542/856/535 548/868/540
f 543/857/536 551/871/543 552/872/544
f 543/857/536 552/872/544 324/859/322
f 551/871/543 548/868/540 553/873/545
f 551/871/543 553/873/545 552/872/544
f 548/868/540 550/870/542 554/874/546
f 555/875/547 556/876/548 550/870/542
f 550/870/542 556/876/548 554/874/546
f 557/877/549 558/878/550 556/876/548
f 556/876/548 558/878/550 554/874/546
f 554/874/546 558/878/550 559/879/551
f 560/880/552 553/873/545 548/868/540
f 560/880/552 548/868/540 554/874/546
f 553/873/545 560/880/552 561/881/553
f 561/881/553 560/880/552 552/872/544
f 553/873/545 561/881/553 562/882/554
f 562/882/554 561/881/553 552/872/544
f 562/882/554 552/872/544 553/873/545
f 560/880/552 554/874/546 563/883/555
f 560/880/552 563/883/555 552/872/544
f 563/883/555 554/874/546 559/879/551
f 552/872/544 563/883/555 324/859/322
f 563/883/555 559/879/551 564/884/556
f 563/883/555 564/884/556 324/859/322
f 564/884/556 559/879/551 565/885/557
f 324/859/322 564/884/556 566/886/558
f 324/859/322 566/886/558 325/887/323
f 564/884/556 565/885/557 331/888/329
f 325/887/323 566/886/558 331/888/329
f 331/888/329 565/885/557 333/889/331
f 325/887/323 331/888/329 326/890/324
f 564/884/556 331/888/329 567/891/559
f 567/891/559 331/888/329 566/886/558
f 567/891/559 566/886/558 564/884/556
f 317/892/315 321/893/319 375/894/372
f 375/894/372 321/893/319 568/895/560
f 568/895/560 321/893/319 328/896/326
f 375/894/372 568/895/560 377/897/374
f 377/897/374 568/895/560 378/898/375
f 568/895/560 328/896/326 332/899/330
f 568/895/560 332/899/330 378/898/375
f 378/898/375 332/899/330 569/900/561
f 569/900/561 332/899/330 570/901/562
f 570/901/562 332/899/330 333/902/331
f 570/901/562 333/902/331 571/903/563
f 570/901/562 571/903/563 572/904/564
f 570/901/562 572/904/564 569/900/561
f 569/900/561 572/904/564 573/905/565
f 341/906/339 345/907/343 347/908/345
f 347/908/345 345/907/343 574/909/566
f 574/909/566 345/907/343 376/910/373
f 347/908/345 574/909/566 575/911/567
f 347/908/345 575/911/567 350/912/347
f 574/909/566 376/910/373 576/913/568
f 574/909/566 576/913/568 575/911/567
f 576/913/568 376/910/373 379/914/376
f 350/912/347 575/911/567 577/915/569
f 350/912/347 577/915/569 352/916/349
f 575/911/567 576/913/568 578/917/570
f 575/911/567 578/917/570 577/915/569
f 352/916/349 577/915/569 356/918/353
f 577/915/569 578/917/570 579/919/571
f 577/915/569 579/919/571 580/920/572
f 579/919/571 578/917/570 581/921/573
f 579/919/571 581/921/573 580/920/572
f 581/921/573 578/917/570 576/913/568
f 577/915/569 580/920/572 582/922/574
f 582/922/574 580/920/572 581/921/573
f 577/915/569 582/922/574 356/918/353
f 582/922/574 581/921/573 576/913/568
f 582/922/574 576/913/568 583/923/575
f 356/918/353 582/922/574 584/924/576
f 584/924/576 582/922/574 583/923/575
f 356/918/353 584/924/576 585/925/577
f 584/924/576 583/923/575 586/926/578
f 584/924/576 586/926/578 585/925/577
f 583/923/575 576/913/568 587/927/579
f 586/926/578 583/923/575 588/928/580
f 588/928/580 583/923/575 587/927/579
f 587/927/579 576/913/568 589/929/581
f 589/929/581 576/913/568 379/914/376
f 589/929/581 379/914/376 590/930/582
f 590/930/582 379/914/376 591/931/583
f 590/930/582 591/931/583 592/932/584
f 590/930/582 592/932/584 589/929/581
f 592/932/584 591/931/583 593/933/585
f 592/932/584 593/933/585 589/929/581
f 589/929/581 593/933/585 594/934/586
f 589/929/581 594/934/586 587/927/579
f 587/927/579 594/934/586 595/935/587
f 595/935/587 594/934/586 596/936/575
f 587/927/579 595/935/587 588/928/580
f 595/935/587 596/936/575 597/937/588
f 595/935/587 597/937/588 598/938/589
f 598/938/589 597/937/588 599/939/590
f 595/935/587 598/938/589 588/928/580
f 588/928/580 598/938/589 600/940/591
f 588/928/580 600/940/591 601/941/592
f 588/928/580 601/941/592 602/942/593
f 588/928/580 602/942/593 586/926/578
f 586/926/578 602/942/593 603/943/594
f 586/926/578 603/943/594 585/925/577
f 585/925/577 603/943/594 604/944/595
f 585/925/577 604/944/595 605/945/596
f 605/945/596 604/944/595 603/943/594
f 585/925/577 605/945/596 356/918/353
f 605/945/596 603/943/594 606/946/597
f 356/918/353 605/945/596 607/947/598
f 607/947/598 605/945/596 606/946/597
f 356/918/353 607/947/598 357/948/354
f 357/948/354 607/947/598 358/949/355
f 358/949/355 607/947/598 360/950/357
f 607/947/598 606/946/597 608/951/599
f 607/947/598 608/951/599 360/950/357
f 608/951/599 606/946/597 603/943/594
f 360/950/357 608/951/599 609/952/600
f 360/950/357 609/952/600 361/953/358
f 361/953/358 609/952/600 362/954/359
f 608/951/599 603/943/594 610/955/601
f 608/951/599 610/955/601 609/952/600
f 610/955/601 603/943/594 611/956/602
f 362/954/359 609/952/600 364/957/361
f 364/957/361 609/952/600 610/955/601
f 364/957/361 610/955/601 611/956/602
f 364/957/361 611/956/602 612/958/603
f 364/957/361 612/958/603 613/959/604
f 364/957/361 613/959/604 614/960/605
f 614/960/605 613/959/604 615/961/606
f 364/957/361 614/960/605 363/962/360
f 363/962/360 614/960/605 365/963/362
f 365/963/362 614/960/605 616/964/607
f 617/965/608 293/966/292 288/967/287
f 293/966/292 617/965/608 294/968/293
f 294/968/293 617/965/608 618/969/609
f 617/965/608 288/967/287 289/970/288
f 618/969/609 617/965/608 619/971/610
f 617/965/608 289/970/288 530/972/523
f 617/965/608 530/972/523 619/971/610
f 530/972/523 289/970/288 291/973/290
f 619/971/610 530/972/523 514/974/508
f 409/975/405 407/976/403 532/977/525
f 532/977/525 407/976/403 314/978/312
f 314/978/312 407/976/403 533/979/526
f 314/978/312 533/979/526 313/980/251
f 313/980/251 533/979/526 478/981/475
f 478/981/475 533/979/526 535/982/528
f 412/983/408 407/984/403 425/985/421
f 412/983/408 425/985/421 424/986/420
f 467/987/463 471/988/467 462/989/458
f 462/989/458 471/988/467 472/990/468
f 462/989/458 472/990/468 465/991/461
f 465/991/461 472/990/468 426/992/422
f 426/992/422 472/990/468 458/993/454
f 458/993/454 472/990/468 459/994/455
f 459/994/455 472/990/468 478/995/475
f 459/994/455 478/995/475 535/996/528
f 459/994/455 535/996/528 457/997/453
f 405/998/401 403/999/399 401/1000/396
f 403/999/399 405/998/401 404/1001/400
f 405/998/401 401/1000/396 399/1002/397
f 620/1003/611 536/1004/529 492/1005/488
f 536/1004/529 620/1003/611 621/1006/612
f 491/1007/487 489/1008/485 492/1005/488
f 492/1005/488 489/1008/485 620/1003/611
f 620/1003/611 489/1008/485 487/1009/484
f 620/1003/611 487/1009/484 622/1010/613
f 622/1010/613 487/1009/484 485/1011/482
f 620/1003/611 622/1010/613 476/1012/473
f 621/1006/612 620/1003/611 539/1013/532
f 539/1013/532 620/1003/611 476/1012/473
f 621/1006/612 539/1013/532 541/1014/534
f 539/1013/532 476/1012/473 404/1015/471
f 404/1015/471 476/1012/473 474/1016/470
f 539/1013/532 404/1015/471 538/1017/531
f 538/1017/531 404/1015/471 399/1018/394
f 506/1019/501 623/1020/614 232/1021/233
f 623/1020/614 506/1019/501 503/1022/498
f 503/1022/498 506/1019/501 505/1023/500
f 623/1020/614 503/1022/498 233/1024/234
f 623/1020/614 233/1024/234 241/1025/242
f 623/1020/614 241/1025/242 232/1021/233
f 232/1021/233 241/1025/242 501/1026/496
f 501/1026/496 241/1025/242 508/1027/491
f 501/1026/496 508/1027/491 624/1028/615
f 501/1026/496 624/1028/615 502/1029/497
f 501/1026/496 502/1029/497 485/1030/482
f 520/1031/513 625/1032/616 511/1033/505
f 625/1032/616 520/1031/513 523/1034/516
f 625/1032/616 523/1034/516 527/1035/520
f 625/1032/616 527/1035/520 626/1036/617
f 511/1033/505 625/1032/616 513/1037/507
f 625/1032/616 626/1036/617 627/1038/618
f 627/1038/618 626/1036/617 628/1039/619
f 513/1037/507 625/1032/616 629/1040/620
f 629/1040/620 625/1032/616 627/1038/618
f 627/1038/618 628/1039/619 630/1041/621
f 627/1038/618 630/1041/621 629/1040/620
f 630/1041/621 628/1039/619 631/1042/622
f 630/1041/621 631/1042/622 632/1043/623
f 630/1041/621 632/1043/623 619/1044/610
f 630/1041/621 619/1044/610 514/1045/508
f 633/1046/624 514/1045/508 513/1037/507
f 634/1047/625 513/1037/507 629/1040/620
f 513/1037/507 634/1047/625 633/1046/624
f 634/1047/625 629/1040/620 630/1041/621
f 514/1045/508 633/1046/624 635/1048/626
f 514/1045/508 635/1048/626 630/1041/621
f 635/1048/626 633/1046/624 634/1047/625
f 630/1041/621 635/1048/626 636/1049/627
f 630/1041/621 636/1049/627 634/1047/625
f 634/1047/625 636/1049/627 635/1048/626
f 461/1050/457 168/1051/169 169/1052/170
f 637/1053/628 314/1054/312 411/1055/407
f 637/1053/628 411/1055/407 409/1056/405
f 314/1054/312 637/1053/628 408/1057/404
f 637/1053/628 409/1056/405 532/1058/525
f 637/1053/628 532/1058/525 408/1057/404
f 408/1057/404 532/1058/525 406/1059/402
f 534/1060/527 413/1061/409 535/1062/528
f 534/1060/527 535/1062/528 533/1063/526
f 401/1064/396 499/1065/495 540/1066/533
f 540/1066/533 499/1065/495 538/1067/531
f 401/1064/396 540/1066/533 400/1068/395
f 540/1066/533 538/1067/531 541/1069/534
f 541/1069/534 538/1067/531 399/1070/394
f 400/1068/395 540/1066/533 490/1071/486
f 400/1068/395 490/1071/486 489/1072/485
f 400/1068/395 489/1072/485 541/1073/534
f 541/1073/534 489/1072/485 621/1074/612
f 621/1074/612 489/1072/485 536/1075/529
f 536/1075/529 489/1072/485 491/1076/487
f 501/1077/496 13/1078/13 638/1079/629
f 638/1079/629 13/1078/13 508/1080/491
f 508/1080/491 13/1078/13 624/1081/615
f 624/1081/615 13/1078/13 231/1082/232
f 232/1083/233 501/1084/496 231/1082/232
f 231/1082/232 501/1084/496 638/1085/629
f 231/1082/232 638/1085/629 508/1086/491
f 624/1081/615 231/1082/232 639/1087/630
f 639/1087/630 231/1082/232 508/1086/491
f 624/1081/615 639/1087/630 622/1088/613
f 639/1087/630 508/1086/491 507/1089/502
f 622/1088/613 639/1087/630 476/1090/473
f 639/1087/630 507/1089/502 505/1091/500
f 639/1087/630 505/1091/500 476/1090/473
f 380/1092/377 640/1093/631 374/1094/371
f 374/1094/371 640/1093/631 547/1095/539
f 640/1093/631 380/1092/377 641/1096/632
f 640/1093/631 641/1096/632 642/1097/633
f 640/1093/631 642/1097/633 643/1098/634
f 643/1098/634 642/1097/633 644/1099/635
f 641/1096/632 380/1092/377 382/1100/379
f 641/1096/632 382/1100/379 645/1101/636
f 641/1096/632 645/1101/636 646/1102/637
f 646/1102/637 645/1101/636 382/1100/379
f 641/1096/632 646/1102/637 647/1103/638
f 641/1096/632 647/1103/638 648/1104/639
f 648/1104/639 647/1103/638 649/1105/640
f 647/1103/638 646/1102/637 650/1106/641
f 650/1106/641 646/1102/637 649/1107/640
f 646/1102/637 382/1100/379 651/1108/642
f 651/1108/642 382/1100/379 652/1109/643
f 652/1109/643 382/1100/379 383/1110/380
f 652/1109/643 383/1110/380 653/1111/644
f 652/1109/643 653/1111/644 654/1112/645
f 652/1109/643 654/1112/645 651/1108/642
f 651/1108/642 654/1112/645 646/1102/637
f 646/1102/637 654/1112/645 655/1113/646
f 655/1113/646 654/1112/645 656/1114/647
f 517/1115/510 518/1116/511 525/1117/518
f 525/1117/518 518/1116/511 419/1118/415
f 525/1117/518 419/1118/415 657/1119/648
f 657/1119/648 419/1118/415 658/1120/649
f 658/1120/649 419/1118/415 422/1121/418
f 658/1120/649 422/1121/418 659/1122/650
f 525/1117/518 657/1119/648 660/1123/651
f 525/1117/518 660/1123/651 661/1124/652
f 525/1117/518 661/1124/652 662/1125/653
f 525/1117/518 662/1125/653 528/1126/521
f 661/1124/652 660/1123/651 663/1127/654
f 661/1124/652 663/1127/654 662/1125/653
f 663/1127/654 660/1123/651 664/1128/655
f 528/1126/521 662/1125/653 529/1129/522
f 529/1129/522 662/1125/653 663/1127/654
f 529/1129/522 663/1127/654 664/1128/655
f 529/1129/522 664/1128/655 665/1130/656
f 529/1129/522 665/1130/656 626/1131/617
f 529/1129/522 626/1131/617 527/1132/520
f 626/1131/617 665/1130/656 628/1133/619
f 628/1133/619 665/1130/656 666/1134/657
f 422/1135/418 420/1136/416 667/1137/658
f 422/1135/418 667/1137/658 659/1138/650
f 421/1139/417 310/1140/309 420/1136/416
f 420/1136/416 310/1140/309 313/1141/251
f 420/1136/416 313/1141/251 667/1137/658
f 659/1138/650 667/1137/658 668/1142/659
f 668/1142/659 667/1137/658 313/1141/251
f 659/1138/650 668/1142/659 669/1143/660
f 669/1143/660 668/1142/659 475/1144/472
f 475/1144/472 668/1142/659 477/1145/474
f 477/1145/474 668/1142/659 313/1141/251
f 477/1145/474 313/1141/251 478/1146/475
f 191/1147/192 455/1148/451 429/1149/425
f 455/1148/451 191/1147/192 193/1150/194
f 622/1151/613 482/1152/479 481/1153/478
f 482/1152/479 622/1151/613 485/1154/482
f 622/1151/613 481/1153/478 502/1155/497
f 622/1151/613 502/1155/497 624/1156/615
f 249/1157/248 476/1158/473 505/1159/500
f 249/1157/248 505/1159/500 240/1160/241
f 240/1160/241 505/1159/500 506/1161/501
f 240/1160/241 506/1161/501 241/1162/242
f 122/1163/123 670/1164/381 123/1165/124
f 252/1166/251 247/1167/246 246/1168/124
f 671/1169/241 246/1168/124 386/1170/124
f 252/1166/251 246/1168/124 672/1171/661
f 672/1171/661 246/1168/124 671/1169/241
f 672/1171/661 671/1169/241 673/1172/662
f 673/1172/662 671/1169/241 674/1173/663
f 252/1166/251 672/1171/661 254/1174/253
f 252/1166/251 254/1174/253 251/1175/250
f 672/1171/661 673/1172/662 675/1176/664
f 672/1171/661 675/1176/664 254/1174/253
f 675/1176/664 673/1172/662 676/1177/665
f 254/1174/253 675/1176/664 677/1178/666
f 254/1174/253 677/1178/666 253/1179/252
f 677/1178/666 675/1176/664 678/1180/660
f 677/1178/666 678/1180/660 679/1181/667
f 679/1181/667 678/1180/660 680/1182/668
f 125/1183/126 124/1184/125 681/1185/381
f 682/1186/669 683/1187/381 681/1185/381
f 682/1186/669 681/1185/381 684/1188/670
f 682/1186/669 684/1188/670 685/1189/671
f 684/1188/670 681/1185/381 686/1190/672
f 686/1190/672 681/1185/381 124/1184/125
f 684/1188/670 686/1190/672 685/1189/671
f 686/1190/672 124/1184/125 687/1191/673
f 687/1191/673 124/1184/125 281/1192/280
f 687/1191/673 281/1192/280 279/1193/278
f 686/1190/672 687/1191/673 688/1194/674
f 686/1190/672 688/1194/674 685/1189/671
f 687/1191/673 279/1193/278 689/1195/675
f 689/1195/675 279/1193/278 277/1196/276
f 688/1194/674 687/1191/673 690/1197/676
f 690/1197/676 687/1191/673 689/1195/675
f 688/1194/674 690/1197/676 691/1198/677
f 690/1197/676 689/1195/675 692/1199/678
f 690/1197/676 692/1199/678 691/1198/677
f 692/1199/678 689/1195/675 277/1196/276
f 688/1194/674 691/1198/677 693/1200/679
f 688/1194/674 693/1200/679 685/1189/671
f 693/1200/679 691/1198/677 692/1199/678
f 692/1199/678 277/1196/276 694/1201/680
f 694/1201/680 277/1196/276 270/1202/269
f 694/1201/680 270/1202/269 692/1199/678
f 692/1199/678 270/1202/269 695/1203/681
f 695/1203/681 270/1202/269 274/1204/273
f 696/1205/682 697/1206/269 274/1204/273
f 274/1204/273 697/1206/269 695/1203/681
f 695/1203/681 697/1206/269 698/1207/683
f 695/1203/681 698/1207/683 699/1208/684
f 692/1199/678 695/1203/681 700/1209/685
f 700/1209/685 695/1203/681 699/1208/684
f 692/1199/678 700/1209/685 693/1200/679
f 700/1209/685 699/1208/684 701/1210/686
f 693/1200/679 700/1209/685 702/1211/687
f 702/1211/687 700/1209/685 701/1210/686
f 693/1200/679 702/1211/687 703/1212/688
f 703/1212/688 702/1211/687 701/1210/686
f 701/1210/686 699/1208/684 704/1213/689
f 693/1200/679 703/1212/688 705/1214/690
f 705/1214/690 703/1212/688 701/1210/686
f 693/1200/679 705/1214/690 685/1189/671
f 685/1189/671 705/1214/690 706/1215/691
f 707/1216/692 704/1213/689 705/1214/690
f 704/1213/689 707/1216/692 701/1210/686
f 701/1210/686 707/1216/692 705/1214/690
f 123/1217/124 386/1218/124 246/1219/124
f 386/1220/124 670/1221/381 683/1222/381
f 683/1222/381 670/1221/381 681/1223/381
f 670/1221/381 386/1220/124 123/1224/124
f 671/1225/241 386/1226/124 385/1227/381
f 671/1225/241 385/1227/381 674/1228/663
f 674/1228/663 385/1227/381 366/1229/363
f 674/1228/663 366/1229/363 708/1230/693
f 708/1230/693 366/1229/363 367/1231/364
f 708/1230/693 367/1231/364 616/1232/607
f 616/1232/607 367/1231/364 365/1233/362
f 674/1228/663 708/1230/693 709/1234/694
f 708/1230/693 616/1232/607 710/1235/695
f 708/1230/693 710/1235/695 709/1234/694
f 709/1234/694 710/1235/695 711/1236/696
f 674/1228/663 709/1234/694 712/1237/697
f 712/1237/697 709/1234/694 711/1236/696
f 674/1228/663 712/1237/697 673/1238/662
f 673/1238/662 712/1237/697 676/1239/665
f 676/1239/665 712/1237/697 711/1236/696
f 676/1239/665 711/1236/696 710/1235/695
f 615/1240/606 710/1235/695 616/1232/607
f 710/1235/695 615/1240/606 676/1239/665
f 615/1240/606 616/1232/607 614/1241/605
f 676/1239/665 615/1240/606 678/1242/660
f 676/1239/665 678/1242/660 675/1243/664
f 678/1242/660 615/1240/606 680/1244/668
f 680/1244/668 615/1240/606 713/1245/698
f 680/1244/668 713/1245/698 714/1246/699
f 680/1244/668 714/1246/699 715/1247/700
f 680/1244/668 715/1247/700 716/1248/701
f 682/1249/669 653/1250/644 683/1251/381
f 653/1250/644 682/1249/669 685/1252/671
f 653/1250/644 685/1252/671 717/1253/702
f 717/1253/702 685/1252/671 706/1254/691
f 717/1253/702 706/1254/691 718/1255/703
f 653/1250/644 717/1253/702 719/1256/704
f 653/1250/644 719/1256/704 654/1257/645
f 654/1257/645 719/1256/704 656/1258/647
f 656/1258/647 719/1256/704 717/1253/702
f 656/1258/647 717/1253/702 720/1259/705
f 717/1253/702 718/1255/703 721/1260/706
f 717/1253/702 721/1260/706 720/1259/705
f 721/1260/706 718/1255/703 722/1261/707
f 720/1259/705 721/1260/706 723/1262/708
f 721/1260/706 722/1261/707 724/1263/709
f 721/1260/706 724/1263/709 723/1262/708
f 683/1264/381 653/1265/644 383/1266/380
f 683/1264/381 383/1266/380 386/1267/124
f 725/1268/710 546/1269/538 547/1270/539
f 725/1268/710 547/1270/539 640/1271/631
f 725/1268/710 640/1271/631 726/1272/711
f 546/1269/538 725/1268/710 727/1273/712
f 546/1269/538 727/1273/712 549/1274/541
f 727/1273/712 725/1268/710 643/1275/634
f 549/1274/541 727/1273/712 728/1276/713
f 727/1273/712 643/1275/634 644/1277/635
f 728/1276/713 727/1273/712 729/1278/714
f 728/1276/713 729/1278/714 730/1279/715
f 730/1279/715 729/1278/714 731/1280/716
f 729/1278/714 727/1273/712 732/1281/717
f 732/1281/717 727/1273/712 644/1277/635
f 732/1281/717 644/1277/635 733/1282/718
f 732/1281/717 733/1282/718 726/1283/711
f 732/1281/717 726/1283/711 734/1284/719
f 734/1284/719 726/1283/711 735/1285/720
f 399/1286/394 400/1287/395 541/1288/534
f 437/1289/433 439/1290/435 498/1291/494
f 498/1291/494 439/1290/435 736/1292/721
f 736/1292/721 439/1290/435 447/1293/443
f 498/1291/494 736/1292/721 18/1294/18
f 18/1294/18 736/1292/721 447/1293/443
f 498/1291/494 18/1294/18 496/1295/492
f 18/1294/18 447/1293/443 737/1296/722
f 18/1294/18 737/1296/722 19/1297/19
f 737/1296/722 447/1293/443 449/1298/445
f 125/1299/126 670/1300/381 122/1301/123
f 670/1300/381 125/1299/126 681/1302/381
f 649/1303/640 735/1304/720 650/1305/641
f 735/1304/720 649/1303/640 647/1306/638
f 735/1304/720 647/1306/638 738/1307/723
f 735/1304/720 738/1307/723 648/1308/639
f 738/1307/723 647/1306/638 650/1309/641
f 738/1307/723 650/1309/641 726/1310/711
f 738/1307/723 726/1310/711 640/1311/631
f 726/1310/711 650/1309/641 735/1312/720
f 739/1313/724 740/1314/725 722/1315/707
f 739/1313/724 722/1315/707 718/1316/703
f 739/1313/724 718/1316/703 724/1317/709
f 739/1313/724 724/1317/709 699/1318/684
f 699/1318/684 724/1317/709 704/1319/689
f 739/1313/724 699/1318/684 698/1320/683
f 739/1313/724 698/1320/683 740/1314/725
f 740/1314/725 698/1320/683 741/1321/726
f 741/1321/726 698/1320/683 697/1322/269
f 740/1314/725 741/1321/726 742/1323/727
f 741/1321/726 697/1322/269 743/1324/728
f 741/1321/726 743/1324/728 742/1323/727
f 742/1323/727 743/1324/728 744/1325/729
f 744/1325/729 743/1324/728 745/1326/730
f 744/1325/729 745/1326/730 746/1327/731
f 744/1325/729 746/1327/731 747/1328/732
f 744/1325/729 747/1328/732 748/1329/733
f 748/1329/733 747/1328/732 749/1330/734
f 749/1330/734 747/1328/732 750/1331/735
f 750/1331/735 747/1328/732 746/1327/731
f 749/1330/734 750/1331/735 751/1332/736
f 746/1327/731 745/1326/730 752/1333/737
f 746/1327/731 752/1333/737 750/1331/735
f 750/1331/735 752/1333/737 753/1334/738
f 750/1331/735 753/1334/738 754/1335/739
f 750/1331/735 754/1335/739 751/1332/736
f 751/1332/736 754/1335/739 755/1336/740
f 751/1332/736 755/1336/740 756/1337/741
f 756/1337/741 755/1336/740 757/1338/742
f 757/1338/742 755/1336/740 758/1339/743
f 759/1340/744 752/1333/737 745/1326/730
f 759/1340/744 745/1326/730 743/1324/728
f 752/1333/737 759/1340/744 760/1341/745
f 759/1340/744 743/1324/728 761/1342/746
f 759/1340/744 761/1342/746 760/1341/745
f 761/1342/746 743/1324/728 762/1343/747
f 761/1342/746 762/1343/747 763/1344/748
f 760/1341/745 761/1342/746 764/1345/749
f 764/1345/749 761/1342/746 763/1344/748
f 760/1341/745 764/1345/749 765/1346/750
f 764/1345/749 763/1344/748 766/1347/751
f 764/1345/749 766/1347/751 765/1346/750
f 765/1346/750 766/1347/751 767/1348/752
f 723/1349/708 724/1350/709 718/1351/703
f 723/1349/708 718/1351/703 706/1352/691
f 722/1353/707 768/1354/753 724/1355/709
f 768/1354/753 722/1353/707 740/1356/725
f 724/1355/709 768/1354/753 769/1357/754
f 769/1357/754 768/1354/753 770/1358/755
f 769/1357/754 770/1358/755 771/1359/756
f 769/1357/754 771/1359/756 772/1360/757
f 769/1357/754 772/1360/757 773/1361/758
f 768/1354/753 740/1356/725 774/1362/759
f 774/1362/759 740/1356/725 775/1363/760
f 774/1362/759 775/1363/760 776/1364/761
f 775/1363/760 740/1356/725 742/1365/727
f 776/1364/761 775/1363/760 748/1366/733
f 748/1366/733 775/1363/760 742/1365/727
f 748/1366/733 742/1365/727 744/1367/729
f 476/1368/473 249/1369/248 250/1370/249
f 476/1368/473 250/1370/249 256/1371/255
f 476/1368/473 256/1371/255 777/1372/357
f 476/1368/473 777/1372/357 475/1373/472
f 777/1372/357 256/1371/255 778/1374/762
f 778/1374/762 256/1371/255 255/1375/254
f 777/1372/357 778/1374/762 779/1376/763
f 779/1376/763 778/1374/762 780/1377/764
f 777/1372/357 779/1376/763 781/1378/765
f 777/1372/357 781/1378/765 782/1379/766
f 779/1376/763 780/1377/764 783/1380/767
f 779/1376/763 783/1380/767 781/1378/765
f 783/1380/767 780/1377/764 784/1381/768
f 781/1378/765 783/1380/767 785/1382/769
f 783/1380/767 784/1381/768 786/1383/770
f 783/1380/767 786/1383/770 785/1382/769
f 117/1384/118 281/1385/280 124/1386/125
f 281/1385/280 117/1384/118 116/1387/117
f 705/1388/690 704/1389/689 723/1390/708
f 723/1390/708 704/1389/689 787/1391/771
f 705/1388/690 723/1390/708 706/1392/691
f 787/1393/771 704/1394/689 724/1395/709
f 723/1396/708 787/1397/771 788/1398/693
f 723/1396/708 788/1398/693 720/1399/705
f 720/1399/705 788/1398/693 656/1400/647
f 788/1398/693 787/1397/771 773/1401/758
f 788/1398/693 773/1401/758 771/1402/756
f 773/1401/758 787/1397/771 769/1403/754
f 769/1403/754 787/1397/771 724/1404/709
f 648/1405/639 789/1406/363 790/1407/772
f 648/1405/639 790/1407/772 735/1408/720
f 735/1408/720 790/1407/772 770/1409/755
f 770/1409/755 790/1407/772 771/1410/756
f 771/1410/756 790/1407/772 791/1411/773
f 790/1407/772 789/1406/363 792/1412/774
f 792/1412/774 789/1406/363 771/1413/756
f 789/1406/363 648/1405/639 649/1414/640
f 771/1413/756 789/1406/363 788/1415/693
f 789/1406/363 649/1414/640 655/1416/646
f 789/1406/363 655/1416/646 788/1415/693
f 655/1416/646 649/1414/640 646/1417/637
f 788/1415/693 655/1416/646 656/1418/647
f 641/1419/632 648/1420/639 733/1421/718
f 733/1421/718 648/1420/639 738/1422/723
f 733/1421/718 738/1422/723 640/1423/631
f 641/1419/632 733/1421/718 642/1424/633
f 642/1424/633 733/1421/718 644/1425/635
f 793/1426/775 794/1427/776 619/1428/610
f 619/1428/610 794/1427/776 618/1429/609
f 794/1427/776 793/1426/775 795/1430/777
f 793/1426/775 619/1428/610 632/1431/623
f 793/1426/775 632/1431/623 795/1430/777
f 733/1432/718 640/1433/631 643/1434/634
f 733/1432/718 643/1434/634 725/1435/710
f 733/1432/718 725/1435/710 726/1436/711
f 791/1437/773 770/1438/755 768/1439/753
f 791/1437/773 768/1439/753 772/1440/757
f 772/1440/757 768/1439/753 773/1441/758
f 773/1441/758 768/1439/753 774/1442/759
f 776/1443/761 796/1444/778 797/1445/779
f 796/1444/778 776/1443/761 748/1446/733
f 796/1444/778 748/1446/733 749/1447/734
f 797/1445/779 796/1444/778 798/1448/780
f 796/1444/778 749/1447/734 799/1449/781
f 796/1444/778 799/1449/781 798/1448/780
f 799/1449/781 749/1447/734 751/1450/736
f 799/1449/781 751/1450/736 756/1451/741
f 799/1449/781 756/1451/741 800/1452/782
f 797/1445/779 798/1448/780 731/1453/716
f 797/1445/779 731/1453/716 776/1443/761
f 731/1453/716 798/1448/780 730/1454/715
f 776/1443/761 731/1453/716 801/1455/783
f 776/1443/761 801/1455/783 774/1456/759
f 774/1456/759 801/1455/783 772/1457/757
f 772/1457/757 801/1455/783 792/1458/774
f 772/1457/757 792/1458/774 791/1459/773
f 791/1459/773 792/1458/774 771/1460/756
f 792/1458/774 801/1455/783 790/1461/772
f 790/1461/772 801/1455/783 791/1462/773
f 791/1462/773 801/1455/783 731/1453/716
f 791/1462/773 731/1453/716 729/1463/714
f 791/1462/773 729/1463/714 732/1464/717
f 791/1462/773 732/1464/717 770/1465/755
f 770/1465/755 732/1464/717 735/1466/720
f 735/1466/720 732/1464/717 734/1467/719
f 379/1468/376 378/1469/375 591/1470/583
f 591/1470/583 378/1469/375 593/1471/585
f 593/1471/585 378/1469/375 569/1472/561
f 593/1471/585 569/1472/561 594/1473/586
f 594/1473/586 569/1472/561 596/1474/575
f 596/1474/575 569/1472/561 573/1475/565
f 596/1474/575 573/1475/565 802/1476/784
f 274/1477/273 275/1478/274 696/1479/682
f 696/1479/682 275/1478/274 803/1480/785
f 696/1479/682 803/1480/785 762/1481/747
f 696/1479/682 762/1481/747 697/1482/269
f 697/1482/269 762/1481/747 743/1483/728
f 762/1481/747 803/1480/785 804/1484/786
f 762/1481/747 804/1484/786 763/1485/748
f 763/1485/748 804/1484/786 766/1486/751
f 766/1486/751 804/1484/786 803/1480/785
f 805/1487/787 803/1480/785 275/1478/274
f 766/1486/751 803/1480/785 806/1488/788
f 805/1487/787 275/1478/274 276/1489/275
f 806/1488/788 803/1480/785 807/1490/789
f 807/1490/789 803/1480/785 805/1487/787
f 766/1486/751 806/1488/788 808/1491/790
f 766/1486/751 808/1491/790 767/1492/752
f 767/1492/752 808/1491/790 809/1493/791
f 808/1491/790 806/1488/788 810/1494/792
f 810/1494/792 806/1488/788 807/1490/789
f 809/1493/791 808/1491/790 811/1495/793
f 811/1495/793 808/1491/790 810/1494/792
f 809/1493/791 811/1495/793 812/1496/794
f 810/1494/792 807/1490/789 813/1497/795
f 813/1497/795 807/1490/789 805/1487/787
f 811/1495/793 810/1494/792 814/1498/796
f 811/1495/793 814/1498/796 812/1496/794
f 812/1496/794 814/1498/796 815/1499/797
f 812/1496/794 815/1499/797 816/1500/798
f 815/1499/797 814/1498/796 817/1501/799
f 814/1498/796 810/1494/792 818/1502/800
f 814/1498/796 818/1502/800 817/1501/799
f 818/1502/800 810/1494/792 813/1497/795
f 819/1503/801 820/1504/802 817/1501/799
f 819/1503/801 817/1501/799 818/1502/800
f 819/1503/801 818/1502/800 821/1505/803
f 819/1503/801 821/1505/803 822/1506/804
f 819/1503/801 822/1506/804 823/1507/805
f 821/1505/803 818/1502/800 824/1508/806
f 821/1505/803 824/1508/806 822/1506/804
f 823/1507/805 822/1506/804 825/1509/807
f 824/1508/806 818/1502/800 826/1510/808
f 826/1510/808 818/1502/800 813/1497/795
f 824/1508/806 826/1510/808 827/1511/809
f 825/1509/807 822/1506/804 828/1512/810
f 822/1506/804 824/1508/806 829/1513/811
f 829/1513/811 824/1508/806 827/1511/809
f 827/1511/809 826/1510/808 830/1514/812
f 830/1514/812 826/1510/808 813/1497/795
f 827/1511/809 830/1514/812 829/1513/811
f 825/1509/807 828/1512/810 831/1515/813
f 830/1514/812 813/1497/795 832/1516/814
f 832/1516/814 813/1497/795 805/1487/787
f 832/1516/814 805/1487/787 276/1489/275
f 830/1514/812 832/1516/814 833/1517/815
f 830/1514/812 833/1517/815 829/1513/811
f 833/1517/815 832/1516/814 834/1518/816
f 833/1517/815 834/1518/816 829/1513/811
f 834/1518/816 832/1516/814 276/1489/275
f 834/1518/816 276/1489/275 266/1519/265
f 266/1519/265 276/1489/275 269/1520/268
f 834/1518/816 266/1519/265 835/1521/817
f 834/1518/816 835/1521/817 829/1513/811
f 835/1521/817 266/1519/265 267/1522/266
f 829/1513/811 835/1521/817 836/1523/818
f 829/1513/811 836/1523/818 822/1506/804
f 822/1506/804 836/1523/818 828/1512/810
f 836/1523/818 835/1521/817 837/1524/819
f 837/1524/819 835/1521/817 267/1522/266
f 828/1512/810 836/1523/818 838/1525/820
f 838/1525/820 836/1523/818 837/1524/819
f 828/1512/810 838/1525/820 839/1526/821
f 839/1526/821 838/1525/820 837/1524/819
f 837/1524/819 267/1522/266 840/1527/822
f 837/1524/819 840/1527/822 839/1526/821
f 840/1527/822 267/1522/266 47/1528/47
f 840/1527/822 47/1528/47 57/1529/57
f 828/1512/810 839/1526/821 841/1530/800
f 828/1512/810 841/1530/800 831/1515/813
f 841/1530/800 839/1526/821 842/1531/823
f 841/1530/800 842/1531/823 831/1515/813
f 839/1526/821 840/1527/822 843/1532/824
f 843/1532/824 840/1527/822 57/1529/57
f 839/1526/821 843/1532/824 844/1533/825
f 839/1526/821 844/1533/825 842/1531/823
f 831/1515/813 842/1531/823 845/1534/826
f 831/1515/813 845/1534/826 846/1535/827
f 846/1535/827 845/1534/826 847/1536/828
f 847/1536/828 845/1534/826 842/1531/823
f 843/1532/824 57/1529/57 848/1537/829
f 848/1537/829 57/1529/57 58/1538/58
f 848/1537/829 58/1538/58 61/1539/61
f 843/1532/824 848/1537/829 849/1540/830
f 849/1540/830 848/1537/829 61/1539/61
f 843/1532/824 849/1540/830 844/1533/825
f 850/1541/831 842/1531/823 844/1533/825
f 850/1541/831 844/1533/825 849/1540/830
f 842/1531/823 850/1541/831 847/1536/828
f 849/1540/830 61/1539/61 851/1542/832
f 849/1540/830 851/1542/832 850/1541/831
f 851/1542/832 61/1539/61 64/1543/64
f 851/1542/832 64/1543/64 852/1544/833
f 851/1542/832 852/1544/833 853/1545/834
f 850/1541/831 851/1542/832 854/1546/835
f 854/1546/835 851/1542/832 853/1545/834
f 850/1541/831 854/1546/835 847/1536/828
f 854/1546/835 853/1545/834 855/1547/836
f 854/1546/835 855/1547/836 847/1536/828
f 847/1536/828 855/1547/836 856/1548/837
f 618/1549/609 794/1550/776 795/1551/777
f 618/1549/609 795/1551/777 632/1552/623
f 618/1549/609 632/1552/623 857/1553/838
f 857/1553/838 632/1552/623 631/1554/622
f 857/1553/838 631/1554/622 858/1555/839
f 857/1553/838 858/1555/839 859/1556/840
f 618/1549/609 857/1553/838 860/1557/841
f 618/1549/609 860/1557/841 861/1558/842
f 618/1549/609 861/1558/842 294/1559/293
f 861/1558/842 860/1557/841 862/1560/843
f 862/1560/843 860/1557/841 857/1553/838
f 862/1560/843 857/1553/838 859/1556/840
f 862/1560/843 859/1556/840 863/1561/844
f 863/1561/844 859/1556/840 864/1562/845
f 862/1560/843 863/1561/844 865/1563/846
f 862/1560/843 865/1563/846 866/1564/847
f 866/1564/847 865/1563/846 867/1565/848
f 867/1565/848 865/1563/846 868/1566/849
f 659/1567/650 669/1568/660 658/1569/649
f 658/1569/649 669/1568/660 657/1570/648
f 657/1570/648 669/1568/660 660/1571/651
f 660/1571/651 669/1568/660 869/1572/850
f 869/1572/850 669/1568/660 870/1573/851
f 870/1573/851 669/1568/660 871/1574/852
f 660/1571/651 869/1572/850 872/1575/853
f 872/1575/853 869/1572/850 870/1573/851
f 870/1573/851 871/1574/852 873/1576/854
f 870/1573/851 873/1576/854 872/1575/853
f 873/1576/854 871/1574/852 874/1577/855
f 873/1576/854 874/1577/855 875/1578/856
f 873/1576/854 875/1578/856 872/1575/853
f 875/1578/856 874/1577/855 876/1579/857
f 875/1578/856 876/1579/857 877/1580/660
f 872/1575/853 875/1578/856 878/1581/858
f 878/1581/858 875/1578/856 877/1580/660
f 872/1575/853 878/1581/858 660/1571/651
f 878/1581/858 877/1580/660 879/1582/668
f 878/1581/858 879/1582/668 660/1571/651
f 773/1583/758 774/1584/759 771/1585/756
f 771/1585/756 774/1584/759 772/1586/757
f 475/1587/472 777/1588/357 669/1589/660
f 669/1589/660 777/1588/357 880/1590/859
f 669/1589/660 880/1590/859 871/1591/852
f 880/1590/859 777/1588/357 881/1592/860
f 881/1592/860 777/1588/357 782/1593/766
f 881/1592/860 782/1593/766 882/1594/861
f 882/1594/861 782/1593/766 883/1595/862
f 882/1594/861 883/1595/862 884/1596/863
f 882/1594/861 884/1596/863 881/1592/860
f 881/1592/860 884/1596/863 885/1597/864
f 881/1592/860 885/1597/864 880/1590/859
f 885/1597/864 884/1596/863 876/1598/857
f 886/1599/865 871/1591/852 880/1590/859
f 886/1599/865 880/1590/859 885/1597/864
f 886/1599/865 885/1597/864 876/1598/857
f 871/1591/852 886/1599/865 874/1600/855
f 874/1600/855 886/1599/865 876/1598/857
f 253/1601/252 677/1602/666 255/1603/254
f 615/1604/606 613/1605/604 713/1606/698
f 730/1607/715 887/1608/866 728/1609/713
f 887/1608/866 730/1607/715 798/1610/780
f 887/1608/866 798/1610/780 800/1611/782
f 887/1608/866 800/1611/782 728/1609/713
f 800/1611/782 798/1610/780 799/1612/781
f 550/1613/542 549/1614/541 728/1609/713
f 550/1613/542 728/1609/713 888/1615/867
f 888/1615/867 728/1609/713 800/1611/782
f 756/1616/741 757/1617/742 800/1611/782
f 800/1611/782 757/1617/742 888/1615/867
f 888/1615/867 757/1617/742 758/1618/743
f 888/1615/867 758/1618/743 889/1619/868
f 888/1615/867 889/1619/868 890/1620/869
f 888/1615/867 890/1620/869 891/1621/870
f 888/1615/867 891/1621/870 550/1613/542
f 550/1613/542 891/1621/870 555/1622/547
f 555/1622/547 891/1621/870 892/1623/871
f 677/1624/666 679/1625/667 255/1626/254
f 149/1627/150 148/1628/149 296/1629/295
f 149/1627/150 296/1629/295 866/1630/847
f 149/1627/150 866/1630/847 867/1631/848
f 866/1630/847 296/1629/295 294/1632/293
f 866/1630/847 294/1632/293 861/1633/842
f 866/1630/847 861/1633/842 862/1634/843
f 893/1635/872 21/1636/21 19/1637/19
f 893/1635/872 19/1637/19 737/1638/722
f 21/1636/21 893/1635/872 894/1639/873
f 893/1635/872 737/1638/722 895/1640/874
f 893/1635/872 895/1640/874 894/1639/873
f 894/1639/873 895/1640/874 896/1641/875
f 21/1636/21 894/1639/873 897/1642/876
f 897/1642/876 894/1639/873 896/1641/875
f 21/1636/21 897/1642/876 898/1643/877
f 21/1636/21 898/1643/877 23/1644/23
f 23/1644/23 898/1643/877 64/1645/64
f 23/1644/23 64/1645/64 24/1646/24
f 898/1643/877 897/1642/876 899/1647/878
f 64/1645/64 898/1643/877 900/1648/879
f 900/1648/879 898/1643/877 899/1647/878
f 899/1647/878 897/1642/876 901/1649/880
f 899/1647/878 901/1649/880 900/1648/879
f 901/1649/880 897/1642/876 896/1641/875
f 64/1645/64 900/1648/879 852/1650/833
f 852/1650/833 900/1648/879 902/1651/881
f 852/1650/833 902/1651/881 853/1652/834
f 900/1648/879 901/1649/880 903/1653/882
f 900/1648/879 903/1653/882 902/1651/881
f 853/1652/834 902/1651/881 904/1654/883
f 904/1654/883 902/1651/881 903/1653/882
f 853/1652/834 904/1654/883 855/1655/836
f 903/1653/882 901/1649/880 905/1656/884
f 903/1653/882 905/1656/884 904/1654/883
f 855/1655/836 904/1654/883 906/1657/885
f 855/1655/836 906/1657/885 907/1658/886
f 906/1657/885 904/1654/883 905/1656/884
f 905/1656/884 901/1649/880 908/1659/887
f 908/1659/887 901/1649/880 896/1641/875
f 906/1657/885 905/1656/884 909/1660/888
f 906/1657/885 909/1660/888 910/1661/889
f 905/1656/884 908/1659/887 911/1662/890
f 905/1656/884 911/1662/890 909/1660/888
f 908/1659/887 896/1641/875 912/1663/891
f 908/1659/887 912/1663/891 911/1662/890
f 909/1660/888 911/1662/890 913/1664/892
f 913/1664/892 911/1662/890 912/1663/891
f 909/1660/888 913/1664/892 914/1665/893
f 914/1665/893 913/1664/892 915/1666/894
f 915/1666/894 913/1664/892 912/1663/891
f 912/1663/891 896/1641/875 916/1667/895
f 916/1667/895 896/1641/875 895/1640/874
f 915/1666/894 912/1663/891 917/1668/896
f 915/1666/894 917/1668/896 918/1669/897
f 915/1666/894 918/1669/897 919/1670/898
f 919/1670/898 918/1669/897 920/1671/899
f 920/1671/899 918/1669/897 921/1672/900
f 921/1672/900 918/1669/897 917/1668/896
f 917/1668/896 912/1663/891 922/1673/901
f 917/1668/896 922/1673/901 921/1672/900
f 922/1673/901 912/1663/891 916/1667/895
f 920/1671/899 921/1672/900 923/1674/902
f 922/1673/901 916/1667/895 924/1675/903
f 922/1673/901 924/1675/903 921/1672/900
f 925/1676/904 916/1667/895 895/1640/874
f 925/1676/904 895/1640/874 737/1638/722
f 916/1667/895 925/1676/904 926/1677/905
f 916/1667/895 926/1677/905 924/1675/903
f 925/1676/904 737/1638/722 927/1678/906
f 925/1676/904 927/1678/906 926/1677/905
f 927/1678/906 737/1638/722 449/1679/445
f 926/1677/905 927/1678/906 928/1680/907
f 928/1680/907 927/1678/906 449/1679/445
f 926/1677/905 928/1680/907 924/1675/903
f 928/1680/907 449/1679/445 929/1681/908
f 929/1681/908 449/1679/445 448/1682/444
f 924/1675/903 928/1680/907 930/1683/909
f 930/1683/909 928/1680/907 929/1681/908
f 929/1681/908 448/1682/444 450/1684/446
f 924/1675/903 930/1683/909 931/1685/910
f 924/1675/903 931/1685/910 921/1672/900
f 930/1683/909 929/1681/908 932/1686/911
f 930/1683/909 932/1686/911 931/1685/910
f 929/1681/908 450/1684/446 933/1687/912
f 929/1681/908 933/1687/912 932/1686/911
f 933/1687/912 450/1684/446 452/1688/448
f 932/1686/911 933/1687/912 934/1689/913
f 933/1687/912 452/1688/448 935/1690/914
f 933/1687/912 935/1690/914 934/1689/913
f 202/1691/203 452/1688/448 198/1692/199
f 452/1688/448 202/1691/203 935/1690/914
f 935/1690/914 202/1691/203 936/1693/915
f 934/1689/913 935/1690/914 937/1694/916
f 934/1689/913 937/1694/916 932/1686/911
f 935/1690/914 936/1693/915 938/1695/917
f 935/1690/914 938/1695/917 937/1694/916
f 938/1695/917 936/1693/915 939/1696/918
f 938/1695/917 939/1696/918 940/1697/919
f 938/1695/917 940/1697/919 941/1698/920
f 938/1695/917 941/1698/920 937/1694/916
f 932/1686/911 937/1694/916 942/1699/921
f 932/1686/911 942/1699/921 931/1685/910
f 937/1694/916 941/1698/920 943/1700/922
f 937/1694/916 943/1700/922 942/1699/921
f 931/1685/910 942/1699/921 944/1701/923
f 944/1701/923 942/1699/921 943/1700/922
f 931/1685/910 944/1701/923 921/1672/900
f 921/1672/900 944/1701/923 923/1674/902
f 944/1701/923 943/1700/922 945/1702/924
f 944/1701/923 945/1702/924 923/1674/902
f 946/1703/925 943/1700/922 941/1698/920
f 943/1700/922 946/1703/925 945/1702/924
f 945/1702/924 946/1703/925 923/1674/902
f 946/1703/925 941/1698/920 947/1704/926
f 923/1674/902 946/1703/925 948/1705/927
f 778/1706/762 255/1707/254 780/1708/764
f 679/1709/667 949/1710/928 255/1707/254
f 780/1708/764 255/1707/254 950/1711/929
f 950/1711/929 255/1707/254 949/1710/928
f 780/1708/764 950/1711/929 951/1712/930
f 780/1708/764 951/1712/930 784/1713/768
f 950/1711/929 949/1710/928 952/1714/931
f 950/1711/929 952/1714/931 951/1712/930
f 951/1712/930 952/1714/931 784/1713/768
f 952/1714/931 949/1710/928 953/1715/932
f 784/1713/768 952/1714/931 786/1716/770
f 952/1714/931 953/1715/932 954/1717/762
f 786/1716/770 952/1714/931 955/1718/667
f 955/1718/667 952/1714/931 954/1717/762
f 679/1719/667 680/1720/668 716/1721/701
f 679/1719/667 716/1721/701 956/1722/933
f 679/1719/667 956/1722/933 949/1723/928
f 956/1722/933 716/1721/701 957/1724/934
f 957/1724/934 716/1721/701 958/1725/935
f 949/1723/928 956/1722/933 959/1726/936
f 949/1723/928 959/1726/936 953/1727/932
f 953/1727/932 959/1726/936 954/1728/762
f 957/1724/934 958/1725/935 960/1729/937
f 960/1729/937 958/1725/935 961/1730/938
f 956/1722/933 957/1724/934 962/1731/939
f 962/1731/939 957/1724/934 960/1729/937
f 960/1729/937 961/1730/938 963/1732/660
f 960/1729/937 963/1732/660 954/1728/762
f 964/1733/940 959/1726/936 956/1722/933
f 959/1726/936 964/1733/940 954/1728/762
f 964/1733/940 956/1722/933 962/1731/939
f 954/1728/762 964/1733/940 960/1729/937
f 960/1729/937 964/1733/940 962/1731/939
f 713/1734/698 613/1735/604 965/1736/941
f 713/1734/698 965/1736/941 714/1737/699
f 965/1736/941 613/1735/604 612/1738/603
f 714/1737/699 965/1736/941 966/1739/942
f 965/1736/941 612/1738/603 967/1740/943
f 967/1740/943 612/1738/603 611/1741/602
f 967/1740/943 611/1741/602 603/1742/594
f 967/1740/943 603/1742/594 602/1743/593
f 965/1736/941 967/1740/943 968/1744/944
f 965/1736/941 968/1744/944 966/1739/942
f 968/1744/944 967/1740/943 602/1743/593
f 966/1739/942 968/1744/944 969/1745/945
f 966/1739/942 969/1745/945 970/1746/946
f 969/1745/945 968/1744/944 971/1747/947
f 971/1747/947 968/1744/944 602/1743/593
f 970/1746/946 969/1745/945 972/1748/948
f 972/1748/948 969/1745/945 971/1747/947
f 970/1746/946 972/1748/948 973/1749/949
f 973/1749/949 972/1748/948 974/1750/950
f 974/1750/950 972/1748/948 975/1751/951
f 975/1751/951 972/1748/948 971/1747/947
f 975/1751/951 971/1747/947 976/1752/952
f 971/1747/947 602/1743/593 977/1753/598
f 976/1752/952 971/1747/947 978/1754/953
f 978/1754/953 971/1747/947 977/1753/598
f 977/1753/598 602/1743/593 979/1755/954
f 976/1752/952 978/1754/953 980/1756/955
f 978/1754/953 977/1753/598 981/1757/956
f 981/1757/956 977/1753/598 979/1755/954
f 978/1754/953 981/1757/956 980/1756/955
f 976/1752/952 980/1756/955 982/1758/957
f 979/1755/954 602/1743/593 983/1759/958
f 979/1755/954 983/1759/958 981/1757/956
f 981/1757/956 983/1759/958 980/1756/955
f 983/1759/958 602/1743/593 601/1760/592
f 982/1758/957 980/1756/955 984/1761/784
f 984/1761/784 980/1756/955 983/1759/958
f 984/1761/784 983/1759/958 601/1760/592
f 982/1758/957 984/1761/784 985/1762/959
f 984/1761/784 601/1760/592 986/1763/784
f 984/1761/784 986/1763/784 985/1762/959
f 958/1764/935 716/1765/701 715/1766/700
f 958/1764/935 715/1766/700 987/1767/960
f 958/1764/935 987/1767/960 961/1768/938
f 987/1767/960 715/1766/700 988/1769/961
f 988/1769/961 715/1766/700 714/1770/699
f 961/1768/938 987/1767/960 989/1771/962
f 989/1771/962 987/1767/960 988/1769/961
f 989/1771/962 988/1769/961 714/1770/699
f 961/1768/938 989/1771/962 963/1772/660
f 989/1771/962 714/1770/699 966/1773/942
f 990/1774/963 991/1775/964 631/1776/622
f 990/1774/963 631/1776/622 628/1777/619
f 991/1775/964 990/1774/963 992/1778/965
f 991/1775/964 992/1778/965 993/1779/966
f 631/1776/622 991/1775/964 858/1780/839
f 991/1775/964 993/1779/966 994/1781/967
f 991/1775/964 994/1781/967 858/1780/839
f 858/1780/839 994/1781/967 995/1782/968
f 666/1783/657 990/1784/963 628/1785/619
f 990/1784/963 666/1783/657 996/1786/969
f 781/1787/765 883/1788/862 782/1789/766
f 883/1788/862 781/1787/765 785/1790/769
f 883/1788/862 785/1790/769 884/1791/863
f 333/1792/331 997/1793/970 571/1794/563
f 571/1794/563 997/1793/970 998/1795/971
f 997/1793/970 333/1792/331 999/1796/972
f 998/1795/971 997/1793/970 1000/1797/973
f 997/1793/970 999/1796/972 1001/1798/974
f 997/1793/970 1001/1798/974 1000/1797/973
f 333/1799/331 565/1800/557 999/1801/972
f 999/1801/972 565/1800/557 1002/1802/975
f 1002/1802/975 565/1800/557 559/1803/551
f 999/1801/972 1002/1802/975 1003/1804/976
f 999/1801/972 1003/1804/976 1004/1805/977
f 879/1806/668 1005/1807/978 664/1808/655
f 1005/1807/978 879/1806/668 1006/1809/979
f 1005/1807/978 1006/1809/979 664/1808/655
f 879/1806/668 664/1808/655 660/1810/651
f 664/1808/655 1006/1809/979 1007/1811/980
f 664/1808/655 1007/1811/980 1008/1812/981
f 664/1808/655 1008/1812/981 665/1813/656
f 966/1814/942 970/1815/946 989/1816/962
f 989/1816/962 970/1815/946 973/1817/949
f 989/1816/962 973/1817/949 1009/1818/660
f 1009/1818/660 973/1817/949 1010/1819/982
f 1010/1819/982 973/1817/949 974/1820/950
f 1009/1818/660 1010/1819/982 1011/1821/983
f 1009/1818/660 1011/1821/983 1012/1822/660
f 1010/1819/982 974/1820/950 1013/1823/984
f 1010/1819/982 1013/1823/984 1011/1821/983
f 1013/1823/984 974/1820/950 975/1824/951
f 1011/1821/983 1013/1823/984 1014/1825/985
f 1014/1825/985 1013/1823/984 1015/1826/986
f 1015/1826/986 1013/1823/984 975/1824/951
f 1014/1825/985 1015/1826/986 1016/1827/987
f 1015/1826/986 975/1824/951 1017/1828/988
f 1015/1826/986 1017/1828/988 1018/1829/989
f 1017/1828/988 975/1824/951 976/1830/952
f 1018/1829/989 1017/1828/988 1019/1831/990
f 1017/1828/988 976/1830/952 982/1832/957
f 1019/1831/990 1017/1828/988 985/1833/959
f 985/1833/959 1017/1828/988 982/1832/957
f 573/1834/565 572/1835/564 1020/1836/991
f 573/1834/565 1020/1836/991 1021/1837/992
f 573/1834/565 1021/1837/992 802/1838/784
f 802/1838/784 1021/1837/992 1022/1839/993
f 1022/1839/993 1021/1837/992 1020/1836/991
f 802/1838/784 1022/1839/993 1023/1840/994
f 1023/1840/994 1022/1839/993 1024/1841/995
f 1023/1840/994 1024/1841/995 1025/1842/996
f 1023/1840/994 1025/1842/996 1026/1843/994
f 1024/1841/995 1022/1839/993 1027/1844/997
f 1024/1841/995 1027/1844/997 1025/1842/996
f 1027/1844/997 1022/1839/993 1020/1836/991
f 1025/1842/996 1027/1844/997 1028/1845/998
f 1028/1845/998 1027/1844/997 1029/1846/999
f 1027/1844/997 1020/1836/991 1030/1847/1000
f 1027/1844/997 1030/1847/1000 1029/1846/999
f 1030/1847/1000 1020/1836/991 572/1835/564
f 1028/1845/998 1029/1846/999 1031/1848/1001
f 1031/1848/1001 1029/1846/999 1030/1847/1000
f 1031/1848/1001 1030/1847/1000 572/1835/564
f 1031/1848/1001 572/1835/564 1032/1849/1002
f 1031/1848/1001 1032/1849/1002 1033/1850/959
f 1032/1849/1002 572/1835/564 571/1851/563
f 1032/1849/1002 571/1851/563 1034/1852/1003
f 1035/1853/1004 155/1854/156 149/1855/150
f 1035/1853/1004 149/1855/150 867/1856/848
f 155/1854/156 1035/1853/1004 1036/1857/1005
f 155/1854/156 1036/1857/1005 157/1858/158
f 1036/1857/1005 1035/1853/1004 1037/1859/1006
f 1036/1857/1005 1037/1859/1006 157/1858/158
f 1035/1853/1004 867/1856/848 1038/1860/1007
f 1038/1860/1007 867/1856/848 1039/1861/1008
f 1039/1861/1008 867/1856/848 868/1862/849
f 1039/1861/1008 868/1862/849 1040/1863/1009
f 1039/1861/1008 1040/1863/1009 1038/1860/1007
f 1040/1863/1009 868/1862/849 1041/1864/1010
f 1041/1864/1010 868/1862/849 865/1865/846
f 863/1866/844 864/1867/845 865/1865/846
f 865/1865/846 864/1867/845 1041/1864/1010
f 1041/1864/1010 864/1867/845 1042/1868/1011
f 1042/1868/1011 864/1867/845 1043/1869/1012
f 1040/1863/1009 1041/1864/1010 1044/1870/1013
f 1040/1863/1009 1044/1870/1013 1038/1860/1007
f 1041/1864/1010 1042/1868/1011 1045/1871/1014
f 1041/1864/1010 1045/1871/1014 1044/1870/1013
f 1042/1868/1011 1043/1869/1012 1046/1872/1015
f 1042/1868/1011 1046/1872/1015 1045/1871/1014
f 1046/1872/1015 1043/1869/1012 1047/1873/1016
f 1044/1870/1013 1045/1871/1014 1048/1874/1017
f 1044/1870/1013 1048/1874/1017 1038/1860/1007
f 1045/1871/1014 1046/1872/1015 1049/1875/1018
f 1045/1871/1014 1049/1875/1018 1048/1874/1017
f 1048/1874/1017 1049/1875/1018 1038/1860/1007
f 1049/1875/1018 1046/1872/1015 1050/1876/1019
f 1038/1860/1007 1049/1875/1018 1051/1877/1020
f 1051/1877/1020 1049/1875/1018 1050/1876/1019
f 1038/1860/1007 1051/1877/1020 1035/1853/1004
f 1051/1877/1020 1050/1876/1019 1052/1878/1021
f 1035/1853/1004 1051/1877/1020 1037/1859/1006
f 1037/1859/1006 1051/1877/1020 1052/1878/1021
f 1037/1859/1006 1052/1878/1021 1053/1879/1022
f 1053/1879/1022 1052/1878/1021 1054/1880/1023
f 1053/1879/1022 1054/1880/1023 1055/1881/1024
f 1053/1879/1022 1055/1881/1024 1037/1859/1006
f 1055/1881/1024 1054/1880/1023 1056/1882/1025
f 1037/1859/1006 1055/1881/1024 1057/1883/1026
f 1055/1881/1024 1056/1882/1025 1058/1884/1027
f 1058/1884/1027 1056/1882/1025 940/1885/919
f 1058/1884/1027 940/1885/919 939/1886/918
f 1055/1881/1024 1058/1884/1027 1059/1887/1028
f 1059/1887/1028 1058/1884/1027 939/1886/918
f 1055/1881/1024 1059/1887/1028 1057/1883/1026
f 1059/1887/1028 939/1886/918 936/1888/915
f 1037/1859/1006 1057/1883/1026 1060/1889/1029
f 1060/1889/1029 1057/1883/1026 1059/1887/1028
f 1037/1859/1006 1060/1889/1029 1061/1890/924
f 1037/1859/1006 1061/1890/924 157/1858/158
f 157/1858/158 1061/1890/924 156/1891/157
f 1061/1890/924 1060/1889/1029 1062/1892/1030
f 1062/1892/1030 1060/1889/1029 1059/1887/1028
f 1061/1890/924 1062/1892/1030 156/1891/157
f 1062/1892/1030 1059/1887/1028 936/1888/915
f 156/1891/157 1062/1892/1030 200/1893/201
f 200/1893/201 1062/1892/1030 203/1894/204
f 203/1894/204 1062/1892/1030 936/1888/915
f 203/1894/204 936/1888/915 202/1895/203
f 876/1896/857 884/1897/863 1063/1898/660
f 1063/1898/660 884/1897/863 785/1899/769
f 876/1896/857 1063/1898/660 877/1900/660
f 558/1901/550 557/1902/549 1064/1903/1031
f 558/1901/550 1064/1903/1031 559/1904/551
f 559/1904/551 1064/1903/1031 1065/1905/1032
f 1064/1903/1031 557/1902/549 1066/1906/1033
f 1065/1905/1032 1064/1903/1031 1067/1907/1034
f 1067/1907/1034 1064/1903/1031 1066/1906/1033
f 1067/1907/1034 1066/1906/1033 1068/1908/1035
f 559/1909/551 1069/1910/1036 1002/1911/975
f 1069/1910/1036 559/1909/551 1065/1912/1032
f 1002/1911/975 1069/1910/1036 1003/1913/976
f 1069/1910/1036 1065/1912/1032 1070/1914/1037
f 1069/1910/1036 1070/1914/1037 1003/1913/976
f 1070/1914/1037 1065/1912/1032 1071/1915/1038
f 1070/1914/1037 1071/1915/1038 1072/1916/1039
f 1070/1914/1037 1072/1916/1039 1003/1913/976
f 1003/1913/976 1072/1916/1039 1004/1917/977
f 665/1918/656 1073/1919/1040 1074/1920/1041
f 665/1918/656 1074/1920/1041 666/1921/657
f 1073/1919/1040 665/1918/656 1008/1922/981
f 666/1921/657 1074/1920/1041 1075/1923/1042
f 1075/1923/1042 1074/1920/1041 1073/1919/1040
f 1073/1919/1040 1008/1922/981 1076/1924/1043
f 1073/1919/1040 1076/1924/1043 1075/1923/1042
f 555/1925/547 892/1926/871 556/1927/548
f 556/1927/548 892/1926/871 1077/1928/1044
f 556/1927/548 1077/1928/1044 1078/1929/1045
f 1078/1929/1045 1077/1928/1044 1079/1930/1046
f 1079/1930/1046 1077/1928/1044 892/1926/871
f 1078/1929/1045 1079/1930/1046 1080/1931/1047
f 1079/1930/1046 892/1926/871 1081/1932/1048
f 1079/1930/1046 1081/1932/1048 1080/1931/1047
f 1081/1932/1048 892/1926/871 889/1933/868
f 1080/1931/1047 1081/1932/1048 1082/1934/1049
f 1082/1934/1049 1081/1932/1048 889/1933/868
f 1080/1931/1047 1082/1934/1049 1083/1935/1050
f 1082/1934/1049 889/1933/868 758/1936/743
f 1083/1935/1050 1082/1934/1049 1084/1937/1051
f 1084/1937/1051 1082/1934/1049 758/1936/743
f 786/1938/770 955/1939/667 785/1940/769
f 785/1940/769 955/1939/667 1085/1941/660
f 785/1940/769 1085/1941/660 1063/1942/660
f 600/1943/591 598/1944/589 1086/1945/784
f 1086/1945/784 598/1944/589 599/1946/590
f 1086/1945/784 599/1946/590 597/1947/588
f 601/1948/592 600/1943/591 986/1949/784
f 986/1949/784 600/1943/591 1087/1950/1052
f 1087/1950/1052 600/1943/591 1086/1945/784
f 1087/1950/1052 1086/1945/784 1088/1951/1053
f 1088/1951/1053 1086/1945/784 1089/1952/1054
f 1089/1952/1054 1086/1945/784 1090/1953/1055
f 1086/1945/784 597/1947/588 1026/1954/994
f 1086/1945/784 1026/1954/994 1090/1953/1055
f 1090/1953/1055 1026/1954/994 1091/1955/973
f 1026/1954/994 597/1947/588 596/1956/575
f 1026/1954/994 596/1956/575 1023/1957/994
f 1023/1957/994 596/1956/575 802/1958/784
f 1080/1959/1047 1092/1960/1056 1078/1961/1045
f 1092/1960/1056 1080/1959/1047 1093/1962/1057
f 1093/1962/1057 1080/1959/1047 1083/1963/1050
f 1078/1961/1045 1092/1960/1056 1094/1964/1058
f 1078/1961/1045 1094/1964/1058 556/1965/548
f 556/1965/548 1094/1964/1058 557/1966/549
f 557/1966/549 1094/1964/1058 1066/1967/1033
f 1093/1962/1057 1083/1963/1050 1095/1968/1059
f 1093/1962/1057 1095/1968/1059 1092/1960/1056
f 1095/1968/1059 1083/1963/1050 1096/1969/1060
f 1096/1969/1060 1083/1963/1050 1084/1970/1051
f 1095/1968/1059 1096/1969/1060 1097/1971/1061
f 1095/1968/1059 1097/1971/1061 1092/1960/1056
f 1092/1960/1056 1097/1971/1061 1098/1972/1062
f 1092/1960/1056 1098/1972/1062 1094/1964/1058
f 1098/1972/1062 1097/1971/1061 1099/1973/1063
f 1098/1972/1062 1099/1973/1063 1100/1974/1064
f 1094/1964/1058 1098/1972/1062 1101/1975/1065
f 1101/1975/1065 1098/1972/1062 1100/1974/1064
f 1094/1964/1058 1101/1975/1065 1066/1967/1033
f 1101/1975/1065 1100/1974/1064 1068/1976/1035
f 1101/1975/1065 1068/1976/1035 1066/1967/1033
f 879/1977/668 877/1978/660 1102/1979/660
f 1102/1979/660 877/1978/660 1103/1980/660
f 1103/1980/660 877/1978/660 1063/1981/660
f 1104/1982/1066 760/1983/745 1105/1984/1067
f 760/1983/745 1104/1982/1066 753/1985/738
f 760/1983/745 753/1985/738 752/1986/737
f 753/1985/738 1104/1982/1066 1106/1987/1068
f 753/1985/738 1106/1987/1068 754/1988/739
f 754/1988/739 1106/1987/1068 755/1989/740
f 755/1989/740 1106/1987/1068 758/1990/743
f 758/1990/743 1106/1987/1068 1084/1991/1051
f 765/1992/750 1105/1984/1067 760/1983/745
f 1106/1987/1068 1104/1982/1066 1107/1993/1069
f 1107/1993/1069 1104/1982/1066 1105/1984/1067
f 1084/1991/1051 1106/1987/1068 1108/1994/1070
f 1084/1991/1051 1108/1994/1070 1096/1995/1060
f 1096/1995/1060 1108/1994/1070 1097/1996/1061
f 1108/1994/1070 1106/1987/1068 1109/1997/1071
f 1108/1994/1070 1109/1997/1071 1097/1996/1061
f 1109/1997/1071 1106/1987/1068 1107/1993/1069
f 1107/1993/1069 1105/1984/1067 1110/1998/1072
f 1107/1993/1069 1110/1998/1072 1109/1997/1071
f 1110/1998/1072 1105/1984/1067 1111/1999/1073
f 1111/1999/1073 1105/1984/1067 765/1992/750
f 1109/1997/1071 1110/1998/1072 1112/2000/1074
f 1109/1997/1071 1112/2000/1074 1097/1996/1061
f 1112/2000/1074 1110/1998/1072 1111/1999/1073
f 1097/1996/1061 1112/2000/1074 1113/2001/1075
f 1097/1996/1061 1113/2001/1075 1099/2002/1063
f 1113/2001/1075 1112/2000/1074 1114/2003/293
f 1114/2003/293 1112/2000/1074 1115/2004/1076
f 1115/2004/1076 1112/2000/1074 1111/1999/1073
f 1116/2005/1077 1111/1999/1073 765/1992/750
f 1115/2004/1076 1111/1999/1073 1117/2006/1078
f 1117/2006/1078 1111/1999/1073 1116/2005/1077
f 1115/2004/1076 1117/2006/1078 1118/2007/1079
f 1116/2005/1077 765/1992/750 1119/2008/1080
f 1116/2005/1077 1119/2008/1080 1117/2006/1078
f 1119/2008/1080 765/1992/750 767/2009/752
f 1117/2006/1078 1119/2008/1080 1120/2010/1081
f 1119/2008/1080 767/2009/752 809/2011/791
f 1120/2010/1081 1119/2008/1080 1121/2012/1082
f 1121/2012/1082 1119/2008/1080 809/2011/791
f 1121/2012/1082 809/2011/791 812/2013/794
f 1121/2012/1082 812/2013/794 816/2014/798
f 955/2015/667 954/2016/762 1085/2017/660
f 1085/2017/660 954/2016/762 963/2018/660
f 963/2019/660 989/2020/962 1009/2021/660
f 963/2019/660 1009/2021/660 1012/2022/660
f 1007/2023/980 1006/2024/979 1122/2025/1083
f 1007/2023/980 1122/2025/1083 1008/2026/981
f 1008/2026/981 1122/2025/1083 1123/2027/1084
f 1008/2026/981 1123/2027/1084 1076/2028/1043
f 1122/2025/1083 1006/2024/979 1124/2029/1085
f 1124/2029/1085 1006/2024/979 879/2030/668
f 1124/2029/1085 879/2030/668 1102/2031/660
f 995/2032/968 859/2033/840 858/2034/839
f 994/2035/967 993/2036/966 995/2037/968
f 995/2037/968 993/2036/966 1125/2038/1086
f 1125/2038/1086 993/2036/966 992/2039/965
f 1125/2038/1086 992/2039/965 1126/2040/1087
f 1126/2040/1087 992/2039/965 990/2041/963
f 1126/2040/1087 990/2041/963 1127/2042/1088
f 1127/2042/1088 990/2041/963 996/2043/969
f 1126/2040/1087 1127/2042/1088 1128/2044/1089
f 1126/2040/1087 1128/2044/1089 1125/2038/1086
f 1125/2038/1086 1128/2044/1089 1129/2045/1090
f 1125/2038/1086 1129/2045/1090 995/2037/968
f 1129/2045/1090 1128/2044/1089 1130/2046/1091
f 1129/2045/1090 1130/2046/1091 1131/2047/969
f 1129/2045/1090 1131/2047/969 995/2037/968
f 995/2037/968 1131/2047/969 859/2048/840
f 859/2048/840 1131/2047/969 864/2049/845
f 864/2049/845 1131/2047/969 1132/2050/1092
f 1133/2051/1093 889/2052/868 892/2053/871
f 889/2052/868 1133/2051/1093 890/2054/869
f 1133/2051/1093 892/2053/871 1134/2055/1094
f 1134/2055/1094 892/2053/871 891/2056/870
f 1134/2055/1094 891/2056/870 1135/2057/1095
f 1135/2057/1095 891/2056/870 1136/2058/1096
f 1136/2058/1096 891/2056/870 890/2059/869
f 1043/2060/1012 1137/2061/1097 1047/2062/1016
f 1137/2061/1097 1043/2060/1012 1138/2063/1098
f 1138/2063/1098 1043/2060/1012 1050/2064/1019
f 1138/2063/1098 1050/2064/1019 1046/2065/1015
f 1050/2064/1019 1043/2060/1012 1139/2066/1099
f 1047/2067/1016 1137/2068/1097 1050/2069/1019
f 1047/2067/1016 1050/2069/1019 1139/2070/1099
f 1047/2067/1016 1139/2070/1099 1138/2071/1098
f 1047/2067/1016 1138/2071/1098 1046/2072/1015
f 1103/2073/660 1063/2074/660 1140/2075/660
f 1140/2075/660 1063/2074/660 1085/2076/660
f 1141/2077/1100 1054/2078/1023 1052/2079/1021
f 1054/2078/1023 1141/2077/1100 1142/2080/1101
f 1142/2080/1101 1141/2077/1100 1143/2081/1102
f 1054/2078/1023 1142/2080/1101 1144/2082/1103
f 1054/2078/1023 1144/2082/1103 1056/2083/1025
f 1142/2080/1101 1143/2081/1102 1145/2084/1104
f 1143/2081/1102 1141/2077/1100 1146/2085/1105
f 1143/2081/1102 1146/2085/1105 1145/2084/1104
f 1146/2085/1105 1141/2077/1100 1147/2086/1106
f 1146/2085/1105 1147/2086/1106 1148/2087/1107
f 1147/2086/1106 1141/2077/1100 1149/2088/1108
f 1142/2080/1101 1145/2084/1104 1150/2089/1109
f 1142/2080/1101 1150/2089/1109 1144/2082/1103
f 1150/2089/1109 1145/2084/1104 947/2090/926
f 1144/2082/1103 1150/2089/1109 1151/2091/1110
f 1151/2091/1110 1150/2089/1109 947/2090/926
f 1144/2082/1103 1151/2091/1110 1056/2083/1025
f 1151/2091/1110 947/2090/926 941/2092/920
f 1151/2091/1110 941/2092/920 1056/2083/1025
f 1056/2083/1025 941/2092/920 940/2093/919
f 1152/2094/1111 1147/2086/1106 1149/2088/1108
f 1147/2086/1106 1152/2094/1111 1153/2095/1112
f 1153/2095/1112 1152/2094/1111 1154/2096/1113
f 1153/2095/1112 1154/2096/1113 1155/2097/1114
f 1154/2096/1113 1152/2094/1111 1156/2098/1115
f 1156/2098/1115 1152/2094/1111 1149/2088/1108
f 1155/2097/1114 1154/2096/1113 1043/2099/1012
f 1155/2097/1114 1043/2099/1012 1132/2100/1092
f 1132/2100/1092 1043/2099/1012 864/2101/845
f 1156/2098/1115 1149/2088/1108 1157/2102/1116
f 1157/2102/1116 1149/2088/1108 1158/2103/1080
f 1158/2103/1080 1149/2088/1108 1159/2104/1117
f 1158/2103/1080 1159/2104/1117 1160/2105/1118
f 1122/2106/1083 1124/2107/1085 1161/2108/1119
f 1122/2106/1083 1161/2108/1119 1123/2109/1084
f 1123/2109/1084 1161/2108/1119 1162/2110/1120
f 1162/2110/1120 1161/2108/1119 1163/2111/1121
f 1162/2110/1120 1163/2111/1121 1164/2112/1122
f 1164/2112/1122 1163/2111/1121 1165/2113/1123
f 1165/2113/1123 1163/2111/1121 1161/2108/1119
f 1165/2113/1123 1161/2108/1119 1124/2107/1085
f 1165/2113/1123 1124/2107/1085 1102/2114/660
f 1165/2113/1123 1102/2114/660 1166/2115/660
f 1166/2115/660 1102/2114/660 1103/2116/660
f 1050/2117/1019 1141/2118/1100 1052/2119/1021
f 1141/2118/1100 1050/2117/1019 1167/2120/1124
f 1141/2118/1100 1167/2120/1124 1149/2121/1108
f 1149/2121/1108 1167/2120/1124 1168/2122/1125
f 1168/2122/1125 1167/2120/1124 1169/2123/1126
f 1169/2123/1126 1167/2120/1124 1139/2124/1099
f 1167/2120/1124 1050/2117/1019 1137/2125/1097
f 1139/2124/1099 1167/2120/1124 1138/2126/1098
f 1167/2120/1124 1137/2125/1097 1170/2127/1127
f 1167/2120/1124 1170/2127/1127 1138/2126/1098
f 1170/2127/1127 1137/2125/1097 1168/2128/1125
f 1138/2126/1098 1170/2127/1127 1169/2129/1126
f 1169/2129/1126 1170/2127/1127 1168/2128/1125
f 1075/2130/1042 1076/2131/1043 1171/2132/1128
f 1171/2132/1128 1076/2131/1043 1123/2133/1084
f 1171/2132/1128 1123/2133/1084 1162/2134/1120
f 1171/2132/1128 1162/2134/1120 1172/2135/1129
f 1171/2132/1128 1172/2135/1129 1173/2136/1130
f 1171/2132/1128 1173/2136/1130 1075/2130/1042
f 1075/2130/1042 1173/2136/1130 1174/2137/1131
f 1174/2137/1131 1173/2136/1130 1175/2138/1132
f 1075/2130/1042 1174/2137/1131 996/2139/969
f 1075/2130/1042 996/2139/969 666/2140/657
f 1133/2141/1093 1136/2142/1096 890/2143/869
f 1136/2142/1096 1133/2141/1093 1176/2144/1133
f 1176/2144/1133 1133/2141/1093 1134/2145/1094
f 1158/2146/1080 1138/2147/1098 1169/2148/1126
f 1158/2146/1080 1169/2148/1126 1139/2149/1099
f 1138/2147/1098 1158/2146/1080 1168/2150/1125
f 1138/2147/1098 1168/2150/1125 1137/2151/1097
f 1158/2146/1080 1139/2149/1099 1043/2152/1012
f 1158/2146/1080 1043/2152/1012 1157/2153/1116
f 1157/2153/1116 1043/2152/1012 1154/2154/1113
f 1157/2153/1116 1154/2154/1113 1160/2155/1118
f 963/2156/660 1177/2157/660 1085/2158/660
f 1177/2157/660 963/2156/660 1012/2159/660
f 1159/2160/1117 1149/2161/1108 1168/2162/1125
f 1159/2160/1117 1168/2162/1125 1157/2163/1116
f 1159/2160/1117 1157/2163/1116 1160/2164/1118
f 1158/2165/1080 1160/2166/1118 1168/2167/1125
f 1168/2167/1125 1160/2166/1118 1154/2168/1113
f 1168/2167/1125 1154/2168/1113 1156/2169/1115
f 1168/2167/1125 1156/2169/1115 1157/2170/1116
f 1028/2171/998 1178/2172/1134 1025/2173/996
f 1145/2174/1104 1179/2175/1135 947/2176/926
f 1179/2175/1135 1145/2174/1104 1146/2177/1105
f 1179/2175/1135 1146/2177/1105 1180/2178/734
f 1180/2178/734 1146/2177/1105 1148/2179/1107
f 1179/2175/1135 1180/2178/734 1181/2180/1136
f 1179/2175/1135 1181/2180/1136 947/2176/926
f 1181/2180/1136 1180/2178/734 1182/2181/1030
f 1181/2180/1136 1182/2181/1030 1183/2182/1137
f 1181/2180/1136 1183/2182/1137 947/2176/926
f 947/2176/926 1183/2182/1137 946/2183/925
f 1118/2184/1079 1114/2185/293 1115/2186/1076
f 1114/2185/293 1118/2184/1079 1184/2187/1138
f 1114/2185/293 1184/2187/1138 1113/2188/1075
f 1113/2188/1075 1184/2187/1138 1185/2189/1139
f 1184/2187/1138 1118/2184/1079 1186/2190/1140
f 1186/2190/1140 1118/2184/1079 1117/2191/1078
f 1186/2190/1140 1117/2191/1078 1120/2192/1081
f 816/2193/798 1120/2192/1081 1121/2194/1082
f 1120/2192/1081 816/2193/798 1187/2195/1141
f 1120/2192/1081 1187/2195/1141 1186/2190/1140
f 1186/2190/1140 1187/2195/1141 1188/2196/1142
f 1186/2190/1140 1188/2196/1142 1189/2197/1143
f 1186/2190/1140 1189/2197/1143 1184/2187/1138
f 1184/2187/1138 1189/2197/1143 1190/2198/1144
f 1184/2187/1138 1190/2198/1144 1185/2189/1139
f 1190/2198/1144 1189/2197/1143 1191/2199/1145
f 1191/2199/1145 1189/2197/1143 1192/2200/1146
f 1190/2198/1144 1191/2199/1145 1193/2201/1147
f 1185/2189/1139 1190/2198/1144 1194/2202/1148
f 1194/2202/1148 1190/2198/1144 1193/2201/1147
f 1185/2189/1139 1194/2202/1148 1195/2203/1149
f 1185/2189/1139 1195/2203/1149 1196/2204/1150
f 1194/2202/1148 1193/2201/1147 1197/2205/1151
f 1194/2202/1148 1197/2205/1151 1195/2203/1149
f 1197/2205/1151 1193/2201/1147 1198/2206/1152
f 1197/2205/1151 1198/2206/1152 1199/2207/1153
f 1196/2204/1150 1195/2203/1149 1200/2208/1154
f 1200/2208/1154 1195/2203/1149 1197/2205/1151
f 1200/2208/1154 1197/2205/1151 1199/2207/1153
f 1200/2208/1154 1199/2207/1153 1201/2209/1155
f 1200/2208/1154 1201/2209/1155 1202/2210/1156
f 1200/2208/1154 1202/2210/1156 1203/2211/1157
f 1202/2210/1156 1201/2209/1155 1204/2212/1158
f 1203/2211/1157 1202/2210/1156 1205/2213/1159
f 1205/2213/1159 1202/2210/1156 1204/2212/1158
f 1203/2211/1157 1205/2213/1159 1206/2214/1160
f 1205/2213/1159 1204/2212/1158 1207/2215/1161
f 1207/2215/1161 1204/2212/1158 1208/2216/1162
f 1206/2214/1160 1205/2213/1159 1209/2217/1163
f 1209/2217/1163 1205/2213/1159 1207/2215/1161
f 1206/2214/1160 1209/2217/1163 1210/2218/1164
f 1209/2217/1163 1207/2215/1161 1211/2219/1165
f 1210/2218/1164 1209/2217/1163 1212/2220/1166
f 1209/2217/1163 1211/2219/1165 1213/2221/1086
f 1212/2220/1166 1209/2217/1163 1214/2222/1167
f 1212/2220/1166 1214/2222/1167 1215/2223/1168
f 1209/2217/1163 1213/2221/1086 1216/2224/1169
f 1209/2217/1163 1216/2224/1169 1214/2222/1167
f 1214/2222/1167 1216/2224/1169 1215/2223/1168
f 1216/2224/1169 1213/2221/1086 1217/2225/1170
f 1215/2223/1168 1216/2224/1169 1218/2226/1171
f 1218/2226/1171 1216/2224/1169 1217/2225/1170
f 1135/2227/1095 1211/2228/1165 1134/2229/1094
f 1134/2229/1094 1211/2228/1165 1176/2230/1133
f 1211/2228/1165 1135/2227/1095 1213/2231/1086
f 1213/2231/1086 1135/2227/1095 1219/2232/1172
f 1176/2230/1133 1211/2228/1165 1207/2233/1161
f 1176/2230/1133 1207/2233/1161 1208/2234/1162
f 1099/2235/1063 1220/2236/1173 1100/2237/1064
f 1220/2236/1173 1099/2235/1063 1221/2238/1174
f 1221/2238/1174 1099/2235/1063 1113/2239/1075
f 1100/2237/1064 1220/2236/1173 1222/2240/1175
f 1222/2240/1175 1220/2236/1173 1221/2238/1174
f 1221/2238/1174 1113/2239/1075 1185/2241/1139
f 1100/2237/1064 1222/2240/1175 1068/2242/1035
f 1221/2238/1174 1185/2241/1139 1223/2243/1176
f 1222/2240/1175 1221/2238/1174 1224/2244/1177
f 1224/2244/1177 1221/2238/1174 1223/2243/1176
f 1223/2243/1176 1185/2241/1139 1196/2245/1150
f 1222/2240/1175 1224/2244/1177 1225/2246/1178
f 1222/2240/1175 1225/2246/1178 1068/2242/1035
f 1225/2246/1178 1224/2244/1177 1223/2243/1176
f 1223/2243/1176 1196/2245/1150 1226/2247/1179
f 1226/2247/1179 1196/2245/1150 1200/2248/1154
f 1226/2247/1179 1200/2248/1154 1203/2249/1157
f 1226/2247/1179 1203/2249/1157 1227/2250/1180
f 1226/2247/1179 1227/2250/1180 1223/2243/1176
f 1227/2250/1180 1203/2249/1157 1206/2251/1160
f 1227/2250/1180 1206/2251/1160 1210/2252/1164
f 1223/2243/1176 1227/2250/1180 1228/2253/831
f 1223/2243/1176 1228/2253/831 1225/2246/1178
f 1228/2253/831 1227/2250/1180 1210/2252/1164
f 1225/2246/1178 1228/2253/831 1229/2254/1181
f 1225/2246/1178 1229/2254/1181 1068/2242/1035
f 1228/2253/831 1210/2252/1164 1230/2255/1182
f 1228/2253/831 1230/2255/1182 1229/2254/1181
f 1068/2242/1035 1229/2254/1181 1231/2256/1183
f 1231/2256/1183 1229/2254/1181 1230/2255/1182
f 1068/2242/1035 1231/2256/1183 1067/2257/1034
f 1230/2255/1182 1210/2252/1164 1232/2258/1184
f 1230/2255/1182 1232/2258/1184 1231/2256/1183
f 1232/2258/1184 1210/2252/1164 1212/2259/1166
f 1231/2256/1183 1232/2258/1184 1233/2260/1185
f 1232/2258/1184 1212/2259/1166 1215/2261/1168
f 1232/2258/1184 1215/2261/1168 1233/2260/1185
f 985/2262/959 986/2263/784 1234/2264/1186
f 985/2262/959 1234/2264/1186 1019/2265/990
f 1019/2265/990 1234/2264/1186 1235/2266/419
f 1019/2265/990 1235/2266/419 1018/2267/989
f 1234/2264/1186 986/2263/784 1236/2268/1187
f 1234/2264/1186 1236/2268/1187 1235/2266/419
f 1018/2267/989 1235/2266/419 1237/2269/1188
f 1237/2269/1188 1235/2266/419 1236/2268/1187
f 1237/2269/1188 1236/2268/1187 1238/2270/1189
f 1236/2268/1187 986/2263/784 1239/2271/784
f 1236/2268/1187 1239/2271/784 1238/2270/1189
f 1239/2271/784 986/2263/784 1240/2272/784
f 1239/2271/784 1240/2272/784 1241/2273/1190
f 1240/2272/784 986/2263/784 1087/2274/1052
f 1238/2270/1189 1239/2271/784 1242/2275/1191
f 1238/2270/1189 1242/2275/1191 1237/2269/1188
f 1242/2275/1191 1239/2271/784 1243/2276/1192
f 1243/2276/1192 1239/2271/784 1244/2277/1193
f 1240/2272/784 1087/2274/1052 1245/2278/1194
f 1240/2272/784 1245/2278/1194 1246/2279/1195
f 1240/2272/784 1246/2279/1195 1091/2280/973
f 1246/2279/1195 1245/2278/1194 1247/2281/1196
f 1247/2281/1196 1245/2278/1194 1087/2274/1052
f 1247/2281/1196 1087/2274/1052 1088/2282/1053
f 1242/2275/1191 1243/2276/1192 1248/2283/1197
f 1242/2275/1191 1248/2283/1197 1237/2269/1188
f 1248/2283/1197 1243/2276/1192 1249/2284/1198
f 1249/2284/1198 1243/2276/1192 1250/2285/1199
f 1248/2283/1197 1249/2284/1198 1251/2286/1200
f 1248/2283/1197 1251/2286/1200 1237/2269/1188
f 1252/2287/1201 1253/2288/1202 1251/2286/1200
f 1237/2269/1188 1251/2286/1200 1254/2289/1203
f 1251/2286/1200 1253/2288/1202 1255/2290/1204
f 1251/2286/1200 1255/2290/1204 1254/2289/1203
f 1255/2290/1204 1253/2288/1202 1256/2291/1205
f 1256/2291/1205 1253/2288/1202 1257/2292/1206
f 1255/2290/1204 1256/2291/1205 1258/2293/982
f 1258/2293/982 1256/2291/1205 1259/2294/1207
f 1254/2289/1203 1255/2290/1204 1260/2295/1208
f 1260/2295/1208 1255/2290/1204 1258/2293/982
f 1258/2293/982 1259/2294/1207 1261/2296/660
f 1254/2289/1203 1260/2295/1208 1262/2297/1209
f 1254/2289/1203 1262/2297/1209 1237/2269/1188
f 1237/2269/1188 1262/2297/1209 1018/2267/989
f 1262/2297/1209 1260/2295/1208 1263/2298/984
f 1263/2298/984 1260/2295/1208 1258/2293/982
f 1018/2267/989 1262/2297/1209 1016/2299/987
f 1016/2299/987 1262/2297/1209 1263/2298/984
f 1018/2267/989 1016/2299/987 1015/2300/986
f 1016/2299/987 1263/2298/984 1264/2301/1034
f 1016/2299/987 1264/2301/1034 1014/2302/985
f 1263/2298/984 1258/2293/982 1011/2303/983
f 1014/2302/985 1264/2301/1034 1011/2303/983
f 1011/2303/983 1264/2301/1034 1263/2298/984
f 1011/2303/983 1258/2293/982 1261/2296/660
f 1011/2303/983 1261/2296/660 1012/2304/660
f 1012/2304/660 1261/2296/660 1177/2305/660
f 1140/2306/660 1085/2307/660 1265/2308/660
f 1219/2309/1172 1135/2310/1095 1136/2311/1096
f 1219/2309/1172 1136/2311/1096 1176/2312/1133
f 1219/2309/1172 1176/2312/1133 1208/2313/1162
f 1219/2309/1172 1208/2313/1162 1217/2314/1170
f 1219/2309/1172 1217/2314/1170 1213/2315/1086
f 1217/2314/1170 1208/2313/1162 1204/2316/1158
f 1217/2314/1170 1204/2316/1158 1266/2317/1210
f 1217/2314/1170 1266/2317/1210 1218/2318/1171
f 1266/2317/1210 1204/2316/1158 1201/2319/1155
f 1218/2318/1171 1266/2317/1210 1267/2320/1211
f 1266/2317/1210 1201/2319/1155 1199/2321/1153
f 1267/2320/1211 1266/2317/1210 1268/2322/1212
f 1267/2320/1211 1268/2322/1212 1269/2323/1213
f 1266/2317/1210 1199/2321/1153 1270/2324/1214
f 1266/2317/1210 1270/2324/1214 1268/2322/1212
f 1270/2324/1214 1199/2321/1153 1271/2325/1215
f 1271/2325/1215 1199/2321/1153 1198/2326/1152
f 1270/2324/1214 1271/2325/1215 1272/2327/1109
f 1270/2324/1214 1272/2327/1109 1268/2322/1212
f 1272/2327/1109 1271/2325/1215 1198/2326/1152
f 1273/2328/1216 1268/2322/1212 1274/2329/1217
f 1274/2329/1217 1268/2322/1212 1275/2330/1218
f 1275/2330/1218 1268/2322/1212 1272/2327/1109
f 1274/2329/1217 1275/2330/1218 1276/2331/1219
f 1275/2330/1218 1272/2327/1109 1277/2332/1220
f 1275/2330/1218 1277/2332/1220 1276/2331/1219
f 1277/2332/1220 1272/2327/1109 1198/2326/1152
f 1276/2331/1219 1277/2332/1220 1278/2333/1221
f 1276/2331/1219 1278/2333/1221 1279/2334/1222
f 1278/2333/1221 1277/2332/1220 1280/2335/1223
f 1280/2335/1223 1277/2332/1220 1198/2326/1152
f 1280/2335/1223 1198/2326/1152 1193/2336/1147
f 1247/2337/1196 1088/2338/1053 1089/2339/1054
f 1247/2337/1196 1089/2339/1054 1246/2340/1195
f 1246/2340/1195 1089/2339/1054 1090/2341/1055
f 1246/2340/1195 1090/2341/1055 1091/2342/973
f 1178/2343/1134 1028/2344/998 1281/2345/1224
f 1281/2345/1224 1028/2344/998 1031/2346/1001
f 1178/2343/1134 1281/2345/1224 1282/2347/1225
f 1282/2347/1225 1281/2345/1224 1031/2346/1001
f 1091/2348/973 1025/2349/996 1178/2343/1134
f 1091/2348/973 1178/2343/1134 1282/2347/1225
f 1091/2348/973 1282/2347/1225 1283/2350/1226
f 1282/2347/1225 1031/2346/1001 1284/2351/1227
f 1284/2351/1227 1031/2346/1001 1033/2352/959
f 1282/2347/1225 1284/2351/1227 1285/2353/1228
f 1283/2350/1226 1282/2347/1225 1286/2354/1229
f 1286/2354/1229 1282/2347/1225 1285/2353/1228
f 1283/2350/1226 1286/2354/1229 1287/2355/1230
f 1285/2353/1228 1284/2351/1227 1288/2356/1231
f 1285/2353/1228 1288/2356/1231 1286/2354/1229
f 1284/2351/1227 1033/2352/959 1289/2357/1232
f 1284/2351/1227 1289/2357/1232 1288/2356/1231
f 1289/2357/1232 1033/2352/959 1290/2358/1233
f 1286/2354/1229 1288/2356/1231 1291/2359/1234
f 1291/2359/1234 1288/2356/1231 1289/2357/1232
f 1286/2354/1229 1291/2359/1234 1287/2355/1230
f 1291/2359/1234 1289/2357/1232 1292/2360/1235
f 1291/2359/1234 1292/2360/1235 1287/2355/1230
f 1166/2361/660 1103/2362/660 1293/2363/660
f 948/2364/927 920/2365/899 923/2366/902
f 1294/2367/1236 948/2364/927 946/2368/925
f 948/2364/927 1294/2367/1236 1295/2369/1237
f 1295/2369/1237 1294/2367/1236 1296/2370/1238
f 1295/2369/1237 1296/2370/1238 1297/2371/1239
f 1295/2369/1237 1297/2371/1239 1298/2372/1240
f 1295/2369/1237 1298/2372/1240 948/2364/927
f 1298/2372/1240 1297/2371/1239 1299/2373/1241
f 1298/2372/1240 1299/2373/1241 1300/2374/1242
f 1300/2374/1242 1299/2373/1241 1301/2375/1243
f 1300/2374/1242 1301/2375/1243 1302/2376/1244
f 1298/2372/1240 1300/2374/1242 1303/2377/1245
f 1300/2374/1242 1302/2376/1244 1304/2378/1246
f 1300/2374/1242 1304/2378/1246 1303/2377/1245
f 1304/2378/1246 1302/2376/1244 1305/2379/1247
f 1305/2379/1247 1302/2376/1244 1306/2380/1248
f 1303/2377/1245 1304/2378/1246 1307/2381/1249
f 1307/2381/1249 1304/2378/1246 1305/2379/1247
f 1298/2372/1240 1303/2377/1245 1308/2382/1250
f 1298/2372/1240 1308/2382/1250 948/2364/927
f 1305/2379/1247 1306/2380/1248 1309/2383/1251
f 1309/2383/1251 1306/2380/1248 1310/2384/1252
f 948/2364/927 1308/2382/1250 1311/2385/1253
f 948/2364/927 1311/2385/1253 920/2365/899
f 1308/2382/1250 1303/2377/1245 1312/2386/1254
f 1312/2386/1254 1303/2377/1245 1307/2381/1249
f 1311/2385/1253 1308/2382/1250 1313/2387/1255
f 1313/2387/1255 1308/2382/1250 1312/2386/1254
f 920/2365/899 1311/2385/1253 1314/2388/1256
f 1314/2388/1256 1311/2385/1253 1313/2387/1255
f 920/2365/899 1314/2388/1256 919/2389/898
f 1313/2387/1255 1312/2386/1254 1315/2390/1257
f 1313/2387/1255 1315/2390/1257 1314/2388/1256
f 1312/2386/1254 1307/2381/1249 1316/2391/1030
f 1312/2386/1254 1316/2391/1030 1315/2390/1257
f 1316/2391/1030 1307/2381/1249 1317/2392/1258
f 919/2389/898 1314/2388/1256 1318/2393/1259
f 919/2389/898 1318/2393/1259 915/2394/894
f 915/2394/894 1318/2393/1259 914/2395/893
f 1318/2393/1259 1314/2388/1256 1319/2396/1260
f 1319/2396/1260 1314/2388/1256 1315/2390/1257
f 914/2395/893 1318/2393/1259 1320/2397/1261
f 1320/2397/1261 1318/2393/1259 1319/2396/1260
f 1321/2398/1262 1315/2390/1257 1316/2391/1030
f 1315/2390/1257 1321/2398/1262 1319/2396/1260
f 1321/2398/1262 1316/2391/1030 1317/2392/1258
f 1319/2396/1260 1321/2398/1262 1322/2399/1263
f 1322/2399/1263 1321/2398/1262 1317/2392/1258
f 1320/2397/1261 1319/2396/1260 1323/2400/1264
f 1323/2400/1264 1319/2396/1260 1322/2399/1263
f 1322/2399/1263 1317/2392/1258 1324/2401/1265
f 910/2402/889 914/2395/893 1320/2397/1261
f 914/2395/893 910/2402/889 909/2403/888
f 910/2402/889 1320/2397/1261 1325/2404/1266
f 1322/2399/1263 1324/2401/1265 1326/2405/1267
f 1324/2401/1265 1317/2392/1258 1327/2406/1268
f 1324/2401/1265 1327/2406/1268 1326/2405/1267
f 1327/2406/1268 1317/2392/1258 1328/2407/1269
f 1328/2407/1269 1317/2392/1258 1307/2381/1249
f 1328/2407/1269 1307/2381/1249 1305/2379/1247
f 1328/2407/1269 1305/2379/1247 1309/2383/1251
f 1328/2407/1269 1309/2383/1251 1327/2406/1268
f 1322/2399/1263 1326/2405/1267 1329/2408/1270
f 1322/2399/1263 1329/2408/1270 1323/2400/1264
f 1330/2409/1271 1326/2405/1267 1327/2406/1268
f 1330/2409/1271 1327/2406/1268 1309/2383/1251
f 1329/2408/1270 1326/2405/1267 1331/2410/1272
f 1331/2410/1272 1326/2405/1267 1330/2409/1271
f 1323/2400/1264 1329/2408/1270 1332/2411/1273
f 1329/2408/1270 1331/2410/1272 1333/2412/1274
f 1329/2408/1270 1333/2412/1274 1334/2413/1275
f 1329/2408/1270 1334/2413/1275 1332/2411/1273
f 1333/2412/1274 1331/2410/1272 1335/2414/1276
f 1335/2414/1276 1331/2410/1272 1330/2409/1271
f 1334/2413/1275 1333/2412/1274 1336/2415/1277
f 1336/2415/1277 1333/2412/1274 1335/2414/1276
f 1334/2413/1275 1336/2415/1277 1337/2416/1278
f 1337/2416/1278 1336/2415/1277 1335/2414/1276
f 1334/2413/1275 1337/2416/1278 1332/2411/1273
f 1332/2411/1273 1337/2416/1278 1338/2417/1279
f 1337/2416/1278 1335/2414/1276 1339/2418/1280
f 1337/2416/1278 1339/2418/1280 1338/2417/1279
f 1339/2418/1280 1335/2414/1276 1330/2409/1271
f 1338/2417/1279 1339/2418/1280 1340/2419/1281
f 1340/2419/1281 1339/2418/1280 1341/2420/1282
f 1341/2420/1282 1339/2418/1280 1342/2421/1283
f 1342/2421/1283 1339/2418/1280 1343/2422/1284
f 1343/2422/1284 1339/2418/1280 1330/2409/1271
f 1342/2421/1283 1343/2422/1284 1344/2423/1285
f 1344/2423/1285 1343/2422/1284 1345/2424/1286
f 1344/2423/1285 1345/2424/1286 1346/2425/1287
f 1346/2425/1287 1345/2424/1286 1347/2426/1288
f 1347/2426/1288 1345/2424/1286 1348/2427/1289
f 1347/2426/1288 1348/2427/1289 1349/2428/1290
f 1348/2427/1289 1345/2424/1286 1350/2429/1291
f 1345/2424/1286 1343/2422/1284 1351/2430/1292
f 1345/2424/1286 1351/2430/1292 1350/2429/1291
f 1351/2430/1292 1343/2422/1284 1352/2431/1293
f 1352/2431/1293 1343/2422/1284 1330/2409/1271
f 1351/2430/1292 1352/2431/1293 1350/2429/1291
f 1352/2431/1293 1330/2409/1271 1309/2383/1251
f 1352/2431/1293 1309/2383/1251 1310/2384/1252
f 1352/2431/1293 1310/2384/1252 1350/2429/1291
f 1350/2429/1291 1310/2384/1252 1353/2432/1294
f 1026/2433/994 1025/2434/996 1091/2435/973
f 817/2436/799 820/2437/802 815/2438/797
f 815/2438/797 820/2437/802 1354/2439/1295
f 815/2438/797 1354/2439/1295 1355/2440/1296
f 815/2438/797 1355/2440/1296 816/2441/798
f 816/2441/798 1355/2440/1296 1356/2442/1297
f 1356/2442/1297 1355/2440/1296 1354/2439/1295
f 816/2441/798 1356/2442/1297 1187/2443/1141
f 1187/2443/1141 1356/2442/1297 1188/2444/1142
f 1188/2444/1142 1356/2442/1297 1354/2439/1295
f 1192/2445/1146 1189/2446/1143 1188/2444/1142
f 1188/2444/1142 1354/2439/1295 1357/2447/1210
f 1192/2445/1146 1188/2444/1142 1358/2448/1298
f 1358/2448/1298 1188/2444/1142 1357/2447/1210
f 1192/2445/1146 1358/2448/1298 1359/2449/1299
f 1192/2445/1146 1359/2449/1299 1191/2450/1145
f 1191/2450/1145 1359/2449/1299 1193/2451/1147
f 1360/2452/1300 1354/2439/1295 820/2437/802
f 1354/2439/1295 1360/2452/1300 1357/2447/1210
f 1360/2452/1300 820/2437/802 1361/2453/1301
f 1361/2453/1301 820/2437/802 819/2454/801
f 1361/2453/1301 819/2454/801 823/2455/805
f 1361/2453/1301 823/2455/805 1362/2456/1302
f 1362/2456/1302 823/2455/805 825/2457/807
f 1360/2452/1300 1361/2453/1301 1363/2458/1303
f 1363/2458/1303 1361/2453/1301 1362/2456/1302
f 1364/2459/1304 1357/2447/1210 1360/2452/1300
f 1364/2459/1304 1360/2452/1300 1363/2458/1303
f 1364/2459/1304 1363/2458/1303 1365/2460/1305
f 1365/2460/1305 1363/2458/1303 1362/2456/1302
f 1364/2459/1304 1365/2460/1305 1366/2461/1065
f 1365/2460/1305 1362/2456/1302 1367/2462/1306
f 1365/2460/1305 1367/2462/1306 1366/2461/1065
f 1364/2459/1304 1366/2461/1065 1368/2463/1307
f 1364/2459/1304 1368/2463/1307 1357/2447/1210
f 1368/2463/1307 1366/2461/1065 1367/2462/1306
f 1367/2462/1306 1362/2456/1302 1369/2464/1308
f 1357/2447/1210 1368/2463/1307 1370/2465/1309
f 1357/2447/1210 1370/2465/1309 1358/2448/1298
f 1358/2448/1298 1370/2465/1309 1359/2449/1299
f 1370/2465/1309 1368/2463/1307 1371/2466/1310
f 1370/2465/1309 1371/2466/1310 1359/2449/1299
f 1368/2463/1307 1367/2462/1306 1372/2467/1311
f 1371/2466/1310 1368/2463/1307 1373/2468/1312
f 1373/2468/1312 1368/2463/1307 1372/2467/1311
f 1372/2467/1311 1367/2462/1306 1374/2469/1313
f 1374/2469/1313 1367/2462/1306 1369/2464/1308
f 1372/2467/1311 1374/2469/1313 1375/2470/1314
f 1372/2467/1311 1375/2470/1314 1376/2471/1315
f 1372/2467/1311 1376/2471/1315 1373/2468/1312
f 1373/2468/1312 1376/2471/1315 1371/2466/1310
f 1371/2466/1310 1376/2471/1315 1377/2472/1316
f 1374/2469/1313 1369/2464/1308 1378/2473/1317
f 1371/2466/1310 1377/2472/1316 1379/2474/1318
f 1371/2466/1310 1379/2474/1318 1380/2475/1319
f 1371/2466/1310 1380/2475/1319 1359/2449/1299
f 1380/2475/1319 1379/2474/1318 1381/2476/1320
f 1359/2449/1299 1380/2475/1319 1382/2477/1321
f 1382/2477/1321 1380/2475/1319 1381/2476/1320
f 1359/2449/1299 1382/2477/1321 1193/2451/1147
f 1193/2451/1147 1382/2477/1321 1383/2478/1322
f 1383/2478/1322 1382/2477/1321 1381/2476/1320
f 1193/2451/1147 1383/2478/1322 1280/2479/1223
f 1280/2479/1223 1383/2478/1322 1381/2476/1320
f 1280/2479/1223 1381/2476/1320 1278/2480/1221
f 1384/2481/1323 1378/2473/1317 1369/2464/1308
f 1378/2473/1317 1384/2481/1323 1385/2482/1324
f 1378/2473/1317 1385/2482/1324 1386/2483/1325
f 1386/2483/1325 1385/2482/1324 1387/2484/1326
f 1387/2484/1326 1385/2482/1324 1384/2481/1323
f 1386/2483/1325 1387/2484/1326 1388/2485/1271
f 1388/2485/1271 1387/2484/1326 1389/2486/1327
f 1389/2486/1327 1387/2484/1326 1390/2487/1328
f 1390/2487/1328 1387/2484/1326 1391/2488/1329
f 1391/2488/1329 1387/2484/1326 1392/2489/1330
f 1392/2489/1330 1387/2484/1326 1393/2490/1331
f 1387/2484/1326 1384/2481/1323 1394/2491/1324
f 1387/2484/1326 1394/2491/1324 1393/2490/1331
f 1394/2491/1324 1384/2481/1323 1395/2492/1332
f 1393/2490/1331 1394/2491/1324 1396/2493/1333
f 1396/2493/1333 1394/2491/1324 1395/2492/1332
f 1393/2490/1331 1396/2493/1333 856/2494/837
f 856/2494/837 1396/2493/1333 847/2495/828
f 847/2495/828 1396/2493/1333 846/2496/827
f 846/2496/827 1396/2493/1333 1395/2492/1332
f 846/2496/827 1395/2492/1332 831/2497/813
f 831/2497/813 1395/2492/1332 825/2457/807
f 1397/2498/1334 1395/2492/1332 1384/2481/1323
f 1395/2492/1332 1397/2498/1334 825/2457/807
f 1397/2498/1334 1384/2481/1323 1369/2464/1308
f 825/2457/807 1397/2498/1334 1362/2456/1302
f 1362/2456/1302 1397/2498/1334 1369/2464/1308
f 571/2499/563 998/2500/971 1034/2501/1003
f 1034/2501/1003 998/2500/971 1398/2502/1335
f 1398/2502/1335 998/2500/971 1399/2503/1336
f 1399/2503/1336 998/2500/971 1000/2504/973
f 1399/2503/1336 1000/2504/973 1400/2505/1337
f 1399/2503/1336 1400/2505/1337 1401/2506/1338
f 1401/2506/1338 1400/2505/1337 1000/2504/973
f 1401/2506/1338 1000/2504/973 1001/2507/974
f 1401/2506/1338 1001/2507/974 1402/2508/1339
f 1293/2509/660 1103/2510/660 1140/2511/660
f 1183/2512/1137 1294/2513/1236 946/2514/925
f 907/2515/886 856/2516/837 855/2517/836
f 856/2516/837 907/2515/886 1392/2518/1330
f 856/2516/837 1392/2518/1330 1393/2519/1331
f 1392/2518/1330 907/2515/886 1403/2520/1340
f 1403/2520/1340 907/2515/886 906/2521/885
f 1403/2520/1340 906/2521/885 910/2402/889
f 1392/2518/1330 1403/2520/1340 1404/2522/1341
f 1403/2520/1340 910/2402/889 1325/2404/1266
f 1403/2520/1340 1325/2404/1266 1404/2522/1341
f 1392/2518/1330 1404/2522/1341 1391/2523/1329
f 1391/2523/1329 1404/2522/1341 1390/2524/1328
f 1390/2524/1328 1404/2522/1341 1405/2525/1342
f 1405/2525/1342 1404/2522/1341 1406/2526/1343
f 1406/2526/1343 1404/2522/1341 1325/2404/1266
f 1405/2525/1342 1406/2526/1343 1407/2527/1344
f 1407/2527/1344 1406/2526/1343 1408/2528/1345
f 1406/2526/1343 1325/2404/1266 1409/2529/1346
f 1406/2526/1343 1409/2529/1346 1408/2528/1345
f 1409/2529/1346 1325/2404/1266 1320/2397/1261
f 1407/2527/1344 1408/2528/1345 1410/2530/1347
f 1410/2530/1347 1408/2528/1345 1409/2529/1346
f 1409/2529/1346 1320/2397/1261 1323/2400/1264
f 1409/2529/1346 1323/2400/1264 1410/2530/1347
f 1410/2530/1347 1323/2400/1264 1332/2411/1273
f 1410/2530/1347 1332/2411/1273 1411/2531/1348
f 1182/2532/1030 1294/2533/1236 1183/2534/1137
f 1294/2533/1236 1182/2532/1030 1412/2535/1349
f 1294/2533/1236 1412/2535/1349 1413/2536/1350
f 1294/2533/1236 1413/2536/1350 1296/2537/1238
f 1412/2535/1349 1182/2532/1030 1414/2538/1351
f 1414/2538/1351 1182/2532/1030 1180/2539/734
f 1413/2536/1350 1412/2535/1349 1415/2540/1352
f 1415/2540/1352 1412/2535/1349 1414/2538/1351
f 1414/2538/1351 1180/2539/734 1148/2541/1107
f 1413/2536/1350 1415/2540/1352 1416/2542/1353
f 1413/2536/1350 1416/2542/1353 1296/2537/1238
f 1415/2540/1352 1414/2538/1351 1417/2543/1354
f 1417/2543/1354 1414/2538/1351 1148/2541/1107
f 1416/2542/1353 1415/2540/1352 1418/2544/1355
f 1418/2544/1355 1415/2540/1352 1417/2543/1354
f 1296/2537/1238 1416/2542/1353 1419/2545/1356
f 1296/2537/1238 1419/2545/1356 1297/2546/1239
f 1297/2546/1239 1419/2545/1356 1299/2547/1241
f 1419/2545/1356 1416/2542/1353 1420/2548/1357
f 1420/2548/1357 1416/2542/1353 1418/2544/1355
f 1299/2547/1241 1419/2545/1356 1421/2549/1358
f 1421/2549/1358 1419/2545/1356 1420/2548/1357
f 1299/2547/1241 1421/2549/1358 1301/2550/1243
f 1420/2548/1357 1418/2544/1355 1422/2551/1359
f 1301/2550/1243 1421/2549/1358 1423/2552/1360
f 1421/2549/1358 1420/2548/1357 1424/2553/1361
f 1421/2549/1358 1424/2553/1361 1423/2552/1360
f 1424/2553/1361 1420/2548/1357 1425/2554/1362
f 1425/2554/1362 1420/2548/1357 1422/2551/1359
f 1301/2550/1243 1423/2552/1360 1426/2555/1304
f 1301/2550/1243 1426/2555/1304 1302/2556/1244
f 1302/2556/1244 1426/2555/1304 1306/2557/1248
f 1306/2557/1248 1426/2555/1304 1353/2558/1294
f 1306/2557/1248 1353/2558/1294 1310/2559/1252
f 1426/2555/1304 1423/2552/1360 1427/2560/1363
f 1426/2555/1304 1427/2560/1363 1353/2558/1294
f 1427/2560/1363 1423/2552/1360 1428/2561/1023
f 1428/2561/1023 1423/2552/1360 1424/2553/1361
f 1353/2558/1294 1427/2560/1363 1429/2562/1364
f 1429/2562/1364 1427/2560/1363 1428/2561/1023
f 1353/2558/1294 1429/2562/1364 1348/2563/1289
f 1353/2558/1294 1348/2563/1289 1350/2564/1291
f 1348/2563/1289 1429/2562/1364 1430/2565/1365
f 1430/2565/1365 1429/2562/1364 1431/2566/1366
f 1431/2566/1366 1429/2562/1364 1428/2561/1023
f 1431/2566/1366 1428/2561/1023 1432/2567/1367
f 1432/2567/1367 1428/2561/1023 1424/2553/1361
f 1431/2566/1366 1432/2567/1367 1433/2568/1368
f 1431/2566/1366 1433/2568/1368 1434/2569/1369
f 1432/2567/1367 1424/2553/1361 1435/2570/1370
f 1432/2567/1367 1435/2570/1370 1433/2568/1368
f 1435/2570/1370 1424/2553/1361 1436/2571/1110
f 1436/2571/1110 1424/2553/1361 1425/2554/1362
f 1433/2568/1368 1435/2570/1370 1437/2572/1371
f 1437/2572/1371 1435/2570/1370 1436/2571/1110
f 1433/2568/1368 1437/2572/1371 1438/2573/1372
f 1433/2568/1368 1438/2573/1372 1439/2574/1373
f 1438/2573/1372 1437/2572/1371 1440/2575/1374
f 1436/2571/1110 1425/2554/1362 1422/2551/1359
f 1437/2572/1371 1436/2571/1110 1441/2576/1375
f 1437/2572/1371 1441/2576/1375 1440/2575/1374
f 1441/2576/1375 1436/2571/1110 1422/2551/1359
f 1441/2576/1375 1422/2551/1359 1442/2577/1376
f 1440/2575/1374 1441/2576/1375 1443/2578/1377
f 1440/2575/1374 1443/2578/1377 1444/2579/1378
f 1441/2576/1375 1442/2577/1376 1445/2580/1379
f 1441/2576/1375 1445/2580/1379 1443/2578/1377
f 1442/2577/1376 1422/2551/1359 1446/2581/918
f 1442/2577/1376 1446/2581/918 1445/2580/1379
f 1446/2581/918 1422/2551/1359 1418/2544/1355
f 1446/2581/918 1418/2544/1355 1417/2543/1354
f 1446/2581/918 1417/2543/1354 1445/2580/1379
f 1447/2582/1380 1444/2579/1378 1443/2578/1377
f 1443/2578/1377 1445/2580/1379 1448/2583/1381
f 1443/2578/1377 1448/2583/1381 1447/2582/1380
f 1445/2580/1379 1417/2543/1354 1449/2584/1382
f 1445/2580/1379 1449/2584/1382 1448/2583/1381
f 1448/2583/1381 1449/2584/1382 1447/2582/1380
f 1449/2584/1382 1417/2543/1354 1148/2541/1107
f 1450/2585/1007 1447/2582/1380 1451/2586/1383
f 1451/2586/1383 1447/2582/1380 1452/2587/1384
f 1452/2587/1384 1447/2582/1380 1449/2584/1382
f 1452/2587/1384 1449/2584/1382 1453/2588/1385
f 1453/2588/1385 1449/2584/1382 1148/2541/1107
f 1453/2588/1385 1148/2541/1107 1147/2589/1106
f 1453/2588/1385 1147/2589/1106 1454/2590/1386
f 1454/2590/1386 1147/2589/1106 1153/2591/1112
f 1453/2588/1385 1454/2590/1386 1455/2592/1387
f 1453/2588/1385 1455/2592/1387 1456/2593/1388
f 1456/2593/1388 1455/2592/1387 1457/2594/1389
f 1457/2594/1389 1455/2592/1387 1458/2595/1390
f 1458/2595/1390 1455/2592/1387 1459/2596/1391
f 1459/2596/1391 1455/2592/1387 1460/2597/1392
f 1460/2597/1392 1455/2592/1387 1454/2590/1386
f 1460/2597/1392 1454/2590/1386 1153/2591/1112
f 1460/2597/1392 1153/2591/1112 1155/2598/1114
f 1460/2597/1392 1155/2598/1114 1132/2599/1092
f 1001/2600/974 999/2601/972 1402/2602/1339
f 1072/2603/1039 1461/2604/1393 1004/2605/977
f 1461/2604/1393 1072/2603/1039 1462/2606/1394
f 1462/2606/1394 1072/2603/1039 1071/2607/1038
f 1004/2605/977 1461/2604/1393 1463/2608/1395
f 1004/2605/977 1463/2608/1395 999/2609/972
f 1462/2606/1394 1071/2607/1038 1464/2610/1396
f 999/2609/972 1463/2608/1395 1402/2611/1339
f 1461/2604/1393 1462/2606/1394 1465/2612/1397
f 1461/2604/1393 1465/2612/1397 1463/2608/1395
f 1465/2612/1397 1462/2606/1394 1464/2610/1396
f 1402/2611/1339 1463/2608/1395 1466/2613/1398
f 1466/2613/1398 1463/2608/1395 1465/2612/1397
f 1465/2612/1397 1464/2610/1396 1467/2614/1399
f 1465/2612/1397 1467/2614/1399 1466/2613/1398
f 1466/2613/1398 1467/2614/1399 1468/2615/1400
f 1466/2613/1398 1468/2615/1400 1402/2611/1339
f 1467/2614/1399 1464/2610/1396 1469/2616/1401
f 1467/2614/1399 1469/2616/1401 1468/2615/1400
f 1469/2616/1401 1464/2610/1396 1233/2617/1185
f 1233/2617/1185 1464/2610/1396 1231/2618/1183
f 1469/2616/1401 1233/2617/1185 1215/2619/1168
f 1468/2615/1400 1469/2616/1401 1470/2620/1402
f 1468/2615/1400 1470/2620/1402 1471/2621/1403
f 1468/2615/1400 1471/2621/1403 1472/2622/1404
f 1468/2615/1400 1472/2622/1404 1402/2611/1339
f 1402/2611/1339 1472/2622/1404 1401/2623/1338
f 1130/2624/1091 1128/2625/1089 1473/2626/1405
f 1473/2626/1405 1128/2625/1089 1474/2627/1406
f 1473/2626/1405 1474/2627/1406 1475/2628/1407
f 1130/2624/1091 1473/2626/1405 1131/2629/969
f 1473/2626/1405 1475/2628/1407 1476/2630/1408
f 1473/2626/1405 1476/2630/1408 1131/2629/969
f 1131/2629/969 1476/2630/1408 1132/2631/1092
f 1132/2631/1092 1476/2630/1408 1477/2632/1409
f 1132/2631/1092 1477/2632/1409 1478/2633/1410
f 1132/2631/1092 1478/2633/1410 1479/2634/1411
f 1478/2633/1410 1477/2632/1409 1480/2635/1412
f 1479/2634/1411 1478/2633/1410 1481/2636/1413
f 1481/2636/1413 1478/2633/1410 1480/2635/1412
f 1173/2637/1130 1172/2638/1129 1175/2639/1132
f 1175/2639/1132 1172/2638/1129 1482/2640/1209
f 1482/2640/1209 1172/2638/1129 1483/2641/1084
f 1175/2639/1132 1482/2640/1209 1484/2642/1414
f 1175/2639/1132 1484/2642/1414 1174/2643/1131
f 1174/2643/1131 1484/2642/1414 1485/2644/969
f 1174/2643/1131 1485/2644/969 996/2645/969
f 996/2645/969 1485/2644/969 1486/2646/1415
f 996/2645/969 1486/2646/1415 1487/2647/1416
f 996/2645/969 1487/2647/1416 1127/2648/1088
f 1127/2648/1088 1487/2647/1416 1474/2649/1406
f 1474/2649/1406 1487/2647/1416 1488/2650/1417
f 1127/2648/1088 1474/2649/1406 1128/2651/1089
f 1162/2652/1120 1164/2653/1122 1489/2654/1418
f 1489/2654/1418 1164/2653/1122 1490/2655/1419
f 1490/2655/1419 1164/2653/1122 1165/2656/1123
f 1490/2655/1419 1165/2656/1123 1166/2657/660
f 1490/2655/1419 1166/2657/660 1491/2658/660
f 1489/2654/1418 1490/2655/1419 1492/2659/1420
f 1162/2652/1120 1489/2654/1418 1493/2660/1421
f 1493/2660/1421 1489/2654/1418 1492/2659/1420
f 1162/2652/1120 1493/2660/1421 1172/2661/1129
f 1493/2660/1421 1492/2659/1420 1483/2662/1084
f 1493/2660/1421 1483/2662/1084 1172/2661/1129
f 1265/2663/660 1085/2664/660 1177/2665/660
f 1231/2666/1183 1065/2667/1032 1067/2668/1034
f 1065/2667/1032 1231/2666/1183 1464/2669/1396
f 1065/2667/1032 1464/2669/1396 1071/2670/1038
f 1479/2671/1411 1460/2672/1392 1132/2673/1092
f 1460/2672/1392 1479/2671/1411 1459/2674/1391
f 1459/2674/1391 1479/2671/1411 1494/2675/1422
f 1459/2674/1391 1494/2675/1422 1495/2676/1423
f 1459/2674/1391 1495/2676/1423 1457/2677/1389
f 1457/2677/1389 1495/2676/1423 1456/2678/1388
f 1495/2676/1423 1494/2675/1422 1496/2679/1424
f 1494/2675/1422 1479/2671/1411 1497/2680/1425
f 1494/2675/1422 1497/2680/1425 1496/2679/1424
f 1496/2679/1424 1497/2680/1425 1495/2676/1423
f 1497/2680/1425 1479/2671/1411 1481/2681/1413
f 1495/2676/1423 1497/2680/1425 1451/2682/1383
f 1495/2676/1423 1451/2682/1383 1452/2683/1384
f 1451/2682/1383 1497/2680/1425 1450/2684/1007
f 1450/2684/1007 1497/2680/1425 1481/2681/1413
f 1450/2684/1007 1481/2681/1413 1498/2685/1076
f 1450/2684/1007 1498/2685/1076 1447/2686/1380
f 1447/2686/1380 1498/2685/1076 1444/2687/1378
f 1498/2685/1076 1481/2681/1413 1499/2688/1426
f 1498/2685/1076 1499/2688/1426 1444/2687/1378
f 1499/2688/1426 1481/2681/1413 1500/2689/1427
f 1444/2687/1378 1499/2688/1426 1501/2690/1428
f 1501/2690/1428 1499/2688/1426 1500/2689/1427
f 1500/2689/1427 1481/2681/1413 1480/2691/1412
f 1444/2687/1378 1501/2690/1428 1440/2692/1374
f 1500/2689/1427 1480/2691/1412 1502/2693/1429
f 1500/2689/1427 1502/2693/1429 1501/2690/1428
f 1502/2693/1429 1480/2691/1412 1503/2694/1430
f 1502/2693/1429 1503/2694/1430 1501/2690/1428
f 1504/2695/1431 1480/2691/1412 1477/2696/1409
f 1480/2691/1412 1504/2695/1431 1503/2694/1430
f 1503/2694/1430 1504/2695/1431 1505/2697/1432
f 1506/2698/1433 1440/2692/1374 1501/2690/1428
f 1506/2698/1433 1501/2690/1428 1503/2694/1430
f 1503/2694/1430 1505/2697/1432 1507/2699/1434
f 1503/2694/1430 1507/2699/1434 1506/2698/1433
f 1507/2699/1434 1505/2697/1432 1508/2700/1435
f 1507/2699/1434 1508/2700/1435 1509/2701/1436
f 1440/2692/1374 1506/2698/1433 1510/2702/1437
f 1510/2702/1437 1506/2698/1433 1507/2699/1434
f 1440/2692/1374 1510/2702/1437 1438/2703/1372
f 1438/2703/1372 1510/2702/1437 1511/2704/1438
f 1511/2704/1438 1510/2702/1437 1512/2705/1439
f 1512/2705/1439 1510/2702/1437 1507/2699/1434
f 1507/2699/1434 1509/2701/1436 1513/2706/1440
f 1514/2707/1441 1513/2706/1440 1512/2705/1439
f 1513/2706/1440 1514/2707/1441 1507/2699/1434
f 1507/2699/1434 1514/2707/1441 1512/2705/1439
f 1140/2708/660 1265/2709/660 1293/2710/660
f 1032/2711/1002 1515/2712/1442 1033/2713/959
f 1515/2712/1442 1032/2711/1002 1034/2714/1003
f 1166/2715/660 1293/2716/660 1516/2717/660
f 1516/2717/660 1293/2716/660 1517/2718/660
f 1459/2719/1391 1453/2720/1385 1458/2721/1390
f 1453/2720/1385 1459/2719/1391 1452/2722/1384
f 1452/2722/1384 1459/2719/1391 1457/2723/1389
f 1458/2721/1390 1453/2720/1385 1456/2724/1388
f 1458/2721/1390 1456/2724/1388 1452/2725/1384
f 1452/2725/1384 1456/2724/1388 1495/2726/1423
f 1458/2721/1390 1452/2725/1384 1457/2727/1389
f 1091/2728/973 1518/2729/994 1240/2730/784
f 1240/2730/784 1518/2729/994 1519/2731/784
f 1518/2729/994 1091/2728/973 1283/2732/1226
f 1490/2733/1419 1491/2734/660 1520/2735/1443
f 1490/2733/1419 1520/2735/1443 1492/2736/1420
f 1492/2736/1420 1520/2735/1443 1521/2737/1444
f 1492/2736/1420 1521/2737/1444 1483/2738/1084
f 1483/2738/1084 1521/2737/1444 1522/2739/1445
f 1483/2738/1084 1522/2739/1445 1523/2740/1446
f 1483/2738/1084 1523/2740/1446 1482/2741/1209
f 1482/2741/1209 1523/2740/1446 1524/2742/1447
f 1524/2742/1447 1523/2740/1446 1525/2743/1448
f 1482/2741/1209 1524/2742/1447 1484/2744/1414
f 1524/2742/1447 1525/2743/1448 1526/2745/1449
f 1484/2744/1414 1524/2742/1447 1527/2746/1450
f 1527/2746/1450 1524/2742/1447 1526/2745/1449
f 1484/2744/1414 1527/2746/1450 1485/2747/969
f 1485/2747/969 1527/2746/1450 1526/2745/1449
f 1485/2747/969 1526/2745/1449 1486/2748/1415
f 1166/2749/660 1516/2750/660 1491/2751/660
f 1517/2752/660 1265/2753/660 1528/2754/660
f 1528/2755/660 1265/2756/660 1177/2757/660
f 1528/2755/660 1177/2757/660 1529/2758/1451
f 1528/2755/660 1529/2758/1451 1530/2759/1452
f 1531/2760/1453 1487/2761/1416 1486/2762/1415
f 1487/2761/1416 1531/2760/1453 1475/2763/1407
f 1475/2763/1407 1531/2760/1453 1532/2764/1454
f 1532/2764/1454 1531/2760/1453 1486/2762/1415
f 1475/2763/1407 1532/2764/1454 1504/2765/1431
f 1504/2765/1431 1532/2764/1454 1533/2766/1455
f 1532/2764/1454 1486/2762/1415 1534/2767/1456
f 1534/2767/1456 1486/2762/1415 1526/2768/1449
f 1533/2766/1455 1532/2764/1454 1535/2769/1457
f 1535/2769/1457 1532/2764/1454 1534/2767/1456
f 1533/2766/1455 1535/2769/1457 1536/2770/1458
f 1534/2767/1456 1526/2768/1449 1525/2771/1448
f 1536/2770/1458 1535/2769/1457 1537/2772/1459
f 1534/2767/1456 1525/2771/1448 1538/2773/1460
f 1537/2772/1459 1535/2769/1457 1539/2774/1461
f 1534/2767/1456 1538/2773/1460 1539/2774/1461
f 1534/2767/1456 1539/2774/1461 1535/2769/1457
f 1033/2775/959 1515/2776/1442 1290/2777/1233
f 1290/2777/1233 1515/2776/1442 1540/2778/1462
f 1540/2778/1462 1515/2776/1442 1034/2779/1003
f 1540/2778/1462 1034/2779/1003 1398/2780/1335
f 1540/2778/1462 1398/2780/1335 1399/2781/1336
f 1540/2778/1462 1399/2781/1336 1401/2782/1338
f 1290/2777/1233 1540/2778/1462 1541/2783/1463
f 1540/2778/1462 1401/2782/1338 1472/2784/1404
f 1540/2778/1462 1472/2784/1404 1542/2785/1464
f 1540/2778/1462 1542/2785/1464 1541/2783/1463
f 1542/2785/1464 1472/2784/1404 1543/2786/1465
f 1542/2785/1464 1543/2786/1465 1544/2787/353
f 1542/2785/1464 1544/2787/353 1541/2783/1463
f 1541/2783/1463 1544/2787/353 1545/2788/1466
f 1545/2788/1466 1544/2787/353 1546/2789/1467
f 1293/2790/660 1265/2791/660 1517/2792/660
f 1521/2793/1444 1520/2794/1443 1547/2795/1468
f 1547/2795/1468 1520/2794/1443 1491/2796/660
f 1547/2795/1468 1491/2796/660 1548/2797/1469
f 1521/2793/1444 1547/2795/1468 1549/2798/1470
f 1521/2793/1444 1549/2798/1470 1550/2799/1471
f 1521/2793/1444 1550/2799/1471 1522/2800/1445
f 1522/2800/1445 1550/2799/1471 1523/2801/1446
f 1523/2801/1446 1550/2799/1471 1525/2802/1448
f 1551/2803/1472 1240/2804/784 1552/2805/1473
f 1552/2805/1473 1240/2804/784 1519/2806/784
f 1240/2804/784 1551/2803/1472 1553/2807/1474
f 1240/2804/784 1553/2807/1474 1241/2808/1190
f 1177/2809/660 1261/2810/660 1529/2811/1451
f 1518/2812/994 1283/2813/1226 1519/2814/784
f 1519/2814/784 1283/2813/1226 1554/2815/1475
f 1519/2814/784 1554/2815/1475 1552/2816/1473
f 1554/2815/1475 1283/2813/1226 1287/2817/1230
f 1554/2815/1475 1287/2817/1230 1292/2818/1235
f 1554/2815/1475 1292/2818/1235 1555/2819/1476
f 1555/2819/1476 1292/2818/1235 1289/2820/1232
f 1517/2821/660 1528/2822/660 1556/2823/1477
f 1243/2824/1192 1244/2825/1193 1250/2826/1199
f 1250/2826/1199 1244/2825/1193 1557/2827/1478
f 1250/2826/1199 1557/2827/1478 1249/2828/1198
f 1557/2827/1478 1244/2825/1193 1241/2829/1190
f 1249/2828/1198 1557/2827/1478 1558/2830/511
f 1558/2830/511 1557/2827/1478 1559/2831/1479
f 1558/2830/511 1559/2831/1479 1560/2832/1480
f 1557/2827/1478 1241/2829/1190 1561/2833/1481
f 1561/2833/1481 1241/2829/1190 1553/2834/1474
f 1561/2833/1481 1553/2834/1474 1552/2835/1473
f 1552/2835/1473 1553/2834/1474 1551/2836/1472
f 1561/2833/1481 1552/2835/1473 1562/2837/1482
f 1557/2827/1478 1561/2833/1481 1563/2838/373
f 1563/2838/373 1561/2833/1481 1562/2837/1482
f 1557/2827/1478 1563/2838/373 1559/2831/1479
f 1563/2838/373 1562/2837/1482 1564/2839/1483
f 1559/2831/1479 1563/2838/373 1565/2840/1484
f 1565/2840/1484 1563/2838/373 1564/2839/1483
f 1559/2831/1479 1565/2840/1484 1560/2832/1480
f 1566/2841/1485 1567/2842/1486 1564/2839/1483
f 1564/2839/1483 1567/2842/1486 1565/2840/1484
f 1568/2843/1487 1560/2832/1480 1569/2844/1488
f 1565/2840/1484 1567/2842/1486 1570/2845/1489
f 1570/2845/1489 1567/2842/1486 1571/2846/1490
f 1570/2845/1489 1571/2846/1490 1572/2847/1491
f 1569/2844/1488 1560/2832/1480 1573/2848/1492
f 1574/2849/1493 1560/2832/1480 1565/2840/1484
f 1560/2832/1480 1574/2849/1493 1573/2848/1492
f 1573/2848/1492 1574/2849/1493 1575/2850/1494
f 1574/2849/1493 1565/2840/1484 1576/2851/1495
f 1574/2849/1493 1576/2851/1495 1575/2850/1494
f 1575/2850/1494 1576/2851/1495 1577/2852/1496
f 1575/2850/1494 1577/2852/1496 1573/2848/1492
f 1576/2851/1495 1565/2840/1484 1578/2853/1497
f 1576/2851/1495 1578/2853/1497 1577/2852/1496
f 1577/2852/1496 1578/2853/1497 1573/2848/1492
f 1578/2853/1497 1565/2840/1484 1570/2845/1489
f 1578/2853/1497 1570/2845/1489 1573/2848/1492
f 1579/2854/1498 1569/2844/1488 1573/2848/1492
f 1579/2854/1498 1573/2848/1492 1570/2845/1489
f 1569/2844/1488 1579/2854/1498 1580/2855/1499
f 1579/2854/1498 1570/2845/1489 1581/2856/1500
f 1579/2854/1498 1581/2856/1500 1580/2855/1499
f 1581/2856/1500 1570/2845/1489 1572/2847/1491
f 1580/2855/1499 1581/2856/1500 1582/2857/1501
f 1581/2856/1500 1572/2847/1491 1583/2858/1502
f 1582/2857/1501 1581/2856/1500 1584/2859/1503
f 1584/2859/1503 1581/2856/1500 1583/2858/1502
f 1475/2860/1407 1474/2861/1406 1488/2862/1417
f 1475/2860/1407 1488/2862/1417 1487/2863/1416
f 1256/2864/1205 1257/2865/1206 1259/2866/1207
f 1259/2866/1207 1257/2865/1206 1585/2867/1504
f 1585/2867/1504 1257/2865/1206 1253/2868/1202
f 1585/2867/1504 1253/2868/1202 1252/2869/1201
f 1239/2870/784 1241/2871/1190 1244/2872/1193
f 1491/2873/660 1516/2874/660 1586/2875/1505
f 1491/2873/660 1586/2875/1505 1548/2876/1469
f 1517/2877/660 1587/2878/1506 1516/2874/660
f 1516/2874/660 1587/2878/1506 1586/2875/1505
f 1548/2876/1469 1586/2875/1505 1588/2879/1507
f 1586/2875/1505 1587/2878/1506 1589/2880/1508
f 1589/2880/1508 1587/2878/1506 1590/2881/1509
f 1589/2880/1508 1590/2881/1509 1591/2882/1510
f 1589/2880/1508 1591/2882/1510 1592/2883/1511
f 1592/2883/1511 1591/2882/1510 1593/2884/660
f 1592/2883/1511 1593/2884/660 1594/2885/1512
f 1589/2880/1508 1592/2883/1511 1595/2886/1513
f 1589/2880/1508 1595/2886/1513 1586/2875/1505
f 1592/2883/1511 1594/2885/1512 1596/2887/1514
f 1592/2883/1511 1596/2887/1514 1595/2886/1513
f 1586/2875/1505 1595/2886/1513 1597/2888/1515
f 1597/2888/1515 1595/2886/1513 1596/2887/1514
f 1586/2875/1505 1597/2888/1515 1588/2879/1507
f 1596/2887/1514 1594/2885/1512 1598/2889/1516
f 1596/2887/1514 1598/2889/1516 1597/2888/1515
f 1597/2888/1515 1598/2889/1516 1588/2879/1507
f 1598/2889/1516 1594/2885/1512 1599/2890/1517
f 1588/2879/1507 1598/2889/1516 1600/2891/1518
f 1261/2892/660 1601/2893/1519 1602/2894/1520
f 1261/2892/660 1602/2894/1520 1529/2895/1451
f 1602/2894/1520 1601/2893/1519 1603/2896/1521
f 1603/2896/1521 1601/2893/1519 1604/2897/1522
f 1529/2895/1451 1602/2894/1520 1605/2898/1523
f 1529/2895/1451 1605/2898/1523 1606/2899/1524
f 1606/2899/1524 1605/2898/1523 1607/2900/1525
f 1605/2898/1523 1602/2894/1520 1608/2901/1511
f 1605/2898/1523 1608/2901/1511 1607/2900/1525
f 1608/2901/1511 1602/2894/1520 1603/2896/1521
f 1608/2901/1511 1603/2896/1521 1609/2902/606
f 1609/2902/606 1603/2896/1521 1610/2903/1526
f 1607/2900/1525 1608/2901/1511 1611/2904/1512
f 1611/2904/1512 1608/2901/1511 1609/2902/606
f 1611/2904/1512 1609/2902/606 1612/2905/666
f 1611/2904/1512 1612/2905/666 1613/2906/1527
f 1611/2904/1512 1613/2906/1527 1614/2907/1528
f 1614/2907/1528 1613/2906/1527 1615/2908/1529
f 1615/2908/1529 1613/2906/1527 1616/2909/1530
f 1613/2906/1527 1612/2905/666 1617/2910/1531
f 1613/2906/1527 1617/2910/1531 1616/2909/1530
f 1617/2910/1531 1612/2905/666 1618/2911/763
f 1616/2909/1530 1617/2910/1531 1619/2912/1532
f 1619/2912/1532 1617/2910/1531 1620/2913/1533
f 1261/2914/660 1259/2915/1207 1601/2916/1519
f 1601/2916/1519 1259/2915/1207 1604/2917/1522
f 1604/2917/1522 1259/2915/1207 1585/2918/1504
f 1604/2917/1522 1585/2918/1504 1610/2919/1526
f 1604/2917/1522 1610/2919/1526 1603/2920/1521
f 1621/2921/1534 1517/2922/660 1622/2923/1535
f 1622/2923/1535 1517/2922/660 1556/2924/1477
f 1517/2922/660 1621/2921/1534 1587/2925/1506
f 1622/2923/1535 1556/2924/1477 1623/2926/1536
f 1587/2925/1506 1621/2921/1534 1590/2927/1509
f 1622/2923/1535 1623/2926/1536 1624/2928/1537
f 1622/2923/1535 1624/2928/1537 1621/2921/1534
f 1590/2927/1509 1621/2921/1534 1625/2929/1538
f 1590/2927/1509 1625/2929/1538 1591/2930/1510
f 1591/2930/1510 1625/2929/1538 1593/2931/660
f 1625/2929/1538 1621/2921/1534 1626/2932/1539
f 1625/2929/1538 1626/2932/1539 1593/2931/660
f 1626/2932/1539 1621/2921/1534 1624/2928/1537
f 1593/2931/660 1626/2932/1539 1627/2933/1505
f 1627/2933/1505 1626/2932/1539 1624/2928/1537
f 1627/2933/1505 1624/2928/1537 1623/2926/1536
f 1627/2933/1505 1623/2926/1536 1628/2934/1540
f 1627/2933/1505 1628/2934/1540 1629/2935/1541
f 1556/2936/1477 1528/2937/660 1530/2938/1452
f 1556/2936/1477 1530/2938/1452 1630/2939/1542
f 1630/2939/1542 1530/2938/1452 1631/2940/1543
f 1556/2936/1477 1630/2939/1542 1632/2941/1544
f 1630/2939/1542 1631/2940/1543 1633/2942/1545
f 1630/2939/1542 1633/2942/1545 1632/2941/1544
f 1632/2941/1544 1633/2942/1545 1629/2943/1541
f 1629/2943/1541 1633/2942/1545 1634/2944/1512
f 1629/2943/1541 1634/2944/1512 1627/2945/1505
f 1252/2946/1201 1251/2947/1200 1249/2948/1198
f 1252/2946/1201 1249/2948/1198 1635/2949/1546
f 1252/2946/1201 1635/2949/1546 1585/2950/1504
f 1600/2951/1518 1549/2952/1470 1636/2953/1547
f 1636/2953/1547 1549/2952/1470 1547/2954/1468
f 1636/2953/1547 1547/2954/1468 1548/2955/1469
f 1636/2953/1547 1548/2955/1469 1588/2956/1507
f 1636/2953/1547 1588/2956/1507 1600/2951/1518
f 1549/2952/1470 1600/2951/1518 1637/2957/1548
f 1549/2952/1470 1637/2957/1548 1550/2958/1471
f 1637/2957/1548 1600/2951/1518 1638/2959/1549
f 1637/2957/1548 1638/2959/1549 1639/2960/1550
f 1638/2959/1549 1600/2951/1518 1599/2961/1517
f 1599/2961/1517 1600/2951/1518 1598/2962/1516
f 1639/2960/1550 1638/2959/1549 1640/2963/1551
f 1640/2963/1551 1638/2959/1549 1599/2961/1517
f 1640/2963/1551 1599/2961/1517 1594/2964/1512
f 1640/2963/1551 1594/2964/1512 1641/2965/667
f 1640/2963/1551 1641/2965/667 1642/2966/1552
f 1640/2963/1551 1642/2966/1552 1643/2967/1553
f 1643/2967/1553 1642/2966/1552 1644/2968/1554
f 1642/2966/1552 1641/2965/667 1645/2969/1555
f 1644/2968/1554 1642/2966/1552 1646/2970/1556
f 1646/2970/1556 1642/2966/1552 1645/2969/1555
f 1646/2970/1556 1645/2969/1555 1647/2971/1557
f 1648/2972/1558 1649/2973/1559 1650/2974/1560
f 1650/2974/1560 1649/2973/1559 1538/2975/1460
f 1538/2975/1460 1649/2973/1559 1651/2976/1561
f 1651/2976/1561 1649/2973/1559 1648/2972/1558
f 1538/2975/1460 1651/2976/1561 1539/2977/1461
f 1648/2972/1558 1650/2974/1560 1652/2978/1562
f 1539/2977/1461 1651/2976/1561 1653/2979/1563
f 1653/2979/1563 1651/2976/1561 1648/2972/1558
f 1539/2977/1461 1653/2979/1563 1537/2980/1459
f 1537/2980/1459 1653/2979/1563 1654/2981/1564
f 1648/2972/1558 1652/2978/1562 1655/2982/1565
f 1648/2972/1558 1655/2982/1565 1653/2979/1563
f 1655/2982/1565 1652/2978/1562 1656/2983/1566
f 1655/2982/1565 1656/2983/1566 1653/2979/1563
f 1656/2983/1566 1652/2978/1562 1657/2984/1567
f 1654/2981/1564 1653/2979/1563 1658/2985/1568
f 1654/2981/1564 1658/2985/1568 1659/2986/1569
f 1659/2986/1569 1658/2985/1568 1660/2987/1570
f 1660/2987/1570 1658/2985/1568 1661/2988/1571
f 1658/2985/1568 1653/2979/1563 1662/2989/1572
f 1658/2985/1568 1662/2989/1572 1661/2988/1571
f 1663/2990/1573 1653/2979/1563 1656/2983/1566
f 1663/2990/1573 1656/2983/1566 1657/2984/1567
f 1653/2979/1563 1663/2990/1573 1662/2989/1572
f 1663/2990/1573 1657/2984/1567 1664/2991/1574
f 1663/2990/1573 1664/2991/1574 1662/2989/1572
f 1664/2991/1574 1657/2984/1567 1665/2992/1575
f 1665/2992/1575 1657/2984/1567 1652/2978/1562
f 1664/2991/1574 1665/2992/1575 1662/2989/1572
f 1665/2992/1575 1652/2978/1562 1666/2993/1576
f 1667/2994/1577 1661/2988/1571 1662/2989/1572
f 1667/2994/1577 1662/2989/1572 1665/2992/1575
f 1661/2988/1571 1667/2994/1577 1668/2995/1578
f 1668/2995/1578 1667/2994/1577 1665/2992/1575
f 1538/2996/1460 1525/2997/1448 1650/2998/1560
f 1650/2998/1560 1525/2997/1448 1669/2999/2
f 1669/2999/2 1525/2997/1448 1550/3000/1471
f 1650/2998/1560 1669/2999/2 1670/3001/1579
f 1650/2998/1560 1670/3001/1579 1671/3002/1580
f 1670/3001/1579 1669/2999/2 1672/3003/1581
f 1669/2999/2 1550/3000/1471 1673/3004/1582
f 1669/2999/2 1673/3004/1582 1672/3003/1581
f 1673/3004/1582 1550/3000/1471 1637/3005/1548
f 1672/3003/1581 1673/3004/1582 1639/3006/1550
f 1639/3006/1550 1673/3004/1582 1637/3005/1548
f 1623/3007/1536 1556/3008/1477 1628/3009/1540
f 1628/3009/1540 1556/3008/1477 1632/3010/1544
f 1628/3009/1540 1632/3010/1544 1629/3011/1541
f 1631/3012/1543 1530/3013/1452 1674/3014/1583
f 1674/3014/1583 1530/3013/1452 1529/3015/1451
f 1674/3014/1583 1529/3015/1451 1606/3016/1524
f 1674/3014/1583 1606/3016/1524 1675/3017/1584
f 1674/3014/1583 1675/3017/1584 1631/3012/1543
f 1675/3017/1584 1606/3016/1524 1607/3018/1525
f 1675/3017/1584 1607/3018/1525 1611/3019/1512
f 1631/3012/1543 1675/3017/1584 1676/3020/1512
f 1676/3020/1512 1675/3017/1584 1611/3019/1512
f 1631/3012/1543 1676/3020/1512 1633/3021/1545
f 1676/3020/1512 1611/3019/1512 1614/3022/1528
f 1676/3020/1512 1614/3022/1528 1677/3023/933
f 1677/3023/933 1614/3022/1528 1678/3024/1585
f 1677/3023/933 1678/3024/1585 1679/3025/1586
f 1677/3023/933 1679/3025/1586 1680/3026/1587
f 1678/3024/1585 1614/3022/1528 1681/3027/1529
f 1681/3027/1529 1614/3022/1528 1615/3028/1529
f 1680/3026/1587 1679/3025/1586 1682/3029/1588
f 1682/3029/1588 1679/3025/1586 1678/3024/1585
f 1681/3027/1529 1615/3028/1529 1683/3030/1588
f 1681/3027/1529 1683/3030/1588 1678/3024/1585
f 1678/3024/1585 1683/3030/1588 1682/3029/1588
f 1682/3029/1588 1683/3030/1588 1684/3031/1589
f 1682/3029/1588 1684/3031/1589 1685/3032/1588
f 1684/3031/1589 1683/3030/1588 1686/3033/1590
f 1687/3034/1591 1635/3035/1546 1249/3036/1198
f 1635/3035/1546 1687/3034/1591 1688/3037/1592
f 1635/3035/1546 1688/3037/1592 1689/3038/1593
f 1689/3038/1593 1688/3037/1592 1690/3039/1594
f 1690/3039/1594 1688/3037/1592 1691/3040/1595
f 1691/3040/1595 1688/3037/1592 1687/3034/1591
f 1690/3039/1594 1691/3040/1595 1692/3041/1596
f 1692/3041/1596 1691/3040/1595 1693/3042/1597
f 1693/3042/1597 1691/3040/1595 1694/3043/1598
f 1694/3043/1598 1691/3040/1595 1695/3044/1599
f 1695/3044/1599 1691/3040/1595 1687/3034/1591
f 1694/3043/1598 1695/3044/1599 1696/3045/1600
f 1696/3045/1600 1695/3044/1599 1697/3046/1601
f 1695/3044/1599 1687/3034/1591 1698/3047/1602
f 1699/3048/514 1687/3034/1591 1249/3036/1198
f 1687/3034/1591 1699/3048/514 1698/3047/1602
f 1699/3048/514 1249/3036/1198 1558/3049/511
f 1695/3044/1599 1698/3047/1602 1568/3050/1487
f 1568/3050/1487 1698/3047/1602 1699/3048/514
f 1568/3050/1487 1699/3048/514 1558/3049/511
f 1695/3044/1599 1568/3050/1487 1569/3051/1488
f 1568/3050/1487 1558/3049/511 1560/3052/1480
f 1562/3053/1482 1554/3054/1475 1541/3055/1463
f 1554/3054/1475 1562/3053/1482 1552/3056/1473
f 1541/3055/1463 1554/3054/1475 1555/3057/1476
f 1541/3055/1463 1555/3057/1476 1289/3058/1232
f 1541/3055/1463 1289/3058/1232 1290/3059/1233
f 1562/3053/1482 1541/3055/1463 1700/3060/1603
f 1562/3053/1482 1700/3060/1603 1564/3061/1483
f 1700/3060/1603 1541/3055/1463 1545/3062/1466
f 1564/3061/1483 1700/3060/1603 1701/3063/1604
f 1701/3063/1604 1700/3060/1603 1545/3062/1466
f 1564/3061/1483 1701/3063/1604 1566/3064/1485
f 1701/3063/1604 1545/3062/1466 1702/3065/1605
f 1566/3064/1485 1701/3063/1604 1703/3066/1606
f 1703/3066/1606 1701/3063/1604 1702/3065/1605
f 1703/3066/1606 1702/3065/1605 1545/3062/1466
f 1566/3064/1485 1703/3066/1606 1567/3067/1486
f 1567/3067/1486 1703/3066/1606 1545/3062/1466
f 1567/3067/1486 1545/3062/1466 1704/3068/1607
f 1567/3067/1486 1704/3068/1607 1571/3069/1490
f 1533/3070/1455 1505/3071/1432 1504/3072/1431
f 1505/3071/1432 1533/3070/1455 1705/3073/1608
f 1705/3073/1608 1533/3070/1455 1536/3074/1458
f 1705/3073/1608 1536/3074/1458 1706/3075/1609
f 1505/3071/1432 1705/3073/1608 1707/3076/1610
f 1505/3071/1432 1707/3076/1610 1508/3077/1435
f 1508/3077/1435 1707/3076/1610 1706/3075/1609
f 1707/3076/1610 1705/3073/1608 1708/3078/1611
f 1707/3076/1610 1708/3078/1611 1706/3075/1609
f 1706/3075/1609 1708/3078/1611 1705/3073/1608
f 1508/3077/1435 1706/3075/1609 1709/3079/1612
f 1508/3077/1435 1709/3079/1612 1509/3080/1436
f 1509/3080/1436 1709/3079/1612 1513/3081/1440
f 1475/3082/1407 1504/3083/1431 1476/3084/1408
f 1476/3084/1408 1504/3083/1431 1477/3085/1409
f 1652/3086/1562 1650/3087/1560 1671/3088/1580
f 1652/3086/1562 1671/3088/1580 1710/3089/1613
f 1652/3086/1562 1710/3089/1613 1666/3090/1576
f 1710/3089/1613 1671/3088/1580 1711/3091/1055
f 1710/3089/1613 1711/3091/1055 1666/3090/1576
f 1711/3091/1055 1671/3088/1580 1712/3092/1339
f 1712/3092/1339 1671/3088/1580 1670/3093/1579
f 1712/3092/1339 1670/3093/1579 1672/3094/1581
f 1712/3092/1339 1672/3094/1581 1713/3095/973
f 1712/3092/1339 1713/3095/973 1711/3091/1055
f 1713/3095/973 1672/3094/1581 1639/3096/1550
f 1713/3095/973 1639/3096/1550 1640/3097/1551
f 1713/3095/973 1640/3097/1551 1643/3098/1553
f 1714/3099/1614 1666/3090/1576 1711/3091/1055
f 1711/3091/1055 1713/3095/973 1715/3100/1615
f 1711/3091/1055 1715/3100/1615 1714/3099/1614
f 1713/3095/973 1643/3098/1553 1716/3101/1616
f 1713/3095/973 1716/3101/1616 1715/3100/1615
f 1716/3101/1616 1643/3098/1553 1644/3102/1554
f 1666/3090/1576 1714/3099/1614 1717/3103/1617
f 1717/3103/1617 1714/3099/1614 1715/3100/1615
f 1666/3090/1576 1717/3103/1617 1665/3104/1575
f 1716/3101/1616 1644/3102/1554 1718/3105/1618
f 1718/3105/1618 1644/3102/1554 1719/3106/1619
f 1715/3100/1615 1716/3101/1616 1720/3107/1620
f 1715/3100/1615 1720/3107/1620 1717/3103/1617
f 1720/3107/1620 1716/3101/1616 1718/3105/1618
f 1718/3105/1618 1719/3106/1619 1721/3108/1621
f 1665/3104/1575 1717/3103/1617 1722/3109/1622
f 1722/3109/1622 1717/3103/1617 1720/3107/1620
f 1665/3104/1575 1722/3109/1622 1668/3110/1578
f 1718/3105/1618 1721/3108/1621 1723/3111/1623
f 1723/3111/1623 1721/3108/1621 1724/3112/1624
f 1668/3110/1578 1722/3109/1622 1661/3113/1571
f 1661/3113/1571 1722/3109/1622 1720/3107/1620
f 1718/3105/1618 1723/3111/1623 1725/3114/1625
f 1718/3105/1618 1725/3114/1625 1720/3107/1620
f 1725/3114/1625 1723/3111/1623 1726/3115/1626
f 1725/3114/1625 1726/3115/1626 1727/3116/1627
f 1725/3114/1625 1727/3116/1627 1720/3107/1620
f 1727/3116/1627 1726/3115/1626 1728/3117/1628
f 1661/3113/1571 1720/3107/1620 1729/3118/1629
f 1729/3118/1629 1720/3107/1620 1727/3116/1627
f 1661/3113/1571 1729/3118/1629 1730/3119/1630
f 1729/3118/1629 1727/3116/1627 1731/3120/1631
f 1729/3118/1629 1731/3120/1631 1730/3119/1630
f 1661/3113/1571 1730/3119/1630 1732/3121/1632
f 1732/3121/1632 1730/3119/1630 1731/3120/1631
f 1661/3113/1571 1732/3121/1632 1660/3122/1570
f 1732/3121/1632 1731/3120/1631 1733/3123/1633
f 1732/3121/1632 1733/3123/1633 1660/3122/1570
f 1731/3120/1631 1727/3116/1627 1734/3124/1634
f 1731/3120/1631 1734/3124/1634 1733/3123/1633
f 1733/3123/1633 1734/3124/1634 1660/3122/1570
f 1734/3124/1634 1727/3116/1627 1728/3117/1628
f 1660/3122/1570 1734/3124/1634 1659/3125/1569
f 1659/3125/1569 1734/3124/1634 1728/3117/1628
f 1659/3125/1569 1728/3117/1628 1735/3126/1635
f 1659/3125/1569 1735/3126/1635 1654/3127/1564
f 1215/3128/1168 1736/3129/1636 1469/3130/1401
f 1469/3130/1401 1736/3129/1636 1470/3131/1402
f 1470/3131/1402 1736/3129/1636 1737/3132/1637
f 1470/3131/1402 1737/3132/1637 1738/3133/1638
f 1738/3133/1638 1737/3132/1637 1739/3134/1639
f 1737/3132/1637 1736/3129/1636 1740/3135/1640
f 1740/3135/1640 1736/3129/1636 1215/3128/1168
f 1739/3134/1639 1737/3132/1637 1741/3136/1641
f 1741/3136/1641 1737/3132/1637 1740/3135/1640
f 1739/3134/1639 1741/3136/1641 1742/3137/1642
f 1740/3135/1640 1215/3128/1168 1267/3138/1211
f 1740/3135/1640 1267/3138/1211 1741/3136/1641
f 1267/3138/1211 1215/3128/1168 1218/3139/1171
f 1742/3137/1642 1741/3136/1641 1743/3140/1643
f 1742/3137/1642 1743/3140/1643 1744/3141/1644
f 1741/3136/1641 1267/3138/1211 1745/3142/1645
f 1741/3136/1641 1745/3142/1645 1743/3140/1643
f 1745/3142/1645 1267/3138/1211 1746/3143/1646
f 1743/3140/1643 1745/3142/1645 1747/3144/1647
f 1689/3145/1593 1585/3146/1504 1635/3147/1546
f 1585/3146/1504 1689/3145/1593 1748/3148/1648
f 1748/3148/1648 1689/3145/1593 1690/3149/1594
f 1748/3148/1648 1690/3149/1594 1692/3150/1596
f 1748/3148/1648 1692/3150/1596 1749/3151/1649
f 1748/3148/1648 1749/3151/1649 1750/3152/1650
f 1748/3148/1648 1750/3152/1650 1751/3153/1651
f 1472/3154/1404 1471/3155/1403 1543/3156/1465
f 1543/3156/1465 1471/3155/1403 1752/3157/1652
f 1543/3156/1465 1752/3157/1652 1753/3158/1653
f 1543/3156/1465 1753/3158/1653 1754/3159/1654
f 1754/3159/1654 1753/3158/1653 1752/3157/1652
f 1543/3156/1465 1754/3159/1654 1544/3160/353
f 1544/3160/353 1754/3159/1654 1752/3157/1652
f 1544/3160/353 1752/3157/1652 1755/3161/1655
f 1544/3160/353 1755/3161/1655 1546/3162/1467
f 1756/3163/1656 1752/3157/1652 1471/3155/1403
f 1755/3161/1655 1752/3157/1652 1757/3164/1657
f 1757/3164/1657 1752/3157/1652 1756/3163/1656
f 1546/3162/1467 1755/3161/1655 1758/3165/1658
f 1758/3165/1658 1755/3161/1655 1757/3164/1657
f 1546/3162/1467 1758/3165/1658 1759/3166/1659
f 1546/3162/1467 1759/3166/1659 1760/3167/1660
f 1756/3163/1656 1471/3155/1403 1761/3168/924
f 1761/3168/924 1471/3155/1403 1470/3169/1402
f 1761/3168/924 1470/3169/1402 1738/3170/1638
f 1756/3163/1656 1761/3168/924 1762/3171/1661
f 1762/3171/1661 1761/3168/924 1738/3170/1638
f 1756/3163/1656 1762/3171/1661 1757/3164/1657
f 1762/3171/1661 1738/3170/1638 1739/3172/1639
f 1762/3171/1661 1739/3172/1639 1763/3173/1662
f 1762/3171/1661 1763/3173/1662 1757/3164/1657
f 1763/3173/1662 1739/3172/1639 1742/3174/1642
f 1764/3175/1663 1760/3167/1660 1742/3174/1642
f 1742/3174/1642 1760/3167/1660 1759/3166/1659
f 1757/3164/1657 1763/3173/1662 1765/3176/1664
f 1757/3164/1657 1765/3176/1664 1758/3165/1658
f 1758/3165/1658 1765/3176/1664 1759/3166/1659
f 1765/3176/1664 1763/3173/1662 1766/3177/1665
f 1766/3177/1665 1763/3173/1662 1742/3174/1642
f 1759/3166/1659 1765/3176/1664 1767/3178/1666
f 1767/3178/1666 1765/3176/1664 1766/3177/1665
f 1742/3174/1642 1759/3166/1659 1768/3179/1667
f 1742/3174/1642 1768/3179/1667 1766/3177/1665
f 1768/3179/1667 1759/3166/1659 1767/3178/1666
f 1768/3179/1667 1767/3178/1666 1766/3177/1665
f 1375/3180/1314 1769/3181/1668 1376/3182/1315
f 1376/3182/1315 1769/3181/1668 1770/3183/1669
f 1376/3182/1315 1770/3183/1669 1377/3184/1316
f 1770/3183/1669 1769/3181/1668 1771/3185/1670
f 1377/3184/1316 1770/3183/1669 1772/3186/1671
f 1772/3186/1671 1770/3183/1669 1771/3185/1670
f 1377/3184/1316 1772/3186/1671 1379/3187/1318
f 1772/3186/1671 1771/3185/1670 1773/3188/1672
f 1773/3188/1672 1771/3185/1670 1774/3189/1673
f 1379/3187/1318 1772/3186/1671 1775/3190/1674
f 1379/3187/1318 1775/3190/1674 1381/3191/1320
f 1381/3191/1320 1775/3190/1674 1278/3192/1221
f 1278/3192/1221 1775/3190/1674 1279/3193/1222
f 1775/3190/1674 1772/3186/1671 1776/3194/1675
f 1775/3190/1674 1776/3194/1675 1279/3193/1222
f 1776/3194/1675 1772/3186/1671 1773/3188/1672
f 1279/3193/1222 1776/3194/1675 1777/3195/1676
f 1279/3193/1222 1777/3195/1676 1778/3196/1677
f 1778/3196/1677 1777/3195/1676 1779/3197/1678
f 1777/3195/1676 1776/3194/1675 1780/3198/1679
f 1780/3198/1679 1776/3194/1675 1781/3199/1680
f 1781/3199/1680 1776/3194/1675 1773/3188/1672
f 1780/3198/1679 1781/3199/1680 1782/3200/1681
f 1782/3200/1681 1781/3199/1680 1773/3188/1672
f 1780/3198/1679 1782/3200/1681 1783/3201/1682
f 1783/3201/1682 1782/3200/1681 1784/3202/1683
f 1785/3203/1684 1773/3188/1672 1774/3189/1673
f 1785/3203/1684 1774/3189/1673 1786/3204/1685
f 1773/3188/1672 1785/3203/1684 1787/3205/1686
f 1773/3188/1672 1787/3205/1686 1782/3200/1681
f 1787/3205/1686 1785/3203/1684 1788/3206/1687
f 1784/3202/1683 1782/3200/1681 1789/3207/1688
f 1784/3202/1683 1789/3207/1688 1790/3208/1689
f 1790/3208/1689 1789/3207/1688 1783/3209/1682
f 1783/3209/1682 1789/3207/1688 1780/3210/1679
f 1780/3210/1679 1789/3207/1688 1791/3211/1690
f 1789/3207/1688 1782/3200/1681 1792/3212/1691
f 1789/3207/1688 1792/3212/1691 1791/3211/1690
f 1792/3212/1691 1782/3200/1681 1793/3213/1692
f 1792/3212/1691 1793/3213/1692 1791/3211/1690
f 1793/3213/1692 1782/3200/1681 1787/3205/1686
f 1791/3211/1690 1793/3213/1692 1794/3214/1693
f 1791/3211/1690 1794/3214/1693 1795/3215/1694
f 1793/3213/1692 1787/3205/1686 1796/3216/1695
f 1793/3213/1692 1796/3216/1695 1794/3214/1693
f 1796/3216/1695 1787/3205/1686 1797/3217/1696
f 1797/3217/1696 1787/3205/1686 1788/3206/1687
f 1797/3217/1696 1788/3206/1687 1798/3218/1697
f 1798/3218/1697 1788/3206/1687 1786/3219/1685
f 1796/3216/1695 1797/3217/1696 1799/3220/1698
f 1796/3216/1695 1799/3220/1698 1794/3214/1693
f 1794/3214/1693 1799/3220/1698 1795/3215/1694
f 1795/3215/1694 1799/3220/1698 1800/3221/1699
f 1800/3221/1699 1799/3220/1698 1801/3222/1700
f 1800/3221/1699 1801/3222/1700 1802/3223/1701
f 1800/3221/1699 1802/3223/1701 1803/3224/1702
f 1802/3223/1701 1801/3222/1700 1804/3225/1590
f 1802/3223/1701 1804/3225/1590 1803/3224/1702
f 1803/3224/1702 1804/3225/1590 1805/3226/1590
f 1748/3227/1648 1610/3228/1526 1585/3229/1504
f 1610/3228/1526 1748/3227/1648 1609/3230/606
f 1609/3230/606 1748/3227/1648 1612/3231/666
f 1612/3231/666 1748/3227/1648 1618/3232/763
f 1617/3233/1531 1618/3232/763 1620/3234/1533
f 1620/3234/1533 1618/3232/763 1619/3235/1532
f 1618/3232/763 1748/3227/1648 1806/3236/1703
f 1806/3236/1703 1748/3227/1648 1751/3237/1651
f 1619/3235/1532 1618/3232/763 1807/3238/1704
f 1807/3238/1704 1618/3232/763 1806/3236/1703
f 1619/3235/1532 1807/3238/1704 1808/3239/1590
f 1806/3236/1703 1751/3237/1651 1809/3240/1705
f 1806/3236/1703 1809/3240/1705 1807/3238/1704
f 1809/3240/1705 1751/3237/1651 1810/3241/1706
f 1808/3239/1590 1807/3238/1704 1811/3242/1707
f 1811/3242/1707 1807/3238/1704 1809/3240/1705
f 1811/3242/1707 1809/3240/1705 1810/3241/1706
f 1808/3239/1590 1811/3242/1707 1812/3243/1590
f 1811/3242/1707 1810/3241/1706 1813/3244/1708
f 1811/3242/1707 1813/3244/1708 1812/3243/1590
f 1812/3243/1590 1813/3244/1708 1814/3245/1643
f 1815/3246/1709 1388/3247/1271 1389/3248/1327
f 1815/3246/1709 1389/3248/1327 1390/3249/1328
f 1815/3246/1709 1390/3249/1328 1816/3250/1710
f 1815/3246/1709 1816/3250/1710 1817/3251/1711
f 1388/3247/1271 1815/3246/1709 1818/3252/1712
f 1815/3246/1709 1817/3251/1711 1819/3253/1713
f 1819/3253/1713 1817/3251/1711 1820/3254/1714
f 1818/3252/1712 1815/3246/1709 1821/3255/1715
f 1821/3255/1715 1815/3246/1709 1819/3253/1713
f 1388/3247/1271 1818/3252/1712 1822/3256/1716
f 1822/3256/1716 1818/3252/1712 1821/3255/1715
f 1388/3247/1271 1822/3256/1716 1386/3257/1325
f 1819/3253/1713 1820/3254/1714 1823/3258/1717
f 1819/3253/1713 1823/3258/1717 1821/3255/1715
f 1823/3258/1717 1820/3254/1714 1824/3259/1718
f 1823/3258/1717 1824/3259/1718 1825/3260/1719
f 1386/3257/1325 1822/3256/1716 1378/3261/1317
f 1378/3261/1317 1822/3256/1716 1826/3262/1720
f 1378/3261/1317 1826/3262/1720 1374/3263/1313
f 1826/3262/1720 1822/3256/1716 1827/3264/1721
f 1826/3262/1720 1827/3264/1721 1828/3265/1722
f 1828/3265/1722 1827/3264/1721 1829/3266/1723
f 1827/3264/1721 1822/3256/1716 1830/3267/1724
f 1827/3264/1721 1830/3267/1724 1829/3266/1723
f 1830/3267/1724 1822/3256/1716 1821/3255/1715
f 1830/3267/1724 1821/3255/1715 1831/3268/1725
f 1830/3267/1724 1831/3268/1725 1829/3266/1723
f 1831/3268/1725 1821/3255/1715 1823/3258/1717
f 1829/3266/1723 1831/3268/1725 1832/3269/1726
f 1832/3269/1726 1831/3268/1725 1823/3258/1717
f 1832/3269/1726 1823/3258/1717 1825/3260/1719
f 1829/3266/1723 1832/3269/1726 1833/3270/1727
f 1832/3269/1726 1825/3260/1719 1834/3271/1728
f 1832/3269/1726 1834/3271/1728 1833/3270/1727
f 1375/3272/1314 1374/3273/1313 1826/3274/1720
f 1375/3272/1314 1826/3274/1720 1769/3275/1668
f 1769/3275/1668 1826/3274/1720 1835/3276/1729
f 1769/3275/1668 1835/3276/1729 1771/3277/1670
f 1835/3276/1729 1826/3274/1720 1828/3278/1722
f 1771/3277/1670 1835/3276/1729 1774/3279/1673
f 1835/3276/1729 1828/3278/1722 1836/3280/1730
f 1836/3280/1730 1828/3278/1722 1837/3281/1731
f 1836/3280/1730 1837/3281/1731 1788/3282/1687
f 1836/3280/1730 1788/3282/1687 1785/3283/1684
f 1835/3276/1729 1836/3280/1730 1838/3284/1732
f 1835/3276/1729 1838/3284/1732 1774/3279/1673
f 1838/3284/1732 1836/3280/1730 1785/3283/1684
f 1774/3279/1673 1838/3284/1732 1839/3285/1733
f 1838/3284/1732 1785/3283/1684 1786/3286/1685
f 1838/3284/1732 1786/3286/1685 1839/3285/1733
f 1633/3287/1545 1676/3288/1512 1634/3289/1512
f 1634/3289/1512 1676/3288/1512 1840/3290/1734
f 1840/3290/1734 1676/3288/1512 1677/3291/933
f 1840/3290/1734 1677/3291/933 1680/3292/1587
f 1840/3290/1734 1680/3292/1587 1841/3293/1532
f 1840/3290/1734 1841/3293/1532 1842/3294/1735
f 1841/3293/1532 1680/3292/1587 1685/3295/1588
f 1685/3295/1588 1680/3292/1587 1682/3296/1588
f 1843/3297/1736 1844/3298/1737 1537/3299/1459
f 1537/3299/1459 1844/3298/1737 1536/3300/1458
f 1843/3297/1736 1537/3299/1459 1654/3301/1564
f 1844/3298/1737 1843/3297/1736 1845/3302/1738
f 1536/3300/1458 1844/3298/1737 1846/3303/1739
f 1846/3303/1739 1844/3298/1737 1845/3302/1738
f 1846/3303/1739 1845/3302/1738 1843/3297/1736
f 1846/3303/1739 1843/3297/1736 1654/3301/1564
f 1536/3300/1458 1846/3303/1739 1706/3304/1609
f 1846/3303/1739 1654/3301/1564 1735/3305/1635
f 1706/3304/1609 1846/3303/1739 1709/3306/1612
f 1709/3306/1612 1846/3303/1739 1735/3305/1635
f 1405/3307/1342 1816/3308/1710 1390/3309/1328
f 1816/3308/1710 1405/3307/1342 1847/3310/1740
f 1847/3310/1740 1405/3307/1342 1407/3311/1344
f 1847/3310/1740 1407/3311/1344 1848/3312/1741
f 1848/3312/1741 1407/3311/1344 1849/3313/1742
f 1849/3313/1742 1407/3311/1344 1410/3314/1347
f 1594/3315/1512 1593/3316/660 1850/3317/667
f 1594/3315/1512 1850/3317/667 1641/3318/667
f 1641/3318/667 1850/3317/667 1851/3319/1743
f 1641/3318/667 1851/3319/1743 1645/3320/1555
f 1645/3320/1555 1851/3319/1743 1647/3321/1557
f 1647/3321/1557 1851/3319/1743 1852/3322/1744
f 1851/3319/1743 1850/3317/667 1853/3323/1745
f 1851/3319/1743 1853/3323/1745 1852/3322/1744
f 1853/3323/1745 1850/3317/667 1854/3324/1746
f 1854/3324/1746 1850/3317/667 1855/3325/666
f 1852/3322/1744 1853/3323/1745 1856/3326/1747
f 1852/3322/1744 1856/3326/1747 1857/3327/1748
f 1853/3323/1745 1854/3324/1746 1858/3328/1749
f 1853/3323/1745 1858/3328/1749 1856/3326/1747
f 1856/3326/1747 1858/3328/1749 1857/3327/1748
f 1857/3327/1748 1858/3328/1749 1859/3329/1750
f 1857/3327/1748 1859/3329/1750 1860/3330/1751
f 1859/3329/1750 1858/3328/1749 1861/3331/1752
f 1860/3330/1751 1859/3329/1750 1862/3332/1753
f 1859/3329/1750 1861/3331/1752 1863/3333/1754
f 1859/3329/1750 1863/3333/1754 1862/3332/1753
f 1411/3334/1348 1864/3335/1755 1410/3336/1347
f 1410/3336/1347 1864/3335/1755 1849/3337/1742
f 1849/3337/1742 1864/3335/1755 1848/3338/1741
f 1864/3335/1755 1411/3334/1348 1865/3339/1756
f 1865/3339/1756 1411/3334/1348 1332/3340/1273
f 1848/3338/1741 1864/3335/1755 1866/3341/1757
f 1848/3338/1741 1866/3341/1757 1867/3342/1758
f 1866/3341/1757 1864/3335/1755 1868/3343/1759
f 1867/3342/1758 1866/3341/1757 1869/3344/1760
f 1869/3344/1760 1866/3341/1757 1868/3343/1759
f 1868/3343/1759 1864/3335/1755 1870/3345/1761
f 1868/3343/1759 1870/3345/1761 1869/3344/1760
f 1870/3345/1761 1864/3335/1755 1865/3339/1756
f 1869/3344/1760 1870/3345/1761 1871/3346/1762
f 1871/3346/1762 1870/3345/1761 1865/3339/1756
f 1338/3347/1279 1865/3339/1756 1332/3340/1273
f 1865/3339/1756 1338/3347/1279 1872/3348/1763
f 1865/3339/1756 1872/3348/1763 1871/3346/1762
f 1873/3349/1764 1874/3350/1765 1338/3347/1279
f 1869/3344/1760 1871/3346/1762 1875/3351/1766
f 1869/3344/1760 1875/3351/1766 1876/3352/1767
f 1876/3352/1767 1875/3351/1766 1877/3353/1768
f 1876/3352/1767 1877/3353/1768 1878/3354/1769
f 1878/3354/1769 1877/3353/1768 1879/3355/1770
f 1879/3355/1770 1877/3353/1768 1875/3351/1766
f 1875/3351/1766 1871/3346/1762 1880/3356/1771
f 1875/3351/1766 1880/3356/1771 1879/3355/1770
f 1880/3356/1771 1871/3346/1762 1881/3357/1772
f 1881/3357/1772 1871/3346/1762 1872/3348/1763
f 1879/3355/1770 1880/3356/1771 1882/3358/1773
f 1882/3358/1773 1880/3356/1771 1881/3357/1772
f 1879/3355/1770 1882/3358/1773 1883/3359/1774
f 1881/3357/1772 1872/3348/1763 1884/3360/1775
f 1881/3357/1772 1884/3360/1775 1882/3358/1773
f 1883/3359/1774 1882/3358/1773 1885/3361/1776
f 1883/3359/1774 1885/3361/1776 1886/3362/1777
f 1886/3362/1777 1885/3361/1776 1887/3363/1778
f 1887/3363/1778 1885/3361/1776 1882/3358/1773
f 1887/3363/1778 1882/3358/1773 1888/3364/1779
f 1888/3364/1779 1882/3358/1773 1884/3360/1775
f 1889/3365/1780 1884/3360/1775 1872/3348/1763
f 1889/3365/1780 1872/3348/1763 1338/3347/1279
f 1889/3365/1780 1338/3347/1279 1874/3350/1765
f 1884/3360/1775 1889/3365/1780 1890/3366/1781
f 1889/3365/1780 1874/3350/1765 1891/3367/1782
f 1889/3365/1780 1891/3367/1782 1890/3366/1781
f 1891/3367/1782 1874/3350/1765 1892/3368/1783
f 1891/3367/1782 1892/3368/1783 1893/3369/1784
f 1890/3366/1781 1891/3367/1782 1894/3370/1785
f 1890/3366/1781 1894/3370/1785 1884/3360/1775
f 1894/3370/1785 1891/3367/1782 1893/3369/1784
f 1884/3360/1775 1894/3370/1785 1888/3364/1779
f 1894/3370/1785 1893/3369/1784 1895/3371/1786
f 1894/3370/1785 1895/3371/1786 1888/3364/1779
f 1850/3372/667 1593/3373/660 1855/3374/666
f 1855/3374/666 1593/3373/660 1627/3375/1505
f 1855/3374/666 1627/3375/1505 1634/3376/1512
f 1634/3377/1512 1840/3378/1734 1855/3379/666
f 1896/3380/1787 1273/3381/1216 1897/3382/1788
f 1269/3383/1213 1268/3384/1212 1273/3381/1216
f 1269/3383/1213 1273/3381/1216 1896/3380/1787
f 1269/3383/1213 1896/3380/1787 1267/3385/1211
f 1896/3380/1787 1897/3382/1788 1898/3386/1789
f 1898/3386/1789 1897/3382/1788 1899/3387/1790
f 1896/3380/1787 1898/3386/1789 1900/3388/1791
f 1896/3380/1787 1900/3388/1791 1901/3389/1792
f 1901/3389/1792 1900/3388/1791 1898/3386/1789
f 1267/3390/1211 1896/3391/1787 1902/3392/1793
f 1267/3390/1211 1902/3392/1793 1746/3393/1646
f 1746/3393/1646 1902/3392/1793 1903/3394/1794
f 1902/3392/1793 1896/3391/1787 1904/3395/1795
f 1904/3395/1795 1896/3391/1787 1903/3396/1794
f 1904/3395/1795 1903/3396/1794 1905/3397/1796
f 1905/3397/1796 1903/3396/1794 1901/3398/1792
f 1901/3398/1792 1903/3396/1794 1902/3399/1793
f 1790/3400/1689 1777/3401/1676 1780/3402/1679
f 1790/3400/1689 1780/3402/1679 1906/3403/1797
f 1906/3403/1797 1780/3402/1679 1791/3404/1690
f 1906/3403/1797 1791/3404/1690 1907/3405/1798
f 1907/3405/1798 1791/3404/1690 1795/3406/1694
f 1906/3403/1797 1907/3405/1798 1908/3407/1799
f 1906/3403/1797 1908/3407/1799 1790/3400/1689
f 1908/3407/1799 1907/3405/1798 1909/3408/1800
f 1790/3400/1689 1908/3407/1799 1779/3409/1678
f 1779/3409/1678 1908/3407/1799 1909/3408/1800
f 1790/3400/1689 1779/3409/1678 1784/3410/1683
f 1779/3409/1678 1909/3408/1800 1910/3411/1801
f 1910/3411/1801 1909/3408/1800 1911/3412/1499
f 1779/3409/1678 1910/3411/1801 1778/3413/1677
f 1784/3410/1683 1779/3409/1678 1777/3414/1676
f 1784/3410/1683 1777/3414/1676 1783/3415/1682
f 1783/3415/1682 1777/3414/1676 1790/3416/1689
f 1795/3417/1694 1912/3418/1802 1907/3419/1798
f 1912/3418/1802 1795/3417/1694 1913/3420/1803
f 1913/3420/1803 1795/3417/1694 1800/3421/1699
f 1913/3420/1803 1800/3421/1699 1803/3422/1702
f 1912/3418/1802 1913/3420/1803 1914/3423/1804
f 1914/3423/1804 1913/3420/1803 1803/3422/1702
f 1912/3418/1802 1914/3423/1804 1915/3424/1805
f 1915/3424/1805 1914/3423/1804 1916/3425/1806
f 1916/3425/1806 1914/3423/1804 1803/3422/1702
f 1916/3425/1806 1803/3422/1702 1805/3426/1590
f 1916/3425/1806 1805/3426/1590 1917/3427/1590
f 1917/3427/1590 1805/3426/1590 1918/3428/1590
f 1919/3429/1807 1276/3430/1219 1279/3431/1222
f 1919/3429/1807 1279/3431/1222 1920/3432/1808
f 1899/3433/1790 1274/3434/1217 1276/3430/1219
f 1899/3433/1790 1276/3430/1219 1919/3429/1807
f 1919/3429/1807 1920/3432/1808 1910/3435/1801
f 1899/3433/1790 1919/3429/1807 1921/3436/1809
f 1899/3433/1790 1921/3436/1809 1898/3437/1789
f 1898/3437/1789 1921/3436/1809 1922/3438/1810
f 1922/3438/1810 1921/3436/1809 1923/3439/1811
f 1923/3439/1811 1921/3436/1809 1919/3429/1807
f 1923/3439/1811 1919/3429/1807 1910/3435/1801
f 1923/3439/1811 1910/3435/1801 1911/3440/1499
f 1923/3439/1811 1911/3440/1499 1924/3441/1812
f 1924/3441/1812 1911/3440/1499 1925/3442/1813
f 1926/3443/1694 1273/3444/1216 1899/3445/1790
f 1899/3445/1790 1273/3444/1216 1274/3446/1217
f 1273/3444/1216 1926/3443/1694 1897/3447/1788
f 1897/3447/1788 1926/3443/1694 1927/3448/1814
f 1927/3448/1814 1926/3443/1694 1928/3449/1815
f 1926/3443/1694 1899/3445/1790 1929/3450/1816
f 1928/3449/1815 1926/3443/1694 1930/3451/1817
f 1930/3451/1817 1926/3443/1694 1929/3450/1816
f 1930/3451/1817 1929/3450/1816 1931/3452/1818
f 1931/3452/1818 1929/3450/1816 1923/3453/1811
f 1930/3451/1817 1931/3452/1818 1924/3454/1812
f 1924/3454/1812 1931/3452/1818 1923/3453/1811
f 1932/3455/1819 1924/3456/1812 1925/3457/1813
f 1924/3456/1812 1932/3455/1819 1933/3458/1820
f 1924/3456/1812 1933/3458/1820 1928/3459/1815
f 1924/3456/1812 1928/3459/1815 1930/3460/1817
f 1928/3459/1815 1933/3458/1820 1934/3461/1821
f 1934/3461/1821 1933/3458/1820 1935/3462/1822
f 1934/3461/1821 1935/3462/1822 1905/3463/1796
f 1928/3459/1815 1934/3461/1821 1927/3464/1814
f 1934/3461/1821 1905/3463/1796 1901/3465/1792
f 1927/3464/1814 1934/3461/1821 1936/3466/1823
f 1936/3466/1823 1934/3461/1821 1901/3465/1792
f 1927/3464/1814 1936/3466/1823 1898/3467/1789
f 1936/3466/1823 1901/3465/1792 1937/3468/1824
f 1936/3466/1823 1937/3468/1824 1935/3469/1822
f 1938/3470/1825 1348/3471/1289 1430/3472/1365
f 1348/3471/1289 1938/3470/1825 1939/3473/1826
f 1348/3471/1289 1939/3473/1826 1349/3474/1290
f 1349/3474/1290 1939/3473/1826 1940/3475/1827
f 1940/3475/1827 1939/3473/1826 1941/3476/1828
f 1940/3475/1827 1941/3476/1828 1942/3477/1829
f 1941/3476/1828 1939/3473/1826 1943/3478/1830
f 1941/3476/1828 1943/3478/1830 1942/3477/1829
f 1943/3478/1830 1939/3473/1826 1938/3470/1825
f 1942/3477/1829 1943/3478/1830 1944/3479/1831
f 1945/3480/1832 1938/3470/1825 1430/3472/1365
f 1938/3470/1825 1945/3480/1832 1943/3478/1830
f 1943/3478/1830 1945/3480/1832 1944/3479/1831
f 1945/3480/1832 1430/3472/1365 1946/3481/1833
f 1944/3479/1831 1945/3480/1832 1947/3482/1834
f 1947/3482/1834 1945/3480/1832 1946/3481/1833
f 1798/3483/1697 1786/3484/1685 1774/3485/1673
f 1798/3483/1697 1774/3485/1673 1948/3486/1835
f 1798/3483/1697 1948/3486/1835 1797/3487/1696
f 1797/3487/1696 1948/3486/1835 1799/3488/1698
f 1948/3486/1835 1774/3485/1673 1839/3489/1733
f 1799/3488/1698 1948/3486/1835 1949/3490/1836
f 1799/3488/1698 1949/3490/1836 1950/3491/1837
f 1799/3488/1698 1950/3491/1837 1801/3492/1700
f 1801/3492/1700 1950/3491/1837 1951/3493/1838
f 1801/3492/1700 1951/3493/1838 1804/3494/1590
f 1951/3493/1838 1950/3491/1837 1952/3495/1839
f 1951/3493/1838 1952/3495/1839 1804/3494/1590
f 1952/3495/1839 1950/3491/1837 1949/3490/1836
f 1804/3494/1590 1952/3495/1839 1953/3496/1840
f 1954/3497/1841 1949/3490/1836 1948/3486/1835
f 1949/3490/1836 1954/3497/1841 1952/3495/1839
f 1954/3497/1841 1948/3486/1835 1839/3489/1733
f 1953/3496/1840 1952/3495/1839 1955/3498/1842
f 1955/3498/1842 1952/3495/1839 1954/3497/1841
f 1956/3499/1843 1953/3496/1840 1957/3500/1844
f 1957/3500/1844 1953/3496/1840 1955/3498/1842
f 1957/3500/1844 1955/3498/1842 1958/3501/1845
f 1786/3502/1685 1788/3503/1687 1839/3489/1733
f 1839/3489/1733 1788/3503/1687 1837/3504/1731
f 1959/3505/1846 1954/3497/1841 1839/3489/1733
f 1959/3505/1846 1839/3489/1733 1837/3504/1731
f 1954/3497/1841 1959/3505/1846 1955/3498/1842
f 1958/3501/1845 1955/3498/1842 1960/3506/1847
f 1960/3506/1847 1955/3498/1842 1959/3505/1846
f 1958/3501/1845 1960/3506/1847 1961/3507/1848
f 1959/3505/1846 1837/3504/1731 1828/3508/1722
f 1961/3507/1848 1960/3506/1847 1962/3509/1849
f 1962/3509/1849 1960/3506/1847 1959/3505/1846
f 1961/3507/1848 1962/3509/1849 1963/3510/1850
f 1959/3505/1846 1828/3508/1722 1964/3511/1851
f 1959/3505/1846 1964/3511/1851 1962/3509/1849
f 1964/3511/1851 1828/3508/1722 1829/3512/1723
f 1962/3509/1849 1964/3511/1851 1965/3513/1852
f 1965/3513/1852 1964/3511/1851 1829/3512/1723
f 1962/3509/1849 1965/3513/1852 1963/3510/1850
f 1965/3513/1852 1829/3512/1723 1833/3514/1727
f 1965/3513/1852 1833/3514/1727 1963/3510/1850
f 1963/3510/1850 1833/3514/1727 1966/3515/1853
f 1966/3515/1853 1833/3514/1727 1967/3516/1854
f 1963/3510/1850 1966/3515/1853 1968/3517/1855
f 1963/3510/1850 1968/3517/1855 1969/3518/1856
f 1966/3515/1853 1967/3516/1854 1970/3519/1857
f 1970/3519/1857 1967/3516/1854 1971/3520/1858
f 1970/3519/1857 1971/3520/1858 1972/3521/1859
f 1972/3521/1859 1971/3520/1858 1973/3522/1860
f 1973/3522/1860 1971/3520/1858 1974/3523/1861
f 1912/3524/1802 1975/3525/1862 1907/3526/1798
f 1907/3526/1798 1975/3525/1862 1909/3527/1800
f 1975/3525/1862 1912/3524/1802 1915/3528/1805
f 1909/3527/1800 1975/3525/1862 1911/3529/1499
f 1975/3525/1862 1915/3528/1805 1976/3530/1863
f 1911/3529/1499 1975/3525/1862 1977/3531/1864
f 1977/3531/1864 1975/3525/1862 1976/3530/1863
f 1978/3532/1865 1976/3533/1863 1911/3529/1499
f 1978/3532/1865 1911/3529/1499 1977/3531/1864
f 1978/3532/1865 1977/3531/1864 1910/3534/1801
f 1910/3534/1801 1977/3531/1864 1778/3535/1677
f 1977/3531/1864 1976/3530/1863 1920/3536/1808
f 1977/3531/1864 1920/3536/1808 1778/3535/1677
f 1778/3535/1677 1920/3536/1808 1279/3537/1222
f 1920/3536/1808 1976/3530/1863 1978/3538/1865
f 1920/3536/1808 1978/3538/1865 1910/3539/1801
f 1896/3540/1787 1746/3541/1646 1903/3542/1794
f 1746/3541/1646 1896/3540/1787 1901/3543/1792
f 1746/3541/1646 1901/3543/1792 1904/3544/1795
f 1904/3544/1795 1901/3543/1792 1902/3545/1793
f 1979/3546/1866 1855/3547/666 1840/3548/1734
f 1855/3547/666 1979/3546/1866 1854/3549/1746
f 1979/3546/1866 1840/3548/1734 1842/3550/1735
f 1854/3549/1746 1979/3546/1866 1858/3551/1749
f 1858/3551/1749 1979/3546/1866 1980/3552/411
f 1980/3552/411 1979/3546/1866 1842/3550/1735
f 1858/3551/1749 1980/3552/411 1861/3553/1752
f 1980/3552/411 1842/3550/1735 1981/3554/1867
f 1980/3552/411 1981/3554/1867 1861/3553/1752
f 1981/3554/1867 1842/3550/1735 1982/3555/1868
f 1981/3554/1867 1982/3555/1868 1983/3556/1869
f 1981/3554/1867 1983/3556/1869 1984/3557/1870
f 1981/3554/1867 1984/3557/1870 1985/3558/1871
f 1861/3553/1752 1981/3554/1867 1986/3559/1872
f 1981/3554/1867 1985/3558/1871 1987/3560/1873
f 1981/3554/1867 1987/3560/1873 1986/3559/1872
f 1986/3559/1872 1987/3560/1873 1988/3561/1874
f 1817/3562/1711 1816/3563/1710 1847/3564/1740
f 1817/3562/1711 1847/3564/1740 1989/3565/1875
f 1989/3565/1875 1847/3564/1740 1848/3566/1741
f 1817/3562/1711 1989/3565/1875 1820/3567/1714
f 1989/3565/1875 1848/3566/1741 1867/3568/1758
f 1820/3567/1714 1989/3565/1875 1990/3569/1876
f 1990/3569/1876 1989/3565/1875 1867/3568/1758
f 1820/3567/1714 1990/3569/1876 1824/3570/1718
f 1990/3569/1876 1867/3568/1758 1991/3571/1877
f 1991/3571/1877 1867/3568/1758 1992/3572/1878
f 1991/3571/1877 1992/3572/1878 1876/3573/1767
f 1992/3572/1878 1867/3568/1758 1869/3574/1760
f 1992/3572/1878 1869/3574/1760 1876/3573/1767
f 1915/3575/1805 1993/3576/1879 1925/3577/1813
f 1925/3577/1813 1993/3576/1879 1932/3578/1819
f 1932/3578/1819 1993/3576/1879 1994/3579/1880
f 1915/3575/1805 1925/3577/1813 1911/3580/1499
f 1915/3575/1805 1911/3580/1499 1976/3581/1863
f 1899/3582/1790 1897/3583/1788 1927/3584/1814
f 1899/3582/1790 1927/3584/1814 1929/3585/1816
f 1929/3585/1816 1927/3584/1814 1922/3586/1810
f 1922/3586/1810 1927/3584/1814 1898/3587/1789
f 1929/3585/1816 1922/3586/1810 1923/3588/1811
f 1995/3589/1881 1996/3590/1882 1935/3591/1822
f 1995/3589/1881 1935/3591/1822 1937/3592/1824
f 1935/3591/1822 1996/3590/1882 1905/3593/1796
f 1996/3590/1882 1995/3589/1881 1994/3594/1880
f 1905/3593/1796 1996/3590/1882 1997/3595/1883
f 1997/3595/1883 1996/3590/1882 1994/3594/1880
f 1905/3593/1796 1997/3595/1883 1998/3596/1884
f 1999/3597/1885 1747/3598/1647 1998/3596/1884
f 1999/3597/1885 1998/3596/1884 2000/3599/1886
f 2000/3599/1886 1998/3596/1884 1997/3595/1883
f 2000/3599/1886 1997/3595/1883 1814/3600/1643
f 1997/3595/1883 1994/3594/1880 2001/3601/1887
f 1997/3595/1883 2001/3601/1887 1814/3600/1643
f 2001/3601/1887 1994/3594/1880 1993/3602/1879
f 1814/3600/1643 2001/3601/1887 2002/3603/1888
f 2002/3603/1888 2001/3601/1887 1993/3602/1879
f 1814/3600/1643 2002/3603/1888 1917/3604/1590
f 2002/3603/1888 1993/3602/1879 1915/3605/1805
f 1917/3604/1590 2002/3603/1888 1916/3606/1806
f 1916/3606/1806 2002/3603/1888 1915/3605/1805
f 2003/3607/1889 1434/3608/1369 1433/3609/1368
f 1439/3610/1373 2004/3611/1890 1433/3609/1368
f 1433/3609/1368 2004/3611/1890 2005/3612/1891
f 1433/3609/1368 2005/3612/1891 2003/3607/1889
f 2003/3607/1889 2005/3612/1891 2006/3613/1892
f 2006/3613/1892 2005/3612/1891 2007/3614/1893
f 2003/3607/1889 2006/3613/1892 2008/3615/1894
f 2008/3615/1894 2006/3613/1892 2009/3616/1895
f 2010/3617/1896 1434/3608/1369 2003/3607/1889
f 2010/3617/1896 2003/3607/1889 2008/3615/1894
f 1434/3608/1369 2010/3617/1896 1946/3618/1833
f 1434/3608/1369 1946/3618/1833 1431/3619/1366
f 1431/3619/1366 1946/3618/1833 1430/3620/1365
f 1946/3618/1833 2010/3617/1896 1947/3621/1834
f 1947/3621/1834 2010/3617/1896 2008/3615/1894
f 2011/3622/1897 2008/3615/1894 2009/3616/1895
f 2011/3622/1897 2009/3616/1895 2012/3623/1898
f 2011/3622/1897 2012/3623/1898 2013/3624/1899
f 2008/3615/1894 2011/3622/1897 2014/3625/1900
f 2008/3615/1894 2014/3625/1900 1947/3621/1834
f 1947/3621/1834 2014/3625/1900 2015/3626/1901
f 2015/3626/1901 2014/3625/1900 2016/3627/1902
f 2016/3627/1902 2014/3625/1900 2017/3628/1903
f 2016/3627/1902 2017/3628/1903 2018/3629/1904
f 2019/3630/1905 2018/3629/1904 2015/3626/1901
f 2018/3629/1904 2019/3630/1905 2016/3627/1902
f 2016/3627/1902 2019/3630/1905 2015/3626/1901
f 1873/3631/1764 1338/3632/1279 1340/3633/1281
f 1873/3631/1764 1340/3633/1281 2020/3634/1906
f 2020/3634/1906 1340/3633/1281 1341/3635/1282
f 1874/3636/1765 1873/3631/1764 1892/3637/1783
f 1892/3637/1783 1873/3631/1764 2021/3638/1907
f 2021/3638/1907 1873/3631/1764 2020/3634/1906
f 1892/3637/1783 2021/3638/1907 2022/3639/1908
f 2021/3638/1907 2020/3634/1906 2023/3640/1909
f 2021/3638/1907 2023/3640/1909 2022/3639/1908
f 2020/3634/1906 1341/3635/1282 2024/3641/1910
f 2020/3634/1906 2024/3641/1910 2023/3640/1909
f 2022/3639/1908 2023/3640/1909 2025/3642/1911
f 2025/3642/1911 2023/3640/1909 2024/3641/1910
f 2022/3639/1908 2025/3642/1911 2026/3643/1912
f 2026/3643/1912 2025/3642/1911 2027/3644/1913
f 2024/3641/1910 1341/3635/1282 2028/3645/1914
f 2025/3642/1911 2024/3641/1910 2029/3646/1915
f 2029/3646/1915 2024/3641/1910 2028/3645/1914
f 2027/3644/1913 2025/3642/1911 2030/3647/1916
f 2030/3647/1916 2025/3642/1911 2029/3646/1915
f 2027/3644/1913 2030/3647/1916 2031/3648/1812
f 2028/3645/1914 1341/3635/1282 2032/3649/1917
f 2028/3645/1914 2032/3649/1917 2029/3646/1915
f 2032/3649/1917 1341/3635/1282 1342/3650/1283
f 2032/3649/1917 1342/3650/1283 1344/3651/1285
f 2032/3649/1917 1344/3651/1285 1346/3652/1287
f 2032/3649/1917 1346/3652/1287 2033/3653/1918
f 2032/3649/1917 2033/3653/1918 2029/3646/1915
f 2033/3653/1918 1346/3652/1287 1347/3654/1288
f 2034/3655/1919 2030/3647/1916 2029/3646/1915
f 2034/3655/1919 2029/3646/1915 2033/3653/1918
f 2035/3656/1920 2031/3648/1812 2030/3647/1916
f 2035/3656/1920 2030/3647/1916 2034/3655/1919
f 2031/3648/1812 2035/3656/1920 2036/3657/1921
f 2036/3657/1921 2035/3656/1920 1988/3658/1874
f 1988/3658/1874 2035/3656/1920 2034/3655/1919
f 2037/3659/1922 2033/3653/1918 1347/3654/1288
f 2033/3653/1918 2037/3659/1922 2034/3655/1919
f 2037/3659/1922 1347/3654/1288 2038/3660/1923
f 2038/3660/1923 1347/3654/1288 1349/3661/1290
f 2038/3660/1923 1349/3661/1290 1940/3662/1827
f 2038/3660/1923 1940/3662/1827 2037/3659/1922
f 1988/3658/1874 2034/3655/1919 2039/3663/1924
f 2039/3663/1924 2034/3655/1919 2037/3659/1922
f 2039/3663/1924 2037/3659/1922 1940/3662/1827
f 1988/3658/1874 2039/3663/1924 2040/3664/1925
f 2040/3664/1925 2039/3663/1924 1940/3662/1827
f 1932/3665/1819 1994/3666/1880 1933/3667/1820
f 1933/3667/1820 1994/3666/1880 1935/3668/1822
f 1935/3668/1822 1994/3666/1880 1898/3669/1789
f 1935/3668/1822 1898/3669/1789 1936/3670/1823
f 1898/3669/1789 1994/3666/1880 1937/3671/1824
f 1898/3669/1789 1937/3671/1824 1901/3672/1792
f 1937/3671/1824 1994/3666/1880 1995/3673/1881
f 1704/3674/1607 1545/3675/1466 1546/3676/1467
f 1704/3674/1607 1546/3676/1467 1760/3677/1660
f 1704/3674/1607 1760/3677/1660 1571/3678/1490
f 1571/3678/1490 1760/3677/1660 1572/3679/1491
f 1998/3680/1884 1904/3681/1795 1905/3682/1796
f 1904/3681/1795 1998/3680/1884 1747/3683/1647
f 1904/3681/1795 1747/3683/1647 1746/3684/1646
f 1746/3684/1646 1747/3683/1647 1745/3685/1645
f 1439/3686/1373 1438/3687/1372 2041/3688/1926
f 2041/3688/1926 1438/3687/1372 1511/3689/1438
f 1439/3686/1373 2041/3688/1926 2042/3690/1927
f 2042/3690/1927 2041/3688/1926 2043/3691/1928
f 1439/3686/1373 2042/3690/1927 2004/3692/1890
f 2042/3690/1927 2043/3691/1928 2044/3693/1929
f 2044/3693/1929 2043/3691/1928 1724/3694/1624
f 2004/3692/1890 2042/3690/1927 2045/3695/1930
f 2045/3695/1930 2042/3690/1927 2046/3696/1931
f 2046/3696/1931 2042/3690/1927 2044/3693/1929
f 2004/3692/1890 2045/3695/1930 2007/3697/1893
f 2004/3692/1890 2007/3697/1893 2005/3698/1891
f 2045/3695/1930 2046/3696/1931 2047/3699/1932
f 2045/3695/1930 2047/3699/1932 2007/3697/1893
f 2009/3700/1895 2006/3701/1892 2007/3697/1893
f 2009/3700/1895 2007/3697/1893 2012/3702/1898
f 2012/3702/1898 2007/3697/1893 2047/3699/1932
f 2047/3699/1932 2046/3696/1931 2048/3703/1933
f 2048/3703/1933 2046/3696/1931 2044/3693/1929
f 2012/3702/1898 2047/3699/1932 2049/3704/1934
f 2012/3702/1898 2049/3704/1934 2050/3705/1935
f 2050/3705/1935 2049/3704/1934 2051/3706/1936
f 2051/3706/1936 2049/3704/1934 2052/3707/1937
f 2049/3704/1934 2047/3699/1932 2053/3708/1938
f 2053/3708/1938 2047/3699/1932 2048/3703/1933
f 2049/3704/1934 2053/3708/1938 2054/3709/1939
f 2054/3709/1939 2053/3708/1938 2055/3710/1940
f 2053/3708/1938 2048/3703/1933 2056/3711/1941
f 2053/3708/1938 2056/3711/1941 2057/3712/1942
f 2058/3713/1943 2048/3703/1933 2044/3693/1929
f 2058/3713/1943 2044/3693/1929 2059/3714/1944
f 2059/3714/1944 2044/3693/1929 2060/3715/1945
f 2060/3715/1945 2044/3693/1929 1724/3694/1624
f 2058/3713/1943 2059/3714/1944 2061/3716/1946
f 2061/3716/1946 2059/3714/1944 2060/3715/1945
f 2058/3713/1943 2061/3716/1946 2062/3717/1947
f 2060/3715/1945 1724/3694/1624 1721/3718/1621
f 2062/3717/1947 2061/3716/1946 2063/3719/1948
f 2060/3715/1945 1721/3718/1621 1719/3720/1619
f 2063/3719/1948 2061/3716/1946 2064/3721/1949
f 2064/3721/1949 2061/3716/1946 2060/3715/1945
f 2064/3721/1949 2060/3715/1945 1719/3720/1619
f 2064/3721/1949 1719/3720/1619 1644/3722/1554
f 2064/3721/1949 1644/3722/1554 1646/3723/1556
f 1695/3724/1599 1569/3725/1488 1697/3726/1601
f 1697/3726/1601 1569/3725/1488 1580/3727/1499
f 1697/3726/1601 1580/3727/1499 1693/3728/1597
f 1697/3726/1601 1693/3728/1597 1694/3729/1598
f 1697/3726/1601 1694/3729/1598 1696/3730/1600
f 2065/3731/1950 2066/3732/1951 2064/3733/1949
f 2065/3731/1950 2064/3733/1949 1646/3734/1556
f 2064/3733/1949 2066/3732/1951 2063/3735/1948
f 2063/3735/1948 2066/3732/1951 2067/3736/1952
f 2063/3735/1948 2067/3736/1952 2068/3737/1953
f 2068/3737/1953 2067/3736/1952 2069/3738/1954
f 2069/3738/1954 2067/3736/1952 2070/3739/1955
f 2067/3736/1952 2066/3732/1951 2071/3740/1956
f 2071/3740/1956 2066/3732/1951 2072/3741/1957
f 2067/3736/1952 2071/3740/1956 2073/3742/1958
f 2067/3736/1952 2073/3742/1958 2070/3739/1955
f 2070/3739/1955 2073/3742/1958 2050/3743/1935
f 2050/3743/1935 2073/3742/1958 2074/3744/1959
f 2070/3739/1955 2050/3743/1935 2075/3745/1960
f 2076/3746/1961 2072/3747/1957 2066/3748/1951
f 2072/3747/1957 2076/3746/1961 2071/3749/1956
f 2076/3746/1961 2066/3748/1951 2065/3750/1950
f 2076/3746/1961 2065/3750/1950 2077/3751/1962
f 2077/3751/1962 2065/3750/1950 1647/3752/1557
f 1647/3752/1557 2065/3750/1950 1646/3753/1556
f 2077/3751/1962 1647/3752/1557 1852/3754/1744
f 2077/3755/1962 2078/3756/1963 2076/3757/1961
f 1852/3758/1744 1857/3759/1748 2077/3755/1962
f 2077/3755/1962 1857/3759/1748 2078/3756/1963
f 2076/3757/1961 2078/3756/1963 2079/3760/1964
f 2076/3757/1961 2079/3760/1964 2080/3761/1965
f 2076/3757/1961 2080/3761/1965 2071/3762/1956
f 2080/3761/1965 2079/3760/1964 2081/3763/1966
f 2081/3763/1966 2079/3760/1964 2078/3756/1963
f 2081/3763/1966 2078/3756/1963 2082/3764/1967
f 2082/3764/1967 2078/3756/1963 1857/3759/1748
f 2082/3764/1967 1857/3759/1748 2083/3765/1968
f 2082/3764/1967 2083/3765/1968 2084/3766/1969
f 2082/3764/1967 2084/3766/1969 2085/3767/1970
f 2082/3764/1967 2085/3767/1970 2086/3768/1971
f 1841/3769/1532 1982/3770/1868 1842/3771/1735
f 1982/3770/1868 1841/3769/1532 2087/3772/1972
f 2087/3772/1972 1841/3769/1532 2088/3773/1973
f 1982/3770/1868 2087/3772/1972 2089/3774/1974
f 1982/3770/1868 2089/3774/1974 1983/3775/1869
f 1983/3775/1869 2089/3774/1974 2027/3776/1913
f 2089/3774/1974 2087/3772/1972 2090/3777/1975
f 2090/3777/1975 2087/3772/1972 2091/3778/1976
f 2091/3778/1976 2087/3772/1972 2092/3779/1977
f 2092/3779/1977 2087/3772/1972 2088/3773/1973
f 2091/3778/1976 2092/3779/1977 2093/3780/1978
f 2092/3779/1977 2088/3773/1973 2094/3781/1979
f 2094/3781/1979 2088/3773/1973 2090/3782/1975
f 2094/3781/1979 2090/3782/1975 2091/3783/1976
f 2090/3784/1975 2095/3785/1980 2089/3786/1974
f 2095/3785/1980 2090/3784/1975 2088/3787/1973
f 2095/3785/1980 2088/3787/1973 2096/3788/1981
f 2089/3786/1974 2095/3785/1980 2094/3789/1979
f 2094/3789/1979 2095/3785/1980 2092/3790/1977
f 2092/3790/1977 2095/3785/1980 2097/3791/1982
f 2089/3786/1974 2094/3789/1979 2091/3792/1976
f 2092/3790/1977 2097/3791/1982 2098/3793/1983
f 2092/3790/1977 2098/3793/1983 2093/3794/1978
f 2093/3794/1978 2098/3793/1983 2026/3795/1912
f 2089/3786/1974 2091/3792/1976 2093/3796/1978
f 2089/3786/1974 2093/3796/1978 2099/3797/1984
f 2099/3797/1984 2093/3796/1978 2026/3798/1912
f 2099/3797/1984 2026/3798/1912 2089/3786/1974
f 2089/3786/1974 2026/3798/1912 2027/3799/1913
f 1841/3800/1532 2096/3801/1981 2088/3802/1973
f 2097/3803/1982 2095/3804/1980 2096/3801/1981
f 2097/3803/1982 2096/3801/1981 2100/3805/1985
f 2100/3805/1985 2096/3801/1981 2101/3806/1986
f 2101/3806/1986 2096/3801/1981 1841/3800/1532
f 2101/3806/1986 1841/3800/1532 2102/3807/1987
f 2101/3806/1986 2102/3807/1987 2103/3808/1988
f 2102/3807/1987 1841/3800/1532 2104/3809/1989
f 1841/3810/1532 2105/3811/1990 2104/3812/1989
f 2105/3811/1990 1841/3810/1532 2106/3813/1991
f 2106/3813/1991 1841/3810/1532 1685/3814/1588
f 2104/3812/1989 2105/3811/1990 2107/3815/1992
f 2107/3815/1992 2105/3811/1990 2108/3816/1993
f 2108/3816/1993 2105/3811/1990 2106/3813/1991
f 2108/3816/1993 2106/3813/1991 2107/3815/1992
f 2104/3812/1989 2107/3815/1992 2109/3817/1994
f 2109/3817/1994 2107/3815/1992 2106/3813/1991
f 2106/3813/1991 1685/3814/1588 2110/3818/1995
f 2106/3813/1991 2110/3818/1995 2109/3817/1994
f 2110/3818/1995 1685/3814/1588 2111/3819/1996
f 2104/3812/1989 2109/3817/1994 2103/3820/1988
f 2104/3812/1989 2103/3820/1988 2112/3821/1997
f 2112/3821/1997 2103/3820/1988 2102/3822/1987
f 2103/3820/1988 2109/3817/1994 2113/3823/1998
f 2113/3823/1998 2109/3817/1994 2114/3824/1999
f 2109/3817/1994 2110/3818/1995 2115/3825/2000
f 2110/3818/1995 2111/3819/1996 2116/3826/2001
f 2110/3818/1995 2116/3826/2001 2115/3825/2000
f 2116/3826/2001 2111/3819/1996 2117/3827/2002
f 2116/3826/2001 2117/3827/2002 2115/3825/2000
f 2115/3825/2000 2117/3827/2002 2118/3828/2003
f 1685/3829/1588 1684/3830/1589 2111/3831/1996
f 2111/3831/1996 1684/3830/1589 2119/3832/2004
f 2117/3833/2002 2111/3831/1996 2120/3834/2005
f 2120/3834/2005 2111/3831/1996 2121/3835/2006
f 2121/3835/2006 2111/3831/1996 2119/3832/2004
f 2120/3834/2005 2121/3835/2006 2122/3836/2007
f 2121/3835/2006 2119/3832/2004 2123/3837/2008
f 2121/3835/2006 2123/3837/2008 2122/3836/2007
f 2123/3837/2008 2119/3832/2004 2124/3838/2009
f 2122/3836/2007 2123/3837/2008 2125/3839/2010
f 2122/3836/2007 2125/3839/2010 2126/3840/2011
f 1684/3841/1589 2127/3842/2012 2119/3843/2004
f 2119/3843/2004 2127/3842/2012 2124/3844/2009
f 2127/3842/2012 1684/3841/1589 1956/3845/1843
f 1956/3845/1843 1684/3841/1589 1686/3846/1590
f 1956/3845/1843 1686/3846/1590 1953/3847/1840
f 1953/3847/1840 1686/3846/1590 1804/3848/1590
f 1804/3848/1590 1686/3846/1590 1805/3849/1590
f 2127/3842/2012 1956/3845/1843 2128/3850/2013
f 2128/3850/2013 1956/3845/1843 2129/3851/2014
f 2129/3851/2014 1956/3845/1843 1957/3852/1844
f 2128/3850/2013 2129/3851/2014 2130/3853/2015
f 2130/3853/2015 2129/3851/2014 1957/3852/1844
f 2128/3850/2013 2130/3853/2015 2127/3842/2012
f 2130/3853/2015 1957/3852/1844 1958/3854/1845
f 2127/3842/2012 2130/3853/2015 2131/3855/2016
f 2127/3842/2012 2131/3855/2016 2132/3856/2017
f 2127/3842/2012 2132/3856/2017 2124/3844/2009
f 2131/3855/2016 2130/3853/2015 2133/3857/2018
f 2124/3844/2009 2132/3856/2017 2125/3858/2010
f 2124/3844/2009 2125/3858/2010 2123/3859/2008
f 2132/3856/2017 2131/3855/2016 2134/3860/2019
f 2134/3860/2019 2131/3855/2016 2133/3857/2018
f 2132/3856/2017 2134/3860/2019 2125/3858/2010
f 2133/3857/2018 2130/3853/2015 2135/3861/2020
f 2135/3861/2020 2130/3853/2015 1958/3854/1845
f 2126/3862/2011 2125/3858/2010 2136/3863/2021
f 2136/3863/2021 2125/3858/2010 2137/3864/2022
f 2137/3864/2022 2125/3858/2010 2138/3865/2023
f 2138/3865/2023 2125/3858/2010 2134/3860/2019
f 2137/3864/2022 2138/3865/2023 2139/3866/2024
f 2139/3866/2024 2138/3865/2023 1834/3867/1728
f 2138/3865/2023 2134/3860/2019 2140/3868/2025
f 2141/3869/2026 2134/3860/2019 2133/3857/2018
f 2141/3869/2026 2133/3857/2018 2135/3861/2020
f 2134/3860/2019 2141/3869/2026 1970/3870/1857
f 1970/3870/1857 2141/3869/2026 1969/3871/1856
f 2141/3869/2026 2135/3861/2020 2142/3872/2027
f 2141/3869/2026 2142/3872/2027 1969/3871/1856
f 2142/3872/2027 2135/3861/2020 1958/3854/1845
f 2142/3872/2027 1958/3854/1845 1961/3873/1848
f 1969/3871/1856 2142/3872/2027 2143/3874/2028
f 1969/3871/1856 2143/3874/2028 2144/3875/2029
f 1686/3876/1590 1918/3877/1590 1805/3878/1590
f 1918/3877/1590 1686/3876/1590 1683/3879/1588
f 1918/3877/1590 1683/3879/1588 2145/3880/1588
f 1918/3877/1590 2145/3880/1588 1808/3881/1590
f 2145/3880/1588 1683/3879/1588 1615/3882/1529
f 1808/3881/1590 2145/3880/1588 1619/3883/1532
f 2145/3880/1588 1615/3882/1529 1616/3884/1530
f 2145/3880/1588 1616/3884/1530 1619/3883/1532
f 1750/3885/1650 1810/3886/1706 1751/3887/1651
f 1810/3886/1706 1750/3885/1650 2146/3888/2030
f 1810/3886/1706 2146/3888/2030 1813/3889/1708
f 2146/3888/2030 1750/3885/1650 2147/3890/943
f 1813/3889/1708 2146/3888/2030 2148/3891/2031
f 2148/3891/2031 2146/3888/2030 2147/3890/943
f 1813/3889/1708 2148/3891/2031 1814/3892/1643
f 1814/3892/1643 2148/3891/2031 2000/3893/1886
f 2000/3893/1886 2148/3891/2031 1999/3894/1885
f 1999/3894/1885 2148/3891/2031 2147/3890/943
f 1999/3894/1885 2147/3890/943 1584/3895/1503
f 1743/3896/1643 1747/3897/1647 1999/3894/1885
f 1743/3896/1643 1999/3894/1885 1744/3898/1644
f 1744/3898/1644 1999/3894/1885 1584/3895/1503
f 1744/3898/1644 1584/3895/1503 1583/3899/1502
f 1744/3898/1644 1583/3899/1502 2149/3900/2032
f 1744/3898/1644 2149/3900/2032 2150/3901/2033
f 1744/3898/1644 2150/3901/2033 1764/3902/1663
f 1764/3902/1663 2150/3901/2033 2149/3900/2032
f 1764/3902/1663 2149/3900/2032 1583/3899/1502
f 1764/3902/1663 1583/3899/1502 1572/3903/1491
f 1764/3902/1663 1572/3903/1491 1760/3904/1660
f 2100/3905/1985 2151/3906/2034 2097/3907/1982
f 2097/3907/1982 2151/3906/2034 2152/3908/2035
f 2097/3907/1982 2152/3908/2035 1888/3909/1779
f 1888/3909/1779 2152/3908/2035 1887/3910/1778
f 2097/3907/1982 1888/3909/1779 1895/3911/1786
f 2153/3912/2036 2100/3913/1985 2101/3914/1986
f 2100/3913/1985 2153/3912/2036 2113/3915/1998
f 2113/3915/1998 2153/3912/2036 2103/3916/1988
f 2153/3912/2036 2101/3914/1986 2152/3917/2035
f 2153/3912/2036 2152/3917/2035 2151/3918/2034
f 2152/3917/2035 2101/3914/1986 2154/3919/2037
f 2154/3919/2037 2101/3914/1986 2103/3920/1988
f 2154/3919/2037 2103/3920/1988 2153/3921/2036
f 2100/3922/1985 2113/3923/1998 2151/3924/2034
f 2151/3924/2034 2113/3923/1998 2154/3925/2037
f 2151/3924/2034 2154/3925/2037 2153/3926/2036
f 2154/3925/2037 2113/3923/1998 2152/3927/2035
f 2152/3927/2035 2113/3923/1998 1887/3928/1778
f 1808/3929/1590 1812/3930/1590 1918/3931/1590
f 1918/3931/1590 1812/3930/1590 1917/3932/1590
f 1917/3932/1590 1812/3930/1590 1814/3933/1643
f 2155/3934/2038 2156/3935/2039 2041/3936/1926
f 2041/3936/1926 2156/3935/2039 2043/3937/1928
f 2155/3934/2038 2041/3936/1926 1511/3938/1438
f 2043/3937/1928 2156/3935/2039 2157/3939/2040
f 2157/3939/2040 2156/3935/2039 2155/3934/2038
f 2043/3937/1928 2157/3939/2040 1724/3940/1624
f 1724/3940/1624 2157/3939/2040 1723/3941/1623
f 1723/3941/1623 2157/3939/2040 2155/3934/2038
f 2155/3934/2038 1511/3938/1438 1512/3942/1439
f 1723/3941/1623 2155/3934/2038 2158/3943/2041
f 2158/3943/2041 2155/3934/2038 1512/3942/1439
f 1723/3941/1623 2158/3943/2041 1726/3944/1626
f 2158/3943/2041 1512/3942/1439 2159/3945/2042
f 2159/3945/2042 1512/3942/1439 1513/3946/1440
f 1726/3944/1626 2158/3943/2041 2160/3947/2043
f 2160/3947/2043 2158/3943/2041 2161/3948/2044
f 2161/3948/2044 2158/3943/2041 2159/3945/2042
f 2161/3948/2044 2159/3945/2042 2160/3947/2043
f 1726/3944/1626 2160/3947/2043 2162/3949/2045
f 2162/3949/2045 2160/3947/2043 2159/3945/2042
f 1726/3944/1626 2162/3949/2045 2163/3950/2046
f 2163/3950/2046 2162/3949/2045 2159/3945/2042
f 1726/3944/1626 2163/3950/2046 1728/3951/1628
f 1728/3951/1628 2163/3950/2046 2159/3945/2042
f 1728/3951/1628 2159/3945/2042 1513/3946/1440
f 1728/3951/1628 1513/3946/1440 1709/3952/1612
f 1728/3951/1628 1709/3952/1612 1735/3953/1635
f 1857/3954/1748 1860/3955/1751 2083/3956/1968
f 2083/3956/1968 1860/3955/1751 2164/3957/2047
f 2164/3957/2047 1860/3955/1751 2165/3958/2048
f 2164/3957/2047 2165/3958/2048 2166/3959/2049
f 2164/3957/2047 2166/3959/2049 2167/3960/2050
f 2164/3957/2047 2167/3960/2050 2084/3961/1969
f 2164/3957/2047 2084/3961/1969 2168/3962/2051
f 2084/3963/1969 2083/3956/1968 2168/3964/2051
f 2168/3964/2051 2083/3956/1968 2169/3965/2052
f 2169/3965/2052 2083/3956/1968 2164/3957/2047
f 2168/3964/2051 2169/3965/2052 2170/3966/2053
f 2170/3966/2053 2169/3965/2052 2171/3967/2054
f 2169/3965/2052 2164/3957/2047 2172/3968/2055
f 2169/3965/2052 2172/3968/2055 2171/3967/2054
f 2172/3968/2055 2164/3957/2047 2168/3962/2051
f 2171/3967/2054 2172/3968/2055 2173/3969/2056
f 2172/3968/2055 2168/3962/2051 2170/3970/2053
f 2172/3968/2055 2170/3970/2053 2173/3969/2056
f 2174/3971/2057 2175/3972/2058 1860/3973/1751
f 1860/3973/1751 2175/3972/2058 2165/3974/2048
f 2174/3971/2057 1860/3973/1751 1862/3975/1753
f 2174/3971/2057 1862/3975/1753 2175/3972/2058
f 2175/3972/2058 1862/3975/1753 2176/3976/2059
f 2175/3972/2058 2176/3976/2059 2177/3977/2060
f 2177/3977/2060 2176/3976/2059 2178/3978/2061
f 2178/3978/2061 2176/3976/2059 2179/3979/2062
f 2177/3977/2060 2178/3978/2061 2166/3980/2049
f 1863/3981/1754 1861/3982/1752 2180/3983/2063
f 2180/3983/2063 1861/3982/1752 2181/3984/2064
f 2180/3983/2063 2181/3984/2064 2040/3985/1925
f 2181/3984/2064 1861/3982/1752 2182/3986/2065
f 2181/3984/2064 2182/3986/2065 2183/3987/2066
f 2183/3987/2066 2182/3986/2065 2184/3988/2067
f 2183/3987/2066 2184/3988/2067 2181/3984/2064
f 1861/3989/1752 1986/3990/1872 2182/3991/2065
f 2182/3991/2065 1986/3990/1872 2185/3992/2068
f 2182/3991/2065 2185/3992/2068 2186/3993/2069
f 2182/3991/2065 2186/3993/2069 2187/3994/2070
f 2182/3991/2065 2187/3994/2070 2188/3995/2071
f 2182/3991/2065 2188/3995/2071 2184/3996/2067
f 2188/3995/2071 2187/3994/2070 1988/3997/1874
f 2184/3996/2067 2188/3995/2071 2181/3998/2064
f 2188/3995/2071 1988/3997/1874 2040/3999/1925
f 2188/3995/2071 2040/3999/1925 2181/3998/2064
f 2189/4000/2072 2190/4001/2073 2191/4002/2074
f 2189/4000/2072 2191/4002/2074 2192/4003/2075
f 2191/4002/2074 2190/4001/2073 2193/4004/2076
f 2191/4002/2074 2193/4004/2076 2192/4003/2075
f 2192/4003/2075 2193/4004/2076 1986/4005/1872
f 1986/4005/1872 2193/4004/2076 2187/4006/2070
f 2036/4007/1921 1987/4008/1873 2194/4009/2077
f 1987/4008/1873 2036/4007/1921 1988/4010/1874
f 2036/4007/1921 2194/4009/2077 1985/4011/1871
f 1985/4011/1871 2194/4009/2077 1987/4008/1873
f 2195/4012/2078 1985/4013/1871 1984/4014/1870
f 1985/4013/1871 2195/4012/2078 2196/4015/2079
f 1985/4013/1871 2196/4015/2079 2197/4016/2080
f 1985/4013/1871 2197/4016/2080 2036/4017/1921
f 2036/4017/1921 2197/4016/2080 2031/4018/1812
f 2198/4019/2081 2195/4020/2078 1984/4021/1870
f 2195/4020/2078 2198/4019/2081 2196/4022/2079
f 2196/4022/2079 2198/4019/2081 1984/4021/1870
f 1983/4023/1869 2027/4024/1913 2199/4025/2082
f 2199/4025/2082 2027/4024/1913 2200/4026/2083
f 2199/4025/2082 2200/4026/2083 1983/4023/1869
f 1983/4023/1869 2200/4026/2083 2201/4027/2084
f 1983/4023/1869 2201/4027/2084 1984/4028/1870
f 1895/4029/1786 1893/4030/1784 2022/4031/1908
f 2022/4031/1908 1893/4030/1784 1892/4032/1783
f 1895/4029/1786 2022/4031/1908 2098/4033/1983
f 2098/4033/1983 2022/4031/1908 2026/4034/1912
f 1895/4029/1786 2098/4033/1983 2097/4035/1982
f 2062/4036/1947 2063/4037/1948 2202/4038/2085
f 2202/4038/2085 2063/4037/1948 2203/4039/2086
f 2203/4039/2086 2063/4037/1948 2068/4040/1953
f 2203/4039/2086 2068/4040/1953 2204/4041/2087
f 2204/4041/2087 2068/4040/1953 2069/4042/1954
f 2203/4039/2086 2204/4041/2087 2205/4043/2088
f 2205/4043/2088 2204/4041/2087 2206/4044/2089
f 2206/4044/2089 2204/4041/2087 2207/4045/2090
f 2207/4045/2090 2204/4041/2087 2208/4046/2091
f 2204/4041/2087 2069/4042/1954 2209/4047/2092
f 2204/4041/2087 2209/4047/2092 2208/4046/2091
f 2055/4048/1940 2209/4047/2092 2054/4049/1939
f 2209/4047/2092 2055/4048/1940 2053/4050/1938
f 2208/4046/2091 2209/4047/2092 2210/4051/2093
f 2210/4051/2093 2209/4047/2092 2053/4050/1938
f 2208/4046/2091 2210/4051/2093 2211/4052/2094
f 2210/4051/2093 2053/4050/1938 2057/4053/1942
f 2211/4052/2094 2210/4051/2093 2058/4054/1943
f 2210/4051/2093 2057/4053/1942 2056/4055/1941
f 2058/4054/1943 2210/4051/2093 2048/4056/1933
f 2048/4056/1933 2210/4051/2093 2056/4055/1941
f 2207/4057/2090 2202/4058/2085 2212/4059/2095
f 2212/4059/2095 2202/4058/2085 2206/4060/2089
f 2206/4060/2089 2202/4058/2085 2203/4061/2086
f 2206/4060/2089 2203/4061/2086 2205/4062/2088
f 2202/4058/2085 2207/4057/2090 2062/4063/1947
f 2062/4063/1947 2207/4057/2090 2211/4064/2094
f 2062/4063/1947 2211/4064/2094 2058/4065/1943
f 2211/4064/2094 2207/4057/2090 2213/4066/2096
f 2213/4066/2096 2207/4057/2090 2208/4067/2091
f 2214/4068/2097 2212/4069/2095 2206/4070/2089
f 2212/4069/2095 2214/4068/2097 2215/4071/2098
f 2214/4068/2097 2206/4070/2089 2207/4072/2090
f 2171/4073/2054 2084/4074/1969 2170/4075/2053
f 2170/4075/2053 2084/4074/1969 2173/4076/2056
f 2084/4074/1969 2171/4073/2054 2085/4077/1970
f 2085/4077/1970 2171/4073/2054 2173/4078/2056
f 2085/4077/1970 2173/4078/2056 2167/4079/2050
f 2167/4079/2050 2173/4078/2056 2084/4080/1969
f 2085/4077/1970 2167/4079/2050 2216/4081/2099
f 2085/4077/1970 2216/4081/2099 2086/4082/1971
f 2086/4082/1971 2216/4081/2099 2217/4083/2100
f 2216/4081/2099 2167/4079/2050 1944/4084/1831
f 1944/4084/1831 2167/4079/2050 2166/4085/2049
f 2216/4081/2099 1944/4084/1831 1947/4086/1834
f 2218/4087/2101 1863/4088/1754 2180/4089/2063
f 1863/4088/1754 2218/4087/2101 2219/4090/2102
f 2219/4090/2102 2218/4087/2101 2180/4089/2063
f 2220/4091/2103 2185/4092/2068 2187/4093/2070
f 2187/4093/2070 2185/4092/2068 1986/4094/1872
f 2220/4091/2103 2187/4093/2070 2186/4095/2069
f 2220/4091/2103 2186/4095/2069 2185/4092/2068
f 2102/4096/1987 2113/4097/1998 2112/4098/1997
f 2113/4097/1998 2102/4096/1987 1887/4099/1778
f 1887/4099/1778 2102/4096/1987 2104/4100/1989
f 1887/4099/1778 2104/4100/1989 2112/4101/1997
f 1887/4099/1778 2112/4101/1997 2114/4102/1999
f 2114/4102/1999 2112/4101/1997 2113/4103/1998
f 1887/4099/1778 2114/4102/1999 2118/4104/2003
f 1887/4099/1778 2118/4104/2003 1886/4105/1777
f 1886/4105/1777 2118/4104/2003 2221/4106/2104
f 2118/4104/2003 2114/4102/1999 2222/4107/2105
f 2222/4107/2105 2114/4102/1999 2109/4108/1994
f 2222/4107/2105 2109/4108/1994 2115/4109/2000
f 2222/4107/2105 2115/4109/2000 2118/4104/2003
f 2221/4106/2104 2118/4104/2003 2223/4110/2106
f 2221/4106/2104 2223/4110/2106 2224/4111/2107
f 2224/4111/2107 2223/4110/2106 2225/4112/2108
f 2225/4112/2108 2223/4110/2106 2226/4113/2109
f 2226/4113/2109 2223/4110/2106 2118/4104/2003
f 2226/4113/2109 2118/4104/2003 2117/4114/2002
f 1749/4115/1649 2227/4116/2110 1750/4117/1650
f 1750/4117/1650 2227/4116/2110 2147/4118/943
f 2227/4116/2110 1749/4115/1649 2228/4119/2111
f 2228/4119/2111 1749/4115/1649 1692/4120/1596
f 2228/4119/2111 1692/4120/1596 1693/4121/1597
f 2228/4119/2111 1693/4121/1597 2227/4116/2110
f 2147/4118/943 2227/4116/2110 1584/4122/1503
f 2227/4116/2110 1693/4121/1597 2229/4123/2112
f 2229/4123/2112 1693/4121/1597 1580/4124/1499
f 1584/4122/1503 2227/4116/2110 2230/4125/2113
f 2230/4125/2113 2227/4116/2110 2229/4123/2112
f 2229/4123/2112 1580/4124/1499 2231/4126/2114
f 2231/4126/2114 1580/4124/1499 1582/4127/1501
f 2230/4125/2113 2229/4123/2112 2232/4128/2115
f 2232/4128/2115 2229/4123/2112 2231/4126/2114
f 1584/4122/1503 2230/4125/2113 2233/4129/2116
f 2233/4129/2116 2230/4125/2113 2232/4128/2115
f 2234/4130/2117 1582/4127/1501 1584/4122/1503
f 2234/4130/2117 1584/4122/1503 2233/4129/2116
f 2231/4126/2114 1582/4127/1501 2235/4131/2118
f 2231/4126/2114 2235/4131/2118 2232/4128/2115
f 2235/4131/2118 1582/4127/1501 2234/4130/2117
f 2232/4128/2115 2235/4131/2118 2233/4129/2116
f 2233/4129/2116 2235/4131/2118 2234/4130/2117
f 2215/4132/2098 2207/4133/2090 2212/4134/2095
f 2236/4135/2119 2082/4136/1967 2237/4137/2120
f 2237/4137/2120 2082/4136/1967 2086/4138/1971
f 2237/4137/2120 2086/4138/1971 2236/4135/2119
f 1984/4139/1870 2197/4140/2080 2196/4141/2079
f 2197/4140/2080 1984/4139/1870 2031/4142/1812
f 2031/4142/1812 1984/4139/1870 2201/4143/2084
f 2031/4142/1812 2201/4143/2084 2027/4144/1913
f 2027/4144/1913 2201/4143/2084 2200/4145/2083
f 1764/4146/1663 1742/4147/1642 1744/4148/1644
f 2214/4149/2097 2207/4150/2090 2215/4151/2098
f 2166/4152/2049 2165/4153/2048 2238/4154/2121
f 2238/4154/2121 2165/4153/2048 2239/4155/2122
f 2238/4154/2121 2239/4155/2122 2166/4152/2049
f 2040/4156/1925 1940/4157/1827 1942/4158/1829
f 2166/4159/2049 1942/4158/1829 1944/4160/1831
f 1942/4158/1829 2166/4159/2049 2178/4161/2061
f 1942/4158/1829 2178/4161/2061 2040/4156/1925
f 2040/4156/1925 2178/4161/2061 1862/4162/1753
f 1862/4162/1753 2178/4161/2061 2179/4163/2062
f 1862/4162/1753 2179/4163/2062 2176/4164/2059
f 2040/4156/1925 1862/4162/1753 1863/4165/1754
f 2040/4156/1925 1863/4165/1754 2219/4166/2102
f 2040/4156/1925 2219/4166/2102 2180/4167/2063
f 2082/4168/1967 2217/4169/2100 2081/4170/1966
f 2081/4170/1966 2217/4169/2100 2080/4171/1965
f 2175/4172/2058 2177/4173/2060 2165/4174/2048
f 2165/4174/2048 2177/4173/2060 2239/4175/2122
f 2239/4175/2122 2177/4173/2060 2166/4176/2049
f 2193/4177/2076 1988/4178/1874 2187/4179/2070
f 1988/4178/1874 2193/4177/2076 2190/4180/2073
f 1988/4178/1874 2190/4180/2073 2189/4181/2072
f 1988/4178/1874 2189/4181/2072 2192/4182/2075
f 1988/4178/1874 2192/4182/2075 1986/4183/1872
f 2240/4184/2123 2213/4185/2096 2208/4186/2091
f 2213/4185/2096 2240/4184/2123 2211/4187/2094
f 2211/4187/2094 2240/4184/2123 2208/4186/2091
f 2217/4188/2100 2236/4189/2119 2086/4190/1971
f 2236/4189/2119 2217/4188/2100 2082/4191/1967
f 2241/4192/2124 2242/4193/2125 2243/4194/2126
f 2242/4193/2125 2241/4192/2124 2244/4195/2127
f 2073/4196/1958 2071/4197/1956 2245/4198/2128
f 2245/4198/2128 2071/4197/1956 2080/4199/1965
f 2073/4196/1958 2245/4198/2128 2246/4200/2128
f 2246/4200/2128 2245/4198/2128 2080/4199/1965
f 2073/4196/1958 2246/4200/2128 2074/4201/1959
f 2246/4200/2128 2080/4199/1965 2217/4202/2100
f 2246/4200/2128 2217/4202/2100 2247/4203/2129
f 2247/4203/2129 2217/4202/2100 2216/4204/2099
f 2246/4200/2128 2247/4203/2129 2017/4205/1903
f 2247/4203/2129 2216/4204/2099 2248/4206/2130
f 2248/4206/2130 2216/4204/2099 2015/4207/1901
f 2248/4206/2130 2015/4207/1901 2249/4208/2131
f 2246/4200/2128 2017/4205/1903 2014/4209/1900
f 2250/4210/2132 2074/4201/1959 2246/4200/2128
f 2250/4210/2132 2246/4200/2128 2014/4209/1900
f 2074/4201/1959 2250/4210/2132 2251/4211/2133
f 2250/4210/2132 2014/4209/1900 2252/4212/2134
f 2250/4210/2132 2252/4212/2134 2251/4211/2133
f 2242/4213/2135 2122/4214/2007 2126/4215/2011
f 2242/4213/2135 2126/4215/2011 2253/4216/2136
f 2253/4216/2136 2126/4215/2011 1824/4217/1718
f 2253/4216/2136 1824/4217/1718 1990/4218/1876
f 2253/4216/2136 1990/4218/1876 2242/4213/2135
f 2242/4213/2135 1990/4218/1876 2254/4219/2137
f 2254/4219/2137 1990/4218/1876 2255/4220/2138
f 2254/4219/2137 2255/4220/2138 2256/4221/2139
f 2256/4221/2139 2255/4220/2138 2257/4222/2140
f 2257/4222/2140 2255/4220/2138 1990/4218/1876
f 2257/4222/2140 1990/4218/1876 2258/4223/2141
f 2257/4222/2140 2258/4223/2141 2225/4224/2108
f 2258/4223/2141 1990/4218/1876 2259/4225/2142
f 2259/4225/2142 1990/4218/1876 1991/4226/1877
f 2258/4223/2141 2259/4225/2142 2260/4227/2143
f 2259/4225/2142 1991/4226/1877 2225/4228/2108
f 2259/4225/2142 2225/4228/2108 2260/4227/2143
f 2260/4227/2143 2225/4228/2108 2261/4229/2144
f 2261/4229/2144 2225/4228/2108 2258/4230/2141
f 2243/4231/2126 2244/4232/2127 2241/4233/2124
f 2244/4232/2127 2243/4231/2126 2242/4234/2125
f 2249/4235/2131 2247/4236/2129 2248/4237/2130
f 2247/4236/2129 2249/4235/2131 2015/4238/1901
f 2247/4236/2129 2015/4238/1901 2017/4239/1903
f 2017/4239/1903 2015/4238/1901 2018/4240/1904
f 2226/4241/2109 2117/4242/2002 2120/4243/2005
f 2226/4241/2109 2120/4243/2005 2225/4244/2108
f 2225/4244/2108 2120/4243/2005 2257/4245/2140
f 2257/4245/2140 2120/4243/2005 2122/4246/2007
f 2257/4245/2140 2122/4246/2007 2242/4247/2135
f 2242/4248/2145 2253/4249/2145 2244/4250/2145
f 2216/4251/2099 1947/4252/1834 2015/4253/1901
f 2262/4254/2146 1886/4255/1777 2221/4256/2104
f 2224/4257/2107 2263/4258/2147 2221/4256/2104
f 2221/4256/2104 2263/4258/2147 2264/4259/2148
f 2221/4256/2104 2264/4259/2148 2262/4254/2146
f 2262/4254/2146 2264/4259/2148 2265/4260/2149
f 2265/4260/2149 2264/4259/2148 2266/4261/2150
f 2266/4261/2150 2264/4259/2148 2267/4262/2151
f 2267/4262/2151 2264/4259/2148 2268/4263/2152
f 2269/4264/2153 2126/4265/2011 2136/4266/2021
f 2269/4264/2153 2136/4266/2021 2270/4267/2154
f 1883/4268/1774 1886/4269/1777 2262/4270/2146
f 1883/4268/1774 2262/4270/2146 2271/4271/2155
f 2271/4271/2155 2262/4270/2146 2272/4272/2156
f 2271/4271/2155 2272/4272/2156 2273/4273/2157
f 2272/4272/2156 2262/4270/2146 2274/4274/2158
f 2274/4274/2158 2262/4270/2146 2273/4273/2157
f 2274/4274/2158 2273/4273/2157 2272/4272/2156
f 2275/4275/2159 2263/4276/2147 2276/4277/2160
f 2275/4275/2159 2276/4277/2160 2277/4278/2161
f 2277/4278/2161 2276/4277/2160 2263/4276/2147
f 2277/4278/2161 2263/4276/2147 2278/4279/2162
f 2257/4280/2140 2254/4281/2137 2256/4282/2139
f 2254/4281/2137 2257/4280/2140 2242/4283/2135
f 2269/4284/2153 2270/4285/2154 2126/4286/2011
f 2126/4286/2011 2270/4285/2154 1824/4287/1718
f 1824/4287/1718 2270/4285/2154 2136/4288/2021
f 2136/4289/2021 1825/4290/1719 1824/4291/1718
f 1825/4290/1719 2136/4289/2021 2137/4292/2022
f 1825/4290/1719 2137/4292/2022 2279/4293/2163
f 1825/4290/1719 2279/4293/2163 2139/4294/2024
f 1825/4290/1719 2139/4294/2024 1834/4295/1728
f 2279/4296/2163 2137/4297/2022 2280/4298/2164
f 2280/4298/2164 2137/4297/2022 2139/4299/2024
f 2280/4298/2164 2139/4299/2024 2279/4296/2163
f 2262/4300/2146 2265/4301/2149 2273/4302/2157
f 2273/4302/2157 2265/4301/2149 2271/4303/2155
f 2271/4303/2155 2265/4301/2149 2281/4304/2165
f 2281/4304/2165 2265/4301/2149 2282/4305/2166
f 2282/4305/2166 2265/4301/2149 2266/4306/2150
f 2282/4305/2166 2266/4306/2150 1876/4307/1767
f 2282/4305/2166 1876/4307/1767 1878/4308/1769
f 2278/4309/2162 2264/4310/2148 2275/4311/2159
f 2275/4311/2159 2264/4310/2148 2263/4312/2147
f 2278/4309/2162 2275/4311/2159 2277/4313/2161
f 2283/4314/2167 2142/4315/2027 2284/4316/2168
f 2142/4315/2027 2283/4314/2167 2144/4317/2029
f 2142/4315/2027 2144/4317/2029 2143/4318/2028
f 2284/4319/2168 2142/4320/2027 1961/4321/1848
f 2284/4319/2168 1961/4321/1848 1963/4322/1850
f 2284/4319/2168 1963/4322/1850 2285/4323/2169
f 2285/4323/2169 1963/4322/1850 1969/4324/1856
f 2285/4323/2169 1969/4324/1856 2284/4319/2168
f 2284/4319/2168 1969/4324/1856 2144/4325/2029
f 2284/4319/2168 2144/4325/2029 2283/4326/2167
f 2012/4327/1898 2074/4328/1959 2013/4329/1899
f 2013/4329/1899 2074/4328/1959 2011/4330/1897
f 2074/4328/1959 2012/4327/1898 2050/4331/1935
f 2252/4332/2134 2286/4333/2170 2251/4334/2133
f 2286/4333/2170 2252/4332/2134 2014/4335/1900
f 2286/4333/2170 2014/4335/1900 2251/4334/2133
f 2251/4334/2133 2014/4335/1900 2011/4336/1897
f 2251/4334/2133 2011/4336/1897 2074/4337/1959
f 2267/4338/2151 2268/4339/2152 2266/4340/2150
f 2266/4340/2150 2268/4339/2152 2278/4341/2162
f 2278/4341/2162 2268/4339/2152 2264/4342/2148
f 2266/4340/2150 2278/4341/2162 1876/4343/1767
f 1876/4343/1767 2278/4341/2162 2287/4344/2171
f 1876/4343/1767 2287/4344/2171 2288/4345/2172
f 2288/4345/2172 2287/4344/2171 2278/4341/2162
f 2288/4345/2172 2278/4341/2162 2224/4346/2107
f 2288/4345/2172 2224/4346/2107 2289/4347/2173
f 2224/4346/2107 2278/4341/2162 2263/4348/2147
f 2290/4349/2174 2291/4350/2175 2261/4351/2144
f 2261/4351/2144 2291/4350/2175 2260/4352/2143
f 2290/4349/2174 2261/4351/2144 2258/4353/2141
f 2052/4354/1937 2069/4355/1954 2051/4356/1936
f 2051/4356/1936 2069/4355/1954 2070/4357/1955
f 2069/4355/1954 2052/4354/1937 2049/4358/1934
f 2069/4355/1954 2049/4358/1934 2209/4359/2092
f 2209/4359/2092 2049/4358/1934 2054/4360/1939
f 2075/4361/1960 2051/4362/1936 2070/4363/1955
f 2051/4362/1936 2075/4361/1960 2050/4364/1935
f 2292/4365/2176 2293/4366/2177 2294/4367/2178
f 2292/4365/2176 2294/4367/2178 2282/4368/2166
f 2292/4365/2176 2282/4368/2166 2293/4366/2177
f 2293/4366/2177 2282/4368/2166 1878/4369/1769
f 2293/4370/2177 2281/4371/2165 2294/4372/2178
f 2294/4372/2178 2281/4371/2165 2282/4373/2166
f 2281/4371/2165 2293/4370/2177 1878/4374/1769
f 2281/4371/2165 1878/4374/1769 1879/4375/1770
f 2281/4371/2165 1879/4375/1770 1883/4376/1774
f 2281/4371/2165 1883/4376/1774 2271/4377/2155
f 2290/4378/2174 2258/4379/2141 2291/4380/2175
f 2291/4380/2175 2258/4379/2141 2260/4381/2143
f 2295/4382/2179 2138/4383/2023 2296/4384/2180
f 2296/4384/2180 2138/4383/2023 2140/4385/2025
f 2296/4384/2180 2140/4385/2025 2295/4382/2179
f 2295/4386/2179 1834/4387/1728 2138/4388/2023
f 1834/4387/1728 2295/4386/2179 2140/4389/2025
f 1834/4387/1728 2140/4389/2025 1833/4390/1727
f 1833/4390/1727 2140/4389/2025 1972/4391/1859
f 2297/4392/2181 2289/4393/2173 2298/4394/2182
f 2298/4394/2182 2289/4393/2173 2224/4395/2107
f 2298/4394/2182 2224/4395/2107 1991/4396/1877
f 1991/4396/1877 2224/4395/2107 2225/4397/2108
f 2140/4398/2025 2134/4399/2019 2299/4400/2183
f 2140/4398/2025 2299/4400/2183 2300/4401/2184
f 2300/4401/2184 2299/4400/2183 2134/4399/2019
f 2140/4398/2025 2300/4401/2184 1972/4402/1859
f 1972/4402/1859 2300/4401/2184 2134/4399/2019
f 1972/4402/1859 2134/4399/2019 1970/4403/1857
f 2289/4404/2173 1991/4405/1877 2288/4406/2172
f 2288/4406/2172 1991/4405/1877 1876/4407/1767
f 1991/4405/1877 2289/4404/2173 2301/4408/2185
f 1991/4405/1877 2301/4408/2185 2298/4409/2182
f 2301/4408/2185 2289/4404/2173 2297/4410/2181
f 2301/4408/2185 2297/4410/2181 2298/4409/2182
f 1968/4411/1855 1970/4412/1857 1969/4413/1856
f 1970/4412/1857 1968/4411/1855 2302/4414/2014
f 1970/4412/1857 2302/4414/2014 1966/4415/1853
f 1966/4415/1853 2302/4414/2014 1968/4411/1855
f 1972/4416/1859 1967/4417/1854 1833/4418/1727
f 1967/4417/1854 1972/4416/1859 1974/4419/1861
f 1974/4419/1861 1972/4416/1859 1973/4420/1860
f 1967/4417/1854 1974/4419/1861 1971/4421/1858
