mtllib rustic+wooden+table+3d+model.mtl
o tripo_node_bfa0506f-508d-4c58-97e0-cbe08959c2cf
g tripo_node_bfa0506f-508d-4c58-97e0-cbe08959c2cf
usemtl tripo_material_bfa0506f_508d_4c58_97e0_cbe08959c2cf
v -0.496704131 0.336814821 -0.093696475
vt 0.503906250 0.660156250
vn -0.853175342 0.521384835 0.015799632
v -0.497589141 0.335372865 -0.135818362
vt 0.524658203 0.662597656
vn -0.977256954 0.141859829 -0.157621950
v -0.496337920 0.301490724 -0.134704471
vt 0.524902344 0.679931641
vn -0.896305144 -0.267319113 -0.353804529
v -0.491729766 0.333709657 -0.138992190
vt 0.527587891 0.663330078
vn -0.749660015 0.418231398 0.512925386
v -0.474884063 0.331062257 -0.137740970
vt 0.534423828 0.654785156
vn -0.007872886 0.928989947 -0.370021462
v -0.493042022 0.338256776 -0.133880496
vt 0.525146484 0.659423828
vn -0.015774028 0.993760109 -0.110417835
v -0.466491729 0.337669313 -0.143234134
vt 0.539306641 0.656250000
vn -0.015702832 0.965723753 0.259096563
v -0.496337920 0.336219728 -0.141494632
vt 0.531250000 0.664062500
vn -0.669956267 0.740892828 0.047291085
v -0.497009307 0.299560487 -0.139739871
vt 0.538818359 0.677734375
vn -0.631017566 -0.252407074 0.733558118
v -0.478485137 0.305854738 -0.137588382
vt 0.532714844 0.682617188
vn -0.465071738 -0.804022491 0.370481044
v -0.429016143 0.298072755 -0.137679935
vt 0.545166016 0.698730469
vn -0.141403854 -0.989827394 0.015711607
v -0.384765655 0.338165224 -0.134841815
vt 0.548339844 0.607666016
vn -0.000000078 0.961226106 -0.275761604
v -0.487548858 0.296211183 -0.129852176
vt 0.523925781 0.684814453
vn -0.031587232 -0.994998753 -0.094761737
v -0.435394317 0.337478578 -0.123062022
vt 0.526611328 0.626708984
vn -0.000000042 0.999876022 0.015746037
v -0.322753936 0.337875307 -0.114105128
vt 0.541992188 0.575927734
vn -0.000000043 0.999969006 0.007873728
v -0.352020293 0.338088930 -0.086204432
vt 0.510498047 0.585449219
v -0.437652618 0.337325990 -0.105148204
vt 0.515380859 0.628417969
vn -0.000000044 1.000000000 -0.000000044
v -0.430023223 0.296440065 -0.102386355
vt 0.519775391 0.711425781
vn -0.094797216 -0.995371222 -0.015799487
v -0.429992706 0.286910951 -0.120727420
vt 0.533935547 0.715820312
vn -0.999876022 -0.015746122 0.000000132
v -0.429901123 0.296401918 -0.067542911
vt 0.500488281 0.715087891
vn -0.385528058 -0.920546770 0.062943459
v -0.494995147 0.295989931 -0.094428889
vt 0.504882812 0.681640625
vn -0.502878010 -0.864321709 -0.007857366
v -0.430389434 0.337760866 -0.078674205
vt 0.499755859 0.624755859
vn -0.007871618 0.999690175 0.023614688
v -0.354339600 0.337348878 -0.061111350
vt 0.491210938 0.586425781
vn -0.007872842 0.999845147 -0.015745634
v -0.449890167 0.337272584 -0.084625132
vt 0.502197266 0.635009766
vn -0.007872839 0.999845147 0.015745552
v -0.443267822 0.336410463 -0.069007762
vt 0.492919922 0.632568359
vn -0.031499989 0.984374106 0.173249811
v -0.493072540 0.337646425 -0.079528689
vt 0.496826172 0.658691406
vn -0.071002752 0.986149132 0.149894640
v -0.497558594 0.331100404 -0.067687869
vt 0.490234375 0.663085938
vn -0.999225974 0.039339561 0.000000129
v -0.495361328 0.330940187 -0.061622500
vt 0.486816406 0.661621094
vn -0.794635415 0.605811119 0.039338466
v -0.432434082 0.335380495 -0.060348399
vt 0.487792969 0.627929688
vn -0.015711606 0.989827275 -0.141403928
v -0.430938721 0.338272035 -0.039665110
vt 0.475341797 0.625976562
vn -0.015722271 0.998361051 -0.055027816
v -0.335876465 0.338569582 -0.042930502
vt 0.480468750 0.575927734
vn -0.000000046 0.999876022 -0.015746122
v -0.420562744 0.338783205 -0.018777737
vt 0.464111328 0.619384766
vn 0.007869830 0.999473393 0.031479433
v -0.486907959 0.338005006 -0.059097171
vt 0.483642578 0.656005859
vn -0.063147016 0.986671269 -0.149974063
v -0.435607910 0.339378297 -0.017223246
vt 0.462890625 0.626953125
vn -0.007873571 0.999938011 0.007873485
v -0.437042236 0.337989748 -0.000101134
vt 0.452636719 0.626953125
vn 0.015810864 0.996086419 0.086959884
v -0.419616699 0.337112367 0.005400768
vt 0.448486328 0.618164062
v -0.491668701 0.337882936 0.002764344
vt 0.453125000 0.654052734
vn -0.094453104 0.991757214 0.086581953
v -0.486236572 0.332343996 0.007574677
vt 0.446533203 0.653564453
vn -0.552708149 0.821166396 0.142124996
v -0.495147705 0.335960329 -0.030340075
vt 0.469238281 0.658691406
vn -0.695136607 0.718834341 -0.007899219
v -0.495758057 0.329284608 0.006482244
vt 0.450683594 0.657714844
vn -0.912735224 0.110157683 0.393420488
v -0.488098145 0.337837160 0.028185008
vt 0.435302734 0.655761719
vn -0.725129187 0.685719907 0.063054785
v -0.487396240 0.339401186 0.020502208
vt 0.438232422 0.653320312
vn -0.055253662 0.978778005 -0.197334319
v -0.486206055 0.302474916 0.007256151
vt 0.444824219 0.670166016
vn -0.965872586 -0.062821023 0.251284063
v -0.486328125 0.296348512 0.036483884
vt 0.429443359 0.673339844
vn -0.496988267 -0.867757320 0.000000103
v -0.485046387 0.296432436 0.004525782
vt 0.445068359 0.674804688
vn -0.086288407 -0.996239424 0.007844459
v -0.495849609 0.300575197 0.004952552
vt 0.449218750 0.670654297
vn -0.977712512 -0.173465177 0.118271813
v -0.492736816 0.295967042 -0.031280398
vt 0.467773438 0.677734375
vn -0.062865533 -0.997991085 0.007858249
v -0.495758057 0.300254762 -0.035465121
vt 0.470214844 0.675781250
vn -0.998854995 -0.047190044 -0.007864867
v -0.495025635 0.296081483 -0.058093905
vt 0.481933594 0.678955078
vn -0.243973508 -0.944413662 -0.220363110
v -0.496887207 0.304397523 -0.062934749
vt 0.486328125 0.676513672
vn -0.817858815 -0.574074090 0.039320271
v -0.490447998 0.296371400 -0.067153804
vt 0.494140625 0.686035156
vn -0.086528294 -0.928213537 0.361846000
v -0.408966064 0.300483644 -0.062152755
vt 0.500732422 0.725585938
vn -0.062743612 -0.996055484 -0.062743597
vt 0.797851562 0.128417969
vt 0.781005859 0.128417969
v -0.496704131 0.296325624 -0.167022586
vt 0.797851562 0.115966797
vn -0.897443056 -0.440849274 -0.015744479
v -0.495574981 0.336265504 -0.174743533
vt 0.780273438 0.111816406
vn -0.741699696 0.670685768 -0.007890353
v -0.496063262 0.295555055 -0.179260135
vt 0.798339844 0.108886719
vn -0.527101696 -0.849656582 -0.015734274
v -0.457183868 0.294921815 -0.177139163
vt 0.816162109 0.112548828
vn -0.543004096 -0.826310754 0.149523005
v -0.456573516 0.297103822 -0.217056155
vt 0.813964844 0.090820312
vn -0.378610611 -0.883424759 -0.276070148
v -0.497192413 0.301017702 -0.212844729
vt 0.795898438 0.093750000
vn -0.990806222 -0.078635462 -0.110089451
v -0.496948272 0.337448061 -0.197173953
vt 0.779785156 0.099365234
vn -0.740433037 0.661663473 0.118154280
v -0.492828399 0.296050966 -0.210586429
vt 0.798828125 0.094726562
vn -0.110301197 -0.984832287 -0.133937120
v -0.498870879 0.332115114 -0.214202762
vt 0.781005859 0.090332031
vn -0.886335909 0.290216118 -0.360809177
v -0.490722686 0.300064027 -0.217498660
vt 0.798828125 0.089111328
vn -0.291981936 -0.946968555 -0.134153783
v -0.438812286 0.299339235 -0.219131351
vt 0.822509766 0.089355469
vn -0.772108495 -0.464840829 -0.433326036
v -0.492645293 0.329757631 -0.218414187
vt 0.783203125 0.088134766
vn -0.598277032 0.440835565 -0.669125378
v -0.493164092 0.294616640 -0.223785281
vt 0.799316406 0.084228516
vn -0.533846676 -0.824322164 0.188416600
v -0.442321807 0.294998109 -0.235305667
vt 0.825195312 0.078125000
vn -0.314250290 -0.934894681 -0.164981321
v -0.488250762 0.314681947 -0.217239261
vt 0.791259766 0.088378906
vn -0.996883690 -0.078494824 0.007849612
v -0.495727569 0.333534181 -0.222503543
vt 0.782226562 0.084228516
vn -0.973245323 0.031394981 0.227613941
v -0.490417510 0.338470399 -0.221267581
vt 0.778076172 0.083740234
vn -0.047226552 0.976015031 0.212519363
v -0.495147735 0.316963136 -0.238281131
vt 0.788818359 0.075927734
vn -0.998762369 -0.047185667 -0.015728408
v -0.494812042 0.334327638 -0.241165042
vt 0.780029297 0.075195312
vn -0.981789827 0.188503608 -0.023562836
v -0.494293243 0.314346254 -0.261657596
vt 0.789794922 0.063232422
vn -0.997375369 -0.054973494 -0.047119964
v -0.492187530 0.293968141 -0.263641238
vt 0.801025391 0.065429688
vn -0.244390115 -0.969677091 0.000000074
v -0.429260284 0.294563234 -0.239059329
vt 0.831542969 0.074462891
vn -0.510593712 -0.856226444 -0.078552775
v -0.481689483 0.294929445 -0.287078738
vt 0.806152344 0.053222656
vn -0.015716892 -0.919437528 -0.392922014
v -0.428710967 0.294372499 -0.280334353
vt 0.834716797 0.052978516
vn -0.330626696 -0.802950501 -0.495939970
v -0.493286163 0.295257509 -0.283904910
vt 0.800537109 0.056640625
vn -0.927983880 -0.267385215 -0.259520799
v -0.491546661 0.317100465 -0.289489627
vt 0.789794922 0.051025391
vn -0.323225796 -0.023650717 -0.946026385
v -0.493896514 0.337951601 -0.282714725
vt 0.781005859 0.052001953
vn -0.544388294 0.804747820 -0.236690506
v -0.494873077 0.338523805 -0.264190555
vt 0.780517578 0.060058594
vn -0.694205940 0.709983170 -0.118330486
v -0.470581084 0.337310731 -0.259948611
vt 0.768310547 0.064453125
v -0.500000060 0.322791994 -0.259155154
vt 0.784423828 0.063720703
vn -0.998762369 -0.015728582 0.047185756
v -0.494506866 0.336303651 -0.258056521
vt 0.779296875 0.067138672
vn -0.611957669 0.776715577 0.149066672
v -0.471954376 0.338279665 -0.256866336
vt 0.768798828 0.065673828
vn -0.000000051 0.998484433 -0.055034619
v -0.439880401 0.336479127 -0.256286502
vt 0.754638672 0.059082031
vn -0.023603812 0.999225974 -0.031471726
v -0.490448028 0.338363588 -0.240569949
vt 0.775878906 0.074707031
vn -0.039320182 0.998731434 -0.031456150
v -0.427063018 0.337600648 -0.244903445
vt 0.748535156 0.066162109
vn 0.007873728 0.999969006 -0.000000045
v -0.433380157 0.341766298 -0.255798221
vt 0.749755859 0.058593750
vn -0.062850103 0.997744679 -0.023568807
vt 0.806640625 0.629150391
v -0.493621856 0.334579408 -0.194747806
vt 0.819824219 0.625244141
vn 0.007861803 0.998453617 0.055032831
vt 0.822509766 0.626464844
v -0.458038360 0.336837709 -0.191894412
vt 0.815673828 0.610107422
vn -0.023614772 0.999690175 0.007871536
v -0.440277129 0.337760866 -0.172225833
vt 0.805175781 0.603515625
vn -0.031471733 0.999225974 -0.023603803
vt 0.796142578 0.632324219
vt 0.796142578 0.616210938
v -0.474823028 0.337608278 -0.215698123
vt 0.829345703 0.614257812
vn -0.015687428 0.980460048 -0.196092054
v -0.492889434 0.337387025 -0.209823489
vt 0.827880859 0.623291016
vn -0.228141531 0.936166644 -0.267476171
vt 0.831054688 0.626220703
vt 0.833007812 0.622558594
v -0.459991485 0.332221925 -0.218124270
vt 0.832275391 0.607177734
vn 0.015711041 0.981941283 0.188532680
v -0.442016631 0.337119997 -0.213989139
vt 0.827636719 0.600097656
vn -0.000000089 0.929018736 -0.370032907
v -0.401092559 0.332069337 -0.217986941
vt 0.830566406 0.581787109
vn -0.000000061 0.991020679 -0.133709177
v -0.392700225 0.337730348 -0.215087786
vt 0.824462891 0.580322266
vn -0.007844731 0.941357553 -0.337319791
v -0.431610137 0.337196290 -0.197418094
vt 0.817138672 0.597167969
vn -0.015746122 0.999876022 -0.000000042
v -0.420593292 0.337257326 -0.197875857
vt 0.815673828 0.591796875
vn 0.015738238 0.999380589 0.031476505
v -0.335784942 0.337898195 -0.214904681
vt 0.818359375 0.554199219
vn -0.000000066 0.984862804 -0.173335910
v -0.362884551 0.336395204 -0.191345111
vt 0.805419922 0.567626953
vn -0.007873572 0.999938011 -0.007873571
v -0.426025420 0.341354311 -0.191528201
vt 0.813720703 0.595214844
vn -0.007871623 0.999690175 -0.023614770
v -0.427154571 0.337425172 -0.188217044
vt 0.810791016 0.596191406
vn 0.007873483 0.999938011 -0.007873572
v -0.426696807 0.338111818 -0.159484744
vt 0.796875000 0.597167969
vn 0.007871530 0.999690175 -0.023614774
v -0.326995879 0.338012636 -0.164123431
vt 0.786376953 0.555175781
v -0.343292266 0.338127077 -0.140991107
vt 0.773925781 0.567871094
vn -0.000000020 0.984862804 0.173335820
v -0.441589385 0.337531984 -0.156249881
vt 0.797851562 0.604492188
vn -0.102311507 0.991634309 0.078701109
v -0.435119659 0.342262208 -0.159454226
vt 0.799072266 0.601562500
vn -0.039338429 0.999195039 0.007867639
vt 0.856689453 0.225585938
vt 0.843994141 0.218505859
v -0.493103057 0.295623720 -0.144363284
vt 0.856689453 0.221923828
vn -0.023677105 -0.994440794 0.102601074
vt 0.863525391 0.201660156
vt 0.886962891 0.208251953
v -0.442657501 0.296020448 -0.158431888
vt 0.874267578 0.198486328
vn -0.511304021 -0.786621630 0.346113622
v -0.443664581 0.295341432 -0.175689578
vt 0.866455078 0.196044922
vn -0.322315365 -0.188672453 0.927639782
v -0.429687530 0.295684755 -0.157958865
vt 0.880126953 0.198486328
vn -0.943362415 -0.196533874 0.267286122
vt 0.894775391 0.209472656
v -0.428985626 0.268924654 -0.158599734
vt 0.882324219 0.183593750
vn -0.982396007 -0.047155049 0.180760995
v -0.440155059 0.231639564 -0.160339236
vt 0.883300781 0.161376953
vn -0.655885637 -0.079022378 0.750712752
v -0.492462128 0.296722353 0.223938107
vt 0.012207031 0.713134766
vn -0.935327649 -0.353695393 0.007860035
v -0.493316621 0.332351625 0.190551877
vt 0.027832031 0.697265625
vn -0.969888091 0.118278973 -0.212902114
v -0.494140595 0.302658021 0.191223264
vt 0.027587891 0.711181641
vn -0.955306172 -0.165796995 -0.244747743
v -0.487579316 0.295654237 0.193130612
vt 0.028320312 0.715576172
vn -0.133688420 -0.983003378 -0.125824377
v -0.467010468 0.295738161 0.223877072
vt 0.011962891 0.724609375
vn -0.652230322 -0.722954214 0.227887839
v -0.483917207 0.302619874 0.186340451
vt 0.032714844 0.712402344
vn -0.566858888 -0.645589232 -0.511747479
v -0.493072480 0.333595216 0.219207883
vt 0.013427734 0.693847656
vn -0.987440705 0.157990456 0.000000123
v -0.484741181 0.332611024 0.186554074
vt 0.031982422 0.695800781
vn -0.204300448 0.660047889 0.722909510
v -0.492065400 0.297225893 0.184860349
vt 0.037353516 0.713134766
vn -0.854108632 -0.363787025 0.371695578
v -0.492614716 0.330467165 0.185913205
vt 0.035156250 0.695556641
vn -0.943916798 0.070793726 0.322505027
v -0.484130830 0.338416994 0.190139890
vt 0.030517578 0.692626953
vn -0.086394913 0.966051340 -0.243476391
v -0.488769501 0.337600648 0.214325070
vt 0.015136719 0.690917969
vn -0.110428140 0.993852854 0.007887692
v -0.493133515 0.331825227 0.283416867
vt 0.653076172 0.626953125
vn -0.964103103 0.213367030 0.158049792
v -0.492645234 0.336334199 0.257995725
vt 0.641601562 0.627441406
vn -0.756468594 0.654030085 0.000000071
v -0.493316621 0.300804108 0.288757443
vt 0.662597656 0.616699219
vn -0.810998499 -0.283455789 0.511795342
v -0.492309541 0.297134340 0.251495481
vt 0.643554688 0.614746094
vn -0.982062519 -0.188556045 0.000000137
vt 0.629638672 0.613037109
vt 0.628906250 0.626220703
vt 0.627441406 0.628662109
v -0.489562958 0.326095551 0.290374875
vt 0.656738281 0.626953125
vn -0.117978528 0.062921986 0.991020679
v -0.441314667 0.299835175 0.289886594
vt 0.669677734 0.641357422
vn -0.023597782 -0.251711130 0.967514753
v -0.486328095 0.337577790 0.281524777
vt 0.651611328 0.629638672
vn -0.133408263 0.980942965 0.141255751
v -0.451263398 0.313446015 0.289642453
vt 0.665039062 0.639892578
vn -0.007867544 -0.039338343 0.999195039
v -0.481445283 0.338745058 0.228485227
vt 0.629394531 0.634033203
vn -0.015741736 0.999597251 -0.023612574
v -0.435241669 0.313072175 0.290527463
vt 0.665527344 0.645263672
vn -0.015706565 -0.070680097 0.997375369
v -0.411285371 0.314109772 0.290039182
vt 0.667236328 0.652587891
vn -0.094620146 -0.063080147 0.993512928
v -0.463561982 0.337356538 0.291107297
vt 0.656005859 0.637939453
vn -0.039270271 0.353433460 0.934634984
v -0.405303925 0.328216523 0.292358518
vt 0.663330078 0.656738281
vn -0.063213840 0.189641908 0.979816318
v -0.440093964 0.327529877 0.290802121
vt 0.659912109 0.645996094
vn -0.007872915 0.125968680 0.992002964
v -0.431976289 0.337989777 0.285888791
vt 0.655761719 0.650146484
vn -0.007856525 0.989919007 0.141416952
v -0.369110078 0.338195771 0.290222287
vt 0.662841797 0.670898438
vn -0.007861358 0.959085166 0.283008695
v -0.334472626 0.334312409 0.293731779
vt 0.669433594 0.682373047
vn 0.007878779 0.173330531 0.984832287
v -0.443603486 0.336509675 0.258911252
vt 0.645019531 0.646728516
vn -0.000000040 0.999504447 0.031480409
v -0.307037324 0.337806672 0.286987394
vt 0.665283203 0.693359375
vn 0.007900481 0.995464504 0.094806105
v -0.303649873 0.331291169 0.292450041
vt 0.668945312 0.694580078
vn 0.007883425 0.244382605 0.969646931
v -0.260864228 0.337448090 0.292358488
vt 0.669921875 0.710937500
vn -0.015757754 0.756374717 0.653948903
v -0.378387421 0.338226289 0.261016965
vt 0.646972656 0.671142578
vn -0.007873815 0.999969006 -0.000000043
v -0.274932832 0.338256806 0.243682951
vt 0.648193359 0.709716797
v -0.208419770 0.338325471 0.285278410
vt 0.671142578 0.728759766
vn -0.000000039 0.999225974 0.039339561
v -0.399383515 0.336051911 0.262634397
vt 0.645751953 0.659912109
vn -0.023614774 0.999690175 -0.007871618
v -0.412841767 0.338012666 0.257904172
vt 0.643798828 0.656494141
vn 0.007878638 0.984832287 0.173330441
v -0.343322724 0.338355988 0.240783796
vt 0.641357422 0.684570312
v -0.294372529 0.338783234 0.219757184
vt 0.637939453 0.705078125
vn -0.000000045 0.999969006 -0.007873815
v -0.407348603 0.338310212 0.246688962
vt 0.638671875 0.660156250
vn -0.000000041 0.999721229 0.023615420
v -0.457214326 0.338050783 0.254791379
vt 0.641845703 0.643066406
vn -0.007858233 0.997991085 0.062865533
v -0.412933320 0.338195771 0.233001828
vt 0.631347656 0.659667969
vn -0.000000049 0.999225974 -0.039339650
v -0.364532441 0.338249177 0.222992048
vt 0.631103516 0.677246094
v -0.427001923 0.336448610 0.219390988
vt 0.624755859 0.656005859
vn -0.000000048 0.999504447 -0.031480499
v -0.442474335 0.336822450 0.216934323
vt 0.624023438 0.649658203
vn -0.015728578 0.998762369 0.047185581
v -0.426849335 0.340797365 0.215713620
vt 0.622558594 0.655517578
vn -0.007847567 0.988790512 0.149103284
v -0.439910859 0.338302553 0.206451535
vt 0.620117188 0.651367188
v -0.425018281 0.337715119 0.212188840
vt 0.620849609 0.657226562
v -0.439514130 0.337837160 0.196029782
vt 0.617187500 0.651611328
vn 0.007884452 0.954028547 -0.299612314
v -0.356323212 0.338294953 0.195144758
vt 0.622558594 0.684326172
vn -0.000000062 0.989949524 -0.141421393
v -0.393920869 0.338554353 0.193710431
vt 0.617919922 0.670410156
v -0.436401337 0.337814271 0.188552976
vt 0.613037109 0.657714844
vn -0.023571773 0.919295549 -0.392861366
v -0.282196015 0.338096589 0.196289152
vt 0.627197266 0.710937500
vn -0.000000074 0.969677091 -0.244390205
v -0.377777070 0.333564728 0.186111555
vt 0.616455078 0.677246094
vn 0.023536811 0.988547087 0.149066582
v -0.395050019 0.331092805 0.186218366
vt 0.614746094 0.671875000
vn -0.031613976 0.924706161 -0.379366666
v -0.361144990 0.330612153 0.186355695
vt 0.618652344 0.683105469
vn 0.078374036 0.799416304 -0.595643580
v -0.324584931 0.332344025 0.187423810
vt 0.620849609 0.696044922
vn 0.007885375 0.323306024 -0.946261644
v -0.269439667 0.332450837 0.188018888
vt 0.623535156 0.714843750
vn -0.000000138 0.409055889 -0.912509322
v -0.336761445 0.314208955 0.186660871
vt 0.613037109 0.691894531
vn 0.015728407 0.047185581 -0.998762369
v -0.246994004 0.313690156 0.187667936
vt 0.615722656 0.722167969
vn 0.007864867 0.047189955 -0.998854995
v -0.254486054 0.303573579 0.186630338
vt 0.609863281 0.721679688
vn 0.007900378 0.094806105 -0.995464504
vt 0.018798828 0.010986328
vt 0.037597656 0.010986328
v -0.493011445 0.332275331 0.162445188
vt 0.035644531 0.021728516
vn -0.997467637 0.070686631 0.007854204
v -0.490509003 0.338302553 0.180633664
vt 0.040771484 0.013427734
vn -0.110414378 0.985842407 0.126187801
v -0.489349335 0.338066041 0.162811399
vt 0.039062500 0.021484375
vn -0.149089605 0.988699138 -0.015693659
v -0.492706269 0.301872194 0.163681149
vt 0.020751953 0.021484375
vn -0.996791542 -0.078487568 -0.015697371
v -0.489166230 0.296188295 0.164016843
vt 0.017578125 0.021240234
vn -0.086927295 -0.995713115 0.031609997
v -0.490447968 0.295745790 0.161697507
vt 0.017578125 0.022460938
v -0.490997285 0.298126161 0.139694333
vt 0.018310547 0.033691406
vn -0.929018736 -0.370032907 0.000000138
v -0.492889404 0.332916200 0.139999509
vt 0.035156250 0.032470703
vn -0.992957532 0.118209191 -0.007880490
v -0.488830566 0.337882936 0.139282346
vt 0.038085938 0.032714844
vn -0.055027820 0.998361051 -0.015722256
v -0.487701416 0.338058412 0.113533139
vt 0.039794922 0.045166016
vn -0.086867742 0.987132728 -0.134250075
v -0.492614746 0.332130373 0.110740781
vt 0.036132812 0.046386719
vn -0.983368337 0.015733844 -0.180939645
v -0.492797852 0.301498353 0.137420774
vt 0.020263672 0.035156250
vn -0.991020679 -0.117978700 -0.062921815
v -0.489379853 0.295906007 0.137130857
vt 0.017089844 0.034912109
vn -0.078916460 -0.994347930 -0.071024798
v -0.487731934 0.299911439 0.109657414
vt 0.017333984 0.047851562
vn -0.331780046 -0.940043509 -0.078995176
vt 0.533935547 0.457031250
vt 0.539550781 0.470458984
v -0.484649628 0.295173585 0.247451901
vt 0.537353516 0.474121094
vn -0.047189958 -0.998854995 -0.007864949
vt 0.547119141 0.476318359
vt 0.540771484 0.485595703
v -0.485229462 0.294921845 0.282898068
vt 0.531250000 0.461914062
vn -0.062906317 -0.982912242 0.172992617
v -0.443237275 0.295730531 0.241424680
vt 0.526611328 0.487548828
vn -0.457274377 -0.709563851 0.536114991
v -0.443603486 0.295104921 0.226623654
vt 0.533691406 0.491210938
vn -0.409195065 -0.204597563 0.889212728
v -0.429717988 0.295379579 0.245620847
vt 0.520996094 0.490234375
vn -0.730361462 -0.675388098 0.102093667
vt 0.513183594 0.469238281
v -0.429992646 0.295555085 0.282867551
vt 0.509521484 0.476318359
vn -0.283666819 -0.953436017 0.102435350
v -0.428894013 0.262596101 0.283172727
vt 0.506591797 0.490966797
vn -0.986794353 -0.118415363 0.110521100
v -0.426849335 0.260391206 0.246002316
vt 0.514404297 0.508789062
vn -0.464725316 -0.716779888 0.519862473
v -0.423583955 0.295936555 0.287567258
vt 0.503417969 0.475830078
vn -0.166014254 -0.205541581 0.964464605
v -0.423706025 0.258760422 0.287201047
vt 0.504150391 0.490966797
vn -0.094626054 -0.843749940 0.528329432
v -0.385833710 0.261314362 0.286102414
vt 0.493164062 0.494628906
vn 0.298870087 -0.873014987 0.385385007
v -0.393859833 0.259899110 0.247131452
vt 0.497802734 0.510253906
vn 0.039394647 -0.614554405 0.787890315
v -0.411010712 0.273532838 0.287811399
vt 0.498046875 0.485595703
vn -0.007861706 -0.055032831 0.998453617
v -0.400482148 0.284896821 0.288848996
vt 0.490966797 0.483398438
vn 0.039338518 0.007867723 0.999195039
v -0.384796113 0.263336152 0.247177228
vt 0.492919922 0.510498047
vn 0.973725259 -0.157052413 0.164904937
v -0.385650605 0.295959443 0.286651731
vt 0.479980469 0.482177734
vn 0.739974082 -0.385731071 0.551044345
v -0.384765595 0.277591676 0.280639768
vt 0.487548828 0.492187500
vn 0.999690175 -0.007871532 0.023614598
v -0.384124726 0.294898957 0.259399533
vt 0.480957031 0.493896484
vn 0.118198253 -0.992864966 0.015759788
v -0.384399384 0.294403046 0.247192487
vt 0.481933594 0.499267578
vn 0.466115713 -0.165905491 0.869029045
v -0.381744355 0.299728364 0.292175412
vt 0.482910156 0.477050781
vn 0.015804615 -0.292382807 0.956170857
v -0.364471406 0.295173615 0.279785275
vt 0.473632812 0.481689453
vn 0.007895674 -0.931679010 0.363196939
v -0.341339082 0.294937104 0.286102414
vt 0.466064453 0.476806641
vn -0.023592742 -0.975169599 0.220199630
vt 0.499023438 0.466064453
v -0.358184785 0.306884736 0.292083859
vt 0.473144531 0.473876953
vn -0.023536699 -0.517810285 0.855171680
v -0.337768525 0.301200837 0.292633146
vt 0.464355469 0.473876953
vn -0.015757667 -0.212730318 0.976983905
v -0.265228242 0.299728364 0.292633146
vt 0.431640625 0.469238281
vn 0.015740365 -0.424986124 0.905063093
v -0.368591279 0.318222016 0.292785764
vt 0.477050781 0.470214844
vn -0.015733762 -0.039334688 0.999102235
v -0.395294160 0.314445466 0.291290402
vt 0.487792969 0.470458984
vn 0.094251961 -0.164940640 0.981789827
v -0.411468476 0.312927216 0.298858762
vt 0.493896484 0.466064453
vn -0.340019107 -0.316296935 0.885631561
v -0.298187226 0.315101594 0.292663664
vt 0.446289062 0.467041016
vn 0.007873659 -0.007873484 0.999938011
vt 0.492431641 0.462402344
v -0.399536103 0.324531525 0.298278928
vt 0.491699219 0.465332031
vn 0.394631773 0.220993787 0.891867459
vt 0.461181641 0.463623047
vt 0.447998047 0.462646484
vt 0.428710938 0.457031250
v -0.240966767 0.306899995 0.292419523
vt 0.422607422 0.465087891
vn 0.000000134 -0.086291067 0.996270061
v -0.222549409 0.294403046 0.285247892
vt 0.413085938 0.466552734
vn 0.000000080 -0.956290245 0.292419374
v -0.212600678 0.315185517 0.292724699
vt 0.408935547 0.461669922
vn -0.007872666 0.015745636 0.999845147
vt 0.775390625 0.554687500
vt 0.766845703 0.565917969
v -0.488464326 0.295928895 0.141662717
vt 0.766845703 0.563476562
vn -0.007858162 -0.997991085 -0.062865533
v -0.429840058 0.296562135 0.140045285
vt 0.745849609 0.547851562
vn -0.268049091 -0.961823404 -0.055186514
v -0.436218232 0.295951784 0.165207028
vt 0.754882812 0.537841797
vn -0.440849245 -0.865953863 -0.236169145
vt 0.775878906 0.553222656
v -0.466033906 0.296371400 0.183853269
vt 0.775634766 0.537597656
vn -0.149227470 -0.856094301 -0.494806737
vt 0.780761719 0.549560547
v -0.443908662 0.295936525 0.182983518
vt 0.764892578 0.533691406
vn -0.498152286 -0.355823040 -0.790717721
v -0.440887421 0.262870759 0.183120847
vt 0.764160156 0.518798828
vn -0.574518442 -0.000000061 -0.818491757
v -0.439544648 0.229604080 0.170181394
vt 0.757324219 0.501953125
vn -0.922347128 -0.007883365 -0.386281997
v -0.439239472 0.197259858 0.181823850
vt 0.754882812 0.486083984
vn -0.999845147 0.007872752 -0.015745463
v -0.439178437 0.172458604 0.171463132
vt 0.746826172 0.474365234
vn -0.965813220 0.007852087 -0.259120464
v -0.439483613 0.234854653 0.182479978
vt 0.762451172 0.503662109
vn -0.894785345 -0.078489996 -0.439543545
v -0.440307587 0.226536229 0.192794919
vt 0.763183594 0.497558594
vn -0.997991085 -0.062865622 -0.007858064
v -0.442474335 0.234703019 0.185958982
vt 0.765625000 0.502197266
vn -0.205112621 -0.978229642 -0.031555727
v -0.459167451 0.236660913 0.182708859
vt 0.773193359 0.507568359
vn -0.165292963 -0.141679615 -0.976014912
v -0.465759248 0.235816434 0.189865232
vt 0.778320312 0.506591797
vn -0.804172397 -0.551883101 -0.220753074
v -0.459991425 0.264389008 0.183197141
vt 0.775390625 0.521240234
vn -0.337288737 -0.015687898 -0.941270530
v -0.466522187 0.275814027 0.188797116
vt 0.781250000 0.526855469
vn -0.994224012 -0.031562716 -0.102578536
v -0.466339082 0.239703134 0.217331052
vt 0.792724609 0.507568359
vn -0.990499973 -0.070750028 0.117916793
v -0.467895478 0.297401369 0.188751340
vt 0.778564453 0.537841797
vn -0.670623243 -0.678512931 -0.299807936
vt 0.794189453 0.537109375
v -0.487304688 0.331474245 0.108436704
vt 0.986328125 0.149169922
vn -0.669956326 0.740892828 -0.047290973
vt 0.995117188 0.138671875
vt 0.988525391 0.150390625
vt 0.986816406 0.153564453
v -0.426055908 0.336471528 0.110527143
vt 0.960205078 0.153320312
vn -0.007883400 0.922347069 -0.386282146
v -0.413452148 0.336738557 0.108894452
vt 0.954345703 0.153320312
vn 0.015741648 0.999597251 0.023612488
v -0.422790527 0.338653535 0.120842084
vt 0.957275391 0.157714844
vn 0.007872751 0.999845147 -0.015745638
v -0.434173584 0.339225709 0.124931447
vt 0.963378906 0.161376953
vn -0.007869917 0.999473393 -0.031479523
v -0.431793213 0.337310731 0.138549924
vt 0.962890625 0.169433594
vt 0.986572266 0.165283203
v -0.405822754 0.338111848 0.140960813
vt 0.952392578 0.173339844
v -0.438415498 0.338134706 0.158477902
vt 0.972656250 0.183105469
vt 0.995605469 0.175292969
v -0.426086396 0.337852448 0.158554196
vt 0.968261719 0.185058594
vt 1.000000000 0.183105469
v -0.430664033 0.339111269 0.167114377
vt 0.973144531 0.189208984
vn -0.000000047 0.999721110 -0.023615502
v -0.425872773 0.338638276 0.182891965
vt 0.973144531 0.197265625
vn 0.015744634 0.897443056 0.440849215
v -0.488586426 0.300941408 0.102783330
vt 0.714111328 0.048583984
vn -0.998206854 -0.055019319 0.023579821
vt 0.700195312 0.046386719
v -0.489135742 0.333793581 0.100837827
vt 0.701904297 0.041748047
vn -0.993204236 0.102473408 0.055178143
v -0.484619141 0.338485658 0.105575681
vt 0.697998047 0.043457031
vn -0.039253462 0.989186585 0.141312316
vt 0.665771484 0.045654297
v -0.488403320 0.338447511 0.074051023
vt 0.708496094 0.025878906
vn -0.654986620 0.686552167 -0.315656126
vt 0.713623047 0.052246094
v -0.484558105 0.296226442 0.105896123
vt 0.716308594 0.051025391
vn -0.086442791 -0.990163505 0.110018231
v -0.430023193 0.296264589 0.105720639
vt 0.738525391 0.064697266
vn -0.213440374 -0.972339690 0.094862483
v -0.425781250 0.299858063 0.108276479
vt 0.739257812 0.067382812
vn -0.070872702 -0.992218256 -0.102371663
v -0.488342285 0.296310365 0.075729497
vt 0.723388672 0.038574219
vn -0.338782251 -0.937560320 -0.078786500
v -0.485748291 0.300445497 0.070205815
vt 0.725097656 0.035400391
vn -0.870943308 -0.306007147 -0.384470314
v -0.429687500 0.296340883 0.068359494
vt 0.750000000 0.046142578
vn -0.259120554 -0.965813160 0.007852215
vt 0.191406250 0.925292969
vt 0.196533203 0.928466797
vt 0.191406250 0.928955078
vt 0.193847656 0.896240234
v -0.442291230 0.330139101 0.186126828
vt 0.189453125 0.903808594
vn 0.007866145 0.975410879 -0.220254108
vt 0.187500000 0.924560547
v -0.418823212 0.330688447 0.186065793
vt 0.191406250 0.892333984
vn 0.055331077 0.395222932 -0.916917264
v -0.417541474 0.324775666 0.185791135
vt 0.193847656 0.891845703
vn 0.007856623 0.141417027 0.989919007
v -0.411743134 0.322517365 0.186950803
vt 0.195556641 0.888671875
vn 0.031418107 0.062836438 -0.997529209
vt 0.196044922 0.881347656
vt 0.185058594 0.899414062
vt 0.191650391 0.879638672
vt 0.183349609 0.902587891
vt 0.178710938 0.897705078
vt 0.178222656 0.904296875
vt 0.175292969 0.928710938
vt 0.171386719 0.904785156
vt 0.168701172 0.926513672
v -0.486938477 0.296073854 0.067161687
vt 0.296630859 0.899169922
vn -0.450371295 -0.884940207 0.118518881
v -0.489318848 0.326232851 0.064544797
vt 0.308349609 0.903320312
vn -0.903804302 0.298648357 0.306507677
vt 0.293945312 0.915771484
vt 0.314941406 0.921142578
v -0.461486816 0.336860597 0.068870656
vt 0.319824219 0.895019531
vn -0.102629848 0.994719684 -0.000000030
vt 0.298095703 0.895996094
vt 0.270751953 0.895996094
v -0.429504395 0.294395387 0.017538182
vt 0.265136719 0.922363281
vn -0.683157086 -0.730271518 0.000000122
vt 0.449707031 0.843505859
vt 0.435302734 0.848632812
vt 0.428466797 0.842285156
v -0.420074463 0.338157594 0.074035749
vt 0.412353516 0.851562500
vn 0.015744081 0.999752104 -0.015744172
vt 0.443115234 0.869384766
v -0.372619629 0.336822450 0.069488630
vt 0.390380859 0.850585938
v -0.348876953 0.338218629 0.048767190
vt 0.375488281 0.836669922
vt 0.400634766 0.871337891
v -0.436828613 0.337402284 0.042617910
vt 0.419433594 0.824707031
vn -0.007867715 0.999195039 0.039338343
vt 0.436279297 0.827148438
v -0.431457520 0.337989748 0.025821796
vt 0.414062500 0.817626953
v -0.431762695 0.343299806 0.033588521
vt 0.417968750 0.818847656
vn 0.054951392 0.996975899 0.054951377
v -0.446899414 0.338699281 0.027908437
vt 0.422607422 0.816406250
vn -0.023608919 0.999442518 0.023608841
v -0.430816650 0.337547243 0.092018239
vt 0.414550781 0.862792969
vn 0.031476509 0.999380589 -0.015738323
v -0.434906006 0.337440431 0.104988210
vt 0.414306641 0.869384766
vn -0.047314581 0.993605554 0.102514818
v -0.428436279 0.342094362 0.098281972
vt 0.411865234 0.866455078
vn 0.031476513 0.999380589 0.015738230
vt 0.464599609 0.094970703
v -0.474853545 0.336975038 -0.289703250
vt 0.453613281 0.091796875
vn -0.062695608 0.258618772 -0.963942826
vt 0.462890625 0.083007812
v -0.453033477 0.338165224 -0.282958865
vt 0.445068359 0.096191406
vn 0.007844350 0.996239424 -0.086288497
vt 0.454833984 0.106201172
v -0.451690704 0.332374513 -0.290222049
vt 0.443847656 0.091308594
vn 0.047140315 0.329983145 -0.942809105
v -0.425659209 0.337333620 -0.260162234
vt 0.435058594 0.108154297
vn 0.007873485 0.999938011 0.007873483
vt 0.439453125 0.109863281
vt 0.436035156 0.110595703
v -0.409851104 0.337898195 -0.285980105
vt 0.425781250 0.096679688
vn -0.000000094 0.912509382 -0.409055948
v -0.381256133 0.337699831 -0.264160037
vt 0.414550781 0.109619141
v -0.435119659 0.317283571 -0.289367557
vt 0.437500000 0.082519531
v -0.316070586 0.337463319 -0.284973055
vt 0.384033203 0.100097656
vn -0.000000081 0.954058111 -0.299621582
v -0.374145538 0.331787050 -0.290161014
vt 0.408203125 0.092529297
vn -0.015755987 0.275727302 -0.961106777
v -0.315216094 0.329788148 -0.290313631
vt 0.381103516 0.092285156
vn 0.015765009 0.244359732 -0.969556570
v -0.403747588 0.325660646 -0.289001346
vt 0.422607422 0.091308594
vn -0.047088306 0.141264439 -0.988851488
v -0.344665557 0.316169679 -0.290862918
vt 0.392578125 0.077148438
vn -0.000000131 -0.000000044 -1.000000000
v -0.298461944 0.325530946 -0.290435702
vt 0.375244141 0.092285156
vn -0.000000135 0.094809048 -0.995495498
vt 0.458251953 0.069091797
vt 0.463623047 0.070800781
v -0.417175323 0.300682008 -0.290557742
vt 0.428955078 0.073486328
vn -0.015731091 -0.220233664 -0.975320280
vt 0.432373047 0.067138672
v -0.399658233 0.295417726 -0.286346316
vt 0.420410156 0.067871094
vn -0.015680153 -0.878087163 -0.478243887
v -0.362518340 0.299087465 -0.290435672
vt 0.402343750 0.072265625
vn 0.007859066 -0.392958492 -0.919522762
v -0.295715362 0.301208436 -0.290100008
vt 0.378417969 0.069824219
vn 0.007898176 -0.236948848 -0.971490085
v -0.409820586 0.311057985 -0.289947391
vt 0.426025391 0.078613281
vn -0.078650109 -0.165165022 -0.983124912
v -0.399902374 0.312568605 -0.290161014
vt 0.418945312 0.079101562
vn 0.047073536 0.070610456 -0.996392667
v -0.398803741 0.320228517 -0.287719607
vt 0.417236328 0.084960938
vn 0.315734714 0.134187266 -0.939311147
v -0.399658233 0.311614931 -0.299163699
vt 0.420898438 0.081787109
vn 0.535167634 -0.472206831 -0.700440168
v -0.399780303 0.324432313 -0.298828006
vt 0.421386719 0.086425781
vn 0.613318145 0.574002981 -0.542550802
v -0.411590606 0.320114076 -0.286682010
vt 0.428710938 0.084960938
vn -0.631469786 0.197334215 -0.749870121
v -0.411376983 0.323318422 -0.298614383
vt 0.424804688 0.085693359
vn -0.542550862 0.487509340 -0.684085667
v -0.411071807 0.310829103 -0.298492312
vt 0.424804688 0.082031250
vn -0.780690134 -0.425831020 -0.457373857
vt 0.739990234 0.543212891
vt 0.736328125 0.528808594
vt 0.743164062 0.540771484
v -0.435852081 0.337173402 -0.222991824
vt 0.735351562 0.517089844
vn 0.007878653 0.961196363 0.275752991
vt 0.726806641 0.503906250
vt 0.742919922 0.509765625
v -0.395660430 0.336379945 -0.221526995
vt 0.728027344 0.500488281
vn 0.000000022 0.886445045 0.462834090
v -0.366027862 0.330390871 -0.218673602
vt 0.717285156 0.491455078
vn -0.000000022 0.987440705 0.157990456
v -0.399932891 0.338149965 -0.234863162
vt 0.734375000 0.499511719
vt 0.750244141 0.508544922
vt 0.749267578 0.505371094
vt 0.744140625 0.486083984
v -0.371490508 0.337325990 -0.221633807
vt 0.722412109 0.490722656
vn -0.007866204 0.912481189 0.409043282
v -0.289611846 0.337585390 -0.221481219
vt 0.708007812 0.457519531
vn 0.015809454 0.822089493 0.569138825
v -0.324462920 0.338073671 -0.228347674
vt 0.718261719 0.468994141
v -0.266510040 0.337898195 -0.258087069
vt 0.728759766 0.439208984
vt 0.021484375 0.945068359
vt 0.035400391 0.966796875
vt 0.019775391 0.967285156
vt 0.036376953 0.974365234
v -0.443237275 0.299354494 0.186065793
vt 0.022949219 0.973388672
vn -0.322315425 -0.943362474 0.078613624
vt 0.018798828 0.979248047
vt 0.039306641 0.978515625
vt 0.920898438 0.354492188
vt 0.962158203 0.344238281
vt 0.966552734 0.351562500
v -0.429870605 0.296066225 -0.057712443
vt 0.930175781 0.349121094
vn -0.392292649 -0.910118997 -0.133379415
v -0.429718018 0.296470582 -0.033439524
vt 0.930419922 0.334228516
vn -0.275761545 -0.961226106 0.000000078
vt 0.963623047 0.331542969
v -0.429473877 0.295822084 0.002436036
vt 0.931640625 0.314208984
vn -0.015745549 -0.999845147 0.007872842
vt 0.962890625 0.312255859
v -0.429626465 0.296836793 0.006269568
vt 0.931152344 0.311767578
vn -0.015799511 -0.995371222 -0.094797216
vt 0.930908203 0.305664062
vt 0.964599609 0.297607422
vt 0.895019531 0.457275391
vt 0.878662109 0.441406250
vt 0.892822266 0.439208984
v -0.461486787 0.261314362 0.226135373
vt 0.886474609 0.453613281
vn -0.268449724 -0.007895554 0.963261366
vt 0.873779297 0.448730469
v -0.460113496 0.234581903 0.226074338
vt 0.892333984 0.460937500
vn -0.188748226 -0.833638489 0.519057930
vt 0.907714844 0.459716797
vt 0.905517578 0.469726562
v -0.441314667 0.258035630 0.226303220
vt 0.881591797 0.460449219
vn -0.481076092 -0.047318958 0.875401020
v -0.440185517 0.234680131 0.224929929
vt 0.888427734 0.468994141
vn -0.968954682 -0.212697417 0.126043037
vt 0.901367188 0.473388672
v -0.441528291 0.277469605 0.236068845
vt 0.874267578 0.456542969
vn -0.985566676 -0.078845367 0.149806276
vt 0.868408203 0.451660156
v -0.436492890 0.236210778 0.239502072
vt 0.881835938 0.470458984
vn -0.400966108 -0.086482897 0.912001669
v -0.439086884 0.235689595 0.236267209
vt 0.883544922 0.469970703
vn -0.974958479 -0.031450305 0.220152065
v -0.439117402 0.199308366 0.237671018
vt 0.883056641 0.484375000
vn -0.855382264 -0.007847559 0.517938018
v -0.439849824 0.180965394 0.219101071
vt 0.890380859 0.491455078
vn -0.999969006 0.007873728 0.000000131
v -0.440154999 0.147239640 0.236984372
vt 0.884765625 0.503906250
vn -0.805651009 -0.000000009 0.592390597
v -0.439025849 0.191581681 0.196884274
vt 0.898681641 0.487304688
vn -0.999969006 -0.000000044 -0.007873640
v -0.440795869 0.140647843 0.195617795
vt 0.902832031 0.504882812
vn -0.999752104 0.015744084 0.015744258
vt 0.904296875 0.485839844
vt 0.685546875 0.199707031
vt 0.685791016 0.205078125
vt 0.663085938 0.212646484
vt 0.666992188 0.227539062
vt 0.639404297 0.208007812
vt 0.681396484 0.191894531
vt 0.653564453 0.216552734
vt 0.655761719 0.218994141
v -0.319946289 0.338264406 0.012872793
vt 0.582275391 0.205078125
v -0.335113525 0.336624086 0.004695991
vt 0.588134766 0.198242188
vt 0.640625000 0.197753906
vt 0.172851562 0.990722656
vn -0.007869999 -0.031479523 -0.999473393
vt 0.196777344 0.992675781
v -0.407196075 0.300834596 -0.137908816
vt 0.162597656 0.992675781
v -0.429901123 0.295684755 0.111221433
vt 0.330078125 0.057373047
vn -0.676389992 -0.731445014 -0.086514883
vt 0.350830078 0.071533203
vt 0.328369141 0.059570312
vt 0.325195312 0.058105469
vt 0.342285156 0.051513672
vt 0.362060547 0.066650391
vt 0.363281250 0.066406250
v -0.429382324 0.275405824 0.073578000
vt 0.306396484 0.052490234
vn -0.999690175 -0.023614772 -0.007871444
vt 0.308349609 0.060546875
vt 0.294921875 0.068115234
v -0.429840088 0.279399812 0.126403928
vt 0.331542969 0.043701172
vn -0.999721110 -0.023615502 0.000000132
v -0.429992646 0.284145325 0.164810300
vt 0.349609375 0.036132812
vn -0.947440684 -0.086848781 -0.307918072
vt 0.352050781 0.041015625
v -0.428741425 0.249278978 0.165359616
vt 0.343505859 0.018798828
vn -0.981184721 -0.172688559 -0.086344123
v -0.429138184 0.257324159 0.069000363
vt 0.301757812 0.039306641
vn -0.997498453 -0.070688903 0.000000134
v -0.428466797 0.266982973 -0.000769859
vt 0.281494141 0.052734375
vn -0.999969006 -0.007873815 0.000000131
v -0.426177979 0.247116044 0.104805112
vt 0.312988281 0.026611328
vn -0.512176275 -0.858880401 0.000000105
v -0.428985596 0.251041353 0.019073600
vt 0.279541016 0.040039062
vn -0.926295400 -0.376798183 0.000000138
v -0.421539277 0.246454194 0.165985227
vt 0.342773438 0.014892578
vn -0.047330756 -0.907172561 -0.418088198
v -0.420654297 0.246398881 0.016748544
vt 0.280761719 0.031738281
vn -0.125972494 -0.992033720 0.000000060
v -0.416961640 0.246549562 0.143234372
vt 0.330078125 0.015136719
vn -0.836958051 -0.378999889 0.394791692
v -0.412811279 0.246688798 0.094070546
vt 0.307617188 0.016113281
vn -0.023536811 -0.988547087 -0.149066582
v -0.417724609 0.246427491 0.101928823
vt 0.311279297 0.021728516
vn -0.927840412 -0.353837490 -0.117945686
v -0.455444366 0.237206399 -0.177276492
vt 0.090332031 0.611083984
vn -0.709453523 -0.417789400 0.567562997
v -0.458038360 0.267810762 -0.191146731
vt 0.098632812 0.598144531
vn -0.999597251 -0.015741730 0.023612663
v -0.456604034 0.236042917 -0.218032718
vt 0.107421875 0.609375000
vn -0.927095652 -0.314269751 -0.204275176
v -0.457733184 0.261337221 -0.206527591
vt 0.105712891 0.601074219
vn -0.997991085 0.007858151 -0.062865444
v -0.456268340 0.267238557 -0.218246341
vt 0.113037109 0.600097656
vn -0.770579398 0.023589103 -0.636907279
vt 0.088623047 0.584716797
vt 0.114501953 0.585937500
vt 0.125976562 0.585693359
v -0.441925079 0.234114110 -0.218978763
vt 0.112304688 0.618408203
vn -0.637281895 -0.495663732 -0.590075731
vt 0.080810547 0.589843750
v -0.438842803 0.236643732 -0.235351443
vt 0.120605469 0.617919922
vn -0.885742366 -0.071175776 -0.458687872
vt 0.131835938 0.590576172
v -0.439178497 0.229269207 -0.222152591
vt 0.114013672 0.620849609
vn -0.952608347 -0.055109624 -0.299166113
v -0.439636260 0.228577197 -0.199813724
vt 0.102539062 0.625244141
v -0.438262969 0.139381349 -0.222854495
vt 0.113769531 0.662353516
vn -0.963291347 -0.000000054 -0.268458098
v -0.439025909 0.137771547 -0.204254031
vt 0.099121094 0.663085938
vn -0.999876022 -0.000000044 -0.015745949
v -0.438781768 0.158584535 -0.186569095
vt 0.088623047 0.655029297
vn -0.999876022 -0.000000043 0.015746210
v -0.438720733 0.181522310 -0.172897220
vt 0.086669922 0.641845703
vn -0.999721110 -0.000000043 0.023615589
v -0.438812286 0.095413148 -0.178176761
vt 0.075195312 0.679443359
vn -0.975139380 0.102232315 0.196600810
v -0.439239532 0.234976232 -0.175628543
vt 0.085449219 0.618408203
vn -0.970763624 -0.213094503 0.110493556
v -0.438171417 0.228592396 -0.163116336
vt 0.081054688 0.621337891
vn -0.843566418 -0.031535208 0.536098361
vt 0.079345703 0.619384766
vt 0.071777344 0.588134766
v -0.440948516 0.259399354 -0.176376224
vt 0.081787109 0.604248047
vn -0.614554346 -0.039394509 0.787890375
v -0.441864043 0.276454866 -0.173644900
vt 0.079833984 0.597412109
vn -0.995744109 -0.079027355 0.047416519
v -0.441833526 0.275363863 -0.174911380
vt 0.080566406 0.597656250
vn -0.984373987 -0.078749955 0.157499969
v -0.455322295 0.077056825 -0.193542361
vt 0.761230469 0.914550781
vn -0.999195039 0.039338343 -0.007867548
v -0.454223663 0.066482484 -0.206222415
vt 0.765136719 0.910156250
vn -0.997498453 -0.000000047 -0.070688725
v -0.455017120 0.058273256 -0.195236087
vt 0.768554688 0.913330078
vn -0.998731434 -0.039320178 0.031456240
v -0.453430206 0.094863832 -0.216415286
vt 0.754394531 0.907226562
vn -0.876929522 0.434514582 -0.205406785
v -0.453826934 0.083480775 -0.177001834
vt 0.759033203 0.920166016
vn -0.770626903 0.172997892 0.613356292
v -0.453857452 0.048721254 -0.214050159
vt 0.771972656 0.906250000
vn -0.922605157 -0.252336472 -0.291763902
v -0.453063995 0.044174135 -0.175536975
vt 0.773437500 0.917480469
vn -0.771653473 -0.543307126 0.330708772
v -0.439483643 0.044219911 -0.174453601
vt 0.776855469 0.923828125
vn -0.905624092 -0.110249922 0.409499735
vt 0.747070312 0.925048828
v -0.438781768 0.043426454 -0.207977161
vt 0.779541016 0.905517578
vn -0.975410879 -0.220254108 0.007866353
v -0.449890167 0.095519960 -0.189666629
vt 0.752197266 0.917236328
vn -0.432722241 0.889047444 0.149485871
v -0.438842803 0.095626771 -0.205428958
vt 0.748291016 0.908935547
vn -0.963261306 0.268449813 -0.007895471
vt 0.725830078 0.914306641
vt 0.733398438 0.906494141
v -0.450073272 0.043243349 -0.207000598
vt 0.775146484 0.906738281
vn -0.298694521 -0.951106310 -0.078603745
v -0.440155059 0.043731630 -0.218063220
vt 0.772705078 0.901123047
vn -0.623906910 -0.189541370 -0.758165181
v -0.439300567 0.030303895 -0.230010852
vt 0.772216797 0.895263672
vn -0.974687397 0.039301857 -0.220090553
v -0.438781768 0.094116151 -0.218063235
vt 0.751953125 0.901611328
vn -0.872475564 0.094321616 -0.479468405
v -0.453552276 0.071700990 -0.217635989
vt 0.763183594 0.906738281
vn -0.440849364 -0.015744673 -0.897442997
v -0.437835723 0.081390321 -0.231033206
vt 0.755371094 0.894775391
vn -0.892395914 0.031589177 -0.450146466
vt 0.732177734 0.892089844
v -0.429962188 0.039703310 -0.235458240
vt 0.772949219 0.889404297
vn -0.565249562 -0.117760375 -0.816471398
v -0.430023223 0.090286195 -0.234680057
vt 0.752197266 0.890380859
vn -0.442359716 0.086892009 -0.892618418
v -0.453430146 0.044235200 0.223297253
vt 0.753417969 0.416748047
vn -0.812789202 -0.512925327 0.276190668
v -0.451629609 0.073333710 0.224762082
vt 0.752929688 0.405273438
vn -0.275547713 0.039364006 0.960481107
v -0.454345673 0.087036103 0.219192624
vt 0.756347656 0.401123047
vn -0.952726305 0.157475382 0.259834558
v -0.440612763 0.043365449 0.224899426
vt 0.745849609 0.415771484
vn -0.967664361 -0.015734412 0.251750201
v -0.440673798 0.094619721 0.225006223
vt 0.750488281 0.393066406
vn -0.810897946 0.173201516 0.558968604
v -0.454894990 0.068313569 0.212906003
vt 0.759277344 0.410156250
v -0.454498261 0.091354340 0.184829831
vt 0.768554688 0.404296875
vn -0.970763683 0.110493369 -0.213094324
v -0.439544648 0.043090791 0.217361584
vt 0.750000000 0.420898438
vn -0.962811232 -0.268324465 0.031567719
v -0.441314667 0.000228852 0.217575207
vt 0.743164062 0.436767578
vn -0.615012646 -0.788477838 0.007884893
v -0.441314667 0.042663544 0.197708264
vt 0.759033203 0.428955078
vn -0.971490085 -0.236948848 0.007898430
v -0.442077607 0.000686616 0.241150036
vt 0.731689453 0.434814453
vn -0.779310107 -0.283385485 0.558899283
v -0.450164765 0.042968720 0.181579724
vt 0.769287109 0.425048828
vn -0.369838148 -0.424920380 -0.826233923
v -0.440551728 0.044403046 0.181717053
vt 0.772460938 0.430175781
vn -0.986671269 -0.039466903 -0.157867268
v -0.454009980 0.046524018 0.188522473
vt 0.764892578 0.420410156
vn -0.985842526 -0.126187891 -0.110414229
v -0.456298798 0.067718476 0.194458127
vt 0.764404297 0.412109375
vn -0.999597251 -0.015741734 -0.023612402
v -0.440856904 0.095413178 0.181945920
vt 0.773437500 0.400390625
vn -0.964253724 0.079037130 -0.252918869
v -0.449188203 0.095535249 0.182022214
vt 0.770263672 0.402343750
vn -0.252595812 0.726212680 -0.639382899
v -0.440063447 0.095657319 0.217361569
vt 0.754638672 0.390869141
vn -0.967664421 0.251750052 0.015734496
v -0.452087373 0.095260590 0.211639524
vt 0.758056641 0.397705078
vn -0.521287322 0.845117390 0.118474431
v -0.440338105 0.110328630 0.235931516
vt 0.747558594 0.384277344
vn -0.963021219 0.023680819 0.268383086
v -0.440551728 0.132652238 0.230255246
vt 0.753173828 0.373779297
vn -0.988820970 -0.000000037 0.149108052
v -0.440551728 0.093917817 0.233047605
vt 0.746337891 0.392333984
vn -0.756374598 0.015757799 0.653948963
v -0.439575166 0.117790177 0.216278195
vt 0.758056641 0.380615234
vn -0.999969006 -0.000000043 0.007873903
vt 0.768310547 0.377197266
vt 0.764892578 0.359619141
vt 0.752929688 0.366943359
v -0.433319062 0.110938981 0.240524411
vt 0.743652344 0.382812500
vn -0.227697864 0.015703343 0.973605275
v -0.433349580 0.140411332 0.240097165
vt 0.748535156 0.368652344
vn -0.188555866 0.000000035 0.982062519
v -0.423492402 0.191291779 0.240707517
vt 0.748779297 0.345947266
vn -0.086290978 0.000000040 0.996270061
v -0.403533906 0.120391808 0.241241574
vt 0.732421875 0.369873047
vn -0.015743997 0.015744170 0.999752104
v -0.401489228 0.185821503 0.240692258
vt 0.738037109 0.342773438
vn 0.000000131 0.000000044 1.000000000
v -0.385528535 0.180732697 0.240615949
vt 0.730224609 0.341064453
vn 0.015746210 0.000000044 0.999876022
v -0.401123017 0.102355927 0.243255734
vt 0.728271484 0.377685547
vn -0.031476423 0.015738318 0.999380589
v -0.391876191 0.089767426 0.242172346
vt 0.721923828 0.380859375
vn 0.023650767 0.323225677 0.946026325
v -0.372589082 0.110557519 0.240158185
vt 0.714843750 0.370605469
vn 0.220254198 -0.007866165 0.975410879
v -0.373901337 0.210647553 0.241287336
vt 0.723144531 0.329345703
vn 0.141417116 -0.007856450 0.989919007
v -0.377899140 0.087142915 0.242736921
vt 0.715820312 0.382568359
vn 0.807899117 0.101967901 0.580432236
v -0.428894013 0.088561982 0.241684079
vt 0.738281250 0.393310547
vn -0.677753806 0.244306654 0.693515718
v -0.379241914 0.087936372 0.256012082
vt 0.716552734 0.388916016
vn 0.403051943 0.260798335 0.877230525
v -0.379516572 0.040115327 0.257171750
vt 0.698486328 0.406738281
vn 0.440781057 -0.401425421 0.802850902
v -0.399932832 0.087142915 0.257660031
vt 0.722167969 0.391601562
vn 0.023598004 0.527020216 0.849525034
v -0.405242890 0.062576264 0.259643674
vt 0.718505859 0.401855469
v -0.427825898 0.088149995 0.257415891
vt 0.731445312 0.394775391
vn -0.337610632 0.494639009 0.800844133
v -0.427978486 0.047759980 0.257415891
vt 0.724121094 0.409179688
vn -0.560376823 -0.110496849 0.820833862
v -0.425079316 0.039764374 0.253936887
vt 0.722412109 0.413085938
vn -0.094208151 -0.942082405 0.321878165
v -0.402954072 0.039382905 0.240417615
vt 0.714599609 0.421875000
vn 0.015687497 -0.462777108 0.886335850
v -0.429748505 0.040115327 0.242309704
vt 0.729980469 0.415283203
vn -0.331325382 -0.094664410 0.938755691
v -0.422180146 0.003326386 0.241424695
vt 0.722900391 0.430908203
vn 0.039328780 -0.023597145 0.998947680
v -0.440185517 0.079421967 0.238311887
vt 0.742431641 0.398681641
vn -0.833535254 0.047181226 0.550447941
vt 0.629638672 0.867187500
v -0.388000518 0.334052980 -0.137847796
vt 0.594726562 0.862060547
vn -0.015716869 0.919437528 0.392922014
vt 0.626464844 0.864257812
vt 0.578369141 0.851806641
vt 0.593017578 0.865234375
v -0.327301055 0.333259523 -0.135909930
vt 0.571044922 0.855712891
vn 0.015769472 0.946173429 -0.323275924
v -0.313110381 0.337928712 -0.133499041
vt 0.564697266 0.858886719
vn -0.000000075 0.967784166 -0.251781255
vt 0.566650391 0.870117188
v -0.441894501 0.000152558 0.196777478
vt 0.871582031 0.808593750
vn -0.749147058 -0.662403762 0.000000127
vt 0.863281250 0.811523438
vt 0.867431641 0.791015625
v -0.441131562 0.000213593 0.178772107
vt 0.878417969 0.805664062
vn -0.842702627 -0.535549343 -0.055129942
vt 0.879638672 0.790283203
v -0.404388398 0.000839204 0.181274548
vt 0.885009766 0.822265625
vn 0.007865037 -0.998854995 -0.047189955
vt 0.853027344 0.816406250
v -0.403442353 0.001205415 0.240341321
vt 0.862060547 0.834472656
vn -0.007879518 -0.756445110 0.654009879
vt 0.893066406 0.771240234
v -0.440460175 0.085967973 0.168731809
vt 0.896484375 0.776855469
vn -0.805424988 0.023688907 -0.592224121
v -0.441986054 0.007492021 0.168823376
vt 0.884521484 0.802734375
vn -0.776619911 -0.054912575 -0.627571523
v -0.428680390 0.034393266 0.165939465
vt 0.897705078 0.800537109
vn -0.732738018 -0.063031279 -0.677585483
v -0.426910371 0.000656083 0.166534558
vt 0.885742188 0.809326172
vn -0.071137987 -0.553294897 -0.829942346
v -0.423950166 0.033050492 0.167236462
vt 0.898437500 0.803466797
vn -0.023550602 -0.965574980 -0.259056658
v -0.407409638 0.000488237 0.166473523
vt 0.889160156 0.815429688
vn 0.338226259 -0.196643263 -0.920290411
v -0.403594941 0.032226518 0.168411389
vt 0.900146484 0.813964844
vn -0.000000125 -0.118212938 -0.992988288
v -0.399230927 0.004119828 0.165756360
vt 0.892578125 0.823242188
vn -0.411070436 -0.339923650 -0.845856309
v -0.399871796 0.032623246 0.166244641
vt 0.902099609 0.814941406
vn 0.031465817 -0.881043553 -0.471987575
v -0.374481171 0.001190141 0.166824460
vt 0.895996094 0.832275391
vn 0.157499820 -0.858374238 -0.488249570
v -0.378723115 0.035217240 0.166290402
vt 0.908447266 0.822753906
vn 0.730902672 -0.558000922 -0.392958522
v -0.400909394 0.000579804 0.235839978
vt 0.864501953 0.834716797
vn 0.000000045 -0.999969006 0.007873815
v -0.371734589 0.000869721 0.217819333
vt 0.875732422 0.845214844
vn 0.283017486 -0.959114790 0.000000005
v -0.371368378 0.001892060 0.241317868
vt 0.864257812 0.847656250
vn 0.268224359 -0.504892647 0.820450604
vt 0.900878906 0.067382812
vt 0.895507812 0.088134766
vt 0.889892578 0.070312500
v -0.440765351 0.130371049 0.180954099
vt 0.888427734 0.086914062
vn -0.999102235 0.015733849 -0.039334603
vt 0.893554688 0.115722656
vt 0.884521484 0.108154297
v -0.440216035 0.121353105 0.170929074
vt 0.882812500 0.084716797
vn -0.737714708 0.015695995 -0.674930215
vt 0.879638672 0.069335938
v -0.434478730 0.176307634 0.167923093
vt 0.880859375 0.109375000
vn -0.251781374 -0.000000053 -0.967784226
v -0.426727265 0.088470414 0.166839719
vt 0.873535156 0.072753906
vn -0.118198343 0.015759712 -0.992864966
v -0.422424287 0.166561082 0.167266965
vt 0.872802734 0.106445312
v -0.432159394 0.085998490 0.165573239
vt 0.875244141 0.070312500
vn -0.188463077 0.031410441 -0.981577873
vt 0.876220703 0.052246094
v -0.428924531 0.062286332 0.165802121
vt 0.874755859 0.062255859
vn -0.999442518 0.023608835 -0.023608752
v -0.428222626 0.080200151 0.165817380
vt 0.872802734 0.068603516
vn -0.753642857 0.651586890 -0.086354837
v -0.419097871 0.082214311 0.167678952
vt 0.868896484 0.071289062
vn 0.015730837 0.220233604 -0.975320399
v -0.414672822 0.082550004 0.147338986
vt 0.863525391 0.064208984
vn -0.094809145 0.995495498 -0.000000031
v -0.406860322 0.118850671 0.167480588
vt 0.862548828 0.088867188
vn 0.031480324 -0.000000042 -0.999504447
v -0.417297333 0.167823747 0.167358518
vt 0.870361328 0.107421875
vn -0.377590209 -0.157329261 -0.912509263
v -0.406738251 0.082321122 0.158035398
vt 0.861572266 0.068847656
vn -0.054914240 0.988455832 0.141207919
v -0.404937714 0.087463334 0.149139524
vt 0.859619141 0.065429688
vn -0.015745636 0.999845147 0.007872755
v -0.401641816 0.082504228 0.141052365
vt 0.856689453 0.062011719
v -0.394500703 0.082855180 0.150650129
vt 0.855468750 0.066406250
vn 0.070680097 0.997375369 0.015706647
v -0.385223359 0.082687333 0.082870603
vt 0.841064453 0.043701172
vn 0.118212849 0.992988288 -0.000000059
v -0.380859345 0.081512406 0.165680036
vt 0.851318359 0.072265625
vn 0.212177798 0.864428461 -0.455789626
v -0.405029267 0.082900956 0.167633176
vt 0.861572266 0.073242188
vn 0.015796943 0.466013819 -0.884636521
v -0.390716523 0.082244828 0.167358503
vt 0.854980469 0.073730469
vn -0.071084768 0.142169222 -0.987286627
v -0.377136201 0.140655488 0.166580305
vt 0.846923828 0.099853516
vn 0.110431395 -0.000000039 -0.993883729
v -0.403533906 0.108085595 0.168243527
vt 0.859863281 0.084960938
vn -0.007873903 -0.000000044 -0.999969006
v -0.388275117 0.167449906 0.167572126
vt 0.855712891 0.108398438
vn -0.031542175 -0.165595815 -0.985689163
v -0.384613007 0.172744706 0.166671857
vt 0.854736328 0.111572266
vn 0.694811344 -0.031582337 -0.718498290
v -0.384674042 0.183608964 0.152969465
vt 0.856689453 0.116455078
vn 0.173903480 -0.663995326 -0.727232933
v -0.413970917 0.179557756 0.156570554
vt 0.867431641 0.113525391
vn -0.000000067 -0.675013542 -0.737805426
v -0.402404755 0.166450456 0.167877316
vt 0.862548828 0.107177734
vn 0.023720665 -0.150231719 -0.988366246
v -0.439880401 0.005905092 -0.209380969
vt 0.137451172 0.489501953
vn -0.992957532 -0.118209280 0.007880751
vt 0.126708984 0.480712891
v -0.441192657 0.008132875 -0.233886585
vt 0.135498047 0.480957031
vn -0.906805933 -0.055196937 -0.417919099
vt 0.122558594 0.475341797
vt 0.123046875 0.492919922
v -0.435485870 0.001007020 -0.234557971
vt 0.139404297 0.479980469
vn -0.086515062 -0.676389992 -0.731444955
v -0.403656036 0.039169252 -0.233749256
vt 0.135498047 0.463134766
vn 0.007896961 -0.418544292 -0.908162057
v -0.439483643 0.000518754 -0.169891223
vt 0.140869141 0.504638672
vn -0.781030118 -0.623246372 0.039446097
v -0.406219512 0.002716005 -0.234023914
vt 0.150634766 0.476318359
vn 0.125583783 -0.078489974 -0.988973260
v -0.403228790 0.000472963 -0.230483875
vt 0.154296875 0.477294922
vn 0.023592822 -0.975169480 -0.220199510
v -0.434661895 0.000549257 -0.203826770
vt 0.140869141 0.491210938
vn -0.141403854 -0.989827394 -0.015711484
v -0.403747588 0.000625551 -0.203903064
vt 0.153564453 0.488769531
vn 0.000000044 -1.000000000 0.000000044
v -0.366973907 0.001281679 -0.224090457
vt 0.167968750 0.481445312
vn 0.581327200 -0.801288843 -0.141403943
vt 0.126464844 0.509033203
v -0.373016387 0.000610292 -0.200408816
vt 0.164306641 0.491943359
vn 0.000000043 -0.999969006 -0.007873728
v -0.369964600 0.000595033 -0.188522220
vt 0.165039062 0.497314453
vn 0.251656711 -0.967305303 0.031457089
v -0.402496338 0.000625566 -0.162567005
vt 0.153564453 0.508544922
vn 0.000000051 -0.998484433 0.055034619
v -0.371978760 0.001373246 -0.160613894
vt 0.163818359 0.509765625
vn 0.338059217 -0.479572177 0.809769392
v -0.437744170 0.094833329 -0.166717410
vt 0.114746094 0.525390625
vn -0.961106718 0.015755817 0.275727451
vt 0.111572266 0.522949219
v -0.439819336 0.032302812 -0.165984973
vt 0.132324219 0.512695312
v -0.432891846 0.001357988 -0.160369739
vt 0.143066406 0.508789062
vn -0.126392275 -0.292282432 0.947943091
v -0.434356689 0.085082963 -0.158508182
vt 0.120361328 0.527587891
vn -0.623246193 0.039445978 0.781030238
v -0.430297881 0.089370683 -0.159942508
vt 0.118896484 0.528808594
vn -0.118198082 0.015759798 0.992864966
v -0.428100586 0.081298783 -0.158187747
vt 0.122558594 0.529296875
vn -0.663084447 0.663084447 0.347330034
v -0.436462402 0.018798783 -0.160095081
vt 0.138427734 0.514648438
vn -0.550634980 -0.039331067 0.833819032
v -0.429199219 0.048385575 -0.159194812
vt 0.133789062 0.524902344
vn -0.987132728 -0.055279467 0.150044307
v -0.400756836 0.003875688 -0.159530506
vt 0.153808594 0.511230469
vn 0.000000134 -0.062867478 0.998021960
v -0.427337646 0.033523515 -0.159683093
vt 0.141113281 0.523437500
vn -0.244382426 -0.417815328 0.875047326
v -0.429504395 0.067993119 -0.128402591
vt 0.127441406 0.538085938
vn -0.999690175 0.023614686 -0.007871446
v -0.428833008 0.079528764 -0.097007625
vt 0.120605469 0.547363281
vn -0.628520012 0.777793527 0.000000048
v -0.429107666 0.077514604 -0.037624236
vt 0.124267578 0.568359375
vn -0.993883729 0.110431477 0.000000126
v -0.429504395 0.049804643 -0.056079742
vt 0.139648438 0.559326172
vn -0.998885930 -0.047191504 0.000000133
v -0.427215576 0.034057572 -0.123260371
vt 0.142578125 0.536865234
vn -0.730248928 -0.683136165 0.007852265
v -0.426605225 0.033843949 -0.061031219
vt 0.146484375 0.555175781
vn -0.306763440 -0.951753318 -0.007865648
v -0.402160645 0.032897905 -0.159576282
vt 0.152832031 0.524658203
vn -0.023563622 -0.989674628 0.141382128
v -0.400207520 0.032638505 -0.041656375
vt 0.161865234 0.562500000
vn -0.015746037 -0.999876022 0.000000046
v -0.383697510 0.033065751 -0.159438968
vt 0.159667969 0.522460938
vn 0.047322050 -0.362801284 0.930664241
v -0.384063721 0.032791093 -0.093185306
vt 0.166259766 0.543457031
vn 0.086291149 -0.996270061 0.000000032
v -0.381835938 0.033203080 -0.046199683
vt 0.168701172 0.563232422
vn 0.323316127 -0.946291029 -0.000000001
v -0.378417969 0.036437944 -0.108993411
vt 0.169189453 0.536376953
vn 0.949465096 -0.313872725 -0.000000111
v -0.381896973 0.033004716 -0.132079959
vt 0.163818359 0.531005859
vn 0.244390205 -0.969677091 0.000000010
v -0.378417969 0.037750199 -0.159072757
vt 0.162353516 0.522705078
vn 0.804622769 -0.197211385 0.560080349
v -0.371093750 0.061904863 -0.159393206
vt 0.168212891 0.525878906
vn 0.574447274 -0.015738217 0.818390310
v -0.380645752 0.034667924 -0.155364871
vt 0.161621094 0.523681641
vn 0.662321389 -0.749053895 -0.015769610
v -0.380645752 0.034667924 -0.156219363
vt 0.161376953 0.523437500
vn 0.662403762 -0.749147058 -0.000000054
v -0.380645752 0.034667924 -0.157073855
vt 0.161376953 0.523193359
vn 0.650925338 -0.713665187 -0.258801699
vt 0.982910156 0.364257812
vt 0.998046875 0.392578125
v -0.436035126 0.231927350 0.166473508
vt 0.981445312 0.366210938
vn -0.197242230 -0.063117526 -0.978320897
vt 0.992431641 0.388427734
vt 0.980957031 0.374511719
vt 0.976806641 0.373535156
v -0.412689179 0.230773643 0.166839719
vt 0.969482422 0.366455078
vn -0.000000129 -0.047191504 -0.998885930
v -0.378692597 0.247920945 0.166214094
vt 0.956298828 0.377929688
vn 0.432722151 -0.621546447 -0.653017223
v -0.428802460 0.229515150 0.167144895
vt 0.977539062 0.364013672
vn -0.094782598 -0.023695664 -0.995215952
vt 0.986572266 0.335937500
vt 0.984130859 0.337890625
vt 0.975341797 0.334228516
v -0.417633027 0.222096398 0.167190671
vt 0.971435547 0.362304688
vn -0.732806206 0.598852336 0.323065162
v -0.387084931 0.222068265 0.166824445
vt 0.960937500 0.367919922
vn 0.369689345 0.904559016 0.212374642
v -0.418304414 0.197807267 0.167389035
vt 0.971923828 0.350830078
vn -0.937909663 -0.007881650 -0.346790016
vt 0.973876953 0.334716797
vt 0.657226562 0.923095703
vt 0.635742188 0.919433594
v -0.438476592 0.157226503 -0.165069461
vt 0.627929688 0.913818359
vn -0.978716910 -0.000000034 0.205214962
v -0.438598663 0.136711061 -0.163421512
vt 0.619384766 0.913574219
vn -0.915317357 -0.015781358 0.402424157
v -0.436737090 0.160446107 -0.163055301
vt 0.628417969 0.912109375
vn -0.527020097 0.023597935 0.849525213
v -0.436737090 0.161292970 -0.163024783
vt 0.629150391 0.911621094
vn -0.583310366 -0.023647711 0.811905086
v -0.436767608 0.162147462 -0.163024783
vt 0.629638672 0.912109375
vn -0.569192111 -0.007905439 0.822166681
v -0.431121856 0.145027101 -0.160140872
vt 0.623046875 0.904052734
vn -0.196115986 0.000000034 0.980580688
v -0.430542022 0.230372369 -0.159896731
vt 0.661132812 0.916748047
vn -0.086902782 -0.039501283 0.995433450
v -0.417114288 0.169818819 -0.160247684
vt 0.639892578 0.895507812
vn -0.188346714 -0.047086675 0.980973184
v -0.417877227 0.217622697 -0.160186648
vt 0.661865234 0.907226562
vn -0.878087103 0.015680110 0.478244036
v -0.417572051 0.203779161 -0.137603641
vt 0.658935547 0.895263672
vn -0.997775495 -0.047139041 0.047139134
v -0.417602539 0.227123797 -0.111656077
vt 0.669921875 0.892089844
v -0.417816162 0.216276109 -0.117454417
vt 0.665771484 0.891845703
vn -0.387161165 -0.640001357 0.663705111
v -0.413055450 0.200099885 -0.130798221
vt 0.658691406 0.892578125
vn -0.118271552 -0.678090870 0.725399613
v -0.416473418 0.187042177 -0.143340945
vt 0.650878906 0.893554688
vn -0.180515632 -0.659274876 0.729911566
v -0.402191192 0.167125642 -0.161208987
vt 0.638671875 0.888183594
vn 0.000000138 -0.330350369 0.943858385
v -0.386779815 0.191821992 -0.138870135
vt 0.654052734 0.878906250
vn 0.157676086 -0.670122743 0.725309432
v -0.401123047 0.240354493 -0.093498118
vt 0.672363281 0.874755859
vn 0.007848878 -0.674992621 0.737782717
v -0.385131866 0.169784486 -0.160156146
vt 0.638427734 0.879638672
vn 0.219441012 -0.086208865 0.971809566
vt 0.720214844 0.578613281
vt 0.722167969 0.593505859
vt 0.717041016 0.580566406
vt 0.712402344 0.609619141
vt 0.722412109 0.574951172
vt 0.728271484 0.595214844
vt 0.724365234 0.601562500
vt 0.741210938 0.600585938
v -0.402862579 0.101730302 -0.160598636
vt 0.736083984 0.574218750
vn 0.000000130 0.015746122 0.999876022
vt 0.746582031 0.597167969
vt 0.753662109 0.595214844
vt 0.722412109 0.571533203
v -0.384094238 0.082550004 -0.160110369
vt 0.740722656 0.563964844
vn 0.055186693 0.362654746 0.930288196
v -0.401092529 0.082611039 -0.159820437
vt 0.733642578 0.567138672
vn 0.000000037 0.828391194 0.560150146
v -0.410339355 0.082214311 -0.143340945
vt 0.726318359 0.563720703
vn -0.054926090 0.996515274 -0.062772654
v -0.411560059 0.082656816 -0.128661990
vt 0.722900391 0.558837891
vn -0.070686720 0.997467637 0.007854042
v -0.396148682 0.082961991 -0.133483782
vt 0.729980469 0.557617188
vn 0.023614686 0.999690175 0.007871530
v -0.403656006 0.086456254 -0.136184573
vt 0.727050781 0.560058594
vn -0.031464916 0.999009490 -0.031464908
v -0.400115967 0.082122758 -0.048091769
vt 0.717529297 0.527832031
v -0.383453369 0.082122758 -0.101798892
vt 0.730224609 0.544189453
vn 0.205214798 0.978717029 -0.000000070
v -0.378295898 0.079116777 -0.158676043
vt 0.741943359 0.562255859
vn 0.882985413 0.465144128 0.063070245
v -0.378204346 0.078308061 -0.092201114
vt 0.731201172 0.540527344
vn 0.982062519 0.188556045 -0.000000137
v -0.385986328 0.082794145 -0.024404410
vt 0.719238281 0.517089844
vn 0.094806105 0.995464504 -0.007900568
v -0.396057129 0.082870439 0.022298930
vt 0.711425781 0.502197266
v -0.378814697 0.079940751 -0.019695166
vt 0.721923828 0.514404297
vn 0.637084663 0.770793855 -0.000000117
v -0.378204346 0.075530961 -0.003587130
vt 0.721923828 0.508544922
vn 0.894867957 0.251191020 -0.368936956
vt 0.903076172 0.891357422
vt 0.927246094 0.863037109
v -0.431152374 0.181751192 -0.234115481
vt 0.920410156 0.882812500
vn -0.346790284 -0.007881651 -0.937909663
vt 0.903564453 0.918457031
v -0.430938751 0.233248174 -0.234771609
vt 0.934570312 0.865722656
vn -0.330177009 -0.125781730 -0.935501099
v -0.401824981 0.132446229 -0.234466434
vt 0.925781250 0.909667969
vn -0.007873659 0.007873484 -0.999938011
v -0.410095245 0.216806352 -0.235046268
vt 0.938476562 0.876464844
vn -0.023614859 -0.007871621 -0.999690175
v -0.405853301 0.232688844 -0.234969974
vt 0.943359375 0.870361328
vn -0.007903090 -0.292410225 -0.956260383
v -0.396606475 0.230566680 -0.234405413
vt 0.946533203 0.872558594
vn 0.015783671 -0.205189317 -0.978595018
v -0.400177032 0.210575044 -0.234557986
vt 0.942138672 0.881103516
vn 0.015741559 -0.023612576 -0.999597251
v -0.382019073 0.157226503 -0.234420672
vt 0.943115234 0.906738281
vn 0.047189869 0.007864958 -0.998854995
v -0.398498565 0.225871027 -0.238052249
vt 0.945068359 0.875244141
vn 0.023615332 -0.000000043 -0.999721229
v -0.389617950 0.217414796 -0.234619036
vt 0.947998047 0.879638672
vn 0.031479351 -0.007869913 -0.999473512
v -0.373138458 0.233290613 -0.234786883
vt 0.955810547 0.874511719
vn 0.447241008 -0.117695056 -0.886636019
v -0.371704131 0.191665590 -0.234008685
vt 0.951904297 0.894287109
vn 0.527150512 -0.007867934 -0.849735439
v -0.371917754 0.119888254 -0.231994525
vt 0.951660156 0.919921875
vn 0.662321270 -0.015769560 -0.749054015
v -0.367431670 0.129539430 -0.222137347
vt 0.958984375 0.918457031
vn 0.969646871 0.007883340 -0.244382694
v -0.368286163 0.199294984 -0.225143328
vt 0.956542969 0.892089844
vn 0.973725319 0.000000033 -0.227726221
v -0.367645293 0.235620439 -0.225463763
vt 0.959716797 0.874755859
vn 0.986671269 -0.063146919 -0.149974167
vt 0.972900391 0.695312500
vt 0.964355469 0.717285156
vt 0.961181641 0.709472656
vt 0.967529297 0.694580078
v -0.420593232 0.235424489 0.247192502
vt 0.957763672 0.716064453
vn -0.125688344 -0.141399488 0.981941283
vt 0.945800781 0.708984375
v -0.414672822 0.232221574 0.241211057
vt 0.956542969 0.719238281
vn -0.070857219 -0.204698980 0.976256907
v -0.396148652 0.235486478 0.247161970
vt 0.947998047 0.718017578
vn 0.031368107 -0.446993500 0.893987060
vt 0.962646484 0.736816406
vt 0.968750000 0.732910156
vt 0.973632812 0.751464844
v -0.414062470 0.218216866 0.241851926
vt 0.957763672 0.726806641
vn -0.157397270 -0.086568534 0.983733773
v -0.403289765 0.228644401 0.245620847
vt 0.954101562 0.724121094
vn -0.015765032 0.244359821 0.969556570
v -0.402435273 0.213086098 0.241226315
vt 0.953125000 0.729980469
vn 0.015799677 -0.094797216 0.995371222
vt 0.953857422 0.740234375
v -0.399200410 0.216934174 0.245300412
vt 0.952392578 0.728027344
vn 0.055186726 -0.268049091 0.961823404
v -0.394439667 0.221037835 0.241455182
vt 0.949951172 0.727294922
vn 0.062850185 0.023568816 0.997744679
vt 0.947509766 0.742431641
v -0.380371064 0.234714001 0.241470441
vt 0.942871094 0.722167969
vn 0.055212468 -0.157749474 0.985934496
vt 0.938476562 0.730224609
v -0.380218476 0.238373727 0.246368513
vt 0.941894531 0.717773438
vn 0.274909735 -0.078545548 0.958256364
v -0.365814179 0.238573998 0.238998517
vt 0.937500000 0.721435547
vn 0.896194398 -0.055029418 0.440235704
v -0.364440888 0.294425935 0.242355451
vt 0.922851562 0.707031250
vn 0.416330367 -0.699120581 0.581291258
vt 0.932861328 0.702636719
vt 0.939208984 0.710449219
v -0.392547578 0.236930817 0.247406110
vt 0.946289062 0.717529297
vn 0.078494914 -0.007849431 0.996883690
v -0.393402070 0.236930817 0.247451887
vt 0.946777344 0.717529297
vn 0.031480584 0.000000045 0.999504447
v -0.394256562 0.236815423 0.247451887
vt 0.947021484 0.717529297
vn -0.110417664 0.015774008 0.993760109
vt 0.864990234 0.188232422
vt 0.861572266 0.190917969
v -0.421569854 0.232753694 -0.157729983
vt 0.857910156 0.187988281
vn -0.023556281 -0.070669197 0.997221589
vt 0.865234375 0.191406250
v -0.403595001 0.230249584 -0.160507083
vt 0.852539062 0.192382812
vn 0.007881733 -0.346790135 0.937909722
v -0.428253204 0.246864259 -0.158645511
vt 0.862060547 0.179199219
vn -0.448360384 -0.810195208 0.377566814
vt 0.871826172 0.180908203
v -0.427947998 0.247875154 -0.099342227
vt 0.877929688 0.155273438
vn -0.849761665 -0.527167022 0.000000134
v -0.416259795 0.246635377 -0.136611819
vt 0.863525391 0.167236328
vn -0.394828618 -0.071069174 -0.916002035
v -0.384582549 0.246616304 -0.135696307
vt 0.844726562 0.161621094
vn 0.832686245 -0.471331805 -0.290654719
v -0.378875762 0.248605669 -0.158416644
vt 0.839111328 0.173339844
vn 0.684657574 -0.448568612 0.574482620
v -0.379516602 0.248123124 -0.087211497
vt 0.843505859 0.142578125
vn 0.834438801 -0.551044405 0.007871978
v -0.377868682 0.260658205 -0.116813548
vt 0.832275391 0.156005859
vn 0.998021960 -0.062867478 -0.000000128
v -0.378051788 0.268741548 -0.138702288
vt 0.825439453 0.168457031
vn 0.999969006 0.000000043 -0.007873903
v -0.378173858 0.282535493 -0.157806292
vt 0.824218750 0.175537109
vn 0.954028487 -0.007884477 0.299612135
v -0.377868652 0.281433046 -0.082229502
vt 0.798828125 0.163574219
vn 1.000000000 0.000000044 -0.000000131
v -0.365875274 0.258422792 -0.160461321
vt 0.832275391 0.179443359
vn 0.748310030 -0.047261618 0.661663413
v -0.375610381 0.232560098 -0.157882586
vt 0.839599609 0.184814453
vn 0.062861830 -0.125723347 0.990071774
v -0.367919952 0.232341230 -0.159759417
vt 0.835693359 0.186767578
vn 0.757598579 -0.165724590 0.631331861
v -0.372009307 0.230491579 -0.160430804
vt 0.837890625 0.186523438
vn 0.299166352 -0.055109512 0.952608228
v -0.367492706 0.230782211 -0.168136492
vt 0.836181641 0.190429688
vn 0.983216226 -0.023597140 0.180911660
vt 0.692138672 0.515625000
vt 0.695068359 0.524169922
vt 0.690673828 0.520263672
v -0.422515899 0.234925687 -0.239333987
vt 0.689697266 0.511474609
vn -0.157779083 -0.220890582 -0.962451637
v -0.427917510 0.263111055 -0.238632083
vt 0.681152344 0.514404297
vn -0.724387109 -0.165349275 -0.669270515
v -0.419464141 0.259677827 -0.240753055
vt 0.680175781 0.510253906
vn -0.062861711 -0.895779192 -0.440031856
vt 0.689697266 0.503662109
v -0.405303985 0.235512197 -0.240066409
vt 0.686767578 0.503173828
vn 0.015714811 -0.062859803 -0.997898698
v -0.405303985 0.233531415 -0.237777591
vt 0.688232422 0.503906250
vn -0.023589190 -0.872799039 -0.487509370
v -0.404449493 0.233531415 -0.237808108
vt 0.687988281 0.502929688
vn -0.000000026 -0.873042047 -0.487645090
v -0.384613067 0.261398256 -0.239700213
vt 0.674560547 0.492431641
vn 0.543138683 -0.527395606 -0.653340876
v -0.403595001 0.233544767 -0.237808108
vt 0.687988281 0.502197266
vn -0.000000051 -0.763684928 -0.645589232
vt 0.689208984 0.498535156
v -0.378936797 0.235783041 -0.239395037
vt 0.683105469 0.490478516
vn 0.133395791 -0.188323691 -0.973005533
vt 0.682861328 0.486572266
v -0.376647979 0.270606935 -0.239059344
vt 0.669921875 0.486816406
vn 0.268382818 -0.023680879 -0.963021219
v -0.384490997 0.295486391 -0.241149798
vt 0.661132812 0.488769531
vn 0.694789827 -0.686894417 -0.213174224
v -0.368011504 0.234849393 -0.234832659
vt 0.680664062 0.482910156
vn 0.583111107 -0.118198238 -0.803747952
vt 0.681640625 0.478271484
v -0.363372833 0.295310915 -0.236129656
vt 0.659667969 0.479003906
vn 0.629609048 -0.598128617 -0.495817214
v -0.366760284 0.253824174 -0.234496966
vt 0.674072266 0.479492188
vn 0.873663664 -0.078708433 -0.480121642
v -0.365722686 0.262855470 -0.222015277
vt 0.667724609 0.469970703
vn 0.408437073 -0.054981954 -0.911129177
v -0.366455108 0.249055803 -0.221908465
vt 0.675048828 0.473144531
vn 0.126168132 -0.591413558 -0.796436846
v -0.293487579 0.250444353 -0.221954241
vt 0.678222656 0.438964844
vn -0.000000118 -0.227726102 -0.973725259
v -0.324279815 0.265197694 -0.222747698
vt 0.664550781 0.449951172
v -0.240173370 0.264663637 -0.223205477
vt 0.694335938 0.410156250
vn -0.000000130 -0.015746122 -0.999876022
v -0.364257842 0.281612337 -0.222213641
vt 0.657470703 0.468750000
vn 0.094806015 0.007900472 -0.995464504
v -0.244430572 0.279132783 -0.222381502
vt 0.623291016 0.434326172
vn -0.000000133 0.039339561 -0.999225974
v -0.306701690 0.287685335 -0.222381487
vt 0.635986328 0.456298828
vn -0.007865133 0.047189955 -0.998854995
v -0.362640411 0.296661317 -0.222457781
vt 0.653808594 0.473388672
vn 0.426188886 -0.733992040 -0.528789937
v -0.306976348 0.297943056 -0.221145526
vt 0.629150391 0.461914062
vn -0.000000134 0.078497149 -0.996914387
v -0.341766387 0.296707094 -0.222076312
vt 0.644287109 0.471435547
vn 0.023712503 0.086946294 -0.995930731
v -0.340393096 0.297416627 -0.221710101
vt 0.643066406 0.471679688
vn 0.007872904 0.440890253 -0.897526622
v -0.363159209 0.299377382 -0.218704119
vt 0.653076172 0.474609375
vn 0.015687225 0.431402445 -0.902023315
vt 0.643554688 0.471679688
vn -0.062854074 0.549971879 -0.832814693
vt 0.385009766 0.256835938
vt 0.376220703 0.269042969
vt 0.367431641 0.245117188
vt 0.368164062 0.239257812
v -0.428863555 0.262744844 -0.279785037
vt 0.385742188 0.238769531
vn -0.866921544 -0.283719808 -0.409817308
vt 0.379394531 0.222167969
vt 0.388427734 0.254882812
v -0.420471221 0.259433687 -0.274627566
vt 0.388916016 0.241699219
vn -0.063237615 -0.995993078 -0.063237600
v -0.392181426 0.260295808 -0.279083133
vt 0.399169922 0.240966797
vn 0.102435276 -0.953436017 -0.283666849
vt 0.407958984 0.256347656
v -0.406005889 0.276538789 -0.281127810
vt 0.394287109 0.231445312
vn -0.000000129 -0.039339650 -0.999225974
v -0.386199981 0.294753969 -0.280853152
vt 0.404785156 0.224853516
vn 0.353498846 -0.816975117 -0.455620766
v -0.384979278 0.265655458 -0.279601932
vt 0.402832031 0.239501953
vn 0.946026385 -0.102486163 -0.307458699
vt 0.422363281 0.246582031
v -0.348846465 0.294441164 -0.267974734
vt 0.427978516 0.222167969
vn -0.007872751 -0.999845147 0.015745638
v -0.342254668 0.295326173 -0.252471805
vt 0.435791016 0.229980469
vn 0.000000048 -0.999504447 0.031480499
vt 0.433105469 0.243164062
v -0.348266631 0.295501649 -0.227767840
vt 0.441894531 0.243164062
vn 0.000000056 -0.995495498 0.094809145
v -0.273986846 0.295333803 -0.227447420
vt 0.475341797 0.230224609
vn 0.007858249 -0.997991085 0.062865622
vt 0.461181641 0.242675781
vn 0.000000086 -0.937938750 0.346800923
vt 0.446044922 0.244873047
vn 0.007843760 -0.956929028 0.290216208
vt 0.439453125 0.246582031
vt 0.445312500 0.244628906
vn 0.015792741 -0.908077121 0.418505162
vt 0.439697266 0.247802734
v -0.429962158 0.049011186 0.027940873
vt 0.815673828 0.200195312
vn -0.999473393 -0.031479523 0.007870002
v -0.429107666 0.061035112 0.020649079
vt 0.809570312 0.200195312
vn -0.997991085 0.062865533 -0.007858070
v -0.433135986 0.054260209 0.019935731
vt 0.812744141 0.198486328
vn -0.997775495 0.047138952 -0.047138873
v -0.429565400 0.064742997 0.060444001
vt 0.813476562 0.214111328
vn -0.999504447 0.031480409 0.000000130
v -0.429077148 0.050979570 0.010655526
vt 0.813476562 0.194091797
v -0.428924561 0.078475907 0.009002808
vt 0.800048828 0.201171875
vn -0.991020679 0.133709088 0.000000124
v -0.428833008 0.077911332 0.041328553
vt 0.805419922 0.212158203
vn -0.954058111 0.299621522 0.000000112
v -0.424316406 0.081619218 0.045337800
vt 0.804687500 0.214843750
vn -0.236956254 0.971520424 -0.000000011
vt 0.801757812 0.179199219
v -0.429016113 0.035858110 -0.003667230
vt 0.817138672 0.187011719
vn -0.982032180 -0.188550219 -0.007856119
v -0.428558320 0.034637406 0.059620026
vt 0.832763672 0.199707031
vn -0.954058111 -0.299621582 0.000000138
v -0.425781250 0.032775834 0.022108203
vt 0.823730469 0.188964844
vn -0.070688814 -0.997498453 0.000000053
vt 0.806396484 0.175781250
vt 0.790039062 0.186767578
v -0.425079346 0.082031205 -0.024330018
vt 0.790771484 0.193115234
vt 0.773437500 0.176269531
vt 0.762939453 0.178955078
vt 0.753417969 0.167236328
v -0.412170410 0.082763627 0.020710111
vt 0.792724609 0.209472656
vt 0.769531250 0.201171875
v -0.408630371 0.082748368 0.033870816
vt 0.798583984 0.217773438
vn -0.031476595 0.999380589 0.015738238
vt 0.791992188 0.217529297
v -0.402374268 0.087402299 0.025663493
vt 0.794189453 0.216064453
vt 0.896972656 0.621826172
v -0.428436249 0.078811601 0.113159306
vt 0.914306641 0.608642578
vn -0.980580688 0.196116075 0.000000120
vt 0.936279297 0.616455078
vt 0.938232422 0.603759766
vt 0.937988281 0.599609375
v -0.425994843 0.080749467 0.114700437
vt 0.911621094 0.607666016
vn -0.268458277 0.963291407 -0.000000007
vt 0.896728516 0.607421875
vt 0.891601562 0.616455078
v -0.429046601 0.060989335 0.128234982
vt 0.912597656 0.620849609
vn -0.992003083 0.125968605 0.007873165
v -0.429626435 0.060134843 0.119903691
vt 0.915771484 0.621337891
vn -0.999845147 0.015745550 0.007872927
v -0.429321259 0.047241166 0.113594182
vt 0.919189453 0.628662109
vn -0.999690175 -0.023614772 0.007871708
vt 0.950683594 0.627441406
vt 0.895996094 0.635498047
vt 0.940185547 0.638183594
v -0.428955048 0.034957841 0.133453503
vt 0.911865234 0.635009766
vn -0.855408609 -0.517953873 0.000000135
vt 0.895751953 0.637451172
v -0.423492402 0.032821611 0.086280942
vt 0.929443359 0.639892578
vn -0.039339561 -0.999225974 0.000000049
vt 0.951660156 0.643310547
v -0.383148193 0.032669023 0.040584680
vt 0.942626953 0.664550781
vn 0.023612579 -0.999597251 0.015741728
v -0.381591767 0.032943681 0.104263425
vt 0.919677734 0.658447266
vn 0.133705035 -0.990989983 0.007865026
vt 0.893310547 0.647460938
vt 0.892578125 0.645507812
vt 0.891357422 0.656738281
vt 0.208740234 0.591552734
v -0.429046631 0.274562776 -0.007759934
vt 0.176513672 0.612060547
vt 0.172363281 0.607666016
vt 0.197021484 0.609375000
vt 0.198730469 0.615722656
vt 0.197998047 0.616943359
vt 0.195068359 0.633300781
v -0.429565430 0.275985658 -0.060508616
vt 0.173828125 0.638916016
vt 0.184814453 0.642822266
v -0.429138184 0.255258501 -0.044944648
vt 0.163330078 0.630126953
vn -0.995495498 -0.094809145 0.000000135
vt 0.164550781 0.578857422
vt 0.162841797 0.597900391
vt 0.182617188 0.645996094
vt 0.190673828 0.649414062
vt 0.172607422 0.669677734
vt 0.155761719 0.687500000
vt 0.148193359 0.652343750
v -0.424804688 0.246633485 -0.035491828
vt 0.158447266 0.625244141
vn -0.353706270 -0.935356557 0.000000087
v -0.417144775 0.246608675 -0.088539012
vt 0.141845703 0.646728516
vn -0.205265939 -0.963171303 0.173686698
vt 0.157714844 0.597900391
v -0.405487061 0.246648744 -0.047931559
vt 0.149169922 0.627929688
vt 0.141845703 0.567871094
vt 0.528320312 0.856201172
v -0.428009063 0.069625795 -0.249465823
vt 0.539062500 0.863525391
v -0.428344756 0.040313661 -0.249618396
vt 0.527832031 0.862060547
vn -0.243581653 -0.628597617 -0.738602102
vt 0.517333984 0.867675781
vt 0.551757812 0.861572266
v -0.380371124 0.039855897 -0.249038577
vt 0.525146484 0.879394531
vn 0.355434209 -0.473912418 -0.805651128
v -0.378479034 0.039413393 -0.234908938
vt 0.521240234 0.883300781
vn 0.458401233 -0.142262518 -0.877285421
v -0.406494170 0.053085268 -0.250488162
vt 0.530517578 0.870117188
vn -0.015706826 -0.070680186 -0.997375369
v -0.378753692 0.086059511 -0.246795550
vt 0.540771484 0.884277344
vn 0.969405949 0.023644080 -0.244321972
v -0.378082305 0.090057313 -0.235198870
vt 0.543945312 0.889648438
vn 0.497344226 0.110520951 -0.860484719
v -0.383514434 0.091720521 -0.249847308
vt 0.543457031 0.882812500
vn 0.196448743 0.447903425 -0.872233033
v -0.393188506 0.063705385 -0.250610232
vt 0.534179688 0.875488281
vn 0.047185495 0.015728500 -0.998762369
v -0.412506133 0.067687929 -0.250793338
vt 0.536865234 0.868652344
vn -0.070634551 0.039241299 -0.996730208
v -0.400451690 0.064941347 -0.254058719
vt 0.534179688 0.872070312
vn 0.007871446 -0.023614772 -0.999690175
v -0.425628692 0.089691103 -0.250030398
vt 0.546142578 0.866455078
vn -0.236169383 0.440849215 -0.865953803
v -0.404480010 0.091583192 -0.249786258
vt 0.545410156 0.874511719
vn -0.015800666 0.450315088 -0.892729998
v -0.405456573 0.093063295 -0.235488772
vt 0.551025391 0.874755859
vn -0.086625054 0.629999340 -0.771749318
vt 0.563964844 0.878173828
v -0.390625030 0.093719423 -0.235504046
vt 0.550292969 0.882568359
vn 0.039252091 0.188410655 -0.981305718
v -0.398132354 0.103027284 -0.236572146
vt 0.553955078 0.878906250
vn -0.000000132 0.023615420 -0.999721229
vt 0.570800781 0.895263672
v -0.376403838 0.111152597 -0.234435931
vt 0.551757812 0.892578125
vn 0.339668870 0.031597093 -0.940014303
vt 0.553955078 0.895507812
vt 0.468994141 0.819335938
vt 0.484863281 0.793212891
vt 0.484863281 0.825683594
vt 0.458251953 0.794921875
v -0.384368896 0.032730058 0.000116452
vt 0.457031250 0.811035156
vn 0.039320175 -0.998731434 -0.031456068
vt 0.467041016 0.824951172
v -0.333679199 0.032653764 0.001069658
vt 0.442871094 0.799072266
vn 0.007869909 -0.999473393 -0.031479433
v -0.379150391 0.035186723 -0.003660323
vt 0.455810547 0.812988281
vn 0.480911583 -0.536098242 -0.693774283
v -0.344543457 0.036163285 -0.003638154
vt 0.444580078 0.803710938
vn -0.000000121 -0.180962205 -0.983490050
v -0.321777344 0.035201982 -0.003489146
vt 0.437988281 0.798095703
v -0.365966797 0.057144120 -0.003610734
vt 0.445556641 0.814453125
vn 0.227725923 -0.000000033 -0.973725319
v -0.272674561 0.058395341 -0.003600018
vt 0.415039062 0.795654297
v -0.329650879 0.075088456 -0.003672490
vt 0.429199219 0.812255859
vt 0.443603516 0.823730469
vt 0.174560547 0.982910156
vt 0.168457031 0.978271484
v -0.417816192 0.246622026 -0.115638621
vt 0.172851562 0.968505859
vn -0.988790512 -0.149103373 -0.007847407
vt 0.168701172 0.959228516
vt 0.183593750 0.975830078
vt 0.202636719 0.969238281
vt 0.187500000 0.977539062
vt 0.672607422 0.776123047
v -0.417724580 0.230964854 0.127227902
vt 0.654052734 0.767333984
vt 0.676269531 0.763671875
vt 0.656982422 0.777587891
vt 0.637939453 0.767333984
v -0.417449921 0.190071061 0.146957517
vt 0.667968750 0.754150391
vn -0.958848178 -0.188625932 -0.212203979
vt 0.681884766 0.752197266
vt 0.673583984 0.750244141
v -0.417571992 0.212996438 0.128265500
vt 0.655029297 0.759033203
vn -0.865096569 -0.330309629 -0.377496541
v -0.409332246 0.200405076 0.136978269
vt 0.660400391 0.752685547
vn -0.031380579 -0.674681067 -0.737442076
vt 0.667236328 0.738769531
v -0.389129609 0.208478883 0.129943952
vt 0.652832031 0.744873047
vn 0.141351491 -0.659640729 -0.738169312
v -0.414886475 0.227437571 0.112686269
vt 0.645263672 0.760498047
vn -0.109801464 -0.666651309 -0.737237871
v -0.385406494 0.230508998 0.110862844
vt 0.638916016 0.748291016
vn 0.645829439 -0.519813955 -0.559193850
vt 0.634521484 0.767578125
v -0.394683838 0.246524766 0.095024221
vt 0.630859375 0.757812500
vn 0.007844437 -0.996239424 -0.086288407
vt 0.571289062 0.782714844
v -0.384582520 0.246732667 0.098251455
vt 0.631103516 0.750976562
vn 0.572747290 -0.815968633 -0.078458562
vt 0.953613281 0.248046875
vt 0.929443359 0.247558594
v -0.417663604 0.223522127 -0.154006839
vt 0.947998047 0.236572266
vn -0.986794353 0.110520914 -0.118415199
vt 0.952880859 0.236083984
vt 0.933349609 0.237060547
v -0.410736114 0.222459257 -0.160262942
vt 0.951660156 0.230957031
vn -0.197021514 0.977226615 0.078808568
vt 0.958984375 0.238525391
vt 0.954833984 0.228027344
vt 0.952636719 0.215820312
v -0.389068633 0.222424448 -0.159820452
vt 0.947509766 0.219482422
vn 0.094782360 0.781955361 -0.616086125
vt 0.931152344 0.226074219
v -0.384368926 0.216663301 -0.159820452
vt 0.947509766 0.213134766
vn 0.921917498 0.031518605 0.386102051
v -0.372375518 0.167961061 -0.160446063
vt 0.960449219 0.187988281
vn 0.386294246 0.000000057 0.922375679
v -0.384674072 0.223320439 -0.111228831
vt 0.922119141 0.204589844
vn 0.940014303 -0.229079053 0.252776831
vt 0.954833984 0.190917969
v -0.384460479 0.201227129 -0.141082659
vt 0.944335938 0.202636719
vn 0.997375369 -0.054973397 0.047119971
vt 0.946044922 0.197265625
vt 0.631103516 0.944091797
vt 0.592773438 0.952636719
vt 0.593994141 0.943603516
vt 0.630371094 0.951416016
vt 0.589843750 0.961425781
vt 0.614501953 0.966552734
v -0.382995605 0.082763627 0.055240747
vt 0.603759766 0.967041016
vn 0.268458217 0.963291407 -0.000000077
vt 0.247314453 0.611328125
vt 0.245117188 0.602783203
vt 0.246093750 0.594726562
vt 0.235595703 0.616210938
v -0.378082246 0.039718598 0.242202878
vt 0.238037109 0.626220703
vn 0.283887446 -0.094629057 0.954176843
vt 0.230468750 0.624267578
vt 0.257080078 0.622070312
vt 0.225341797 0.643310547
v -0.365936249 0.025360078 0.239654660
vt 0.248046875 0.627685547
vn 0.763590217 -0.015744066 0.645509124
v -0.366729707 0.009139985 0.227920651
vt 0.258789062 0.629150391
vn 0.992957532 -0.118209191 0.007880490
v -0.365966767 0.081771821 0.237121686
vt 0.234130859 0.642089844
vn 0.889212728 0.031476609 0.456409901
v -0.366882294 0.008880585 0.218750119
vt 0.259765625 0.631103516
vn 0.999473393 -0.031479433 -0.007870000
v -0.365905732 0.097854584 0.230697736
vt 0.230712891 0.653808594
vn 0.992988288 0.000000049 0.118212767
vt 0.219970703 0.656005859
v -0.366485566 0.126525849 0.237503156
vt 0.218505859 0.660888672
vn 0.967754245 -0.007867867 0.251773328
v -0.367156953 0.202363938 0.238113508
vt 0.195068359 0.660644531
vn 0.840386271 -0.007854016 0.541931152
v -0.367004365 0.106300317 0.218429670
vt 0.233398438 0.662841797
vn 0.999721110 0.000000043 -0.023615589
v -0.366516083 0.156990021 0.222366437
vt 0.217773438 0.676757812
vn 0.898222864 -0.110308014 0.425473839
v -0.366119355 0.202299088 0.222808942
vt 0.202392578 0.685302734
vn 0.881452799 0.007870172 0.472206712
v -0.367126435 0.054885834 0.212860227
vt 0.250976562 0.650634766
vn 0.987440705 0.000000050 0.157990366
v -0.366027802 0.071243256 0.198181257
vt 0.251464844 0.662597656
vn 0.999473393 0.007869912 -0.031479608
v -0.362487763 0.068222016 0.207931623
vt 0.254394531 0.659179688
vn 0.907737613 0.276268005 0.315734714
v -0.362762421 0.059402436 0.196441755
vt 0.255615234 0.665039062
vn 0.941270530 0.015687868 -0.337288737
v -0.367065400 0.152702302 0.215118513
vt 0.221191406 0.678710938
vn 0.967305303 -0.251656622 0.031456966
v -0.339996308 0.186294526 0.222000226
vt 0.204101562 0.685546875
vn 0.126187965 -0.110414296 0.985842407
v -0.341369599 0.181320161 0.216415510
vt 0.207031250 0.685546875
vn 0.732965589 -0.669914603 0.118220180
v -0.339019746 0.184238404 0.203262433
vt 0.209472656 0.690429688
vn 0.741515040 -0.670518816 -0.023665441
v -0.345550507 0.177280396 0.197631940
vt 0.213867188 0.690673828
vn 0.735367537 -0.664202809 -0.134422079
v -0.365936249 0.154678315 0.190231428
vt 0.228515625 0.687500000
vn 0.980822146 -0.125545189 -0.149085104
v -0.349273652 0.178073853 0.189331159
vt 0.217285156 0.693847656
vn 0.251835704 -0.243965983 -0.936514497
v -0.366577119 0.188415498 0.189056501
vt 0.222167969 0.700195312
vn 0.645569146 0.007872791 -0.763661325
v -0.367279023 0.135894746 0.171890363
vt 0.239746094 0.688232422
vn 0.961196303 0.007878688 -0.275753140
v -0.367309541 0.086502030 0.169189557
vt 0.256347656 0.676269531
vn 0.967754245 0.007867952 -0.251773596
v -0.367614716 0.158897370 0.169815168
vt 0.240234375 0.700439453
vn 0.853281736 0.000000015 -0.521450102
v -0.375457734 0.087554887 0.165985212
vt 0.257080078 0.679199219
vn 0.323225528 0.023650631 -0.946026385
vt 0.243408203 0.694580078
v -0.373413056 0.230327085 0.167465314
vt 0.248535156 0.728515625
vn 0.205208316 -0.007892666 -0.978686512
vt 0.259033203 0.679931641
vt 0.989257812 0.008056641
vt 0.989746094 0.018554688
vt 0.969238281 0.009765625
v -0.385437012 0.246509507 -0.088912852
vt 0.998291016 0.003906250
vn 0.378787458 -0.907511473 0.181502298
vt 0.958984375 0.004394531
vt 0.528076172 0.049072266
vt 0.543945312 0.041748047
vt 0.533447266 0.053710938
vt 0.550048828 0.038330078
v -0.383483857 0.337676972 0.174560651
vt 0.553466797 0.041992188
vn -0.000000030 0.994719684 0.102629758
vt 0.542236328 0.063964844
v -0.288879365 0.338905305 0.155563459
vt 0.590820312 0.037597656
v -0.305877686 0.337989777 0.142669782
vt 0.589599609 0.046630859
vt 0.554931641 0.072753906
v -0.289001465 0.337631196 0.136657819
vt 0.594238281 0.046630859
vt 0.549316406 0.079589844
vt 0.561279297 0.089355469
vt 0.567382812 0.092529297
v -0.346679688 0.335975617 0.108215429
vt 0.589355469 0.075195312
v -0.278472900 0.338104218 0.107414335
vt 0.611328125 0.058593750
vn -0.015714975 0.997898698 0.062859714
v -0.315185547 0.338554353 0.090301611
vt 0.611816406 0.074951172
vn -0.031432826 0.997991085 0.055007342
v -0.334167480 0.338279665 0.075096227
vt 0.603759766 0.084228516
vt 0.588134766 0.095947266
v -0.316497803 0.338439882 0.082298376
vt 0.610839844 0.080810547
vn -0.031445462 0.998391926 -0.047168165
v -0.269226074 0.339218110 0.091705412
vt 0.625976562 0.083007812
vn -0.000000050 0.998885930 -0.047191504
v -0.327514648 0.338211000 0.071754552
vt 0.610107422 0.087402344
vn -0.023695674 0.995215952 -0.094782516
v -0.333007812 0.332305849 0.072876073
vt 0.605468750 0.088378906
vn -0.015733961 0.983368337 -0.180939823
v -0.314514160 0.337058961 0.068473913
vt 0.613525391 0.091064453
vn -0.007854111 0.997467637 0.070686631
vt 0.088867188 0.034912109
vt 0.086669922 0.015136719
vt 0.090820312 0.028076172
v -0.338378936 0.294799745 -0.282836825
vt 0.097900391 0.055664062
vn 0.000000020 -0.984862804 -0.173335820
vt 0.090087891 0.053222656
vt 0.098144531 0.045410156
v -0.311035186 0.293777406 -0.264800936
vt 0.097412109 0.070312500
vn 0.000000046 -0.999876022 0.015746122
vt 0.087402344 0.059570312
v -0.259735137 0.295356691 -0.248809725
vt 0.086914062 0.094970703
vn 0.007865050 -0.998854995 0.047190044
v -0.298370391 0.294990480 -0.285217196
vt 0.111083984 0.069824219
vn 0.007884536 -0.954028547 -0.299612254
vt 0.116210938 0.069335938
vt 0.711914062 0.760253906
vt 0.715332031 0.738525391
vt 0.728027344 0.754394531
v -0.387878418 0.246557191 -0.048492320
vt 0.705078125 0.741455078
vn 0.110431567 -0.993883729 0.000000029
vt 0.708496094 0.760742188
v -0.387542725 0.246358827 0.036529653
vt 0.693359375 0.703613281
vn 0.165678278 -0.986179948 0.000000021
vt 0.686767578 0.676269531
v -0.381347656 0.248809770 -0.030227551
vt 0.697265625 0.735107422
vn 0.502753913 -0.864108264 0.023566561
v -0.378356934 0.253272951 -0.000268172
vt 0.687988281 0.723388672
vn 0.973725259 -0.227726012 -0.000000118
vt 0.704101562 0.776611328
v -0.373840302 0.320182770 0.187316999
vt 0.988525391 0.258056641
vt 0.991210938 0.245117188
vt 0.994140625 0.251220703
vt 0.994384766 0.261718750
vn -0.173535153 -0.567933559 0.804572582
v -0.377319306 0.319557160 0.186126813
vt 1.000000000 0.255859375
vn 0.000000128 0.062867567 0.998021960
vt 0.988037109 0.256591797
v -0.356719941 0.307960480 0.186401471
vt 0.984130859 0.263183594
vn 0.102712944 0.718991399 -0.687387466
vt 0.990478516 0.242675781
vt 0.985107422 0.249755859
v -0.399261504 0.003875673 -0.233962879
vt 0.656494141 0.829833984
vn -0.102514982 -0.047314599 -0.993605554
vt 0.653076172 0.830078125
vt 0.668457031 0.818603516
vt 0.671875000 0.831787109
v -0.376159698 0.004775941 -0.235076785
vt 0.661132812 0.836425781
vn 0.149601564 -0.291329592 -0.944852650
vt 0.658935547 0.843017578
v -0.367462188 0.022094667 -0.233199954
vt 0.667968750 0.838378906
vn 0.817858696 -0.039320122 -0.574074090
v -0.372528106 0.034774721 -0.234268069
vt 0.672607422 0.835205078
vn 0.440890104 0.007873020 -0.897526562
vt 0.692626953 0.830810547
v -0.367095977 0.051467836 -0.225173831
vt 0.679199219 0.840332031
vn 0.987440705 0.000000036 -0.157990649
v -0.368988067 0.083526552 -0.233642474
vt 0.690185547 0.834716797
vn 0.755624413 0.047226533 -0.653300405
v -0.366088897 0.094268739 -0.222671404
vt 0.696289062 0.838623047
vn 0.981941283 0.015711095 -0.188532874
vt 0.704345703 0.831787109
vt 0.708740234 0.832763672
v -0.366729766 0.152740419 -0.202117816
vt 0.718017578 0.840087891
vn 0.993760109 -0.110417746 0.015773846
v -0.366882354 0.156539857 -0.214813128
vt 0.719482422 0.834472656
vn 0.737328589 -0.149034515 -0.658889532
v -0.365509063 0.066879213 -0.204788104
vt 0.688964844 0.848632812
vn 0.999442518 0.023608923 0.023608748
v -0.366363555 0.056228578 -0.207321048
vt 0.682373047 0.847656250
vn 0.999225974 -0.031471640 -0.023603892
v -0.367889434 0.065521181 -0.187484637
vt 0.688232422 0.857177734
vn 0.998854995 0.007865045 0.047189869
v -0.365539581 0.005111635 -0.206466556
vt 0.661865234 0.850585938
vn 0.999473393 -0.031479433 0.007869739
vt 0.659423828 0.858886719
v -0.362213165 0.053649843 -0.196655154
vt 0.683593750 0.851562500
vn 0.987163544 -0.157946125 0.023691805
v -0.364318877 0.070938051 -0.195159808
vt 0.687255859 0.854248047
vn 0.933455527 0.237319276 0.268961638
v -0.367706329 0.055679262 -0.187362552
vt 0.681884766 0.856933594
vn 0.997991085 -0.007858151 0.062865444
v -0.366943359 0.006118715 -0.182281375
vt 0.662353516 0.861328125
vn 0.997529209 -0.062836438 0.031418115
vt 0.659667969 0.869873047
v -0.367279053 0.059738114 -0.168334857
vt 0.683349609 0.864501953
vn 0.998453617 0.007861886 0.055032745
v -0.367095947 0.015350297 -0.165634036
vt 0.666748047 0.866943359
vn 0.960481107 -0.039363924 0.275547713
vt 0.683593750 0.869384766
v -0.367797881 0.088211015 -0.165222064
vt 0.690185547 0.869628906
vn 0.994688690 0.007894403 0.102626480
v -0.366058379 0.085876420 -0.162582293
vt 0.688720703 0.871093750
vn 0.777194142 0.039252289 0.628035545
v -0.389556855 0.246734574 0.143570051
vt 0.593261719 0.915039062
vt 0.592773438 0.902099609
vt 0.607910156 0.901611328
vt 0.585205078 0.896240234
vt 0.584960938 0.915283203
vt 0.610839844 0.914306641
v -0.384918183 0.247001603 0.138900861
vt 0.591308594 0.920166016
vn 0.991880059 -0.118080914 0.047232255
v -0.384033173 0.213011697 0.166900739
vt 0.615966797 0.920166016
vn 0.979785740 0.031606026 -0.197537586
v -0.384490937 0.206899598 0.138671979
vt 0.608886719 0.933837891
vn 0.996392667 -0.047073629 -0.070610635
vt 0.632080078 0.934082031
vt 0.622558594 0.935546875
vt 0.606201172 0.938964844
vt 0.590820312 0.938476562
vt 0.583007812 0.939941406
vt 0.845703125 0.958007812
vt 0.847900391 0.974365234
vt 0.838867188 0.960693359
vt 0.868164062 0.981933594
vt 0.831298828 0.982177734
vt 0.836181641 0.959228516
vt 0.797119141 0.350341797
vt 0.793212891 0.338378906
v -0.370635957 0.232695058 0.166687116
vt 0.797119141 0.332031250
vn 0.204698935 -0.070857398 -0.976257026
v -0.377929658 0.270648926 0.165008649
vt 0.784667969 0.341552734
vn 0.963021219 -0.023680819 -0.268383086
vt 0.799560547 0.337402344
vt 0.797607422 0.333007812
v -0.367584199 0.229101613 0.171691999
vt 0.799072266 0.328125000
vn 0.976983905 -0.015757771 -0.212730512
v -0.363311738 0.295410126 0.166214094
vt 0.777099609 0.336914062
vn 0.506836295 -0.538513601 -0.673142076
v -0.366180390 0.258625001 0.169067487
vt 0.789062500 0.331054688
vn 0.992988288 -0.070927694 -0.094570443
v -0.366577119 0.247421220 0.183273420
vt 0.797607422 0.319824219
vn 0.763400972 -0.472206831 -0.440726429
v -0.363281220 0.295837373 0.181839094
vt 0.776855469 0.327636719
vn 0.228736684 -0.536348343 -0.812409997
v -0.322174042 0.295577973 0.160400495
vt 0.766357422 0.343017578
v -0.378234833 0.295753449 0.163238630
vt 0.778320312 0.339599609
vn 0.536164880 -0.835786402 -0.118271694
v -0.305572480 0.296218842 0.140762433
vt 0.766845703 0.352539062
vn 0.000000042 -0.999876022 -0.015746037
v -0.366302460 0.257791489 0.181564435
vt 0.791992188 0.322021484
vn 0.229128987 -0.055307057 -0.971823573
v -0.350189179 0.264270753 0.181778058
vt 0.786865234 0.318847656
v -0.284545869 0.284484833 0.182022199
vt 0.774658203 0.295410156
vn -0.000000131 0.007873728 -0.999969006
v -0.351379365 0.262344331 0.182403669
vt 0.788330078 0.318359375
v -0.285919160 0.262561768 0.181640729
vt 0.784423828 0.294189453
v -0.213150010 0.265975922 0.181518644
vt 0.764404297 0.271972656
v -0.301483124 0.249071091 0.182296857
vt 0.793212891 0.293701172
vn -0.000000102 -0.402474195 -0.915431440
v -0.238555878 0.250768632 0.181808561
vt 0.778808594 0.273437500
vn 0.007859790 -0.353695393 -0.935327649
v -0.240386933 0.246944398 0.189224333
vt 0.783935547 0.270019531
vn 0.007906221 -0.996179819 -0.086968035
v -0.281372041 0.246774644 0.189834684
vt 0.794189453 0.285888672
vn 0.410225242 -0.725783229 -0.552226305
v -0.331817597 0.246627778 0.189239606
vt 0.800048828 0.305419922
vn -0.102559522 -0.923035681 -0.370792091
v -0.366088837 0.246635407 0.194702253
vt 0.799560547 0.320312500
vn 0.749053955 -0.662321329 -0.015769625
v -0.366210908 0.246795624 0.220306501
vt 0.805908203 0.321044922
vn 0.805625975 -0.592372000 0.007898214
v -0.331512421 0.246637315 0.222046003
vt 0.811035156 0.311767578
vn -0.479527652 -0.149361074 0.864722252
v -0.339019746 0.238621682 0.193344221
vt 0.806396484 0.304199219
vn -0.756445110 0.654009759 0.007879706
v -0.347900361 0.227993995 0.189910993
vt 0.810791016 0.301025391
vn -0.363889575 0.332246810 -0.870170355
v -0.322540253 0.203390092 0.189453229
vt 0.817138672 0.288818359
vn 0.268449754 -0.244763166 -0.931679070
vt 0.832519531 0.296386719
v -0.366210908 0.207977250 0.189727888
vt 0.825683594 0.300048828
vn 0.972436905 0.172529176 -0.156844795
vt 0.832031250 0.288085938
vt 0.832031250 0.285644531
vt 0.900146484 0.671630859
vt 0.899169922 0.691894531
vt 0.890380859 0.680419922
vt 0.905029297 0.687011719
v -0.378936768 0.078750566 0.018165706
vt 0.906250000 0.679931641
vn 0.574500501 0.818466485 0.007869760
vt 0.908935547 0.687011719
v -0.378021240 0.075851396 0.044197198
vt 0.909423828 0.672119141
vn 0.236396521 0.370354414 0.898306310
v -0.375000000 0.080001786 0.038852807
vt 0.910644531 0.673583984
vn -0.078936189 0.986702085 0.142085060
v -0.376464844 0.079742387 0.001307007
vt 0.910888672 0.685302734
vn -0.102397181 0.984587789 -0.141780660
v -0.337249756 0.080001786 0.000241852
vt 0.925537109 0.691650391
vn -0.000000082 0.951782823 -0.306772977
vt 0.925292969 0.694335938
v -0.363342285 0.080154374 0.026857490
vt 0.915771484 0.677246094
vn -0.023612574 0.999597251 0.015741650
v -0.309265137 0.080367997 0.037620652
vt 0.935302734 0.671142578
vn -0.000000034 0.997498453 0.070688814
v -0.359893799 0.080535844 0.007836455
vt 0.916748047 0.684570312
vn -0.039261956 0.997252405 -0.062819086
v -0.348297119 0.080078080 0.016018026
vt 0.922851562 0.682861328
vn 0.015745549 0.999845147 -0.007872842
v -0.263549805 0.080429032 0.023288827
vt 0.951660156 0.674316406
v -0.284332275 0.080017045 0.001719221
vt 0.947021484 0.690429688
vn -0.000000057 0.994719684 -0.102629848
v -0.359008789 0.083816484 0.020582311
vt 0.917724609 0.680419922
vn 0.023608839 0.999442518 0.023608834
vt 0.208984375 0.317871094
vt 0.213378906 0.312744141
vt 0.237548828 0.325439453
v -0.380645752 0.248252824 0.068924062
vt 0.215820312 0.326660156
vn 0.734106362 -0.678850949 -0.015787302
vt 0.260498047 0.333007812
v -0.377868652 0.256605119 0.080566518
vt 0.207519531 0.329101562
vn 0.988820970 -0.149107888 -0.000000123
v -0.379089326 0.250526398 0.128524885
vt 0.194824219 0.308593750
vn 0.963291407 -0.268458217 -0.000000115
vt 0.193115234 0.299560547
vt 0.184082031 0.283447266
v -0.377624512 0.268024415 0.089416616
vt 0.197021484 0.332763672
vn 0.999969006 -0.007873728 -0.000000131
vt 0.178466797 0.286376953
vt 0.170410156 0.289062500
vt 0.170166016 0.278076172
v -0.378143311 0.280223817 0.108574025
vt 0.187255859 0.320800781
vn 0.999969006 0.007873815 -0.000000131
v -0.378295898 0.270973176 0.057743177
vt 0.188720703 0.348144531
vn 0.999225974 0.039339650 -0.000000133
v -0.377838135 0.268768251 -0.051780593
vt 0.167724609 0.397705078
v -0.378265381 0.282619417 -0.002058638
vt 0.178466797 0.366210938
v -0.377716064 0.289039582 0.042644605
vt 0.177246094 0.345214844
vn 0.714919448 -0.699206829 -0.000000063
vt 0.701904297 0.312255859
vt 0.702636719 0.323486328
v -0.378692597 0.079559281 0.067237973
vt 0.697753906 0.316894531
vn 0.926295400 0.376798183 -0.000000138
vt 0.697753906 0.298583984
vt 0.696044922 0.308349609
v -0.378021240 0.060317948 0.044891473
vt 0.684082031 0.310302734
vn 0.512160540 -0.007879332 0.858853638
v -0.377929658 0.079650834 0.121772885
vt 0.697509766 0.336914062
vn 0.965842903 0.259128600 -0.000000138
vt 0.699951172 0.357177734
v -0.378112763 0.060562089 0.100303769
vt 0.686523438 0.333007812
v -0.378112763 0.077163652 0.164169416
vt 0.697265625 0.356201172
vn 0.998206854 0.055019319 0.023579556
v -0.378082246 0.060852006 0.165664777
vt 0.689453125 0.358154297
vn 0.983368337 -0.015733859 -0.180939898
vt 0.702880859 0.358642578
v -0.377471924 0.046997026 0.044998284
vt 0.677978516 0.312988281
vn 0.881043613 -0.031465780 0.471987486
v -0.372558564 0.056884721 0.166641355
vt 0.687744141 0.362304688
vn 0.369986892 -0.015744152 -0.928903580
v -0.378509492 0.055908158 0.165619016
vt 0.686279297 0.360351562
vn 0.998854995 -0.007864958 -0.047190130
vt 0.699707031 0.363281250
v -0.377685517 0.042892411 0.106056333
vt 0.677001953 0.336181641
vn 0.996883690 -0.078494735 0.007849351
vt 0.678222656 0.361816406
vt 0.672119141 0.335937500
vt 0.667480469 0.371826172
v -0.378509492 0.035827592 0.073600888
vt 0.673828125 0.323974609
vn 0.928989947 -0.370021403 0.007872690
vt 0.671875000 0.311279297
v -0.378875732 0.035491899 0.043827172
vt 0.673583984 0.312011719
vn 0.410878032 -0.410877854 0.813854277
v -0.367004365 0.008987397 0.171157956
vt 0.674316406 0.374023438
vn 0.833200455 -0.055022657 -0.550226808
v -0.366760224 0.008560151 0.180130124
vt 0.675292969 0.378662109
vn 0.990071774 -0.125723347 -0.062861815
vt 0.702636719 0.377197266
vt 0.674316406 0.395019531
vt 0.674072266 0.403808594
vt 0.677490234 0.398193359
vt 0.678466797 0.394775391
v -0.365142792 0.006500214 0.197281003
vt 0.677001953 0.386230469
vn 0.996914387 -0.078497149 -0.000000127
vt 0.698242188 0.387695312
v -0.363098115 0.053024262 0.205520749
vt 0.697265625 0.383544922
vn 0.993976593 -0.094664387 0.055220794
vt 0.702636719 0.382080078
vt 0.703857422 0.387207031
vt 0.992431641 0.202636719
vt 0.996093750 0.201660156
vt 0.999267578 0.207031250
vt 0.976806641 0.202148438
vt 0.964111328 0.204833984
vt 0.997070312 0.622558594
vt 0.993408203 0.618652344
vt 0.996826172 0.606201172
vt 0.992675781 0.592041016
v -0.284423858 0.331016481 -0.218414202
vt 0.996582031 0.568115234
vn -0.000000083 0.949465096 -0.313872784
v -0.378631622 0.297859132 -0.141921893
vt 0.684570312 0.890869141
vn 0.781419396 -0.591984332 0.197328046
v -0.392517120 0.299888551 -0.138000384
vt 0.686767578 0.894531250
vn 0.015799599 -0.995371222 0.094797306
v -0.377990752 0.296653688 -0.133438006
vt 0.682861328 0.898925781
vn 0.134287760 -0.979510546 -0.150086269
v -0.357910186 0.296165407 -0.142501727
vt 0.696044922 0.891357422
vn -0.007844335 -0.980550528 0.196110144
v -0.311859161 0.299560487 -0.137817279
vt 0.711914062 0.899169922
vn 0.015697539 -0.996791542 -0.078487478
v -0.286682159 0.296012819 -0.127456561
vt 0.720458984 0.909423828
vn 0.007887750 -0.993852854 -0.110428050
v -0.335540801 0.296691835 -0.114280596
vt 0.697265625 0.914062500
vn -0.007872755 -0.999845147 -0.015745549
v -0.284088165 0.295921266 -0.112510584
vt 0.720947266 0.920410156
vn 0.007867715 -0.999195039 -0.039338343
vt 0.679687500 0.883544922
v -0.377868682 0.296623170 -0.111778148
vt 0.678466797 0.904785156
vn 0.703057766 -0.710957229 -0.015799111
v -0.378509551 0.295051515 -0.157241717
vt 0.685791016 0.885253906
vn 0.307831913 -0.876136780 0.370976835
v -0.363098174 0.295928895 -0.159408465
vt 0.691162109 0.880615234
vn 0.205541655 -0.972369969 0.110676266
vt 0.677734375 0.874511719
v -0.287841827 0.295547426 -0.152847186
vt 0.724609375 0.888916016
v -0.303985626 0.296806276 -0.141052142
vt 0.717529297 0.897216797
vn 0.000000084 -0.946291029 0.323316127
v -0.285827667 0.300971925 -0.136993304
vt 0.725341797 0.898437500
vn -0.023615420 -0.999721229 0.000000047
v -0.375946045 0.087158158 -0.159423724
vt 0.068115234 0.831542969
vn 0.251400352 0.054993853 0.966319621
v -0.371673614 0.116470285 -0.160766497
vt 0.054931641 0.830078125
vn 0.440890342 0.007873098 0.897526443
vt 0.068115234 0.828369141
vt 0.071044922 0.830322266
vt 0.066162109 0.833251953
vt 0.038574219 0.822265625
vt 0.040039062 0.813720703
v -0.367706329 0.118133493 -0.167175189
vt 0.052246094 0.837158203
vn 0.969646871 0.007883360 0.244382396
v -0.367340118 0.152473390 -0.183074847
vt 0.048828125 0.850830078
vn 0.973725379 -0.164905041 0.157052338
v -0.367828399 0.186496675 -0.175674334
vt 0.041748047 0.862060547
vn 0.999876022 0.000000044 0.015745949
vt 0.078613281 0.838623047
vt 0.050048828 0.858398438
vt 0.353759766 0.631103516
vt 0.354492188 0.622558594
vt 0.357910156 0.624267578
v -0.286254853 0.294326752 0.229599103
vt 0.323486328 0.638183594
vn -0.007867610 -0.983459711 0.180956617
v -0.263092011 0.294113129 0.267334074
vt 0.301025391 0.623535156
vn -0.007873483 -0.999938011 0.007873572
vt 0.330566406 0.612548828
v -0.175964326 0.294158906 0.270446867
vt 0.264892578 0.627197266
vn 0.007873572 -0.999938011 0.007873571
v -0.362701386 0.294738740 0.228744611
vt 0.356445312 0.635742188
vn 0.204902485 -0.220664009 0.953584015
vt 0.383544922 0.642578125
v -0.364166230 0.264549226 0.229248151
vt 0.370361328 0.641845703
vn 0.055034705 0.000000046 0.998484433
v -0.365142792 0.248533219 0.228485212
vt 0.377441406 0.644531250
vn 0.180688486 -0.510640919 0.840593636
vt 0.380126953 0.646728516
v -0.366424531 0.208623856 0.217941388
vt 0.396972656 0.651855469
vn -0.338121831 0.927869081 0.157265946
vt 0.397705078 0.658691406
vt 0.398681641 0.650878906
vt 0.399902344 0.645507812
vt 0.422119141 0.683349609
vt 0.396728516 0.643310547
vt 0.388671875 0.637695312
vt 0.443847656 0.622070312
v -0.353149414 0.300598085 -0.062442679
vt 0.385253906 1.000000000
v -0.396789551 0.300270021 -0.062652476
vt 0.378906250 0.976074219
vn 0.165057883 -0.982487082 0.086458884
v -0.377716064 0.296035707 -0.067573436
vt 0.385742188 0.968750000
vn 0.158049747 -0.972005606 0.173854694
v -0.378265381 0.296813905 -0.057704821
vt 0.370361328 0.973632812
vn 0.346242160 -0.928558409 -0.133775368
vt 0.774169922 0.840820312
vt 0.789306641 0.840087891
v -0.378509521 0.038330033 -0.047790412
vt 0.790039062 0.842529297
vn 0.959114790 -0.283017427 -0.000000113
v -0.377807617 0.042968705 -0.006777170
vt 0.775634766 0.843017578
vn 0.905371487 -0.417258143 -0.078728057
vt 0.773193359 0.847412109
vt 0.812500000 0.839355469
v -0.377258301 0.047332719 -0.047065619
vt 0.790039062 0.846679688
vn 0.997991085 -0.007858156 -0.062865712
vt 0.774414062 0.856933594
v -0.377929688 0.062271073 -0.073058963
vt 0.799072266 0.854736328
vn 0.999504447 0.031480499 -0.000000132
vt 0.804443359 0.864013672
v -0.377136230 0.047592118 -0.119460940
vt 0.815673828 0.845458984
vn 0.999845147 -0.015745550 -0.007872927
v -0.377929688 0.065185502 -0.158721820
vt 0.828857422 0.854248047
vn 0.997744679 0.023568816 0.062849924
vt 0.830078125 0.859863281
vt 0.832275391 0.862304688
v -0.378417969 0.052337602 -0.159011722
vt 0.829833984 0.848388672
vn 0.994378924 -0.047351331 0.094702631
vt 0.830322266 0.842285156
vt 0.832519531 0.853271484
vt 0.836425781 0.860595703
vt 0.836425781 0.861816406
vt 0.819091797 0.503906250
v -0.378051728 0.295455903 0.141769513
vt 0.805175781 0.513427734
vn 0.236594871 -0.970038831 -0.055205449
vt 0.795898438 0.513916016
vt 0.806640625 0.548095703
v -0.378478974 0.297157258 0.138015851
vt 0.806884766 0.513671875
vn 0.220260933 -0.975441039 0.000000014
v -0.377899170 0.295600861 0.111496083
vt 0.820068359 0.514648438
vn 0.102626652 -0.994688690 -0.007894324
v -0.378509521 0.296928376 0.106933706
vt 0.822265625 0.513916016
vn 0.078494824 -0.996883690 -0.007849445
v -0.300323486 0.297119111 0.109626867
vt 0.825927734 0.550292969
v -0.300872803 0.296066254 0.105461217
vt 0.827880859 0.550048828
vn -0.007861788 -0.998453617 0.055032920
v -0.230102524 0.296333283 0.109108061
vt 0.841552734 0.578613281
vn -0.007871530 -0.999690175 0.023614774
vt 0.748535156 0.441650391
vt 0.791259766 0.430419922
vt 0.776123047 0.448486328
vt 0.821289062 0.405029297
vt 0.809082031 0.430664062
vt 0.804199219 0.444580078
v -0.276306152 0.296348512 -0.058051970
vt 0.834716797 0.485107422
vn 0.007867930 -0.967754185 -0.251773417
v -0.258392334 0.296714723 -0.041053683
vt 0.823242188 0.495849609
vn 0.000000039 -0.999225974 -0.039339561
v -0.377868652 0.296028078 -0.040775195
vt 0.795654297 0.449462891
vn 0.086873136 -0.995091856 -0.047385294
v -0.319396973 0.294715822 -0.019344233
vt 0.797363281 0.480957031
v -0.377990723 0.295898378 -0.014923943
vt 0.784667969 0.454589844
vn 0.205214888 -0.978717029 0.000000016
v -0.378204346 0.295959413 0.004825222
vt 0.777099609 0.459472656
vn 0.118209280 -0.992957532 -0.007880587
vt 0.764404297 0.456787109
v -0.277893066 0.296455324 0.007012460
vt 0.788085938 0.499755859
v -0.305480957 0.295783937 0.024793722
vt 0.768798828 0.493896484
vt 0.266113281 0.860107422
vt 0.256347656 0.853027344
v -0.378021240 0.296096742 0.073692434
vt 0.269287109 0.841796875
vn 0.493984789 -0.862513065 0.109774359
vt 0.272949219 0.826660156
v -0.340881348 0.296668947 0.071113691
vt 0.285888672 0.840332031
vn 0.023614774 -0.999690175 0.007871618
v -0.235427842 0.295906037 0.092216581
vt 0.312500000 0.877685547
vt 0.290771484 0.876708984
vt 0.381591797 0.788085938
vt 0.401367188 0.799560547
vt 0.396240234 0.819091797
vt 0.362792969 0.807861328
v -0.286834717 0.295982301 0.054222200
vt 0.354980469 0.792236328
v -0.235366821 0.296226472 0.067298979
vt 0.334960938 0.779296875
vn 0.000000058 -0.993883729 0.110431567
vt 0.592529297 0.621093750
vt 0.601074219 0.667968750
vt 0.593261719 0.694824219
vt 0.597900391 0.729003906
vt 0.592285156 0.740234375
vt 0.794433594 0.259521484
vt 0.777099609 0.254882812
vt 0.788574219 0.254882812
v -0.377838165 0.295974672 -0.093490489
vt 0.770263672 0.246826172
vn 0.070688903 -0.997498453 0.000000034
vt 0.762451172 0.246337891
vt 0.732666016 0.270019531
vt 0.759521484 0.219970703
vt 0.759277344 0.186767578
vt 0.754394531 0.242431641
v -0.314758301 0.295867860 -0.081992999
vt 0.967529297 0.840820312
vt 0.963378906 0.869628906
vt 0.954101562 0.864501953
v -0.248626724 0.296607912 -0.089927584
vt 0.959960938 0.812500000
vn 0.007871623 -0.999690175 0.023614770
v -0.290130615 0.296546876 -0.066619776
vt 0.987060547 0.843994141
vn 0.007846660 -0.949435830 0.313863099
vt 0.972900391 0.868652344
v -0.272644043 0.301185548 -0.062084105
vt 0.996826172 0.843017578
vt 0.998291016 0.846435547
vt 0.973388672 0.879150391
vt 0.978027344 0.639648438
vt 0.982177734 0.639648438
vt 0.982177734 0.669677734
vt 0.978271484 0.693359375
vt 0.032470703 0.722167969
vt 0.035644531 0.722900391
vt 0.031738281 0.749023438
vt 0.040771484 0.739013672
vt 0.042480469 0.731445312
vt 0.041992188 0.716552734
vt 0.046875000 0.717773438
vt 0.055908203 0.718261719
vt 0.984863281 0.736572266
vt 0.981933594 0.703857422
vt 0.986328125 0.682861328
vt 0.966308594 0.142089844
v -0.367401153 0.183658540 -0.182281390
vt 0.956542969 0.131591797
vn 0.118209355 -0.007880565 0.992957413
vt 0.957763672 0.128662109
v -0.341888458 0.186462343 -0.182739154
vt 0.952880859 0.144775391
vn 0.283949226 -0.260286689 0.922834635
v -0.305603057 0.222218946 -0.182617083
vt 0.937744141 0.150878906
vn 0.173854798 -0.158049628 0.972005606
v -0.331390411 0.217399538 -0.182311907
vt 0.940185547 0.138916016
vn -0.007873397 0.007873571 0.999938011
v -0.331451446 0.246499956 -0.182525530
vt 0.925781250 0.135742188
vn -0.574073911 0.039320149 0.817858934
v -0.367492706 0.207536638 -0.182907000
vt 0.947998047 0.120849609
vn 0.385779023 0.425144196 0.818796039
v -0.366668731 0.208414018 -0.212203875
vt 0.936035156 0.108886719
vn -0.568694890 0.805651069 -0.165869281
vt 0.957763672 0.110595703
v -0.365905792 0.230374753 -0.203903094
vt 0.945312500 0.104736328
v -0.367157012 0.199258745 -0.215682879
vt 0.931640625 0.109130859
vn 0.157813206 0.047343969 -0.986333430
vt 0.928710938 0.106689453
vt 0.939697266 0.095458984
v -0.365264922 0.246568620 -0.208877459
vt 0.947021484 0.096435547
vn 0.511922181 -0.858454049 -0.031502929
v -0.366333038 0.248325288 -0.176803485
vt 0.958984375 0.095703125
vn 0.464423090 -0.763542891 0.448679805
vt 0.966796875 0.095214844
v -0.365448028 0.263858736 -0.175186053
vt 0.964843750 0.091552734
vn 0.141351700 -0.031411409 0.989461064
vt 0.963378906 0.107910156
vt 0.945068359 0.814208984
vt 0.952148438 0.804931641
vt 0.951416016 0.831298828
vt 0.947753906 0.833007812
v -0.348175079 0.196014345 -0.215316668
vt 0.938476562 0.832275391
vn 0.023612402 -0.015741730 -0.999597251
v -0.328399688 0.246639192 -0.215591326
vt 0.933349609 0.856933594
vn -0.062906504 -0.172992602 -0.982912242
vt 0.951416016 0.837158203
v -0.332275420 0.246740282 -0.211471453
vt 0.935791016 0.857666016
vn -0.777409673 -0.628209889 -0.031410366
vt 0.947509766 0.864501953
v -0.310089141 0.216513574 -0.214157000
vt 0.922363281 0.843994141
vn 0.528411448 -0.488977849 -0.694033146
v -0.306121856 0.245571077 -0.215301409
vt 0.923583984 0.858154297
vn -0.000000126 -0.110431567 -0.993883729
v -0.342041045 0.181503236 -0.214568987
vt 0.934082031 0.825439453
vn 0.683304608 -0.620471954 -0.384849757
vt 0.939941406 0.809570312
vt 0.930175781 0.803710938
v -0.322876006 0.201896608 -0.215469256
vt 0.927001953 0.835937500
vn 0.701810718 -0.638726532 -0.315420598
v -0.351287872 0.170810640 -0.188720599
vt 0.925048828 0.814453125
vn 0.739859462 -0.669021726 0.070837528
vt 0.916992188 0.819335938
v -0.294372588 0.233112276 -0.214828387
vt 0.917236328 0.853271484
vn 0.615702033 -0.584127665 -0.528872371
v -0.282775909 0.246528566 -0.215698153
vt 0.913574219 0.860351562
vn 0.102687441 -0.971581042 -0.213273868
v -0.281372100 0.246627763 -0.187896639
vt 0.901855469 0.854003906
vn 0.544931293 -0.837140799 0.047385294
v -0.243011504 0.246765092 -0.181442171
vt 0.890136719 0.867187500
vn 0.000000054 -0.996914387 0.078497238
v -0.327911407 0.196311891 -0.188659564
vt 0.916748047 0.827392578
vn 0.732351720 -0.677228332 0.070872672
vt 0.907226562 0.838623047
vt 0.887451172 0.404541016
vt 0.900390625 0.408203125
vt 0.891601562 0.409667969
vt 0.875244141 0.416748047
vt 0.880126953 0.393066406
vt 0.876708984 0.420410156
v -0.305084258 0.246992052 -0.217468157
vt 0.871337891 0.429199219
vn 0.007879362 -0.858853698 -0.512160361
vt 0.870117188 0.428710938
vt 0.868896484 0.436523438
vt 0.863281250 0.439697266
v -0.237869292 0.250158250 -0.221877962
vt 0.853027344 0.458496094
vn 0.007857379 -0.502878129 -0.864321709
vt 0.509277344 0.010986328
vt 0.516113281 0.014648438
vt 0.506347656 0.024902344
v -0.224319488 0.296569765 -0.165664583
vt 0.517822266 0.085205078
vn 0.000000041 -0.999721229 -0.023615420
v -0.327362090 0.296058595 -0.175598040
vt 0.523437500 0.042236328
vn 0.000000130 -0.615031779 0.788502336
v -0.362976104 0.296256959 -0.175338641
vt 0.512207031 0.025634766
vn 0.370988548 -0.434135348 0.820910454
v -0.273956329 0.285167634 -0.174865633
vt 0.548828125 0.031738281
v -0.246688873 0.262092531 -0.174713045
vt 0.564941406 0.023681641
vn -0.007873396 -0.007873484 0.999938011
v -0.278015167 0.249317124 -0.175567538
vt 0.555175781 0.013671875
vn -0.007870709 -0.425025642 0.905147195
v -0.354797333 0.213699311 0.222457990
vt 0.748291016 0.852539062
vn -0.039309066 0.039309241 0.998453617
vt 0.753662109 0.851562500
vt 0.755371094 0.854003906
vt 0.750732422 0.865722656
vt 0.765625000 0.865966797
v -0.301757783 0.225491256 0.222000226
vt 0.728515625 0.861083984
vn 0.434406310 -0.402812928 0.805625916
vt 0.750976562 0.869140625
vt 0.732910156 0.844482422
vt 0.757324219 0.843505859
vt 0.745605469 0.838623047
vt 0.730468750 0.832763672
vt 0.731201172 0.832519531
v -0.299774140 0.251281708 0.229065046
vt 0.719970703 0.850341797
vn 0.000000138 -0.386294097 0.922375739
v -0.281402558 0.246723145 0.222396940
vt 0.715576172 0.859375000
vn 0.165678322 -0.923064411 0.347135365
v -0.242507905 0.246650666 0.222122282
vt 0.703369141 0.866210938
vt 0.702392578 0.877929688
vt 0.714355469 0.872070312
v -0.318603486 0.206323594 0.208358869
vt 0.737304688 0.869628906
vn 0.737782717 -0.674992621 -0.007848819
vt 0.737548828 0.878906250
v -0.328735322 0.195274323 0.196045026
vt 0.742187500 0.876464844
vn 0.741146147 -0.670185268 -0.039422736
vt 0.749267578 0.874755859
vt 0.751220703 0.878417969
v -0.339019746 0.184242219 0.202407941
vt 0.749023438 0.875244141
vn 0.730271518 -0.683157086 -0.000000066
v -0.339019746 0.184242219 0.201553449
vt 0.748779297 0.875488281
vn 0.730248988 -0.683136046 -0.007852205
v -0.335357636 0.334831208 0.185699567
vt 0.643798828 0.974853516
vn -0.007872941 0.440890253 0.897526503
vt 0.662597656 0.975830078
vt 0.656982422 0.982421875
vt 0.650634766 0.979980469
vt 0.641845703 0.985351562
vn 0.007867807 0.039338432 0.999195039
v -0.302673310 0.337310761 0.182937726
vt 0.633056641 0.969726562
vn -0.000000016 0.978717029 0.205214798
vt 0.635742188 0.957763672
v -0.270294160 0.333381623 0.185852140
vt 0.623535156 0.970214844
vn 0.000000126 0.102629848 0.994719684
vt 0.614501953 0.981445312
vn 0.000000130 0.031480499 0.999504447
vt 0.089843750 0.386474609
v -0.319213867 0.034347489 0.042762864
vt 0.101318359 0.412597656
vn 0.000000126 -0.675013483 0.737805486
vt 0.086181641 0.388671875
vt 0.090332031 0.384277344
vt 0.081054688 0.390869141
v -0.286346436 0.071731523 0.045147046
vt 0.092041016 0.426513672
vn 0.000000132 -0.015746037 0.999876022
v -0.310729980 0.075118974 0.044883836
vt 0.084960938 0.418212891
vn 0.000000115 0.268458277 0.963291407
vt 0.076904297 0.394775391
v -0.327026367 0.079376176 0.041767232
vt 0.081054688 0.415283203
vn 0.007861397 0.801858068 0.597462833
vt 0.073242188 0.396484375
vt 0.081787109 0.424316406
v -0.291229248 0.079589799 0.040832624
vt 0.087646484 0.428955078
vn 0.000000009 0.926295400 0.376798123
vt 0.081298828 0.443359375
v -0.271057129 0.075180009 0.045017347
vt 0.095703125 0.437500000
vn 0.000000128 0.070688903 0.997498453
v -0.248458847 0.079132035 0.041984659
vt 0.093017578 0.447021484
vn -0.000000001 0.951782823 0.306772947
v -0.247116074 0.080093339 0.022945501
vt 0.083984375 0.450439453
vn 0.007872755 0.999845147 0.015745549
v -0.260803223 0.082885697 0.022672752
vt 0.079833984 0.445800781
vn 0.023603715 0.999225974 -0.031471733
v -0.211776718 0.080078080 0.039730165
vt 0.090820312 0.462158203
vn -0.007884536 0.954028547 0.299612254
v -0.164245591 0.079833955 0.040443510
vt 0.080322266 0.480224609
vn -0.000000037 0.998885930 0.047191415
v -0.213302597 0.080230668 0.007804488
vt 0.072021484 0.461914062
v -0.218749985 0.073821977 0.045223333
vt 0.096435547 0.458984375
vn 0.000000122 0.165678278 0.986179948
v -0.172409043 0.077072099 0.044292539
vt 0.086669922 0.475341797
vn 0.015740326 0.424986124 0.905062973
v -0.199310288 0.056091264 0.044483278
vt 0.110107422 0.458984375
vn 0.000000133 -0.039339561 0.999225974
v -0.228363022 0.048904374 0.044475652
vt 0.114257812 0.447509766
vn 0.000000131 0.007873815 0.999969006
v -0.150192246 0.056335419 0.044403162
vt 0.115478516 0.478759766
v -0.218749985 0.043243363 0.045116521
vt 0.121826172 0.448242188
v -0.273498535 0.050552323 0.044517621
vt 0.106933594 0.430664062
vn -0.015745949 0.000000043 0.999876022
v -0.295776367 0.037750199 0.044582471
vt 0.111328125 0.422119141
vn -0.023695482 -0.094782427 0.995215952
v -0.253692627 0.033111528 0.042568307
vt 0.128662109 0.431884766
vn -0.007844350 -0.996239424 0.086288497
v -0.246063218 0.035583451 0.044742685
vt 0.123046875 0.436035156
vn 0.007852278 -0.259120554 0.965813160
v -0.182968125 0.033187822 0.042873472
vt 0.134033203 0.451660156
vn 0.007895222 -0.623712242 0.781614125
v -0.177062973 0.035659745 0.044674009
vt 0.135742188 0.453857422
vn 0.007856635 -0.141416952 0.989919007
v -0.210006699 0.032348588 0.039013002
vt 0.135498047 0.444091797
v -0.277954102 0.033706620 -0.001130476
vt 0.144531250 0.423583984
vt 0.013916016 0.514404297
vt 0.010498047 0.520019531
vn -0.315597087 -0.063119411 0.946791768
vt 0.000244141 0.511962891
vt 0.004882812 0.527587891
vt 0.019287109 0.528076172
vt 0.101318359 0.965087891
vt 0.081298828 0.958740234
vt 0.096191406 0.946044922
vt 0.125488281 0.965332031
vt 0.120361328 0.945068359
vt 0.102050781 0.943359375
v -0.331695557 0.337951601 0.028808691
vt 0.625000000 0.036621094
vt 0.580078125 0.025878906
vt 0.617919922 0.026367188
vt 0.623779297 0.046875000
v -0.256439209 0.337814271 0.032623380
vt 0.661376953 0.022949219
vt 0.024902344 0.328369141
vt 0.035156250 0.321289062
v -0.275848418 0.338066041 -0.089317232
vt 0.029541016 0.345214844
vn 0.007871536 0.999690175 0.023614684
v -0.255950928 0.337127626 -0.068603426
vt 0.036865234 0.350585938
vt 0.044921875 0.322265625
v -0.254608154 0.338043183 -0.057750612
vt 0.040771484 0.351806641
vn 0.007867629 0.999195039 -0.039338432
v -0.212280288 0.334190339 -0.062076487
vt 0.035644531 0.362304688
vn 0.015755828 0.984740555 0.173314303
vt 0.051757812 0.329101562
v -0.251373291 0.337898225 -0.018981846
vt 0.052978516 0.354492188
vt 0.916503906 0.723876953
vt 0.914550781 0.701416016
vt 0.918212891 0.701904297
v -0.274932832 0.264358491 0.229980558
vt 0.908447266 0.730224609
v -0.248046845 0.280384034 0.229568571
vt 0.896484375 0.734375000
vt 0.900634766 0.697021484
vt 0.894042969 0.720947266
v -0.163650483 0.254590958 0.229888991
vt 0.893554688 0.761718750
vn 0.000000134 -0.070688814 0.997498453
v -0.242904633 0.251327485 0.229141325
vt 0.912597656 0.742675781
vn -0.007849582 -0.376786500 0.926266909
vt 0.918457031 0.741699219
v -0.199707001 0.247261018 0.225799650
vt 0.927001953 0.753417969
vn -0.007865159 -0.943829238 0.330340236
vt 0.055908203 0.415283203
vt 0.036621094 0.419921875
vt 0.039550781 0.401855469
vt 0.024658203 0.439697266
vt 0.031005859 0.397216797
v -0.285644561 0.246438935 -0.182739154
vt 0.028808594 0.438476562
vn 0.102681153 -0.347535729 0.932027698
vt 0.039306641 0.435546875
vt 0.029052734 0.442626953
vt 0.014160156 0.000244141
vn -0.502691865 0.761892378 0.408437163
vt 0.014648438 0.000732422
vt 0.009765625 0.000244141
vt 0.250732422 0.001708984
vn 0.000000102 -0.873042047 0.487645149
vt 0.239746094 0.002685547
vn 0.000000110 -0.824728906 0.565528393
vt 0.223876953 0.001220703
vn 0.000000105 -0.858880401 0.512176394
v -0.269714385 0.338264406 -0.189697176
vt 0.410156250 0.383300781
vt 0.427001953 0.399169922
vt 0.412597656 0.400634766
vt 0.429931641 0.386718750
v -0.276428252 0.337745607 -0.213119417
vt 0.417236328 0.379394531
vn -0.007905530 0.948653638 -0.316217899
v -0.193130523 0.338218629 -0.170471102
vt 0.384521484 0.377441406
v -0.283416778 0.337966859 -0.143218905
vt 0.397216797 0.397460938
vn -0.000000033 0.996914387 0.078497149
vt 0.409667969 0.414306641
v -0.205657989 0.338241518 -0.145294100
vt 0.377929688 0.385253906
v -0.298645049 0.336364686 -0.140060320
vt 0.399414062 0.401855469
vn 0.015787289 0.734106362 0.678850949
v -0.297363311 0.336334169 -0.140075579
vt 0.399169922 0.401367188
vn 0.062695518 0.728834808 0.681813061
v -0.284790069 0.332389772 -0.137130633
vt 0.395751953 0.400390625
vt 0.405761719 0.413818359
v -0.228897125 0.336898744 -0.139572054
vt 0.382568359 0.390380859
vn 0.007904509 0.774637103 0.632356703
vt 0.402343750 0.411376953
v -0.209228545 0.332450807 -0.137756258
vt 0.374511719 0.388427734
vn 0.000000020 0.894427299 0.447213620
v -0.132705718 0.338264406 -0.141921923
vt 0.359619141 0.377441406
vn -0.000000010 0.969677091 0.244390115
v -0.160766631 0.332969606 -0.137481615
vt 0.363037109 0.382812500
vn -0.007856562 0.989919007 -0.141417027
v -0.230896026 0.332450807 -0.137222201
vt 0.381591797 0.391601562
vn -0.000000000 0.948683381 0.316227734
v -0.205566421 0.336303651 -0.134017855
vt 0.372070312 0.390869141
v -0.142349258 0.337852418 -0.133560106
vt 0.356445312 0.381591797
vn -0.015731042 0.975320280 -0.220233664
v -0.235122710 0.333808839 -0.135818392
vt 0.381835938 0.393554688
vn -0.000000128 0.645589232 -0.763684928
v -0.123527549 0.337882936 -0.108703546
vt 0.341308594 0.383789062
v -0.235244766 0.338508546 -0.122337259
vt 0.379150391 0.402343750
vt 0.396728516 0.424072266
v -0.224426284 0.337303102 -0.116874613
vt 0.370117188 0.397460938
vn 0.047154959 0.998114347 -0.039295893
v -0.236434951 0.337615907 -0.105270304
vt 0.374023438 0.405273438
vt 0.381347656 0.419921875
v -0.235061660 0.342971742 -0.121116556
vt 0.378173828 0.402343750
vn -0.141491309 0.974717557 -0.172933787
v -0.230239883 0.341987550 -0.106597818
vt 0.373535156 0.403076172
vn 0.338289171 0.881125331 0.330421925
v -0.111969009 0.336433351 -0.093254022
vt 0.338134766 0.386718750
v -0.019159336 0.338050812 -0.109367318
vt 0.322265625 0.378173828
vt 0.372070312 0.427978516
v -0.097106948 0.338157624 -0.077156000
vt 0.333496094 0.390380859
vn -0.007861891 0.998453617 -0.055032920
v 0.027519209 0.338493317 -0.087211557
vt 0.301513672 0.384521484
v -0.223327652 0.337921113 -0.065055765
vt 0.363769531 0.423339844
vn -0.015711570 0.989827394 0.141403854
v -0.342925996 0.298812836 0.186248884
vt 0.743896484 0.959228516
vt 0.746582031 0.965087891
v -0.363647431 0.300682038 0.186279401
vt 0.735839844 0.960449219
vn 0.000000132 -0.023615420 0.999721229
vt 0.778564453 0.959228516
v -0.217910796 0.297943056 -0.220550448
vt 0.396728516 0.960937500
vt 0.442138672 0.959960938
vt 0.424560547 0.960937500
v -0.251953155 0.297058046 -0.222076327
vt 0.407470703 0.961425781
vt 0.988037109 0.609863281
vt 0.978027344 0.593261719
vt 0.988037109 0.581542969
v -0.262176514 0.338378847 0.052616209
vt 0.980957031 0.635498047
v -0.267028809 0.295722902 -0.073860072
vt 0.134765625 0.039062500
vn 0.000000053 -0.997498453 0.070688903
vt 0.126708984 0.040283203
vt 0.120605469 0.035888672
vt 0.131103516 0.043701172
vt 0.139160156 0.032714844
v -0.197387710 0.298126191 -0.060623087
vt 0.152099609 0.047119141
vt 0.130126953 0.045898438
vt 0.134521484 0.052734375
v -0.157455459 0.295532197 -0.069610514
vt 0.164062500 0.045898438
v -0.168640152 0.297805727 -0.088989176
vt 0.161865234 0.037597656
v -0.211700454 0.295577943 -0.100997835
vt 0.150390625 0.031494141
vn 0.000000047 -0.999721110 0.023615502
v -0.124580398 0.295516908 -0.103958055
vt 0.175292969 0.032470703
vn 0.007869917 -0.999473393 0.031479523
v -0.121467598 0.298591584 -0.060703207
vt 0.173339844 0.054687500
vn 0.000000036 -0.998484433 -0.055034529
v -0.093154922 0.298171937 -0.096679613
vt 0.182861328 0.039550781
v -0.070297256 0.296478242 -0.101844721
vt 0.189453125 0.040527344
v -0.066101089 0.296127290 -0.080833368
vt 0.189697266 0.048583984
v -0.087654129 0.295890778 -0.067741320
vt 0.183105469 0.052490234
vn 0.015797142 -0.987317383 0.157970831
v -0.022050869 0.298057526 -0.064880311
vt 0.202392578 0.053955078
vt 0.219238281 0.000244141
vt 0.217529297 0.002685547
vt 0.192382812 0.000244141
v -0.307830811 0.077712968 -0.002839220
vt 0.865722656 0.472900391
vn 0.007899154 0.695136487 -0.718834460
vt 0.865478516 0.465576172
vt 0.868896484 0.463134766
vt 0.866210938 0.480712891
v -0.279602051 0.075302079 -0.003540890
vt 0.863769531 0.483154297
vn -0.000000138 0.227726012 -0.973725259
vt 0.853027344 0.485351562
v -0.270751953 0.079589799 0.000381393
vt 0.867187500 0.486328125
v -0.260040283 0.079894975 0.009370904
vt 0.873291016 0.489013672
vn 0.007849424 0.996883690 -0.078494824
vt 0.877685547 0.487548828
vt 0.877929688 0.489990234
vt 0.877441406 0.495117188
v -0.249954209 0.080154374 0.011297325
vt 0.872558594 0.493164062
vt 0.873291016 0.507812500
v -0.232513428 0.078979447 -0.000703179
vt 0.867431641 0.500488281
v -0.178298950 0.077529863 -0.003143936
vt 0.865966797 0.521484375
vn -0.007872925 0.645569205 -0.763661265
v -0.157928452 0.080184907 0.010109988
vt 0.871582031 0.526367188
v -0.229827881 0.074447587 -0.003615521
vt 0.864257812 0.501708984
vn -0.000000135 0.110431477 -0.993883729
v -0.184387207 0.060653642 -0.004247097
vt 0.857177734 0.518798828
v -0.118080132 0.076965302 -0.003788866
vt 0.875000000 0.538818359
vn -0.000000137 0.205214798 -0.978717029
v -0.211059570 0.056442216 -0.003518010
vt 0.853759766 0.509521484
v -0.158218384 0.057388276 -0.003682287
vt 0.857177734 0.525878906
vn -0.000000130 -0.031480499 -0.999504447
v -0.261352539 0.036315873 -0.003573792
vt 0.846191406 0.489257812
vt 0.847412109 0.471923828
vt 0.845703125 0.483398438
v -0.167480454 0.036834687 -0.003683477
vt 0.840820312 0.523193359
vn -0.000000125 -0.125972584 -0.992033720
v -0.114059441 0.038070649 -0.003607905
vt 0.835449219 0.538574219
vn 0.007900386 -0.094806194 -0.995464504
v -0.140151963 0.032653779 -0.001146707
vt 0.833984375 0.530517578
vn 0.000000034 -0.997498453 -0.070688814
v -0.171722397 0.032669023 0.000565322
vt 0.836669922 0.522216797
vn 0.000000025 -0.989949524 -0.141421303
v -0.221557602 0.036331132 -0.003573559
vt 0.844238281 0.504638672
vn -0.000000116 -0.251781255 -0.967784166
v -0.237670884 0.032546952 0.000420163
vt 0.842773438 0.498046875
vn -0.007887692 -0.993852854 -0.110428050
vt 0.825439453 0.504882812
v -0.258056670 0.338569582 -0.269103914
vt 0.372558594 0.461669922
vt 0.388671875 0.451171875
vt 0.410400391 0.454589844
vt 0.375488281 0.466796875
v -0.182861373 0.337562501 -0.280548006
vt 0.351806641 0.458984375
vn -0.000000058 0.993883729 -0.110431567
v -0.255065948 0.337730348 -0.286437899
vt 0.369873047 0.453613281
vn 0.007884421 0.812106907 -0.583455563
vt 0.383789062 0.446533203
vt 0.387695312 0.447998047
v -0.190795943 0.328552186 -0.290710360
vt 0.351318359 0.454589844
vn -0.015729165 0.330309540 -0.943741679
v -0.153656051 0.337699831 -0.290710360
vt 0.343261719 0.460205078
vn -0.023695724 0.853042245 -0.521303654
v -0.253356963 0.326332033 -0.290740877
vt 0.365478516 0.448730469
vn -0.023527555 0.086267173 -0.995994210
v -0.231094405 0.297660768 -0.288726717
vt 0.359130859 0.442382812
vn -0.007847633 -0.517937958 -0.855382264
vt 0.394287109 0.439453125
vt 0.377197266 0.437988281
vt 0.377441406 0.436279297
v -0.245468184 0.294189394 -0.270599276
vt 0.362304688 0.437011719
vt 0.379638672 0.431396484
v -0.164398238 0.295097291 -0.275726229
vt 0.334472656 0.442871094
v -0.240509078 0.309799135 -0.290222079
vt 0.358642578 0.446289062
vn 0.039334603 -0.015733935 -0.999102235
v -0.248840377 0.313888490 -0.293609530
vt 0.361572266 0.446533203
vn -0.788477719 -0.615012705 -0.007884647
v -0.203933761 0.313377321 -0.290435702
vt 0.344726562 0.448730469
vn -0.007871706 -0.023614772 -0.999690175
v -0.176635787 0.295730531 -0.287506014
vt 0.336425781 0.445556641
vn -0.007892617 -0.978686512 -0.205208406
v -0.097511329 0.295097291 -0.279083192
vt 0.314697266 0.446777344
v -0.153503463 0.298393190 -0.290618807
vt 0.328613281 0.447998047
vn -0.007867798 -0.180956617 -0.983459711
v -0.068565406 0.295646608 -0.287322938
vt 0.303955078 0.449951172
vn -0.000000015 -0.909559190 -0.415574431
v -0.039276164 0.295135438 -0.285034120
vt 0.294433594 0.445068359
vn -0.000000001 -0.946291149 -0.323316097
v -0.016593972 0.294021547 -0.275665224
vt 0.288085938 0.437011719
vn 0.000000049 -0.999225974 0.039339650
v 0.010608634 0.294441164 -0.278137147
vt 0.280273438 0.430664062
v -0.019281425 0.295974702 -0.255340517
vt 0.287841797 0.429199219
v 0.016508065 0.296020448 -0.264068544
vt 0.277587891 0.426269531
v -0.061477702 0.300498903 -0.291931093
vt 0.300781250 0.455566406
vn -0.000000122 -0.165678278 -0.986179948
v -0.076042220 0.316230714 -0.291656435
vt 0.308837891 0.458496094
vn -0.015745724 -0.007872841 -0.999845147
v -0.102447554 0.332908571 -0.291503847
vt 0.319335938 0.460937500
vn -0.007894489 0.102626562 -0.994688690
v -0.075355574 0.338111818 -0.286834657
vt 0.312255859 0.465332031
vn -0.000000055 0.996270061 -0.086291149
v -0.066795394 0.305732667 -0.294738710
vt 0.303466797 0.457275391
v -0.039341018 0.335372865 -0.291931093
vt 0.300537109 0.468994141
vn 0.007846438 0.313863039 -0.949435830
v -0.061176341 0.317100465 -0.292053163
vt 0.302978516 0.460937500
vn 0.015741557 0.023612490 -0.999597251
v -0.012878461 0.328048646 -0.291992128
vt 0.291015625 0.475585938
v 0.059539754 0.316101015 -0.292358339
vt 0.272705078 0.490234375
v -0.009838146 0.338005006 -0.284942567
vt 0.291259766 0.479248047
vn 0.031555720 0.978229523 -0.205112681
v 0.012325244 0.333114564 -0.291778505
vt 0.285156250 0.481445312
vn -0.000000138 0.306772947 -0.951782823
v 0.018720588 0.337921083 -0.261993349
vt 0.284912109 0.488281250
v -0.036090888 0.337547272 -0.254455507
vt 0.302001953 0.484619141
v -0.229095459 0.295745820 0.033199396
vt 0.494873047 0.221435547
vt 0.474853516 0.221679688
vt 0.470947266 0.215332031
vt 0.480712891 0.211914062
v -0.100563049 0.296028107 0.005163739
vt 0.529541016 0.211425781
v -0.185546875 0.295509309 0.045196615
vt 0.505126953 0.231445312
v -0.136840820 0.295707673 0.024976805
vt 0.519531250 0.222412109
v -0.139266968 0.295486420 0.057842329
vt 0.516357422 0.243164062
vn 0.000000050 -0.998885930 0.047191504
vt 0.487548828 0.233154297
v -0.086105347 0.295936555 0.035591193
vt 0.532714844 0.233886719
v -0.003049848 0.295730561 0.041717585
vt 0.555419922 0.245849609
v -0.102653496 0.297737092 0.069000319
vt 0.522216797 0.251220703
v -0.006529802 0.297988862 0.068893492
vt 0.552001953 0.253173828
v 0.043865204 0.295539826 0.028776219
vt 0.570556641 0.243652344
v 0.039543148 0.296607941 0.006088785
vt 0.572021484 0.233642578
v 0.049610134 0.295829743 -0.013647029
vt 0.576660156 0.227294922
v -0.047309883 0.296501130 -0.023715911
vt 0.550048828 0.206542969
v -0.277465791 0.295860261 0.181991667
vt 0.975585938 0.964843750
vn -0.000000047 -0.784681976 -0.619898677
vt 0.977783203 0.970458984
vt 0.952148438 0.981201172
vt 0.957763672 0.966552734
v -0.229003891 0.295867890 0.164245695
vt 0.981445312 0.947265625
vt 0.954345703 0.955810547
vt 0.201416016 0.763427734
vt 0.197021484 0.761962891
vt 0.224853516 0.745849609
v -0.256011963 0.338439882 0.012585728
vt 0.222900391 0.752441406
vn -0.000000055 0.996210933 -0.086970843
v -0.285827637 0.337547243 0.005382630
vt 0.212402344 0.760253906
v -0.249374390 0.334693879 0.006745426
vt 0.224853516 0.753417969
v -0.250396729 0.342002839 0.027937023
vt 0.225830078 0.748291016
vn -0.047168162 0.998391926 0.031445377
v -0.244842529 0.338706940 0.021091547
vt 0.228271484 0.749511719
vn 0.023579638 0.998206854 -0.055019323
v -0.211044312 0.338012666 0.006869399
vt 0.237792969 0.754882812
vn -0.418609589 0.900405407 0.118474416
v -0.250793457 0.338020295 0.000522880
vt 0.223876953 0.753906250
vn -0.015787262 0.994595706 0.102616973
v -0.194732666 0.338264436 0.031099400
vt 0.246337891 0.749511719
vn -0.031587292 0.994998753 0.094761752
vt 0.226318359 0.739257812
vt 0.203857422 0.714111328
v -0.177780151 0.337814301 0.064964369
vt 0.259033203 0.740234375
v -0.140197754 0.338195771 0.046703413
vt 0.267578125 0.754150391
v -0.167297363 0.338409394 0.029823380
vt 0.256347656 0.758789062
vn 0.385910600 0.480419308 0.787572443
v -0.134078979 0.336814851 0.008082462
vt 0.266845703 0.767089844
vn 0.078494735 0.996883690 0.007849424
v -0.115150452 0.338027924 0.033393931
vt 0.277587891 0.764404297
v -0.051090244 0.337974519 0.009022774
vt 0.293457031 0.781005859
v -0.015422822 0.337928742 0.028877314
vt 0.311523438 0.771972656
v -0.047805786 0.338180512 0.046085421
vt 0.299804688 0.763183594
v 0.008451466 0.338096589 0.063804679
vt 0.321777344 0.760742188
v -0.081832886 0.338287324 0.058567114
vt 0.289306641 0.753906250
v -0.058597561 0.337020844 0.067970335
vt 0.298339844 0.752197266
vn -0.000000027 0.992033720 0.125972494
v -0.004703994 0.335868806 0.072929434
vt 0.318603516 0.757324219
vn -0.007867726 0.999195039 -0.039338432
v -0.105575554 0.337104768 0.073539801
vt 0.283447266 0.743164062
vt 0.262207031 0.780761719
vt 0.246582031 0.765380859
vt 0.279296875 0.781005859
v -0.202911407 0.295539796 -0.152389437
vt 0.284179688 0.784423828
v -0.269042999 0.296882570 -0.139419466
vt 0.267578125 0.788574219
vn -0.007898219 -0.971490085 0.236948848
vt 0.258056641 0.786621094
v -0.189315811 0.296401918 -0.141769320
vt 0.290039062 0.789794922
vn 0.000000071 -0.977105200 0.212756827
vt 0.262695312 0.790283203
v -0.204299942 0.298217714 -0.134521395
vt 0.286621094 0.791992188
vn 0.000000040 -0.999504447 -0.031480409
vt 0.257568359 0.791748047
vt 0.262695312 0.795166016
v -0.261596709 0.296935976 -0.134887606
vt 0.269775391 0.792236328
vn -0.015687382 -0.886335850 -0.462777108
vt 0.267822266 0.804687500
v -0.219619766 0.297111452 -0.112693697
vt 0.286376953 0.800048828
vn -0.007849445 -0.996883690 -0.078494735
v -0.143280044 0.295562685 -0.119949259
vt 0.305175781 0.792724609
v -0.111290000 0.297775209 -0.134277269
vt 0.313720703 0.788818359
vn -0.007852132 -0.965813160 -0.259120554
vt 0.289794922 0.803466797
vt 0.311035156 0.795410156
vt 0.247314453 0.830078125
vt 0.283935547 0.812500000
vt 0.184082031 0.063232422
vt 0.143798828 0.087890625
vt 0.096435547 0.087890625
vt 0.137207031 0.063232422
vt 0.914062500 0.065429688
vt 0.889160156 0.056884766
vt 0.915039062 0.057373047
v -0.146972686 0.295791566 -0.244964525
vt 0.945800781 0.040527344
vn -0.007869822 -0.999473393 0.031479523
v -0.142807037 0.296653688 -0.224929735
vt 0.949951172 0.046630859
vn 0.000000060 -0.992033720 0.125972584
v -0.213073760 0.296752870 -0.226226717
vt 0.928222656 0.057617188
vn 0.007844459 -0.996239424 0.086288497
vt 0.928955078 0.059326172
vn -0.000000121 -0.188556045 -0.982062519
vt 0.919433594 0.063476562
vn 0.007878736 -0.961196244 0.275753021
vt 0.910888672 0.075439453
vt 0.140136719 0.300781250
vt 0.138671875 0.315185547
vt 0.138427734 0.298095703
v -0.224700958 0.332206666 -0.219467074
vt 0.144775391 0.284423828
vn 0.015728503 0.998762369 0.047185574
v -0.219100982 0.337806642 -0.217391878
vt 0.143310547 0.282470703
vn 0.007852308 0.973695278 -0.227719098
v -0.183471709 0.332473695 -0.219634920
vt 0.149169922 0.273925781
vn -0.007865060 0.990989983 -0.133705035
vt 0.132324219 0.293945312
v -0.194107085 0.338035524 -0.208007723
vt 0.142333984 0.274658203
vn -0.000000060 0.992033720 -0.125972584
v -0.120124847 0.335227907 -0.219528124
vt 0.152099609 0.257568359
v -0.148376495 0.338203371 -0.192733690
vt 0.139404297 0.260742188
v -0.089157134 0.337013185 -0.214004442
vt 0.152099609 0.248046875
vn 0.023661625 0.985903800 -0.165631875
v -0.067291290 0.328765839 -0.218368456
vt 0.156005859 0.241943359
vn 0.039218344 0.996147394 -0.078436852
vt 0.129150391 0.269775391
v -0.048591647 0.336761445 -0.207534730
vt 0.153564453 0.235595703
vn -0.015744217 0.928903520 -0.369987041
v -0.030820880 0.332527131 -0.219039857
vt 0.158691406 0.231933594
vn -0.055116400 0.944852650 0.322824597
v -0.025636707 0.336967438 -0.216369569
vt 0.158691406 0.230224609
vn -0.007899342 0.987409830 -0.157985613
v 0.051536527 0.334831208 -0.217925966
vt 0.174072266 0.214355469
v -0.061595947 0.336654633 -0.194961473
vt 0.148925781 0.237792969
v 0.020851105 0.338172883 -0.193267763
vt 0.151611328 0.215820312
vn -0.015744174 0.999752104 -0.015744168
v -0.066612273 0.335617036 -0.191543505
vt 0.147216797 0.238769531
v -0.019104032 0.337951630 -0.174179018
vt 0.142578125 0.225585938
v -0.061851528 0.336730927 -0.175353929
vt 0.142089844 0.236816406
vn 0.007864949 0.998854995 -0.047190044
v -0.058902767 0.338096589 -0.148849413
vt 0.134033203 0.233642578
vn -0.000000035 0.998021960 0.062867478
v -0.138061553 0.338401735 -0.167938158
vt 0.130859375 0.254638672
vt 0.119384766 0.268310547
vt 0.119384766 0.249023438
v -0.076957725 0.333618134 -0.137664720
vt 0.125976562 0.236083984
vn 0.031480409 0.999504447 -0.000000048
vt 0.113525391 0.251708984
vt 0.995361328 0.937988281
vt 0.999755859 0.953613281
vt 0.995361328 0.949462891
vt 0.999755859 0.925048828
vt 0.993408203 0.926513672
v -0.209915161 0.338684052 -0.008577264
vt 0.994873047 0.912841797
vn -0.250882089 0.956487715 -0.148961216
vt 0.990966797 0.927001953
v -0.204513535 0.338355988 0.176025480
vt 0.556396484 0.960937500
vt 0.574951172 0.941894531
vt 0.585449219 0.955566406
v -0.196426377 0.334480256 0.185501188
vt 0.557861328 0.968017578
vn 0.000000115 0.259128600 0.965842903
vt 0.577880859 0.961425781
v -0.204177842 0.338142365 0.164169401
vt 0.554443359 0.958007812
v -0.159927353 0.338325471 0.146011427
vt 0.541015625 0.948974609
vn 0.007894297 0.994688690 -0.102626652
v -0.179595932 0.335868806 0.141403288
vt 0.546875000 0.942871094
vt 0.578613281 0.938232422
vt 0.574218750 0.936767578
v -0.141448960 0.337997407 0.133956984
vt 0.536132812 0.938964844
vn -0.000000032 0.996270061 0.086291067
vt 0.639648438 0.126464844
vt 0.641601562 0.136230469
vt 0.625732422 0.127197266
v -0.236953720 0.340415925 0.105583273
vt 0.650390625 0.128417969
vn 0.007894325 0.994688690 0.102626562
v -0.219467148 0.336692780 0.109451376
vt 0.654296875 0.125000000
vn -0.000000031 0.995495498 0.094809048
vt 0.635498047 0.114746094
v -0.198486313 0.338561982 0.093772963
vt 0.662841797 0.133789062
vn 0.007869822 0.999473393 -0.031479523
v -0.177978501 0.337676972 0.108421400
vt 0.666015625 0.125000000
v -0.097412102 0.337875336 0.110885687
vt 0.694335938 0.123291016
vt 0.681152344 0.114013672
v -0.097656243 0.338005036 0.095329352
vt 0.692626953 0.131591797
v -0.047775257 0.338149995 0.112289488
vt 0.705810547 0.129638672
vn -0.102578707 0.994224012 -0.031562697
v -0.215377808 0.337379426 0.072120748
vt 0.656738281 0.144775391
vn 0.007861788 0.998453617 -0.055032920
vt 0.624511719 0.154052734
vt 0.628417969 0.154541016
vt 0.667480469 0.147460938
vt 0.645263672 0.160156250
vt 0.691162109 0.141845703
v -0.030788414 0.338760346 0.096504271
vt 0.710937500 0.134277344
vn -0.007866288 0.975410879 -0.220254108
vt 0.718505859 0.139648438
v -0.243179321 0.295944184 -0.022935780
vt 0.185058594 0.688964844
vt 0.175292969 0.677490234
vt 0.186279297 0.666259766
vt 0.192871094 0.685546875
v -0.169815063 0.295089692 -0.014500539
vt 0.177734375 0.709960938
v -0.148345962 0.295494050 -0.039680406
vt 0.185791016 0.717285156
vt 0.177246094 0.746337891
vt 0.316406250 0.139648438
vt 0.335449219 0.133300781
vt 0.337646484 0.139648438
vt 0.320068359 0.127685547
vt 0.333251953 0.126220703
vt 0.341308594 0.123535156
v -0.188781768 0.281330049 -0.222732455
vt 0.350097656 0.128173828
vn -0.023589298 0.047178283 -0.998607934
v -0.174469024 0.288097322 -0.222976595
vt 0.354736328 0.124511719
vn -0.000000133 0.047191415 -0.998885930
vt 0.339111328 0.142822266
vt 0.325927734 0.143554688
v -0.212677032 0.251604021 -0.222152621
vt 0.346435547 0.144287109
vn -0.015680222 -0.478243947 -0.878087163
v -0.161727935 0.250356615 -0.222412035
vt 0.360839844 0.138427734
vn -0.000000124 -0.133709177 -0.991020679
v -0.176330596 0.272067964 -0.222183138
vt 0.355224609 0.130859375
vn 0.007872666 -0.015745636 -0.999845147
v -0.172073394 0.281486452 -0.226043612
vt 0.354248047 0.127197266
vn 0.007864871 -0.047190044 -0.998854995
v -0.131988555 0.296920717 -0.222457811
vt 0.365966797 0.118652344
vn -0.007903116 0.292410165 -0.956260383
v -0.133499175 0.298377931 -0.218612596
vt 0.366699219 0.116455078
vn -0.000000131 0.597481310 -0.801882923
v -0.096733123 0.286193788 -0.222946092
vt 0.375732422 0.121337891
vn -0.000000131 -0.007873815 -0.999969006
v -0.102752715 0.297172487 -0.222106859
vt 0.373291016 0.117675781
vn -0.055296808 -0.078995295 -0.995340228
v -0.068344146 0.299125642 -0.219955370
vt 0.379638672 0.114990234
vn -0.094444416 0.314814240 -0.944442868
v -0.062011752 0.296005219 -0.222686693
vt 0.386230469 0.116210938
vn -0.007898410 -0.236948848 -0.971490085
v -0.007889779 0.277408570 -0.222259462
vt 0.402587891 0.121826172
v 0.024450270 0.296180695 -0.224090517
vt 0.410156250 0.114013672
vn 0.000000000 -0.948683381 -0.316227734
v -0.112083465 0.270069063 -0.222381517
vt 0.373535156 0.128173828
v -0.126235992 0.257497728 -0.223159716
vt 0.370849609 0.134033203
vn -0.000000130 -0.023615502 -0.999721110
v -0.088226348 0.253383607 -0.222320482
vt 0.384521484 0.132080078
vn -0.000000126 -0.102629848 -0.994719684
v 0.012764900 0.266464204 -0.221908510
vt 0.407226562 0.125488281
v -0.109924346 0.248031572 -0.221115038
vt 0.375000000 0.137207031
vn 0.031445339 -0.636769712 -0.770412683
v -0.170471221 0.246707872 -0.218719393
vt 0.359130859 0.139404297
vn -0.007844388 -0.980550528 -0.196110055
v 0.003258675 0.253351182 -0.222213686
vt 0.405029297 0.130126953
vn -0.000000122 -0.173335910 -0.984862804
v -0.097908050 0.246538118 -0.214202806
vt 0.382324219 0.139648438
vn 0.000000032 -0.996210933 -0.086970754
v -0.046382934 0.247735932 -0.221176088
vt 0.394042969 0.134277344
vn -0.007900325 -0.711023867 -0.703123510
v 0.006693811 0.246543840 -0.216445863
vt 0.406005859 0.135009766
vn 0.000000022 -0.987440705 -0.157990456
v -0.005862740 0.246528581 -0.198730409
vt 0.407470703 0.144042969
v -0.156814605 0.246763185 -0.198104784
vt 0.366455078 0.144042969
vt 0.250732422 0.089111328
v -0.220291138 0.297714204 0.073112577
vt 0.248535156 0.084228516
vt 0.272949219 0.110595703
vt 0.214599609 0.075683594
vt 0.222412109 0.084228516
v -0.069892876 0.296012849 0.076934882
vt 0.206787109 0.066894531
vn -0.007900481 -0.995464504 -0.094806105
vt 0.188476562 0.062500000
v -0.064216606 0.295745820 0.093978949
vt 0.208496094 0.061035156
vt 0.257080078 0.079101562
v -0.183334336 0.295501679 0.109535299
vt 0.248291016 0.064697266
vt 0.260742188 0.071777344
vt 0.276367188 0.076171875
v -0.206603989 0.295776337 0.123474211
vt 0.255126953 0.064941406
vn -0.007873728 -0.999969006 0.000000045
vt 0.275146484 0.059082031
v -0.202835113 0.296180665 -0.174957186
vt 0.038574219 0.135253906
vn -0.007871930 -0.551044405 0.834438801
vt 0.034667969 0.128662109
vt 0.034667969 0.094482422
vt 0.040039062 0.111572266
vt 0.429199219 0.969726562
vt 0.468750000 0.969726562
vt 0.464599609 0.981201172
vt 0.431640625 0.141601562
vt 0.412109375 0.134521484
vt 0.436767578 0.137939453
v -0.166122466 0.295890749 -0.247650072
vt 0.466552734 0.146484375
vt 0.466796875 0.139648438
vt 0.473876953 0.148193359
v -0.103096046 0.295066774 -0.257232606
vt 0.487548828 0.138183594
vt 0.488037109 0.132324219
vt 0.515380859 0.121337891
v -0.118217498 0.295730531 -0.227142259
vt 0.486572266 0.146728516
vt 0.537109375 0.125732422
vt 0.506347656 0.139648438
vt 0.491455078 0.146484375
vt 0.480957031 0.153320312
v -0.112625152 0.301299989 -0.219726488
vt 0.488769531 0.149169922
vn -0.039299399 -0.951047480 0.306535989
vt 0.498535156 0.148437500
vt 0.484130859 0.152343750
vt 0.483642578 0.151123047
vn 0.015706806 -0.840308368 0.541881144
v -0.133255035 0.300384462 -0.219497606
vt 0.483642578 0.152099609
vn 0.031597201 -0.940014124 0.339668989
vt 0.482910156 0.186035156
v -0.218002304 0.337944001 0.194839567
vt 0.735351562 0.682128906
vt 0.711669922 0.704345703
v -0.223998994 0.338569611 0.214965910
vt 0.726074219 0.680908203
vt 0.723632812 0.702880859
v -0.183212250 0.339523286 0.232864469
vt 0.719726562 0.665771484
vt 0.703613281 0.693847656
v -0.161575302 0.337806672 0.195709303
vt 0.739257812 0.662353516
vn 0.007878592 0.984832287 -0.173330531
v -0.218109101 0.337730378 0.255066007
vt 0.704101562 0.674316406
vt 0.689453125 0.667724609
v -0.106124856 0.337852448 0.214035109
vt 0.732666016 0.642089844
vn 0.023612486 0.999597251 -0.015741736
v -0.162857026 0.339103669 0.260681242
vt 0.709228516 0.655761719
vn 0.015744086 0.999752104 0.015744083
v -0.090537995 0.336967438 0.238739088
vt 0.724853516 0.633300781
vn 0.047191415 0.998885930 -0.000000050
v -0.207900986 0.334075898 0.188415617
vt 0.739257812 0.679199219
vn 0.007878520 0.275752962 -0.961196244
vt 0.744873047 0.696044922
v -0.237411484 0.318023652 0.187820524
vt 0.747314453 0.688232422
vn 0.007871444 0.023614686 -0.999690175
v -0.173278794 0.308319062 0.187866300
vt 0.751220703 0.668701172
vn -0.000000133 0.055034529 -0.998484433
vt 0.749267578 0.691406250
vn 0.007853942 0.070686631 -0.997467637
vt 0.751953125 0.693115234
vn 0.007880740 0.118209280 0.992957532
v -0.116035439 0.299369782 0.186523512
vt 0.754882812 0.652343750
vn -0.007880490 0.118209280 0.992957532
v -0.086769082 0.331718415 0.188400343
vt 0.743164062 0.638427734
vn -0.000000136 0.141421303 -0.989949524
v -0.154830918 0.331428498 0.188201979
vt 0.742919922 0.660888672
vn -0.000000138 0.299621522 -0.954058111
v -0.098434426 0.337516755 0.193603590
vt 0.739746094 0.639892578
vn 0.023589810 0.943595767 -0.330258518
v -0.061061837 0.334571809 0.194152907
vt 0.743164062 0.626464844
vn 0.031587206 0.994998753 -0.094761841
v -0.041809063 0.330009431 0.188552916
vt 0.748291016 0.621093750
vn 0.007856364 0.141416952 -0.989919007
v -0.064025857 0.334915131 0.212326124
vt 0.736816406 0.625976562
vn 0.094806105 0.995464504 0.007900456
v -0.022840479 0.337211579 0.195144713
vt 0.747070312 0.613525391
vn -0.047226600 0.976014912 -0.212519422
v 0.004774114 0.329444855 0.188491881
vt 0.754150391 0.606201172
vn -0.000000138 0.283017427 -0.959114790
v 0.000006366 0.335685700 0.189300597
vt 0.751953125 0.606933594
vn 0.039243639 0.722085118 -0.690690279
v 0.016777059 0.337532014 0.197586119
vt 0.752929688 0.601318359
vn -0.007900568 0.995464504 -0.094806194
v -0.018337226 0.336822480 0.214691222
vt 0.742919922 0.610595703
vn -0.031476598 0.999380589 -0.015738316
v -0.056091286 0.333801240 0.215896666
vt 0.736572266 0.622314453
vn -0.070669279 0.997221589 0.023556381
v -0.018556569 0.337852448 0.237335265
vt 0.736328125 0.608642578
v -0.053798649 0.332664460 0.236648619
vt 0.729492188 0.619384766
vn -0.062865622 0.997991085 0.007858162
v -0.065902680 0.334503144 0.239959791
vt 0.727294922 0.623535156
vn 0.118080921 0.991880059 0.047232322
v -0.060523957 0.332595795 0.252044737
vt 0.723876953 0.620361328
vn 0.094312876 0.990285814 -0.102172405
v -0.070297211 0.336067200 0.267181456
vt 0.717041016 0.621826172
vn 0.039339561 0.999225974 -0.000000049
v -0.105430573 0.336662263 0.289581358
vt 0.703125000 0.633300781
v -0.055820432 0.335792542 0.296234190
vt 0.705566406 0.614013672
vn 0.102103002 0.871802449 0.479098618
v -0.098297082 0.331497163 0.293335021
vt 0.700439453 0.629394531
vn -0.015741559 0.023612576 0.999597251
v -0.048553433 0.320419312 0.294220030
vt 0.702148438 0.612304688
v -0.055156674 0.302665710 0.293823302
vt 0.696777344 0.611816406
vn -0.023720652 -0.150231630 0.988366246
v -0.118873559 0.334693879 0.292572111
vt 0.699707031 0.636474609
vn -0.023661606 0.559993386 0.828159213
v -0.156448334 0.331100434 0.291809171
vt 0.693847656 0.647705078
vn -0.007849351 0.078494824 0.996883690
v -0.161529511 0.337829560 0.292358488
vt 0.696044922 0.650390625
vn 0.007846577 0.949435830 0.313863039
v -0.184814423 0.337524384 0.287017912
vt 0.694335938 0.658691406
vn -0.015755869 0.984740555 0.173314303
v -0.197036713 0.331390351 0.292663664
vt 0.689453125 0.660400391
vn 0.023644164 0.244321883 0.969406009
v -0.108100854 0.303108186 0.293335021
vt 0.691406250 0.627441406
vn -0.007852001 -0.259120554 0.965813160
v -0.052978482 0.295768738 0.286560118
vt 0.694335938 0.611328125
vn -0.007899215 -0.987409830 0.157985613
v -0.106231652 0.295425385 0.286346495
vt 0.687988281 0.625976562
vn 0.007889258 -0.986149251 0.165673107
v -0.160064667 0.300567597 0.292389005
vt 0.683837891 0.644531250
vn 0.007895723 -0.363196880 0.931679010
vt 0.669921875 0.661621094
v -0.211395234 0.300064057 0.293365568
vt 0.676513672 0.659179688
v -0.155609101 0.314720124 0.293335050
vt 0.688964844 0.645263672
vn 0.000000130 0.023615502 0.999721110
vt 0.680419922 0.662353516
vt 0.670898438 0.664550781
v -0.221145600 0.337684602 0.293426603
vt 0.685058594 0.667480469
vn 0.023647834 0.299537808 0.953791440
vt 0.675537109 0.673828125
v -0.193679780 0.336364716 0.288238615
vt 0.691894531 0.661132812
vn -0.039466795 0.718296766 0.694616556
v -0.192840546 0.336364716 0.288238615
vt 0.691894531 0.660644531
vn -0.007852073 0.683136106 0.730248868
v -0.191986054 0.336372346 0.288238615
vt 0.692138672 0.660400391
vn 0.023633109 0.653847456 0.756257236
vt 0.001464844 0.382568359
v -0.249603257 0.318428010 0.186309904
vt 0.005371094 0.378662109
vn 0.007869999 0.031479523 0.999473393
vt 0.013427734 0.382812500
v -0.272552490 0.405792177 -0.000062989
vt 0.890625000 0.711181641
vn -0.899228156 -0.189311251 0.394398481
v -0.263946533 0.428939760 0.011580553
vt 0.883300781 0.700683594
vn -0.196935743 -0.149671242 0.968924582
v -0.270233154 0.433883607 -0.002340231
vt 0.890380859 0.699951172
vn -0.621335089 0.456169933 -0.637064934
v -0.241455093 0.448821962 0.002127491
vt 0.890136719 0.690673828
vn -0.157397434 0.983733773 0.086568549
v -0.254028320 0.444045961 -0.004213726
vt 0.892089844 0.694580078
vn 0.189023137 -0.102387629 -0.976620197
v -0.251708984 0.444900453 0.005567634
vt 0.888183594 0.694824219
vn -0.353607982 0.762221634 0.542198896
v -0.259124756 0.440048158 0.005252922
vt 0.887695312 0.697265625
vn -0.590075731 0.637281835 0.495663673
v -0.256683350 0.377471864 0.001816240
vt 0.885498047 0.722900391
vn -0.670623124 -0.362925529 0.646954238
v -0.260803223 0.409866273 0.001326766
vt 0.881591797 0.710693359
vn 0.919607818 0.133618265 -0.369415253
v -0.250671387 0.436263978 0.004527175
vt 0.879394531 0.700195312
vn 0.346703976 -0.795843303 -0.496417135
vt 0.875976562 0.698486328
v -0.241729736 0.381027162 0.005251016
vt 0.878906250 0.723876953
vn 0.653037488 0.409131944 0.637301505
v -0.241012573 0.356353700 0.011676874
vt 0.882080078 0.732910156
vn -0.173330352 -0.007878623 0.984832287
v -0.237609863 0.361465394 -0.001281057
vt 0.877441406 0.731933594
vn 0.864962697 0.290942013 -0.408891588
v -0.227615356 0.359237611 0.002889478
vt 0.877685547 0.736328125
vn -0.968203962 0.102330439 -0.228275567
v -0.242767334 0.352272004 -0.001209412
vt 0.886474609 0.734375000
vn -0.545390666 -0.656049609 -0.521677971
v -0.222137451 0.348037690 0.010862433
vt 0.881103516 0.741455078
vn -0.773574352 -0.489404231 0.402574569
vt 0.890136719 0.736328125
vt 0.889404297 0.739990234
v -0.221160889 0.347152680 -0.004039204
vt 0.886474609 0.742919922
vn -0.746805489 -0.581722260 -0.322305411
vt 0.881835938 0.747558594
v -0.208648682 0.345268220 0.030523382
vt 0.876220703 0.749023438
vn -0.504187047 -0.622355998 0.598722339
vt 0.875244141 0.754394531
vt 0.887207031 0.748535156
vt 0.885253906 0.762207031
vt 0.884765625 0.985839844
vt 0.880859375 0.994384766
v -0.265350342 0.394363344 -0.008272084
vt 0.882568359 0.981201172
vn -0.197137952 -0.070969671 -0.977803648
vt 0.886718750 0.975341797
vt 0.878906250 0.985839844
vt 0.875244141 0.997070312
v -0.248977676 0.383331239 -0.007374201
vt 0.878662109 0.976074219
vn 0.330176741 0.125781626 -0.935501099
vt 0.885986328 0.965820312
vt 0.873779297 0.975585938
vt 0.874511719 0.968750000
vt 0.768798828 0.028808594
vt 0.759521484 0.031982422
vt 0.758056641 0.027832031
v -0.236755401 0.251069963 -0.175002962
vt 0.770996094 0.032470703
vn -0.007900869 -0.450357258 0.892813563
vt 0.768066406 0.037597656
v -0.177658111 0.247365907 -0.177871615
vt 0.787109375 0.027832031
vn -0.007866123 -0.912481070 0.409043282
v -0.195144683 0.253601015 -0.174316317
vt 0.783691406 0.032226562
v -0.188171417 0.278388917 -0.174758822
vt 0.783447266 0.042480469
vn -0.078494646 0.007849518 0.996883690
v -0.121894859 0.257099122 -0.174148485
vt 0.803466797 0.030273438
v -0.112335227 0.248516038 -0.175018236
vt 0.805419922 0.026611328
vn 0.000000137 -0.456636310 0.889653563
v -0.097145103 0.246505693 -0.179519579
vt 0.809570312 0.024169922
vn 0.000000067 -0.983490050 0.180962205
vt 0.791992188 0.016845703
v -0.081024192 0.252439469 -0.174987718
vt 0.814697266 0.028320312
vn 0.007900647 -0.094806105 0.995464504
v -0.110168479 0.274902314 -0.174880907
vt 0.807617188 0.037841797
vn 0.000000131 -0.007873728 0.999969006
v -0.044666313 0.246725038 -0.177459657
vt 0.824951172 0.026367188
vn 0.000000065 -0.986179948 0.165678278
vt 0.836669922 0.022949219
v 0.002769207 0.246507615 -0.180999696
vt 0.838867188 0.026611328
v 0.001982427 0.251102418 -0.175216615
vt 0.838623047 0.028564453
vn 0.000000137 -0.212756738 0.977105200
v -0.003525997 0.271072358 -0.175002992
vt 0.837158203 0.035400391
v -0.026392009 0.285465211 -0.174423158
vt 0.830566406 0.041992188
v -0.109535240 0.287197083 -0.174087450
vt 0.807617188 0.044189453
v -0.040229823 0.295967072 -0.174789369
vt 0.827148438 0.046875000
vn 0.000000092 -0.919551075 0.392970592
vt 0.779296875 0.046875000
v -0.171905547 0.283660829 -0.174362093
vt 0.789794922 0.043212891
vn 0.039339736 0.000000045 0.999225974
v -0.176589996 0.269885957 -0.174713045
vt 0.788818359 0.038330078
vn 0.054951556 -0.054951373 0.996975780
v -0.174438506 0.286243379 -0.168456942
vt 0.787353516 0.042968750
vn 0.118430197 0.165802151 0.979021966
v -0.180511504 0.270515382 -0.169250399
vt 0.786621094 0.040771484
vn -0.236896962 -0.323759317 0.916002154
v -0.183944732 0.286514223 -0.174499422
vt 0.785156250 0.044189453
vn -0.055279307 0.150044218 0.987132728
v -0.207946807 0.279411256 -0.174743563
vt 0.777587891 0.042968750
vt 0.760986328 0.045166016
vt 0.000244141 0.674560547
vt 0.000244141 0.671386719
vt 0.017333984 0.672119141
vt 0.937011719 0.019042969
v -0.184692368 0.295875520 0.141754240
vt 0.930419922 0.011230469
vt 0.972656250 0.019287109
vt 0.947509766 0.006103516
vt 0.295166016 0.135009766
vt 0.283203125 0.138671875
v -0.199279815 0.338394105 -0.232299715
vt 0.261962891 0.133789062
vn -0.000000032 0.996210933 0.086970754
vt 0.283691406 0.141357422
vt 0.265869141 0.138427734
v -0.213195831 0.333778322 -0.224121004
vt 0.263427734 0.137207031
vn -0.047169555 0.880498767 0.471695781
vt 0.255371094 0.139892578
v -0.172729522 0.337394655 -0.224121004
vt 0.252685547 0.137451172
vn -0.031425029 0.934894681 0.353531599
vt 0.237548828 0.141357422
v -0.133331329 0.337524354 -0.222320482
vt 0.240966797 0.139404297
vn -0.007866231 0.975410879 0.220254019
v -0.079917945 0.337516755 -0.221542284
vt 0.227050781 0.143066406
vn 0.015703296 0.973605216 0.227697954
v -0.130950958 0.339240968 -0.237838671
vt 0.239257812 0.134033203
vt 0.213378906 0.131591797
v -0.026332889 0.337371796 -0.222701967
vt 0.211425781 0.142333984
vn -0.007894385 0.994688690 0.102626562
vt 0.197998047 0.132568359
v -0.104957618 0.337730348 -0.260650575
vt 0.232910156 0.126220703
vt 0.223388672 0.121582031
vt 0.245605469 0.113281250
vt 0.253906250 0.116943359
v -0.191391036 0.338096559 -0.254089266
vt 0.257568359 0.126464844
v -0.226104781 0.337509096 -0.254760653
vt 0.267089844 0.125000000
vt 0.276855469 0.122070312
vt 0.971191406 0.833251953
vt 0.994140625 0.833251953
vt 0.975830078 0.836669922
vt 0.248291016 0.957763672
vt 0.294189453 0.964355469
vt 0.277099609 0.965332031
vt 0.279541016 0.955078125
vt 0.131103516 0.674560547
vt 0.133056641 0.677978516
vt 0.133300781 0.688232422
v -0.132095352 0.338485688 -0.065040521
vt 0.133056641 0.649902344
vn 0.000000008 0.929018736 0.370032847
v -0.085227981 0.333740205 -0.062065057
vt 0.131347656 0.635498047
vn -0.007865037 0.998854995 0.047189955
v -0.027952207 0.338035554 -0.065803476
vt 0.133544922 0.617919922
vn 0.007889172 0.986149251 0.165673018
v 0.015403735 0.336624116 -0.062805124
vt 0.132324219 0.604492188
v -0.241882354 0.246807054 -0.214630038
vt 0.944824219 0.965332031
vn 0.000000032 -0.996270061 -0.086291067
vt 0.943603516 0.954345703
vt 0.947753906 0.965576172
vt 0.933105469 0.963867188
vt 0.947509766 0.972412109
vt 0.938232422 0.987792969
vt 0.929687500 0.983398438
vt 0.945800781 0.984619141
vt 0.947753906 0.986572266
vt 0.093750000 0.250488281
v -0.178756684 0.293090791 0.229629606
vt 0.100585938 0.232421875
vn -0.015738146 -0.574447155 0.818390489
vt 0.104736328 0.261962891
v -0.177368134 0.270599335 0.229354948
vt 0.092773438 0.226318359
vn -0.023612401 -0.015741648 0.999597251
vt 0.086914062 0.224121094
v -0.108085603 0.273925751 0.229644850
vt 0.088867188 0.208496094
v -0.180023164 0.284007996 0.234603971
vt 0.097167969 0.228027344
vn -0.205355495 0.118474439 0.971490085
v -0.170257539 0.274631470 0.233627394
vt 0.095703125 0.225585938
vn 0.292164087 -0.300060242 0.908077061
v -0.167419404 0.282573670 0.230072096
vt 0.097656250 0.223388672
vn 0.047191594 0.000000046 0.998885930
v -0.120071381 0.294784516 0.230133131
vt 0.102294922 0.206787109
vn 0.015687481 -0.745149612 0.666712880
v 0.008708028 0.276187867 0.229476988
vt 0.095703125 0.168212891
v -0.000322583 0.295753449 0.229141295
vt 0.106933594 0.171142578
vn 0.000000104 -0.862340748 0.506328523
vt 0.009765625 0.439208984
vn -0.203985780 0.164757863 0.965010226
vt 0.007812500 0.438232422
vn -0.047139134 0.133560449 -0.989919007
vt 0.013427734 0.436523438
vn -0.283174902 0.117989637 0.951782882
vt 0.008056641 0.442626953
vn 0.283174902 -0.117989637 -0.951782882
vt 0.002441406 0.436767578
vn 0.203985780 -0.164757863 -0.965010226
vt 0.004638672 0.440673828
vn 0.047139134 -0.133560449 0.989919007
v -0.138168320 0.338615388 0.164733961
vt 0.832763672 0.119873047
vt 0.824951172 0.139160156
vt 0.820800781 0.137695312
vt 0.842285156 0.126708984
v -0.094818100 0.336013764 0.141296461
vt 0.842773438 0.108398438
vt 0.845458984 0.133789062
v -0.048774701 0.338424653 0.165390074
vt 0.839843750 0.087402344
v -0.085784890 0.337799042 0.179672316
vt 0.831054688 0.099365234
vn -0.000000013 0.973725259 0.227726012
vt 0.814453125 0.132568359
v -0.000171017 0.338211030 0.176757872
vt 0.842773438 0.070800781
vn -0.000000017 0.980580688 0.196116075
v -0.068336464 0.333518952 0.185867384
vt 0.830810547 0.092529297
vn 0.000000111 0.306772977 0.951782823
v 0.016946813 0.333930939 0.186416686
vt 0.842041016 0.063964844
vn -0.007870744 0.425025642 0.905147076
vt 0.989501953 0.399414062
vt 0.986816406 0.409423828
vt 0.986572266 0.396972656
v -0.235748306 0.443756044 0.011331639
vt 0.015136719 0.208251953
vn -0.047314432 0.102514915 0.993605673
vt 0.018554688 0.212890625
vt 0.011718750 0.219726562
v -0.235336319 0.445999086 0.009382329
vt 0.017089844 0.207519531
vn -0.180822283 0.809769511 0.558190584
vt 0.020263672 0.208007812
v -0.234481826 0.445983827 0.009496770
vt 0.016845703 0.207275391
vn -0.062912196 0.857179046 0.511161745
v -0.233627334 0.446044862 0.009496770
vt 0.016601562 0.207031250
vn 0.039466877 0.884057522 0.465708822
v -0.213348404 0.437942445 0.008096773
vt 0.009277344 0.201416016
vn -0.456537187 -0.865846515 0.204654738
v -0.217956558 0.444518983 0.010985454
vt 0.013671875 0.203125000
vn 0.141732305 0.842519701 0.519684970
v -0.224029556 0.448791444 -0.004877488
vt 0.019287109 0.202392578
vn 0.251648784 0.668442249 -0.699898541
vt 0.024169922 0.210693359
v -0.207443252 0.441207826 0.009950715
vt 0.010742188 0.200195312
vn -0.811224818 0.047255810 0.582821906
vt 0.007080078 0.215576172
v -0.206176758 0.421478212 0.014563639
vt 0.009521484 0.195068359
vn -0.793972194 0.463805586 0.393055648
v -0.205856338 0.421096742 -0.010282438
vt 0.003417969 0.192871094
vn -0.792211771 0.486308128 -0.368652910
v -0.207016006 0.435333192 -0.006735724
vt 0.005615234 0.198730469
vn -0.701745391 -0.063078284 -0.709629953
v -0.221984878 0.441940248 -0.002730767
vt 0.004394531 0.204589844
vn -0.157543853 -0.819227874 -0.551403284
vt 0.001464844 0.205078125
vt 0.001220703 0.216308594
vt 0.847656250 0.805175781
vt 0.826416016 0.802246094
vt 0.854248047 0.799316406
vt 0.850585938 0.809814453
vt 0.795410156 0.814941406
vt 0.778320312 0.799072266
vt 0.447509766 0.014892578
vt 0.471191406 0.024169922
vt 0.408935547 0.019042969
vt 0.490966797 0.015869141
v -0.181961074 0.295417756 -0.049304884
vt 0.154785156 0.020263672
vn -0.007864974 -0.990989983 -0.133704945
vt 0.134033203 0.027832031
vt 0.149169922 0.016845703
vt 0.163330078 0.023681641
vt 0.170654297 0.010986328
v -0.087944038 0.295318574 -0.052036218
vt 0.178222656 0.016357422
vn 0.000000030 -0.994719684 -0.102629758
v -0.014241228 0.296256989 -0.044853151
vt 0.197265625 0.017822266
vt 0.190185547 0.030273438
v 0.049068443 0.295570344 -0.034004163
vt 0.213623047 0.018798828
v -0.013363848 0.296432465 -0.058525030
vt 0.197021484 0.015136719
vt 0.194580078 0.010742188
vt 0.262207031 0.031494141
vt 0.274169922 0.030761719
v -0.174926773 0.337058991 -0.057674330
vt 0.251708984 0.035888672
vn 0.007856189 0.982032180 -0.188550219
vt 0.225097656 0.038330078
v -0.174148574 0.337158173 -0.036380690
vt 0.252929688 0.045166016
v -0.087669387 0.337875336 -0.053283624
vt 0.225585938 0.041259766
vt 0.194335938 0.035888672
v -0.011658679 0.338836640 -0.040035192
vt 0.203125000 0.041748047
vn -0.031383466 0.996423304 -0.078458562
vt 0.276123047 0.050048828
v -0.185882583 0.338241547 -0.028343122
vt 0.256347656 0.048828125
vn -0.165165126 0.393249959 -0.904474974
vt 0.264648438 0.055664062
v -0.158035278 0.337326020 -0.013776704
vt 0.247558594 0.052246094
vn 0.173158526 0.968113899 -0.181029499
v -0.102142341 0.335525483 -0.034316946
vt 0.228515625 0.048583984
v -0.109252937 0.335922211 -0.016372612
vt 0.233154297 0.054687500
vn -0.000000054 0.996914387 -0.078497238
v -0.025632868 0.337264985 -0.033443391
vt 0.206787109 0.047119141
vn -0.007849512 0.996883690 0.078494735
v -0.030277262 0.337432832 -0.030240955
vt 0.208007812 0.048583984
v -0.002930889 0.343856782 -0.035800878
vt 0.201416016 0.043945312
vn 0.346897990 0.425738424 0.835708559
v 0.004685868 0.338516206 -0.046646062
vt 0.195068359 0.044677734
vt 0.106201172 0.278808594
vt 0.078857422 0.321044922
v -0.186706513 0.293777436 0.246048063
vt 0.091308594 0.278808594
vt 0.086425781 0.276855469
vt 0.081787109 0.252685547
v -0.145950288 0.294906586 0.256622404
vt 0.090576172 0.260253906
vn 0.015745638 -0.999845147 0.007872839
v -0.062614411 0.296005219 0.255584776
vt 0.079101562 0.226074219
vt 0.117431641 0.859130859
vt 0.117431641 0.856933594
v -0.191162080 0.248504609 0.184661955
vt 0.130615234 0.853027344
vn 0.007900985 -0.892813563 -0.450357258
v -0.160339326 0.259799927 0.181305006
vt 0.136718750 0.842285156
vn 0.007894228 -0.102626652 -0.994688690
v -0.099052407 0.248029679 0.184341505
vt 0.153076172 0.844482422
vn -0.007844649 -0.941357553 -0.337319732
v -0.156631440 0.246852845 0.206909254
vt 0.143554688 0.862548828
vt 0.119384766 0.871826172
v -0.011630032 0.246587738 0.204422057
vt 0.180908203 0.849609375
vt 0.133300781 0.875000000
v -0.122528046 0.246349305 0.220153883
vt 0.155273438 0.865966797
vn 0.000000052 -0.998021960 0.062867567
v -0.138854951 0.247449845 0.228164747
vt 0.150146484 0.871093750
vn 0.007868055 -0.527150631 0.849735498
vt 0.905273438 0.768798828
v -0.231460571 0.381622255 0.003636682
vt 0.910156250 0.760986328
vn -0.995464504 0.007900472 0.094806276
v -0.224609390 0.371658266 -0.024236595
vt 0.914062500 0.770019531
vn -0.840386271 -0.007854138 -0.541931152
v -0.219512954 0.402709901 -0.015071788
vt 0.921386719 0.760986328
vn -0.818999290 0.417374581 -0.393749535
vt 0.905029297 0.775634766
v -0.201980606 0.402481019 -0.035118025
vt 0.927490234 0.768554688
vn -0.455452293 0.447599500 -0.769557059
vt 0.929443359 0.759033203
v -0.214035049 0.346610993 -0.020807184
vt 0.909179688 0.779785156
vn -0.574642956 -0.590386569 -0.566770971
vt 0.905273438 0.782714844
vt 0.914306641 0.790039062
v -0.205169693 0.364013612 -0.039710920
vt 0.917480469 0.777587891
vn -0.527739108 -0.354451656 -0.771916747
v -0.187530532 0.349784821 -0.039348520
vt 0.918212891 0.785888672
vn -0.181147382 -0.519814014 -0.834852755
v -0.197677627 0.376586854 -0.045707624
vt 0.922607422 0.777099609
vn -0.315872759 0.047380839 -0.947617829
v -0.163833633 0.345703095 -0.032573622
vt 0.922851562 0.792724609
vn 0.338446259 -0.684763491 -0.645409286
vt 0.921630859 0.799072266
v -0.141677856 0.348945588 -0.010914730
vt 0.931152344 0.798583984
vn 0.805023551 -0.497220427 -0.323587984
v -0.171615615 0.361648500 -0.044433519
vt 0.925292969 0.786376953
vn 0.197407946 -0.181615457 -0.963351429
v -0.158203140 0.356643647 -0.037082598
vt 0.927490234 0.790527344
vn 0.583745778 -0.433865130 -0.686295807
v -0.144226089 0.370788544 -0.031692434
vt 0.935058594 0.789794922
vn 0.699185193 -0.007856015 -0.714897454
v -0.132781997 0.376113862 -0.009390760
vt 0.942626953 0.793701172
vn 0.984740555 -0.015755814 -0.173314482
v -0.138107315 0.398208588 -0.010951926
vt 0.946533203 0.786132812
vn 0.860618651 0.442152739 -0.252658844
v -0.173858657 0.389511049 -0.045360491
vt 0.931640625 0.778320312
vn 0.149434865 0.204489946 -0.967395008
v -0.159576431 0.398040742 -0.037036821
vt 0.937744141 0.779296875
vn 0.576054454 0.418231398 -0.702313185
v -0.159713760 0.422012299 -0.013889241
vt 0.945068359 0.773437500
vn 0.797603130 0.418544263 -0.434338510
v -0.167266861 0.424423188 -0.019370960
vt 0.943115234 0.770263672
vn 0.465115011 0.134016201 -0.875047207
v -0.175231948 0.407852113 -0.034946367
vt 0.935791016 0.772949219
vn 0.055141911 0.559297800 -0.827130735
v -0.185623184 0.420684755 -0.024919435
vt 0.936523438 0.766357422
vn -0.298870116 0.385384977 -0.873014927
vt 0.933105469 0.756103516
v -0.193450943 0.446075380 -0.022626800
vt 0.941406250 0.759033203
vn -0.331232876 -0.260254323 -0.906946778
v -0.208221450 0.449493349 -0.012136382
vt 0.939453125 0.753906250
vn -0.763164818 -0.479928404 -0.432722151
v -0.177993789 0.448821962 -0.026246950
vt 0.945800781 0.761230469
vn 0.118106499 -0.440931290 -0.889736295
v -0.156616226 0.450027436 -0.017862249
vt 0.950927734 0.764648438
vn 0.692848921 -0.377917618 -0.614116251
v -0.197006240 0.453536928 -0.029483719
vt 0.944091797 0.756347656
vn -0.442760468 0.545543969 -0.711579144
v -0.217117324 0.453369081 -0.002683561
vt 0.938476562 0.750488281
vn -0.956021488 -0.260733157 0.134317204
v -0.171722427 0.453475893 -0.032073904
vt 0.948730469 0.760009766
vn 0.258913040 0.659051597 -0.706126869
v -0.148742691 0.455154389 -0.009665420
vt 0.954345703 0.763671875
vn 0.583020627 0.764229774 -0.275753111
v -0.166839615 0.454208344 -0.019309925
vt 0.953369141 0.759521484
vn -0.449641973 0.552192032 0.702072740
v -0.191360489 0.455001771 -0.023195192
vt 0.946777344 0.755371094
vn 0.441383004 0.630547106 0.638428867
v -0.210021988 0.455047548 0.006516534
vt 0.950195312 0.747558594
vn 0.616528571 0.782517135 -0.086946465
v -0.184585586 0.434356630 -0.017652437
vt 0.953125000 0.752197266
vn 0.212007865 0.149190694 0.965813041
v -0.200088516 0.433761537 -0.004440708
vt 0.951904297 0.747070312
vn 0.907765985 0.142085150 0.394680709
v -0.172866836 0.423034608 -0.016902851
vt 0.957763672 0.750732422
vn -0.425091326 -0.236161888 0.873799145
v -0.190994278 0.421600282 -0.016837999
vt 0.955566406 0.747802734
vn 0.527477443 -0.456622124 0.716424406
v -0.220260620 0.379867494 0.034008108
vt 0.307128906 0.984619141
vn -0.848187923 0.141364649 0.510483563
vt 0.305664062 0.973388672
v -0.214874268 0.364471376 0.039081655
vt 0.312500000 0.986816406
vn -0.739309907 -0.259544998 0.621335089
vt 0.314208984 0.971679688
vt 0.318359375 0.976806641
vt 0.320068359 0.986328125
v -0.187133789 0.356414735 0.048320848
vt 0.315673828 0.997314453
vn -0.204073697 -0.266865760 0.941879332
v -0.204605103 0.385345399 0.046054918
vt 0.305175781 0.991210938
vn -0.425473839 0.110308088 0.898222864
v -0.179229736 0.384948671 0.052150801
vt 0.303955078 0.999511719
vn 0.031456232 0.180872664 0.983003378
v -0.225631714 0.398727357 0.008948408
vt 0.299804688 0.976806641
vn -0.869164765 0.481991351 0.110621057
vt 0.295898438 0.968994141
vt 0.287841797 0.973876953
vt 0.290771484 0.982421875
v -0.216461182 0.403488100 0.026506504
vt 0.298828125 0.983886719
vn -0.700049937 0.464078039 0.542735457
v -0.199707031 0.402786195 0.040878374
vt 0.298095703 0.991699219
vn -0.355190486 0.513053119 0.781419337
v -0.191543579 0.429489076 0.024957731
vt 0.287597656 0.989257812
vn -0.370296806 0.204845145 0.906045794
v -0.174926758 0.409271181 0.040523604
vt 0.293212891 0.999511719
vn 0.213594049 0.514207721 0.830643177
vt 0.417968750 0.028076172
vt 0.406494141 0.024902344
vt 0.431884766 0.027587891
vt 0.398437500 0.029296875
v -0.073821992 0.261466950 0.228820875
vt 0.377197266 0.022216797
vt 0.388183594 0.014892578
v -0.081893891 0.249465913 0.228714064
vt 0.379150391 0.029296875
vn 0.000000132 -0.583473563 0.812132120
vt 0.349609375 0.018554688
v -0.000980229 0.251966447 0.229278624
vt 0.353027344 0.024169922
vn 0.000000136 -0.149107888 0.988820970
vt 0.002197266 0.665771484
vt 0.009765625 0.661376953
vt 0.013427734 0.665527344
vt 0.097167969 0.880615234
vt 0.109863281 0.861572266
vt 0.111083984 0.875488281
v -0.175582871 0.276603669 0.181900114
vt 0.102294922 0.883789062
vt 0.137695312 0.883789062
v -0.122238137 0.274711579 0.181854323
vt 0.080078125 0.889892578
vt 0.135742188 0.890869141
v -0.143402085 0.295814484 0.181274489
vt 0.089599609 0.892089844
vn -0.000000060 -0.718856871 -0.695158184
vt 0.090332031 0.366455078
vt 0.094238281 0.377685547
vt 0.081054688 0.379882812
vt 0.100585938 0.352539062
vt 0.103515625 0.394531250
vt 0.092529297 0.335693359
vt 0.104003906 0.333007812
v 0.040172610 0.294837952 0.272613585
vt 0.100830078 0.298828125
vt 0.741699219 0.998779297
vt 0.758544922 0.992431641
vt 0.773681641 0.998535156
v -0.211044312 0.398635805 0.024383625
vt 0.332519531 0.900146484
vn 0.503126562 0.801858068 -0.322315574
v -0.216903701 0.399032533 -0.005055824
vt 0.336669922 0.893554688
vn 0.909296989 -0.324184090 0.260928541
v -0.204757705 0.418197572 0.004920084
vt 0.343261719 0.901367188
vn 0.899676144 -0.426162392 -0.094702862
v -0.202804580 0.398483217 -0.026103895
vt 0.330078125 0.886474609
vn 0.440562725 0.676578343 0.590039253
vt 0.348388672 0.895019531
vt 0.351318359 0.901123047
v -0.189895630 0.422408998 0.022077635
vt 0.341308594 0.909667969
vn 0.455690950 -0.314269692 -0.832814753
v -0.191329956 0.398544252 0.037902910
vt 0.331298828 0.907714844
vn 0.062797651 0.871318877 -0.486682653
v -0.175903320 0.421905458 0.022937847
vt 0.337402344 0.914550781
vn -0.290753454 -0.290753365 -0.911550939
v -0.170196533 0.454132050 0.026903225
vt 0.344482422 0.924072266
vn -0.259000987 0.463062108 -0.847639143
v -0.196517944 0.438705385 0.018234329
vt 0.349121094 0.910644531
vn 0.702159941 0.189346537 -0.686381280
vt 0.360595703 0.907714844
vt 0.358886719 0.896728516
v -0.184371948 0.456054628 0.032398295
vt 0.349609375 0.921386719
vn 0.212374613 0.904558897 -0.369689375
v -0.165695190 0.454971284 0.034080576
vt 0.343994141 0.926025391
vn 0.268810481 0.719463229 0.640401185
v -0.212142944 0.453460634 0.022264559
vt 0.358642578 0.914550781
vn -0.541697383 0.706561863 0.455339879
v -0.192138672 0.450775087 0.034576491
vt 0.356201172 0.922363281
vn -0.517380476 -0.360598624 0.776070952
vt 0.364013672 0.909423828
vt 0.371093750 0.906250000
vt 0.365234375 0.917480469
vt 0.362792969 0.927001953
vt 0.369140625 0.909912109
vt 0.367675781 0.925048828
vt 0.367187500 0.918701172
vt 0.370849609 0.916259766
vt 0.372802734 0.920898438
vt 0.035156250 0.251953125
vt 0.043701172 0.249755859
vt 0.041259766 0.259521484
v -0.180526748 0.398712099 -0.031631395
vt 0.034179688 0.262451172
vn 0.007866203 0.975410879 0.220254019
vt 0.054931641 0.269042969
vt 0.028808594 0.253662109
v -0.162857071 0.398666352 -0.028209614
vt 0.027587891 0.263427734
vn -0.620874166 -0.337944210 0.707325220
v -0.160034195 0.421157807 -0.002826857
vt 0.022949219 0.251708984
vn -0.835137665 -0.433326185 0.338782400
v -0.144653335 0.398574799 -0.003603626
vt 0.019775391 0.269775391
vn -0.889626026 0.456622154 0.007872893
vt 0.617675781 0.358154297
v -0.151336655 0.065383881 0.045002069
vt 0.596191406 0.360839844
vt 0.622314453 0.348144531
vt 0.604003906 0.353759766
vt 0.596191406 0.364990234
v -0.113029465 0.072067231 0.044376455
vt 0.580566406 0.349365234
v -0.124153122 0.079650849 0.039085470
vt 0.586425781 0.343505859
vn 0.007847521 0.988790512 0.149103284
v -0.104789719 0.079330415 0.041774832
vt 0.577148438 0.341552734
vn 0.007845631 0.894399703 0.447199821
v -0.076911911 0.071441621 0.043930132
vt 0.566406250 0.345947266
vn 0.007885624 0.323306084 0.946261644
v -0.074325547 0.079635590 0.038536150
vt 0.561767578 0.340820312
vn -0.007867930 0.967754185 0.251773417
v -0.064193711 0.077239960 0.042972639
vt 0.556884766 0.344726562
vn -0.031360142 0.290082365 0.956487715
v -0.059711441 0.062561005 0.044857100
vt 0.558593750 0.350830078
vn -0.015738146 0.031476598 0.999380589
v -0.100646958 0.048675507 0.044456564
vt 0.571777344 0.363037109
vt 0.605468750 0.375488281
vt 0.621337891 0.376220703
v -0.046062458 0.064880341 0.044822767
vt 0.549804688 0.350341797
vn 0.062978588 0.110212356 0.991910815
v -0.046508778 0.076858491 0.043010786
vt 0.550048828 0.345214844
vn -0.007872691 0.370021462 0.928989947
v -0.036762223 0.063232392 0.044929575
vt 0.545898438 0.350341797
v -0.051719651 0.054306000 0.048599318
vt 0.551757812 0.354248047
vn 0.007871708 -0.023614686 0.999690175
v -0.051872239 0.047088593 0.044468001
vt 0.549072266 0.358886719
v 0.051666275 0.053909272 0.044475615
vt 0.503173828 0.343261719
v 0.004934325 0.036193818 0.044555731
vt 0.521728516 0.359130859
vn 0.000000135 -0.110431477 0.993883729
v -0.059303269 0.038864106 0.044620588
vt 0.551513672 0.364990234
vn 0.000000135 -0.102629758 0.994719684
v -0.035346970 0.034194916 0.043659281
vt 0.540283203 0.364990234
vn -0.007879256 -0.512160361 0.858853698
v -0.029357897 0.032241791 0.040866923
vt 0.537109375 0.365966797
vn 0.007880674 -0.992957532 0.118209280
v 0.012493148 0.032760590 0.042038031
vt 0.518066406 0.361816406
vn 0.000000068 -0.982062519 0.188556045
v -0.010543813 0.032592744 0.015743326
vt 0.525390625 0.376464844
v -0.074127182 0.032409638 0.041729052
vt 0.557373047 0.371582031
v -0.088584885 0.038024873 0.044738848
vt 0.564941406 0.368652344
vn 0.000000138 -0.244390115 0.969677091
v -0.143539414 0.036575288 0.044468012
vt 0.590576172 0.373779297
vn 0.000000136 -0.141421303 0.989949524
v -0.129547104 0.032562226 0.041378107
vt 0.583984375 0.375732422
v -0.151184067 0.032485932 0.040042963
vt 0.593750000 0.377197266
vn 0.000000055 -0.996270061 0.086291149
vt 0.606933594 0.379150391
vt 0.614990234 0.387695312
vt 0.583251953 0.398437500
vt 0.594726562 0.407226562
v -0.113929741 0.032577485 0.000313365
vt 0.569580078 0.395996094
vn 0.007873068 -0.992003083 -0.125968605
v -0.100021355 0.032913178 -0.001459279
vt 0.560058594 0.399658203
vn 0.007846577 -0.949435830 -0.313863039
v -0.033149712 0.033935517 -0.001617955
vt 0.533447266 0.388427734
vn 0.007861358 -0.959085166 -0.283008695
v 0.039604194 0.034316987 -0.001683053
vt 0.504638672 0.384765625
vn -0.000000046 -0.788502336 -0.615031779
v -0.048011772 0.047210664 -0.003522799
vt 0.535156250 0.400634766
vn 0.023657154 -0.110400677 -0.993605673
v -0.063812248 0.036636323 -0.004027290
vt 0.544677734 0.396484375
vn -0.007880740 -0.118209280 -0.992957532
v -0.058441155 0.049591035 -0.003374263
vt 0.541015625 0.404785156
vn -0.031383537 -0.078458570 -0.996423304
vt 0.562744141 0.402587891
v -0.097419731 0.057250947 -0.003414551
vt 0.551025391 0.409423828
vt 0.015136719 0.159423828
v -0.179656982 0.346679658 0.043579180
vt 0.022460938 0.166503906
vn 0.126364961 -0.600232840 0.789780140
vt 0.017578125 0.168945312
vt 0.021484375 0.159667969
vt 0.030029297 0.164306641
v -0.161071777 0.368637055 0.047981337
vt 0.024414062 0.175781250
vn 0.379070938 -0.244816512 0.892395794
v -0.148193359 0.350540131 0.030370785
vt 0.033691406 0.171142578
vn 0.676013887 -0.408752441 0.613128722
vt 0.016601562 0.179687500
vt 0.042236328 0.166015625
v -0.148666382 0.339469880 0.003552511
vt 0.043945312 0.171142578
vn 0.903385997 -0.424198627 -0.062844343
v -0.152236938 0.383316010 0.042720865
vt 0.025878906 0.181884766
vn 0.519830167 0.330801040 0.787621319
vt 0.016601562 0.190185547
v -0.142257690 0.376068085 0.033710551
vt 0.031005859 0.180664062
vn 0.771534145 -0.133837476 0.621950805
v -0.133544922 0.365249604 0.014269901
vt 0.038574219 0.179687500
vn 0.936862707 -0.299166203 0.181074202
vt 0.048828125 0.177001953
vt 0.044921875 0.186279297
v -0.136779785 0.387344331 0.022573542
vt 0.033447266 0.186035156
vn 0.918841958 0.290574014 0.267013788
vt 0.041992188 0.195068359
v -0.149154663 0.408981293 0.023567272
vt 0.027832031 0.192871094
vn 0.718991458 0.529367328 0.450357109
v -0.166320801 0.419403046 0.027639464
vt 0.020751953 0.195800781
vn 0.464999676 0.496525079 0.732965410
v -0.154083267 0.422225922 0.005283427
vt 0.030029297 0.200439453
vn 0.871829391 0.471259147 0.133523270
vt 0.036376953 0.205078125
vt 0.855712891 0.146728516
v -0.169036865 0.450088471 0.033908915
vt 0.867431641 0.145507812
vn 0.157499984 -0.393749595 0.905624151
vt 0.862060547 0.151611328
vt 0.870117188 0.145019531
vt 0.848144531 0.141357422
vt 0.855468750 0.139892578
v -0.178039551 0.433013856 0.028230742
vt 0.859863281 0.144287109
vn 0.283543795 -0.236286372 0.929393172
v -0.157135010 0.450012177 0.024355005
vt 0.868896484 0.140136719
vn 0.712024570 -0.387657702 0.585442245
v -0.163436890 0.433303803 0.020343853
vt 0.861816406 0.138671875
vn 0.760837018 -0.086280428 0.643181682
vt 0.858886719 0.131591797
v -0.155441299 0.437942475 0.006701540
vt 0.864990234 0.133544922
vn 0.944413602 -0.243973434 0.220363051
vt 0.859619141 0.126220703
v -0.149063125 0.450027436 0.005994389
vt 0.870117188 0.132812500
vn 0.932726264 -0.324082822 -0.158089295
vt 0.859863281 0.123046875
vt 0.873779297 0.125976562
vt 0.875976562 0.130126953
v -0.149398819 0.455368012 0.013128350
vt 0.872314453 0.135986328
vn 0.478862464 0.855672240 0.196254998
vt 0.873535156 0.144775391
v -0.152587906 0.455154389 0.003297160
vt 0.876953125 0.134521484
vn -0.751158476 0.656275153 -0.071162306
vt 0.880126953 0.125732422
v -0.163681030 0.438583344 0.014540744
vt 0.881347656 0.141113281
vn -0.842728853 0.189023241 -0.504061937
vt 0.885742188 0.147705078
v -0.160919204 0.439147919 -0.003285337
vt 0.883056641 0.133789062
vn -0.948772252 0.166035101 0.268818915
vt 0.889160156 0.127685547
vt 0.890136719 0.133789062
v -0.164245605 0.421218842 0.015276982
vt 0.887451172 0.141113281
vn -0.841867626 -0.385528207 -0.377660066
vt 0.899414062 0.135009766
vt 0.899414062 0.125976562
v -0.158050537 0.398559541 0.032596663
vt 0.895751953 0.145996094
vn -0.338740319 0.850789487 -0.401761681
vt 0.894775391 0.157470703
vt 0.917236328 0.142822266
vt 0.901611328 0.163818359
vt 0.336669922 0.291259766
vt 0.311279297 0.289306641
vt 0.333496094 0.274169922
vt 0.313476562 0.265380859
vt 0.330078125 0.270996094
vt 0.355224609 0.270751953
v -0.058574669 0.079498261 0.020769192
vt 0.386962891 0.287841797
vt 0.364990234 0.272460938
vt 0.381591797 0.276855469
v -0.055862419 0.079742402 0.008322789
vt 0.386718750 0.295410156
v -0.139434814 0.079956025 0.000896777
vt 0.344726562 0.301025391
vn -0.007878724 0.984832287 -0.173330531
v -0.053321831 0.081817597 0.019081188
vt 0.389404297 0.289550781
vn -0.015744168 0.999752104 0.015744086
v -0.058124535 0.079986542 -0.000296728
vt 0.386474609 0.301025391
vn -0.000000079 0.959114790 -0.283017486
v -0.045368183 0.079635590 0.024499964
vt 0.393554688 0.286865234
v -0.042301171 0.079833955 0.009835315
vt 0.393310547 0.296142578
vt 0.355224609 0.304687500
v 0.016504295 0.079772919 0.002344911
vt 0.412597656 0.314453125
v -0.003951066 0.079254121 -0.000941687
vt 0.405029297 0.312744141
vn 0.007879518 0.756445110 -0.654009879
v 0.003861438 0.080078095 0.035202093
vt 0.414550781 0.273925781
v 0.033550270 0.079742402 0.018835129
vt 0.428222656 0.273681641
v -0.035079945 0.079605073 0.040111613
vt 0.398437500 0.277587891
vn -0.000000015 0.977105200 0.212756738
v -0.000716734 0.076156586 0.043666907
vt 0.411132812 0.271972656
vn 0.000000102 0.409055948 0.912509382
vt 0.395507812 0.274902344
vt 0.385498047 0.273925781
vt 0.400634766 0.267089844
v -0.050376885 0.075866669 -0.003663229
vt 0.389160156 0.305664062
vn 0.007898156 0.236948758 -0.971490085
v 0.016588217 0.075485200 -0.003342803
vt 0.413818359 0.322509766
vn -0.000000137 0.188555956 -0.982062519
v -0.044933312 0.060043305 -0.004193233
vt 0.391601562 0.313232422
vn 0.023614597 0.007871534 -0.999690175
v -0.057243340 0.065521210 -0.004167483
vt 0.385986328 0.310058594
v -0.096763603 0.059265107 -0.004177014
vt 0.365234375 0.314208984
v -0.055809014 0.061950654 -0.006740972
vt 0.386474609 0.311767578
v -0.060180657 0.057403535 -0.004739210
vt 0.384033203 0.313476562
vn -0.125584021 -0.078489989 -0.988973260
vt 0.364501953 0.315185547
vt 0.384521484 0.316406250
v -0.052555077 0.048278779 -0.007791921
vt 0.386962891 0.316650391
vn 0.039309073 -0.180822358 -0.982729971
vt 0.388427734 0.320068359
v 0.024187095 0.049819916 -0.003696854
vt 0.405761719 0.340820312
vn -0.000000127 -0.078497238 -0.996914387
vt 0.979248047 0.572021484
vt 0.977783203 0.522705078
vt 0.984619141 0.540283203
v -0.127838120 0.295387238 0.159149244
vt 0.987304688 0.577392578
vt 0.993408203 0.556396484
v -0.119194053 0.295661867 -0.149383470
vt 0.944580078 0.467773438
vt 0.947998047 0.484375000
vt 0.942871094 0.488281250
vt 0.935058594 0.492919922
v -0.129806548 0.296089113 -0.164596483
vt 0.938232422 0.468750000
vt 0.931640625 0.486083984
vt 0.935791016 0.444824219
v -0.048885368 0.295753449 -0.147048891
vt 0.945068359 0.448486328
v 0.021959282 0.295944184 -0.154525697
vt 0.946289062 0.430419922
v -0.021636983 0.297866791 -0.136199892
vt 0.949462891 0.442138672
v -0.104988120 0.296791017 -0.140487596
vt 0.947509766 0.463134766
vn -0.007846494 -0.949435830 0.313863099
v -0.102256797 0.300086915 -0.137481615
vt 0.948974609 0.462890625
vt 0.950927734 0.464599609
vt 0.951904297 0.488525391
vt 0.842285156 0.429687500
vt 0.845947266 0.418212891
vt 0.845458984 0.458496094
vt 0.841064453 0.396484375
vt 0.846679688 0.378417969
vt 0.007324219 0.262207031
vt 0.020263672 0.260498047
vt 0.013671875 0.265136719
vt 0.000488281 0.260498047
v -0.059860218 0.295822114 0.117492743
vt 0.948974609 0.370117188
vt 0.897216797 0.362060547
vt 0.906250000 0.358642578
vt 0.903564453 0.369873047
vt 0.582763672 0.874511719
vt 0.587158203 0.873535156
v -0.153549194 0.337249726 0.003211335
vt 0.583007812 0.875976562
vt 0.577148438 0.884521484
vt 0.574951172 0.875732422
v -0.070190437 0.337448090 -0.009457524
vt 0.604492188 0.887207031
vn -0.015738325 0.999380589 -0.031476595
vt 0.591796875 0.888427734
vt 0.595214844 0.895019531
vt 0.614746094 0.896484375
v 0.007934563 0.338012666 -0.019948907
vt 0.626953125 0.895019531
vt 0.615966797 0.897705078
v -0.002824074 0.338981599 -0.010831778
vt 0.624267578 0.891113281
v -0.009557729 0.337974519 0.003856238
vt 0.623535156 0.882568359
vn -0.007887750 0.993852854 0.110428050
v -0.075515755 0.337600678 0.001855200
vt 0.603759766 0.880371094
v -0.055587772 0.335510224 0.006946149
vt 0.610351562 0.878662109
vn -0.031411488 0.989461064 0.141351521
v -0.068168648 0.334129304 0.006008212
vt 0.606201172 0.878417969
vn 0.015799487 0.995371222 -0.094797306
v 0.026020046 0.337264985 0.008683256
vt 0.634033203 0.880371094
vt 0.611816406 0.877197266
vt 0.623046875 0.871582031
v -0.056861881 0.335517853 0.006947103
vt 0.609863281 0.878417969
vn -0.015769683 0.662321329 -0.749053955
vt 0.010986328 0.762939453
vt 0.039062500 0.756103516
vt 0.019287109 0.766845703
vt 0.030517578 0.757324219
vt 0.010986328 0.762207031
vt 0.014892578 0.754882812
vt 0.190917969 0.726074219
vt 0.192138672 0.755615234
vt 0.187988281 0.739501953
v -0.093673691 0.337280244 0.136077955
vt 0.189941406 0.756103516
vn -0.015799575 0.995371222 0.094797216
vt 0.180175781 0.754638672
v -0.018074021 0.337257355 0.144241393
vt 0.190673828 0.782714844
v -0.044551838 0.339065522 0.134521544
vt 0.185302734 0.773681641
vn -0.511177480 0.487584740 0.707784355
vt 0.174804688 0.771484375
v -0.016071307 0.338905305 0.131866515
vt 0.188232422 0.783447266
vn 0.331531942 0.678851008 0.655170143
v 0.021480573 0.335983247 0.141861022
vt 0.193603516 0.796630859
vn 0.047185581 0.998762369 0.015728492
vt 0.872314453 0.866699219
vt 0.880615234 0.874023438
v -0.051319100 0.285430878 0.181106627
vt 0.851562500 0.877197266
v -0.060520150 0.295967072 0.181884840
vt 0.854980469 0.880859375
vn 0.000000016 -0.978717029 -0.205214798
vt 0.877929688 0.885498047
v -0.012837393 0.295677155 0.149276793
vt 0.841064453 0.894775391
vt 0.893554688 0.897460938
v 0.004064581 0.295577973 0.181549132
vt 0.833740234 0.884277344
vn -0.007872099 -0.834438801 -0.551044405
v -0.012415865 0.277278870 0.182067931
vt 0.837890625 0.877685547
vn -0.007872927 -0.015745636 -0.999845147
v -0.042896248 0.274932832 0.181701720
vt 0.848388672 0.874023438
v -0.019121148 0.262557954 0.182174742
vt 0.838867188 0.874023438
v -0.087081887 0.264335603 0.181808546
vt 0.859130859 0.864501953
vt 0.878417969 0.855468750
v -0.001680113 0.252355546 0.181869566
vt 0.833496094 0.871337891
vt 0.860595703 0.857177734
v -0.088539101 0.252445191 0.182022169
vt 0.857666016 0.856933594
vn -0.023657400 -0.110400662 -0.993605554
v -0.047119118 0.248130769 0.182846129
vt 0.856689453 0.843261719
vn -0.000000095 -0.472221464 -0.881479979
vt 0.014404297 0.601562500
vn -0.055384796 -0.941542983 0.332309306
vt 0.014404297 0.602783203
vt 0.010986328 0.602050781
v -0.040153489 0.297637910 0.139236510
vt 0.839355469 0.775146484
vn 0.007871618 -0.999690175 -0.023614688
vt 0.786865234 0.791015625
vt 0.829345703 0.772705078
v 0.071716323 0.297424287 0.139389083
vt 0.857177734 0.734863281
vt 0.846923828 0.784423828
v 0.024600999 0.295463532 0.145690978
vt 0.861328125 0.796630859
vn 0.000000031 -0.995495498 -0.094809048
vt 0.911376953 0.934082031
vt 0.935058594 0.935302734
vt 0.929931641 0.936767578
v -0.062469505 0.338272065 -0.134200975
vt 0.907958984 0.936767578
vn -0.000000059 0.992988288 -0.118212938
vt 0.924804688 0.945800781
vt 0.895751953 0.945800781
v 0.010987259 0.337844819 -0.133605897
vt 0.887207031 0.937500000
vn 0.007892563 0.978686512 -0.205208495
v -0.035739921 0.335586518 -0.138839662
vt 0.900634766 0.934326172
vn -0.039295878 0.998114347 0.047154967
v -0.055088066 0.330467194 -0.138885438
vt 0.906005859 0.933837891
vn -0.047178376 0.998607934 -0.023589201
vt 0.906494141 0.929443359
vt 0.007812500 0.309814453
vt 0.016357422 0.309814453
vt 0.007812500 0.312011719
vt 0.003173828 0.310302734
vt 0.467529297 0.862548828
vt 0.512939453 0.865966797
vt 0.468994141 0.871337891
v -0.004397857 0.296112031 0.111091673
vt 0.447021484 0.864746094
vt 0.989746094 0.645751953
vt 0.990234375 0.624755859
vt 0.993164062 0.630859375
v 0.008640318 0.246326432 0.223877013
vt 0.991455078 0.678710938
vn 0.000000063 -0.988820970 0.149107978
vt 0.056640625 0.787353516
vt 0.030761719 0.767333984
vt 0.041015625 0.770019531
vt 0.030761719 0.774658203
v -0.027471559 0.295639008 -0.108764589
vt 0.047851562 0.795654297
v 0.027458170 0.296508759 -0.132293642
vt 0.064697266 0.796386719
vt 0.039306641 0.787109375
v 0.019979462 0.296134919 -0.091720521
vt 0.043457031 0.809326172
vt 0.031982422 0.792968750
vt 0.031738281 0.807617188
v -0.090118401 0.379989594 0.133300856
vt 0.058105469 0.727294922
vn -0.870715499 0.411610931 0.269130319
v -0.088256828 0.380477875 0.095443793
vt 0.059570312 0.739501953
vn -0.856094360 0.416265994 -0.306308866
v -0.087631218 0.363265961 0.124687262
vt 0.049316406 0.733398438
vn -0.869409084 -0.490030587 0.063229881
v -0.084472649 0.378189057 0.120163023
vt 0.062744141 0.730468750
vn 0.803149581 0.590551257 0.078740031
v -0.085594170 0.368164033 0.096199103
vt 0.055175781 0.741455078
vn -0.850789487 -0.401761711 -0.338740081
v -0.073898308 0.350975007 0.094383299
vt 0.049316406 0.746826172
vn -0.580664635 -0.729754210 -0.360953569
v -0.067474365 0.378631562 0.077156126
vt 0.066894531 0.747802734
vn 0.448568732 0.684657454 0.574482620
v -0.069137573 0.367584199 0.072792113
vt 0.058105469 0.750244141
vn -0.682925642 -0.345387727 -0.643676877
v -0.062065125 0.379898041 0.064727843
vt 0.063720703 0.751464844
vn -0.432094276 0.282825202 -0.856332004
v -0.051078793 0.361114472 0.065086424
vt 0.057861328 0.757568359
vn -0.274824917 -0.494684756 -0.824474514
v -0.037899014 0.346321076 0.075187743
vt 0.051513672 0.761962891
vn -0.110386930 -0.851556063 -0.512510538
v -0.058982842 0.342758149 0.102745116
vt 0.043945312 0.751464844
vn -0.283543676 -0.929393232 -0.236286357
vt 0.043457031 0.761230469
v -0.017536161 0.360977143 0.062442835
vt 0.061279297 0.769287109
vn 0.204895899 -0.591046154 -0.780180812
v -0.004780286 0.345825166 0.086540274
vt 0.052978516 0.772460938
vn 0.251191020 -0.894868016 -0.368936837
v -0.021429062 0.380264252 0.055728968
vt 0.069091797 0.765136719
vn 0.118018687 0.409131855 -0.904810905
v 0.006474498 0.366683930 0.071785025
vt 0.064697266 0.776367188
vn 0.563515484 -0.360023826 -0.743527532
v 0.008122451 0.350074738 0.090927176
vt 0.060791016 0.781494141
vn 0.590807676 -0.716846645 -0.370239526
v -0.025682447 0.378265351 0.065383963
vt 0.071777344 0.761474609
vn -0.031445321 0.487403959 0.872610271
v 0.005419258 0.378677338 0.078414969
vt 0.080566406 0.767822266
vn -0.607922077 0.592131913 0.528971255
v -0.005502220 0.363128632 0.075515799
vt 0.081787109 0.762207031
vn -0.455831647 0.432254255 0.778057694
v -0.039894100 0.359481782 0.071746886
vt 0.075439453 0.753417969
vn 0.101971053 0.611825943 0.784392118
v -0.003809685 0.356170624 0.083824210
vt 0.085449219 0.759521484
vn -0.236948788 0.860913932 0.450202703
v -0.047882073 0.346778840 0.095108092
vt 0.080566406 0.744384766
vn 0.204168200 0.950167477 0.235578641
v -0.064163201 0.360916108 0.082580626
vt 0.072509766 0.744384766
vn 0.684339702 0.534886241 0.495556206
v -0.072196953 0.355697602 0.107917845
vt 0.074218750 0.734619141
vn 0.710957289 0.679359198 0.181688964
vt 0.745117188 0.793457031
vt 0.753906250 0.787109375
v -0.075096115 0.359863251 0.149993971
vt 0.756591797 0.796875000
vn -0.780447364 -0.417815298 0.465115249
v -0.073814377 0.375915498 0.160965040
vt 0.750732422 0.802001953
vn -0.764134943 -0.094532169 0.638092220
v -0.068534836 0.350250214 0.145553663
vt 0.761474609 0.796875000
vn -0.446814895 -0.815241337 0.368426472
v -0.061561570 0.361419648 0.164810255
vt 0.757324219 0.804687500
vn -0.410161376 -0.591579020 0.694119513
v -0.070564263 0.345268220 0.121902525
vt 0.764648438 0.790039062
vn -0.496001482 -0.866034448 0.062984429
vt 0.764404297 0.779296875
vt 0.771728516 0.800537109
vt 0.769531250 0.785888672
v -0.033348069 0.345848054 0.160095274
vt 0.766845703 0.810546875
vn -0.039310303 -0.849104881 0.526759565
vt 0.773681641 0.790527344
vt 0.778564453 0.810791016
v 0.001762761 0.345306367 0.143356383
vt 0.774169922 0.820312500
vn 0.345686078 -0.848502040 0.400681466
v -0.008635504 0.360717744 0.170425475
vt 0.761230469 0.822265625
vn 0.362609774 -0.543914378 0.756750524
v -0.051334374 0.340614289 0.107231200
vt 0.772705078 0.788574219
vn -0.117760301 -0.942082405 -0.314027399
v -0.050914757 0.340652436 0.105957091
vt 0.773193359 0.788574219
vn -0.204902321 -0.953584015 -0.220663995
vt 0.782714844 0.789306641
v -0.035736065 0.365509033 0.175872862
vt 0.757080078 0.813964844
vn -0.094344862 -0.416690379 0.904139519
v -0.019828780 0.380004883 0.178665221
vt 0.751464844 0.820068359
vn 0.165781543 0.323668569 0.931533813
v 0.013504997 0.379684418 0.161773741
vt 0.749023438 0.831787109
vn 0.690520108 0.188323706 0.698366761
v -0.006484016 0.377761811 0.166061461
vt 0.747314453 0.825927734
vn -0.477774352 0.673583329 -0.563930154
v -0.059310898 0.380126953 0.171890333
vt 0.750000000 0.807861328
vn -0.315351814 0.528214455 0.788379788
v -0.041217789 0.379058808 0.169921935
vt 0.748046875 0.813964844
vn 0.141714588 0.629843175 -0.763684928
v -0.017354950 0.361267060 0.163955748
vt 0.740966797 0.821777344
vn -0.110417925 0.583636880 -0.804472446
v 0.006100668 0.356368989 0.144699156
vt 0.737548828 0.831054688
vn -0.643122494 0.643122435 -0.415676653
v -0.030267701 0.348587006 0.149093688
vt 0.733154297 0.816650391
vn -0.086394936 0.918926954 -0.384849817
v -0.052650437 0.356658906 0.154037535
vt 0.737548828 0.809326172
vn 0.369746387 0.668690443 -0.645089686
v -0.047759999 0.345771760 0.130767882
vt 0.728759766 0.806884766
vn 0.188695773 0.974928439 -0.117934965
v -0.064514145 0.378036469 0.158081129
vt 0.745361328 0.805419922
vn 0.584491789 0.608187556 -0.537100732
v -0.076744065 0.360977143 0.130859450
vt 0.736816406 0.796386719
vn 0.654578984 0.709784508 -0.260254413
vt 0.720703125 0.796630859
v -0.033569328 0.348014802 0.103057921
vt 0.718505859 0.802490234
vn -0.693623424 0.662094951 -0.283754945
v -0.020023338 0.348907441 0.095398001
vt 0.713378906 0.801025391
vn 0.047385272 0.995091856 -0.086873151
vt 0.706054688 0.799072266
vt 0.730957031 0.790771484
vt 0.741699219 0.789550781
v -0.057987198 0.369934052 0.170120314
vt 0.754150391 0.807128906
vn -0.575088441 -0.220581904 0.787792563
v -0.057712540 0.368652314 0.169815138
vt 0.754882812 0.807128906
vn -0.543492377 -0.267807901 0.795547068
v -0.055427536 0.366897583 0.170837462
vt 0.755371094 0.807861328
vn -0.291464984 -0.307219952 0.905905128
vt 0.671630859 0.955322266
vt 0.675048828 0.952392578
vt 0.685791016 0.952636719
vt 0.661865234 0.953857422
vt 0.660400391 0.951416016
v 0.055759396 0.338188142 -0.223449647
vt 0.638427734 0.953369141
v -0.058544125 0.334938049 0.282989562
vt 0.082275391 0.849853516
vt 0.077880859 0.857421875
vt 0.081787109 0.844482422
vt 0.087890625 0.839599609
v -0.047412839 0.336074829 0.293029845
vt 0.088134766 0.846435547
vn -0.157475352 0.606280506 0.779503405
v -0.017703976 0.338737488 0.286132872
vt 0.098876953 0.850341797
vn -0.031401813 0.997006476 0.070653960
v -0.003260102 0.333839417 0.294799864
vt 0.104492188 0.845947266
vn -0.007861240 0.283008754 0.959085166
v -0.043716393 0.299797058 0.294555724
vt 0.085205078 0.832275391
vn -0.007878521 -0.173330441 0.984832287
v 0.043449435 0.330505371 0.295044005
vt 0.123779297 0.843750000
vn -0.007900386 0.094806194 0.995464504
vt 0.083740234 0.835205078
vt 0.082275391 0.832763672
v 0.029968297 0.295341492 0.289093077
vt 0.072265625 0.805664062
vn -0.007844561 -0.941357553 0.337319791
v 0.009424245 0.299797058 0.293365538
vt 0.077148438 0.812500000
vn 0.031457216 -0.526906073 0.849341214
v -0.053283662 0.334045410 0.261840880
vt 0.084228516 0.859619141
vn -0.086248696 0.995779872 -0.031363178
v -0.018934220 0.338859558 0.258483946
vt 0.095703125 0.862060547
vn -0.031479523 0.999473393 -0.007869910
vt 0.092773438 0.871093750
vt 0.081787109 0.871093750
vt 0.080810547 0.863281250
v -0.059429139 0.339096069 0.258758605
vt 0.081298828 0.860351562
vn 0.054912448 0.980580688 -0.188271523
vt 0.984130859 0.794433594
vt 0.971435547 0.784423828
vt 0.972900391 0.767822266
vt 0.968017578 0.786865234
v 0.032703422 0.298576325 0.187591612
vt 0.984375000 0.740966797
vn -0.047330834 0.907172561 -0.418088257
vt 0.068603516 0.483642578
v -0.031230906 0.330429047 0.186370909
vt 0.048095703 0.496582031
vn -0.007869740 0.031479523 0.999473393
vt 0.046875000 0.485839844
vt 0.045410156 0.508300781
v 0.081459068 0.334541291 0.187072799
vt 0.044677734 0.526123047
vn -0.023556286 0.070669286 0.997221589
vt 0.068115234 0.523925781
vt 0.987548828 0.109863281
vt 0.986572266 0.081787109
vt 0.995361328 0.098632812
v 0.056129470 0.338348359 0.145462096
vt 0.987792969 0.137207031
vt 0.918945312 0.992675781
vt 0.926025391 0.995117188
vt 0.916748047 0.994628906
v 0.028308827 0.298843324 -0.291839540
vt 0.947021484 0.992187500
vn -0.000000100 -0.425038844 -0.905175209
vt 0.082275391 0.088378906
vt 0.072753906 0.065429688
vt 0.082763672 0.044433594
v 0.044292480 0.295654267 0.251312315
vt 0.073730469 0.104736328
vt 0.768554688 0.884521484
vt 0.791015625 0.882080078
vt 0.811523438 0.883789062
v 0.024560953 0.247451767 0.184524596
vt 0.755615234 0.882080078
vn -0.000000027 -0.867757320 -0.496988267
vt 0.816650391 0.880615234
vt 0.773193359 0.871826172
vt 0.731201172 0.958740234
vt 0.716552734 0.965576172
vt 0.687744141 0.960449219
vt 0.108642578 0.823242188
vt 0.095703125 0.827880859
v 0.069702171 0.295593232 0.167068526
vt 0.094726562 0.802978516
vt 0.087158203 0.819335938
v 0.107887283 0.295684814 0.144989058
vt 0.084716797 0.791992188
vt 0.081542969 0.805908203
v 0.162078872 0.297805786 0.139038131
vt 0.083496094 0.772705078
v 0.148269668 0.295173645 0.114280738
vt 0.073242188 0.773925781
v 0.170181289 0.295745850 0.144851729
vt 0.087646484 0.771240234
vn 0.007849512 -0.996883690 -0.078494735
v 0.178222671 0.295463562 0.167114288
vt 0.100585938 0.770996094
v 0.081588767 0.295585603 0.180313155
vt 0.103271484 0.798583984
vn -0.000000037 -0.830842495 -0.556507587
v 0.168701187 0.295562744 0.181167647
vt 0.106445312 0.772705078
vn -0.000000062 -0.707106829 -0.707106709
v 0.038299583 0.280120820 0.180893004
vt 0.112792969 0.810546875
vt 0.114501953 0.829589844
vt 0.120849609 0.831542969
v 0.128463760 0.274620056 0.182052657
vt 0.116455078 0.784423828
v 0.195007339 0.287467957 0.181411773
vt 0.110351562 0.763916016
v 0.101493858 0.265468568 0.181915328
vt 0.121826172 0.793212891
v 0.177261382 0.261573792 0.181686431
vt 0.119140625 0.766601562
vt 0.127929688 0.826416016
vt 0.133300781 0.817626953
v 0.102569602 0.252740830 0.181564376
vt 0.126708984 0.791503906
vn -0.000000117 -0.236956254 -0.971520424
v 0.214828521 0.248519883 0.185363799
vt 0.129394531 0.755859375
vn -0.000000031 -0.853281856 -0.521449983
v 0.111427329 0.246677384 0.186096236
vt 0.130859375 0.789306641
vn 0.007867696 -0.983459592 -0.180956528
vt 0.144287109 0.825683594
v 0.141571075 0.246675476 0.203140303
vt 0.139892578 0.780517578
vn 0.007873815 -0.999969006 0.000000043
vt 0.154052734 0.818847656
v 0.089866668 0.247560486 0.226684615
vt 0.155029297 0.791992188
vn 0.000000110 -0.828391075 0.560150206
v 0.226364166 0.246694550 0.219680816
vt 0.139892578 0.750976562
v 0.173568755 0.247629151 0.228286773
vt 0.147216797 0.768798828
vn 0.000000108 -0.840412021 0.541947961
v 0.230499297 0.249946579 0.229019195
vt 0.142822266 0.749023438
vn 0.000000138 -0.299621522 0.954058111
vt 0.952148438 0.604003906
vt 0.942138672 0.613769531
vt 0.945312500 0.549072266
v -0.036613457 0.367584199 0.099624693
vt 0.677001953 0.030517578
vn -0.817101300 0.549971938 -0.172848269
vt 0.669677734 0.026367188
v -0.033134449 0.359054536 0.118598998
vt 0.676269531 0.022705078
v -0.023828497 0.347000092 0.110519461
vt 0.670166016 0.021972656
vn 0.212730408 0.772132397 0.598796546
v -0.021764750 0.366531342 0.090995841
vt 0.678222656 0.040283203
vn 0.094441235 0.196752802 -0.975894094
vt 0.667724609 0.034179688
v -0.018093102 0.373748749 0.105682425
vt 0.682373047 0.033447266
vn 0.379259974 0.924446344 -0.039506346
v -0.009879104 0.356780976 0.104881339
vt 0.688232422 0.034667969
vn 0.990989983 -0.086514950 0.102244876
v -0.023702612 0.368469208 0.117645316
vt 0.686035156 0.028808594
vn 0.316069752 0.948209405 0.031606898
v -0.022636404 0.356079072 0.118614249
vt 0.671386719 0.017578125
vn 0.457958192 -0.868541420 -0.189499959
vt 0.693359375 0.027832031
vt 0.693603516 0.033447266
v -0.028583515 0.374893159 0.129562438
vt 0.683837891 0.023193359
vn -0.323145390 0.914264858 -0.244329408
v -0.010618200 0.361831635 0.125885069
vt 0.691894531 0.023925781
vn 0.954176843 -0.094629079 -0.283887446
v -0.014480579 0.371612519 0.141113341
vt 0.689453125 0.020751953
vn 0.487584859 0.621277392 0.613413036
v -0.018684374 0.348197907 0.141159117
vt 0.697509766 0.013427734
vn 0.141767442 0.952992260 0.267782897
vt 0.704833984 0.020507812
v -0.006355276 0.346679658 0.114364676
vt 0.708740234 0.008789062
vn -0.259120613 0.965813160 0.007852132
vt 0.700927734 0.003906250
vt 0.688232422 0.011474609
vt 0.675537109 0.005371094
v -0.037971485 0.368530244 0.136413634
vt 0.684326172 0.018798828
vn -0.669374287 0.267749757 0.692999423
v -0.035957325 0.351776093 0.134964049
vt 0.682373047 0.015625000
vn -0.777769387 -0.597075641 0.196406558
vt 0.970703125 0.329101562
v 0.002379424 0.296180695 0.075721800
vt 0.968017578 0.325927734
vt 0.994140625 0.330810547
vt 0.993408203 0.324218750
v 0.028564418 0.296188325 -0.246871889
vt 0.891357422 0.376953125
vt 0.897705078 0.373535156
vt 0.900878906 0.387451172
vt 0.889892578 0.384277344
v 0.066116303 0.297584504 -0.221298173
vt 0.889648438 0.364257812
vn 0.015738146 -0.031476598 -0.999380589
v 0.081848115 0.296066254 -0.223678544
vt 0.885742188 0.361083984
vn 0.015774028 -0.993760109 0.110417835
v 0.102081262 0.295761079 -0.242904618
vt 0.878417969 0.360595703
v 0.121780358 0.295288056 -0.256927460
vt 0.870605469 0.361328125
v 0.138015702 0.294868439 -0.272979707
vt 0.863037109 0.363769531
v 0.168838471 0.295402497 -0.238418534
vt 0.866699219 0.345703125
vn -0.007864949 -0.998854995 0.047190044
v 0.150314301 0.298263520 -0.220870927
vt 0.873535156 0.345458984
vn -0.000000055 -0.745241404 -0.666794837
v 0.222610444 0.295066804 -0.257080048
vt 0.849121094 0.341308594
v 0.220886186 0.293579072 -0.271911591
vt 0.845703125 0.346191406
v 0.206664994 0.293792695 -0.286682099
vt 0.844726562 0.353759766
vn -0.007838124 -0.971928954 -0.235144064
v 0.020875907 0.338432282 -0.140853822
vt 0.035644531 0.276367188
vn -0.000000014 0.975441039 0.220260844
vt 0.010986328 0.280029297
vt 0.018066406 0.276367188
v 0.033786748 0.338211030 -0.165725648
vt 0.040039062 0.283935547
vt 0.023681641 0.287353516
vt 0.001220703 0.290771484
vt 0.002685547 0.280273438
vt 0.005615234 0.291748047
vt 0.012451172 0.291259766
vt 0.007568359 0.297607422
vt 0.002929688 0.299072266
vt 0.004150391 0.304931641
vt 0.016845703 0.300048828
v 0.006372460 0.354522675 0.101089530
vt 0.020507812 0.293701172
vn -0.463504881 0.856305659 0.227824450
vt 0.874511719 0.940917969
vt 0.848388672 0.941650391
v 0.068084739 0.312942475 0.188613936
vt 0.880371094 0.930419922
vn -0.000000134 0.062867478 -0.998021960
v 0.100143455 0.321800232 0.187973067
vt 0.891357422 0.924072266
vn -0.039466728 0.157867447 0.986671269
vt 0.860839844 0.930664062
v 0.084114097 0.332321137 0.189270064
vt 0.887451172 0.921875000
vn 0.007872905 0.125968605 -0.992003083
v 0.036705036 0.335861176 0.190124571
vt 0.868896484 0.923583984
vn -0.007900403 0.434514582 -0.900630236
vt 0.860839844 0.921630859
vt 0.856933594 0.926757812
v 0.082336448 0.338546723 0.196304366
vt 0.885742188 0.918701172
vn -0.582821846 0.811224878 -0.047255781
vt 0.888671875 0.921630859
v 0.078765891 0.338478059 0.179595992
vt 0.891357422 0.921386719
vn -0.228829354 0.931098759 0.284064025
v 0.078025833 0.353836060 0.172576949
vt 0.897460938 0.920166016
vn -0.606111407 0.795029163 -0.023614684
v 0.086357139 0.356658936 0.211624190
vt 0.891845703 0.910644531
vn -0.664202869 0.687924445 0.292565644
v 0.087066673 0.338455200 0.211578414
vt 0.886230469 0.912841797
vn -0.055220943 0.993976474 0.094664380
vt 0.849121094 0.911865234
vt 0.848144531 0.901367188
v 0.122871421 0.338432312 0.234481856
vt 0.896240234 0.902832031
vt 0.662597656 0.246093750
vt 0.666748047 0.238281250
vt 0.692138672 0.241455078
vt 0.668701172 0.233398438
vt 0.689941406 0.226074219
v 0.077789344 0.295730591 0.288330138
vt 0.652343750 0.229003906
vn 0.015722271 -0.998361051 0.055027816
v 0.168594390 0.296707153 0.259674102
vt 0.617919922 0.236328125
vn 0.007872842 -0.999845147 0.015745634
v 0.210479766 0.297180176 0.279083282
vt 0.608154297 0.224121094
v 0.294189483 0.295562744 0.259338409
vt 0.581054688 0.224853516
v 0.202011138 0.297271729 0.248123199
vt 0.606201172 0.241210938
v 0.122535735 0.294784546 0.229553267
vt 0.633056641 0.253417969
vn 0.000000116 -0.784681857 0.619898736
vt 0.674316406 0.260498047
vt 0.668945312 0.267333984
v 0.211578399 0.296234131 0.229629546
vt 0.601562500 0.253417969
v 0.284149200 0.295486450 0.229324356
vt 0.584228516 0.252441406
vn -0.007902892 -0.940454364 0.339828074
v 0.168853790 0.275093079 0.229568526
vt 0.618164062 0.265380859
v 0.176849395 0.288799286 0.229751617
vt 0.614013672 0.257812500
vn 0.015738407 0.031476598 0.999380589
v 0.183120757 0.267692566 0.229858428
vt 0.609863281 0.266601562
v 0.184997588 0.280040741 0.234085113
vt 0.613525391 0.262939453
vn -0.023615332 0.000000043 0.999721229
v 0.271362334 0.281078339 0.229522735
vt 0.584472656 0.264160156
vn 0.007871706 0.023614772 0.999690175
v 0.261810333 0.267383575 0.230468780
vt 0.586425781 0.270996094
vt 0.597900391 0.279541016
vt 0.615722656 0.275878906
v 0.125961334 0.253068924 0.229568526
vt 0.630859375 0.277343750
vn -0.007849344 -0.078494735 0.996883690
vt 0.639648438 0.284667969
vt 0.451171875 0.959960938
vt 0.491210938 0.963378906
vt 0.446289062 0.963623047
vt 0.012451172 0.038818359
vt 0.002441406 0.037353516
vt 0.004394531 0.028808594
v -0.011532773 0.338256806 0.115280204
vt 0.005126953 0.046875000
vn 0.094735153 0.994719684 -0.039473057
v 0.008483897 0.344459504 0.120063834
vt 0.012207031 0.052001953
vn 0.527150750 -0.849735498 0.007867889
vt 0.002685547 0.052978516
vt 0.007568359 0.059570312
v 0.044174198 0.338699311 0.075851485
vt 0.069824219 0.889648438
vn -0.047139049 0.997775495 -0.047139037
vt 0.053466797 0.893798828
vt 0.043457031 0.883789062
v 0.044258121 0.334938020 0.070320174
vt 0.070068359 0.892333984
vn -0.062797792 0.996914387 0.047098279
v 0.039733890 0.338973969 0.065330550
vt 0.069091797 0.895019531
vn -0.252352148 0.914776504 0.315440148
vt 0.051269531 0.874511719
vt 0.057617188 0.897705078
v 0.069419868 0.339179963 0.095405623
vt 0.079589844 0.880615234
vn -0.432896316 0.086579308 0.897276342
v 0.038562775 0.338333100 0.035297446
vt 0.068115234 0.905029297
vn -0.776715636 0.611957610 -0.149066553
vt 0.056152344 0.912109375
vt 0.068847656 0.915283203
v 0.050056469 0.337440461 0.111160323
vt 0.071533203 0.871582031
vn 0.007864962 0.998854995 0.047189955
v 0.042610180 0.338638276 0.118843123
vt 0.068359375 0.868652344
vt 0.049072266 0.869140625
v 0.076881424 0.338447541 0.165466353
vt 0.066650391 0.239257812
vn -0.078818440 0.993111670 -0.086700261
vt 0.065917969 0.281738281
vt 0.062255859 0.265380859
vt 0.059570312 0.238769531
vt 0.054443359 0.260253906
vt 0.056884766 0.237792969
vt 0.062500000 0.234130859
v 0.077011123 0.349578828 0.162582442
vt 0.067626953 0.235595703
vn -0.488310218 0.519813895 -0.700961232
vt 0.166992188 0.772705078
vt 0.156738281 0.771728516
v 0.040515929 0.337966919 0.269348204
vt 0.162841797 0.750488281
v 0.072685272 0.338783264 0.257385314
vt 0.169433594 0.738769531
v 0.041214023 0.338157654 0.287750304
vt 0.155517578 0.749755859
vt 0.153076172 0.766113281
vt 0.150634766 0.748535156
v 0.097969085 0.338424683 0.289794981
vt 0.158935547 0.729003906
v 0.067359962 0.336387634 0.295257628
vt 0.154785156 0.739990234
vn -0.007864877 0.133705035 0.990989983
v 0.148468047 0.338836670 0.266174346
vt 0.168945312 0.709960938
vn 0.023608834 0.999442518 -0.023608925
v 0.101974525 0.331298828 0.295074522
vt 0.155029297 0.725830078
vn 0.015795227 0.236926690 0.971399188
v 0.147750884 0.338516235 0.287902862
vt 0.160644531 0.710449219
vn -0.023709692 0.979999900 0.197580576
v 0.125610381 0.314506531 0.295105010
vt 0.149169922 0.712402344
v 0.074867286 0.300758362 0.294433653
vt 0.141357422 0.732910156
vn 0.007878795 -0.275752962 0.961196244
v 0.214294463 0.302215576 0.294647247
vt 0.142822266 0.683593750
vn 0.000000137 -0.434528142 0.900658369
v 0.268310577 0.301246643 0.295745879
vt 0.138183594 0.664550781
vn -0.015674211 -0.360509992 0.932623684
v 0.206756622 0.314079285 0.294616729
vt 0.147949219 0.686279297
vn -0.015745461 -0.007872754 0.999845147
v 0.177139312 0.329048157 0.295074493
vt 0.154296875 0.697509766
vn 0.007900639 0.094806194 0.995464504
v 0.147827178 0.330490112 0.295227081
vt 0.157470703 0.709716797
vn -0.023528038 0.337236762 0.941125870
v 0.177520782 0.338356018 0.294921905
vt 0.159423828 0.699707031
vn 0.070739090 0.856728733 0.510893226
v 0.201507598 0.336807251 0.278045684
vt 0.170898438 0.690917969
vn 0.039295793 0.998114347 -0.047155056
v 0.144546539 0.335510254 0.290863067
vt 0.159423828 0.711425781
vn 0.023540523 0.674826443 0.737600982
v 0.145401031 0.335510254 0.290802032
vt 0.159423828 0.710693359
vn 0.031380579 0.674681067 0.737442076
v 0.146255523 0.335494995 0.290802032
vt 0.159423828 0.710449219
vn 0.047041893 0.674266219 0.736988604
vt 0.500976562 0.979492188
vt 0.472167969 0.976806641
vt 0.511474609 0.974609375
vt 0.997314453 0.022705078
vt 0.993652344 0.026367188
vt 0.982666016 0.022949219
vt 0.674560547 0.101074219
vt 0.699951172 0.100097656
vt 0.692871094 0.104003906
v 0.073104866 0.080139130 0.018732127
vt 0.715087891 0.107421875
vt 0.698242188 0.089355469
v 0.055412300 0.078094453 -0.001611293
vt 0.705810547 0.110351562
vn -0.000000116 0.784681857 -0.619898736
vt 0.684326172 0.104492188
vt 0.691894531 0.108886719
v 0.041759498 0.071578950 -0.003916679
vt 0.700683594 0.110839844
v 0.122085579 0.063110322 -0.004300067
vt 0.717041016 0.130615234
v 0.135284424 0.075134248 -0.003730487
vt 0.721191406 0.131347656
vn -0.015809551 0.316188216 -0.948564768
v 0.132766724 0.079635590 0.001066376
vt 0.722167969 0.128662109
v 0.172866821 0.079803452 0.007067247
vt 0.736572266 0.134277344
v 0.198593140 0.078674302 -0.001395424
vt 0.738525391 0.141845703
vn 0.007844561 0.941357553 -0.337319791
v 0.145462051 0.080032319 0.021831559
vt 0.733154297 0.123291016
v 0.179443374 0.079803452 0.038883254
vt 0.745117188 0.126953125
v 0.255645752 0.079803452 0.010540995
vt 0.754882812 0.153076172
v 0.121231094 0.080001801 0.037998252
vt 0.730957031 0.112304688
v 0.192779556 0.076675400 0.044498485
vt 0.749511719 0.127441406
vn -0.007840686 0.415561706 0.909531176
v 0.178863540 0.071289048 0.045040175
vt 0.747314453 0.123535156
vn 0.007861968 0.055032920 0.998453617
v 0.154083267 0.077819794 0.044048358
vt 0.740234375 0.118408203
vn 0.015669143 0.532747924 0.846129000
v 0.117591873 0.067535371 0.045246176
vt 0.734619141 0.105957031
v 0.117637649 0.078140229 0.043865256
vt 0.731689453 0.109375000
v 0.080131546 0.078994721 0.042659815
vt 0.720947266 0.102539062
vn -0.055255286 0.820936203 0.568340361
v 0.070335403 0.072311372 0.044445097
vt 0.720214844 0.098144531
vn -0.015730854 0.220233664 0.975320280
v 0.067306533 0.079910249 0.036777556
vt 0.716552734 0.101562500
vn -0.000000019 0.983490050 0.180962130
v 0.123611465 0.050064057 0.044612937
vt 0.740966797 0.101562500
v 0.203918472 0.056365952 0.044582408
vt 0.759277344 0.121337891
vn 0.007870002 -0.031479433 0.999473393
v 0.182846084 0.052139267 0.044315383
vt 0.755126953 0.114746094
v 0.134750381 0.038085908 0.044727374
vt 0.746826172 0.100097656
v 0.054443371 0.075317353 0.044353545
vt 0.715087891 0.095703125
vn 0.071211420 0.664639354 0.743763089
v 0.048248306 0.063415498 0.044902861
vt 0.716308594 0.090332031
v 0.045982372 0.073760957 0.044364989
vt 0.713134766 0.093261719
vn -0.007878544 0.275753021 0.961196244
v 0.053131115 0.079925507 0.039344847
vt 0.712646484 0.096923828
vn -0.000000005 0.959114790 0.283017427
vt 0.699951172 0.085205078
vt 0.694335938 0.075195312
vt 0.719726562 0.087890625
v 0.085884109 0.039901704 0.044338282
vt 0.734619141 0.090332031
v 0.114364639 0.035491914 0.044708304
vt 0.742431641 0.094238281
vn -0.015765009 -0.244359732 0.969556570
v 0.061580673 0.037002534 0.044410765
vt 0.730468750 0.084228516
vn 0.007905338 -0.197629973 0.980244875
vt 0.719482422 0.071777344
vt 0.723632812 0.072021484
v 0.080810562 0.032608002 0.041275080
vt 0.736816406 0.086425781
v 0.145996109 0.032989472 0.042289782
vt 0.749755859 0.097656250
vn 0.007847607 -0.988790512 0.149103373
v 0.228195205 0.034912094 0.043277778
vt 0.772949219 0.087158203
vn 0.007854451 -0.565510869 0.824703455
v 0.105499275 0.295677185 0.091178939
vt 0.314697266 0.889160156
vt 0.253173828 0.883300781
vt 0.278076172 0.879394531
vt 0.274169922 0.891845703
v 0.121635430 0.295509309 -0.051208455
vt 0.768310547 0.641601562
vt 0.766357422 0.677490234
vt 0.761474609 0.676757812
vt 0.774658203 0.662109375
vt 0.781250000 0.661865234
vt 0.792236328 0.680664062
v 0.094619744 0.296226472 -0.016321139
vt 0.781005859 0.649902344
v 0.126602173 0.296234101 -0.030609092
vt 0.777099609 0.640625000
v 0.168640122 0.297363251 -0.062576257
vt 0.760986328 0.630615234
vt 0.759277344 0.678955078
v 0.204910263 0.296928376 -0.059211701
vt 0.763916016 0.619873047
vn 0.007847567 -0.988790512 -0.149103284
v 0.296173096 0.297851562 -0.061248761
vt 0.765380859 0.593505859
v 0.225448593 0.295555085 -0.072730988
vt 0.758544922 0.613525391
v 0.247467026 0.295547456 -0.048229195
vt 0.771484375 0.607177734
v 0.240997314 0.295921296 -0.020027136
vt 0.782226562 0.609130859
v 0.216873169 0.296256989 0.001566796
vt 0.789306641 0.615966797
v 0.165603638 0.295989960 0.001015102
vt 0.788330078 0.631103516
v 0.147949219 0.296417207 -0.016849481
vt 0.783447266 0.635986328
v 0.138290405 0.296150178 -0.013743361
vt 0.784912109 0.638916016
v 0.145980835 0.295814484 -0.018190347
vt 0.783203125 0.636718750
vn 0.007867726 -0.999195039 0.039338432
v 0.142059326 0.296882600 -0.015953027
vt 0.784179688 0.637939453
vn 0.007849531 -0.996883690 0.078494824
v 0.147094727 0.296417207 -0.016847573
vt 0.783447266 0.636474609
vn 0.000000096 -0.900658250 0.434528142
v 0.146255493 0.296417207 -0.016847573
vt 0.783691406 0.636718750
vn -0.007896967 -0.908162057 0.418544292
v 0.025423013 0.338142365 -0.242996156
vt 0.049560547 0.472412109
vt 0.045410156 0.477539062
vt 0.035644531 0.460937500
v 0.095779382 0.337280244 -0.237594560
vt 0.071533203 0.478027344
vt 0.060791016 0.469726562
vt 0.768798828 0.972167969
vt 0.762451172 0.981445312
vt 0.758544922 0.979736328
v 0.027706156 0.364623994 0.121192984
vt 0.762695312 0.968261719
vn 0.808396518 -0.588638246 -0.000000080
v 0.022945410 0.364379853 0.094718985
vt 0.753906250 0.973144531
vn 0.863150120 -0.360953689 -0.353106976
vt 0.748779297 0.981933594
v 0.018577579 0.380538911 0.080116324
vt 0.744873047 0.974609375
vn 0.677564502 0.527870119 -0.512112856
vt 0.740234375 0.992919922
vt 0.740722656 0.977783203
v 0.023765573 0.378509492 0.117996268
vt 0.732666016 0.966064453
vn -0.816647768 0.557519019 -0.149195179
vt 0.247558594 0.102294922
vt 0.245117188 0.096679688
vt 0.252197266 0.103271484
v 0.077148423 0.337882966 -0.058299974
vt 0.226562500 0.093505859
vn -0.000000053 0.997498453 -0.070688903
v 0.136840805 0.335563630 -0.063331567
vt 0.210205078 0.086669922
vn 0.007856475 0.989919007 0.141416952
v 0.157134995 0.337860078 -0.058631863
vt 0.203125000 0.088867188
vn 0.015789617 0.963171303 -0.268424809
v 0.153655991 0.338371247 -0.045726739
vt 0.202392578 0.094726562
v 0.060230248 0.337371796 -0.033763837
vt 0.229980469 0.104003906
vt 0.255859375 0.105712891
vt 0.245361328 0.108886719
v 0.172958359 0.336914033 -0.033088651
vt 0.194335938 0.097900391
v 0.241577134 0.338279694 -0.039993264
vt 0.182128906 0.078857422
v 0.149063095 0.338798493 -0.024839366
vt 0.202148438 0.103759766
v 0.280426025 0.337654114 -0.010390263
vt 0.166503906 0.111572266
v 0.155410767 0.338211030 0.000986730
vt 0.199462891 0.111572266
vn 0.496432424 0.835267365 -0.236396506
v 0.132110596 0.338325471 -0.014621697
vt 0.207031250 0.107910156
vn 0.134003744 -0.922261059 -0.362598360
v 0.085845940 0.338859528 -0.020969348
vt 0.221679688 0.107910156
vn -0.141767561 -0.267782956 -0.952992260
v 0.052772518 0.338378876 -0.003110599
vt 0.229492188 0.110107422
vn -0.110055611 0.982638836 -0.149361134
vt 0.024658203 0.215576172
vt 0.035156250 0.214843750
v 0.036003083 0.278629273 -0.222854555
vt 0.039550781 0.221191406
vt 0.043945312 0.209228516
vt 0.029296875 0.219970703
v 0.092292756 0.253248185 -0.222198442
vt 0.043945312 0.243408203
vn -0.000000127 -0.086291149 -0.996270061
v 0.043903321 0.250661820 -0.222564638
vt 0.033447266 0.232177734
vt 0.022949219 0.219726562
v 0.022718400 0.248054475 -0.221221864
vt 0.027343750 0.226806641
vn -0.055075511 -0.653037429 -0.755320311
vt 0.022949219 0.224121094
v 0.052246064 0.248027772 -0.220916688
vt 0.032958984 0.234130859
vn -0.000000021 -0.889653563 -0.456636310
v 0.094955415 0.246778458 -0.218017533
vt 0.040527344 0.244628906
v 0.054466218 0.248842210 -0.221664369
vt 0.036376953 0.236572266
vn 0.039258178 -0.502505898 -0.863681972
v 0.053615540 0.248828858 -0.221664369
vt 0.035888672 0.236328125
vn -0.039394591 -0.614554465 -0.787890196
vt 0.010986328 0.151367188
v 0.017581949 0.361099213 0.108749442
vt 0.007080078 0.155029297
vn -0.803348899 0.559193790 0.204775289
vt 0.011962891 0.144042969
vt 0.017333984 0.154785156
vt 0.010009766 0.140625000
vt 0.003173828 0.142089844
v 0.001506450 0.352798432 0.057922419
vt 0.854736328 0.285400391
vn -0.946173370 -0.181349933 0.268082589
v 0.001060843 0.355865449 0.042587332
vt 0.852539062 0.290527344
vn 0.173249811 0.984374106 -0.031500038
v 0.002720593 0.348716706 0.027381951
vt 0.845703125 0.290039062
vn -0.392921984 -0.919437528 -0.015716787
v 0.005072589 0.351142853 0.009351783
vt 0.842041016 0.295410156
vn -0.731196284 -0.613261461 -0.298768252
v 0.014988906 0.349113435 0.087883048
vt 0.861572266 0.275878906
vn -0.505948603 -0.822166502 0.260879844
v 0.023445133 0.342834443 0.068374686
vt 0.853759766 0.273193359
vn -0.268349469 -0.955008626 0.126282200
vt 0.840820312 0.276123047
v 0.019979484 0.356170624 0.094467215
vt 0.865722656 0.276123047
v 0.044384014 0.347915620 0.114578292
vt 0.866455078 0.264404297
vn -0.251773387 -0.873339236 0.416999906
vt 0.857666016 0.254638672
vt 0.850830078 0.268798828
vt 0.853515625 0.265625000
vt 0.850585938 0.266113281
v 0.037296299 0.346374482 0.076400802
vt 0.868164062 0.287353516
vn -0.125723422 0.990071774 0.062861666
v 0.041561134 0.352020234 0.103157088
vt 0.871582031 0.278320312
vn 0.196691856 0.936253607 -0.291104138
v 0.051296242 0.347747773 0.093589827
vt 0.873779297 0.282714844
vn -0.173708290 0.947499752 0.268458247
v 0.045921333 0.362197846 0.091781661
vt 0.880126953 0.285888672
vn -0.664889097 0.166222289 0.728211999
v 0.028928757 0.346603364 0.045558982
vt 0.860595703 0.296630859
vn -0.781614125 0.623712242 -0.007895017
v 0.030979158 0.365936249 0.063949630
vt 0.870849609 0.294677734
vn -0.961823344 0.055186559 0.268049270
v 0.036621097 0.361862153 0.077644393
vt 0.875244141 0.291503906
vn 0.597961962 -0.684509039 -0.416999847
v 0.036624912 0.362701386 0.077491805
vt 0.875488281 0.291748047
vn -0.871802390 0.102102965 0.479098767
v 0.036724094 0.363555878 0.077484176
vt 0.875488281 0.291992188
vn -0.836801469 0.260513663 0.481555700
v 0.038909916 0.381622285 0.071189925
vt 0.878662109 0.297363281
vn -0.766014993 0.513308942 0.386956066
v 0.028766630 0.372512788 0.039039660
vt 0.867675781 0.303466797
vn -0.956260383 0.292410165 0.007903090
v 0.032100674 0.367126435 0.018484166
vt 0.861572266 0.308593750
vn -0.894620061 0.227578700 -0.384529531
v 0.040988918 0.392196625 0.037670184
vt 0.874267578 0.309814453
vn -0.669374347 0.740249276 -0.062999874
v 0.053382877 0.393814057 0.074821517
vt 0.884765625 0.300537109
vn -0.455620736 0.816975117 0.353498906
v 0.035068508 0.345993012 0.017683079
vt 0.852783203 0.305419922
vn 0.070653968 0.997006595 0.031401731
v 0.009675021 0.355850190 0.005112701
vt 0.842285156 0.298339844
v 0.018213265 0.352699250 -0.015442797
vt 0.835449219 0.304443359
vn -0.645569324 -0.606205344 -0.464494854
v 0.029439917 0.355957001 -0.024900386
vt 0.836914062 0.308837891
vn 0.141662017 0.983764231 0.110181533
v 0.064590447 0.346786469 -0.027919725
vt 0.838867188 0.320312500
vn 0.141824618 0.961255908 0.236374334
v 0.079109184 0.345825166 -0.007795766
vt 0.845947266 0.322998047
vn 0.212618142 0.897721350 -0.385862768
v 0.090446465 0.345802277 -0.016481357
vt 0.842773438 0.327636719
vn -0.378610700 0.883424759 -0.276070178
v 0.041114803 0.351379365 0.003472377
vt 0.854492188 0.311767578
vn -0.622317433 -0.275710285 -0.732601404
v 0.062145226 0.356796235 -0.010201409
vt 0.852783203 0.321533203
vn -0.306687713 0.023591300 -0.951517880
v 0.049942009 0.375427216 0.002250241
vt 0.861083984 0.318847656
vn -0.410570532 0.442152709 -0.797454000
v 0.079360954 0.374221772 -0.008256869
vt 0.858886719 0.328857422
vn 0.047318839 0.481076181 -0.875400960
v 0.082305901 0.395858735 0.013395350
vt 0.872070312 0.327636719
vn 0.298473179 0.604801118 -0.738328755
v 0.050842278 0.384857148 0.006563233
vt 0.865234375 0.318359375
vn -0.513197124 0.663208425 -0.544778287
v 0.054729458 0.397216767 0.024589583
vt 0.873046875 0.317871094
vn -0.315077960 0.897971988 -0.307200938
v 0.081535332 0.403930634 0.024421733
vt 0.879638672 0.328613281
vn 0.126042813 0.968954682 -0.212697431
v 0.071868896 0.406295747 0.053974193
vt 0.883789062 0.320312500
vn -0.228765279 0.970280230 0.078884557
vt 0.024169922 0.347167969
vt 0.000488281 0.347412109
vt 0.008056641 0.344482422
v 0.047531087 0.333862245 -0.290313661
vt 0.019287109 0.342041016
vn 0.007853968 0.840386152 -0.541931272
vt 0.987304688 0.433837891
vt 0.982910156 0.436035156
vt 0.980468750 0.426513672
v 0.086105309 0.294235200 -0.276946962
vt 0.984863281 0.454589844
vt 0.978027344 0.468994141
v 0.100662194 0.294563264 -0.285339296
vt 0.986328125 0.460449219
vn -0.007843677 -0.956929028 -0.290216148
v 0.050933797 0.295150697 -0.285736024
vt 0.989501953 0.445068359
vn -0.000000013 -0.915431440 -0.402474135
vt 0.993896484 0.418945312
vt 0.994384766 0.440185547
v 0.067573503 0.303642213 -0.293304384
vt 0.991455078 0.450195312
vn 0.007852024 -0.259120613 -0.965813160
v 0.100746110 0.300735444 -0.291992128
vt 0.988525391 0.460449219
vn -0.007834871 -0.399573207 -0.916667879
v 0.151245072 0.299018830 -0.292694062
vt 0.996093750 0.474121094
vn -0.015767708 -0.299584359 -0.953939617
vt 0.836669922 0.929687500
v 0.034301791 0.304473877 0.294647276
vt 0.831787109 0.937255859
vn -0.007894220 -0.102626562 0.994688690
vt 0.843261719 0.911865234
vt 0.820556641 0.935791016
vt 0.837158203 0.937744141
vt 0.817626953 0.945068359
v 0.064437903 0.299354553 0.295013487
vt 0.830810547 0.948242188
vn -0.007844266 -0.196110055 0.980550528
vt 0.829833984 0.951904297
vt 0.833007812 0.954589844
v 0.061325107 0.296424866 0.291626036
vt 0.833007812 0.947998047
vn 0.015713587 -0.864241660 0.502831578
vt 0.064208984 0.464355469
vt 0.052734375 0.459472656
v 0.017828001 0.360076874 0.146972716
vt 0.057861328 0.451660156
vn 0.747637689 -0.503671646 0.432842821
vt 0.047119141 0.452636719
vt 0.067138672 0.452392578
vt 0.050781250 0.442382812
v 0.032230388 0.380203217 0.123954818
vt 0.055664062 0.438232422
vn 0.865578473 0.495740414 0.070819914
vt 0.043457031 0.436279297
vt 0.044433594 0.428710938
vt 0.075683594 0.449462891
vt 0.055664062 0.431884766
vt 0.073974609 0.434570312
vt 0.062500000 0.426757812
vt 0.075195312 0.424316406
vt 0.059326172 0.419677734
vt 0.986572266 0.073486328
vt 0.986572266 0.063964844
vt 0.997314453 0.081298828
v 0.136962876 0.338867158 -0.077011071
vt 0.953369141 0.065185547
vt 0.951904297 0.069091797
v 0.132507309 0.339546174 -0.106788598
vt 0.953613281 0.056396484
vt 0.994873047 0.050781250
v 0.070259072 0.338180512 -0.130859330
vt 0.970703125 0.045654297
vn -0.007873099 0.992002964 -0.125968680
vt 0.987304688 0.040283203
v 0.111640908 0.339439362 -0.126937822
vt 0.956787109 0.048339844
vn -0.890537143 -0.441328168 -0.110331893
v 0.047214486 0.332237214 -0.137161195
vt 0.978759766 0.040771484
vn 0.023562890 0.981789827 -0.188503698
vt 0.996582031 0.031738281
vt 0.984619141 0.036132812
v 0.076370217 0.332809418 -0.136764482
vt 0.969726562 0.041992188
vn -0.015797103 0.987317502 0.157970756
v 0.119300820 0.335769624 -0.137695268
vt 0.958740234 0.042724609
vn -0.165349245 0.984221458 -0.062990196
v 0.111968972 0.338455170 -0.142929032
vt 0.957519531 0.039306641
vn -0.267055094 0.958256423 0.102109276
vt 0.977050781 0.025634766
v 0.130172700 0.338157624 -0.166900590
vt 0.947265625 0.034423828
v 0.025482154 0.249536484 -0.175002992
vt 0.023925781 0.516357422
vn -0.007847407 -0.149103284 0.988790512
vt 0.033935547 0.522705078
vt 0.026855469 0.522949219
vt 0.024902344 0.523437500
v 0.062606789 0.246675462 -0.177062944
vt 0.018066406 0.507568359
vn 0.007881681 -0.937909722 0.346790195
v 0.084083535 0.254262894 -0.174850419
vt 0.019531250 0.499511719
v 0.087852456 0.246862382 -0.178863481
vt 0.017089844 0.499267578
vn 0.000000101 -0.876382530 0.481615663
v 0.055446599 0.276195496 -0.174484193
vt 0.029785156 0.505126953
v 0.058723424 0.285636872 -0.173889115
vt 0.033447266 0.503662109
vt 0.040039062 0.528076172
vt 0.909667969 0.561767578
vt 0.916992188 0.532226562
vt 0.917236328 0.555175781
v 0.060924537 0.057922333 -0.003710449
vt 0.901855469 0.564453125
vn 0.007867548 -0.039338432 -0.999195039
vt 0.899658203 0.585449219
v 0.131668091 0.060684174 -0.003475378
vt 0.898925781 0.589111328
vt 0.899414062 0.550048828
v 0.107902534 0.034316987 -0.002055591
vt 0.894042969 0.578613281
vn -0.007878771 -0.275753021 -0.961196244
vt 0.893310547 0.552734375
vt 0.876708984 0.527832031
vt 0.564208984 0.535156250
v 0.085685708 0.295776337 -0.174972489
vt 0.559570312 0.493652344
vn 0.000000103 -0.869685888 0.493605524
vt 0.568115234 0.540283203
vt 0.558105469 0.502197266
v 0.182128876 0.295799226 -0.174789399
vt 0.552001953 0.457275391
vn 0.007861485 -0.597462833 0.801858068
v 0.175567597 0.283222169 -0.174301118
vt 0.549804688 0.457519531
vt 0.556640625 0.503417969
v 0.190093964 0.278575867 -0.174591035
vt 0.554199219 0.450195312
vn 0.031476684 0.015738321 0.999380589
v 0.186065644 0.285243958 -0.168350190
vt 0.551025391 0.453125000
vn 0.275096446 0.542332888 0.793849468
v 0.184097260 0.270881623 -0.168807954
vt 0.550537109 0.449951172
vn 0.300004303 -0.394742280 0.868433058
v 0.172531098 0.278644532 -0.168487519
vt 0.548583984 0.452636719
vn -0.534357309 -0.086440161 0.840827227
v 0.174026459 0.274463624 -0.174865693
vt 0.547363281 0.452392578
vn -0.047189869 0.007865041 0.998854995
v 0.181365937 0.268688172 -0.174285859
vt 0.547607422 0.447509766
v 0.121917702 0.254192322 -0.174285844
vt 0.524169922 0.445556641
vn -0.007887586 -0.110428050 0.993852854
v 0.244262666 0.254224747 -0.174545258
vt 0.564453125 0.428466797
vn 0.007865133 -0.047189955 0.998854995
v 0.212509125 0.250610322 -0.175109833
vt 0.551757812 0.434814453
vn 0.000000138 -0.227726012 0.973725259
v 0.145324677 0.246847123 -0.177734330
vt 0.531982422 0.438720703
vn 0.000000079 -0.959114790 0.283017486
v 0.231674165 0.249307603 -0.175353974
vt 0.558593750 0.429931641
vn 0.039471895 -0.702597499 0.710491955
v 0.202636689 0.247045487 -0.179214448
vt 0.549804688 0.432861328
vn 0.000000070 -0.978717029 0.205214888
v 0.219345063 0.246805161 -0.193801850
vt 0.553955078 0.424560547
v 0.245742768 0.246435136 -0.181137055
vt 0.562500000 0.424560547
vn 0.000000074 -0.969677091 0.244390205
v 0.274871796 0.248599976 -0.175888032
vt 0.572753906 0.416503906
vn -0.007897187 -0.726552308 0.687065840
v 0.063758820 0.338516206 -0.191024736
vt 0.110351562 0.035400391
vt 0.094482422 0.019042969
vt 0.106201172 0.022460938
vt 0.102294922 0.038818359
v 0.123832673 0.338355988 -0.215270951
vt 0.114990234 0.054443359
vn -0.007906243 0.996179700 -0.086968116
vt 0.116455078 0.010253906
vt 0.120117188 0.025634766
vt 0.736572266 0.024658203
vt 0.718017578 0.020507812
vt 0.716064453 0.014648438
vt 0.730468750 0.031005859
vt 0.718261719 0.007812500
vt 0.732421875 0.013916016
v 0.044841763 0.338867158 0.010485698
vt 0.738281250 0.018066406
vn -0.936891854 0.047238190 -0.346413672
vt 0.741943359 0.008789062
v 0.031845085 0.343536347 -0.006195495
vt 0.743408203 0.023925781
vn -0.274977446 -0.942780018 -0.188555926
v 0.068794243 0.343818635 -0.034023236
vt 0.739501953 0.035156250
vn -0.126035064 -0.929508567 -0.346596360
vt 0.756347656 0.008056641
vt 0.756835938 0.017333984
vt 0.752929688 0.023681641
v 0.035610188 0.350334138 -0.030946683
vt 0.750488281 0.028320312
vn -0.330462933 -0.826157331 -0.456353486
vt 0.040039062 0.051269531
vt 0.040039062 0.092041016
vt 0.037597656 0.074951172
vt 0.938964844 0.396484375
vt 0.935302734 0.433593750
v 0.064331062 0.297866791 0.073410086
vt 0.933349609 0.411621094
vn 0.007880643 -0.992957532 -0.118209191
vt 0.932373047 0.436767578
v 0.168334961 0.296462983 0.073913611
vt 0.931640625 0.374511719
vn -0.007867911 -0.967754185 -0.251773417
vt 0.018554688 0.254882812
vn -0.927897811 -0.172997937 0.330268830
v 0.021568261 0.341850251 -0.251953065
vt 0.015380859 0.256103516
vt 0.011962891 0.254638672
vt 0.021728516 0.413330078
vt 0.018066406 0.381591797
vt 0.023193359 0.389404297
v 0.054847732 0.332237214 0.139648497
vt 0.020019531 0.381103516
v 0.045089733 0.338203400 0.130050719
vt 0.023925781 0.382080078
vn 0.015711522 0.989827394 0.141403854
vt 0.049804688 0.392822266
vt 0.027099609 0.379150391
vt 0.923339844 0.315429688
vt 0.917968750 0.295898438
vt 0.924804688 0.277099609
v 0.091041543 0.295951813 -0.160842851
vt 0.917724609 0.316894531
v 0.152923554 0.295906037 -0.159530595
vt 0.918945312 0.335937500
vt 0.925292969 0.344482422
v 0.083572395 0.295249909 0.053676650
vt 0.819580078 0.360595703
vt 0.843261719 0.371337891
vt 0.836669922 0.381835938
v 0.057128914 0.295928925 0.068244986
vt 0.827148438 0.360107422
vn 0.000000061 -0.991020679 0.133709177
vt 0.826171875 0.356445312
vt 0.823486328 0.376220703
v 0.077827461 0.296638459 0.058483168
vt 0.820312500 0.358154297
v 0.070686348 0.296318024 0.068168692
vt 0.822998047 0.355712891
vn 0.000000081 -0.954058111 0.299621582
v 0.187561035 0.300590485 0.070426978
vt 0.846435547 0.333007812
v 0.110260017 0.295501679 0.057899516
vt 0.811767578 0.352783203
v 0.213104248 0.295577973 0.064430267
vt 0.803466797 0.330078125
vn 0.000000064 -0.987440705 0.157990545
v 0.121368416 0.296394318 0.051540416
vt 0.807617188 0.356201172
v 0.154342651 0.295463532 0.047283210
vt 0.795898438 0.356689453
v 0.170944214 0.295730561 0.031158481
vt 0.789794922 0.361572266
v 0.140365601 0.295402497 0.015261688
vt 0.794433594 0.372070312
vn 0.007861876 -0.998453617 -0.055032831
v 0.182968140 0.297454804 0.006535562
vt 0.780761719 0.373046875
vt 0.815917969 0.387695312
vt 0.782714844 0.377929688
vt 0.773193359 0.371337891
vt 0.799072266 0.396728516
vt 0.788085938 0.390625000
vt 0.816162109 0.393554688
vt 0.021240234 0.337646484
vt 0.010009766 0.332031250
vt 0.011962891 0.327880859
v 0.074600175 0.316902101 -0.292236269
vt 0.008300781 0.326904297
vn -0.007872929 0.015745550 -0.999845147
vt 0.002441406 0.335937500
vt 0.009521484 0.316650391
vt 0.700927734 0.796142578
vt 0.701904297 0.817871094
vt 0.688964844 0.825927734
v 0.120819099 0.032470673 0.011550002
vt 0.685546875 0.786376953
vt 0.695556641 0.777832031
vt 0.675537109 0.812744141
v 0.218246475 0.032318100 0.022245448
vt 0.687988281 0.755615234
vt 0.679931641 0.788818359
v 0.175064102 0.033172593 -0.001107409
vt 0.680908203 0.769287109
vn -0.007899256 -0.987409830 -0.157985523
v 0.103431672 0.246627778 -0.193267778
vt 0.467773438 0.122314453
vt 0.440917969 0.132568359
vt 0.438720703 0.125488281
vt 0.458984375 0.130371094
vt 0.466064453 0.128173828
vt 0.483154297 0.127929688
vt 0.497070312 0.112060547
v 0.147582978 0.246782273 -0.206436113
vt 0.476318359 0.113037109
vt 0.461914062 0.109619141
vt 0.438476562 0.120361328
v 0.232742280 0.246675462 -0.214721650
vt 0.498535156 0.103759766
vn 0.000000028 -0.992988288 -0.118212849
v 0.284484833 0.246667832 -0.211212143
vt 0.513671875 0.106201172
v 0.152069062 0.246719331 -0.216461137
vt 0.476562500 0.109375000
v 0.138442963 0.250644654 -0.222137406
vt 0.472900391 0.105468750
vn -0.007870208 -0.472206861 -0.881452739
v 0.185607880 0.248386353 -0.221908540
vt 0.484863281 0.104736328
vn -0.000000073 -0.637084782 -0.770793855
v 0.150939912 0.259799927 -0.223083451
vt 0.474609375 0.101806641
v 0.220489472 0.249803513 -0.221832246
vt 0.493896484 0.102294922
vn 0.007867556 -0.180956617 -0.983459711
v 0.182586640 0.269069642 -0.222335786
vt 0.482666016 0.097167969
v 0.269775361 0.250442475 -0.222000092
vt 0.506103516 0.095947266
vn -0.000000101 -0.415574491 -0.909559190
v 0.293975800 0.248479813 -0.221298203
vt 0.511962891 0.093994141
vn 0.007870018 -0.472206861 -0.881452739
v 0.272766083 0.264316529 -0.222824067
vt 0.505615234 0.091308594
v 0.266052216 0.280429810 -0.222274750
vt 0.501953125 0.085449219
v 0.188827485 0.283061951 -0.222885102
vt 0.483398438 0.092529297
vn 0.015738145 0.031476509 -0.999380589
v 0.229904145 0.296630830 -0.222595185
vt 0.491210938 0.082519531
vn -0.000000063 -0.703145564 -0.711045980
v 0.315582246 0.297599763 -0.220443711
vt 0.509277344 0.072509766
vn 0.007847420 -0.149103373 -0.988790512
v 0.304443330 0.295150727 -0.226318344
vt 0.506103516 0.071777344
v 0.262695283 0.295371979 -0.241439790
vt 0.495605469 0.072753906
vt 0.258789062 0.165771484
vt 0.251220703 0.161621094
vt 0.270263672 0.165283203
v 0.073287927 0.335250795 -0.264038026
vt 0.275634766 0.158691406
vn 0.039501265 0.995433331 -0.086902961
vt 0.259521484 0.157470703
vt 0.282470703 0.149169922
v 0.088165246 0.335700959 -0.267608583
vt 0.280761719 0.159667969
vn -0.031479519 0.999473393 0.007869829
v 0.109321557 0.334365815 -0.267242372
vt 0.287597656 0.158935547
v 0.119720422 0.336433381 -0.257293671
vt 0.291748047 0.154052734
v 0.188049272 0.338462800 -0.256774873
vt 0.313720703 0.148681641
v 0.117683373 0.342948884 -0.265594453
vt 0.291748047 0.157470703
vn -0.165642157 0.978077412 0.126203507
v 0.123512231 0.337310761 -0.271728486
vt 0.295166016 0.157958984
v 0.110397302 0.336639374 -0.271270692
vt 0.289306641 0.160888672
vn -0.125937447 0.991757095 -0.023613291
v 0.111343339 0.336021394 -0.286834657
vt 0.289794922 0.165527344
vn -0.047379479 0.979174554 -0.197414264
v 0.234191850 0.339942902 -0.273345917
vt 0.327636719 0.155029297
v 0.283691376 0.336967438 -0.259063691
vt 0.342285156 0.148681641
v 0.115280107 0.338363618 -0.287353486
vt 0.293212891 0.163818359
vn -0.063178532 0.971368849 -0.229021952
v 0.286254853 0.339027375 -0.290832490
vt 0.344726562 0.157470703
vn 0.007872980 0.992002964 -0.125968680
v 0.116859391 0.330696076 -0.292663544
vt 0.291992188 0.167236328
vn -0.023709811 0.197580576 -0.979999900
vt 0.279541016 0.170654297
v 0.156555131 0.338226289 -0.288177460
vt 0.306396484 0.162841797
vn -0.007889258 0.986149251 -0.165673107
v 0.131149247 0.333496064 -0.292907685
vt 0.300048828 0.165527344
vn -0.007898430 0.236948758 -0.971490085
v 0.146148637 0.320159882 -0.292755097
vt 0.301513672 0.170654297
vn -0.031479608 0.007869825 -0.999473393
vt 0.303466797 0.177246094
vt 0.287597656 0.177001953
v 0.152023271 0.316993684 -0.296752900
vt 0.303955078 0.172119141
vn 0.015745949 -0.000000043 -0.999876022
v 0.160690263 0.315689057 -0.292510957
vt 0.307617188 0.172363281
vn 0.007873397 -0.007873571 -0.999938011
v 0.243850663 0.298858613 -0.293029755
vt 0.332275391 0.179687500
vn -0.000000109 -0.337330133 -0.941386402
v 0.301025361 0.300765961 -0.293029755
vt 0.344482422 0.193847656
vn -0.000000114 -0.275761604 -0.961226106
v 0.295715302 0.294959992 -0.287780732
vt 0.342285156 0.195068359
vn 0.015733913 -0.983368337 -0.180939734
v 0.246032670 0.307517976 -0.293365449
vt 0.333007812 0.177001953
v 0.246902421 0.324424714 -0.293701142
vt 0.333740234 0.167968750
vn -0.007873658 -0.007873571 -0.999938011
v 0.208282426 0.330413789 -0.293121308
vt 0.321533203 0.166259766
vn -0.007856635 0.141416952 -0.989919007
v 0.277557343 0.330795258 -0.293426484
vt 0.344238281 0.162109375
vn -0.000000136 0.149107888 -0.988820970
v 0.194213822 0.335304230 -0.291931123
vt 0.317382812 0.164306641
vn 0.023732536 0.640781879 -0.767356157
v 0.218810990 0.338417023 -0.286102265
vt 0.323974609 0.161132812
vn -0.015804563 0.940366328 -0.339796245
v 0.240035966 0.339233369 -0.290832490
vt 0.331054688 0.161132812
vn -0.031378698 0.807998538 -0.588348508
v 0.340454072 0.333198518 -0.293487519
vt 0.360107422 0.147705078
vn 0.007867782 0.251773417 -0.967754185
vt 0.470947266 0.877441406
vt 0.464843750 0.875244141
vt 0.468750000 0.875732422
v 0.064109787 0.351379365 -0.046955060
vt 0.481201172 0.878906250
vn -0.300004274 -0.457901120 -0.836853683
v 0.086662278 0.356231660 -0.051528890
vt 0.488769531 0.877197266
vn 0.047425263 0.972218156 0.229222104
vt 0.479003906 0.885253906
vt 0.465332031 0.880126953
v 0.106582627 0.351379365 -0.054191548
vt 0.493896484 0.881347656
vn 0.023694819 -0.710846424 -0.702948034
v 0.131835923 0.356033295 -0.048660245
vt 0.501953125 0.881835938
vn -0.031542074 0.985689163 0.165595725
vt 0.482666016 0.892089844
vt 0.473632812 0.892578125
v 0.113197319 0.344657868 -0.041839559
vt 0.493652344 0.886962891
vn 0.039378621 -0.937211275 -0.346531898
vt 0.497314453 0.896972656
v 0.158309922 0.348579377 -0.037425961
vt 0.506347656 0.891601562
vn 0.243574023 -0.872152209 -0.424290270
vt 0.503173828 0.904541016
v 0.194427490 0.349418610 -0.003925771
vt 0.518066406 0.903564453
vn 0.494532347 -0.816370785 -0.298289388
v 0.166580185 0.356109589 -0.033550233
vt 0.510009766 0.891845703
vn 0.039328601 0.998947680 -0.023597237
v 0.194076538 0.355560303 -0.000816078
vt 0.520751953 0.901855469
vn -0.181411967 0.978046954 0.102537148
v 0.147018418 0.345733613 -0.018190349
vt 0.513916016 0.883789062
vn -0.141260147 0.965277612 0.219737962
v 0.103691094 0.346115083 -0.032546956
vt 0.511962891 0.874511719
vn -0.015795119 0.971399188 0.236926600
v 0.053321868 0.249238953 0.229065001
vt 0.987548828 0.959716797
vn 0.015734032 -0.180939734 0.983368337
vt 0.997070312 0.976074219
vt 0.987548828 0.979248047
vt 0.988037109 0.946289062
vt 0.983154297 0.975097656
vt 0.827880859 0.240722656
vt 0.823730469 0.229248047
vt 0.845703125 0.198730469
v 0.109268203 0.338569641 0.158706710
vt 0.819335938 0.251708984
vn 0.134153798 0.946968555 -0.291982025
v 0.101593032 0.349296570 0.156417891
vt 0.825439453 0.251220703
vn -0.015728656 0.770698428 -0.637005925
v 0.085060135 0.345710725 0.161605880
vt 0.828369141 0.245361328
vn -0.237008080 -0.244908288 -0.940131485
vt 0.831542969 0.244140625
vt 0.834472656 0.247558594
v 0.098258995 0.355712891 0.188842818
vt 0.835205078 0.258789062
vn 0.023695560 0.995215952 -0.094782516
vt 0.843994141 0.260986328
v 0.110939041 0.351448059 0.164779708
vt 0.824951172 0.255615234
vn 0.597555161 0.723356307 -0.345953137
v 0.116905235 0.355712891 0.192321822
vt 0.829833984 0.266113281
vn 0.659640610 0.738169372 -0.141351685
v 0.115455642 0.338745117 0.178375289
vt 0.820556641 0.260009766
vn 0.571973145 0.814865828 -0.094023094
v 0.128524795 0.339035034 0.163787887
vt 0.813964844 0.258789062
vn -0.070978500 0.993698299 -0.086751476
v 0.102310196 0.337844849 0.145095870
vt 0.815185547 0.246826172
v 0.098831192 0.335250854 0.141525313
vt 0.813964844 0.243408203
vt 0.820556641 0.227783203
vt 0.818359375 0.225341797
vt 0.810302734 0.219482422
vt 0.814208984 0.220947266
v 0.165893570 0.336166382 0.138961837
vt 0.798583984 0.261962891
v 0.122726455 0.337890625 0.143920943
vt 0.809326172 0.251708984
vn -0.070732579 0.958818555 -0.275070906
v 0.105453506 0.337196350 0.143768355
vt 0.813476562 0.247070312
vn -0.055022780 0.833200514 -0.550226748
v 0.106307998 0.337211609 0.143768355
vt 0.813476562 0.247314453
vn -0.007884645 0.812106907 -0.583455563
v 0.107154861 0.337211609 0.143753096
vt 0.812988281 0.247558594
vn -0.031607091 0.821781397 -0.568925619
v 0.134750381 0.338813782 0.148666427
vt 0.806884766 0.257812500
vn 0.023556363 0.997221589 -0.070669286
v 0.128082290 0.342658997 0.150909469
vt 0.809814453 0.255859375
vn -0.062819101 0.997252405 -0.039261941
v 0.147048965 0.338623047 0.169845626
vt 0.808349609 0.263916016
vn 0.039310336 0.967036128 -0.251586646
v 0.183761612 0.338417053 0.170166045
vt 0.799560547 0.275634766
vn -0.047086831 0.776930749 -0.627822876
v 0.136962906 0.342552185 0.163131759
vt 0.812255859 0.261718750
vn -0.110634848 0.979908049 -0.165952191
vt 0.497070312 0.801025391
vt 0.498046875 0.799560547
vt 0.503417969 0.827148438
v 0.108009309 0.333808869 -0.219116166
vt 0.490234375 0.783935547
vn -0.000000021 0.986179948 0.165678173
vt 0.486083984 0.781250000
v 0.144561738 0.333961457 -0.219238237
vt 0.483642578 0.775878906
v 0.123329125 0.337707490 -0.222167924
vt 0.490234375 0.778320312
vn -0.007892649 0.978686512 0.205208406
vt 0.498779297 0.786132812
v 0.170272797 0.339134187 -0.237533525
vt 0.498535156 0.762939453
vt 0.503906250 0.756591797
v 0.081588730 0.296936005 -0.106956430
vt 0.472167969 0.283447266
vt 0.456542969 0.295166016
vt 0.442626953 0.286132812
v 0.146850571 0.296401948 -0.088264428
vt 0.491699219 0.285644531
v 0.137741074 0.295906037 -0.118911698
vt 0.487060547 0.275878906
vt 0.449218750 0.309814453
vt 0.499755859 0.291992188
vt 0.517089844 0.284179688
vt 0.456054688 0.264404297
v 0.237731919 0.295913666 -0.104431123
vt 0.518310547 0.276367188
v 0.324523896 0.295791596 -0.093185410
vt 0.544433594 0.274169922
v 0.290222138 0.295875520 -0.125961289
vt 0.534179688 0.269042969
v 0.121887185 0.298606843 -0.137954667
vt 0.482421875 0.267333984
vn 0.007873571 -0.999938011 -0.007873485
vt 0.441406250 0.255615234
v 0.178527817 0.296295136 -0.131271333
vt 0.499267578 0.269042969
vn -0.007844373 -0.996239424 -0.086288407
v 0.255096406 0.296340913 -0.133483857
vt 0.523681641 0.268310547
vn 0.007856525 -0.989919007 -0.141416952
v 0.293579072 0.298118562 -0.135833725
vt 0.534179688 0.266601562
vn -0.007872818 -0.889626026 -0.456622154
v 0.257385224 0.301422089 -0.138046235
vt 0.524902344 0.266845703
vn 0.015733942 -0.999102235 0.039334774
v 0.217819199 0.298202485 -0.139953583
vt 0.511474609 0.265136719
v 0.268615693 0.296142548 -0.142791718
vt 0.527587891 0.264648438
vn -0.007872943 -0.897526503 0.440890253
v 0.335113496 0.300071687 -0.137939438
vt 0.546142578 0.259765625
vn -0.023551261 -0.973455131 0.227662936
v 0.270538300 0.295585603 -0.152206391
vt 0.528320312 0.262939453
vn -0.007867629 -0.999195039 0.039338432
vt 0.491699219 0.259765625
v 0.099174477 0.295921296 -0.141982988
vt 0.474365234 0.261230469
vt 0.475097656 0.253417969
vt 0.454101562 0.249023438
vt 0.051269531 0.992187500
vt 0.076171875 0.983642578
vt 0.073730469 0.991699219
v 0.117187522 0.334800720 0.187347457
vt 0.084716797 0.984619141
vn 0.322315603 -0.078613475 0.943362415
vt 0.075195312 0.992919922
v 0.048057567 0.355819672 0.117019698
vt 0.135498047 0.901367188
vn 0.039466787 0.986671269 -0.157867447
vt 0.129638672 0.902832031
vt 0.122070312 0.897705078
vt 0.134765625 0.897949219
v 0.104507454 0.345123291 0.112007178
vt 0.146728516 0.920654297
vn 0.015729917 0.951665044 -0.306735039
vt 0.128906250 0.908447266
v 0.084556594 0.356597871 0.131042525
vt 0.148437500 0.909179688
vn -0.086442910 0.990163505 -0.110018201
v 0.148788467 0.356063813 0.121261626
vt 0.161865234 0.930419922
vn 0.007880556 0.992957532 -0.118209280
v 0.094985969 0.345420837 0.097000159
vt 0.139892578 0.921142578
vn 0.078713313 0.960302532 0.267625242
v 0.104629532 0.354217499 0.133392379
vt 0.154296875 0.914550781
vn 0.054885626 0.227382854 0.972257555
v 0.125991836 0.349662781 0.130233809
vt 0.159912109 0.920898438
vn 0.125980467 -0.732260764 0.669270635
v 0.082756057 0.347991914 0.126968428
vt 0.149169922 0.905517578
vn -0.102460615 -0.788159430 0.606882811
v 0.103958137 0.342544556 0.116683997
vt 0.157958984 0.902832031
vn 0.023647802 -0.953791440 0.299537808
vt 0.146484375 0.892089844
v 0.112007149 0.338783264 0.101753272
vt 0.162109375 0.897460938
vn 0.007908885 0.988613546 0.150269210
vt 0.142578125 0.883300781
v 0.066764839 0.350906342 0.102401778
vt 0.130371094 0.915283203
vn -0.236631513 -0.134091228 0.962302029
vt 0.122802734 0.908447266
v 0.064888008 0.380645722 0.095748946
vt 0.118896484 0.918212891
vn -0.379425824 0.505901217 0.774661243
vt 0.111816406 0.906250000
vt 0.109619141 0.913330078
v 0.076866150 0.397842377 0.077873275
vt 0.114990234 0.927978516
vn -0.086352214 0.855672240 0.510263205
v 0.083068855 0.386703461 0.092590377
vt 0.123779297 0.929687500
vn 0.165165067 0.652795017 0.739310026
v 0.076545723 0.370422333 0.101425216
vt 0.127441406 0.923095703
vn -0.134187192 0.315734863 0.939311087
v 0.084953316 0.363922089 0.104301497
vt 0.131835938 0.923828125
vn 0.118515208 0.102713116 0.987625599
v 0.096504219 0.375778168 0.094429053
vt 0.131835938 0.931152344
vn 0.809769511 0.338059157 0.479572088
v 0.092933662 0.355911225 0.102851905
vt 0.136230469 0.923828125
vn 0.722441435 0.023557929 0.691030741
v 0.092834480 0.351562500 0.096450843
vt 0.139160156 0.923583984
vn 0.973455191 0.086354941 -0.211962178
vt 0.048339844 0.253173828
vt 0.048339844 0.204589844
vt 0.053955078 0.224121094
vt 0.665527344 0.532714844
vt 0.659667969 0.499511719
vt 0.667480469 0.499267578
vt 0.656250000 0.551025391
vt 0.669433594 0.560546875
v 0.195785552 0.334602356 0.254974395
vt 0.662353516 0.577636719
vn 0.039334688 0.999102235 -0.015733942
v 0.190948516 0.335517883 0.223831207
vt 0.648925781 0.575195312
vt 0.670410156 0.579833984
v 0.256439239 0.336448669 0.227249175
vt 0.651855469 0.599609375
v 0.217544585 0.334167480 0.255157501
vt 0.662841797 0.586425781
v 0.261016876 0.337081909 0.250701934
vt 0.662597656 0.601806641
v 0.222808868 0.336868286 0.273986846
vt 0.671386719 0.587646484
vn -0.023556467 0.997221589 -0.070669286
v 0.260131866 0.335556030 0.254241973
vt 0.664306641 0.601318359
vn -0.047444597 0.996335447 -0.071166851
v 0.297332793 0.338127136 0.254058868
vt 0.668212891 0.614746094
vt 0.078369141 0.636718750
vt 0.077880859 0.649902344
vt 0.067138672 0.647216797
vt 0.071044922 0.657714844
v 0.092330933 0.402023286 0.068428077
vt 0.060791016 0.656982422
vn 0.700961292 0.708837271 0.078759573
vt 0.052978516 0.645507812
vt 0.046142578 0.644775391
v 0.080245972 0.394790620 0.035163920
vt 0.050048828 0.653808594
vn 0.976015031 -0.165292814 -0.141679719
v 0.093833923 0.395065278 0.074623145
vt 0.063964844 0.662597656
vn 0.794487834 0.487705499 0.361845851
vt 0.072998047 0.666015625
vt 0.068847656 0.672851562
v 0.085517883 0.396865815 0.057640117
vt 0.057128906 0.658447266
vn 0.955306172 -0.165796906 -0.244747981
v 0.083831787 0.374130219 0.050746959
vt 0.049560547 0.664306641
vn 0.992957413 -0.007880576 -0.118209347
v 0.089958198 0.384170502 0.085845985
vt 0.064453125 0.669189453
vn 0.931446671 -0.149978697 -0.331532001
vt 0.063720703 0.682617188
v 0.086555481 0.376144379 0.063186683
vt 0.053955078 0.666992188
vn 0.985689163 0.031542089 -0.165595904
v 0.087478638 0.364318818 0.062751807
vt 0.050537109 0.670410156
vn 0.980550528 -0.007844370 -0.196110234
v 0.083770752 0.347633332 0.050037429
vt 0.045654297 0.677490234
vn 0.920917332 0.283359230 -0.267617136
vt 0.081298828 0.145019531
v 0.107757539 0.276153535 -0.222763017
vt 0.060302734 0.144531250
vn -0.000000132 0.031480409 -0.999504447
vt 0.064941406 0.136718750
vt 0.072265625 0.152099609
vt 0.052246094 0.133056641
vt 0.064208984 0.134277344
vt 0.048828125 0.137451172
vt 0.038574219 0.141845703
vt 0.048583984 0.152832031
v 0.172744721 0.284599274 -0.222885102
vt 0.041503906 0.148681641
vn -0.023556549 0.070669197 -0.997221589
v 0.174652070 0.297767609 -0.220626801
vt 0.041259766 0.152587891
vn -0.007854209 0.070686631 -0.997467637
vt 0.584228516 0.010009766
vt 0.575439453 0.002197266
vt 0.596435547 0.004638672
vt 0.570068359 0.011230469
vt 0.560546875 0.002197266
vt 0.574462891 0.015136719
v 0.097366326 0.345558137 -0.016307790
vt 0.573242188 0.016113281
vn 0.274402142 0.878087163 -0.392003268
v 0.095199578 0.364990205 -0.027572591
vt 0.572509766 0.025146484
vn -0.118073776 0.133816749 -0.983947039
v 0.079795830 0.357101411 -0.008656458
vt 0.577148438 0.020019531
vn -0.986671269 -0.102613844 0.126294047
v 0.108428948 0.356704682 -0.016982993
vt 0.569824219 0.021240234
vn 0.965277612 -0.141260102 -0.219738126
v 0.101913445 0.373077363 -0.009449919
vt 0.569091797 0.027587891
vn 0.694963098 0.718655050 0.023691799
v 0.086639397 0.371643037 -0.015442806
vt 0.573730469 0.029296875
vn -0.583455563 0.812106907 0.007884574
vt 0.167480469 0.896728516
vt 0.172607422 0.865966797
vt 0.195800781 0.844970703
vt 0.183105469 0.886230469
vt 0.257080078 0.975097656
vt 0.256591797 0.967773438
vt 0.265625000 0.968505859
v 0.075698845 0.357604951 -0.005833582
vt 0.261474609 0.973388672
vn 0.997529209 0.062836528 0.031418107
v 0.076240532 0.382614106 0.004766030
vt 0.271484375 0.972656250
vn 0.992957532 -0.118209191 -0.007880740
vt 0.279296875 0.972412109
v 0.079879761 0.349479645 0.024490399
vt 0.264404297 0.983886719
vn 0.983124912 0.165165022 -0.078650124
vt 0.283447266 0.982177734
v 0.078514092 0.374526948 0.015432401
vt 0.271728516 0.977294922
vn 0.993760109 0.015774008 -0.110417917
v 0.079711914 0.369689912 0.033321422
vt 0.272949219 0.983154297
vn 0.967185616 -0.094359539 -0.235899076
v 0.091819763 0.375915498 0.040744822
vt 0.278564453 0.986328125
vn 0.973695278 -0.007852348 -0.227719188
vt 0.280273438 0.991455078
v 0.080978394 0.356658906 0.041729014
vt 0.270996094 0.988525391
vn 0.972526610 -0.125487268 -0.196074054
v 0.075897217 0.349166840 0.040710494
vt 0.267822266 0.988769531
vn 0.898222744 0.425473988 -0.110308200
vt 0.269042969 0.992919922
vt 0.277343750 0.995117188
v 0.086013794 0.344787568 0.037082717
vt 0.263671875 0.989013672
vn 0.118198164 0.992864966 -0.015759818
v 0.097015373 0.344932526 -0.004563290
vt 0.251708984 0.979003906
v 0.125061035 0.344772309 0.012660065
vt 0.248046875 0.991210938
vn -0.220151976 0.974958539 0.031450264
v 0.108886719 0.344741791 0.026721993
vt 0.255615234 0.991455078
vn -0.526320577 0.754130960 -0.392776489
v 0.132980347 0.344871491 0.029832877
vt 0.248291016 0.997314453
vn -0.054993767 0.848475814 0.526369154
v 0.095954895 0.345001191 0.043754622
vt 0.263183594 0.992431641
vn -0.000000063 0.988820970 -0.149107978
v 0.089241028 0.345313996 0.056209609
vt 0.268066406 0.997314453
vn 0.268424749 0.963171303 0.015789615
v 0.112014771 0.344909638 0.047939342
vt 0.259033203 0.999023438
v 0.099624634 0.351234406 0.053993266
vt 0.263916016 0.996337891
v 0.078277566 0.357971162 -0.141281083
vt 0.674072266 0.943847656
vn -0.487645119 0.825850606 0.283148766
v 0.084167451 0.356903046 -0.164627030
vt 0.666992188 0.946533203
vn -0.865069807 0.117964000 -0.487584651
v 0.091331460 0.346572846 -0.157058671
vt 0.665771484 0.943603516
vn -0.449530154 -0.867514372 -0.212935239
vt 0.661376953 0.935058594
v 0.117881745 0.345458955 -0.179840043
vt 0.653808594 0.944091797
vn -0.252666622 -0.868541420 -0.426374823
v 0.089759804 0.346519440 -0.128143266
vt 0.671142578 0.936523438
vn -0.503671587 -0.857815742 0.102308400
vt 0.665039062 0.930419922
v 0.101928696 0.347923249 -0.101745568
vt 0.673828125 0.927246094
vn -0.379082531 -0.829243243 0.410672903
v 0.083099343 0.357482880 -0.114936784
vt 0.677001953 0.936279297
vn -0.118515059 0.892813563 0.434555292
v 0.098609895 0.349822968 -0.163986161
vt 0.686523438 0.947509766
vn 0.431934267 0.863868535 0.259160459
vt 0.667724609 0.918457031
v 0.093620278 0.347946137 -0.132400468
vt 0.683349609 0.938720703
vn 0.316059887 0.940278292 -0.126424074
v 0.110603310 0.345931977 -0.155746415
vt 0.690429688 0.947265625
vn 0.078958258 0.994874716 -0.063166700
v 0.093399025 0.359436005 -0.099990807
vt 0.677978516 0.929687500
vn 0.212796345 0.953643203 -0.212796494
v 0.120048508 0.358291596 -0.083076440
vt 0.681640625 0.920410156
vn -0.306318313 0.133523434 0.942518294
v 0.126083359 0.345519990 -0.093780480
vt 0.674316406 0.919677734
vn -0.047168013 -0.817580760 0.573878884
v 0.162994370 0.345809907 -0.099906892
vt 0.667480469 0.908935547
vn 0.314415365 -0.856781602 0.408739835
v 0.153961167 0.356613129 -0.082298249
vt 0.676513672 0.910644531
vn 0.252470046 -0.560167611 0.788968503
v 0.126480088 0.347366303 -0.098236047
vt 0.689208984 0.923828125
vn 0.125491083 0.941183746 -0.313727975
v 0.113395669 0.345787019 -0.150192216
vt 0.691406250 0.945800781
vn -0.221186727 0.947943091 0.229086220
v 0.113830537 0.381469697 -0.166183427
vt 0.697021484 0.955566406
vn 0.455494136 -0.180627063 -0.871721864
v 0.116340615 0.345474213 -0.125213578
vt 0.689697266 0.933349609
vn -0.109855488 0.988699138 0.102008611
v 0.107528657 0.379898041 -0.163894609
vt 0.698242188 0.954589844
vn -0.756093085 -0.653705537 0.031504009
v 0.150787339 0.345809907 -0.119667023
vt 0.698974609 0.924804688
vn 0.102818988 0.980735242 0.166092202
v 0.109291047 0.385910004 -0.162689164
vt 0.699707031 0.955078125
vn 0.196838245 0.669249892 0.716491044
v 0.119659401 0.346183747 -0.152786210
vt 0.692871094 0.944335938
vn -0.086633042 0.976589918 -0.196893156
vt 0.701171875 0.953857422
vt 0.696044922 0.944335938
v 0.123222329 0.358108491 -0.134094194
vt 0.696533203 0.934570312
vn -0.874422491 0.259963453 0.409639478
v 0.131225556 0.356048554 -0.151260331
vt 0.698242188 0.942382812
vn -0.196533978 0.267285973 -0.943362474
v 0.125518769 0.366424531 -0.151977494
vt 0.700683594 0.939208984
vn -0.652714372 -0.125824496 -0.747082531
v 0.141677842 0.357864350 -0.126739457
vt 0.702392578 0.929687500
vn 0.432588518 -0.094382860 0.896637678
v 0.118850686 0.373596162 -0.139617875
vt 0.701416016 0.936523438
vn -0.944764793 -0.299175531 -0.133841529
v 0.128845200 0.365646333 -0.123001061
vt 0.702392578 0.932617188
vn -0.306734890 -0.173029974 0.935935020
v 0.129150361 0.377059907 -0.123176537
vt 0.705078125 0.933837891
vn -0.228936136 -0.371034622 0.899956465
v 0.149200410 0.378051728 -0.128860429
vt 0.708984375 0.930908203
vn 0.709983408 -0.157774001 0.686317027
v 0.154052705 0.366546601 -0.138000444
vt 0.707031250 0.927490234
vn 0.980550528 -0.196110055 -0.007844524
vt 0.010253906 0.454589844
v 0.106208779 0.275089234 -0.175094560
vt 0.018798828 0.457275391
vt 0.004150391 0.463134766
vt 0.039062500 0.453369141
vt 0.038085938 0.451171875
vt 0.020263672 0.447998047
vt 0.010253906 0.452148438
vt 0.019775391 0.438476562
vt 0.071777344 0.626464844
vt 0.077636719 0.632324219
vt 0.063476562 0.630615234
v 0.098106377 0.366775483 0.001149218
vt 0.062500000 0.621582031
vn -0.055296734 0.995340228 -0.078995287
vt 0.067138672 0.619628906
v 0.101409905 0.353378266 0.001669448
vt 0.063720703 0.614746094
vn 0.812132120 -0.583473563 -0.000000081
vt 0.069335938 0.610595703
v 0.116096489 0.357833833 0.006472149
vt 0.060791016 0.611083984
vn 0.838757813 -0.211649165 -0.501687050
vt 0.064453125 0.607177734
vt 0.068847656 0.606933594
vt 0.066406250 0.591552734
v 0.109275810 0.374496430 0.010869065
vt 0.058837891 0.618164062
vn 0.455916196 0.848947525 -0.267261356
v 0.093673699 0.363021821 0.003231328
vt 0.059082031 0.624267578
vn -0.992957413 0.007880576 0.118209347
v 0.096939079 0.374847382 0.017763179
vt 0.052490234 0.620117188
vn -0.354748875 0.906580448 0.228615940
v 0.091865540 0.364074677 0.025037808
vt 0.048339844 0.623046875
vn -0.713182688 -0.125394776 0.689671457
v 0.097915649 0.347557038 0.017625850
vt 0.050048828 0.627441406
vn -0.298851460 -0.943741679 0.141561329
vt 0.059082031 0.631835938
vt 0.064208984 0.637207031
vt 0.061035156 0.640380859
vt 0.055908203 0.629150391
vt 0.051513672 0.633056641
vt 0.017822266 0.665283203
vt 0.040039062 0.666503906
vt 0.033447266 0.672607422
vt 0.045166016 0.665527344
vt 0.782226562 0.985351562
vt 0.799072266 0.969726562
vt 0.811035156 0.973388672
vt 0.778076172 0.969970703
vt 0.992675781 0.278808594
vt 0.994140625 0.276123047
vt 0.999023438 0.292236328
vt 0.996337891 0.292968750
vt 0.980957031 0.280029297
v 0.114845283 0.345771760 0.075607337
vt 0.984863281 0.290771484
vn -0.339573652 0.908162057 0.244808912
v 0.105819710 0.353195161 0.080307044
vt 0.989013672 0.293701172
v 0.113853462 0.345603943 0.091697730
vt 0.988769531 0.299072266
vn 0.063166618 0.994874716 0.078958258
v 0.155929565 0.346122742 0.093421966
vt 0.975585938 0.308837891
vn -0.156917065 0.957194030 0.243221402
vt 0.998291016 0.302978516
v 0.154830948 0.350418091 0.106430084
vt 0.980468750 0.313964844
vn -0.204243839 0.903385878 -0.377065390
v 0.187652588 0.355895996 0.093383819
vt 0.968261719 0.320068359
vn -0.039338432 0.999195039 -0.007867715
vt 0.987060547 0.319091797
vt 0.034423828 0.952392578
v 0.100685142 0.354537964 0.217895553
vt 0.042724609 0.951416016
vt 0.040039062 0.956542969
v 0.121017478 0.338539124 0.210113570
vt 0.040039062 0.941650391
vn 0.220009148 0.958611369 0.180721745
vt 0.031982422 0.937255859
v 0.137207061 0.338088989 0.220779464
vt 0.039794922 0.934570312
vn 0.039328609 0.998947680 0.023597142
vt 0.043945312 0.915771484
v 0.101295441 0.354766786 -0.182937577
vt 0.149169922 0.978271484
vn -0.479883790 -0.676557422 -0.558553159
vt 0.156738281 0.975097656
vt 0.157226562 0.979003906
vt 0.145751953 0.973144531
v 0.110305756 0.358642519 -0.187881425
vt 0.146240234 0.979248047
vn 0.165740117 0.970763624 0.173632458
vt 0.160156250 0.987792969
vt 0.150390625 0.987060547
v 0.132751435 0.347213715 -0.177505448
vt 0.139648438 0.985351562
vn 0.015769558 0.946173429 0.323275864
vt 0.146728516 0.991210938
vt 0.144042969 0.992919922
v 0.149993867 0.345558137 -0.156234697
vt 0.134765625 0.992675781
vn 0.165740073 0.970763624 -0.173632577
v 0.174270600 0.347183198 -0.146514863
vt 0.125244141 0.992431641
vn -0.306735009 0.951664925 0.015729997
v 0.163528413 0.350128144 -0.172500566
vt 0.129150391 0.983886719
vn -0.315440148 0.883232474 0.346984178
v 0.151519746 0.358322084 -0.190689042
vt 0.133789062 0.979736328
vn -0.031597115 0.940014243 0.339668959
v 0.169753999 0.359893739 -0.181457475
vt 0.127441406 0.978759766
vn -0.940952241 0.329333246 -0.078412570
v 0.175796479 0.353759736 -0.178802460
vt 0.126220703 0.976562500
vn 0.536498487 -0.631174803 -0.560167670
v 0.138198823 0.354919374 -0.195358232
vt 0.137695312 0.977783203
vn 0.063037015 -0.622491300 -0.780084014
v 0.164016694 0.346382111 -0.175109819
vt 0.130371094 0.970703125
vn 0.244808912 -0.908162057 -0.339573652
v 0.136657685 0.344680756 -0.181045488
vt 0.139404297 0.972656250
vn 0.086280465 -0.886335850 -0.454933405
vt 0.142578125 0.967773438
vt 0.146484375 0.962402344
v 0.138717622 0.338645905 -0.161498979
vt 0.138916016 0.966796875
vn 0.495740294 -0.267542422 -0.826234043
v 0.160797089 0.339240998 -0.143951371
vt 0.131835938 0.961914062
vn 0.339743167 0.940219581 0.023702929
v 0.094406098 0.383224428 -0.177276567
vt 0.010986328 0.538085938
vn -0.841554940 0.149434999 0.519090116
v 0.097007722 0.383544862 -0.183593705
vt 0.000244141 0.539794922
vn 0.251005381 0.588294089 -0.768704355
v 0.093788117 0.360351503 -0.179885820
vt 0.005126953 0.536132812
vn -0.786621630 -0.511304140 -0.346113414
v 0.098846406 0.377685487 -0.179138139
vt 0.004394531 0.532714844
vn 0.481480658 -0.876136899 0.023679351
vt 0.018310547 0.540039062
vt 0.015136719 0.533203125
vt 0.166503906 0.789794922
vt 0.159667969 0.793945312
vt 0.162353516 0.782958984
vt 0.164794922 0.803955078
v 0.121437095 0.354019165 0.211837813
vt 0.167480469 0.801757812
vn 0.653948963 0.614554405 0.441218406
vt 0.170166016 0.806640625
v 0.118057273 0.337211609 0.193069503
vt 0.168457031 0.815429688
vn 0.543694854 0.819482148 -0.181231752
vt 0.166503906 0.819091797
vt 0.160156250 0.816162109
v 0.118202232 0.336364746 0.192215011
vt 0.168701172 0.816406250
v 0.118202232 0.335716248 0.191360518
vt 0.168457031 0.820556641
vn 0.023603631 0.031471640 -0.999225974
v 0.128479019 0.337867737 0.190689132
vt 0.172607422 0.817871094
vn -0.274757177 0.934174240 -0.227655932
vt 0.158935547 0.839355469
v 0.125122085 0.315635681 0.188079879
vt 0.175781250 0.828857422
vn -0.031380635 0.737442076 -0.674681067
vt 0.166259766 0.838378906
vt 0.181152344 0.840087891
v 0.124580406 0.334762573 0.187576339
vt 0.184570312 0.837646484
vn -0.071104474 0.063204139 0.995464504
vt 0.185791016 0.844726562
vt 0.294921875 0.016113281
v 0.115989685 0.355697602 0.021570245
vt 0.281738281 0.012939453
vn 0.740800679 -0.346757829 -0.575302899
v 0.107131958 0.361740083 0.028230706
vt 0.288818359 0.013427734
vn -0.993945599 0.102549888 -0.039442159
vt 0.287109375 0.017333984
vt 0.282470703 0.018798828
v 0.105674744 0.352455109 0.047592204
vt 0.299316406 0.008789062
vn -0.773261249 0.181479692 0.607562602
v 0.113632202 0.369247407 0.037937202
vt 0.296875000 0.013916016
vn 0.055032834 0.998453617 0.007861788
vt 0.287353516 0.008789062
vt 0.298095703 0.005126953
vt 0.278076172 0.000244141
v 0.130798340 0.355163544 0.032962836
vt 0.275878906 0.004394531
vn 0.663704991 0.640001357 -0.387161404
vt 0.273925781 0.015380859
v 0.111732483 0.364227265 0.026458779
vt 0.277832031 0.017822266
vn 0.559714854 0.733147681 0.386282027
vt 0.277832031 0.024902344
vt 0.276123047 0.018066406
vt 0.271728516 0.026123047
vt 0.268798828 0.024658203
vt 0.233886719 0.947021484
vt 0.240966797 0.947998047
vt 0.242675781 0.966308594
vt 0.228515625 0.963867188
v 0.173339844 0.347312897 0.006202253
vt 0.221923828 0.973876953
vn -0.071066938 0.994936705 0.071066864
vt 0.213134766 0.974609375
v 0.151000977 0.345413178 -0.006770100
vt 0.229980469 0.968017578
vn 0.268852293 0.110703915 -0.956798434
v 0.176223755 0.356018066 0.009740860
vt 0.221435547 0.977294922
vn 0.888854921 -0.259577125 -0.377566844
v 0.162658691 0.355468720 -0.008664099
vt 0.229248047 0.974365234
vn 0.449474126 -0.134053752 -0.883177578
vt 0.248291016 0.963867188
v 0.132476807 0.361755341 0.027843513
vt 0.251464844 0.967041016
vn -0.622182250 0.630058050 0.464667886
v 0.128860474 0.362762421 -0.000117444
vt 0.243896484 0.971923828
vn -0.827670157 0.488719463 0.275890112
v 0.130371094 0.347984284 -0.003273688
vt 0.238525391 0.969970703
vn -0.481151074 -0.441712439 -0.757221162
v 0.133590698 0.354690522 -0.006030046
vt 0.239013672 0.972167969
vn -0.306925029 -0.118048102 -0.944384277
v 0.153396592 0.373428315 -0.013065306
vt 0.236328125 0.981201172
vn 0.165410623 0.582875967 -0.795547009
v 0.130477905 0.373886079 -0.001954758
vt 0.245605469 0.975830078
vn -0.259096622 0.965723753 -0.015702834
vt 0.005859375 0.174316406
vt 0.005126953 0.171386719
vt 0.011962891 0.173583984
vt 0.012451172 0.171142578
vt 0.011230469 0.175292969
v 0.123359680 0.344947785 0.063606299
vt 0.011718750 0.425781250
vn -0.833612680 0.487584710 -0.259520799
vt 0.020019531 0.430175781
vt 0.007812500 0.432128906
v 0.116226204 0.364028901 0.076179542
vt 0.000244141 0.426513672
vn -0.541747451 0.635964453 0.549598992
v 0.132980347 0.345359772 0.043437995
vt 0.020507812 0.419921875
vn -0.181530640 0.931330681 -0.315705329
v 0.120574951 0.360473603 0.060932197
vt 0.006591797 0.420166016
vn -0.637124181 0.700049996 -0.322494864
v 0.132644653 0.349960297 0.041076697
vt 0.021240234 0.418701172
vn 0.777409732 -0.628209770 0.031410418
v 0.133499146 0.349121064 0.040950812
vt 0.021484375 0.419433594
vn -0.417374730 -0.393749684 -0.818999171
v 0.122795105 0.348731965 0.047515910
vt 0.014648438 0.417724609
vn -0.817201972 -0.518609047 0.251446933
v 0.117065430 0.347480744 0.059677165
vt 0.011230469 0.422851562
vn -0.814006746 -0.482081741 0.324022263
v 0.117355347 0.352508515 0.057170909
vt 0.010742188 0.420898438
vn -0.826925576 0.448902369 -0.338645577
v 0.117355347 0.351661652 0.057094615
vt 0.010986328 0.421142578
vn -0.904475033 0.039324939 -0.424709886
v 0.117317200 0.350807160 0.057086986
vt 0.011230469 0.421142578
vn -0.876929522 -0.205406949 -0.434514493
v 0.124908447 0.362091035 0.045810737
vt 0.008544922 0.411621094
vt 0.016845703 0.411865234
vt 0.012939453 0.406738281
vt 0.008300781 0.405761719
vt 0.006347656 0.407958984
vt 0.169433594 0.777343750
vt 0.173583984 0.777343750
v 0.150512725 0.296539307 0.288269073
vt 0.179931641 0.802978516
vn 0.015734455 -0.967664421 0.251750112
vt 0.192382812 0.806396484
vt 0.182861328 0.826171875
v 0.187027007 0.297294617 0.283142120
vt 0.185302734 0.815429688
vn 0.015744174 -0.999752104 0.015744168
vt 0.189697266 0.822998047
v 0.196670562 0.297424316 0.286682159
vt 0.184814453 0.819091797
vn 0.015804555 -0.956170738 0.292382836
v 0.226394683 0.296287537 0.282440215
vt 0.189453125 0.829101562
vn -0.015789617 -0.963171303 0.268424809
v 0.259124786 0.297172546 0.277954131
vt 0.192871094 0.840576172
vt 0.577392578 0.812255859
vt 0.578613281 0.814453125
v 0.185745209 0.337264985 -0.167785615
vt 0.564697266 0.817626953
vt 0.575683594 0.819335938
v 0.179458588 0.337486237 -0.189758271
vt 0.560058594 0.810791016
vt 0.577148438 0.794921875
v 0.199157685 0.338485688 -0.215652436
vt 0.552001953 0.800781250
vt 0.568115234 0.792968750
v 0.224197358 0.333152741 -0.219329804
vt 0.545654297 0.798095703
vn 0.007898282 0.971490085 0.236948758
v 0.231033295 0.335548371 -0.217468232
vt 0.541992188 0.799316406
vn 0.007894963 0.623712301 -0.781614244
v 0.216369599 0.338272065 -0.224044770
vt 0.549560547 0.794433594
vn 0.000000007 0.931708038 0.363208205
vt 0.573974609 0.788085938
vt 0.560791016 0.785888672
v 0.269714326 0.338516206 -0.225311249
vt 0.530517578 0.796142578
v 0.273559541 0.332893342 -0.219406098
vt 0.527832031 0.798095703
vn -0.023677217 0.994440794 -0.102601074
vt 0.520996094 0.786376953
vt 0.553955078 0.780029297
v 0.280670136 0.338371247 -0.223800629
vt 0.525146484 0.796630859
vn -0.000000024 0.988820970 0.149107888
v 0.325683564 0.338401765 -0.223632798
vt 0.510498047 0.797851562
v 0.324890107 0.335754365 -0.220565781
vt 0.510253906 0.798583984
vn -0.007859892 0.935327768 0.353695363
v 0.322448701 0.338264436 -0.214874253
vt 0.511474609 0.800048828
vn 0.007844335 0.980550528 -0.196110144
v 0.269348115 0.338043183 -0.214965791
vt 0.528808594 0.800048828
vn -0.000000070 0.978717029 -0.205214888
v 0.294128388 0.338226289 -0.191925034
vt 0.520751953 0.804931641
v 0.115814187 0.385238618 -0.124366723
vt 0.007080078 0.357421875
vn -0.913612425 -0.063007779 0.401674569
v 0.119590737 0.389007539 -0.138214067
vt 0.009277344 0.361083984
vn -0.975682557 0.204578549 0.078684196
v 0.116844147 0.388549775 -0.150237992
vt 0.007568359 0.364257812
vn -0.781419396 -0.023679437 -0.623556733
v 0.126159638 0.387298554 -0.123153649
vt 0.009765625 0.354980469
vn -0.659457624 0.094208248 0.745815337
vt 0.004638672 0.353759766
vt 0.002197266 0.361328125
v 0.119186372 0.445053071 -0.137145966
vt 0.025390625 0.360839844
vn -0.991880059 0.118080914 0.047232509
v 0.129058808 0.438858002 -0.124244653
vt 0.030273438 0.354492188
vn -0.314483225 0.495311260 0.809794605
v 0.124740571 0.389800996 -0.148117021
vt 0.009277344 0.365234375
vn -0.644870281 0.047185563 -0.762834191
v 0.129257172 0.450653046 -0.153854340
vt 0.026611328 0.367919922
vn -0.534060776 0.486937642 -0.691137314
v 0.147888154 0.448791474 -0.149307221
vt 0.031250000 0.372802734
vn 0.768869877 0.635494590 -0.070610635
v 0.139465302 0.436645478 -0.152877778
vt 0.023193359 0.371582031
v 0.146759003 0.408233613 -0.149871796
vt 0.014160156 0.376220703
vn 0.794635355 -0.039338380 -0.605811298
v 0.135986298 0.388854951 -0.152847245
vt 0.008056641 0.369384766
vn 0.141103655 0.141103745 -0.979887545
v 0.137390107 0.381362885 -0.155212358
vt 0.004150391 0.369384766
vn -0.220016062 -0.047146324 -0.974356353
v 0.148651093 0.377654999 -0.148574784
vt 0.003417969 0.372314453
vn 0.841763258 -0.173072830 -0.511351645
vt 0.000244141 0.366210938
v 0.142303437 0.366561860 -0.153427079
vt 0.000976562 0.371337891
vn 0.417815208 -0.244382560 -0.875047207
vt 0.013427734 0.014404297
vt 0.010986328 0.021484375
v 0.133300796 0.332740784 0.189117476
vt 0.009033203 0.019531250
vn 0.015714806 0.062859714 -0.997898698
vt 0.010009766 0.022216797
v 0.135009781 0.338706970 0.188278243
vt 0.007080078 0.022460938
vn -0.086786509 0.867865324 0.489160419
v 0.131301895 0.336814880 0.193222091
vt 0.007080078 0.020996094
v 0.137374893 0.334281921 0.189941451
vt 0.006835938 0.019042969
vn -0.118081093 0.047232334 -0.991880059
v 0.141586319 0.339195251 0.192062423
vt 0.003417969 0.020507812
vn 0.157911658 0.986948133 -0.031582408
v 0.148223892 0.321250916 0.188354537
vt 0.003417969 0.013671875
vn -0.165395498 0.441054285 -0.882108629
v 0.145523086 0.335227966 0.187500045
vt 0.003906250 0.007568359
vn -0.031455975 -0.039320089 0.998731434
vt 0.012207031 0.005859375
vt 0.054687500 0.537597656
vt 0.055419922 0.529785156
vt 0.058349609 0.534423828
vt 0.055419922 0.542968750
vt 0.057373047 0.547607422
vt 0.054443359 0.545654297
vt 0.060058594 0.542480469
v 0.161132812 0.346786469 0.043300662
vt 0.072265625 0.549560547
vn 0.323155284 0.819711149 -0.472910374
v 0.170791626 0.344940156 0.028520616
vt 0.074462891 0.557861328
vn 0.055157468 0.914037824 0.401861429
v 0.139175415 0.349639863 0.038223304
vt 0.064453125 0.541503906
vn -0.047098447 -0.062797800 -0.996914387
v 0.134353638 0.348449677 0.040939368
vt 0.061279297 0.541503906
vn -0.338919133 -0.488674015 -0.803947449
vt 0.060546875 0.541259766
v 0.157043457 0.359970063 0.035232574
vt 0.062744141 0.558837891
vn -0.314376324 0.235782370 0.919551134
vt 0.052978516 0.554199219
v 0.172424316 0.354690552 0.028654130
vt 0.071777344 0.562255859
vn 0.885327160 -0.268759936 0.379425764
vt 0.043212891 0.564453125
v 0.163711548 0.355453461 0.039718661
vt 0.066650391 0.562500000
vn 0.676390111 -0.086514942 0.731444955
v 0.179214478 0.372161865 0.016317397
vt 0.069824219 0.575195312
vn 0.559871376 0.827978909 -0.031542163
v 0.162414551 0.371139497 0.039764434
vt 0.062255859 0.564697266
vn -0.260473073 0.797205567 0.544625580
vt 0.041748047 0.570556641
vt 0.010742188 0.573242188
vt 0.014648438 0.569824219
vt 0.011230469 0.573242188
vt 0.014648438 0.570800781
v 0.152053848 0.337310791 0.197174117
vt 0.017822266 0.564697266
vn 0.023712583 0.995930731 -0.086946383
vt 0.018066406 0.567871094
vt 0.006347656 0.569335938
v 0.208648697 0.335777283 0.205657989
vt 0.018066406 0.546630859
vt 0.002441406 0.562988281
vt 0.007568359 0.546386719
vt 0.005126953 0.089111328
vt 0.005126953 0.083007812
vt 0.007324219 0.082275391
v 0.134063736 0.343933105 0.171112105
vt 0.012695312 0.087890625
vn -0.039363995 0.984099448 0.173201457
vt 0.012451172 0.092041016
vt 0.010009766 0.081787109
vt 0.011962891 0.079833984
vt 0.007324219 0.081054688
vt 0.515869141 0.981201172
v 0.145187363 0.358749360 -0.083999604
vt 0.517578125 0.973876953
vn -0.157125250 0.872044563 -0.463519156
vt 0.522216797 0.980957031
vt 0.516601562 0.970947266
v 0.157455429 0.346923798 -0.105323762
vt 0.526611328 0.971679688
vn -0.260351568 0.915174901 -0.307688117
v 0.184112534 0.358810425 -0.108528107
vt 0.523925781 0.962402344
vn -0.205055252 0.977955699 -0.039433710
vt 0.515136719 0.962890625
vt 0.531738281 0.974121094
vt 0.536865234 0.962158203
vt 0.542480469 0.968750000
v 0.191253632 0.358917236 -0.148040742
vt 0.534667969 0.954589844
vt 0.544189453 0.958740234
v 0.190155014 0.353668213 -0.123001069
vt 0.526367188 0.958007812
vn 0.613413155 -0.762834251 0.204470992
v 0.183853120 0.347068757 -0.146682709
vt 0.531250000 0.950927734
vn 0.503251076 -0.857099473 -0.110086195
v 0.161087021 0.339378327 -0.126449540
vt 0.516357422 0.952636719
vn 0.930056989 0.338919103 -0.141873240
vt 0.507568359 0.956298828
vt 0.522460938 0.949218750
vt 0.528320312 0.941162109
v 0.152175874 0.336372346 -0.136901811
vt 0.517822266 0.949707031
vn 0.149103284 0.988790512 -0.007847607
vt 0.549804688 0.974121094
vt 0.545654297 0.974365234
v 0.147613496 0.357849091 -0.142349198
vt 0.540283203 0.974365234
vn 0.935501099 0.188672543 -0.298731595
vt 0.534423828 0.976806641
vt 0.540527344 0.978027344
vt 0.544677734 0.978027344
vt 0.548583984 0.976562500
v 0.162124649 0.348678589 0.115959197
vt 0.077148438 0.509033203
vn 0.259000927 -0.879033148 0.400274009
vt 0.073486328 0.494140625
vt 0.087402344 0.488281250
vt 0.072998047 0.504394531
vt 0.074462891 0.523193359
v 0.156387329 0.339210480 0.081970245
vt 0.094726562 0.511474609
vn 0.354539663 -0.898166955 0.259995669
vt 0.093750000 0.492675781
v 0.195404053 0.347862214 0.077468902
vt 0.082519531 0.526123047
vn 0.440167874 -0.872475505 0.212223768
v 0.207107544 0.355987549 0.044593837
vt 0.089355469 0.538574219
vn 0.118179835 0.992710948 -0.023636034
v 0.171676636 0.345840424 0.068809539
vt 0.072021484 0.535888672
vn -0.047351435 0.994378924 -0.094702795
v 0.202133179 0.347648591 0.033054382
vt 0.095214844 0.537841797
vn 0.337288648 -0.941270590 -0.015687848
v 0.167709351 0.337913483 0.037864719
vt 0.105957031 0.526367188
vn 0.567439497 0.819634855 0.078810930
v 0.150894165 0.337493867 0.071609527
vt 0.100097656 0.510742188
vn 0.133783564 0.967964053 -0.212479979
vt 0.114013672 0.540527344
vt 0.103759766 0.552490234
vt 0.101074219 0.553955078
v 0.184570312 0.348884553 0.038188968
vt 0.083496094 0.545898438
vn -0.313631475 0.948735178 0.039203931
vt 0.080322266 0.551513672
vt 0.089355469 0.558105469
vt 0.080322266 0.555175781
vt 0.086181641 0.560546875
vt 0.079345703 0.563964844
vt 0.087402344 0.569824219
vt 0.082031250 0.576416016
vt 0.074707031 0.583496094
v 0.214004532 0.338073730 0.113922141
vt 0.832763672 0.834228516
vt 0.764160156 0.827880859
vt 0.813720703 0.821533203
vt 0.789550781 0.834716797
vt 0.866699219 0.949462891
vt 0.843994141 0.952636719
vt 0.846923828 0.946044922
v 0.154891968 0.362503022 0.093093902
vt 0.866455078 0.957031250
vn 0.149181485 0.832275450 0.533912480
v 0.161605835 0.353454560 0.073303252
vt 0.875976562 0.962646484
vn 0.910118937 -0.133379430 0.392292500
v 0.149612427 0.346099824 0.073501617
vt 0.876464844 0.958496094
vn 0.658646345 0.627282262 0.415574402
vt 0.884765625 0.958007812
vt 0.882568359 0.945068359
vt 0.357421875 0.984863281
vt 0.340576172 0.988769531
v 0.136230439 0.392501801 -0.123184167
vt 0.342041016 0.985107422
vn 0.260586917 0.063172616 0.963381469
v 0.139831513 0.438552827 -0.121597253
vt 0.355468750 0.980468750
vn 0.228936389 0.371034682 0.899956346
vt 0.360839844 0.969726562
v 0.145782441 0.388427705 -0.118247956
vt 0.338378906 0.983886719
vn 0.407796204 0.078422382 0.909698963
vt 0.336425781 0.988769531
vt 0.333740234 0.981445312
v 0.145355195 0.428665131 -0.124130219
vt 0.352539062 0.978515625
vn 0.725760758 0.047332276 0.686317027
v 0.152786225 0.387603730 -0.137435868
vt 0.339111328 0.978759766
vn 0.983125031 0.078650050 0.165164858
v 0.150238007 0.428192109 -0.132751435
vt 0.351318359 0.975585938
vn 0.996883690 0.078494824 -0.007849612
vt 0.343505859 0.971923828
vt 0.337646484 0.968017578
v 0.154983491 0.386795014 -0.155288652
vt 0.335693359 0.974121094
vn 0.621334910 0.456170052 -0.637065113
vt 0.332519531 0.974853516
vt 0.329345703 0.979248047
vt 0.328125000 0.972900391
vt 0.412353516 0.993652344
vt 0.405273438 0.991210938
vt 0.414794922 0.991943359
vt 0.412841797 0.993896484
v 0.159301758 0.360290498 0.039394408
vt 0.415527344 0.981689453
vn 0.457274377 0.709563851 -0.536114991
vt 0.421142578 0.981201172
vt 0.419433594 0.966308594
vt 0.428222656 0.980712891
v 0.169189453 0.359146088 0.070503265
vt 0.412353516 0.970458984
vn 0.591984391 0.797205567 0.118396766
vt 0.408935547 0.968505859
v 0.153747559 0.360458344 0.060615573
vt 0.407714844 0.978271484
vn 0.133589298 0.974416494 -0.180738598
vt 0.398193359 0.988525391
v 0.160888672 0.367309541 0.068191558
vt 0.405273438 0.973388672
vn 0.656275153 0.751158416 -0.071162492
vt 0.398437500 0.966064453
v 0.143493652 0.367889374 0.058506045
vt 0.402343750 0.979980469
vn -0.063031279 0.992741704 -0.102425762
vt 0.390869141 0.987304688
vt 0.393066406 0.940917969
vt 0.390625000 0.940917969
vt 0.392089844 0.937744141
v 0.174194351 0.341979980 0.183898956
vt 0.407714844 0.934082031
vn -0.094208233 0.942082405 0.321878105
v 0.151367202 0.339363098 0.175201461
vt 0.399658203 0.932861328
vn -0.086754039 0.394337028 0.914861858
v 0.208679214 0.339744568 0.192779571
vt 0.425292969 0.927246094
vn -0.039296970 -0.943129361 0.330095291
v 0.186279312 0.338447571 0.178970367
vt 0.413818359 0.925537109
vn -0.031567466 0.268324465 0.962811232
vt 0.397460938 0.928466797
vn 0.259834439 0.952726424 0.157475352
vt 0.395263672 0.927978516
v 0.160110489 0.333869934 0.188491866
vt 0.402587891 0.922607422
vn 0.031464826 0.999009490 0.031464819
v 0.218948379 0.333801270 0.187484771
vt 0.427734375 0.923095703
vn -0.007865134 0.330340236 0.943829238
vt 0.398681641 0.923095703
v 0.228683487 0.335517883 0.192214996
vt 0.387939453 0.895019531
vn 0.007849629 0.926266909 -0.376786560
vt 0.385498047 0.899902344
vt 0.648925781 0.988281250
vt 0.671630859 0.986572266
vt 0.683105469 0.991943359
vt 0.666503906 0.992919922
vt 0.030029297 0.685302734
vt 0.040771484 0.682128906
vt 0.051025391 0.686279297
vt 0.036621094 0.680419922
vt 0.039794922 0.675292969
vt 0.028808594 0.682128906
vn -0.276164860 -0.110465966 -0.954741001
vt 0.015869141 0.677001953
vt 0.742675781 0.753173828
vt 0.715820312 0.782714844
vt 0.742187500 0.746093750
v 0.209426880 0.295829743 0.078460723
vt 0.745849609 0.736816406
v 0.268127441 0.297889709 0.070320152
vt 0.739746094 0.715576172
vn -0.007873485 -0.999938011 -0.007873483
vt 0.758300781 0.775634766
v 0.307556152 0.295768738 0.078331016
vt 0.744628906 0.700927734
vn 0.007894385 -0.994688690 -0.102626562
vt 0.769775391 0.754882812
v 0.252075195 0.295906067 0.097541839
vt 0.751708984 0.717285156
v 0.251434326 0.295539856 0.120071441
vt 0.760253906 0.715820312
v 0.323486328 0.295898438 0.119888321
vt 0.760253906 0.694824219
vt 0.005126953 0.928710938
vt 0.010742188 0.938720703
v 0.200225830 0.064514145 -0.003891666
vt 0.005126953 0.960205078
vt 0.012695312 0.936035156
vt 0.826660156 0.957031250
vt 0.826660156 0.985107422
vt 0.822509766 0.985107422
v 0.155303925 0.384017915 -0.166473344
vt 0.008544922 0.387451172
vn -0.852510691 0.323638231 -0.410467923
v 0.158782929 0.374023408 -0.168029740
vt 0.006835938 0.390136719
vn -0.015728515 -0.990898132 -0.133692548
v 0.154907197 0.367385834 -0.156112626
vt 0.002929688 0.388427734
vn 0.039253574 -0.141312316 0.989186585
v 0.164611787 0.383911103 -0.166885331
vt 0.004882812 0.393066406
vn 0.572377563 0.086248711 0.815441668
v 0.174697846 0.371322602 -0.188232392
vt 0.011962891 0.396240234
vn -0.565232098 -0.227662951 -0.792894840
v 0.170410126 0.383193910 -0.181625322
vt 0.014404297 0.391845703
vn 0.695962071 0.711779535 -0.094904050
v 0.178161591 0.359817475 -0.180923432
vt 0.014648438 0.399414062
vn 0.558605134 0.653017223 0.511398971
vt 0.087890625 0.683837891
vt 0.090332031 0.665527344
v 0.185821548 0.037628159 -0.003470377
vt 0.090087891 0.688232422
vn -0.007861968 -0.055032920 -0.998453617
vt 0.104492188 0.693847656
v 0.196640030 0.035018906 -0.003608185
vt 0.087646484 0.691650391
v 0.231323257 0.032409653 -0.000725172
vt 0.082031250 0.703857422
vn 0.000000017 -0.980275512 -0.197636142
v 0.239501953 0.057785019 -0.003815854
vt 0.097900391 0.706298828
v 0.241897598 0.037063584 -0.003774845
vt 0.085937500 0.707031250
v 0.295440674 0.034805283 -0.003440112
vt 0.088378906 0.725097656
v 0.312866211 0.032379135 0.001080659
vt 0.087402344 0.731689453
vn 0.000000037 -0.998885930 -0.047191415
vt 0.072753906 0.701416016
v 0.330444336 0.036087021 -0.003970598
vt 0.089843750 0.737548828
vn -0.000000120 -0.197636232 -0.980275512
v 0.348236084 0.033126816 -0.002574660
vt 0.087646484 0.743652344
vn 0.007869788 -0.574500561 -0.818466365
v 0.334289551 0.049484238 -0.003698802
vt 0.095458984 0.738281250
v 0.380249023 0.041931137 -0.003592950
vt 0.093261719 0.755126953
vn -0.527624607 -0.157499909 -0.834749222
v 0.387145996 0.035766587 -0.002810223
vt 0.091064453 0.757568359
vn 0.047274914 -0.992772579 -0.110308029
v 0.380462646 0.069305405 -0.004024012
vt 0.100097656 0.754638672
vn -0.833535373 0.047181182 -0.550447702
v 0.294952393 0.064956650 -0.003821106
vt 0.103271484 0.725097656
v 0.344177246 0.066863999 -0.004013040
vt 0.103515625 0.741455078
vn -0.000000132 0.015746037 -0.999876022
v 0.330749512 0.075866684 -0.003374315
vt 0.109619141 0.738037109
vn 0.007857335 0.502878010 -0.864321709
v 0.262573242 0.076034531 -0.003797022
vt 0.110351562 0.715576172
vn -0.000000138 0.244390115 -0.969677091
v 0.379943848 0.076339707 -0.001567824
vt 0.105468750 0.755859375
vn -0.464624673 0.551249444 -0.692999363
vt 0.115478516 0.673583984
v 0.198318481 0.074172959 -0.003912409
vt 0.108154297 0.693359375
vt 0.110107422 0.694335938
v 0.169082642 0.077026337 -0.003743605
vt 0.111572266 0.686767578
vn -0.007860035 0.353695333 -0.935327649
v 0.253631592 0.079071030 0.000871691
vt 0.112304688 0.712646484
vt 0.115966797 0.713623047
v 0.299011230 0.078704819 -0.000096108
vt 0.112304688 0.728271484
vn 0.007865648 0.951753318 -0.306763500
v 0.318359375 0.079818711 0.006096387
vt 0.116943359 0.736328125
v 0.346252441 0.079055771 0.000902912
vt 0.110595703 0.744140625
v 0.380004883 0.079498276 0.003425614
vt 0.107910156 0.756347656
vn -0.283666939 0.953436017 -0.102435276
v 0.366058350 0.079940781 0.016910570
vt 0.113769531 0.753662109
vn 0.031445365 0.998391926 -0.047168169
v 0.348846436 0.080459580 0.019939441
vt 0.118164062 0.747802734
v 0.380096436 0.079727158 0.038368244
vt 0.116699219 0.760009766
vn -0.164757848 0.965010226 0.203985870
vt 0.071777344 0.001220703
vt 0.066894531 0.004394531
vt 0.055908203 0.003417969
vt 0.046630859 0.001220703
vt 0.067382812 0.006591797
vt 0.046386719 0.003173828
vt 0.000000000 0.845947266
v 0.180892915 0.296447724 -0.224777192
vt 0.004394531 0.842285156
vn -0.015755771 -0.961106777 0.275727361
vt 0.006591797 0.851318359
vt 0.006835938 0.843994141
v 0.209365815 0.295494050 -0.228454560
vt 0.002197266 0.834228516
v 0.180221528 0.300926179 -0.220169038
vt 0.006591797 0.842529297
vt 0.004150391 0.828369141
v 0.266387910 0.299186677 -0.220809907
vt 0.004882812 0.817871094
vn -0.015768163 -0.614955425 -0.788404346
v 0.203872696 0.338691711 0.107734703
vt 0.026611328 0.536376953
vn -0.063204132 0.995464504 0.071104564
vt 0.022705078 0.569580078
vt 0.023193359 0.533203125
v 0.200454727 0.338455200 0.096443199
vt 0.031005859 0.538574219
vn -0.047185667 0.998762369 -0.015728578
vt 0.034423828 0.556152344
v 0.212631226 0.337486237 0.072586082
vt 0.045410156 0.538330078
vn -0.070682421 0.895309508 -0.439801186
vt 0.039306641 0.558349609
v 0.178909302 0.328865021 0.070877105
vt 0.048095703 0.550048828
vn 0.039530866 0.964554965 -0.260904223
v 0.234741211 0.333473176 0.069694541
vt 0.048095703 0.530517578
v 0.242996186 0.338157624 -0.144195527
vt 0.214599609 0.791503906
vn 0.007902974 0.956260383 0.292410165
vt 0.207275391 0.774169922
vt 0.214843750 0.767089844
v 0.273590058 0.338394135 -0.141479462
vt 0.216064453 0.801025391
vn -0.007880643 0.992957532 0.118209191
v 0.195083588 0.334098786 -0.137512177
vt 0.218017578 0.777099609
vn 0.039261855 0.997252405 -0.062819101
vt 0.218261719 0.764404297
vt 0.221923828 0.766845703
v 0.253997773 0.327598542 -0.137603730
vt 0.218505859 0.794677734
vn -0.007900543 0.995464504 0.094806105
v 0.257476777 0.338233918 -0.130599946
vt 0.222412109 0.795654297
vn 0.007867845 0.967754185 -0.251773477
v 0.290801972 0.333816499 -0.137466416
vt 0.218017578 0.805175781
vn -0.039473031 0.994719684 0.094735168
v 0.335266083 0.338127106 -0.145446762
vt 0.210693359 0.813232422
vn 0.007844373 0.996239424 0.086288407
v 0.286773652 0.338066071 -0.134292588
vt 0.220214844 0.804687500
vn 0.007847480 0.988790512 -0.149103373
vt 0.232421875 0.759765625
v 0.259551972 0.338401765 -0.109642014
vt 0.229492188 0.798583984
vn 0.015746037 0.999876022 -0.000000046
v 0.386932343 0.337089509 -0.114105225
vt 0.226074219 0.831542969
v 0.250762910 0.342475861 -0.114051796
vt 0.228271484 0.795654297
v 0.241592392 0.337982148 -0.112342812
vt 0.229980469 0.792968750
v 0.230712876 0.338363618 -0.084754921
vt 0.240478516 0.791015625
vt 0.241699219 0.760498047
vt 0.049072266 0.983642578
vt 0.054199219 0.983398438
vt 0.047363281 0.986816406
vt 0.042968750 0.983398438
vt 0.036621094 0.989990234
vt 0.039550781 0.993408203
vt 0.043212891 0.994873047
vt 0.039794922 0.997070312
v 0.174301118 0.363571137 -0.179138154
vt 0.037597656 0.992187500
vn -0.039456960 0.686552227 0.726009130
vt 0.035400391 0.995361328
vt 0.023681641 0.989257812
v 0.182754532 0.307304382 0.188278228
vt 0.019287109 0.686523438
v 0.138946548 0.302604675 0.188049361
vt 0.002197266 0.686523438
v 0.148269668 0.298866272 0.187912032
vt 0.005615234 0.684814453
vt 0.969970703 0.282714844
vt 0.972656250 0.285644531
v 0.202926651 0.299987793 0.141418487
vt 0.956787109 0.278076172
vn 0.031450290 -0.974958539 -0.220151886
vt 0.935791016 0.278564453
vt 0.975097656 0.296386719
v 0.218368545 0.297172546 0.138717681
vt 0.949951172 0.276855469
vn -0.007852308 -0.973695278 0.227719098
v 0.302581817 0.297126770 0.140777603
vt 0.930419922 0.252685547
v 0.243652359 0.300170898 0.141632110
vt 0.945556641 0.268554688
vn -0.031582318 -0.986948133 -0.157911658
v 0.219131485 0.295837402 0.146774322
vt 0.954345703 0.271972656
v 0.223526016 0.295555115 0.162826568
vt 0.958496094 0.264404297
vt 0.974365234 0.271484375
vt 0.979736328 0.266601562
v 0.183242798 0.335876435 0.062213931
vt 0.205078125 0.958007812
vn 0.047154989 0.982396007 0.180760831
vt 0.208984375 0.943847656
vt 0.220214844 0.962646484
vt 0.206787109 0.963134766
vt 0.179199219 0.964355469
v 0.202743530 0.335296601 0.039215118
vt 0.195556641 0.947509766
vn -0.070680186 0.997375369 -0.015706733
v 0.218139648 0.335296601 0.028240230
vt 0.187255859 0.941406250
v 0.223403931 0.335861176 0.048343685
vt 0.186767578 0.954833984
vn -0.054973472 0.989522040 0.133506894
v 0.234939575 0.342575043 0.065414451
vt 0.179687500 0.960205078
vn -0.047248483 0.921345592 0.385862648
v 0.240844727 0.336944550 0.047916438
vt 0.174560547 0.954833984
v 0.229644775 0.342102021 0.048580196
vt 0.181396484 0.956054688
vn -0.062960990 0.944413662 -0.322674692
v 0.221405029 0.342880219 0.033031490
vt 0.188964844 0.946533203
vn 0.141325340 0.918615341 -0.369016469
v 0.205642700 0.342925996 0.042491943
vt 0.191894531 0.948730469
vn -0.212955207 0.875482559 0.433797657
vt 0.257324219 0.925781250
vt 0.253173828 0.923583984
v 0.189224228 0.330604523 -0.061389893
vt 0.247070312 0.916015625
vn 0.015722170 0.998361051 -0.055027824
v 0.220962510 0.338111848 -0.065361001
vt 0.244873047 0.907714844
vn 0.000000001 0.946291149 0.323316097
vt 0.260742188 0.923339844
vt 0.251708984 0.900146484
v 0.300903320 0.333541870 -0.061893448
vt 0.220214844 0.906494141
v 0.263580322 0.336463928 -0.058406807
vt 0.227050781 0.913818359
vn -0.000000090 0.925168633 -0.379556388
v 0.325744629 0.338539124 -0.058773026
vt 0.214355469 0.903808594
vt 0.225341797 0.927001953
v 0.261230469 0.336959839 -0.044677712
vt 0.223388672 0.919433594
vn -0.015728591 0.998762369 -0.047185663
v 0.261810303 0.337692261 -0.030458430
vt 0.218505859 0.923095703
v 0.351745605 0.338203430 -0.032451618
vt 0.205078125 0.898925781
vt 0.209472656 0.920898438
vt 0.215332031 0.941894531
vt 0.516845703 0.942871094
vt 0.473632812 0.941162109
vt 0.492187500 0.936279297
v 0.232009888 0.295341462 0.045951869
vt 0.524658203 0.935058594
vt 0.498779297 0.929443359
v 0.258789062 0.337821960 0.146102935
vt 0.630371094 0.780761719
vn -0.000000064 0.987440705 -0.157990545
vt 0.614501953 0.811279297
vt 0.606933594 0.819091797
vt 0.604003906 0.791503906
v 0.255889922 0.341094971 0.161636382
vt 0.624755859 0.776123047
vn 0.078810960 -0.567439556 -0.819634855
v 0.262023956 0.338027954 0.162902862
vt 0.626220703 0.775146484
vn 0.062954940 0.786938131 -0.613811851
v 0.288299561 0.333213806 0.141860977
vt 0.639892578 0.775390625
v 0.273284912 0.338241577 0.137405425
vt 0.640869141 0.782470703
vn -0.007878679 0.984832287 0.173330441
vt 0.640380859 0.812500000
v 0.222213760 0.338668823 0.107917808
vt 0.643798828 0.807128906
vn -0.000000026 0.991020679 0.133709088
v 0.282409668 0.338371277 0.120582595
vt 0.654296875 0.785888672
v 0.210495010 0.345504761 0.096733116
vt 0.646240234 0.814453125
vn -0.400681525 0.911354005 0.094278015
vt 0.641845703 0.815185547
vt 0.647705078 0.820068359
vt 0.655761719 0.819824219
v 0.217636108 0.350410461 0.092590354
vt 0.648925781 0.812988281
vn -0.039364044 0.984099448 -0.173201546
v 0.228393555 0.338836640 0.078483604
vt 0.655029297 0.811767578
vn 0.126282051 0.955008626 -0.268349588
vt 0.659912109 0.812744141
v 0.223251358 0.346946716 0.096900962
vt 0.648681641 0.810546875
vn 0.473381072 0.875755012 0.094676122
v 0.232971206 0.339805603 0.107276939
vt 0.647949219 0.807617188
vn 0.518977761 0.660517037 0.542567492
v 0.233352676 0.338966370 0.096885704
vt 0.651367188 0.805664062
vn 0.055032831 0.998453617 -0.007861891
v 0.290008545 0.338256836 0.078742996
vt 0.669189453 0.793701172
vn -0.000000072 0.973725259 -0.227726102
v 0.280609131 0.339347839 0.096786514
vt 0.661621094 0.791748047
v 0.302001953 0.338989258 0.089927688
vt 0.667968750 0.786376953
vn -0.707259655 -0.290762335 -0.644391954
v 0.321105957 0.338600159 0.089767464
vt 0.675048828 0.783935547
vn 0.410467982 0.891978681 -0.189446911
v 0.257080108 0.352188110 0.172393829
vt 0.897216797 0.038330078
vn -0.070978478 0.993698299 0.086751401
vt 0.859130859 0.016601562
vt 0.880371094 0.010498047
v 0.209899917 0.345611572 0.145935088
vt 0.875732422 0.039062500
vn -0.126364946 0.157955959 -0.979327261
vt 0.858642578 0.043701172
vt 0.892578125 0.050048828
v 0.243209854 0.346733093 0.150329620
vt 0.888427734 0.043701172
vn 0.157734677 0.678259552 -0.717693388
v 0.261474639 0.348526001 0.160049468
vt 0.895751953 0.044189453
vn 0.031503737 0.212651119 -0.976620197
vt 0.894775391 0.050292969
v 0.229461685 0.342071533 0.194320709
vt 0.899414062 0.025634766
vn 0.023707500 0.774443448 0.632198691
vt 0.894287109 0.019042969
v 0.262329131 0.356811523 0.176986724
vt 0.901367188 0.041259766
vn -0.384375781 0.902106464 0.196110100
v 0.269592315 0.356063843 0.169815093
vt 0.901855469 0.045654297
vn -0.039301980 0.974687338 -0.220090732
v 0.269104034 0.352722168 0.179672271
vt 0.905029297 0.042236328
vn -0.047138918 0.636376500 0.769936919
v 0.260925323 0.344062805 0.182235748
vt 0.905029297 0.037597656
vn 0.015728664 0.133692622 0.990898013
v 0.304931670 0.343086243 0.183959976
vt 0.913818359 0.051757812
vn -0.023589030 -0.047178283 0.998607934
v 0.243606582 0.338897705 0.180847198
vt 0.906738281 0.027343750
vn 0.086450987 -0.495127559 0.864508510
v 0.262207061 0.337799072 0.180282623
vt 0.907226562 0.037353516
vn -0.023659391 0.496849179 0.867514372
vt 0.903076172 0.007324219
vt 0.911376953 0.018310547
v 0.256713897 0.334564209 0.187454253
vt 0.909423828 0.033447266
vn 0.000000097 0.456636369 0.889653563
v 0.301086456 0.336082458 0.187942520
vt 0.917480469 0.045654297
vn -0.007883204 0.386282146 0.922347069
v 0.254303008 0.319023132 0.188568145
vt 0.915039062 0.031982422
vn 0.000000129 0.047191504 0.998885930
v 0.243164077 0.324264526 0.189209014
vt 0.914794922 0.027832031
vn -0.015734032 0.180939734 -0.983368337
v 0.247222915 0.304779053 0.188842803
vt 0.922851562 0.023437500
vn -0.197685480 0.173963368 0.964705765
vt 0.926269531 0.006103516
vn 0.007873903 0.000000044 0.999969006
v 0.193023697 0.318473816 0.188873321
vt 0.920166016 0.010009766
v 0.262817413 0.298591614 0.188858062
vt 0.925048828 0.027099609
vn -0.015706571 0.070680186 0.997375369
v 0.246231079 0.337333649 0.006945156
vt 0.979248047 0.885986328
vt 0.989257812 0.922119141
v 0.197631836 0.336509675 0.009508162
vt 0.982421875 0.905761719
vn 0.023589127 0.998607934 0.047178280
vt 0.988037109 0.871582031
vt 0.975341797 0.920166016
vt 0.973388672 0.898681641
v 0.249984741 0.336578339 0.029138586
vt 0.968505859 0.887207031
vn -0.070688903 0.997498453 -0.000000034
vt 0.962158203 0.891601562
v 0.260284424 0.338348389 0.027044317
vt 0.966552734 0.883789062
vt 0.940917969 0.545898438
vt 0.931884766 0.550292969
vt 0.931884766 0.514892578
v 0.293304443 0.033843979 0.043396026
vt 0.932128906 0.578369141
vn -0.015820671 -0.798949599 0.601189911
vt 0.012695312 0.614257812
vt 0.012451172 0.612060547
vt 0.015625000 0.617675781
vt 0.001953125 0.612304688
vt 0.003662109 0.607421875
vt 0.014160156 0.607666016
vt 0.984375000 0.993408203
vt 0.979248047 0.997558594
v 0.178543061 0.279819459 -0.227325410
vt 0.980224609 0.994873047
vt 0.977783203 0.992431641
vt 0.976318359 0.999023438
vt 0.973144531 0.985595703
vt 0.976074219 0.999511719
vt 0.956054688 0.999267578
vt 0.954345703 0.987304688
vn -0.000000124 -0.141421393 -0.989949524
v 0.254058808 0.297782868 -0.219406098
vt 0.966796875 0.986816406
vn -0.007849531 0.996883690 -0.078494824
vt 0.965332031 0.984375000
v 0.276397675 0.297767609 -0.221572846
vt 0.963378906 0.983886719
vn 0.000000121 0.188556045 0.982062519
v 0.200851455 0.298980713 0.189132720
vt 0.002441406 0.902099609
vt 0.014648438 0.898193359
vn 0.007887847 0.110428140 0.993852854
vt 0.007812500 0.906250000
vt 0.013427734 0.931152344
vt 0.001953125 0.907226562
vt 0.173339844 0.474609375
vt 0.177734375 0.494873047
vt 0.170898438 0.514404297
vt 0.181152344 0.486083984
v 0.269592285 0.049316391 0.044124637
vt 0.180908203 0.457519531
vt 0.171142578 0.448242188
v 0.340332031 0.035400376 0.044376396
vt 0.176025391 0.426757812
vn -0.007889058 -0.165673018 0.986149251
v 0.337554932 0.032409653 0.039203666
vt 0.173583984 0.427490234
v 0.383026123 0.032852158 0.042896289
vt 0.182861328 0.408935547
vn 0.142032057 -0.978442669 0.149922699
v 0.383850098 0.032546982 0.000194552
vt 0.167724609 0.402099609
vn 0.031464908 -0.999009490 -0.031464826
vt 0.854492188 0.043212891
vt 0.846923828 0.006835938
vt 0.854248047 0.007324219
vt 0.840087891 0.014892578
vt 0.002441406 0.576904297
vt 0.013916016 0.596923828
vt 0.000000000 0.589599609
vt 0.014648438 0.585449219
vt 0.012939453 0.580566406
vt 0.709228516 0.297363281
vt 0.665039062 0.281005859
vt 0.719726562 0.298828125
vt 0.724609375 0.317871094
v 0.310150146 0.296257019 0.067771934
vt 0.734130859 0.334472656
vn 0.007866288 -0.975410879 0.220254108
v 0.279724121 0.295951843 0.047092456
vt 0.736572266 0.319335938
vt 0.728027344 0.300781250
v 0.266876221 0.295921326 0.030151388
vt 0.739501953 0.314208984
vt 0.742675781 0.277099609
v 0.298095703 0.296539307 0.006593245
vt 0.752929688 0.320556641
v 0.348999023 0.295654297 0.012329113
vt 0.762451172 0.335693359
vt 0.760986328 0.278808594
vt 0.761718750 0.290771484
v 0.214233428 0.338417053 0.294097930
vt 0.033203125 0.301025391
vn -0.015728490 0.770698488 0.637005866
v 0.192276031 0.338249207 0.292205840
vt 0.035644531 0.293945312
vn -0.157946214 0.987163544 0.023691904
vt 0.041503906 0.290039062
vt 0.029296875 0.292724609
vt 0.024902344 0.298828125
v 0.295440704 0.338203430 0.291564971
vt 0.018066406 0.324951172
vn -0.007873068 0.992003083 0.125968605
vt 0.041992188 0.302246094
v 0.244842559 0.333564758 0.296325713
vt 0.030761719 0.312744141
vn -0.015796958 0.157970846 0.987317502
v 0.250579864 0.315078735 0.296020538
vt 0.041748047 0.317138672
vn -0.015738145 -0.031476509 0.999380589
vt 0.014892578 0.622070312
vt 0.019287109 0.646972656
vt 0.015380859 0.657958984
v 0.225219741 0.079666123 0.039196052
vt 0.868896484 0.563232422
vn 0.007852368 0.973695278 0.227719009
vt 0.875244141 0.548583984
vt 0.875976562 0.553710938
v 0.247726455 0.080184922 0.025737796
vt 0.860351562 0.568115234
vt 0.853027344 0.568603516
v 0.245132461 0.076385483 0.043659244
vt 0.870361328 0.571289062
vn 0.007900600 0.521433771 0.853255212
v 0.249496475 0.082977280 0.022193940
vt 0.857666016 0.569335938
vn -0.188184693 0.980128467 0.062728196
v 0.247711197 0.065444931 0.044414554
vt 0.877929688 0.573242188
vn 0.007872927 0.015745636 0.999845147
vt 0.879394531 0.549316406
vt 0.886962891 0.562011719
v 0.251434326 0.062988266 0.043941531
vt 0.878662109 0.574951172
vn 0.007872929 -0.015745550 0.999845147
vt 0.885253906 0.582763672
v 0.259033203 0.082962021 0.016233476
vt 0.855712891 0.570800781
vn 0.212007716 0.965813160 -0.149190724
v 0.263122559 0.080291733 0.024261504
vt 0.858154297 0.574707031
vt 0.843750000 0.590087891
vt 0.845214844 0.601074219
v 0.287780762 0.079528794 0.036670715
vt 0.860839844 0.585937500
vn -0.000000009 0.967784286 0.251781225
v 0.295776367 0.075210556 0.044235259
vt 0.865966797 0.588867188
v 0.318756104 0.064819321 0.044219997
vt 0.868896484 0.597656250
v 0.379150391 0.050842270 0.044345874
vt 0.867187500 0.622314453
vn -0.812106848 -0.007884543 0.583455622
vt 0.885986328 0.611328125
v 0.379821777 0.065231308 0.044116993
vt 0.860595703 0.619140625
vn -0.282938659 0.023578264 0.958848238
v 0.380096436 0.075286850 0.043838520
vt 0.856933594 0.617919922
vn -0.228056714 0.574074030 0.786402762
vt 0.853271484 0.615966797
v 0.351348877 0.080978379 0.028432865
vt 0.850830078 0.604248047
vn 0.007858162 0.997991085 0.062865533
vt 0.846191406 0.609130859
v 0.361389160 0.083206162 0.022651691
vt 0.847656250 0.606201172
vn 0.015706647 0.997375369 -0.070680186
vt 0.392333984 0.964355469
vt 0.362792969 0.965087891
vt 0.374511719 0.962158203
vt 0.345947266 0.963378906
vt 0.225830078 0.847900391
v 0.207717910 0.329666138 0.188522369
vt 0.230957031 0.840576172
vn 0.086786404 0.489160419 -0.867865324
vt 0.256591797 0.841552734
vt 0.230957031 0.836425781
vt 0.222900391 0.839111328
v 0.231643692 0.329895020 0.189575225
vt 0.223144531 0.848876953
vn 0.007879499 0.212750152 -0.977074921
v 0.229537979 0.335510254 0.192214996
vt 0.225830078 0.848388672
vn 0.007889060 0.560132682 -0.828365386
v 0.234466568 0.337303162 0.194625884
vt 0.226074219 0.852050781
vn -0.023597255 0.983216226 -0.180911839
vt 0.234375000 0.848388672
v 0.273468047 0.337287903 0.206588775
vt 0.221679688 0.866943359
v 0.230377212 0.335510254 0.192214996
vt 0.225585938 0.848876953
vn 0.236653581 0.481195867 -0.844064951
v 0.266723663 0.336006165 0.190643340
vt 0.218750000 0.860107422
vn 0.015743989 0.369986981 -0.928903520
vt 0.217773438 0.851806641
vt 0.210205078 0.858154297
vt 0.208496094 0.867919922
vt 0.209228516 0.846435547
vt 0.206298828 0.825195312
vt 0.206054688 0.849609375
vt 0.205322266 0.803955078
v 0.223815888 0.296279877 -0.164260834
vt 0.026367188 0.099853516
vt 0.030029297 0.118408203
vt 0.025634766 0.111816406
vt 0.029541016 0.086914062
v 0.300689667 0.295822114 -0.165817246
vt 0.018066406 0.080810547
v 0.273376435 0.296241730 -0.174804658
vt 0.017089844 0.089111328
vn 0.000000138 -0.220260844 0.975441039
vt 0.017333984 0.112060547
v 0.265472442 0.295410156 0.181427032
vt 0.981933594 0.511230469
vn 0.007894288 -0.678914487 -0.734174967
vt 0.981689453 0.481445312
vt 0.986328125 0.470947266
v 0.299682647 0.294975281 0.168136612
vt 0.985839844 0.526123047
vt 0.991455078 0.494628906
vt 0.004150391 0.999511719
vt 0.009765625 0.989501953
vt 0.028320312 0.999755859
vt 0.993896484 0.870849609
vt 0.999755859 0.854980469
v 0.276214629 0.262382507 0.181533843
vt 1.000000000 0.896484375
vn -0.000000129 -0.055034619 -0.998484433
vt 0.284179688 0.410156250
vt 0.316650391 0.395263672
v 0.349365264 0.282821655 0.182113662
vt 0.254150391 0.433593750
vt 0.241210938 0.501708984
vt 0.242919922 0.473388672
v 0.367736846 0.263168335 0.182434097
vt 0.245849609 0.418945312
vn -0.165595904 -0.031542104 -0.985689163
v 0.365203887 0.295570374 0.182067886
vt 0.245849609 0.433349609
vn -0.157251418 -0.786256850 -0.597555161
v 0.322601348 0.295669556 0.164596573
vt 0.238281250 0.450195312
vt 0.238281250 0.458984375
vt 0.228027344 0.490722656
vt 0.227783203 0.460449219
v 0.380279571 0.296043396 0.145339981
vt 0.220458984 0.429687500
vn -0.094371229 -0.983033836 -0.157285348
v 0.339630157 0.248832703 0.182647720
vt 0.255371094 0.408447266
vn 0.007891302 -0.402461648 -0.915402889
v 0.365692168 0.295806885 0.166839615
vt 0.238037109 0.429443359
vn -0.736717045 -0.470244974 -0.485919595
v 0.380554229 0.295410156 0.164840713
vt 0.231445312 0.428222656
vn -0.361622274 -0.880471647 -0.306592703
v 0.380584747 0.285392761 0.156173721
vt 0.225830078 0.425292969
v 0.380645782 0.295944214 0.138397232
vt 0.217529297 0.428466797
vn -0.102311425 -0.991634309 0.078701198
v 0.380096465 0.267150879 0.165313736
vt 0.231445312 0.415771484
vn -0.987317502 -0.015797131 -0.157970667
v 0.369171172 0.249111176 0.182632461
vt 0.242431641 0.412109375
vn -0.930837929 -0.197211474 -0.307649702
v 0.276489288 0.250621796 0.181976348
vt 0.284179688 0.406005859
vn -0.015773566 -0.536298335 -0.843881130
vt 0.304443359 0.396972656
v 0.328765899 0.246635437 0.189895645
vt 0.260253906 0.404785156
vn 0.134003639 -0.520249844 -0.843435287
v 0.254638702 0.246742234 0.187469512
vt 0.292236328 0.400634766
vn -0.015744589 -0.991910815 -0.125956878
v 0.285217315 0.246543869 0.189865127
vt 0.281250000 0.401855469
vn -0.267924279 -0.929854870 -0.252163976
v 0.303863555 0.225149140 0.189880386
vt 0.271484375 0.394042969
vn -0.589656234 -0.534621596 -0.605380297
v 0.302337676 0.226816654 0.222290054
vt 0.280517578 0.385498047
vn -0.638072193 -0.575052857 0.512033403
vt 0.301757812 0.391113281
v 0.284790069 0.246503830 0.222625747
vt 0.286132812 0.390869141
vn -0.189399526 -0.915431440 0.355124325
v 0.262390167 0.249454483 0.228744537
vt 0.291015625 0.386474609
vn 0.000000134 -0.527166963 0.849761784
v 0.369384795 0.256706238 0.167434707
vt 0.235595703 0.415283203
vn -0.737850964 -0.102043271 -0.667205453
v 0.373138458 0.229413390 0.168533340
vt 0.232177734 0.407958984
vn -0.808297038 -0.015695149 -0.588565707
v 0.369018584 0.208469391 0.190307632
vt 0.227783203 0.396240234
vn -0.889708698 0.244079307 -0.385802716
v 0.381622344 0.247856140 0.165954605
vt 0.226074219 0.407470703
vn -0.497406423 -0.568464398 -0.655313075
v 0.381286621 0.251758575 0.105537422
vt 0.195312500 0.398193359
vn -0.946291029 -0.323316127 0.000000138
v 0.295440644 0.338981599 -0.168609604
vt 0.681884766 0.972167969
vt 0.678710938 0.979003906
vt 0.649169922 0.958251953
vt 0.678710938 0.961425781
vt 0.879638672 0.694335938
vt 0.879638672 0.621826172
vt 0.889648438 0.630615234
vt 0.020019531 0.573730469
vt 0.024414062 0.590820312
vt 0.018798828 0.611816406
v 0.268829376 0.335861206 0.224624664
vt 0.029296875 0.064453125
vn -0.054992143 0.997713923 0.039280038
vt 0.001220703 0.065673828
vt 0.025146484 0.062500000
v 0.282074004 0.337280273 0.229110748
vt 0.034179688 0.062500000
vt 0.030273438 0.056152344
vt 0.031738281 0.074707031
vt 0.006591797 0.075439453
v 0.274780303 0.339775085 0.224594146
vt 0.032714844 0.067138672
vn -0.125832245 0.990928710 0.047187053
vt 0.011718750 0.136230469
vt 0.001220703 0.121582031
vt 0.016357422 0.120117188
vt 0.308105469 0.593994141
vt 0.292480469 0.593750000
vt 0.320800781 0.587158203
v 0.357086211 0.295600891 0.287475586
vt 0.341796875 0.599853516
vn -0.007847480 -0.988790512 0.149103373
v 0.387023956 0.294792175 0.248199478
vt 0.349853516 0.578857422
vn -0.440059006 -0.887976289 0.133589461
v 0.387481719 0.295715332 0.286285400
vt 0.355468750 0.597656250
vn -0.457872480 -0.702597558 0.544710577
vt 0.311035156 0.569335938
vt 0.282958984 0.585205078
v 0.386962920 0.266479492 0.286193848
vt 0.364013672 0.585205078
vn -0.938026249 -0.102473490 0.331068218
vt 0.307128906 0.561767578
vt 0.284423828 0.561035156
v 0.401916534 0.279834747 0.288208008
vt 0.364746094 0.593261719
vn -0.031471554 0.023603804 0.999225974
v 0.431060821 0.294715881 0.286865234
vt 0.375000000 0.602294922
vn 0.251446903 -0.817202151 0.518609047
v 0.417053252 0.278541565 0.287628174
vt 0.370117188 0.593994141
vn 0.031383544 -0.078458481 0.996423304
v 0.387084991 0.261054993 0.247528091
vt 0.361328125 0.567871094
vn -0.521287203 -0.434406132 0.734541357
v 0.365631133 0.295410156 0.228561416
vt 0.339111328 0.569335938
vn -0.181012496 -0.629609048 0.755530894
v 0.364898711 0.295043945 0.241271988
vt 0.342285156 0.574462891
vn -0.464322209 -0.653199196 0.598110199
v 0.366729766 0.265281677 0.229293838
vt 0.344970703 0.557861328
vn -0.062867388 0.000000041 0.998021960
vt 0.309570312 0.551757812
v 0.368194610 0.241895676 0.238998428
vt 0.358154297 0.556884766
vn -0.852324665 -0.047351386 0.520865202
v 0.342102081 0.250793457 0.228912368
vt 0.340332031 0.551025391
vn 0.007898430 -0.236948758 0.971490085
v 0.368316680 0.247055054 0.227355972
vt 0.354980469 0.552490234
vn -0.771533906 -0.621950924 0.133837655
v 0.333404571 0.246595383 0.222442642
vt 0.342773438 0.547851562
vn 0.417103261 -0.440712661 0.794856787
v 0.368560821 0.199411392 0.223037735
vt 0.362548828 0.539794922
vn -0.658423603 0.015676761 0.752484381
v 0.369476348 0.197021484 0.237472549
vt 0.364746094 0.544189453
vn -0.781541049 -0.015788715 0.623654127
vt 0.312255859 0.541503906
vt 0.300292969 0.540039062
vt 0.299560547 0.535400391
vt 0.322998047 0.541503906
vt 0.334472656 0.534667969
v 0.376068145 0.234269619 0.241745010
vt 0.364257812 0.555664062
vn -0.157163814 -0.102156527 0.982274711
v 0.380889922 0.177082062 0.240737930
vt 0.373291016 0.537353516
vn -0.086967945 -0.007906149 0.996179819
v 0.397827178 0.226938128 0.241836548
vt 0.371337891 0.553955078
vn -0.023614597 -0.007871534 0.999690175
v 0.386291534 0.236028671 0.247421280
vt 0.367675781 0.559570312
vn -0.078845195 -0.149806097 0.985566676
v 0.410827667 0.232882977 0.240997314
vt 0.377197266 0.558593750
vn 0.031450413 -0.408853531 0.912057996
v 0.407714874 0.215291023 0.246353149
vt 0.377685547 0.553710938
vn 0.062865712 0.007858244 0.997991085
v 0.407104522 0.211940765 0.241394043
vt 0.379882812 0.551757812
vn 0.007861973 -0.055032831 0.998453617
v 0.403595001 0.188079834 0.240341187
vt 0.384277344 0.543212891
vn -0.007873640 0.000000043 0.999969006
v 0.427520782 0.228664398 0.241500854
vt 0.384765625 0.560058594
vn 0.039473135 -0.094735160 0.994719684
v 0.424591094 0.188110352 0.240692139
vt 0.389648438 0.544921875
vn 0.062867656 0.000000046 0.998021960
v 0.423309356 0.232849598 0.246536255
vt 0.382324219 0.561767578
vn 0.039233021 -0.227550685 0.972975552
v 0.441833526 0.196170807 0.238037109
vt 0.394531250 0.551269531
vn 0.834232152 -0.023610281 0.550907791
v 0.430542022 0.260925293 0.245941162
vt 0.383056641 0.573242188
vn 0.369792402 -0.653037429 0.660905302
v 0.438598663 0.228457928 0.241485596
vt 0.388916016 0.561279297
vn 0.251781374 -0.212440386 0.944179714
v 0.437225372 0.230671167 0.243927002
vt 0.387695312 0.562500000
vn 0.401861578 -0.055157397 0.914037764
v 0.442718536 0.227589816 0.236877441
vt 0.391601562 0.561767578
vn 0.973965585 -0.054981872 0.219927564
v 0.442596465 0.227481544 0.218292236
vt 0.399169922 0.561035156
v 0.442535430 0.173866272 0.217651367
vt 0.404296875 0.542480469
vn 0.999969006 0.000000044 0.007873640
v 0.443359405 0.253339767 0.240447998
vt 0.388427734 0.572509766
vn 0.852616906 -0.039472941 0.521043479
v 0.444000274 0.234434605 0.225570679
vt 0.397949219 0.563476562
vn 0.521564007 -0.821858346 0.229171991
v 0.444946319 0.234355450 0.186996460
vt 0.409912109 0.558837891
vn 0.408437163 -0.911128998 -0.054981936
v 0.442718536 0.227907136 0.194519043
vt 0.406494141 0.558593750
vn 0.998361051 -0.055027731 -0.015722349
v 0.441803008 0.236643791 0.182571411
vt 0.413330078 0.555175781
vn 0.860618651 -0.063164659 -0.505317509
v 0.465057403 0.235124111 0.183349609
vt 0.413818359 0.562500000
vn 0.251532227 -0.903943896 -0.345856816
v 0.462005645 0.260810852 0.183425903
vt 0.424072266 0.570312500
vn 0.180939645 -0.015733929 -0.983368337
v 0.445312530 0.295661926 0.182220459
vt 0.439697266 0.575683594
vn 0.456537127 -0.204654664 -0.865846574
v 0.469574004 0.295898438 0.183044434
vt 0.426025391 0.587158203
vn 0.433326155 -0.835137725 -0.338782281
v 0.468902618 0.239299774 0.190979004
vt 0.415771484 0.566894531
vn 0.968503952 -0.078740120 -0.236220613
v 0.461914092 0.234463692 0.226394653
vt 0.402832031 0.567871094
vn 0.274969101 -0.659925520 0.699206889
v 0.468475372 0.239137650 0.217742920
vt 0.408203125 0.569091797
vn 0.937182248 -0.307143718 0.165384993
v 0.469055206 0.253269196 0.208694458
vt 0.411376953 0.573486328
vn 0.996883690 0.007849525 0.078494646
v 0.469635040 0.269725800 0.201339722
vt 0.415283203 0.578125000
vn 0.999102235 -0.015733849 0.039334603
v 0.469909698 0.296234131 0.193588257
vt 0.418701172 0.587890625
vn 0.714500606 -0.690945625 -0.109923236
v 0.466217071 0.259092331 0.224136353
vt 0.404785156 0.575439453
vn 0.726371229 -0.023685953 0.686894298
v 0.444335967 0.257585526 0.226150513
vt 0.394287109 0.572998047
vn 0.376786649 -0.007849662 0.926266849
v 0.467956573 0.279563904 0.225845337
vt 0.406494141 0.583007812
vn 0.706910610 -0.023563620 0.706910372
v 0.445343047 0.293739319 0.225662231
vt 0.399169922 0.586181641
vn 0.677753985 -0.220664009 0.701396406
v 0.444976836 0.295173645 0.242126465
vt 0.395263672 0.590087891
vn 0.314269751 -0.927095532 0.204275280
v 0.467651397 0.294784546 0.225921631
vt 0.406250000 0.591796875
vn 0.314950943 -0.921231389 0.228339404
v 0.495727569 0.295555115 0.220382690
vt 0.414550781 0.600341797
vn 0.409043282 -0.912481070 0.007866203
v 0.431915313 0.294914246 0.247161865
vt 0.390380859 0.590576172
vn 0.703760862 -0.680038393 0.205592960
v 0.497070342 0.297080994 0.198883057
vt 0.422851562 0.598144531
vn 0.898166955 -0.354539573 -0.259995788
v 0.491424590 0.301353455 0.192321777
vt 0.425048828 0.595947266
vn 0.102473326 -0.055178057 -0.993204236
v 0.490112334 0.336235046 0.192855835
vt 0.437011719 0.607910156
vn 0.268583715 0.489770502 -0.829450190
v 0.497161895 0.333305359 0.201950073
vt 0.430664062 0.609619141
vn 0.973995626 0.188515335 -0.125677004
v 0.492370635 0.338226318 0.218093872
vt 0.429687500 0.614501953
vn 0.078487478 0.996791542 -0.015697557
v 0.494323760 0.338081360 0.243621826
vt 0.421875000 0.619140625
vn 0.259096563 0.965723753 0.015702749
v 0.495910674 0.323524475 0.216781616
vt 0.423339844 0.609130859
vn 0.999195039 0.007867723 0.039338257
v 0.494903594 0.327888489 0.248687744
vt 0.414794922 0.618408203
v 0.493957549 0.337493896 0.251068115
vt 0.416992188 0.621337891
vn 0.180962130 0.983490050 -0.000000067
v 0.495300323 0.337913513 0.273010254
vt 0.409667969 0.628662109
vn 0.559714794 0.827747405 -0.039416652
v 0.495636016 0.296119690 0.250000000
vt 0.405029297 0.608886719
vn 0.774661303 -0.632376492 -0.000000074
v 0.470459014 0.295516968 0.252929688
vt 0.397949219 0.601562500
vn 0.023527455 -0.995994210 -0.086267173
v 0.495147735 0.296005249 0.264373779
vt 0.399902344 0.614990234
vn 0.908331990 -0.410723984 -0.078985497
v 0.473510772 0.292900085 0.276184082
vt 0.391357422 0.610595703
vn 0.015744168 -0.999752104 -0.015744086
v 0.499938995 0.327018738 0.296783447
vt 0.398681641 0.635253906
vn 0.362294734 0.070883781 0.929364383
v 0.500000060 0.303695679 0.290252686
vt 0.395751953 0.624267578
vn 0.907172620 -0.362868994 0.212988243
v 0.487304717 0.295043945 0.295959473
vt 0.389892578 0.620605469
vn 0.101971120 -0.611825883 0.784392238
v 0.430786163 0.260684967 0.285766602
vt 0.375976562 0.586669922
vn 0.807036877 -0.482639670 0.340221316
v 0.392974883 0.259983063 0.285430908
vt 0.366943359 0.582275391
vn -0.063172475 -0.963381410 0.260586798
vt 0.951171875 0.949707031
vt 0.932373047 0.946044922
vt 0.936035156 0.942382812
v 0.303283721 0.295783997 0.288177520
vt 0.961669922 0.940917969
vn -0.007885429 -0.946261644 0.323306084
v 0.339050323 0.301864624 0.296234161
vt 0.974121094 0.943115234
vn 0.015702963 -0.259096563 0.965723753
vt 0.947021484 0.937255859
vt 0.979736328 0.938720703
vt 0.625732422 0.409423828
vt 0.621337891 0.400634766
vt 0.629150391 0.385498047
v 0.305389434 0.331092834 0.296630889
vt 0.612792969 0.420166016
vt 0.614990234 0.396972656
vt 0.610351562 0.415771484
v 0.334716827 0.337898254 0.291046172
vt 0.606689453 0.430175781
vn 0.070916779 0.693408012 0.717046797
vt 0.617431641 0.436035156
v 0.346405059 0.328048706 0.296295166
vt 0.606445312 0.436767578
vn 0.007892752 0.205208495 0.978686512
v 0.361846954 0.309890747 0.296173096
vt 0.610595703 0.445800781
vn -0.007864865 -0.133704945 0.990989983
vt 0.620117188 0.444580078
v 0.366210967 0.333854675 0.296203613
vt 0.598876953 0.448486328
vn -0.031567480 0.363027275 0.931243718
v 0.349884063 0.338691711 0.284790039
vt 0.598388672 0.439208984
v 0.387786895 0.299217224 0.296356201
vt 0.614257812 0.456054688
vn -0.031401649 -0.541680634 0.839997709
vt 0.619384766 0.456542969
vt 0.614501953 0.472900391
v 0.397827178 0.315773010 0.296264648
vt 0.606201172 0.456054688
vn -0.118209101 -0.007880577 0.992957532
v 0.407897979 0.304252625 0.296752930
vt 0.609619141 0.464355469
vn 0.015711198 -0.188532680 0.981941283
vt 0.605224609 0.493164062
vt 0.588134766 0.493652344
v 0.406188995 0.308959961 0.303405762
vt 0.606445312 0.460449219
vn -0.220746219 -0.339003295 0.914520621
v 0.401611358 0.325057983 0.302856445
vt 0.602783203 0.461181641
vn -0.401425451 0.440780997 0.802851140
v 0.413970977 0.320220947 0.301849365
vt 0.604248047 0.462890625
vn 0.733992159 0.023677226 0.678745210
v 0.411743194 0.325942993 0.296875000
vt 0.597900391 0.464355469
vn 0.039527360 0.079054512 0.996086299
v 0.433898956 0.332321167 0.297210693
vt 0.592529297 0.470458984
vn 0.000000122 0.173335910 0.984862804
v 0.420532256 0.338951111 0.291442871
vt 0.588623047 0.460449219
vn -0.023661710 0.985903800 0.165631786
v 0.483245879 0.338882446 0.294586182
vt 0.584716797 0.485351562
vn 0.086848721 0.947440624 0.307918161
vt 0.575439453 0.489501953
v 0.440216094 0.338905334 0.292816162
vt 0.588623047 0.469726562
vn -0.007898305 0.971490085 0.236948758
v 0.376739532 0.337104797 0.270782471
vt 0.586914062 0.443115234
v 0.379486114 0.338050842 0.250854492
vt 0.577148438 0.438964844
v 0.427185088 0.339324951 0.268096924
vt 0.580322266 0.463134766
v 0.437774688 0.338226318 0.250457764
vt 0.571777344 0.465332031
vt 0.566406250 0.487548828
vt 0.563232422 0.487060547
vt 0.066162109 0.925781250
vt 0.069824219 0.928955078
v 0.257690400 0.318931550 -0.292968720
vt 0.067871094 0.933105469
vt 0.074707031 0.933837891
vt 0.092529297 0.940673828
v 0.337524384 0.319503754 -0.293548554
vt 0.048339844 0.941650391
vt 0.050537109 0.929199219
vt 0.030273438 0.136474609
vt 0.016845703 0.145996094
vt 0.022216797 0.118896484
v 0.307830781 0.254053086 -0.175170884
vt 0.030517578 0.156982422
vt 0.012451172 0.096435547
vt 0.012451172 0.103027344
vt 0.005371094 0.096923828
v 0.269592285 0.338447571 0.066795364
vt 0.074462891 0.023925781
vn -0.047117200 0.958049595 0.282703102
vt 0.064453125 0.015136719
vt 0.073974609 0.010009766
v 0.310882568 0.337982178 0.067192093
vt 0.076904297 0.038574219
v 0.316223145 0.337875366 0.046012893
vt 0.067626953 0.042968750
vt 0.054443359 0.022216797
v 0.360565186 0.338539124 0.016675957
vt 0.057861328 0.061523438
vt 0.044433594 0.020751953
v 0.345642090 0.336753845 0.004093180
vt 0.048339844 0.059082031
v 0.294219971 0.332931519 0.070732132
vt 0.078857422 0.032470703
v 0.315032959 0.333702087 0.070846565
vt 0.079833984 0.039306641
vn -0.055220969 0.993976474 -0.094664454
vt 0.083496094 0.031738281
vt 0.076171875 0.007324219
v 0.316345215 0.338310242 0.075630195
vt 0.082519531 0.039306641
vn -0.000000076 0.965842903 -0.259128600
vt 0.095703125 0.985107422
vt 0.122070312 0.984375000
vt 0.114746094 0.992187500
v 0.324249268 0.295806885 -0.011739717
vt 0.087646484 0.991699219
v 0.285705537 0.293983430 -0.262695283
vt 0.027099609 0.738037109
vn 0.015741736 -0.999597251 0.023612574
vt 0.009033203 0.746337891
vt 0.007080078 0.740234375
vt 0.023193359 0.746582031
vt 0.027343750 0.729003906
vt 0.001220703 0.737060547
v 0.368743926 0.298538208 0.189865127
vt 0.573486328 0.101562500
vn 0.047185730 0.369620740 0.927983940
vt 0.532958984 0.104736328
vt 0.536865234 0.093505859
v 0.349365264 0.321914673 0.188903823
vt 0.566162109 0.112548828
vn -0.007867548 0.039338432 0.999195039
vt 0.548095703 0.115722656
v 0.414825469 0.331130981 0.188964844
vt 0.591064453 0.115722656
v 0.338989288 0.331642151 0.188461319
vt 0.562011719 0.116210938
v 0.463714629 0.298576355 0.188888550
vt 0.607910156 0.099853516
vn 0.015722349 0.055027820 0.998361051
v 0.383911163 0.336318970 0.188644424
vt 0.579101562 0.117919922
vn -0.007873022 0.897526622 0.440890253
v 0.351165801 0.338714600 0.182235733
vt 0.564697266 0.121337891
vn 0.150067627 0.687151492 0.710846305
vt 0.537109375 0.119384766
vt 0.551025391 0.123779297
v 0.354888946 0.352706909 0.184524551
vt 0.564453125 0.124755859
vn 0.220856294 0.315508872 0.922863364
vt 0.542480469 0.135253906
v 0.368438751 0.338325500 0.156066909
vt 0.573974609 0.130859375
v 0.347717315 0.338691711 0.168533340
vt 0.567138672 0.126953125
vn 0.039324902 0.904474974 -0.424710035
v 0.350494385 0.337989807 0.145202652
vt 0.569824219 0.135253906
vn 0.007878579 0.961196244 -0.275753021
v 0.426422149 0.338562012 0.171234131
vt 0.593750000 0.126220703
vn -0.015741730 0.999597251 0.023612492
v 0.446044922 0.338294983 0.146240234
vt 0.601562500 0.138183594
vn 0.015759701 0.992864966 -0.118198253
v 0.440124542 0.338981628 0.184539795
vt 0.599121094 0.120605469
vn -0.000000017 0.980275512 0.197636142
v 0.491027862 0.337471008 0.188552856
vt 0.619384766 0.118652344
vn 0.315234423 0.748681664 0.583183527
v 0.491760254 0.336105347 0.145599365
vt 0.620849609 0.133056641
vn 0.859093666 0.504422069 -0.086697668
v 0.492218047 0.297958374 0.189056396
vt 0.619628906 0.103759766
vn 0.645529330 -0.188935325 0.739996910
vt 0.611328125 0.099365234
v 0.492553741 0.296005249 0.145202637
vt 0.625732422 0.091552734
vn 0.465115219 -0.875047266 -0.134016261
vt 0.998046875 0.828857422
vt 0.980224609 0.821777344
vt 0.955322266 0.798828125
vt 0.996093750 0.809326172
v 0.313812256 0.295555115 -0.030261979
vt 0.026123047 0.777099609
vt 0.002197266 0.777099609
vt 0.005615234 0.768310547
vt 0.028564453 0.821289062
v 0.320800781 0.338256836 -0.068656914
vt 0.040527344 0.844726562
vt 0.024414062 0.825927734
vt 0.042968750 0.839599609
v 0.375427216 0.337982148 -0.096725464
vt 0.033691406 0.861572266
vt 0.015136719 0.835205078
vt 0.602294922 0.163085938
vt 0.602294922 0.169189453
vt 0.577392578 0.155517578
v 0.291076630 0.246370286 -0.215377793
vt 0.603759766 0.164306641
vn -0.094629213 -0.283887327 -0.954176784
v 0.307067841 0.221649617 -0.214599594
vt 0.618408203 0.158447266
vn -0.497220486 -0.449866116 -0.741884351
v 0.300048798 0.229271621 -0.185928330
vt 0.621582031 0.172851562
vn -0.736988604 -0.674266279 0.047041960
v 0.324188203 0.202766389 -0.187759385
vt 0.638183594 0.165771484
vn -0.733626485 -0.678407371 0.039442416
v 0.284118623 0.246694535 -0.184722885
vt 0.614501953 0.186035156
vn -0.189169943 -0.977378368 0.094585069
v 0.323425263 0.206727952 -0.182601914
vt 0.639404297 0.168212891
vn -0.298592955 -0.282877594 0.911494672
v 0.299743623 0.231461495 -0.182357773
vt 0.622314453 0.175292969
vn -0.204489857 -0.149434969 0.967395008
v 0.302642792 0.246578187 -0.182708725
vt 0.622558594 0.183837891
vn -0.015769418 -0.323275864 0.946173429
vt 0.599365234 0.193115234
vt 0.612792969 0.190429688
v 0.333526582 0.246484727 -0.183013901
vt 0.635986328 0.184814453
vn 0.204376325 -0.848947465 0.487358719
v 0.324218720 0.226632327 -0.182235703
vt 0.635986328 0.177001953
v 0.350830048 0.178581208 -0.182479843
vt 0.660400391 0.162109375
vn -0.102008522 -0.109855436 0.988699257
v 0.369903535 0.206340775 -0.182678208
vt 0.665527344 0.176025391
vn -0.267782807 0.141767472 0.952992320
v 0.369567841 0.152671784 -0.184143052
vt 0.676025391 0.156005859
vn -0.922805965 -0.149857417 0.354925513
v 0.348998994 0.229627818 -0.182785019
vt 0.651123047 0.183349609
vn 0.677775025 0.630488396 0.378292948
v 0.369262666 0.209360093 -0.208419785
vt 0.671386719 0.182128906
vn -0.070969686 0.977803648 -0.197137862
v 0.301696807 0.337112427 0.194000259
vt 0.703369141 0.188476562
vn 0.023571590 0.919295549 -0.392861366
vt 0.697753906 0.176757812
vt 0.706298828 0.175781250
v 0.335418731 0.328842163 0.190536514
vt 0.703857422 0.202148438
vt 0.685546875 0.179931641
v 0.330566436 0.338508606 0.200134292
vt 0.708984375 0.198242188
vn -0.007879707 0.977074921 -0.212750241
vt 0.698730469 0.219238281
v 0.317291290 0.338195801 0.208877578
vt 0.711181641 0.192138672
vt 0.716064453 0.175537109
vt 0.713134766 0.173583984
vt 0.712890625 0.171630859
v 0.399047881 0.339019775 0.215744019
vt 0.726562500 0.218505859
v 0.356964141 0.336502075 0.192596450
vt 0.710205078 0.208984375
vn -0.007900361 0.900630116 -0.434514582
v 0.390747100 0.329559326 0.191223159
vt 0.712402344 0.221679688
vn 0.015799409 0.094797216 -0.995371222
v 0.443420440 0.338005066 0.195999146
vt 0.725097656 0.238525391
vn -0.000000084 0.946291029 -0.323316127
v 0.452850372 0.298591614 0.191497803
vt 0.710449219 0.247314453
vt 0.710937500 0.251464844
vt 0.713134766 0.253906250
vt 0.708984375 0.254394531
vt 0.719238281 0.261962891
v 0.449768096 0.332351685 0.191864014
vt 0.721923828 0.241699219
vn 0.007906054 0.086968035 -0.996179819
vt 0.728515625 0.256591797
v 0.478546172 0.338066101 0.206665039
vt 0.732666016 0.250000000
vn 0.031383354 0.996423304 -0.078458577
vt 0.738525391 0.253417969
v 0.435607940 0.338584900 0.208251953
vt 0.729492188 0.234130859
v 0.444580108 0.338142395 0.215972900
vt 0.733642578 0.236083984
vt 0.747558594 0.249755859
v 0.433746368 0.341133118 0.214035034
vt 0.731445312 0.232177734
vn 0.015733846 0.999102235 -0.039334781
v 0.434387237 0.339302063 0.225265503
vt 0.735351562 0.230468750
vt 0.744384766 0.228271484
vt 0.742187500 0.206542969
vt 0.729248047 0.174316406
vt 0.719726562 0.165771484
vt 0.720703125 0.165039062
vt 0.750244141 0.190917969
vt 0.744873047 0.169433594
vt 0.741943359 0.148681641
vt 0.751708984 0.186035156
vt 0.754882812 0.189697266
vt 0.005126953 0.481445312
vt 0.016113281 0.487060547
vt 0.021240234 0.495117188
vt 0.000488281 0.488525391
vt 0.781494141 0.964355469
v 0.367675751 0.300178498 -0.219711289
vt 0.819824219 0.965087891
vn -0.023614602 -0.606111348 0.795029283
vt 0.777099609 0.965332031
vt 0.797851562 0.963867188
vt 0.000000000 0.781005859
vt 0.005859375 0.802001953
vt 0.000488281 0.813232422
vt 0.223632812 0.895507812
vt 0.205810547 0.894287109
vt 0.243652344 0.893310547
v 0.380248994 0.296264619 -0.134841904
vt 0.265625000 0.895019531
vn -0.086442821 -0.990163505 -0.110018112
vt 0.485107422 0.354980469
vt 0.489746094 0.372802734
v 0.365631074 0.295349091 -0.175247177
vt 0.459472656 0.342285156
vn -0.094196498 -0.298289329 0.949816108
vt 0.445312500 0.376953125
v 0.365631074 0.295494050 -0.158996567
vt 0.461669922 0.333251953
vn -0.724746466 -0.638092101 0.259963542
v 0.368499726 0.256912202 -0.175064072
vt 0.441894531 0.343017578
vn -0.520411432 -0.063080169 0.851582587
vt 0.437500000 0.388916016
vt 0.438232422 0.405761719
v 0.368865937 0.247316346 -0.177078232
vt 0.436523438 0.345703125
vn -0.353607863 -0.762221694 0.542199016
vt 0.423339844 0.355712891
v 0.369232148 0.231938824 -0.161148056
vt 0.430908203 0.333984375
vn -0.939428091 -0.086837925 0.331562996
v 0.369598359 0.231101260 -0.175964341
vt 0.429443359 0.338623047
v 0.367370576 0.246665925 -0.204315171
vt 0.420166016 0.345214844
vn -0.402474135 -0.915431440 0.000000093
v 0.380310029 0.264404267 -0.125381455
vt 0.443847656 0.316162109
vn -0.984099448 -0.039364014 0.173201635
v 0.334014863 0.246601075 -0.212997422
vt 0.406982422 0.351318359
vn 0.965366721 0.031394072 -0.259000957
v 0.368041962 0.247581452 -0.219634995
vt 0.415771484 0.342285156
vn -0.188184723 -0.721374571 -0.666487277
vt 0.411132812 0.357910156
vt 0.418945312 0.364257812
v 0.328094453 0.246417969 -0.215316758
vt 0.404052734 0.351806641
vn 0.015789580 -0.268424809 -0.963171303
vt 0.387207031 0.355224609
v 0.380371064 0.295104951 -0.157363877
vt 0.460449219 0.324951172
vn -0.854001820 0.213500455 0.474445611
v 0.380493134 0.287307709 -0.128631577
vt 0.460937500 0.313476562
vn -1.000000000 -0.000000044 0.000000131
v 0.380767792 0.296989411 -0.139175400
vt 0.464843750 0.321044922
vn -0.149750218 -0.977317631 0.149750337
v 0.330200166 0.296150178 -0.142532334
vt 0.480468750 0.334228516
vt 0.499023438 0.354492188
vt 0.479248047 0.330322266
vt 0.502929688 0.318603516
vt 0.465087891 0.319335938
vt 0.032226562 0.000000000
v 0.325225830 0.295654297 -0.040870652
vt 0.042236328 0.005859375
vn 0.023712669 -0.995930731 -0.086946294
vt 0.016845703 0.005615234
v 0.287963867 0.349990845 0.081314102
vt 0.470947266 0.912597656
vn -0.663001895 -0.552501500 -0.505144179
v 0.284912109 0.367980957 0.080490127
vt 0.464599609 0.916015625
vn 0.480121642 0.078708507 0.873663664
v 0.284454346 0.373626709 0.074646011
vt 0.461425781 0.914306641
vn -0.722285569 -0.031403776 -0.690881670
v 0.313079834 0.358688354 0.050144207
vt 0.460937500 0.897705078
vn -0.542198956 -0.353608072 -0.762221575
v 0.292419434 0.351966858 0.083938614
vt 0.472412109 0.914794922
vn 0.385230243 0.652532697 0.652532637
vt 0.477783203 0.908203125
v 0.309051514 0.339942932 0.098701492
vt 0.481689453 0.909667969
vt 0.490966797 0.902099609
v 0.327423096 0.349487305 0.059967052
vt 0.480468750 0.929931641
vn 0.110486582 0.836540997 0.536648870
v 0.322204590 0.347969055 0.054759994
vt 0.466064453 0.893066406
vn -0.055027805 -0.888305604 -0.455944449
v 0.330322266 0.361663818 0.043876655
vt 0.455810547 0.892089844
vn -0.252595782 -0.639383018 -0.726212680
v 0.335540771 0.378112793 0.045349129
vt 0.446533203 0.895751953
vn -0.078985527 0.608187556 -0.789853990
v 0.314849854 0.369155884 0.051517498
vt 0.469970703 0.932861328
vn 0.525203705 0.086227514 0.846596777
v 0.317504883 0.383666992 0.047748577
vt 0.450195312 0.902343750
vn -0.401749372 0.527788162 -0.748356342
v 0.336395264 0.392715454 0.057430275
vt 0.439208984 0.903076172
vn 0.409550339 0.819100857 -0.401674539
v 0.286132812 0.389465332 0.077812210
vt 0.456787109 0.918701172
vn -0.605474055 0.629063785 -0.487524420
v 0.308624268 0.407638550 0.089744583
vt 0.445800781 0.922607422
vn -0.189677492 0.908870816 -0.371451557
v 0.326751709 0.405609131 0.098747261
vt 0.437744141 0.924804688
vn 0.565458536 0.824627161 -0.015707294
v 0.320434570 0.401824951 0.097854622
vt 0.441894531 0.927246094
vn -0.408336341 -0.848083377 0.337662876
v 0.343231201 0.388626099 0.110420235
vt 0.432617188 0.928955078
vn 0.810596704 0.440712810 0.385623485
v 0.300048828 0.398864746 0.086303726
vt 0.451904297 0.923095703
vn 0.054948147 -0.800671399 0.596578777
v 0.325531006 0.389694214 0.057315838
vt 0.459228516 0.937500000
vn 0.047257394 -0.787621319 0.614344716
v 0.344787598 0.385955811 0.070312507
vt 0.450683594 0.941650391
vn -0.797031760 -0.599746764 0.071022771
v 0.340148926 0.368453979 0.049045570
vt 0.468017578 0.942871094
vn -0.512112677 0.015757332 0.858773828
v 0.291564941 0.387359619 0.080886856
vt 0.458251953 0.921875000
vn 0.573383093 -0.439855337 0.691201329
v 0.291564941 0.388198853 0.081413284
vt 0.457763672 0.921630859
vn -0.502505779 -0.039258260 0.863682151
vt 0.458251953 0.920654297
vn -0.535549164 -0.055130061 0.842702627
v 0.291412354 0.387359619 0.081016555
vt 0.458251953 0.921142578
vn 0.590039432 -0.440562606 0.676578283
v 0.290893555 0.386505127 0.080886856
vt 0.458740234 0.920410156
vn -0.449474126 0.134053752 0.883177578
v 0.310058594 0.297096252 0.074195884
vt 0.299560547 0.121337891
vn 0.055073712 -0.857576847 -0.511398971
vt 0.298828125 0.126464844
vt 0.278564453 0.107666016
v 0.326049805 0.301521301 0.070793167
vt 0.306884766 0.117431641
vn 0.015714992 -0.997898698 0.062859803
vt 0.300537109 0.109619141
v 0.363037109 0.298942566 0.072357193
vt 0.324462891 0.119384766
vn -0.031603079 -0.774274290 -0.632060587
v 0.380096436 0.297096252 0.073448189
vt 0.333007812 0.118896484
vn -0.283429414 -0.952637911 -0.110222489
v 0.391387939 0.299400330 0.069602974
vt 0.330078125 0.114013672
vn -0.023516476 -0.877952278 0.478170455
v 0.380157471 0.295875549 0.062759407
vt 0.332763672 0.104980469
vn -0.149973989 -0.986671269 0.063147023
v 0.380462646 0.274314880 0.032531746
vt 0.351806641 0.092773438
vt 0.281494141 0.084716797
v 0.380218506 0.296356201 0.047603615
vt 0.335937500 0.094726562
vn -0.402461588 -0.915402889 -0.007891311
v 0.380249023 0.286865234 -0.009158128
vt 0.369140625 0.074707031
vn -0.998361051 -0.055027820 0.015722353
v 0.380279541 0.296249390 0.025703436
vt 0.346435547 0.083496094
vn -0.055032831 -0.998453617 0.007861891
vt 0.285156250 0.073730469
vt 0.333496094 0.071777344
v 0.380279541 0.296417236 0.005356319
vt 0.351074219 0.078125000
vn -0.212750152 -0.977074921 0.007879707
v 0.342498779 0.296226501 -0.074813828
vt 0.025878906 0.644287109
vn 0.015810950 -0.996086419 0.086959973
vt 0.021972656 0.629150391
vt 0.026367188 0.606201172
vt 0.050292969 0.159423828
vt 0.065429688 0.162841797
vt 0.048828125 0.162841797
vt 0.055419922 0.175292969
v 0.352813691 0.217166871 -0.215499863
vt 0.076904297 0.178466797
vn 0.054951288 0.054951381 -0.996975780
vt 0.068603516 0.162597656
vt 0.086914062 0.160644531
vt 0.087158203 0.178955078
v 0.369598359 0.202934235 -0.215545639
vt 0.086669922 0.182617188
vn -0.810095012 0.070784934 -0.582009912
v 0.369140595 0.155899018 -0.215438828
vt 0.083984375 0.205566406
vn -0.609233737 -0.332309306 -0.720003366
v 0.340148896 0.185527772 -0.214813218
vt 0.069091797 0.193115234
vn -0.567421913 -0.520136714 -0.638349533
vt 0.050781250 0.193359375
v 0.349792451 0.174919099 -0.190093979
vt 0.065673828 0.206542969
vn -0.740249276 -0.669374406 0.063000068
vt 0.048828125 0.195556641
vt 0.062744141 0.208984375
vt 0.575927734 0.931884766
vt 0.550048828 0.931884766
vt 0.525878906 0.929687500
vt 0.218261719 0.519775391
vt 0.207031250 0.491699219
vt 0.225341797 0.524169922
vt 0.210937500 0.524414062
vt 0.196533203 0.488281250
v 0.380157471 0.296882629 -0.028739924
vt 0.220214844 0.552734375
vn -0.078475401 -0.996638060 -0.023542577
v 0.375366211 0.299583435 -0.060958855
vt 0.236572266 0.550537109
vn -0.220199540 -0.975169599 -0.023592740
vt 0.246093750 0.520751953
v 0.338745117 0.295585632 0.002287400
vt 0.204589844 0.531494141
vn 0.007887779 -0.993852854 0.110428140
vt 0.199218750 0.514160156
v 0.340118408 0.300666809 0.006185543
vt 0.201416016 0.531982422
vt 0.205810547 0.556152344
vt 0.197753906 0.537353516
vt 0.211425781 0.563476562
vt 0.195068359 0.553222656
vt 0.248779297 0.537597656
v 0.380126953 0.284137696 -0.066955559
vt 0.237792969 0.569580078
vt 0.197998047 0.576416016
v 0.380584717 0.298385620 -0.066421501
vt 0.239990234 0.555419922
vn -0.315597117 -0.946791589 0.063119531
v 0.380187958 0.295822114 -0.095184319
vt 0.253173828 0.557861328
vn -0.173330441 -0.984832287 0.007878724
v 0.380004883 0.265823364 -0.021095268
vt 0.218505859 0.588134766
vt 0.269042969 0.541748047
vt 0.304199219 0.522216797
vt 0.291015625 0.539550781
vt 0.269042969 0.566162109
vt 0.295166016 0.541015625
vt 0.264892578 0.566406250
vt 0.270996094 0.567626953
vt 0.264892578 0.581787109
v 0.381317139 0.250717163 -0.015439025
vt 0.220703125 0.597412109
vn -0.931708038 -0.363208264 0.000000138
v 0.379943848 0.256786346 0.061599743
vt 0.200683594 0.631347656
vt 0.267333984 0.244140625
vt 0.307128906 0.235351562
vt 0.264648438 0.251708984
v 0.383819550 0.331741303 -0.293579102
vt 0.242675781 0.247558594
vn -0.007873178 0.440890253 -0.897526622
v 0.344085664 0.338447541 -0.285858154
vt 0.258544922 0.255859375
vn 0.023597123 0.983216226 -0.180911839
vt 0.283935547 0.257568359
v 0.366790742 0.338043183 -0.253662109
vt 0.239990234 0.269042969
vn -0.007869909 0.999473393 0.031479433
v 0.383850068 0.338722199 -0.279815674
vt 0.237304688 0.254150391
v 0.404693574 0.338630646 -0.292846680
vt 0.231933594 0.242919922
vn -0.047350019 0.710248411 -0.702356875
v 0.429351777 0.339103669 -0.278869629
vt 0.215576172 0.241455078
v 0.400512666 0.338104218 -0.249603271
vt 0.220947266 0.260986328
v 0.427459687 0.337936401 -0.254302979
vt 0.207763672 0.250244141
v 0.490570039 0.341514558 -0.272247314
vt 0.182617188 0.227783203
vn 0.007849445 0.996883690 0.078494735
v 0.496398896 0.339775056 -0.282867432
vt 0.181152344 0.222167969
vn 0.607884169 0.757881641 -0.236838132
v 0.494537324 0.336593628 -0.252624512
vt 0.174560547 0.232666016
vn 0.794856727 0.605980039 0.031479347
v 0.439697236 0.337471008 -0.248397827
vt 0.198730469 0.248779297
v 0.424255341 0.337791413 -0.250366211
vt 0.208984375 0.253173828
vn -0.015697557 0.996791542 -0.078487568
v 0.471343964 0.340034485 -0.223068237
vt 0.179931641 0.251220703
vn 0.047283664 0.985076845 0.165492862
v 0.496765107 0.333068848 -0.223815918
vt 0.167480469 0.240722656
vn 0.842284858 0.472309291 0.259769917
v 0.490264863 0.332679749 -0.219528198
vt 0.169433594 0.244384766
vn 0.503624916 0.810521364 0.299027205
v 0.447814912 0.332267761 -0.219940186
vt 0.185302734 0.262695312
vn -0.015734389 0.967664421 0.251750052
v 0.437957734 0.339897156 -0.244277954
vt 0.200927734 0.251708984
vn 0.031609885 0.995713115 -0.086927392
v 0.429351777 0.339073181 -0.234375000
vt 0.201171875 0.257568359
v 0.406249970 0.337882966 -0.222961426
vt 0.206787109 0.267333984
vn -0.023606667 0.904922903 0.424920291
v 0.412414521 0.332351655 -0.219802856
vt 0.206542969 0.270263672
v 0.421447724 0.338661164 -0.238494873
vt 0.209228516 0.260009766
vn -0.023615502 0.999721110 -0.000000041
v 0.368988007 0.337058991 -0.222534165
vt 0.229003906 0.281250000
v 0.359802216 0.333457917 -0.219131455
vt 0.228271484 0.287109375
vn 0.015765073 0.969556570 -0.244359821
vt 0.228759766 0.311279297
vt 0.246582031 0.322021484
vt 0.229492188 0.311035156
v 0.331665039 0.296257019 0.094841018
vt 0.603271484 0.550537109
vt 0.623046875 0.513183594
vt 0.616699219 0.543457031
vt 0.594238281 0.540283203
vt 0.603515625 0.579345703
vt 0.572753906 0.559814453
v 0.380157471 0.296012878 0.093719490
vt 0.592041016 0.575927734
vn -0.683135986 -0.730248988 -0.007852018
vt 0.593261719 0.520507812
vt 0.609375000 0.607666016
v 0.383331329 0.300743103 0.142028823
vt 0.571044922 0.554443359
vn -0.015744081 -0.999752104 0.015744172
vt 0.565429688 0.554931641
vt 0.558349609 0.562255859
vt 0.545410156 0.570556641
vt 0.591552734 0.613281250
vt 0.622802734 0.635009766
vt 0.570312500 0.600097656
vt 0.520751953 0.314941406
vt 0.507324219 0.314208984
vt 0.508789062 0.309570312
v 0.367736787 0.260349244 -0.221878037
vt 0.557861328 0.312011719
vn -0.212433964 -0.055075489 -0.975622118
vt 0.556640625 0.315429688
vt 0.508544922 0.296142578
v 0.366088837 0.281463593 -0.222000107
vt 0.559326172 0.300537109
vn -0.110376731 0.031536121 -0.993389368
vt 0.534667969 0.286865234
v 0.366027802 0.295326203 -0.235717759
vt 0.568603516 0.294677734
vn -0.574500561 -0.558760703 -0.598110020
v 0.365203828 0.297195405 -0.221710190
vt 0.561035156 0.293212891
vn -0.291873038 -0.402311385 -0.867730319
v 0.368286103 0.298500031 -0.218505844
vt 0.561523438 0.291259766
vn -0.015707318 0.565458536 -0.824627221
vt 0.560791016 0.290283203
vn 0.000000093 -0.915431440 0.402474195
v 0.370452851 0.235411137 -0.234695420
vt 0.571777344 0.321777344
vn -0.723848820 -0.086547196 -0.684508979
v 0.386962861 0.260684937 -0.239990219
vt 0.582763672 0.310058594
vn -0.644930005 -0.306735039 -0.699984908
v 0.386810273 0.295227021 -0.241394028
vt 0.579833984 0.292480469
vn -0.385516167 -0.904782891 -0.180956498
v 0.387786835 0.294631928 -0.280273438
vt 0.598388672 0.285400391
vn -0.574714124 -0.574714065 -0.582586825
v 0.375183076 0.234050244 -0.234848008
vt 0.574951172 0.323730469
vn -0.275215536 -0.062906444 -0.959322274
v 0.370086640 0.233391255 -0.224914536
vt 0.572509766 0.326660156
vn -0.963021219 -0.023680901 -0.268382818
v 0.379943818 0.236288995 -0.238388047
vt 0.577636719 0.322509766
vn -0.165165111 -0.228085041 -0.959529996
v 0.401763886 0.231367558 -0.235488892
vt 0.586425781 0.330810547
vn -0.023689086 -0.236889735 -0.971247733
v 0.405670136 0.234981030 -0.240829468
vt 0.590087891 0.326171875
vn -0.015777035 -0.165657640 -0.986057103
v 0.433044404 0.233067021 -0.234954834
vt 0.597412109 0.340332031
vn 0.316366076 -0.118637353 -0.941189528
v 0.423797578 0.259792298 -0.240295410
vt 0.600341797 0.316894531
vn 0.070610479 -0.870862901 -0.486427903
v 0.394256562 0.259773225 -0.275207520
vt 0.600585938 0.302490234
vn -0.055329453 -0.995930731 -0.071137853
v 0.430786103 0.260871857 -0.275512695
vt 0.616455078 0.306396484
vn 0.363027245 -0.915459931 -0.173621714
v 0.387634248 0.264667481 -0.280303955
vt 0.601806641 0.299072266
vn -0.597666144 -0.290969074 -0.747082531
v 0.431335419 0.265193909 -0.280731201
vt 0.619140625 0.302978516
vn 0.039218277 -0.078436844 -0.996147394
v 0.431732148 0.294441193 -0.280487061
vt 0.621826172 0.284179688
vn 0.180643767 -0.934635103 -0.306308985
v 0.332031220 0.295921296 -0.246841416
vt 0.966308594 0.406982422
vt 0.969726562 0.438720703
vt 0.957031250 0.427490234
vt 0.978027344 0.418457031
v 0.339630097 0.296096772 -0.273010224
vt 0.951904297 0.404785156
vt 0.943603516 0.424804688
v 0.378875703 0.295112580 -0.287933350
vt 0.943359375 0.387451172
vn -0.007859903 -0.935327768 -0.353695363
vt 0.947753906 0.382568359
vt 0.966308594 0.383056641
vt 0.973632812 0.392089844
v 0.334014863 0.295669526 -0.224731430
vt 0.979248047 0.406250000
vt 0.982421875 0.414062500
vt 0.980224609 0.391845703
vt 0.982421875 0.391601562
vt 0.982421875 0.391113281
vt 0.554443359 0.733886719
vt 0.555175781 0.747314453
vt 0.511230469 0.763183594
vt 0.504638672 0.737060547
vt 0.537841797 0.728027344
v 0.384948730 0.333488464 0.142349258
vt 0.486083984 0.739257812
vt 0.493408203 0.744873047
vt 0.453369141 0.735595703
v 0.426666260 0.333686829 0.142868042
vt 0.464111328 0.734375000
v 0.488830566 0.336540222 0.141662598
vt 0.431152344 0.730468750
vn 0.506185949 0.862098038 0.023727367
vt 0.429199219 0.730957031
v 0.347900420 0.358154297 0.178344741
vt 0.231445312 0.027587891
vt 0.257568359 0.020751953
vt 0.263427734 0.025390625
vt 0.223876953 0.031982422
v 0.324768096 0.357666016 0.170104995
vt 0.238525391 0.023925781
v 0.352813751 0.355621338 0.166381851
vt 0.228515625 0.024169922
vn 0.126034960 0.677438438 -0.724701643
vt 0.258544922 0.009765625
v 0.356567413 0.345138550 0.164764419
vt 0.226562500 0.020996094
vn 0.346542537 -0.212651193 -0.913612485
vt 0.220947266 0.021972656
vt 0.225341797 0.016113281
vt 0.257812500 0.005126953
vt 0.979003906 0.799072266
vt 0.999023438 0.799072266
vt 0.998291016 0.802246094
vt 0.063720703 0.084228516
vt 0.066162109 0.095703125
v 0.324707061 0.202075958 0.218566909
vt 0.052246094 0.085937500
vn -0.733832002 -0.678597391 0.031562798
v 0.335754424 0.190143585 0.197616592
vt 0.048583984 0.097412109
vn -0.731445014 -0.676390052 -0.086514875
v 0.339111358 0.189826965 0.189636245
vt 0.048583984 0.100830078
vn -0.157622203 -0.141859919 -0.977256954
vt 0.068847656 0.108886719
v 0.351318389 0.201238632 0.189559951
vt 0.047851562 0.107910156
v 0.330993682 0.197324753 0.222137466
vt 0.050048828 0.083740234
vn -0.204540476 -0.228141427 0.951900601
v 0.318695098 0.231991768 0.222534195
vt 0.062988281 0.077392578
vt 0.068359375 0.070068359
v 0.346191436 0.183784485 0.221450821
vt 0.044433594 0.078125000
vn -0.102172211 -0.094312899 0.990285814
v 0.343139678 0.235809326 0.221405044
vt 0.064453125 0.067871094
vn 0.620567739 0.581291258 0.526304185
vt 0.045410156 0.065917969
vt 0.014648438 0.952392578
vt 0.014648438 0.980957031
vt 0.004882812 0.977294922
vt 0.165283203 0.308837891
v 0.354339600 0.338081360 0.138580337
vt 0.167724609 0.350341797
vt 0.155517578 0.312988281
vt 0.173095703 0.318847656
vt 0.172607422 0.369873047
v 0.391723633 0.337692261 0.103713989
vt 0.136962891 0.364990234
vt 0.135986328 0.322998047
v 0.421264648 0.338249207 0.138168335
vt 0.160888672 0.384521484
vn -0.015733913 0.983368337 0.180939734
vt 0.163085938 0.388916016
vt 0.129882812 0.328369141
v 0.428558350 0.337852478 0.108810417
vt 0.141357422 0.382080078
v 0.433258057 0.340202332 0.132690430
vt 0.154785156 0.390136719
vn 0.023556381 0.997221589 0.070669197
vt 0.150878906 0.417236328
v 0.464813232 0.336563110 0.105537407
vt 0.135742188 0.400390625
vn 0.047185577 0.998762369 -0.015728589
v 0.489288330 0.334930420 0.094558701
vt 0.129394531 0.414550781
vn 0.924706161 0.379366666 -0.031614020
v 0.381683350 0.338127136 0.078407288
vt 0.120117188 0.358886719
vn 0.007856438 0.989919007 -0.141417027
v 0.437347412 0.338417053 0.087928765
vt 0.125488281 0.386718750
vn 0.015728490 0.998762369 -0.047185671
v 0.473937988 0.337333679 0.074195854
vt 0.119384766 0.406005859
vn 0.109923102 0.981456876 -0.157033160
v 0.489074707 0.325531006 0.071586594
vt 0.117187500 0.415527344
vn 0.959085166 0.283008754 0.007861217
v 0.471130371 0.337989807 0.069252007
vt 0.116455078 0.406005859
vn 0.126250699 0.899536073 0.418205351
v 0.459197998 0.327964783 0.071044914
vt 0.112548828 0.397460938
vn -0.039334726 0.928299665 0.369746476
v 0.444091797 0.337226868 0.081771843
vt 0.121337891 0.390380859
v 0.425598145 0.334068298 0.072662354
vt 0.115966797 0.380859375
vn 0.039416429 0.827747285 -0.559714854
v 0.352416992 0.334251404 0.072097786
vt 0.115234375 0.344482422
vn 0.023635948 0.992710948 0.118179835
vt 0.121582031 0.325683594
vt 0.122802734 0.310058594
v 0.317932129 0.335510254 0.072357185
vt 0.119384766 0.326416016
vn 0.023691799 0.718654931 -0.694963157
v 0.317077637 0.335510254 0.072380073
vt 0.119628906 0.325683594
vn -0.031574588 0.726212680 -0.686744690
vt 0.118652344 0.324218750
vt 0.115722656 0.321533203
v 0.316223145 0.335464478 0.072387703
vt 0.119628906 0.325195312
vn -0.149899453 0.733717799 -0.662712872
vt 0.031738281 0.882568359
vt 0.043945312 0.894531250
vt 0.031982422 0.924072266
vt 0.342773438 0.878662109
vt 0.332763672 0.877197266
vt 0.344482422 0.856445312
v 0.344879150 0.347747803 0.066589363
vt 0.357177734 0.864990234
vn 0.597075582 -0.777769446 -0.196406469
vt 0.355224609 0.850097656
vt 0.339599609 0.885742188
v 0.335937500 0.348037720 0.109619148
vt 0.355468750 0.890869141
vn 0.471331865 -0.832686126 0.290654570
v 0.348663330 0.365814209 0.052276619
vt 0.366455078 0.856201172
vn 0.978320897 -0.063117437 -0.197242245
v 0.344848633 0.352905273 0.089462288
vt 0.360351562 0.878173828
vn 0.880934536 -0.456198156 0.125847667
v 0.343566895 0.362091064 0.112350471
vt 0.364990234 0.891845703
vn 0.899536133 -0.126250625 0.418205291
v 0.354766846 0.376113892 0.070266731
vt 0.374267578 0.866699219
vn 0.951753318 0.306763500 -0.007865868
vt 0.385498047 0.855468750
vt 0.375488281 0.849853516
vt 0.394775391 0.881591797
vt 0.380126953 0.890869141
v 0.351226807 0.365249634 0.085197456
vt 0.367919922 0.875488281
vn 0.948772311 -0.268818766 0.166035026
vt 0.329345703 0.965087891
v 0.329437256 0.349250793 0.106704719
vt 0.331054688 0.961425781
vn -0.653948963 0.756374598 0.015757857
vt 0.344238281 0.957275391
vt 0.319580078 0.964843750
v 0.344726562 0.353805542 0.069885261
vt 0.326416016 0.938476562
vn -0.636769652 0.770412683 0.031445462
v 0.339508057 0.365982056 0.110649116
vt 0.318359375 0.961669922
vn -0.985842526 0.110414311 -0.126187712
vt 0.335937500 0.930419922
vt 0.305664062 0.965087891
v 0.336517334 0.388076782 0.107986458
vt 0.305664062 0.961181641
vn -0.881479979 -0.472221464 0.000000136
vt 0.294677734 0.956054688
vt 0.305908203 0.937500000
v 0.350494385 0.366943359 0.071830757
vt 0.317871094 0.939453125
vt 0.319091797 0.926269531
vt 0.331054688 0.917968750
vt 0.303710938 0.925537109
vt 0.251953125 0.322265625
vt 0.255615234 0.320068359
vt 0.290039062 0.331542969
v 0.380584687 0.300231904 -0.294067383
vt 0.291015625 0.326660156
v 0.446502656 0.300598115 -0.294189453
vt 0.322509766 0.327148438
vn -0.000000115 -0.259128600 -0.965842903
v 0.454437226 0.294876069 -0.289520264
vt 0.325439453 0.331298828
vn 0.015765158 -0.969556570 -0.244359732
v 0.487182587 0.297668427 -0.293823242
vt 0.341064453 0.325195312
vn 0.102460623 -0.409842938 -0.906383336
vt 0.314453125 0.338623047
vt 0.293701172 0.335937500
v 0.474884003 0.292915314 -0.258514404
vt 0.335449219 0.343994141
v 0.445312470 0.294990540 -0.234848022
vt 0.328125000 0.360595703
vn 0.219792143 -0.926266909 -0.306139052
v 0.491394013 0.294799775 -0.268463135
vt 0.343505859 0.337890625
vn 0.291836619 -0.954384506 -0.063099794
v 0.486206025 0.294593811 -0.243133545
vt 0.343505859 0.349365234
vn 0.141264528 -0.988851488 0.047088195
v 0.487945527 0.294761658 -0.224166870
vt 0.347900391 0.357421875
vn 0.078545682 -0.958256423 0.274909645
v 0.444793671 0.295013428 -0.225524902
vt 0.330078125 0.365478516
vn 0.907737613 -0.410455227 0.086826980
v 0.455810517 0.300743103 -0.219177246
vt 0.336425781 0.368408203
vn 0.118279040 -0.969888031 -0.212902218
v 0.445770234 0.300193787 -0.219192505
vt 0.332519531 0.368896484
vn 0.391990989 -0.070558421 -0.917259276
v 0.490203828 0.301475525 -0.219772339
vt 0.351562500 0.359619141
vn 0.856147170 -0.486982733 0.172800243
v 0.495971650 0.301391602 -0.224945068
vt 0.351806641 0.355468750
vn 0.982729971 -0.180822268 0.039309073
vt 0.367187500 0.354980469
vt 0.366943359 0.358154297
vt 0.366943359 0.339599609
v 0.495941132 0.301284760 -0.288909912
vt 0.345703125 0.327880859
vn 0.991051257 -0.094385795 -0.094385952
vt 0.363281250 0.322753906
v 0.492034882 0.332466096 -0.293975830
vt 0.357666016 0.317626953
vn 0.340168059 0.166128621 -0.925573945
vt 0.447998047 0.720214844
v 0.363525391 0.332122803 -0.062438957
vt 0.419189453 0.717285156
vt 0.439453125 0.716064453
vt 0.436767578 0.722656250
v 0.418395996 0.335914612 -0.069885254
vt 0.394042969 0.709960938
v 0.449554443 0.335853577 -0.061332706
vt 0.378417969 0.714843750
vt 0.416015625 0.699462891
v 0.427673310 0.337287903 -0.092941292
vt 0.391601562 0.695312500
vt 0.412353516 0.690185547
v 0.425353974 0.343093872 -0.083312988
vt 0.390380859 0.702392578
vn -0.086267255 0.995994210 0.023527391
v 0.431488037 0.337181091 -0.076210029
vt 0.385498047 0.705810547
vn 0.031445377 0.998391926 0.047168072
v 0.441101044 0.337615967 -0.112319954
vt 0.387695312 0.683837891
v 0.411224335 0.337448090 -0.133850098
vt 0.403808594 0.679443359
vn -0.023630172 0.984587789 -0.173287496
v 0.442810029 0.340034485 -0.118881233
vt 0.387939453 0.680664062
v 0.481048554 0.337738037 -0.135452271
vt 0.375732422 0.667480469
vn 0.047391150 0.924129188 -0.379129976
v 0.490722626 0.337600708 -0.117073074
vt 0.364257812 0.676025391
vn 0.804747820 0.591726422 0.047337979
v 0.490692109 0.337234497 -0.095146194
vt 0.364501953 0.687500000
vn 0.339828044 0.940454483 0.007902893
v 0.488708466 0.296607971 -0.099121101
vt 0.343750000 0.680175781
vn 0.535549343 -0.842702627 0.055130042
v 0.491119355 0.295661926 -0.134796143
vt 0.348632812 0.660400391
vn 0.502645433 -0.863921762 -0.031415366
v 0.490325898 0.337577820 -0.079696670
vt 0.361083984 0.695068359
vn 0.741100013 0.662259638 0.110376470
v 0.487731934 0.333152771 -0.063064590
vt 0.358154297 0.703369141
vn 0.724386930 0.669270635 -0.165349320
v 0.491058350 0.337654114 -0.060264595
vt 0.357177734 0.706298828
vn 0.409842849 0.890620172 -0.197039962
v 0.487884521 0.297981262 -0.064125068
vt 0.340332031 0.699462891
vn 0.597315311 -0.801659942 -0.023578277
v 0.492401123 0.305183411 -0.061443336
vt 0.343994141 0.702148438
vn 0.992372215 -0.055131748 -0.110263705
v 0.491027832 0.338272095 -0.034732826
vt 0.353759766 0.715820312
vn 0.690520048 0.698366940 0.188323542
v 0.491058350 0.297348022 -0.035507210
vt 0.336669922 0.712646484
vn 0.667946815 -0.691521406 0.275036842
v 0.486968994 0.296058655 -0.057113655
vt 0.337158203 0.702148438
vn 0.054926075 -0.996515274 -0.062772579
v 0.423004150 0.299003601 -0.062805168
vt 0.312988281 0.690917969
vn 0.196110144 -0.980550528 -0.007844388
v 0.431915283 0.296470642 -0.033756256
vt 0.309082031 0.706054688
vn 0.180688381 -0.982001901 -0.054992083
v 0.490509033 0.301956177 -0.032829292
vt 0.333007812 0.714355469
vn 0.950489879 -0.290645629 -0.109974146
v 0.431457520 0.277519226 -0.007639408
vt 0.293212891 0.710937500
vn 0.999721110 0.023615502 -0.000000132
v 0.431945801 0.296226501 -0.010539055
vt 0.301513672 0.716552734
vn 0.188556045 -0.982062519 0.000000018
v 0.431579590 0.296081543 0.006174564
vt 0.291992188 0.717773438
vn 0.251750112 -0.967664421 -0.015734371
v 0.431976318 0.295646667 0.039543152
vt 0.280517578 0.724365234
vn 0.188550219 -0.982032180 0.007856275
v 0.432159424 0.296478271 -0.088363647
vt 0.315185547 0.677001953
vn 0.881425440 -0.464322239 0.086568467
v 0.431396484 0.273822784 0.058032990
vt 0.269287109 0.726562500
vn 0.998453617 -0.055032831 -0.007861968
v 0.430633545 0.265460968 -0.012208938
vt 0.287109375 0.708251953
vn 0.999876022 -0.015746037 -0.000000130
v 0.432281464 0.296188354 -0.108329773
vt 0.317871094 0.666748047
vn 0.227698043 -0.973605216 0.015703322
v 0.431732148 0.272823334 -0.104187012
vt 0.306152344 0.664062500
vn 0.999721229 -0.023615420 -0.000000130
v 0.431976289 0.295906067 -0.138702393
vt 0.319824219 0.653076172
vn 0.502878129 -0.864321709 0.007857442
v 0.489929169 0.300659180 -0.138183594
vt 0.348144531 0.657714844
vn 0.640902281 -0.743763089 0.189896896
v 0.492492646 0.296119690 -0.141754150
vt 0.347656250 0.655761719
vn 0.521678030 -0.829942346 0.197605267
v 0.431274384 0.264263123 -0.158508301
vt 0.309326172 0.641113281
vn 0.984740555 -0.015755799 0.173314214
v 0.431243896 0.252323151 -0.021297453
vt 0.280761719 0.699218750
vn 0.980244875 -0.197629973 0.007905081
v 0.430938721 0.264030457 0.049983982
vt 0.263916016 0.718994141
v 0.430541992 0.249267563 -0.068954468
vt 0.285400391 0.674804688
vn 0.889626026 -0.456622154 0.007872700
v 0.431304902 0.247146592 -0.158386230
vt 0.290527344 0.637695312
vn 0.803448617 -0.535632312 0.259939164
v 0.420471162 0.246137604 -0.114845268
vt 0.280761719 0.651367188
vn 0.905175209 -0.425038785 -0.000000100
v 0.419219971 0.246671662 -0.087959282
vt 0.275390625 0.664794922
vn 0.149181515 -0.973605216 0.172736451
v 0.426910400 0.246669754 -0.035114285
vt 0.279052734 0.689697266
vn 0.197636232 -0.980275512 0.000000017
v 0.424072266 0.246583924 0.025278095
vt 0.267822266 0.710937500
vn 0.149107978 -0.988820970 0.000000024
v 0.404602051 0.246559128 -0.022350304
vt 0.267822266 0.688964844
vt 0.077636719 0.895019531
v 0.360137910 0.338035554 -0.183273301
vt 0.103027344 0.913330078
vn 0.023615420 0.999721229 -0.000000047
vt 0.072753906 0.905029297
v 0.365447968 0.338165253 -0.208419785
vt 0.095703125 0.926513672
v 0.405578583 0.338119477 -0.215438843
vt 0.109130859 0.937011719
vt 0.076171875 0.922363281
v 0.368072480 0.337211579 -0.211563095
vt 0.096435547 0.928955078
vn -0.062676311 0.924474239 -0.376057357
v 0.366363496 0.337211579 -0.211456284
vt 0.095458984 0.928466797
vn 0.055014081 0.903804302 -0.424395114
vt 0.091796875 0.931152344
vt 0.075683594 0.925048828
v 0.367217988 0.337211579 -0.211471543
vt 0.095947266 0.928710938
v 0.346099824 0.336662263 -0.140777573
vt 0.287841797 0.198730469
vn -0.007884732 0.788477838 0.615012646
vt 0.283203125 0.201904297
vt 0.267333984 0.197509766
v 0.404205292 0.337890595 -0.141372681
vt 0.317138672 0.198486328
vn 0.015693612 0.988699138 0.149089515
vt 0.299316406 0.222167969
vt 0.259277344 0.207275391
v 0.418060273 0.336563081 -0.150100708
vt 0.324462891 0.203613281
vn 0.039280023 0.997713923 -0.054992154
v 0.431274384 0.334426880 -0.166503906
vt 0.332031250 0.212402344
v 0.427185029 0.338676453 -0.157180786
vt 0.329833984 0.207031250
v 0.439056367 0.335578918 -0.141235352
vt 0.334228516 0.199462891
vn 0.007895592 0.931679010 0.363196880
v 0.446289033 0.335235596 -0.151977539
vt 0.338378906 0.203857422
vn -0.023608925 0.999442518 -0.023608917
v 0.489471406 0.338600159 -0.162109375
vt 0.360351562 0.205078125
v 0.485504121 0.338119507 -0.141616821
vt 0.358398438 0.195800781
vn -0.007899301 0.987409830 0.157985523
v 0.422058076 0.334999055 -0.187927246
vt 0.329101562 0.223388672
v 0.440399140 0.336074829 -0.190246582
vt 0.338378906 0.223388672
vn -0.055019315 0.998206854 0.023579653
v 0.489807099 0.338584900 -0.215301514
vt 0.364013672 0.229003906
vn 0.039442230 0.993945599 -0.102549985
vt 0.322021484 0.237548828
v 0.431762666 0.335792542 -0.201080322
vt 0.334716797 0.229248047
v 0.438507050 0.337371826 -0.215225220
vt 0.338623047 0.235351562
vt 0.343017578 0.238037109
vt 0.364990234 0.232421875
vt 0.326416016 0.239257812
vt 0.323974609 0.259033203
vt 0.581054688 0.968017578
vt 0.583740234 0.965087891
v 0.343139678 0.182796478 0.216445938
vt 0.581542969 0.975585938
vn -0.738944411 -0.668194473 0.086472355
vt 0.578857422 0.975097656
vt 0.590576172 0.972656250
v 0.369110137 0.153686523 0.221786514
vt 0.575927734 0.991943359
vn -0.977712512 -0.118271716 0.173465267
vt 0.568359375 0.975830078
v 0.368713409 0.153533936 0.196411148
vt 0.588378906 0.992919922
vn -0.951517940 -0.306687623 -0.023591217
v 0.368682891 0.158073425 0.188995376
vt 0.593017578 0.992675781
vn -0.497390896 -0.197377354 -0.844774842
vt 0.594238281 0.973388672
vt 0.601074219 0.974609375
vt 0.608154297 0.979248047
vt 0.552978516 0.754394531
v 0.372100800 0.337936372 -0.131195053
vt 0.550048828 0.763427734
vt 0.510253906 0.777343750
vt 0.569824219 0.758300781
v 0.374389619 0.332206696 -0.137390122
vt 0.552001953 0.766601562
vn 0.015728479 0.990898132 -0.133692637
vt 0.513916016 0.781005859
vt 0.540283203 0.773681641
vt 0.567382812 0.765625000
v 0.408050507 0.332145661 -0.137939453
vt 0.571533203 0.761474609
vn -0.007907268 0.925139725 -0.379544556
vt 0.600585938 0.744628906
vt 0.585449219 0.761962891
vt 0.575927734 0.770019531
v 0.490844697 0.332527161 -0.136703491
vt 0.605957031 0.748046875
vn 0.761328995 0.643597722 0.078487396
vt 0.606933594 0.738769531
vt 0.621582031 0.739990234
vt 0.620117188 0.741699219
vt 0.605468750 0.753906250
vt 0.590087891 0.765380859
v 0.493072480 0.334060669 -0.139404297
vt 0.607666016 0.749755859
vn 0.991634309 0.102311522 0.078701004
vt 0.622802734 0.742187500
vt 0.615234375 0.758056641
vt 0.914550781 1.000000000
vt 0.883300781 1.000000000
vt 0.904296875 0.995117188
vt 0.962402344 0.209472656
vt 0.982177734 0.213378906
v 0.352294952 0.225929737 0.190612808
vt 0.968505859 0.221435547
vn 0.628345430 0.636199772 -0.447696269
vt 0.963134766 0.228027344
vt 0.981445312 0.218994141
vt 0.968750000 0.231201172
v 0.368591338 0.209199905 0.217208877
vt 0.979980469 0.232421875
vn -0.440849245 0.865953863 0.236169264
vt 0.984619141 0.231689453
vt 0.979736328 0.247070312
v 0.368377715 0.246780396 0.193710342
vt 0.967041016 0.245605469
vn -0.643974662 -0.761774898 -0.070680030
vt 0.962646484 0.245361328
vt 0.960937500 0.256103516
vt 0.964355469 0.260009766
vt 0.979492188 0.260009766
vt 0.887207031 0.176269531
v 0.342315674 0.376953125 0.032146461
vt 0.895996094 0.169677734
vn -0.425196946 0.803149581 -0.417322814
vt 0.892089844 0.180664062
v 0.345550537 0.362274170 0.026342401
vt 0.905761719 0.176513672
vn -0.464725494 -0.716779947 -0.519862294
v 0.350921631 0.371948242 0.010088928
vt 0.908691406 0.168701172
vn -0.937676668 -0.023638936 0.346704125
v 0.352905273 0.354003906 0.045482647
vt 0.902587891 0.185791016
vn 0.480076998 -0.865712523 0.141662017
vt 0.901123047 0.193603516
v 0.356597900 0.360015869 0.019710548
vt 0.916992188 0.175048828
vn 0.268157601 -0.615184784 0.741376579
v 0.365203857 0.341957092 0.008818634
vt 0.919677734 0.159423828
vn -0.290941894 -0.408891439 0.864962816
v 0.355773926 0.369644165 0.034629826
vt 0.913574219 0.184082031
vn 0.997898698 0.015714984 0.062859625
v 0.354919434 0.377487183 0.046092995
vt 0.908935547 0.191894531
vn 0.676829755 0.645349324 0.354155004
vt 0.909912109 0.201171875
vt 0.917480469 0.194335938
v 0.361602783 0.373992920 0.017377861
vt 0.925048828 0.180664062
vn -0.023614688 0.795029283 0.606111348
vt 0.927978516 0.190185547
v 0.346038818 0.386276245 -0.005912296
vt 0.938232422 0.193115234
vn -0.669748247 0.701265812 0.244261190
v 0.377838135 0.387191772 0.013181690
vt 0.938964844 0.178222656
vn 0.078545719 0.274909645 0.958256423
v 0.385925293 0.355514526 0.017223362
vt 0.936767578 0.155273438
vn 0.748472393 -0.149694487 -0.646050036
v 0.366760254 0.390686035 0.001681094
vt 0.946044922 0.173095703
vn 0.519813836 -0.181147292 -0.834852755
v 0.372222900 0.362289429 0.010313040
vt 0.945556641 0.155761719
vn 0.031464733 0.031464823 -0.999009490
vt 0.951904297 0.493164062
vt 0.951904297 0.555908203
vt 0.943359375 0.499023438
vt 0.500000000 0.062011719
vt 0.495605469 0.067138672
vt 0.497314453 0.037841797
vt 0.322265625 0.518554688
vt 0.284667969 0.500244141
v 0.424743652 0.337715149 -0.015985491
vt 0.348632812 0.499023438
vt 0.313232422 0.485595703
v 0.442260742 0.337127686 -0.031202320
vt 0.358886719 0.504882812
v 0.442138672 0.336868286 0.004008290
vt 0.354736328 0.485839844
v 0.439941406 0.338317871 -0.016422275
vt 0.355468750 0.498046875
vn -0.047190040 0.998854995 0.007864962
vt 0.318847656 0.474609375
v 0.409637451 0.338157654 0.008965493
vt 0.338623047 0.481933594
v 0.484680176 0.340438843 -0.029022226
vt 0.377685547 0.497070312
vn 0.070686631 0.997467637 -0.007854129
v 0.441467285 0.337013245 0.006997106
vt 0.355712891 0.483398438
vn 0.031597037 0.955812752 -0.292273343
v 0.479248047 0.338043213 0.012096398
vt 0.373535156 0.478759766
v 0.436859131 0.336685181 0.028339382
vt 0.352294922 0.465820312
v 0.490356445 0.334648132 0.006621351
vt 0.378173828 0.481201172
vn 0.645409226 0.763472021 0.023612419
v 0.490112305 0.338798523 0.017908085
vt 0.377441406 0.476074219
vn 0.777697504 0.628442466 -0.015711190
v 0.489562988 0.296730042 0.004464142
vt 0.397216797 0.479248047
vn 0.695158303 -0.718856752 -0.000000060
v 0.489410400 0.296226501 0.018825524
vt 0.397216797 0.472900391
vn 0.440890253 -0.897526503 -0.007873058
vt 0.422363281 0.473388672
vt 0.422363281 0.481933594
v 0.486083984 0.296630859 -0.029020317
vt 0.398193359 0.494384766
vn 0.063125364 -0.994224012 -0.086797297
vt 0.421875000 0.494140625
vt 0.395019531 0.497558594
v 0.490264893 0.333694458 -0.027473459
vt 0.381347656 0.495849609
vn 0.995464504 0.071104646 -0.063204221
v 0.484649658 0.333923340 -0.031635292
vt 0.380371094 0.499511719
vn 0.793261707 0.604763985 -0.070686817
vt 0.396728516 0.498046875
vt 0.381591797 0.502929688
v 0.445098877 0.338485718 -0.046276096
vt 0.361083984 0.511474609
vt 0.381347656 0.513671875
vt 0.315429688 0.535156250
vt 0.364013672 0.517822266
vt 0.033447266 0.869140625
vt 0.021484375 0.884033203
v 0.340057373 0.353591919 -0.007284155
vt 0.018066406 0.869628906
vn -0.196819946 -0.810898006 -0.551095665
vt 0.014892578 0.855712891
vt 0.010253906 0.886230469
vt 0.010009766 0.893798828
v 0.357299805 0.371597290 0.011667258
vt 0.004882812 0.875000000
vn 0.576863348 -0.339796215 -0.742810428
vt 0.000000000 0.880126953
v 0.353820801 0.345550537 -0.003325216
vt 0.012939453 0.863525391
vn 0.472866148 0.157622054 -0.866921544
vt 0.000976562 0.856933594
v 0.358062744 0.362594604 0.013038643
vt 0.003417969 0.870849609
vn 0.401313543 0.731807232 -0.550822735
vt 0.000732422 0.864990234
vt 0.002929688 0.275634766
v 0.352874756 0.367446899 0.024889000
vt 0.001953125 0.267333984
vn -0.188876987 -0.165267304 -0.967993915
vt 0.007568359 0.273193359
vt 0.015625000 0.271484375
v 0.415649414 0.338348389 0.067871094
vt 0.456542969 0.518066406
vn -0.000000006 0.961226106 0.275761545
vt 0.405517578 0.510986328
vt 0.426513672 0.507080078
vt 0.480712891 0.512939453
vt 0.487060547 0.518310547
v 0.434906006 0.337539673 0.045089722
vt 0.462158203 0.538574219
vt 0.399169922 0.527587891
v 0.489166260 0.338806152 0.048088066
vt 0.491943359 0.533203125
vn 0.329850823 0.942431092 0.054975059
vt 0.498291016 0.519287109
vt 0.427978516 0.557373047
vt 0.464599609 0.549804688
vt 0.453125000 0.558837891
v 0.435729980 0.342369080 0.036540985
vt 0.465332031 0.543945312
vn -0.086797386 0.994224012 -0.063125364
v 0.450073242 0.338317871 0.035915371
vt 0.472412109 0.543457031
vt 0.494873047 0.549316406
vt 0.490234375 0.553955078
v 0.488800049 0.314170837 0.042358391
vt 0.504882812 0.535156250
vn 0.999938011 0.007873571 0.007873396
vt 0.517333984 0.546630859
v 0.489318848 0.303871155 0.069335930
vt 0.509033203 0.519775391
vn 0.819533050 -0.488567740 0.299444675
v 0.484710693 0.304862976 0.071189873
vt 0.509033203 0.517089844
vn 0.402173698 -0.898976445 -0.173486710
v 0.489929199 0.296188354 0.050788872
vt 0.513427734 0.530517578
vn 0.282311767 -0.956723034 0.070577934
vt 0.543457031 0.524902344
vt 0.548095703 0.545410156
v 0.454132080 0.296386719 0.067756653
vt 0.526367188 0.515380859
vn 0.047248561 -0.968594015 0.244117230
v 0.432037354 0.297073364 0.069168091
vt 0.536376953 0.510009766
vn 0.794364929 -0.605604947 -0.047190078
v 0.441101074 0.300720215 0.070411682
vt 0.531250000 0.510498047
vn 0.149806112 -0.859414160 -0.488841087
vt 0.712402344 0.975585938
vt 0.700683594 0.968750000
vt 0.712646484 0.973144531
vt 0.726318359 0.971191406
vt 0.689453125 0.966796875
vt 0.699951172 0.990966797
vt 0.357910156 0.828857422
vt 0.350341797 0.823730469
vt 0.358886719 0.825927734
v 0.369079560 0.152709931 -0.200973496
vt 0.348876953 0.832275391
vn -0.995371222 -0.094797306 0.015799677
vt 0.351318359 0.838867188
vt 0.364501953 0.842529297
v 0.369689912 0.127815217 -0.221984848
vt 0.341552734 0.840087891
vn -0.982032180 0.007856206 -0.188550040
v 0.368560761 0.096298188 -0.221771225
vt 0.329589844 0.842529297
vn -0.976983905 0.015757753 -0.212730229
v 0.374542207 0.158447236 -0.233871445
vt 0.349365234 0.846191406
vn -0.718834519 -0.007899341 -0.695136428
v 0.370178193 0.062683076 -0.186691269
vt 0.318603516 0.825927734
vn -0.999194920 0.007867634 0.039338514
v 0.368377656 0.069976777 -0.201477036
vt 0.321289062 0.833251953
vn -0.998391926 0.047168080 0.031445540
v 0.370025605 0.150901765 -0.176116928
vt 0.349365234 0.819824219
vt 0.364746094 0.818359375
v 0.364898652 0.060760468 -0.187454209
vt 0.317626953 0.828369141
vn -0.944413602 0.062960878 0.322674781
v 0.364105195 0.060089082 -0.204086289
vt 0.316894531 0.833007812
vn -0.974717557 -0.141491309 -0.172933638
v 0.369628876 0.052215546 -0.194152802
vt 0.313720703 0.829101562
vn -0.996515274 -0.054926079 0.062772751
v 0.368621796 0.057113618 -0.205444306
vt 0.315673828 0.834472656
vn -0.999380589 -0.015738321 -0.031476423
v 0.368957490 0.060852021 -0.219955429
vt 0.316894531 0.839843750
vn -0.999473393 -0.007869914 -0.031479347
v 0.368286103 0.005035371 -0.206665009
vt 0.297851562 0.833984375
vn -0.999473393 -0.031479523 -0.007869737
v 0.369384736 0.035400361 -0.226272553
vt 0.308837891 0.842773438
vn -0.967754245 0.007867867 -0.251773328
v 0.372131318 0.082412690 -0.233596787
vt 0.325195312 0.847167969
vn -0.741353631 0.031546898 -0.670372725
v 0.376068085 0.033172578 -0.234954804
vt 0.306396484 0.847412109
vn -0.227698132 0.015703259 -0.973605156
v 0.369476289 0.021636933 -0.233398408
vt 0.302490234 0.844970703
vn -0.916487992 -0.063206114 -0.395037770
v 0.371490449 0.000671357 -0.225646943
vt 0.294921875 0.840820312
vn -0.197334230 -0.978778005 -0.055253528
v 0.368988037 0.005233735 -0.181137055
vt 0.297363281 0.823974609
vn -0.999380589 -0.031476598 0.015738409
v 0.369903564 0.001296982 -0.165603608
vt 0.295654297 0.816894531
vn -0.574073911 -0.786402702 0.228056878
v 0.369567871 0.064987168 -0.166213974
vt 0.318115234 0.816162109
vn -0.992033720 -0.000000038 0.125972673
v 0.370056123 0.086624131 -0.167953476
vt 0.326171875 0.816650391
vn -0.999102235 0.015733853 0.039334863
v 0.369018555 0.082809433 -0.159759507
vt 0.323486328 0.813720703
vn -0.939750254 0.039485283 0.339573771
v 0.371429414 0.130508393 -0.163162217
vt 0.341308594 0.812988281
vn -0.828365207 -0.007889205 0.560132802
v 0.371673554 0.088561997 -0.163314804
vt 0.326904297 0.814208984
vn -0.581668198 0.078603841 0.809619486
v 0.372711182 0.077728257 -0.159622177
vt 0.321289062 0.812011719
vn -0.418439776 0.023685297 0.907935679
v 0.380523682 0.083129868 -0.159225449
vt 0.324462891 0.810302734
vn -0.504798293 0.181411952 0.843959928
v 0.374298066 0.169063538 -0.161300644
vt 0.354736328 0.810058594
vn -0.188550040 -0.007856223 0.982032180
v 0.379760742 0.054870591 -0.158477753
vt 0.315185547 0.805908203
vn -0.946261585 -0.007885540 0.323306173
v 0.369964570 0.184547395 -0.163391098
vt 0.357910156 0.812500000
vn -0.983368337 -0.015733929 0.180939898
v 0.369567841 0.157890290 -0.168106064
vt 0.350585938 0.815429688
vn -0.997744679 -0.023568813 0.062850192
v 0.373657227 0.035873398 -0.159454316
vt 0.308349609 0.812744141
vn -0.574233711 -0.031464856 0.818086565
v 0.380981445 0.039306626 -0.159225434
vt 0.309326172 0.808837891
vn -0.496109009 -0.543357611 0.677228391
v 0.377563477 0.005630478 -0.160186738
vt 0.296630859 0.814208984
vn -0.094371118 -0.157285362 0.983033836
v 0.395294189 0.037658677 -0.159255952
vt 0.304931641 0.804931641
vn -0.023592720 -0.912255406 0.408942103
vt 0.833740234 0.145019531
vt 0.811279297 0.149658203
vt 0.789550781 0.142089844
v 0.398834199 0.319404572 -0.293243408
vt 0.777099609 0.149902344
vn -0.070610635 0.047073621 -0.996392667
vt 0.785400391 0.157226562
vt 0.775146484 0.163574219
v 0.440277070 0.331832856 -0.293457031
vt 0.755371094 0.161865234
vn -0.015728675 0.047185581 -0.998762369
v 0.414764374 0.316535920 -0.293121338
vt 0.766357422 0.148925781
vn 0.228452593 0.094532132 -0.968954742
v 0.409515351 0.327171296 -0.303161621
vt 0.768798828 0.144287109
vn 0.331480175 0.781346321 -0.528790057
v 0.408050507 0.308700532 -0.303283691
vt 0.760986328 0.140869141
vn 0.220664039 -0.701396585 -0.677753866
vt 0.001220703 0.467529297
vt 0.015380859 0.467529297
vt 0.009521484 0.473388672
v 0.365234405 0.066696167 0.209579483
vt 0.867187500 0.390625000
vn -0.946173429 0.181349874 0.268082559
v 0.364959747 0.065917969 0.197448745
vt 0.862304688 0.388183594
vn -0.889625967 0.267674983 -0.370021284
v 0.364776641 0.053161621 0.205429107
vt 0.869384766 0.387451172
vn -0.906383276 -0.338908583 0.252211154
v 0.368408233 0.051376343 0.200622588
vt 0.872070312 0.384765625
vn -0.998947680 -0.039328694 0.023597321
v 0.369323760 0.065673828 0.212890640
vt 0.868408203 0.392333984
vn -0.997467637 0.007854035 0.070686810
v 0.368713409 0.066177368 0.196395889
vt 0.858398438 0.388183594
vn -0.997529209 0.031418193 -0.062836349
v 0.368743926 0.081909180 0.191482559
vt 0.857421875 0.394531250
v 0.369110137 0.008499146 0.180389434
vt 0.846923828 0.361816406
vn -0.997006595 -0.031401832 -0.070653871
vt 0.861083984 0.431640625
vt 0.850830078 0.428710938
vt 0.656738281 0.383789062
vt 0.666748047 0.399169922
v 0.368865937 0.233550042 -0.213027939
vt 0.661376953 0.403808594
vn -0.998361051 -0.055027820 -0.015722089
vt 0.666503906 0.407470703
v 0.368896455 0.241179436 -0.222503647
vt 0.663330078 0.408935547
vn -0.991757095 -0.086582027 -0.094452925
vt 0.670166016 0.409912109
vt 0.659179688 0.414550781
vt 0.660400391 0.409912109
vt 0.651367188 0.403076172
vt 0.649658203 0.406982422
vt 0.646484375 0.386718750
vt 0.626464844 0.377929688
vt 0.640625000 0.366943359
vt 0.658203125 0.379882812
vt 0.638183594 0.359619141
v 0.376556367 0.230570778 -0.160079941
vt 0.659423828 0.373779297
vn -0.054973312 -0.047120053 0.997375369
v 0.386596650 0.213697419 -0.160110459
vt 0.658447266 0.361328125
vn -0.958848119 0.023578204 0.282938898
v 0.391204804 0.222369656 -0.160049424
vt 0.663085938 0.366943359
vn -0.402023762 0.914406955 0.047296923
v 0.387207001 0.169540390 -0.160308823
vt 0.640625000 0.354736328
vn -0.149708301 -0.086673275 0.984923959
v 0.387542695 0.190902695 -0.143692002
vt 0.653076172 0.350585938
vn -0.978442669 -0.142032042 0.149922803
v 0.387176514 0.216545090 -0.116645806
vt 0.666015625 0.346679688
vn -0.874639571 -0.338824362 0.346704125
v 0.393035859 0.192481980 -0.138244614
vt 0.656250000 0.345947266
vn -0.126034960 -0.677438438 0.724701643
v 0.404113740 0.168125138 -0.160461426
vt 0.640136719 0.341308594
vn 0.015765285 -0.386246055 0.922261059
v 0.402374238 0.208602890 -0.123214714
vt 0.664306641 0.334228516
vn 0.015696181 -0.674930274 0.737714589
v 0.419525117 0.185211167 -0.145843506
vt 0.644775391 0.329345703
vn 0.329759479 -0.651667237 0.683072865
v 0.418884248 0.202146515 -0.130355835
vt 0.657470703 0.326660156
vn 0.481375784 -0.599746704 0.639203668
v 0.419830292 0.206356034 -0.138488770
vt 0.655029297 0.322509766
vn 0.999225974 -0.031471640 0.023603635
v 0.419433564 0.172740921 -0.160354614
vt 0.633056641 0.330566406
vn 0.188410804 -0.039252173 0.981305599
v 0.420562714 0.214287743 -0.160156250
vt 0.641601562 0.318847656
vn 0.973455250 0.086354956 0.211961910
vt 0.670166016 0.302246094
v 0.418457001 0.246608719 -0.137161255
vt 0.661621094 0.299560547
vn 0.456353486 -0.826157212 -0.330462903
v 0.434356660 0.223333344 -0.160476685
vt 0.639404297 0.308349609
vn 0.157990649 0.000000050 0.987440705
v 0.435882539 0.137596115 -0.160614014
vt 0.612548828 0.322753906
vn 0.268449992 -0.007895531 0.963261366
v 0.441070527 0.184905991 -0.163833618
vt 0.623779297 0.308349609
vn 0.897554398 0.000000059 0.440903753
v 0.431884736 0.230414376 -0.160003662
vt 0.643554688 0.310546875
vn 0.031456247 -0.180872574 0.983003378
v 0.440826386 0.229653344 -0.163330078
vt 0.643066406 0.304443359
vn 0.879738033 -0.062838368 0.471288085
v 0.434356660 0.224183068 -0.160476685
vt 0.639892578 0.308105469
vn 0.346790284 0.007881651 0.937909663
v 0.434356660 0.225033030 -0.160476685
vt 0.641601562 0.307373047
vn 0.355423361 0.071084693 0.931998610
v 0.369262725 0.008651733 0.218505889
vt 0.569335938 0.713623047
vt 0.580322266 0.702392578
v 0.368011504 0.006072998 0.195785552
vt 0.577392578 0.719970703
vn -0.980152965 -0.197611526 -0.015808780
vt 0.585205078 0.701171875
vt 0.583740234 0.723632812
vt 0.577392578 0.694580078
v 0.377349883 0.000701889 0.167495757
vt 0.582275391 0.729736328
vn -0.205702424 -0.617107213 -0.759516418
v 0.370239288 0.008865342 0.168258697
vt 0.586914062 0.731689453
vn -0.698431492 -0.047085322 -0.714126348
v 0.374115020 0.000534058 0.216095001
vt 0.569580078 0.721435547
vn -0.133704945 -0.990989983 0.007865061
v 0.402984649 0.000473008 0.166519180
vt 0.581787109 0.745361328
vn 0.015755855 -0.961106777 -0.275727302
v 0.406311065 0.000610352 0.237564102
vt 0.559570312 0.734130859
v 0.371582061 0.001998901 0.240737945
vt 0.562988281 0.717529297
vn -0.362699687 -0.496741027 0.788477898
v 0.368408233 0.027160645 0.239425689
vt 0.561035156 0.708740234
vn -0.969646871 -0.007883340 0.244382694
v 0.369689971 0.091171265 0.219589248
vt 0.575195312 0.684082031
vt 0.582031250 0.657958984
v 0.369018584 0.074661255 0.238754287
vt 0.559814453 0.687255859
vn -0.777409613 0.031410486 0.628209949
v 0.369171172 0.114959709 0.237213150
vt 0.571289062 0.670898438
vn -0.908161998 -0.007897082 0.418544382
v 0.368896514 0.097656250 0.232177749
vt 0.569335938 0.678955078
vn -0.943741620 0.015729001 0.330309689
vt 0.587646484 0.638183594
vt 0.579101562 0.636962891
v 0.377166778 0.099548340 0.240661636
vt 0.563232422 0.675537109
vn -0.197611347 0.015808951 0.980152965
v 0.380828887 0.094528198 0.241592422
vt 0.559570312 0.677734375
vn -0.667102754 0.211903244 0.714192510
vt 0.571777344 0.643798828
v 0.403656036 0.109939568 0.240905762
vt 0.552490234 0.666992188
vn -0.023603633 0.031471729 0.999225974
v 0.401184112 0.096038818 0.244232178
vt 0.550781250 0.672363281
vn 0.007906224 0.838056087 0.545526981
vt 0.562988281 0.635009766
vt 0.568359375 0.623046875
v 0.409088165 0.106636040 0.241668701
vt 0.549560547 0.667480469
vn 0.015744258 0.015744170 0.999752104
v 0.412231475 0.094177246 0.242095947
vt 0.544921875 0.669433594
vn 0.102508552 0.749100566 0.654477239
v 0.430236846 0.094741821 0.241210938
vt 0.539794922 0.665527344
vn 0.543357730 0.244117245 0.803224206
vt 0.553955078 0.631347656
vt 0.560546875 0.625976562
vt 0.128173828 0.096679688
v 0.369323760 0.126800537 0.181472793
vt 0.120117188 0.105957031
vn -0.996239424 0.007844358 -0.086288318
vt 0.102050781 0.096191406
vt 0.131103516 0.098144531
vt 0.149658203 0.092529297
vt 0.076904297 0.110351562
vt 0.161132812 0.096191406
v 0.370269805 0.147224426 0.170333877
vt 0.129882812 0.107421875
vn -0.881370902 0.015738705 -0.472162843
v 0.370025665 0.086395249 0.169815078
vt 0.106933594 0.116699219
vn -0.881452799 0.007870055 -0.472206712
vt 0.082763672 0.120849609
v 0.370391876 0.121391289 0.169799820
vt 0.120117188 0.112060547
vn -0.718834519 0.007899216 -0.695136428
v 0.377136260 0.140747070 0.167511001
vt 0.128662109 0.111328125
vn -0.188550323 0.007856206 -0.982032180
v 0.386810333 0.217129707 0.167083755
vt 0.157958984 0.101806641
vn -0.899284244 0.055219147 -0.433865070
v 0.387664825 0.167911530 0.166931167
vt 0.139404297 0.111572266
vn -0.211962134 -0.086354949 -0.973455131
v 0.380249053 0.085861191 0.165985122
vt 0.110351562 0.123535156
vn -0.559714973 0.165549412 -0.811980665
v 0.379974395 0.050720200 0.165985137
vt 0.098632812 0.127929688
vn -0.990898132 -0.015728589 -0.133692458
v 0.381347686 0.040039048 0.166763335
vt 0.096435547 0.129394531
vn -0.409398139 -0.708573639 -0.574731827
vt 0.075439453 0.124267578
v 0.403900176 0.037963852 0.166687027
vt 0.084472656 0.136962891
vn -0.055358969 -0.648489952 -0.759207726
vt 0.072265625 0.130371094
v 0.385314971 0.038177475 0.110427871
vt 0.089843750 0.152832031
vn -0.070686631 -0.997467637 0.007854129
vt 0.025634766 0.462890625
vt 0.041992188 0.483886719
vt 0.039550781 0.496093750
vt 0.017089844 0.476562500
vt 0.033203125 0.498779297
v 0.374877900 0.232637867 -0.158233628
vt 0.049316406 0.961914062
vn 0.314570934 -0.353892148 0.880798280
vt 0.043945312 0.962890625
vt 0.048583984 0.959716797
vt 0.043457031 0.975585938
v 0.380981416 0.248685822 -0.158660874
vt 0.052734375 0.969726562
vn -0.725399554 -0.678090990 0.118271805
v 0.403289765 0.230419382 -0.160385132
vt 0.059082031 0.954101562
vn 0.000000138 -0.290225089 0.956958413
vt 0.050292969 0.951416016
v 0.412628144 0.223598942 -0.160430908
vt 0.060791016 0.946533203
vn 0.251656741 0.754970074 0.605548799
v 0.388030976 0.246570572 -0.158813462
vt 0.056396484 0.967529297
vn -0.015744010 -0.763590217 0.645509243
v 0.387847871 0.246398911 -0.136520371
vt 0.059814453 0.978271484
vn -0.894179583 -0.023531100 -0.447089642
vt 0.073730469 0.972900391
vt 0.074707031 0.959716797
vt 0.082519531 0.979003906
v 0.424926728 0.232644066 -0.157638550
vt 0.069091797 0.953857422
vn 0.015687494 -0.086280443 0.996147394
vt 0.070556641 0.950439453
vt 0.064697266 0.943603516
v 0.442810029 0.231426939 -0.160308838
vt 0.073242188 0.945800781
vn 0.705345750 -0.070534497 0.705345511
vt 0.071777344 0.945556641
vt 0.076660156 0.290039062
v 0.380310088 0.044097900 0.242095977
vt 0.052734375 0.291992188
vn -0.330493480 -0.118033417 0.936398625
vt 0.062988281 0.287841797
vt 0.048095703 0.278320312
vt 0.041259766 0.273193359
v 0.403656036 0.003540039 0.240585342
vt 0.073242188 0.301757812
vn 0.007858331 -0.062865533 0.997991085
vt 0.075195312 0.302734375
v 0.435211211 0.001342773 0.241607681
vt 0.073486328 0.317138672
vn 0.039497767 -0.315980971 0.947943091
v 0.406158477 0.043075562 0.240554824
vt 0.056640625 0.304443359
v 0.390411407 0.043243408 0.255615234
vt 0.050048828 0.298095703
vn -0.204698980 -0.936891794 0.283429503
v 0.429901153 0.044921875 0.241668716
vt 0.052001953 0.314697266
vn 0.424631357 -0.267360330 0.864989519
v 0.404693633 0.043624878 0.258026123
vt 0.049072266 0.304931641
v 0.429382354 0.045227051 0.257141113
vt 0.047119141 0.316406250
vn 0.497546047 -0.473853230 0.726574957
vt 0.552001953 0.854248047
v 0.378295869 0.003921479 -0.235229462
vt 0.559082031 0.854736328
vn -0.054973569 -0.133506984 -0.989522040
vt 0.559814453 0.858398438
vt 0.548339844 0.850341797
v 0.406982392 0.043197602 -0.233871445
vt 0.554931641 0.837646484
vn 0.015761612 -0.346757889 -0.937822342
v 0.405731171 0.000503510 -0.233367905
vt 0.568359375 0.843994141
vn -0.007905531 -0.569192231 -0.822166502
v 0.381317109 0.043502778 -0.234832734
vt 0.545898438 0.846191406
vn -0.692849040 -0.377917677 -0.614116013
v 0.430175751 0.043548554 -0.235244736
vt 0.559326172 0.826416016
vn 0.196893007 -0.086633019 -0.976589918
v 0.442199677 0.003341645 -0.234680161
vt 0.573486328 0.827636719
vn 0.559332550 -0.126046807 -0.819304228
v 0.437896699 0.056472749 -0.232879624
vt 0.553955078 0.819824219
vn 0.465839386 0.031582322 -0.884305596
v 0.430206269 0.090438813 -0.235153198
vt 0.534667969 0.808837891
vn 0.940366268 -0.015804451 -0.339796364
v 0.430664033 0.044067353 -0.247451767
vt 0.555175781 0.826904297
vn 0.604186416 -0.721885085 -0.337402850
v 0.381042451 0.043457001 -0.246841401
vt 0.545166016 0.843261719
vn -0.710270643 -0.662919283 -0.236756772
v 0.381286591 0.092468232 -0.234863266
vt 0.525390625 0.841552734
vn -0.786840796 0.204578534 -0.582262099
v 0.430480927 0.070999116 -0.248092651
vt 0.543457031 0.819824219
vn 0.940219522 0.023703041 -0.339743316
vt 0.527587891 0.845947266
v 0.428436249 0.091949433 -0.249786377
vt 0.534667969 0.816162109
vn 0.299770594 0.473322153 -0.828313887
v 0.425750703 0.050064057 -0.250762939
vt 0.551513672 0.826904297
vn 0.117687672 -0.094150268 -0.988577425
v 0.386413544 0.047149628 -0.250274658
vt 0.544433594 0.840087891
vn -0.150086418 -0.134287775 -0.979510546
v 0.381195039 0.083877534 -0.246871933
vt 0.531005859 0.838134766
vn -0.891478956 0.055224299 -0.449683934
v 0.385436982 0.092834443 -0.249786362
vt 0.529296875 0.835205078
vn -0.250697315 0.391714364 -0.885274470
v 0.401702851 0.058532685 -0.251190186
vt 0.543212891 0.832763672
v 0.416442841 0.067123383 -0.250885010
vt 0.542724609 0.825927734
v 0.403472871 0.077102631 -0.251556396
vt 0.536621094 0.829589844
vn -0.023603896 0.031471640 -0.999225974
v 0.401855439 0.093261689 -0.249740601
vt 0.530517578 0.828369141
vn 0.031541921 0.559871435 -0.827979028
v 0.400787324 0.094055146 -0.236679077
vt 0.525146484 0.830078125
vn -0.023550736 0.682967544 -0.730068922
v 0.408966035 0.093658417 -0.235290527
vt 0.525390625 0.825927734
vn 0.031424895 0.353531599 -0.934894681
v 0.433410615 0.093490571 -0.234588623
vt 0.528808594 0.815185547
vn 0.385623515 0.133787766 -0.912904978
v 0.434082001 0.157287583 -0.233825684
vt 0.508544922 0.814208984
vn 0.363196790 0.007895560 -0.931679070
v 0.405609101 0.109725930 -0.234817505
vt 0.520019531 0.828125000
v 0.404968232 0.120742775 -0.234878540
vt 0.516113281 0.829345703
vn 0.015743995 0.015744084 -0.999752104
v 0.394592255 0.106986977 -0.235549912
vt 0.520507812 0.833251953
vn -0.015741821 0.023612490 -0.999597251
v 0.384918183 0.161987275 -0.234405503
vt 0.501708984 0.837646484
v 0.378784150 0.098495454 -0.234725937
vt 0.522216797 0.840087891
vn -0.369987130 0.015744070 -0.928903461
vt 0.501464844 0.843017578
vt 0.521484375 0.846435547
vt 0.806640625 0.639892578
v 0.379974365 0.043502793 0.044536609
vt 0.825683594 0.645263672
vn -0.734106243 -0.205234021 0.647276700
vt 0.824218750 0.646728516
v 0.385040283 0.037933335 0.044616714
vt 0.828125000 0.644531250
vn -0.086772971 -0.986057103 0.141992271
vt 0.827392578 0.642822266
v 0.388397217 0.037902817 0.042232528
vt 0.830566406 0.641357422
vn 0.094797306 -0.995371222 0.015799573
vt 0.813476562 0.634277344
v 0.426910430 0.038131699 0.074951179
vt 0.848876953 0.650146484
vn 0.062867567 -0.998021960 0.000000035
v 0.407104492 0.038207993 -0.008847222
vt 0.843505859 0.615234375
vn 0.039339650 -0.999225974 0.000000039
vt 0.844726562 0.673339844
vt 0.854492188 0.698974609
v 0.381011993 0.040176377 0.103637710
vt 0.840087891 0.671875000
v 0.381652862 0.040618882 0.055389423
vt 0.829345703 0.650390625
vn -0.741630375 -0.670623243 -0.015779242
v 0.381652862 0.040618882 0.054538745
vt 0.829101562 0.649902344
vn -0.741699576 -0.670685828 -0.007890295
v 0.381652862 0.040618882 0.053688068
vt 0.828857422 0.649414062
vn -0.739859402 -0.669021845 -0.070837468
vt 0.824951172 0.922119141
vt 0.790527344 0.922119141
vt 0.822753906 0.916992188
v 0.393859833 0.215616196 -0.234664902
vt 0.797851562 0.912841797
vn -0.015741820 -0.023612576 -0.999597251
vt 0.786132812 0.910888672
v 0.404968232 0.188137025 -0.234008789
vt 0.810058594 0.906250000
vn 0.007873640 -0.000000043 -0.999969006
vt 0.841308594 0.902832031
vt 0.821044922 0.888183594
v 0.422485322 0.181785554 -0.234283447
vt 0.810058594 0.896972656
vt 0.787353516 0.896972656
v 0.411346406 0.216445893 -0.235244751
vt 0.796142578 0.905029297
v 0.400054902 0.213675469 -0.237731934
vt 0.795654297 0.909912109
vn -0.031456240 -0.039320178 -0.998731434
v 0.405487031 0.000656098 -0.202560410
vt 0.504394531 0.173095703
vt 0.490966797 0.162109375
vt 0.505371094 0.158447266
vt 0.494140625 0.157226562
v 0.407043457 0.000793442 -0.163421616
vt 0.504638672 0.192138672
vt 0.490478516 0.198242188
v 0.438507050 0.000442475 -0.227157578
vt 0.518066406 0.163574219
vn 0.086280532 -0.996147394 -0.015687330
vt 0.494628906 0.200439453
vt 0.519531250 0.159667969
v 0.408569336 0.003326401 -0.159591660
vt 0.506103516 0.195068359
vt 0.510742188 0.205322266
v 0.420593262 0.037857041 -0.159469590
vt 0.519531250 0.200439453
vn 0.039497759 -0.568765759 0.821550608
v 0.424926758 0.000839218 -0.160034165
vt 0.512207031 0.193359375
vn 0.023689080 -0.805424929 0.592224300
v 0.436706543 0.034301743 -0.159744248
vt 0.524658203 0.197509766
vn 0.434514731 -0.007900207 0.900630176
v 0.430419922 0.039154038 -0.159301743
vt 0.523193359 0.199218750
vn 0.677333415 -0.708837271 0.196899191
v 0.441772461 0.000823960 -0.161819443
vt 0.518554688 0.189453125
vn 0.776787281 -0.541397095 0.321699709
v 0.442291260 0.032379135 -0.166336045
vt 0.527587891 0.194335938
vn 0.943391562 0.031446438 0.330186903
v 0.440734833 0.088821396 -0.168228149
vt 0.550537109 0.199218750
vn 0.912481129 0.007866275 0.409043133
v 0.442199707 0.005020112 -0.186141953
vt 0.520263672 0.179687500
vn 0.997467637 -0.070686631 -0.007854204
v 0.441741943 0.042983979 -0.175018296
vt 0.530761719 0.191162109
vn 0.981759489 -0.117811091 0.149227321
v 0.441711396 0.004028291 -0.208465561
vt 0.522460938 0.170410156
v 0.441253632 0.095382661 -0.174484253
vt 0.552734375 0.195068359
vn 0.680293798 0.229401439 0.696114480
v 0.441314667 0.131210312 -0.165832520
vt 0.563964844 0.203613281
vn 0.992003083 -0.007872991 0.125968516
v 0.441345185 0.043182343 -0.217742905
vt 0.536132812 0.168701172
vn 0.872286856 -0.345771402 -0.345771492
v 0.441345185 0.043655366 -0.228317246
vt 0.536376953 0.164550781
vn 0.995371222 0.015799582 -0.094797388
vt 0.541503906 0.163085938
v 0.455718964 0.044021577 -0.176147446
vt 0.536621094 0.188720703
vn 0.683747768 -0.479409277 0.550141692
v 0.441040009 0.094696015 -0.218582153
vt 0.556152344 0.169433594
vn 0.834930420 0.086643741 -0.543492556
v 0.440277070 0.081222504 -0.231292725
vt 0.551757812 0.164550781
vn 0.899956346 0.039471794 -0.434189618
vt 0.557861328 0.161132812
vt 0.556396484 0.160644531
vt 0.560302734 0.157470703
v 0.440490693 0.120285019 -0.223526001
vt 0.566162109 0.164550781
vn 0.965813100 0.007852170 -0.259120703
vt 0.577392578 0.162841797
v 0.441528291 0.144096360 -0.205017090
vt 0.580078125 0.175781250
vn 0.999752104 -0.015744084 0.015743997
v 0.442382783 0.180313095 -0.204956055
vt 0.589599609 0.174804688
vn 0.999194920 -0.007867634 -0.039338514
v 0.440887421 0.095794648 -0.207427979
vt 0.562988281 0.175781250
vn 0.983459711 0.180956617 0.007867540
v 0.441223115 0.194416031 -0.186706543
vt 0.589355469 0.190429688
v 0.455322236 0.095169038 -0.217147827
vt 0.555908203 0.174316406
vn 0.630077481 0.590697765 -0.504062116
v 0.440673798 0.095657319 -0.185470581
vt 0.557373047 0.187500000
vn 0.993852854 0.110428140 -0.007887856
v 0.456146210 0.095352143 -0.198745728
vt 0.555908203 0.180664062
vn 0.827130735 0.559297919 0.055141911
v 0.456298798 0.083938569 -0.177856445
vt 0.549072266 0.189453125
vn 0.808969915 0.227768287 0.541931152
v 0.455718964 0.071197480 -0.217712402
vt 0.547363281 0.174072266
vn 0.781614065 -0.007895085 -0.623712420
v 0.454284638 0.045776337 -0.216796860
vt 0.540039062 0.174560547
vn 0.863150060 -0.423728198 -0.274638742
v 0.458282441 0.072463959 -0.190109253
vt 0.546875000 0.185546875
vn 0.998607934 0.047178373 0.023589032
v 0.456603974 0.058105439 -0.193023682
vt 0.541748047 0.183349609
vn 0.987132728 -0.150044128 -0.055279553
v 0.459869355 0.064254731 -0.202362061
vt 0.544677734 0.180664062
vn 0.990989983 -0.102244958 -0.086515121
vt 0.460937500 0.211425781
v 0.380493194 0.084167466 0.072799698
vt 0.454345703 0.175292969
vt 0.468750000 0.165039062
vt 0.474365234 0.190673828
vt 0.471435547 0.164062500
vt 0.464355469 0.215332031
vt 0.460937500 0.164794922
vt 0.457031250 0.165283203
vt 0.454589844 0.163818359
v 0.380920410 0.083206162 0.036579151
vt 0.452880859 0.162841797
vn -0.824728906 0.565528274 0.000000083
vt 0.461181641 0.156005859
v 0.380065948 0.082046494 0.124710098
vt 0.451416016 0.196044922
vn -0.969646931 0.244382516 -0.007883192
vt 0.447265625 0.210937500
v 0.386230469 0.087005600 0.032627121
vt 0.450683594 0.162109375
vn -0.165678278 0.986179948 -0.000000021
v 0.380920410 0.084533677 -0.005854114
vt 0.457519531 0.150878906
vn -0.784657776 0.619879603 0.007846654
v 0.387512237 0.086517319 0.146606460
vt 0.445800781 0.203613281
vn -0.236926690 0.971399188 -0.015795119
v 0.386383086 0.086746201 0.111503616
vt 0.448730469 0.190185547
vn -0.212750241 0.977074921 0.007879621
v 0.392242461 0.086822495 0.167709365
vt 0.443115234 0.210937500
vn 0.062818915 0.180604726 -0.981547654
v 0.398101836 0.087173447 0.078247085
vt 0.443847656 0.177978516
v 0.400695801 0.086990342 0.014361396
vt 0.443115234 0.154785156
v 0.394409209 0.086502060 0.153121963
vt 0.442626953 0.205810547
vn -0.031480499 0.999504447 -0.000000040
v 0.394256622 0.086502060 0.154815689
vt 0.442871094 0.207275391
vn -0.078458570 0.996423304 -0.031383444
v 0.394409209 0.086502060 0.153976455
vt 0.442626953 0.206542969
vn -0.086288497 0.996239424 -0.007844437
v 0.404327422 0.088058457 0.154281616
vt 0.437988281 0.206298828
vn -0.070634469 0.996730208 -0.039241381
v 0.406921417 0.087905869 0.168212891
vt 0.436035156 0.211914062
vn -0.031527493 0.323155344 -0.945820630
v 0.414459258 0.087310776 0.139984131
vt 0.434082031 0.200195312
v 0.421142608 0.089508042 0.167327881
vt 0.431884766 0.211914062
vn -0.063041136 0.267924219 -0.961375296
v 0.414520293 0.086608872 0.075569168
vt 0.435058594 0.176025391
v 0.411743164 0.086639389 0.001583946
vt 0.437500000 0.149414062
v 0.427703857 0.087020859 0.020881662
vt 0.427978516 0.156494141
vn 0.227726012 0.973725259 -0.000000072
v 0.427307159 0.087371811 0.147720337
vt 0.428710938 0.204345703
vn 0.125874996 0.991266012 -0.039336011
v 0.430664092 0.087905869 0.166595459
vt 0.426757812 0.210693359
vn 0.409131765 0.118018799 -0.904810965
v 0.426971465 0.086761460 0.104225166
vt 0.428466797 0.187744141
vn 0.125956878 0.991910815 -0.015744675
v 0.428680450 0.086242661 0.067871101
vt 0.427734375 0.173583984
vn 0.386294097 0.922375739 -0.000000091
v 0.431457520 0.082382187 0.037658703
vt 0.424316406 0.161865234
vn 0.986179948 0.165678278 -0.000000137
v 0.431121856 0.084930405 0.124046333
vt 0.426269531 0.196044922
vn 0.967754185 0.251773477 -0.007868058
v 0.430664092 0.066192612 0.165985107
vt 0.416992188 0.210937500
vn 0.992988288 0.000000038 -0.118213020
v 0.431091338 0.083663926 0.101135261
vt 0.425781250 0.187011719
vn 0.980275512 0.197636232 -0.000000137
v 0.431579590 0.080596909 0.062149059
vt 0.424316406 0.172363281
v 0.431213379 0.062255844 0.017404567
vt 0.411376953 0.158691406
vn 0.999876022 0.015746122 -0.000000132
v 0.431030303 0.049880967 0.166168228
vt 0.404541016 0.208740234
vn 0.998391926 -0.031445373 -0.047168255
v 0.431549072 0.043899521 0.026641857
vt 0.396240234 0.159179688
vn 0.980275512 -0.197636142 -0.000000120
v 0.429412872 0.038864121 0.112335213
vt 0.395263672 0.191406250
vn 0.623731792 -0.781638443 -0.000000048
v 0.430450469 0.038818344 0.166839615
vt 0.402343750 0.214599609
vn 0.355157346 -0.607713878 -0.710314870
v 0.407653838 0.037750229 0.165756240
vt 0.394287109 0.216796875
vn 0.015761716 -0.937822342 -0.346757829
vt 0.388671875 0.177246094
v 0.426696777 0.038009629 0.002708686
vt 0.396240234 0.150878906
vn 0.236948848 -0.971490085 -0.007898282
v 0.391082793 0.038024887 0.112998977
vt 0.375976562 0.197265625
vt 0.372314453 0.196777344
vt 0.394042969 0.218750000
vt 0.246093750 0.189697266
vt 0.242187500 0.198730469
v 0.379302979 0.052917466 -0.031932812
vt 0.234130859 0.189697266
v 0.380828857 0.040679917 -0.046051007
vt 0.231689453 0.181884766
vn -0.878195107 -0.478302717 0.000000136
vt 0.248291016 0.186035156
v 0.379974365 0.064407334 -0.070388779
vt 0.218750000 0.193359375
v 0.385528564 0.037796006 -0.068275437
vt 0.225585938 0.176025391
v 0.380615234 0.041061386 -0.120544419
vt 0.204101562 0.173828125
vn -0.946261644 -0.323306084 -0.007885375
vt 0.250244141 0.177246094
vt 0.265380859 0.178955078
v 0.379882812 0.052597031 -0.120140061
vt 0.202636719 0.179443359
v 0.425354004 0.037918076 -0.119003281
vt 0.212402344 0.156250000
vn 0.062865622 -0.997991085 0.007858233
v 0.429412842 0.039657578 -0.042030323
vt 0.248046875 0.167968750
vn 0.481615663 -0.876382530 -0.000000025
v 0.431213379 0.039901718 -0.110847466
vt 0.215087891 0.154296875
vn 0.881479979 -0.472221404 -0.000000095
v 0.431182861 0.042266831 -0.138290390
vt 0.205078125 0.152099609
vn 0.988790512 -0.149103284 -0.007847667
vt 0.194580078 0.150634766
vt 0.193359375 0.154541016
vt 0.191406250 0.165039062
v 0.384857178 0.038497910 -0.123954758
vt 0.203369141 0.171386719
vn -0.323306024 -0.946261644 -0.007885430
vt 0.189941406 0.170410156
v 0.380187988 0.044433579 -0.136413544
vt 0.197509766 0.174560547
vn -0.978717029 -0.205214888 0.000000137
vt 0.189453125 0.179687500
v 0.380157471 0.067932114 -0.141052231
vt 0.195312500 0.186279297
vn -0.999721229 0.023615420 0.000000130
vt 0.186523438 0.190917969
v 0.380187988 0.073074326 -0.099601731
vt 0.208740234 0.196777344
v 0.380432129 0.083785996 -0.112884507
vt 0.202636719 0.197021484
vn -0.929018736 0.370032847 0.000000106
v 0.380523682 0.082870468 -0.026863083
vt 0.231933594 0.206787109
vn -0.973695278 0.227719009 -0.007852264
v 0.380981445 0.083251938 -0.089286789
vt 0.210205078 0.202392578
vn -0.954028547 0.299612254 0.007884645
vt 0.242675781 0.202880859
v 0.384582520 0.086746201 -0.083885178
vt 0.210449219 0.205322266
vn -0.227726102 0.973725259 -0.000000013
v 0.387542725 0.086730942 -0.134048447
vt 0.195068359 0.196777344
vn -0.125972584 0.992033720 -0.000000027
vt 0.153564453 0.197753906
vt 0.153808594 0.194580078
vt 0.240966797 0.209472656
vt 0.243652344 0.205078125
vt 0.251953125 0.206298828
v 0.384826660 0.086807236 -0.025747284
vt 0.231933594 0.210449219
vn -0.110431567 0.993883729 -0.000000029
vt 0.254882812 0.216796875
v 0.404296875 0.086791977 -0.090812668
vt 0.205810547 0.211914062
v 0.399322510 0.086715683 -0.004190431
vt 0.237304688 0.218750000
vt 0.242675781 0.223144531
v 0.403442383 0.090454087 0.003895534
vt 0.239257812 0.222167969
vt 0.237548828 0.224609375
v 0.426696777 0.087051377 -0.083633415
vt 0.205566406 0.221191406
vn 0.086970754 0.996210933 -0.000000055
vt 0.243652344 0.232666016
v 0.431030273 0.083511338 -0.076728813
vt 0.206787109 0.224365234
vn 0.971520424 0.236956254 -0.000000138
vt 0.247558594 0.238281250
v 0.425170898 0.087249741 -0.159820557
vt 0.178466797 0.207275391
vn 0.149117172 0.729889035 0.667102814
v 0.431060791 0.083267197 -0.158569336
vt 0.178955078 0.210937500
vn 0.984954536 0.118194602 0.126074046
v 0.405487061 0.087432846 -0.143554688
vt 0.189208984 0.203125000
vn -0.015728567 0.990898132 0.133692548
vt 0.160644531 0.212402344
vt 0.152099609 0.206298828
v 0.405059785 0.102142319 -0.160949707
vt 0.177246094 0.199707031
vn -0.007844277 0.086288489 0.996239305
vt 0.153808594 0.201904297
v 0.400848389 0.086761460 -0.160247803
vt 0.185791016 0.198242188
vn -0.283359170 0.897304177 0.338456810
v 0.391693085 0.087722763 -0.160476670
vt 0.182617188 0.194580078
vn -0.007883192 0.244382605 0.969646931
v 0.402191132 0.099960312 -0.156829834
vt 0.181884766 0.197509766
vn -0.015728412 0.047185671 0.998762369
v 0.382171661 0.053527832 0.257720947
vt 0.900390625 0.955078125
vn -0.400681376 -0.094277978 0.911354065
v 0.381256133 0.073333740 0.253570557
vt 0.898681641 0.963623047
vt 0.891357422 0.950927734
vt 0.895263672 0.975830078
vt 0.902587891 0.950683594
v 0.380981475 0.094833374 0.254028320
vt 0.900390625 0.972900391
vn -0.423376441 0.831072271 0.360654026
vt 0.907226562 0.978271484
vt 0.911132812 0.950439453
v 0.412261993 0.093338013 0.256317139
vt 0.912597656 0.972900391
vn 0.023603803 0.818263769 0.574358225
vt 0.914794922 0.977783203
v 0.388641387 0.092178345 0.257598877
vt 0.903076172 0.970947266
vn -0.149485752 0.102279842 0.983459711
vt 0.924072266 0.976074219
v 0.399200469 0.071594238 0.258087158
vt 0.907470703 0.962402344
vn -0.031480324 0.000000042 0.999504447
v 0.410949737 0.076736450 0.258544922
vt 0.912353516 0.965332031
vn 0.015715068 0.062859803 0.997898698
v 0.429443389 0.093795776 0.256561279
vt 0.919189453 0.970703125
vn 0.354539752 0.259995788 0.898167014
v 0.413116485 0.059158325 0.258605957
vt 0.914062500 0.958007812
v 0.429412872 0.068557739 0.257354736
vt 0.921875000 0.960449219
vn 0.795226455 -0.007873468 0.606261551
vt 0.929199219 0.951171875
vt 0.922363281 0.949951172
vt 0.442138672 0.773925781
vt 0.473144531 0.746826172
v 0.381683350 0.248464569 -0.050605763
vt 0.456542969 0.769287109
vn -0.909531295 -0.415561765 0.007840926
vt 0.492919922 0.752685547
v 0.387023926 0.247116074 -0.035339348
vt 0.449462891 0.775146484
vn -0.157985523 -0.987409830 0.007899342
v 0.390411377 0.246273026 0.028902063
vt 0.419677734 0.787353516
vn -0.141421303 -0.989949524 0.000000062
vt 0.444335938 0.783691406
v 0.387145996 0.246835694 -0.089302056
vt 0.472167969 0.770263672
vn -0.251656592 -0.967305303 0.031457156
vt 0.490234375 0.761230469
v 0.387359619 0.238532051 -0.095680229
vt 0.477294922 0.772705078
vn -0.723177433 -0.455916256 0.518801391
v 0.399047852 0.246847138 -0.089294426
vt 0.473388672 0.777587891
vn -0.007887663 -0.993852854 0.110428140
vt 0.475585938 0.788574219
v 0.382476807 0.248777375 0.066772468
vt 0.817871094 0.720703125
vn -0.691222608 -0.722641885 0.000000122
vt 0.826416016 0.719726562
vt 0.830810547 0.759765625
vt 0.814941406 0.701416016
vt 0.815917969 0.742919922
v 0.387329102 0.246828064 0.095687874
vt 0.810058594 0.706054688
vn -0.488841057 -0.859414160 -0.149806038
v 0.386932373 0.246723175 0.117218025
vt 0.814941406 0.693847656
vn -0.987409830 -0.157985613 -0.007899142
vt 0.833496094 0.671875000
v 0.387359649 0.219922066 0.119918831
vt 0.803710938 0.687255859
vn -0.432401240 -0.605361640 -0.668256283
v 0.399047852 0.246459946 0.095031746
vt 0.802978516 0.707763672
vn 0.007892649 -0.978686512 -0.205208406
vt 0.799316406 0.770019531
vt 0.790039062 0.738281250
v 0.419494659 0.223169327 0.118835457
vt 0.787597656 0.690673828
vn 0.655640066 -0.505553842 -0.560848832
v 0.418914825 0.213861465 0.125411987
vt 0.787353516 0.684814453
vn 0.086418770 -0.659925640 -0.746344447
v 0.419189453 0.246765137 0.095314033
vt 0.785888672 0.706298828
vn 0.361354440 -0.919097006 -0.157110602
v 0.425964385 0.246957779 0.120246895
vt 0.776367188 0.697021484
vn 0.313863099 -0.949435830 -0.007846576
v 0.419586211 0.246522903 0.139541626
vt 0.774414062 0.688232422
vn 0.974958539 -0.220151886 0.031450160
vt 0.924316406 0.092773438
vt 0.914306641 0.080566406
v 0.386749297 0.197799683 0.150543228
vt 0.935058594 0.084472656
vn -0.999225974 -0.031471729 -0.023603631
vt 0.925537109 0.072265625
v 0.388488799 0.188266754 0.148941055
vt 0.938964844 0.082763672
vn -0.125980407 -0.669270635 -0.732260764
vt 0.935546875 0.062988281
v 0.419372588 0.189823151 0.147262573
vt 0.947021484 0.072998047
vn 0.495663613 -0.590075791 -0.637281895
v 0.387390167 0.246795654 0.143417373
vt 0.909423828 0.085205078
vn -0.567421794 -0.638349652 0.520136833
vt 0.904785156 0.083251953
v 0.394653350 0.224195480 0.166809097
vt 0.922363281 0.095214844
vn -0.086394973 0.243476316 -0.966051340
vt 0.928955078 0.096435547
v 0.399902374 0.231910944 0.158248901
vt 0.916748047 0.094238281
vn 0.023694942 0.710846424 0.702948034
v 0.414642364 0.246637344 0.143432617
vt 0.906738281 0.095703125
vn 0.109784618 0.164676800 0.980218768
v 0.420013458 0.222604275 0.166595459
vt 0.918212891 0.103759766
vn 0.926952541 0.353498906 0.125688344
vt 0.904785156 0.097656250
v 0.420227081 0.209182739 0.136795044
vt 0.906738281 0.112792969
vn 0.999690175 -0.007871534 -0.023614859
vt 0.898925781 0.108886719
v 0.420043975 0.195137024 0.167465210
vt 0.917236328 0.115234375
vn 0.834232032 -0.023610329 -0.550908029
vt 0.902099609 0.112792969
vt 0.911621094 0.120605469
vt 0.986572266 0.270019531
vn -0.023689041 0.971247733 -0.236889735
vt 0.983886719 0.267333984
v 0.404449463 0.299926758 -0.062328335
vt 0.998291016 0.267333984
vt 0.071777344 0.354980469
vt 0.086669922 0.346435547
vt 0.076171875 0.375000000
vt 0.065429688 0.348144531
vt 0.058349609 0.352050781
v 0.420104980 0.229751214 -0.104797356
vt 0.075439453 0.334716797
vn 0.526304364 -0.581291258 0.620567620
vt 0.085693359 0.329589844
vt 0.059326172 0.341552734
vt 0.074951172 0.325195312
vt 0.057128906 0.337646484
vt 0.181396484 0.120605469
vt 0.197753906 0.116699219
vt 0.197021484 0.123046875
vt 0.194580078 0.124511719
vt 0.149169922 0.113525391
vt 0.148681641 0.118164062
v 0.405365020 0.166538239 0.168182373
vt 0.178466797 0.130859375
vt 0.147216797 0.124023438
vt 0.147705078 0.130126953
v 0.418609649 0.167774200 0.167205811
vt 0.176269531 0.139648438
vn 0.156931445 -0.321709722 -0.933742762
vt 0.188720703 0.142822266
vt 0.182861328 0.148437500
v 0.424713165 0.142173767 0.166915894
vt 0.167724609 0.144775391
vn -0.015746210 -0.000000044 -0.999876022
v 0.429931670 0.230342388 0.166793823
vt 0.185546875 0.162353516
vn 0.047189869 -0.007865041 -0.998854995
vt 0.146972656 0.131835938
v 0.436706573 0.181335449 0.167434692
vt 0.173583984 0.159912109
vn 0.323315978 -0.000000027 -0.946291089
v 0.443023711 0.097442612 0.170150757
vt 0.141845703 0.139160156
vn 0.892729819 0.015800547 -0.450315177
v 0.441497833 0.084014878 0.166534424
vt 0.141357422 0.134033203
vn 0.227550596 0.039232854 -0.972975612
v 0.441833526 0.189449310 0.173995972
vt 0.170898438 0.164794922
vn 0.988790512 0.007847581 -0.149103463
v 0.442749053 0.143890381 0.179779053
vt 0.152099609 0.155761719
vn 0.998361051 0.015722262 -0.055027906
v 0.443542510 0.095932007 0.182083130
vt 0.137695312 0.142333984
vn 0.944179714 0.212440476 -0.251781374
v 0.443634063 0.152107239 0.193359375
vt 0.149658203 0.162841797
v 0.441436797 0.188690186 0.196640015
vt 0.161621094 0.171875000
vn 0.999938011 0.007873571 -0.007873659
v 0.442901641 0.143089294 0.197402954
vt 0.145263672 0.164062500
vt 0.158691406 0.188964844
v 0.442077667 0.102142334 0.216033936
vt 0.128906250 0.153076172
vn 0.992864966 0.118198253 0.015759625
vt 0.144287109 0.178710938
v 0.443054229 0.108146667 0.235382080
vt 0.123046875 0.160644531
vn 0.996210933 0.000000047 0.086970672
v 0.442901641 0.093856812 0.224792480
vt 0.124511719 0.153808594
vn 0.887428522 0.070680201 0.455494136
v 0.442688018 0.093521118 0.233505249
vt 0.121582031 0.155517578
vn 0.858853757 0.007879451 0.512160301
v 0.436523467 0.117424011 0.240478516
vt 0.118408203 0.164306641
vn 0.527150810 0.007867982 0.849735439
v 0.443023711 0.140380859 0.233428955
vt 0.129882812 0.169921875
vn 0.940483809 0.000000056 0.339838535
v 0.442382842 0.173389435 0.237640381
vt 0.134521484 0.180908203
vn 0.741699696 0.007890483 0.670685709
vt 0.137451172 0.187988281
vt 0.130126953 0.188964844
v 0.435455352 0.136581421 0.240173340
vt 0.124511719 0.170898438
vn 0.165673181 0.007889243 0.986149132
vt 0.111328125 0.169921875
vt 0.112060547 0.163085938
vt 0.075439453 0.722656250
vt 0.058837891 0.711425781
vt 0.061279297 0.692871094
vt 0.055664062 0.694091797
v 0.402893037 0.226716265 -0.156204224
vt 0.051025391 0.697998047
vn -0.015710697 0.714831114 -0.699120641
vt 0.046142578 0.695800781
v 0.414154023 0.235898957 -0.146545410
vt 0.045654297 0.704101562
vn 0.117640607 0.682316124 -0.721529901
vt 0.043212891 0.711669922
vt 0.040771484 0.693603516
vt 0.048339844 0.588134766
vt 0.057861328 0.587890625
vt 0.057373047 0.595703125
v 0.430633575 0.247175217 0.166275024
vt 0.038330078 0.602783203
vn 0.455747247 -0.597186148 -0.660047889
vt 0.058837891 0.605712891
vt 0.047363281 0.610595703
vt 0.045654297 0.612060547
vt 0.042968750 0.620117188
v 0.431152344 0.251419067 0.112968445
vt 0.040771484 0.623535156
vn 0.993883729 -0.110431477 -0.000000126
v 0.431671172 0.277816772 0.164611816
vt 0.030761719 0.608886719
vn 0.995215952 -0.023695579 -0.094782598
vt 0.036132812 0.596435547
vt 0.038085938 0.590820312
vt 0.030761719 0.583740234
vt 0.987792969 0.218505859
vt 0.998046875 0.218505859
v 0.398345917 0.316574067 -0.303405762
vt 0.993164062 0.221923828
vn -0.701745391 0.063078165 -0.709629953
vt 0.995605469 0.228515625
v 0.407165498 0.310142487 -0.293975830
vt 0.989501953 0.229003906
vn -0.023568900 -0.062850103 -0.997744679
vt 0.989013672 0.234375000
vt 0.460693359 0.877685547
vt 0.445800781 0.884277344
vt 0.427001953 0.885498047
vt 0.452636719 0.885498047
vt 0.441650391 0.891357422
v 0.443542451 0.310295075 -0.293853760
vt 0.427001953 0.890625000
vn -0.023597321 0.039328605 -0.998947680
v 0.432556123 0.316863984 -0.292510986
vt 0.430908203 0.893798828
vn -0.023612665 0.015741644 -0.999597251
vt 0.426757812 0.900390625
v 0.462402314 0.321075410 -0.293609619
vt 0.415527344 0.891357422
vt 0.404541016 0.877441406
v 0.450714082 0.322090119 -0.293792725
vt 0.421875000 0.894287109
v 0.466278046 0.332450837 -0.294250488
vt 0.411132812 0.894775391
vn 0.015703173 0.227697954 -0.973605216
vt 0.397216797 0.889892578
vt 0.393798828 0.892822266
v 0.452606171 0.340034455 -0.291503906
vt 0.416992188 0.902343750
vn 0.023694783 0.900405407 -0.434406161
vt 0.429443359 0.918457031
vt 0.420410156 0.916748047
vt 0.927001953 0.270751953
vt 0.886474609 0.282714844
v 0.407409698 0.000534058 0.210632339
vt 0.911132812 0.274414062
v 0.443939239 0.000000000 0.217300430
vt 0.911865234 0.259277344
vn 0.710957348 -0.703057706 0.015798988
vt 0.925048828 0.257324219
v 0.406463653 0.001373276 0.167953506
vt 0.886962891 0.280517578
vn -0.015793195 -0.726484418 -0.687001407
vt 0.873779297 0.268554688
vt 0.874023438 0.267578125
v 0.429687530 0.000610337 0.166564956
vt 0.888916016 0.271484375
vn 0.039398108 -0.661889434 -0.748565376
vt 0.878173828 0.260498047
v 0.443389922 0.000076294 0.189941421
vt 0.898193359 0.264160156
vn 0.756093144 -0.653705418 -0.031503949
v 0.444244415 0.006957993 0.168014541
vt 0.889404297 0.264648438
vn 0.927897811 -0.172997877 -0.330268830
v 0.442688018 0.039123520 0.167465225
vt 0.879150391 0.254882812
vn 0.637084603 -0.000000006 -0.770793915
vt 0.874267578 0.255859375
vt 0.869628906 0.250244141
vt 0.871093750 0.237060547
vt 0.864746094 0.238769531
vt 0.870605469 0.230468750
v 0.442871124 0.043411255 0.181320205
vt 0.887451172 0.250488281
vn 0.964179695 -0.148938298 -0.219488204
vt 0.872558594 0.226562500
v 0.443573028 0.042770386 0.195648208
vt 0.894531250 0.248046875
vn 0.996179819 -0.086968035 -0.007906316
v 0.442535430 0.042617798 0.217636123
vt 0.905761719 0.243408203
vn 0.996086419 -0.086959884 0.015810767
v 0.450927764 0.042770386 0.215423599
vt 0.902343750 0.242187500
vn 0.361588836 -0.927553773 0.094327495
v 0.444183379 0.001815796 0.234954849
vt 0.919677734 0.255615234
vn 0.991051257 -0.094385780 0.094385713
v 0.443176299 0.046752930 0.224273697
vt 0.907958984 0.237792969
vn 0.857922137 -0.047225006 0.511604786
v 0.443664581 0.023345947 0.240615860
vt 0.919433594 0.245605469
vn 0.662383199 0.007885575 0.749123693
vt 0.923095703 0.234863281
v 0.456787139 0.046478271 0.191528335
vt 0.891601562 0.243896484
vn 0.908417046 -0.387064636 -0.157985672
v 0.435211211 0.090362549 0.241180420
vt 0.906982422 0.216796875
vn 0.379366815 0.031613946 0.924706221
vt 0.908203125 0.214355469
vt 0.906250000 0.206298828
vt 0.902587891 0.216308594
v 0.442779571 0.058883667 0.237518311
vt 0.911132812 0.231201172
vn 0.962541640 0.039448474 0.268249154
vt 0.899414062 0.217529297
v 0.456237823 0.050582886 0.223434463
vt 0.901855469 0.237304688
vn 0.925139785 -0.221400917 0.308379799
v 0.455566436 0.069030762 0.223526001
vt 0.899658203 0.230224609
vn 0.714566767 0.031409584 0.698861778
v 0.455566436 0.095291138 0.222045898
vt 0.895019531 0.219482422
vn 0.791505992 0.462364912 0.399671197
vt 0.891845703 0.214111328
v 0.457214385 0.075653076 0.208557129
vt 0.893310547 0.230224609
vn 0.996914387 0.047098365 0.062797621
v 0.458282501 0.059829712 0.202514648
vt 0.893066406 0.237060547
vn 0.999845147 -0.015745550 0.007872666
v 0.456817657 0.070556641 0.194656372
vt 0.888916016 0.234130859
vn 0.998731434 0.039320178 -0.031456240
v 0.456573516 0.091201782 0.184982300
vt 0.881103516 0.229003906
vn 0.993605554 0.047314592 -0.102514982
v 0.454559356 0.095077515 0.182037354
vt 0.878906250 0.228271484
vn 0.385206223 0.660353720 -0.644631028
v 0.454254180 0.056915283 0.181732193
vt 0.885986328 0.241455078
vn 0.423728108 -0.078468211 -0.902384162
vt 0.294921875 0.364013672
vt 0.317626953 0.379882812
vt 0.291015625 0.371582031
vt 0.278564453 0.364257812
vt 0.302246094 0.358886719
v 0.431488037 0.049957260 -0.046459187
vt 0.274902344 0.361328125
vt 0.255615234 0.375000000
vt 0.244140625 0.376464844
v 0.432647705 0.057495102 0.010370265
vt 0.294921875 0.354980469
vt 0.297607422 0.352539062
v 0.431304932 0.054397568 -0.159103379
vt 0.236328125 0.369384766
vn 0.999225974 0.000000045 0.039339475
vt 0.237304688 0.375732422
vt 0.235107422 0.379394531
v 0.431243896 0.064849839 -0.067153923
vt 0.268066406 0.356445312
vt 0.263916016 0.347900391
vt 0.303466797 0.342041016
vt 0.233642578 0.356689453
v 0.437561035 0.084396347 -0.158676147
vt 0.231201172 0.357666016
vn 0.690180302 0.054900754 0.721551895
vt 0.227294922 0.357177734
v 0.433044404 0.090194687 -0.160308838
vt 0.229492188 0.355224609
vn 0.455944538 0.055027831 0.888305426
vt 0.233398438 0.354492188
vt 0.213623047 0.348632812
vt 0.213867188 0.351562500
vt 0.199218750 0.342529297
v 0.441406220 0.169258103 -0.173889160
vt 0.201171875 0.347412109
v 0.425842255 0.235777840 -0.239547729
vt 0.060302734 0.396728516
vn 0.251005352 -0.078439243 -0.964802325
vt 0.054443359 0.400878906
vt 0.055419922 0.388427734
vt 0.063476562 0.400878906
v 0.441040009 0.235070214 -0.233657837
vt 0.068359375 0.401367188
vn 0.859708011 -0.118308440 -0.496895611
vt 0.069335938 0.369140625
v 0.431030244 0.263656586 -0.237930298
vt 0.059082031 0.385253906
vn 0.926495194 -0.149181426 -0.345472962
vt 0.039794922 0.377441406
v 0.431945771 0.294540405 -0.238494873
vt 0.062255859 0.370849609
vn 0.946173429 -0.268082410 -0.181350008
vt 0.047607422 0.358886719
v 0.431457490 0.275287598 -0.278381348
vt 0.042480469 0.370117188
vn 0.999504447 -0.031480409 -0.000000130
vt 0.038818359 0.374023438
vt 0.992919922 0.987060547
vn -0.015718473 0.353662550 -0.935240984
v 0.408935547 0.299842834 0.070495613
vt 0.979736328 0.984619141
vt 0.998291016 0.984863281
vt 0.533691406 0.407714844
v 0.430541992 0.249887466 0.070861816
vt 0.512207031 0.408691406
vn 0.889653563 -0.456636310 -0.000000097
vt 0.494140625 0.399414062
vt 0.548339844 0.418212891
vt 0.512207031 0.423828125
vt 0.495605469 0.403320312
vt 0.505615234 0.429443359
vt 0.536376953 0.428222656
v 0.432128906 0.277881622 0.090774536
vt 0.489990234 0.423339844
vt 0.464599609 0.383300781
vt 0.516113281 0.460449219
vt 0.480468750 0.438964844
vt 0.489257812 0.452392578
v 0.432098389 0.295997620 0.093994141
vt 0.476806641 0.424804688
vn 0.409043282 -0.912481070 -0.007866231
v 0.431823760 0.296035767 0.139419556
vt 0.459228516 0.403076172
vn 0.197242156 -0.978320897 0.063117497
v 0.489074707 0.296333313 0.078285210
vt 0.448486328 0.442138672
vn 0.513276994 -0.837036312 -0.189517692
vt 0.474365234 0.442382812
vt 0.449218750 0.448486328
vt 0.437744141 0.453369141
vt 0.424560547 0.444335938
v 0.489410400 0.296035767 0.110649101
vt 0.440917969 0.426757812
vn 0.363196939 -0.931679010 -0.007895592
v 0.489807159 0.296157837 0.138854980
vt 0.431396484 0.415039062
vn 0.855513990 -0.502320051 0.125579923
vt 0.409667969 0.422851562
vt 0.685302734 0.088623047
v 0.486053497 0.301467896 0.143081665
vt 0.660400391 0.094970703
vn 0.496802837 -0.820118904 -0.283887357
v 0.431823760 0.296020508 0.144882202
vt 0.684082031 0.086181641
vn 0.236653730 -0.954503298 -0.181434497
vt 0.662109375 0.097167969
vt 0.651855469 0.106445312
vt 0.688720703 0.072265625
vt 0.650390625 0.106445312
v 0.431823760 0.294715881 0.164245605
vt 0.683349609 0.077148438
vn 0.730091393 -0.502428472 -0.463176340
v 0.444885284 0.295654297 0.165954590
vt 0.678955078 0.074951172
vn 0.495940030 -0.802950501 -0.330626696
vt 0.695800781 0.062500000
v 0.441558868 0.230906963 0.169067383
vt 0.697998047 0.057128906
vn 0.763093770 -0.039334729 -0.645089746
vt 0.691650391 0.052246094
vt 0.675537109 0.069824219
vt 0.666015625 0.074218750
vt 0.657226562 0.091552734
vt 0.638183594 0.095214844
vt 0.632324219 0.109619141
vt 0.128173828 0.954101562
vt 0.161376953 0.952148438
vt 0.159667969 0.958496094
vt 0.173095703 0.947021484
vt 0.169433594 0.941162109
vt 0.022460938 0.240966797
vt 0.026367188 0.239257812
vt 0.030029297 0.242431641
vt 0.013916016 0.224121094
vt 0.011718750 0.228515625
vt 0.018066406 0.245605469
vt 0.011962891 0.244873047
vt 0.002197266 0.232666016
vt 0.004150391 0.250244141
vt 0.383544922 0.782714844
vt 0.368164062 0.779296875
v 0.432006806 0.295242310 -0.157867432
vt 0.379394531 0.775634766
vn 0.519057989 -0.188748270 0.833638430
vt 0.355224609 0.771240234
v 0.445068330 0.295433044 -0.159881592
vt 0.383056641 0.770263672
vn 0.597666144 -0.747082591 0.290968955
v 0.493713349 0.295951843 -0.167663574
vt 0.405273438 0.761962891
vn 0.606111407 -0.795029163 0.023614684
vt 0.411621094 0.772460938
vt 0.428466797 0.774169922
v 0.493286103 0.324821472 -0.182876587
vt 0.419189453 0.754638672
vn 0.999690175 -0.023614686 0.007871446
v 0.494873017 0.334777832 -0.200424194
vt 0.421875000 0.745117188
vn 0.984679520 0.165426195 0.055141915
vt 0.430908203 0.766357422
v 0.492767304 0.295104980 -0.183090210
vt 0.404052734 0.754150391
vn 0.810898066 -0.582586884 0.055109493
vt 0.423583984 0.731201172
v 0.458831757 0.294807434 -0.177276611
vt 0.387695312 0.757568359
vn 0.488249570 -0.858374119 0.157499820
v 0.497131318 0.296585083 -0.216567993
vt 0.405273438 0.736328125
vn 0.580664635 -0.800375581 -0.149089620
v 0.494720429 0.331420898 -0.216583252
vt 0.419677734 0.731933594
vn 0.893657327 0.148942932 -0.423311532
vt 0.419677734 0.728271484
vt 0.404785156 0.731933594
vt 0.388671875 0.731445312
v 0.459320039 0.295989990 -0.215301514
vt 0.388427734 0.734619141
vn 0.654416263 -0.741146088 -0.149806201
v 0.458465546 0.275127381 -0.218109131
vt 0.376953125 0.734863281
vn 0.521433592 -0.007900526 -0.853255272
vt 0.386474609 0.727050781
v 0.459808320 0.269618958 -0.206130981
vt 0.377441406 0.741699219
vn 0.999225974 0.031471729 -0.023603896
v 0.442871064 0.234507069 -0.219390869
vt 0.351562500 0.734375000
vn 0.677753806 -0.220664069 -0.701396585
vt 0.383300781 0.724609375
vt 0.351562500 0.727539062
vt 0.382080078 0.720947266
v 0.441131562 0.230444655 -0.222351074
vt 0.348144531 0.734619141
vn 0.958640873 -0.031430818 -0.282877743
vt 0.349609375 0.726562500
vt 0.318847656 0.716308594
vt 0.304443359 0.725585938
vt 0.329833984 0.745849609
v 0.458251923 0.237248406 -0.218521118
vt 0.360351562 0.739746094
vn 0.793677926 -0.534357369 -0.290753365
v 0.444580048 0.234087929 -0.192596436
vt 0.353515625 0.750000000
vn 0.346790195 -0.937909722 -0.007881599
v 0.442230195 0.230069146 -0.201431274
vt 0.350585938 0.745849609
vn 0.998762369 -0.047185577 0.015728412
v 0.441314667 0.181732163 -0.201324463
vt 0.330078125 0.749267578
vn 0.998361051 -0.015722176 0.055027645
vt 0.309082031 0.743652344
vt 0.334472656 0.759765625
v 0.441467255 0.234795079 -0.175064087
vt 0.353271484 0.761718750
vn 0.994936705 -0.071066856 0.071066774
vt 0.325927734 0.770996094
vt 0.313232422 0.780761719
vt 0.334716797 0.775146484
vt 0.352783203 0.768554688
v 0.451477021 0.234992489 -0.176086426
vt 0.357910156 0.757812500
vn 0.440849334 -0.708507717 0.551061511
v 0.442565888 0.257116288 -0.175888062
vt 0.365722656 0.763916016
vn 0.918842018 -0.039266691 0.392667413
v 0.445556611 0.294891357 -0.176025391
vt 0.382080078 0.763427734
vn 0.567193031 -0.212697312 0.795645654
v 0.454559296 0.258180588 -0.176651001
vt 0.368896484 0.758056641
vn 0.196110234 -0.007844353 0.980550528
v 0.459716767 0.243509278 -0.180221558
vt 0.363525391 0.754638672
vn 0.967754245 -0.157358348 0.196697861
v 0.459228486 0.265357941 -0.188262939
vt 0.374511719 0.750976562
vn 0.999102235 0.015733939 0.039334603
v 0.459503144 0.256002396 -0.203567505
vt 0.370117188 0.744140625
vn 0.997775495 -0.047138959 -0.047139127
v 0.462921113 0.264766663 -0.192276001
vt 0.374267578 0.747802734
vn 0.999597251 -0.015741644 0.023612402
vt 0.241455078 0.999755859
vn 0.000000134 -0.078497149 0.996914387
vt 0.212890625 0.997314453
v 0.426940888 0.300842285 -0.138336182
vt 0.243896484 0.997314453
f 1/1/1 2/2/2 3/3/3
f 3/3/3 2/2/2 4/4/4
f 4/4/4 2/2/2 5/5/5
f 5/5/5 2/2/2 6/6/6
f 6/6/6 2/2/2 1/1/1
f 4/4/4 5/5/5 7/7/7
f 4/4/4 7/7/7 8/8/8
f 4/4/4 8/8/8 9/9/9
f 4/4/4 9/9/9 10/10/10
f 4/4/4 10/10/10 3/3/3
f 10/10/10 9/9/9 11/11/11
f 10/10/10 11/11/11 3/3/3
f 12/12/12 5/5/5 6/6/6
f 3/3/3 11/11/11 13/13/13
f 12/12/12 6/6/6 14/14/14
f 12/12/12 14/14/14 15/15/15
f 15/15/15 14/14/14 16/16/15
f 14/14/14 6/6/6 17/17/16
f 14/14/14 17/17/16 16/16/15
f 13/13/13 11/11/11 18/18/17
f 18/18/17 11/11/11 19/19/18
f 18/18/17 19/19/18 20/20/19
f 13/13/13 18/18/17 21/21/20
f 21/21/20 18/18/17 20/20/19
f 13/13/13 21/21/20 3/3/3
f 16/16/15 17/17/16 22/22/21
f 16/16/15 22/22/21 23/23/22
f 24/24/23 17/17/16 6/6/6
f 17/17/16 24/24/23 22/22/21
f 24/24/23 6/6/6 1/1/1
f 3/3/3 21/21/20 1/1/1
f 22/22/21 24/24/23 25/25/24
f 22/22/21 25/25/24 23/23/22
f 24/24/23 1/1/1 26/26/25
f 24/24/23 26/26/25 25/25/24
f 1/1/1 21/21/20 27/27/26
f 1/1/1 27/27/26 26/26/25
f 25/25/24 26/26/25 28/28/27
f 28/28/27 26/26/25 27/27/26
f 23/23/22 25/25/24 29/29/28
f 29/29/28 25/25/24 28/28/27
f 23/23/22 29/29/28 30/30/29
f 23/23/22 30/30/29 31/31/30
f 31/31/30 30/30/29 32/32/31
f 30/30/29 29/29/28 33/33/32
f 33/33/32 29/29/28 28/28/27
f 32/32/31 30/30/29 34/34/33
f 32/32/31 34/34/33 35/35/34
f 32/32/31 35/35/34 36/36/22
f 35/35/34 34/34/33 37/37/35
f 35/35/34 37/37/35 36/36/22
f 37/37/35 34/34/33 30/30/29
f 36/36/22 37/37/35 38/38/36
f 39/39/37 30/30/29 33/33/32
f 30/30/29 39/39/37 37/37/35
f 39/39/37 33/33/32 28/28/27
f 38/38/36 37/37/35 40/40/38
f 40/40/38 37/37/35 39/39/37
f 41/41/39 42/42/40 38/38/36
f 41/41/39 38/38/36 43/43/41
f 43/43/41 38/38/36 40/40/38
f 41/41/39 43/43/41 44/44/42
f 44/44/42 43/43/41 45/45/43
f 43/43/41 40/40/38 46/46/44
f 43/43/41 46/46/44 45/45/43
f 46/46/44 40/40/38 39/39/37
f 45/45/43 46/46/44 47/47/45
f 46/46/44 39/39/37 48/48/46
f 46/46/44 48/48/46 47/47/45
f 48/48/46 39/39/37 28/28/27
f 47/47/45 48/48/46 49/49/47
f 49/49/47 48/48/46 28/28/27
f 49/49/47 28/28/27 50/50/48
f 50/50/48 28/28/27 27/27/26
f 50/50/48 27/27/26 21/21/20
f 50/50/48 21/21/20 51/51/49
f 51/51/49 21/21/20 20/20/19
f 50/50/48 51/51/49 52/52/50
f 52/52/50 51/51/49 20/20/19
f 9/53/9 8/54/8 53/55/51
f 53/55/51 8/54/8 54/56/52
f 53/55/51 54/56/52 55/57/53
f 53/55/51 55/57/53 56/58/54
f 56/58/54 55/57/53 57/59/55
f 55/57/53 54/56/52 58/60/56
f 58/60/56 54/56/52 59/61/57
f 57/59/55 55/57/53 60/62/58
f 60/62/58 55/57/53 58/60/56
f 58/60/56 59/61/57 61/63/59
f 57/59/55 60/62/58 62/64/60
f 62/64/60 60/62/58 58/60/56
f 57/59/55 62/64/60 63/65/61
f 58/60/56 61/63/59 64/66/62
f 63/65/61 62/64/60 65/67/63
f 63/65/61 65/67/63 66/68/64
f 62/64/60 58/60/56 67/69/65
f 67/69/65 58/60/56 64/66/62
f 62/64/60 67/69/65 65/67/63
f 67/69/65 64/66/62 68/70/66
f 67/69/65 68/70/66 65/67/63
f 68/70/66 64/66/62 69/71/67
f 65/67/63 68/70/66 70/72/68
f 68/70/66 69/71/67 71/73/69
f 68/70/66 71/73/69 70/72/68
f 65/67/63 70/72/68 72/74/70
f 72/74/70 70/72/68 71/73/69
f 73/75/71 66/68/64 65/67/63
f 73/75/71 65/67/63 72/74/70
f 66/68/64 73/75/71 74/76/72
f 74/76/72 73/75/71 75/77/73
f 74/76/72 75/77/73 76/78/74
f 75/77/73 73/75/71 77/79/75
f 77/79/75 73/75/71 72/74/70
f 77/79/75 72/74/70 78/80/76
f 78/80/76 72/74/70 79/81/77
f 79/81/77 72/74/70 80/82/78
f 79/81/77 80/82/78 81/83/31
f 80/82/78 72/74/70 82/84/79
f 80/82/78 82/84/79 83/85/80
f 83/85/80 82/84/79 72/74/70
f 80/82/78 83/85/80 81/83/31
f 83/85/80 72/74/70 71/73/69
f 81/83/31 83/85/80 84/86/81
f 81/83/31 84/86/81 85/87/82
f 83/85/80 71/73/69 86/88/83
f 83/85/80 86/88/83 84/86/81
f 84/86/81 86/88/83 85/87/82
f 86/88/83 71/73/69 69/71/67
f 86/88/83 69/71/67 87/89/84
f 86/88/83 87/89/84 85/87/82
f 85/87/82 87/89/84 88/90/85
f 54/91/52 89/92/86 59/93/57
f 89/92/86 54/91/52 90/94/87
f 89/92/86 90/94/87 59/93/57
f 90/94/87 54/91/52 91/95/88
f 91/95/88 54/91/52 8/96/8
f 91/95/88 8/96/8 7/97/7
f 59/93/57 90/94/87 92/98/89
f 59/93/57 92/98/89 93/99/90
f 59/93/57 93/99/90 61/100/59
f 61/100/59 93/99/90 92/98/89
f 61/100/59 92/98/89 64/101/62
f 64/101/62 92/98/89 94/102/91
f 94/102/91 92/98/89 95/103/92
f 94/102/91 95/103/92 96/104/93
f 96/104/93 95/103/92 97/105/94
f 95/103/92 92/98/89 98/106/95
f 95/103/92 98/106/95 97/105/94
f 98/106/95 92/98/89 90/94/87
f 97/105/94 98/106/95 99/107/96
f 97/105/94 99/107/96 100/108/97
f 100/108/97 99/107/96 101/109/98
f 99/107/96 98/106/95 102/110/99
f 98/106/95 90/94/87 103/111/100
f 98/106/95 103/111/100 102/110/99
f 102/110/99 103/111/100 99/107/96
f 99/107/96 103/111/100 101/109/98
f 103/111/100 90/94/87 91/95/88
f 101/109/98 103/111/100 104/112/101
f 104/112/101 103/111/100 91/95/88
f 101/109/98 104/112/101 105/113/30
f 105/113/30 104/112/101 106/114/102
f 106/114/102 104/112/101 7/97/7
f 107/115/103 91/95/88 7/97/7
f 107/115/103 7/97/7 104/112/101
f 91/95/88 107/115/103 108/116/104
f 91/95/88 108/116/104 104/112/101
f 104/112/101 108/116/104 107/115/103
f 9/117/9 53/118/51 109/119/105
f 109/119/105 53/118/51 56/120/54
f 9/117/9 109/119/105 11/121/11
f 109/119/105 56/120/54 110/122/106
f 109/119/105 110/122/106 11/121/11
f 110/122/106 56/120/54 111/123/107
f 11/121/11 110/122/106 112/124/108
f 11/121/11 112/124/108 19/125/18
f 19/125/18 112/124/108 113/126/109
f 113/126/109 112/124/108 110/122/106
f 113/126/109 110/122/106 114/127/110
f 115/128/111 116/129/112 117/130/113
f 115/128/111 117/130/113 118/131/114
f 115/128/111 118/131/114 119/132/115
f 118/131/114 117/130/113 120/133/116
f 120/133/116 117/130/113 116/129/112
f 116/129/112 115/128/111 121/134/117
f 120/133/116 116/129/112 122/135/118
f 120/133/116 122/135/118 123/136/119
f 123/136/119 122/135/118 124/137/120
f 122/135/118 116/129/112 125/138/121
f 125/138/121 116/129/112 121/134/117
f 125/138/121 121/134/117 126/139/122
f 127/140/123 128/141/124 129/142/125
f 129/142/125 128/141/124 130/143/126
f 130/143/126 128/141/124 115/144/111
f 115/144/111 128/141/124 121/145/117
f 121/145/117 128/141/124 126/146/122
f 127/140/123 129/142/125 131/147/127
f 131/147/127 129/142/125 132/148/128
f 127/140/123 131/147/127 133/149/129
f 127/140/123 133/149/129 128/141/124
f 131/147/127 132/148/128 134/150/130
f 126/146/122 128/141/124 135/151/131
f 134/150/130 132/148/128 136/152/132
f 136/152/132 132/148/128 137/153/133
f 131/147/127 134/150/130 138/154/134
f 131/147/127 138/154/134 133/149/129
f 136/152/132 137/153/133 139/155/135
f 134/150/130 136/152/132 140/156/136
f 134/150/130 140/156/136 138/154/134
f 140/156/136 136/152/132 139/155/135
f 133/149/129 138/154/134 141/157/137
f 141/157/137 138/154/134 140/156/136
f 141/157/137 140/156/136 139/155/135
f 133/149/129 141/157/137 128/141/124
f 141/157/137 139/155/135 142/158/138
f 142/158/138 139/155/135 143/159/139
f 128/141/124 141/157/137 144/160/140
f 142/158/138 143/159/139 145/161/141
f 145/161/141 143/159/139 146/162/142
f 145/161/141 146/162/142 147/163/143
f 142/158/138 145/161/141 148/164/144
f 142/158/138 148/164/144 141/157/137
f 145/161/141 147/163/143 149/165/14
f 145/161/141 149/165/14 148/164/144
f 149/165/14 147/163/143 150/166/145
f 151/167/146 144/160/140 141/157/137
f 151/167/146 141/157/137 148/164/144
f 144/160/140 151/167/146 152/168/147
f 148/164/144 149/165/14 153/169/15
f 153/169/15 149/165/14 154/170/148
f 151/167/146 148/164/144 155/171/149
f 151/167/146 155/171/149 152/168/147
f 144/160/140 152/168/147 156/172/150
f 156/172/150 152/168/147 155/171/149
f 144/160/140 156/172/150 128/141/124
f 128/141/124 156/172/150 135/151/131
f 156/172/150 155/171/149 157/173/151
f 156/172/150 157/173/151 135/151/131
f 158/174/144 155/171/149 148/164/144
f 155/171/149 158/174/144 157/173/151
f 158/174/144 148/164/144 153/169/15
f 135/151/131 157/173/151 159/175/152
f 159/175/152 157/173/151 158/174/144
f 135/151/131 159/175/152 160/176/153
f 160/176/153 159/175/152 161/177/154
f 160/176/153 161/177/154 162/178/14
f 161/177/154 159/175/152 163/179/149
f 161/177/154 163/179/149 162/178/14
f 163/179/149 159/175/152 158/174/144
f 162/178/14 163/179/149 164/180/155
f 165/181/156 158/174/144 153/169/15
f 165/181/156 153/169/15 154/170/148
f 163/179/149 158/174/144 166/182/93
f 163/179/149 166/182/93 167/183/157
f 166/182/93 158/174/144 165/181/156
f 165/181/156 154/170/148 168/184/158
f 166/182/93 165/181/156 169/185/159
f 166/182/93 169/185/159 170/186/160
f 169/185/159 165/181/156 171/187/161
f 165/181/156 168/184/158 172/188/162
f 165/181/156 172/188/162 171/187/161
f 172/188/162 168/184/158 173/189/163
f 171/187/161 172/188/162 174/190/164
f 172/188/162 173/189/163 175/191/165
f 172/188/162 175/191/165 174/190/164
f 174/190/164 175/191/165 176/192/166
f 123/193/119 124/194/120 177/195/167
f 177/195/167 124/194/120 178/196/168
f 177/195/167 178/196/168 179/197/169
f 123/193/119 177/195/167 180/198/170
f 123/193/119 180/198/170 181/199/171
f 181/199/171 180/198/170 182/200/11
f 182/200/11 180/198/170 183/201/172
f 180/198/170 177/195/167 184/202/173
f 184/202/173 177/195/167 179/197/169
f 180/198/170 184/202/173 183/201/172
f 184/202/173 179/197/169 185/203/174
f 184/202/173 185/203/174 186/204/175
f 184/202/173 186/204/175 187/205/176
f 183/201/172 184/202/173 188/206/177
f 188/206/177 184/202/173 187/205/176
f 183/201/172 188/206/177 189/207/178
f 188/206/177 187/205/176 190/208/179
f 188/206/177 190/208/179 189/207/178
f 129/209/125 130/210/126 191/211/180
f 191/211/180 130/210/126 115/212/111
f 191/211/180 115/212/111 119/213/115
f 129/209/125 191/211/180 192/214/181
f 191/211/180 119/213/115 193/215/182
f 193/215/182 119/213/115 194/216/183
f 191/211/180 193/215/182 195/217/184
f 129/209/125 192/214/181 132/218/128
f 192/214/181 191/211/180 196/219/185
f 196/219/185 191/211/180 195/217/184
f 192/214/181 196/219/185 132/218/128
f 196/219/185 195/217/184 197/220/186
f 197/220/186 195/217/184 198/221/187
f 132/218/128 196/219/185 199/222/188
f 199/222/188 196/219/185 197/220/186
f 197/220/186 198/221/187 200/223/189
f 197/220/186 200/223/189 199/222/188
f 200/223/189 198/221/187 201/224/190
f 201/224/190 198/221/187 202/225/191
f 199/222/188 200/223/189 203/226/192
f 203/226/192 200/223/189 201/224/190
f 199/222/188 203/226/192 204/227/193
f 204/227/193 203/226/192 201/224/190
f 201/224/190 202/225/191 205/228/194
f 199/222/188 204/227/193 206/229/195
f 206/229/195 204/227/193 201/224/190
f 201/224/190 205/228/194 207/230/196
f 201/224/190 207/230/196 206/229/195
f 206/229/195 207/230/196 205/228/194
f 206/229/195 205/228/194 208/231/197
f 208/231/197 205/228/194 209/232/198
f 199/222/188 206/229/195 210/233/199
f 199/222/188 210/233/199 132/218/128
f 206/229/195 208/231/197 211/234/200
f 206/229/195 211/234/200 210/233/199
f 211/234/200 208/231/197 212/235/201
f 132/218/128 210/233/199 137/236/133
f 211/234/200 212/235/201 213/237/202
f 211/234/200 213/237/202 210/233/199
f 213/237/202 212/235/201 214/238/203
f 214/238/203 212/235/201 215/239/204
f 210/233/199 213/237/202 216/240/205
f 216/240/205 213/237/202 214/238/203
f 137/236/133 210/233/199 217/241/206
f 217/241/206 210/233/199 216/240/205
f 137/236/133 217/241/206 218/242/207
f 216/240/205 214/238/203 219/243/208
f 219/243/208 214/238/203 215/239/204
f 137/236/133 218/242/207 139/244/135
f 217/241/206 216/240/205 139/244/135
f 218/242/207 217/241/206 220/245/209
f 220/245/209 217/241/206 139/244/135
f 220/245/209 139/244/135 218/242/207
f 139/244/135 216/240/205 143/246/139
f 143/246/139 216/240/205 219/243/208
f 143/246/139 219/243/208 146/247/142
f 146/247/142 219/243/208 147/248/143
f 221/249/210 219/243/208 215/239/204
f 219/243/208 221/249/210 147/248/143
f 221/249/210 215/239/204 222/250/211
f 147/248/143 221/249/210 223/251/212
f 182/252/11 183/253/172 224/254/213
f 224/254/213 183/253/172 225/255/214
f 224/254/213 225/255/214 226/256/215
f 224/254/213 226/256/215 182/252/11
f 182/252/11 226/256/215 181/257/171
f 181/257/171 226/256/215 227/258/216
f 181/257/171 227/258/216 123/259/119
f 227/258/216 226/256/215 228/260/217
f 228/260/217 226/256/215 229/261/218
f 228/260/217 229/261/218 227/258/216
f 229/261/218 226/256/215 230/262/219
f 231/263/220 230/262/219 232/264/221
f 230/262/219 231/263/220 233/265/222
f 230/262/219 233/265/222 229/261/218
f 233/265/222 231/263/220 234/266/223
f 233/265/222 234/266/223 235/267/224
f 233/265/222 235/267/224 236/268/225
f 233/265/222 236/268/225 229/261/218
f 236/268/225 235/267/224 237/269/226
f 229/261/218 236/268/225 238/270/227
f 238/270/227 236/268/225 237/269/226
f 229/261/218 238/270/227 227/258/216
f 238/270/227 237/269/226 239/271/228
f 238/270/227 239/271/228 227/258/216
f 239/271/228 237/269/226 240/272/229
f 227/258/216 239/271/228 241/273/230
f 241/273/230 239/271/228 119/274/115
f 242/275/231 190/276/179 187/277/176
f 242/275/231 187/277/176 186/278/175
f 242/275/231 186/278/175 243/279/232
f 242/275/231 243/279/232 244/280/233
f 244/280/233 243/279/232 245/281/234
f 245/281/234 243/279/232 246/282/235
f 246/282/235 243/279/232 186/278/175
f 245/281/234 246/282/235 247/283/140
f 247/283/140 246/282/235 186/278/175
f 247/283/140 186/278/175 185/284/174
f 247/283/140 185/284/174 248/285/151
f 248/285/151 185/284/174 249/286/22
f 249/286/22 185/284/174 179/287/169
f 248/285/151 249/286/22 250/288/148
f 249/286/22 179/287/169 178/289/168
f 250/288/148 249/286/22 251/290/236
f 251/290/236 249/286/22 178/289/168
f 250/288/148 251/290/236 252/291/237
f 252/291/237 251/290/236 178/289/168
f 253/292/238 242/293/231 254/294/239
f 254/294/239 242/293/231 255/295/240
f 255/295/240 242/293/231 244/296/233
f 254/294/239 255/295/240 256/297/241
f 254/294/239 256/297/241 253/292/238
f 242/293/231 253/292/238 190/298/179
f 190/298/179 253/292/238 257/299/242
f 190/298/179 257/299/242 258/300/243
f 190/298/179 258/300/243 259/301/244
f 257/299/242 253/292/238 260/302/245
f 260/302/245 253/292/238 256/297/241
f 257/299/242 260/302/245 258/300/243
f 260/302/245 256/297/241 261/303/246
f 258/300/243 260/302/245 262/304/247
f 262/304/247 260/302/245 261/303/246
f 122/305/118 178/306/168 124/307/120
f 178/306/168 122/305/118 252/308/237
f 252/308/237 122/305/118 263/309/248
f 263/309/248 122/305/118 125/310/121
f 252/308/237 263/309/248 264/311/249
f 252/308/237 264/311/249 265/312/250
f 265/312/250 264/311/249 266/313/251
f 266/313/251 264/311/249 170/314/160
f 170/314/160 264/311/249 167/315/157
f 167/315/157 264/311/249 263/309/248
f 170/314/160 167/315/157 166/316/93
f 167/315/157 263/309/248 164/317/155
f 164/317/155 263/309/248 125/310/121
f 167/315/157 164/317/155 163/318/149
f 164/317/155 125/310/121 162/319/14
f 162/319/14 125/310/121 126/320/122
f 162/319/14 126/320/122 160/321/153
f 160/321/153 126/320/122 135/322/131
f 267/323/252 268/324/253 44/325/42
f 44/325/42 268/324/253 41/326/39
f 41/326/39 268/324/253 269/327/254
f 269/327/254 268/324/253 261/328/246
f 261/328/246 268/324/253 267/323/252
f 261/328/246 267/323/252 262/329/247
f 262/329/247 267/323/252 44/325/42
f 262/329/247 44/325/42 270/330/255
f 261/331/246 256/332/241 269/333/254
f 269/333/254 256/332/241 271/334/256
f 271/334/256 256/332/241 255/335/240
f 269/333/254 271/334/256 272/336/14
f 269/333/254 272/336/14 273/337/149
f 272/336/14 271/334/256 244/338/233
f 269/333/254 273/337/149 274/339/257
f 269/333/254 274/339/257 41/340/39
f 274/339/257 273/337/149 275/341/234
f 274/339/257 275/341/234 276/342/258
f 274/339/257 276/342/258 277/343/259
f 244/338/233 271/334/256 278/344/260
f 278/344/260 271/334/256 255/335/240
f 279/345/261 255/335/240 244/338/233
f 255/335/240 279/345/261 278/344/260
f 244/338/233 278/344/260 280/346/262
f 244/338/233 280/346/262 279/345/261
f 279/345/261 280/346/262 278/344/260
f 79/347/77 281/348/263 78/349/76
f 281/348/263 79/347/77 282/350/264
f 282/350/264 79/347/77 81/351/31
f 281/348/263 282/350/264 283/352/265
f 282/350/264 81/351/31 284/353/266
f 284/353/266 81/351/31 85/354/82
f 284/353/266 85/354/82 88/355/85
f 282/350/264 284/353/266 285/356/267
f 282/350/264 285/356/267 283/352/265
f 285/356/267 284/353/266 286/357/148
f 281/348/263 283/352/265 287/358/164
f 281/348/263 287/358/164 78/349/76
f 287/358/164 283/352/265 285/356/267
f 285/356/267 286/357/148 288/359/268
f 285/356/267 288/359/268 289/360/269
f 289/360/269 288/359/268 290/361/270
f 285/356/267 289/360/269 291/362/271
f 285/356/267 291/362/271 287/358/164
f 289/360/269 290/361/270 292/363/272
f 292/363/272 290/361/270 293/364/273
f 289/360/269 292/363/272 291/362/271
f 75/365/73 77/366/75 78/349/76
f 75/365/73 78/349/76 294/367/274
f 294/367/274 78/349/76 287/358/164
f 75/365/73 294/367/274 76/368/74
f 76/368/74 294/367/274 295/369/275
f 295/369/275 294/367/274 296/370/276
f 296/370/276 294/367/274 292/363/272
f 296/370/276 292/363/272 297/371/277
f 294/367/274 287/358/164 298/372/278
f 292/363/272 294/367/274 299/373/279
f 299/373/279 294/367/274 298/372/278
f 292/363/272 299/373/279 300/374/280
f 292/363/272 300/374/280 291/362/271
f 299/373/279 298/372/278 301/375/281
f 299/373/279 301/375/281 300/374/280
f 291/362/271 300/374/280 302/376/282
f 302/376/282 300/374/280 301/375/281
f 303/377/283 287/358/164 291/362/271
f 287/358/164 303/377/283 298/372/278
f 291/362/271 302/376/282 304/378/284
f 304/378/284 302/376/282 301/375/281
f 291/362/271 304/378/284 303/377/283
f 305/379/285 301/375/281 298/372/278
f 301/375/281 305/379/285 304/378/284
f 305/379/285 298/372/278 303/377/283
f 305/379/285 303/377/283 304/378/284
f 64/380/62 94/381/91 69/382/67
f 69/382/67 94/381/91 306/383/286
f 306/383/286 94/381/91 96/384/93
f 69/382/67 306/383/286 87/385/84
f 306/383/286 96/384/93 307/386/287
f 307/386/287 96/384/93 308/387/288
f 87/385/84 306/383/286 309/388/23
f 309/388/23 306/383/286 307/386/287
f 88/389/85 87/385/84 284/390/266
f 284/390/266 87/385/84 309/388/23
f 284/390/266 309/388/23 286/391/148
f 307/386/287 308/387/288 310/392/289
f 307/386/287 310/392/289 309/388/23
f 310/392/289 308/387/288 311/393/290
f 310/392/289 311/393/290 312/394/16
f 310/392/289 312/394/16 309/388/23
f 309/388/23 312/394/16 286/391/148
f 286/391/148 312/394/16 313/395/14
f 119/396/115 118/397/114 241/398/230
f 241/398/230 118/397/114 120/399/116
f 241/398/230 120/399/116 314/400/291
f 241/398/230 314/400/291 227/401/216
f 227/401/216 314/400/291 120/399/116
f 227/401/216 120/399/116 123/402/119
f 52/403/50 49/404/47 50/405/48
f 49/404/47 52/403/50 315/406/292
f 49/404/47 315/406/292 316/407/293
f 49/404/47 316/407/293 47/408/45
f 47/408/45 316/407/293 317/409/294
f 47/408/45 317/409/294 45/410/43
f 45/410/43 317/409/294 318/411/295
f 45/410/43 318/411/295 270/412/255
f 45/410/43 270/412/255 44/413/42
f 240/414/229 119/415/115 239/416/228
f 119/415/115 240/414/229 319/417/296
f 119/415/115 319/417/296 194/418/183
f 319/417/296 240/414/229 320/419/297
f 320/419/297 240/414/229 237/420/226
f 320/419/297 237/420/226 235/421/224
f 319/417/296 320/419/297 321/422/298
f 319/417/296 321/422/298 194/418/183
f 320/419/297 235/421/224 322/423/299
f 320/419/297 322/423/299 321/422/298
f 322/423/299 235/421/224 234/424/223
f 194/418/183 321/422/298 323/425/300
f 194/418/183 323/425/300 193/426/182
f 193/426/182 323/425/300 324/427/301
f 323/425/300 321/422/298 325/428/302
f 323/425/300 325/428/302 324/427/301
f 325/428/302 321/422/298 322/423/299
f 324/427/301 325/428/302 326/429/303
f 326/429/303 325/428/302 322/423/299
f 326/429/303 322/423/299 327/430/304
f 326/429/303 327/430/304 328/431/305
f 327/430/304 322/423/299 329/432/306
f 329/432/306 322/423/299 234/424/223
f 327/430/304 329/432/306 330/433/307
f 329/432/306 234/424/223 231/434/220
f 329/432/306 231/434/220 330/433/307
f 42/435/40 41/436/39 277/437/259
f 277/437/259 41/436/39 274/438/257
f 42/435/40 277/437/259 36/439/22
f 42/435/40 36/439/22 38/440/36
f 36/439/22 277/437/259 275/441/234
f 275/441/234 277/437/259 276/442/258
f 36/439/22 275/441/234 331/443/152
f 36/439/22 331/443/152 332/444/149
f 36/439/22 332/444/149 32/445/31
f 11/446/308 10/447/308 333/448/308
f 334/449/309 190/450/179 259/451/244
f 334/449/309 259/451/244 258/452/243
f 190/450/179 334/449/309 225/453/214
f 190/450/179 225/453/214 189/454/178
f 189/454/178 225/453/214 183/455/172
f 334/449/309 258/452/243 335/456/310
f 335/456/310 258/452/243 262/457/247
f 335/456/310 262/457/247 270/458/255
f 334/449/309 335/456/310 336/459/311
f 334/449/309 336/459/311 225/453/214
f 225/453/214 336/459/311 337/460/312
f 225/453/214 337/460/312 226/461/215
f 337/460/312 336/459/311 338/462/313
f 336/459/311 335/456/310 339/463/314
f 336/459/311 339/463/314 338/462/313
f 339/463/314 335/456/310 340/464/315
f 338/462/313 339/463/314 341/465/316
f 341/465/316 339/463/314 342/466/317
f 338/462/313 341/465/316 343/467/318
f 341/465/316 342/466/317 344/468/319
f 343/467/318 341/465/316 345/469/320
f 341/465/316 344/468/319 346/470/321
f 345/469/320 341/465/316 347/471/322
f 347/471/322 341/465/316 346/470/321
f 348/472/323 349/473/324 350/474/325
f 350/474/325 349/473/324 351/475/326
f 351/475/326 349/473/324 352/476/327
f 351/475/326 352/476/327 350/474/325
f 352/476/327 349/473/324 56/477/54
f 56/477/54 349/473/324 348/472/323
f 352/476/327 56/477/54 57/478/55
f 352/476/327 57/478/55 63/479/61
f 350/474/325 352/476/327 353/480/328
f 353/480/328 352/476/327 63/479/61
f 350/474/325 353/480/328 348/472/323
f 56/477/54 348/472/323 111/481/107
f 353/480/328 63/479/61 354/482/329
f 354/482/329 63/479/61 66/483/64
f 353/480/328 354/482/329 355/484/330
f 353/480/328 355/484/330 356/485/311
f 356/485/311 355/484/330 357/486/331
f 356/485/311 357/486/331 358/487/332
f 356/485/311 358/487/332 359/488/333
f 356/485/311 359/488/333 360/489/334
f 360/489/334 359/488/333 361/490/335
f 353/480/328 356/485/311 362/491/336
f 362/491/336 356/485/311 360/489/334
f 353/480/328 362/491/336 348/472/323
f 362/491/336 360/489/334 363/492/337
f 362/491/336 363/492/337 114/493/110
f 362/491/336 114/493/110 110/494/106
f 348/472/323 362/491/336 364/495/338
f 364/495/338 362/491/336 110/494/106
f 348/472/323 364/495/338 111/481/107
f 364/495/338 110/494/106 365/496/339
f 365/496/339 110/494/106 111/481/107
f 111/481/107 364/495/338 366/497/340
f 111/481/107 366/497/340 365/496/339
f 365/496/339 366/497/340 364/495/338
f 367/498/341 368/499/342 369/500/343
f 368/499/342 367/498/341 370/501/344
f 367/498/341 369/500/343 371/502/345
f 367/498/341 371/502/345 370/501/344
f 369/500/343 368/499/342 372/503/346
f 371/502/345 369/500/343 373/504/347
f 373/504/347 369/500/343 372/503/346
f 371/502/345 373/504/347 374/505/348
f 371/502/345 374/505/348 361/506/335
f 374/505/348 373/504/347 375/507/349
f 371/502/345 361/506/335 376/508/350
f 371/502/345 376/508/350 370/501/344
f 376/508/350 361/506/335 377/509/351
f 376/508/350 377/509/351 370/501/344
f 377/509/351 361/506/335 359/510/333
f 377/509/351 359/510/333 358/511/332
f 375/507/349 373/504/347 378/512/352
f 378/512/352 373/504/347 372/503/346
f 375/507/349 378/512/352 379/513/353
f 379/513/353 378/512/352 372/503/346
f 375/507/349 379/513/353 380/514/354
f 377/509/351 358/511/332 381/515/355
f 377/509/351 381/515/355 370/501/344
f 380/514/354 379/513/353 381/515/355
f 379/513/353 372/503/346 382/516/356
f 379/513/353 382/516/356 381/515/355
f 381/515/355 382/516/356 370/501/344
f 382/516/356 372/503/346 368/499/342
f 382/516/356 368/499/342 370/501/344
f 383/517/357 381/515/355 358/511/332
f 381/515/355 383/517/357 380/514/354
f 383/517/357 358/511/332 357/518/331
f 380/514/354 383/517/357 384/519/358
f 383/517/357 357/518/331 385/520/359
f 383/517/357 385/520/359 384/519/358
f 386/521/360 387/522/361 388/523/362
f 387/522/361 386/521/360 389/524/363
f 388/523/362 387/522/361 390/525/364
f 390/525/364 387/522/361 389/524/363
f 386/521/360 388/523/362 391/526/79
f 391/526/79 388/523/362 392/527/365
f 389/524/363 386/521/360 393/528/366
f 389/524/363 393/528/366 394/529/367
f 394/529/367 393/528/366 395/530/368
f 395/530/368 393/528/366 386/521/360
f 389/524/363 394/529/367 396/531/369
f 395/530/368 386/521/360 397/532/370
f 395/530/368 397/532/370 398/533/371
f 399/534/372 386/521/360 391/526/79
f 386/521/360 399/534/372 397/532/370
f 399/534/372 391/526/79 400/535/373
f 400/535/373 391/526/79 392/527/365
f 400/535/373 392/527/365 399/534/372
f 399/534/372 392/527/365 397/532/370
f 398/533/371 397/532/370 401/536/374
f 401/536/374 397/532/370 402/537/375
f 402/537/375 397/532/370 392/527/365
f 401/536/374 402/537/375 403/538/376
f 402/537/375 392/527/365 404/539/377
f 404/539/377 392/527/365 388/523/362
f 402/537/375 404/539/377 403/538/376
f 404/539/377 388/523/362 390/525/364
f 404/539/377 390/525/364 403/538/376
f 403/538/376 390/525/364 405/540/378
f 403/538/376 405/540/378 406/541/379
f 405/540/378 390/525/364 407/542/380
f 403/538/376 406/541/379 408/543/381
f 403/538/376 408/543/381 330/544/307
f 330/544/307 408/543/381 327/545/304
f 327/545/304 408/543/381 406/541/379
f 327/545/304 406/541/379 328/546/305
f 405/540/378 407/542/380 409/547/382
f 405/540/378 409/547/382 406/541/379
f 328/546/305 406/541/379 410/548/383
f 410/548/383 406/541/379 409/547/382
f 328/546/305 410/548/383 411/549/384
f 411/549/384 410/548/383 412/550/385
f 412/550/385 410/548/383 409/547/382
f 411/549/384 412/550/385 413/551/386
f 413/551/386 412/550/385 414/552/387
f 412/550/385 409/547/382 415/553/388
f 412/550/385 415/553/388 416/554/389
f 412/550/385 416/554/389 414/552/387
f 416/554/389 415/553/388 409/547/382
f 417/555/390 418/556/391 414/552/387
f 417/555/390 414/552/387 416/554/389
f 417/555/390 416/554/389 419/557/392
f 420/558/393 409/547/382 407/542/380
f 409/547/382 420/558/393 416/554/389
f 419/557/392 416/554/389 421/559/394
f 419/557/392 421/559/394 422/560/395
f 421/559/394 416/554/389 423/561/396
f 422/560/395 421/559/394 424/562/387
f 424/562/387 421/559/394 423/561/396
f 423/561/396 416/554/389 425/563/397
f 423/561/396 425/563/397 424/562/387
f 425/563/397 416/554/389 420/558/393
f 424/562/387 425/563/397 426/564/398
f 424/562/387 426/564/398 422/560/395
f 426/564/398 425/563/397 420/558/393
f 422/560/395 426/564/398 427/565/399
f 422/560/395 427/565/399 428/566/400
f 427/565/399 426/564/398 429/567/401
f 427/565/399 429/567/401 428/566/400
f 429/567/401 426/564/398 420/558/393
f 428/566/400 429/567/401 430/568/402
f 430/568/402 429/567/401 396/531/369
f 429/567/401 420/558/393 431/569/403
f 429/567/401 431/569/403 396/531/369
f 431/569/403 420/558/393 407/542/380
f 396/531/369 431/569/403 389/524/363
f 431/569/403 407/542/380 390/525/364
f 431/569/403 390/525/364 389/524/363
f 5/570/5 432/571/404 7/572/7
f 7/572/7 432/571/404 106/573/102
f 432/571/404 5/570/5 12/574/12
f 106/573/102 432/571/404 433/575/405
f 433/575/405 432/571/404 12/574/12
f 433/575/405 12/574/12 434/576/406
f 434/576/406 12/574/12 15/577/15
f 435/578/407 394/579/367 395/580/368
f 435/578/407 395/580/368 436/581/408
f 436/581/408 395/580/368 398/582/371
f 394/579/367 435/578/407 437/583/409
f 437/583/409 435/578/407 436/581/408
f 396/584/369 394/579/367 438/585/410
f 438/585/410 394/579/367 437/583/409
f 401/586/374 439/587/411 398/582/371
f 398/582/371 439/587/411 440/588/412
f 398/582/371 440/588/412 436/581/408
f 440/588/412 439/587/411 441/589/413
f 436/581/408 440/588/412 442/590/414
f 442/590/414 440/588/412 441/589/413
f 436/581/408 442/590/414 437/583/409
f 442/590/414 441/589/413 443/591/415
f 442/590/414 443/591/415 444/592/416
f 442/590/414 444/592/416 437/583/409
f 444/592/416 443/591/415 445/593/417
f 444/592/416 445/593/417 437/583/409
f 437/583/409 445/593/417 446/594/418
f 446/594/418 445/593/417 447/595/419
f 446/594/418 447/595/419 448/596/420
f 446/594/418 448/596/420 437/583/409
f 448/596/420 447/595/419 449/597/421
f 437/583/409 448/596/420 450/598/422
f 437/583/409 450/598/422 438/585/410
f 450/598/422 448/596/420 451/599/423
f 438/585/410 450/598/422 452/600/424
f 452/600/424 450/598/422 451/599/423
f 403/601/376 330/602/307 401/603/374
f 401/603/374 330/602/307 453/604/425
f 453/604/425 330/602/307 231/605/220
f 453/604/425 231/605/220 232/606/221
f 401/603/374 453/604/425 454/607/426
f 454/607/426 453/604/425 232/606/221
f 401/603/374 454/607/426 439/608/411
f 454/607/426 232/606/221 455/609/427
f 454/607/426 455/609/427 456/610/428
f 454/607/426 456/610/428 439/608/411
f 456/610/428 455/609/427 457/611/272
f 439/608/411 456/610/428 458/612/429
f 439/608/411 458/612/429 441/613/413
f 441/613/413 458/612/429 459/614/430
f 459/614/430 458/612/429 460/615/431
f 458/612/429 456/610/428 461/616/432
f 458/612/429 461/616/432 460/615/431
f 461/616/432 456/610/428 457/611/272
f 460/615/431 461/616/432 462/617/433
f 461/616/432 457/611/272 463/618/434
f 463/618/434 457/611/272 464/619/435
f 462/617/433 461/616/432 465/620/436
f 462/617/433 465/620/436 466/621/437
f 462/617/433 466/621/437 467/622/30
f 467/622/30 466/621/437 468/623/438
f 468/623/438 466/621/437 465/620/436
f 467/622/30 468/623/438 469/624/439
f 469/624/439 468/623/438 470/625/440
f 465/620/436 461/616/432 471/626/441
f 471/626/441 461/616/432 463/618/434
f 465/620/436 471/626/441 468/623/438
f 470/625/440 468/623/438 472/627/442
f 472/627/442 468/623/438 471/626/441
f 470/625/440 472/627/442 473/628/443
f 471/626/441 463/618/434 474/629/444
f 471/626/441 474/629/444 472/627/442
f 473/628/443 472/627/442 475/630/445
f 475/630/445 472/627/442 474/629/444
f 473/628/443 475/630/445 476/631/446
f 476/631/446 475/630/445 477/632/447
f 477/632/447 475/630/445 478/633/448
f 474/629/444 463/618/434 479/634/449
f 474/629/444 479/634/449 475/630/445
f 475/630/445 479/634/449 478/633/448
f 479/634/449 463/618/434 464/619/435
f 479/634/449 464/619/435 478/633/448
f 480/635/450 380/636/354 481/637/451
f 481/637/451 380/636/354 384/638/358
f 380/636/354 480/635/450 375/639/349
f 481/637/451 384/638/358 482/640/452
f 481/637/451 482/640/452 480/635/450
f 482/640/452 384/638/358 483/641/453
f 375/639/349 480/635/450 484/642/454
f 482/640/452 483/641/453 485/643/455
f 485/643/455 483/641/453 486/644/456
f 485/643/455 486/644/456 482/640/452
f 480/635/450 482/640/452 487/645/457
f 480/635/450 487/645/457 484/642/454
f 482/640/452 486/644/456 488/646/458
f 482/640/452 488/646/458 487/645/457
f 487/645/457 488/646/458 484/642/454
f 488/646/458 486/644/456 489/647/459
f 374/648/348 375/639/349 484/642/454
f 488/646/458 489/647/459 490/649/460
f 490/649/460 489/647/459 491/650/461
f 488/646/458 490/649/460 492/651/462
f 492/651/462 490/649/460 491/650/461
f 488/646/458 492/651/462 484/642/454
f 492/651/462 491/650/461 493/652/463
f 494/653/464 361/654/335 374/648/348
f 495/655/464 374/648/348 484/642/454
f 374/648/348 495/655/464 494/653/464
f 484/642/454 492/651/462 496/656/465
f 494/653/464 495/655/464 497/657/466
f 494/653/464 497/657/466 498/658/467
f 498/658/467 497/657/466 499/659/468
f 495/655/464 484/642/454 500/660/469
f 500/660/469 484/642/454 496/656/465
f 495/655/464 500/660/469 497/657/466
f 499/659/468 497/657/466 501/661/470
f 501/661/470 497/657/466 500/660/469
f 502/662/471 496/656/465 492/651/462
f 502/662/471 492/651/462 493/652/463
f 500/660/469 496/656/465 503/663/472
f 503/663/472 496/656/465 502/662/471
f 500/660/469 503/663/472 501/661/470
f 499/659/468 501/661/470 504/664/473
f 499/659/468 504/664/473 505/665/474
f 505/665/474 504/664/473 506/666/475
f 506/666/475 504/664/473 507/667/476
f 507/667/476 504/664/473 501/661/470
f 507/667/476 501/661/470 508/668/477
f 508/668/477 501/661/470 503/663/472
f 507/667/476 508/668/477 509/669/478
f 508/668/477 503/663/472 510/670/479
f 508/668/477 510/670/479 509/669/478
f 510/670/479 503/663/472 502/662/471
f 509/669/478 510/670/479 511/671/480
f 510/670/479 502/662/471 512/672/481
f 512/672/481 502/662/471 493/652/463
f 511/671/480 510/670/479 513/673/482
f 511/671/480 513/673/482 514/674/483
f 514/674/483 513/673/482 515/675/484
f 513/673/482 510/670/479 516/676/485
f 513/673/482 516/676/485 515/675/484
f 516/676/485 510/670/479 512/672/481
f 515/675/484 516/676/485 517/677/486
f 518/678/487 517/677/486 493/652/463
f 493/652/463 517/677/486 512/672/481
f 517/677/486 516/676/485 519/679/488
f 519/679/488 516/676/485 512/672/481
f 517/677/486 519/679/488 520/680/489
f 520/680/489 519/679/488 512/672/481
f 512/672/481 517/677/486 521/681/490
f 512/672/481 521/681/490 520/680/489
f 520/680/489 521/681/490 517/677/486
f 230/682/219 226/683/215 522/684/491
f 522/684/491 226/683/215 337/685/312
f 522/684/491 337/685/312 338/686/313
f 522/684/491 338/686/313 343/687/318
f 522/684/491 343/687/318 523/688/492
f 523/688/492 343/687/318 524/689/493
f 230/682/219 522/684/491 525/690/494
f 525/690/494 522/684/491 523/688/492
f 232/691/221 230/682/219 455/692/427
f 455/692/427 230/682/219 525/690/494
f 455/692/427 525/690/494 457/693/272
f 525/690/494 523/688/492 526/694/495
f 526/694/495 523/688/492 527/695/496
f 525/690/494 526/694/495 528/696/497
f 525/690/494 528/696/497 457/693/272
f 457/693/272 528/696/497 464/697/435
f 363/698/337 360/699/334 529/700/498
f 529/700/498 360/699/334 530/701/499
f 529/700/498 530/701/499 531/702/500
f 529/700/498 531/702/500 532/703/501
f 363/698/337 529/700/498 533/704/502
f 533/704/502 529/700/498 532/703/501
f 532/703/501 531/702/500 534/705/503
f 532/703/501 534/705/503 533/704/502
f 533/704/502 534/705/503 363/698/337
f 363/698/337 534/705/503 535/706/504
f 535/706/504 534/705/503 536/707/505
f 535/706/504 536/707/505 537/708/506
f 537/708/506 536/707/505 538/709/507
f 539/710/381 538/709/507 540/711/508
f 540/711/508 538/709/507 541/712/509
f 538/709/507 536/707/505 542/713/510
f 538/709/507 542/713/510 541/712/509
f 542/713/510 536/707/505 543/714/511
f 541/712/509 542/713/510 544/715/512
f 544/715/512 542/713/510 543/714/511
f 541/712/509 544/715/512 545/716/513
f 544/715/512 543/714/511 546/717/514
f 494/718/464 530/719/499 361/720/335
f 361/720/335 530/719/499 360/721/334
f 530/719/499 494/718/464 498/722/467
f 530/719/499 498/722/467 534/723/503
f 530/719/499 534/723/503 531/724/500
f 534/723/503 498/722/467 536/725/505
f 536/725/505 498/722/467 547/726/515
f 536/725/505 547/726/515 543/727/511
f 543/727/511 547/726/515 546/728/514
f 547/726/515 498/722/467 499/729/468
f 546/728/514 547/726/515 548/730/516
f 547/726/515 499/729/468 549/731/517
f 547/726/515 549/731/517 548/730/516
f 549/731/517 499/729/468 550/732/518
f 550/732/518 499/729/468 551/733/519
f 548/730/516 549/731/517 552/734/520
f 552/734/520 549/731/517 550/732/518
f 550/732/518 551/733/519 553/735/521
f 550/732/518 553/735/521 552/734/520
f 552/734/520 553/735/521 551/733/519
f 552/734/520 551/733/519 554/736/84
f 548/730/516 552/734/520 555/737/522
f 555/737/522 552/734/520 554/736/84
f 548/730/516 555/737/522 556/738/523
f 556/738/523 555/737/522 557/739/524
f 555/737/522 554/736/84 558/740/525
f 558/740/525 554/736/84 559/741/16
f 555/737/522 558/740/525 560/742/526
f 555/737/522 560/742/526 557/739/524
f 557/739/524 560/742/526 561/743/527
f 357/744/331 355/745/330 562/746/528
f 357/744/331 562/746/528 385/747/359
f 562/746/528 355/745/330 563/748/529
f 385/747/359 562/746/528 564/749/530
f 562/746/528 563/748/529 565/750/531
f 562/746/528 565/750/531 564/749/530
f 565/750/531 563/748/529 566/751/532
f 565/750/531 566/751/532 567/752/533
f 564/749/530 565/750/531 568/753/534
f 564/749/530 568/753/534 569/754/535
f 565/750/531 567/752/533 570/755/536
f 565/750/531 570/755/536 568/753/534
f 570/755/536 567/752/533 571/756/537
f 570/755/536 571/756/537 568/753/534
f 568/753/534 571/756/537 569/754/535
f 571/756/537 567/752/533 572/757/538
f 569/754/535 571/756/537 573/758/539
f 573/758/539 571/756/537 572/757/538
f 569/754/535 573/758/539 574/759/540
f 574/759/540 573/758/539 575/760/541
f 575/760/541 573/758/539 576/761/542
f 576/761/542 573/758/539 572/757/538
f 576/761/542 572/757/538 577/762/543
f 193/763/182 324/764/301 198/765/187
f 193/763/182 198/765/187 195/766/184
f 198/765/187 324/764/301 578/767/544
f 198/765/187 578/767/544 202/768/191
f 578/767/544 324/764/301 579/769/545
f 202/768/191 578/767/544 580/770/546
f 580/770/546 578/767/544 579/769/545
f 579/769/545 324/764/301 411/771/384
f 411/771/384 324/764/301 326/772/303
f 411/771/384 326/772/303 328/773/305
f 579/769/545 411/771/384 581/774/547
f 579/769/545 581/774/547 582/775/548
f 581/774/547 411/771/384 583/776/549
f 583/776/549 411/771/384 413/777/386
f 582/775/548 581/774/547 584/778/550
f 584/778/550 581/774/547 583/776/549
f 583/776/549 413/777/386 585/779/551
f 583/776/549 585/779/551 584/778/550
f 584/778/550 585/779/551 582/775/548
f 582/775/548 585/779/551 579/769/545
f 585/779/551 413/777/386 414/780/387
f 579/769/545 585/779/551 586/781/552
f 586/781/552 585/779/551 414/780/387
f 586/781/552 414/780/387 418/782/391
f 579/769/545 586/781/552 580/770/546
f 580/770/546 586/781/552 587/783/553
f 587/783/553 586/781/552 588/784/554
f 587/783/553 588/784/554 589/785/555
f 587/783/553 589/785/555 209/786/198
f 587/783/553 209/786/198 205/787/194
f 587/783/553 205/787/194 202/768/191
f 580/770/546 587/783/553 590/788/556
f 590/788/556 587/783/553 202/768/191
f 580/770/546 590/788/556 591/789/557
f 591/789/557 590/788/556 202/768/191
f 592/790/558 202/768/191 580/770/546
f 202/768/191 592/790/558 591/789/557
f 591/789/557 592/790/558 580/770/546
f 114/791/110 535/792/504 593/793/559
f 535/792/504 114/791/110 363/794/337
f 593/793/559 535/792/504 594/795/560
f 114/791/110 593/793/559 595/796/561
f 114/791/110 595/796/561 113/797/109
f 113/797/109 595/796/561 596/798/562
f 596/798/562 595/796/561 597/799/563
f 597/799/563 595/796/561 598/800/564
f 598/800/564 595/796/561 599/801/565
f 599/801/565 595/796/561 593/793/559
f 598/800/564 599/801/565 600/802/566
f 600/802/566 599/801/565 601/803/567
f 601/803/567 599/801/565 602/804/568
f 602/804/568 599/801/565 603/805/569
f 602/804/568 603/805/569 604/806/570
f 603/805/569 599/801/565 605/807/571
f 599/801/565 593/793/559 606/808/572
f 599/801/565 606/808/572 605/807/571
f 606/808/572 593/793/559 594/795/560
f 605/807/571 606/808/572 607/809/573
f 606/808/572 594/795/560 608/810/574
f 606/808/572 608/810/574 607/809/573
f 607/809/573 608/810/574 609/811/575
f 563/812/529 355/813/330 354/814/329
f 563/812/529 354/814/329 610/815/576
f 610/815/576 354/814/329 611/816/577
f 610/815/576 611/816/577 612/817/578
f 563/812/529 610/815/576 566/818/532
f 610/815/576 612/817/578 613/819/579
f 566/818/532 610/815/576 614/820/580
f 614/820/580 610/815/576 613/819/579
f 566/818/532 614/820/580 615/821/581
f 615/821/581 614/820/580 613/819/579
f 613/819/579 612/817/578 616/822/582
f 566/818/532 615/821/581 617/823/583
f 617/823/583 615/821/581 613/819/579
f 566/818/532 617/823/583 567/824/533
f 617/823/583 613/819/579 618/825/584
f 617/823/583 618/825/584 567/824/533
f 618/825/584 613/819/579 616/822/582
f 567/824/533 618/825/584 572/826/538
f 618/825/584 616/822/582 619/827/585
f 619/827/585 616/822/582 620/828/586
f 572/826/538 618/825/584 621/829/587
f 621/829/587 618/825/584 619/827/585
f 572/826/538 621/829/587 577/830/543
f 619/827/585 620/828/586 622/831/588
f 621/829/587 619/827/585 623/832/589
f 621/829/587 623/832/589 577/830/543
f 623/832/589 619/827/585 622/831/588
f 577/830/543 623/832/589 624/833/590
f 624/833/590 623/832/589 622/831/588
f 577/830/543 624/833/590 625/834/591
f 625/834/591 624/833/590 626/835/592
f 626/835/592 624/833/590 627/836/444
f 626/835/592 627/836/444 628/837/593
f 624/833/590 622/831/588 629/838/594
f 624/833/590 629/838/594 627/836/444
f 627/836/444 629/838/594 630/839/595
f 630/839/595 629/838/594 631/840/596
f 629/838/594 622/831/588 632/841/597
f 631/840/596 629/838/594 633/842/598
f 629/838/594 632/841/597 634/843/599
f 629/838/594 634/843/599 633/842/598
f 633/842/598 634/843/599 635/844/600
f 634/843/599 632/841/597 636/845/601
f 634/843/599 636/845/601 635/846/602
f 611/847/577 354/848/329 66/849/64
f 611/847/577 66/849/64 74/850/72
f 611/847/577 74/850/72 637/851/603
f 637/851/603 74/850/72 76/852/74
f 611/847/577 637/851/603 612/853/578
f 612/853/578 637/851/603 638/854/604
f 612/853/578 638/854/604 639/855/605
f 639/855/605 638/854/604 637/851/603
f 612/853/578 639/855/605 616/856/582
f 637/851/603 76/852/74 640/857/606
f 637/851/603 640/857/606 639/855/605
f 640/857/606 76/852/74 641/858/607
f 616/856/582 639/855/605 642/859/608
f 642/859/608 639/855/605 640/857/606
f 642/859/608 640/857/606 641/858/607
f 616/856/582 642/859/608 620/860/586
f 620/860/586 642/859/608 641/858/607
f 620/860/586 641/858/607 643/861/609
f 620/860/586 643/861/609 644/862/610
f 620/860/586 644/862/610 622/863/588
f 622/863/588 644/862/610 645/864/611
f 645/864/611 644/862/610 646/865/612
f 645/864/611 646/865/612 633/866/613
f 645/864/611 633/866/613 635/867/614
f 622/863/588 645/864/611 632/868/597
f 632/868/597 645/864/611 635/869/615
f 632/868/597 635/869/615 636/870/601
f 647/871/616 648/872/617 649/873/618
f 648/872/617 647/871/616 650/874/619
f 649/873/618 648/872/617 651/875/332
f 649/873/618 651/875/332 647/871/616
f 648/872/617 650/874/619 652/876/620
f 648/872/617 652/876/620 651/875/332
f 652/876/620 650/874/619 653/877/621
f 652/876/620 653/877/621 654/878/622
f 651/875/332 652/876/620 507/879/476
f 647/871/616 651/875/332 655/880/623
f 655/880/623 651/875/332 507/879/476
f 647/871/616 655/880/623 656/881/624
f 656/881/624 655/880/623 657/882/625
f 657/882/625 655/880/623 509/883/478
f 509/883/478 655/880/623 507/879/476
f 507/879/476 652/876/620 506/884/475
f 506/884/475 652/876/620 658/885/622
f 658/885/622 652/876/620 654/878/622
f 506/884/475 658/885/622 505/886/474
f 505/886/474 658/885/622 551/887/519
f 505/886/474 551/887/519 499/888/468
f 658/885/622 654/878/622 659/889/146
f 658/885/622 659/889/146 551/887/519
f 551/887/519 659/889/146 554/890/84
f 659/889/146 654/878/622 660/891/626
f 554/890/84 659/889/146 559/892/16
f 659/889/146 660/891/626 661/893/144
f 659/889/146 661/893/144 559/892/16
f 559/892/16 661/893/144 660/891/626
f 459/894/430 662/895/627 650/896/619
f 650/896/619 662/895/627 653/897/621
f 653/897/621 662/895/627 654/898/622
f 654/898/622 662/895/627 663/899/628
f 654/898/622 663/899/628 462/900/433
f 462/900/433 663/899/628 460/901/431
f 460/901/431 663/899/628 662/895/627
f 460/901/431 662/895/627 459/894/430
f 459/894/430 650/896/619 664/902/629
f 664/902/629 650/896/619 665/903/630
f 664/902/629 665/903/630 459/894/430
f 665/903/630 650/896/619 666/904/631
f 665/903/630 666/904/631 459/894/430
f 666/904/631 650/896/619 647/905/616
f 459/894/430 666/904/631 441/906/413
f 666/904/631 647/905/616 656/907/624
f 441/906/413 666/904/631 667/908/632
f 667/908/632 666/904/631 656/907/624
f 441/906/413 667/908/632 443/909/415
f 667/908/632 656/907/624 668/910/633
f 667/908/632 668/910/633 443/909/415
f 668/910/633 656/907/624 657/911/625
f 668/910/633 657/911/625 669/912/634
f 668/910/633 669/912/634 670/913/635
f 668/910/633 670/913/635 443/909/415
f 443/909/415 670/913/635 447/914/419
f 443/909/415 447/914/419 445/915/417
f 447/914/419 670/913/635 449/916/421
f 335/917/310 671/918/616 340/919/315
f 671/918/616 335/917/310 270/920/255
f 318/921/295 317/922/294 270/920/255
f 270/920/255 317/922/294 316/923/293
f 270/920/255 316/923/293 672/924/311
f 270/920/255 672/924/311 671/918/616
f 672/924/311 316/923/293 315/925/292
f 340/919/315 671/918/616 673/926/636
f 673/926/636 671/918/616 672/924/311
f 339/927/314 340/919/315 342/928/317
f 342/928/317 340/919/315 673/926/636
f 672/924/311 315/925/292 20/929/19
f 20/929/19 315/925/292 52/930/50
f 672/924/311 20/929/19 19/931/18
f 672/924/311 19/931/18 113/932/109
f 672/924/311 113/932/109 673/926/636
f 673/926/636 113/932/109 596/933/562
f 342/928/317 673/926/636 674/934/637
f 674/934/637 673/926/636 596/933/562
f 674/934/637 596/933/562 675/935/638
f 342/928/317 674/934/637 344/936/319
f 674/934/637 675/935/638 676/937/458
f 674/934/637 676/937/458 344/936/319
f 344/936/319 676/937/458 346/938/321
f 384/939/358 677/940/426 678/941/639
f 384/939/358 678/941/639 483/942/453
f 677/940/426 384/939/358 385/943/359
f 483/942/453 678/941/639 679/944/640
f 483/942/453 679/944/640 680/945/641
f 678/941/639 677/940/426 681/946/642
f 678/941/639 681/946/642 679/944/640
f 680/945/641 679/944/640 682/947/643
f 680/945/641 682/947/643 683/948/644
f 682/947/643 679/944/640 684/949/645
f 682/947/643 684/949/645 683/948/644
f 679/944/640 681/946/642 685/950/646
f 679/944/640 685/950/646 684/949/645
f 686/951/647 681/946/642 677/940/426
f 681/946/642 686/951/647 687/952/648
f 681/946/642 687/952/648 685/950/646
f 685/950/646 687/952/648 686/951/647
f 686/951/647 677/940/426 688/953/649
f 686/951/647 688/953/649 685/950/646
f 688/953/649 677/940/426 385/943/359
f 689/954/650 684/949/645 685/950/646
f 689/954/650 685/950/646 688/953/649
f 688/953/649 385/943/359 690/955/651
f 688/953/649 690/955/651 689/954/650
f 689/954/650 690/955/651 684/949/645
f 690/955/651 385/943/359 564/956/530
f 684/949/645 690/955/651 691/957/652
f 684/949/645 691/957/652 683/948/644
f 690/955/651 564/956/530 692/958/653
f 690/955/651 692/958/653 691/957/652
f 691/957/652 692/958/653 564/956/530
f 691/957/652 564/956/530 569/959/535
f 691/957/652 569/959/535 683/948/644
f 683/948/644 569/959/535 693/960/654
f 693/960/654 569/959/535 574/961/540
f 693/960/654 574/961/540 683/948/644
f 511/962/480 657/963/625 509/964/478
f 657/963/625 511/962/480 669/965/634
f 669/965/634 511/962/480 694/966/655
f 694/966/655 511/962/480 514/967/483
f 669/965/634 694/966/655 695/968/656
f 694/966/655 514/967/483 696/969/657
f 694/966/655 696/969/657 695/968/656
f 695/968/656 696/969/657 697/970/658
f 695/968/656 697/970/658 698/971/417
f 697/970/658 696/969/657 699/972/659
f 697/970/658 699/972/659 698/971/417
f 698/971/417 699/972/659 700/973/272
f 700/973/272 699/972/659 701/974/598
f 701/974/598 699/972/659 561/975/527
f 675/976/638 596/977/562 702/978/660
f 702/978/660 596/977/562 597/979/563
f 675/976/638 702/978/660 539/980/381
f 539/980/381 702/978/660 538/981/507
f 675/976/638 539/980/381 540/982/508
f 526/983/495 703/984/304 528/985/497
f 703/984/304 526/983/495 345/986/320
f 703/984/304 345/986/320 347/987/322
f 528/985/497 703/984/304 704/988/661
f 528/985/497 704/988/661 464/989/435
f 464/989/435 704/988/661 478/990/448
f 704/988/661 703/984/304 705/991/662
f 705/991/662 703/984/304 347/987/322
f 478/990/448 704/988/661 706/992/663
f 706/992/663 704/988/661 705/991/662
f 478/990/448 706/992/663 477/993/447
f 477/993/447 706/992/663 707/994/664
f 706/992/663 705/991/662 708/995/665
f 706/992/663 708/995/665 707/994/664
f 708/995/665 705/991/662 347/987/322
f 707/994/664 708/995/665 709/996/666
f 708/995/665 347/987/322 346/997/321
f 708/995/665 346/997/321 709/996/666
f 709/996/666 346/997/321 710/998/667
f 710/998/667 346/997/321 676/999/458
f 709/996/666 710/998/667 711/1000/668
f 538/1001/507 702/1002/660 712/1003/669
f 538/1001/507 712/1003/669 537/1004/506
f 712/1003/669 702/1002/660 597/1005/563
f 537/1004/506 712/1003/669 713/1006/670
f 713/1006/670 712/1003/669 597/1005/563
f 537/1004/506 713/1006/670 535/1007/504
f 535/1007/504 713/1006/670 594/1008/560
f 594/1008/560 713/1006/670 608/1009/574
f 713/1006/670 597/1005/563 714/1010/671
f 713/1006/670 714/1010/671 608/1009/574
f 714/1010/671 597/1005/563 598/1011/564
f 608/1009/574 714/1010/671 715/1012/672
f 715/1012/672 714/1010/671 598/1011/564
f 608/1009/574 715/1012/672 716/1013/673
f 715/1012/672 598/1011/564 717/1014/674
f 716/1013/673 715/1012/672 546/1015/514
f 715/1012/672 717/1014/674 718/1016/675
f 715/1012/672 718/1016/675 546/1015/514
f 718/1016/675 717/1014/674 544/1017/512
f 718/1016/675 544/1017/512 546/1015/514
f 462/1018/433 660/1019/626 654/1020/622
f 660/1019/626 462/1018/433 467/1021/30
f 660/1019/626 467/1021/30 559/1022/16
f 559/1022/16 467/1021/30 469/1023/439
f 559/1022/16 469/1023/439 719/1024/676
f 438/1025/410 430/1026/402 396/1027/369
f 430/1026/402 438/1025/410 428/1028/400
f 428/1028/400 438/1025/410 720/1029/677
f 428/1028/400 720/1029/677 422/1030/395
f 720/1029/677 438/1025/410 452/1031/424
f 422/1030/395 720/1029/677 419/1032/392
f 720/1029/677 452/1031/424 721/1033/678
f 721/1033/678 452/1031/424 722/1034/679
f 720/1029/677 721/1033/678 723/1035/680
f 723/1035/680 721/1033/678 722/1034/679
f 720/1029/677 723/1035/680 419/1032/392
f 723/1035/680 722/1034/679 724/1036/681
f 419/1032/392 723/1035/680 725/1037/682
f 725/1037/682 723/1035/680 724/1036/681
f 419/1032/392 725/1037/682 417/1038/390
f 417/1038/390 725/1037/682 726/1039/683
f 417/1038/390 726/1039/683 727/1040/684
f 725/1037/682 724/1036/681 728/1041/685
f 726/1039/683 725/1037/682 729/1042/686
f 726/1039/683 729/1042/686 730/1043/687
f 729/1042/686 725/1037/682 728/1041/685
f 728/1041/685 724/1036/681 731/1044/688
f 728/1041/685 731/1044/688 732/1045/689
f 732/1045/689 731/1044/688 733/1046/690
f 732/1045/689 733/1046/690 734/1047/691
f 728/1041/685 732/1045/689 735/1048/692
f 728/1041/685 735/1048/692 729/1042/686
f 736/1049/693 729/1042/686 737/1050/694
f 737/1050/694 729/1042/686 735/1048/692
f 737/1050/694 735/1048/692 738/1051/695
f 738/1051/695 735/1048/692 739/1052/696
f 739/1052/696 735/1048/692 740/1053/697
f 740/1053/697 735/1048/692 732/1045/689
f 739/1052/696 740/1053/697 741/1054/698
f 741/1054/698 740/1053/697 742/1055/699
f 740/1053/697 732/1045/689 743/1056/700
f 740/1053/697 743/1056/700 742/1055/699
f 743/1056/700 732/1045/689 744/1057/701
f 742/1055/699 743/1056/700 745/1058/702
f 743/1056/700 744/1057/701 746/1059/703
f 745/1058/702 743/1056/700 473/1060/443
f 473/1060/443 743/1056/700 746/1059/703
f 745/1058/702 473/1060/443 747/1061/704
f 473/1060/443 746/1059/703 470/1062/440
f 545/1063/513 675/1064/638 540/1065/508
f 675/1064/638 545/1063/513 748/1066/705
f 545/1063/513 540/1065/508 541/1067/509
f 265/1068/250 170/1069/160 252/1070/237
f 252/1070/237 170/1069/160 169/1071/159
f 252/1070/237 169/1071/159 749/1072/706
f 252/1070/237 749/1072/706 250/1073/148
f 250/1073/148 749/1072/706 750/1074/30
f 250/1073/148 750/1074/30 751/1075/151
f 250/1073/148 751/1075/151 248/1076/151
f 248/1076/151 751/1075/151 752/1077/148
f 248/1076/151 752/1077/148 247/1078/140
f 247/1078/140 752/1077/148 245/1079/234
f 245/1079/234 752/1077/148 244/1080/233
f 244/1080/233 752/1077/148 753/1081/21
f 753/1081/21 752/1077/148 754/1082/707
f 753/1081/21 754/1082/707 755/1083/708
f 244/1080/233 753/1081/21 756/1084/151
f 756/1084/151 753/1081/21 755/1083/708
f 244/1080/233 756/1084/151 272/1085/14
f 756/1084/151 755/1083/708 757/1086/709
f 757/1086/709 755/1083/708 758/1087/710
f 757/1086/709 758/1087/710 759/1088/711
f 756/1084/151 757/1086/709 760/1089/712
f 760/1089/712 757/1086/709 759/1088/711
f 756/1084/151 760/1089/712 272/1085/14
f 760/1089/712 759/1088/711 761/1090/713
f 760/1089/712 761/1090/713 272/1085/14
f 641/1091/607 76/1092/74 295/1093/275
f 641/1091/607 295/1093/275 762/1094/714
f 641/1091/607 762/1094/714 643/1095/609
f 762/1094/714 295/1093/275 296/1096/276
f 643/1095/609 762/1094/714 763/1097/715
f 643/1095/609 763/1097/715 644/1098/610
f 644/1098/610 763/1097/715 764/1099/716
f 763/1097/715 762/1094/714 765/1100/717
f 765/1100/717 762/1094/714 296/1096/276
f 765/1100/717 296/1096/276 297/1101/277
f 748/1102/705 676/1103/458 675/1104/638
f 676/1103/458 748/1102/705 766/1105/718
f 766/1105/718 748/1102/705 600/1106/566
f 676/1103/458 766/1105/718 767/1107/719
f 676/1103/458 767/1107/719 710/1108/667
f 767/1107/719 766/1105/718 768/1109/720
f 768/1109/720 766/1105/718 600/1106/566
f 767/1107/719 768/1109/720 769/1110/721
f 769/1110/721 768/1109/720 600/1106/566
f 769/1110/721 600/1106/566 601/1111/567
f 770/1112/272 266/1113/251 170/1114/160
f 770/1112/272 170/1114/160 171/1115/722
f 171/1115/722 170/1114/160 771/1116/723
f 266/1113/251 770/1112/272 771/1117/723
f 771/1117/723 770/1112/272 772/1118/724
f 266/1113/251 771/1117/723 265/1119/250
f 265/1119/250 771/1117/723 170/1120/160
f 773/1121/725 486/1122/456 483/1123/453
f 773/1121/725 483/1123/453 680/1124/641
f 486/1122/456 773/1121/725 774/1125/726
f 774/1125/726 773/1121/725 680/1124/641
f 486/1122/456 774/1125/726 489/1126/459
f 489/1126/459 774/1125/726 775/1127/727
f 774/1125/726 680/1124/641 776/1128/728
f 774/1125/726 776/1128/728 775/1127/727
f 776/1128/728 680/1124/641 683/1129/644
f 489/1126/459 775/1127/727 777/1130/729
f 777/1130/729 775/1127/727 776/1128/728
f 776/1128/728 683/1129/644 778/1131/730
f 776/1128/728 778/1131/730 777/1130/729
f 778/1131/730 683/1129/644 779/1132/731
f 778/1131/730 779/1132/731 777/1130/729
f 779/1132/731 683/1129/644 574/1133/540
f 779/1132/731 574/1133/540 575/1134/541
f 779/1132/731 575/1134/541 780/1135/732
f 780/1135/732 575/1134/541 781/1136/733
f 779/1132/731 780/1135/732 782/1137/734
f 777/1130/729 779/1132/731 783/1138/735
f 783/1138/735 779/1132/731 782/1137/734
f 782/1137/734 780/1135/732 784/1139/736
f 777/1130/729 783/1138/735 785/1140/737
f 777/1130/729 785/1140/737 489/1126/459
f 489/1126/459 785/1140/737 491/1141/461
f 783/1138/735 782/1137/734 786/1142/738
f 782/1137/734 784/1139/736 787/1143/739
f 782/1137/734 787/1143/739 786/1142/738
f 783/1138/735 786/1142/738 788/1144/740
f 788/1144/740 786/1142/738 787/1143/739
f 783/1138/735 788/1144/740 785/1140/737
f 788/1144/740 787/1143/739 784/1139/736
f 789/1145/741 491/1141/461 785/1140/737
f 789/1145/741 785/1140/737 788/1144/740
f 491/1141/461 789/1145/741 493/1146/463
f 788/1144/740 784/1139/736 790/1147/742
f 788/1144/740 790/1147/742 789/1145/741
f 493/1146/463 789/1145/741 791/1148/743
f 791/1148/743 789/1145/741 790/1147/742
f 493/1146/463 791/1148/743 518/1149/487
f 518/1149/487 791/1148/743 790/1147/742
f 790/1147/742 784/1139/736 792/1150/744
f 518/1149/487 790/1147/742 793/1151/745
f 793/1151/745 790/1147/742 792/1150/744
f 794/1152/206 345/1153/320 526/1154/495
f 345/1153/320 794/1152/206 343/1155/318
f 343/1155/318 794/1152/206 524/1156/493
f 794/1152/206 526/1154/495 527/1157/496
f 524/1156/493 794/1152/206 795/1158/746
f 795/1158/746 794/1152/206 527/1157/496
f 795/1158/746 527/1157/496 796/1159/747
f 795/1158/746 796/1159/747 797/1160/748
f 797/1160/748 796/1159/747 476/1161/446
f 797/1160/748 476/1161/446 477/1162/447
f 797/1160/748 477/1162/447 707/1163/664
f 797/1160/748 707/1163/664 709/1164/666
f 797/1160/748 709/1164/666 795/1158/746
f 795/1158/746 709/1164/666 711/1165/668
f 545/1166/513 717/1167/674 748/1168/705
f 717/1167/674 545/1166/513 544/1169/512
f 748/1168/705 717/1167/674 598/1170/564
f 748/1168/705 598/1170/564 600/1171/566
f 523/1172/492 524/1173/493 798/1174/749
f 798/1174/749 524/1173/493 799/1175/750
f 527/1176/496 523/1172/492 747/1177/704
f 747/1177/704 523/1172/492 798/1174/749
f 747/1177/704 798/1174/749 800/1178/751
f 798/1174/749 799/1175/750 801/1179/752
f 800/1178/751 798/1174/749 802/1180/753
f 802/1180/753 798/1174/749 801/1179/752
f 800/1178/751 802/1180/753 803/1181/754
f 802/1180/753 801/1179/752 804/1182/755
f 804/1182/755 801/1179/752 805/1183/460
f 805/1183/460 801/1179/752 806/1184/756
f 805/1183/460 806/1184/756 807/1185/757
f 802/1180/753 804/1182/755 808/1186/758
f 802/1180/753 808/1186/758 803/1181/754
f 808/1186/758 804/1182/755 809/1187/272
f 809/1187/272 804/1182/755 810/1188/759
f 808/1186/758 809/1187/272 811/1189/595
f 809/1187/272 810/1188/759 812/1190/272
f 809/1187/272 812/1190/272 811/1189/595
f 811/1189/595 812/1190/272 808/1186/758
f 812/1190/272 810/1188/759 813/1191/759
f 808/1186/758 812/1190/272 814/1192/760
f 814/1192/760 812/1190/272 813/1191/759
f 808/1186/758 814/1192/760 803/1181/754
f 814/1192/760 813/1191/759 815/1193/761
f 814/1192/760 815/1193/761 816/1194/762
f 814/1192/760 816/1194/762 817/1195/763
f 803/1181/754 814/1192/760 818/1196/764
f 818/1196/764 814/1192/760 817/1195/763
f 803/1181/754 818/1196/764 819/1197/765
f 819/1197/765 818/1196/764 820/1198/766
f 820/1198/766 818/1196/764 821/1199/767
f 821/1199/767 818/1196/764 822/1200/768
f 821/1199/767 822/1200/768 823/1201/769
f 823/1201/769 822/1200/768 818/1196/764
f 823/1201/769 818/1196/764 817/1195/763
f 823/1201/769 817/1195/763 824/1202/770
f 823/1201/769 824/1202/770 742/1203/699
f 823/1201/769 742/1203/699 825/1204/771
f 742/1203/699 824/1202/770 741/1205/698
f 741/1205/698 824/1202/770 739/1206/696
f 719/1207/676 558/1208/525 559/1209/16
f 558/1208/525 719/1207/676 560/1210/526
f 560/1210/526 719/1207/676 826/1211/772
f 560/1210/526 826/1211/772 561/1212/527
f 827/1213/773 828/1214/774 826/1211/772
f 561/1212/527 826/1211/772 829/1215/775
f 829/1215/775 826/1211/772 828/1214/774
f 561/1212/527 829/1215/775 830/1216/776
f 561/1212/527 830/1216/776 701/1217/598
f 829/1215/775 828/1214/774 831/1218/777
f 831/1218/777 828/1214/774 832/1219/778
f 830/1216/776 829/1215/775 833/1220/779
f 833/1220/779 829/1215/775 831/1218/777
f 831/1218/777 832/1219/778 834/1221/780
f 830/1216/776 833/1220/779 834/1221/780
f 834/1221/780 832/1219/778 835/1222/14
f 830/1216/776 834/1221/780 836/1223/781
f 836/1223/781 834/1221/780 835/1222/14
f 831/1218/777 834/1221/780 837/1224/782
f 837/1224/782 834/1221/780 833/1220/779
f 837/1224/782 833/1220/779 831/1218/777
f 711/1225/668 710/1226/667 767/1227/719
f 711/1225/668 767/1227/719 838/1228/783
f 838/1228/783 767/1227/719 769/1229/721
f 838/1228/783 769/1229/721 839/1230/784
f 711/1225/668 838/1228/783 840/1231/785
f 840/1231/785 838/1228/783 839/1230/784
f 711/1225/668 840/1231/785 795/1232/746
f 795/1232/746 840/1231/785 524/1233/493
f 839/1230/784 769/1229/721 841/1234/786
f 839/1230/784 841/1234/786 840/1231/785
f 524/1233/493 840/1231/785 799/1235/750
f 799/1235/750 840/1231/785 841/1234/786
f 806/1236/756 801/1237/752 799/1235/750
f 806/1236/756 799/1235/750 842/1238/787
f 842/1238/787 799/1235/750 841/1234/786
f 842/1238/787 841/1234/786 843/1239/788
f 843/1239/788 841/1234/786 844/1240/570
f 842/1238/787 843/1239/788 845/1241/786
f 842/1238/787 845/1241/786 846/1242/789
f 719/1243/676 469/1244/439 847/1245/790
f 719/1243/676 847/1245/790 826/1246/772
f 826/1246/772 847/1245/790 827/1247/773
f 827/1247/773 847/1245/790 848/1248/791
f 847/1245/790 469/1244/439 849/1249/792
f 847/1245/790 849/1249/792 848/1248/791
f 849/1249/792 469/1244/439 470/1250/440
f 848/1248/791 849/1249/792 850/1251/787
f 849/1249/792 470/1250/440 851/1252/793
f 849/1249/792 851/1252/793 850/1251/787
f 851/1252/793 470/1250/440 852/1253/794
f 851/1252/793 852/1253/794 850/1251/787
f 852/1253/794 470/1250/440 746/1254/703
f 848/1248/791 850/1251/787 853/1255/795
f 852/1253/794 746/1254/703 854/1256/796
f 850/1251/787 852/1253/794 855/1257/797
f 855/1257/797 852/1253/794 854/1256/796
f 854/1256/796 746/1254/703 744/1258/701
f 850/1251/787 855/1257/797 856/1259/798
f 850/1251/787 856/1259/798 853/1255/795
f 855/1257/797 854/1256/796 449/1260/421
f 855/1257/797 449/1260/421 856/1259/798
f 856/1259/798 449/1260/421 670/1261/635
f 449/1260/421 854/1256/796 448/1262/420
f 856/1259/798 670/1261/635 857/1263/799
f 856/1259/798 857/1263/799 853/1255/795
f 857/1263/799 670/1261/635 669/1264/634
f 853/1255/795 857/1263/799 858/1265/800
f 858/1265/800 857/1263/799 669/1264/634
f 448/1262/420 854/1256/796 859/1266/801
f 859/1266/801 854/1256/796 744/1258/701
f 448/1262/420 859/1266/801 860/1267/802
f 860/1267/802 859/1266/801 744/1258/701
f 860/1267/802 744/1258/701 732/1268/689
f 448/1262/420 860/1267/802 451/1269/423
f 452/1270/424 451/1269/423 722/1271/679
f 722/1271/679 451/1269/423 724/1272/681
f 451/1269/423 860/1267/802 861/1273/803
f 451/1269/423 861/1273/803 724/1272/681
f 861/1273/803 860/1267/802 732/1268/689
f 724/1272/681 861/1273/803 731/1274/688
f 861/1273/803 732/1268/689 862/1275/804
f 861/1273/803 862/1275/804 731/1274/688
f 862/1275/804 732/1268/689 734/1276/691
f 731/1274/688 862/1275/804 733/1277/690
f 733/1277/690 862/1275/804 734/1276/691
f 796/1278/747 527/1279/496 747/1280/704
f 796/1278/747 747/1280/704 476/1281/446
f 476/1281/446 747/1280/704 473/1282/443
f 96/1283/93 97/1284/94 308/1285/288
f 308/1285/288 97/1284/94 100/1286/97
f 308/1285/288 100/1286/97 863/1287/805
f 864/1288/806 865/1289/807 866/1290/808
f 865/1289/807 864/1288/806 867/1291/809
f 866/1290/808 865/1289/807 868/1292/810
f 868/1292/810 865/1289/807 867/1291/809
f 866/1290/808 868/1292/810 869/1293/811
f 866/1290/808 869/1293/811 870/1294/812
f 870/1294/812 869/1293/811 871/1295/813
f 864/1288/806 866/1290/808 603/1296/569
f 603/1296/569 866/1290/808 872/1297/814
f 864/1288/806 603/1296/569 873/1298/815
f 864/1288/806 873/1298/815 867/1291/809
f 873/1298/815 603/1296/569 874/1299/816
f 873/1298/815 874/1299/816 867/1291/809
f 874/1299/816 603/1296/569 605/1300/571
f 867/1291/809 874/1299/816 875/1301/422
f 867/1291/809 875/1301/422 876/1302/817
f 867/1291/809 876/1302/817 868/1292/810
f 868/1292/810 876/1302/817 877/1303/818
f 878/1304/819 879/1305/820 548/1306/516
f 878/1304/819 548/1306/516 556/1307/523
f 879/1305/820 878/1304/819 792/1308/744
f 548/1306/516 879/1305/820 716/1309/673
f 548/1306/516 716/1309/673 546/1310/514
f 716/1309/673 879/1305/820 880/1311/821
f 880/1311/821 879/1305/820 792/1308/744
f 880/1311/821 792/1308/744 881/1312/822
f 880/1311/821 881/1312/822 882/1313/823
f 881/1312/822 792/1308/744 784/1314/736
f 881/1312/822 784/1314/736 780/1315/732
f 589/1316/555 208/1317/197 209/1318/198
f 208/1317/197 589/1316/555 883/1319/824
f 208/1317/197 883/1319/824 884/1320/825
f 208/1317/197 884/1320/825 212/1321/201
f 884/1320/825 883/1319/824 885/1322/826
f 883/1319/824 589/1316/555 886/1323/827
f 886/1323/827 589/1316/555 588/1324/554
f 886/1323/827 588/1324/554 887/1325/828
f 887/1325/828 588/1324/554 888/1326/829
f 888/1326/829 588/1324/554 820/1327/766
f 889/1328/830 825/1329/771 820/1327/766
f 889/1328/830 820/1327/766 730/1330/687
f 730/1330/687 820/1327/766 588/1324/554
f 730/1330/687 588/1324/554 727/1331/684
f 730/1330/687 727/1331/684 726/1332/683
f 727/1331/684 588/1324/554 418/1333/391
f 418/1333/391 588/1324/554 586/1334/552
f 727/1331/684 418/1333/391 417/1335/390
f 890/1336/458 891/1337/831 892/1338/832
f 892/1338/832 891/1337/831 893/1339/833
f 893/1339/833 891/1337/831 890/1336/458
f 696/1340/657 514/1341/483 894/1342/834
f 696/1340/657 894/1342/834 895/1343/835
f 696/1340/657 895/1343/835 699/1344/659
f 894/1342/834 514/1341/483 515/1345/484
f 895/1343/835 894/1342/834 896/1346/836
f 895/1343/835 896/1346/836 699/1344/659
f 896/1346/836 894/1342/834 515/1345/484
f 699/1344/659 896/1346/836 561/1347/527
f 561/1347/527 896/1346/836 897/1348/837
f 561/1347/527 897/1348/837 557/1349/524
f 896/1346/836 515/1345/484 898/1350/838
f 896/1346/836 898/1350/838 897/1348/837
f 557/1349/524 897/1348/837 899/1351/839
f 899/1351/839 897/1348/837 898/1350/838
f 557/1349/524 899/1351/839 556/1352/523
f 556/1352/523 899/1351/839 878/1353/819
f 898/1350/838 515/1345/484 900/1354/840
f 898/1350/838 900/1354/840 899/1351/839
f 900/1354/840 515/1345/484 517/1355/486
f 900/1354/840 517/1355/486 518/1356/487
f 900/1354/840 518/1356/487 899/1351/839
f 899/1351/839 518/1356/487 878/1353/819
f 878/1353/819 518/1356/487 793/1357/745
f 878/1353/819 793/1357/745 792/1358/744
f 842/1359/787 901/1360/841 806/1361/756
f 806/1361/756 901/1360/841 807/1362/757
f 901/1360/841 842/1359/787 902/1363/842
f 901/1360/841 902/1363/842 807/1362/757
f 902/1363/842 842/1359/787 903/1364/843
f 902/1363/842 903/1364/843 807/1362/757
f 903/1364/843 842/1359/787 904/1365/844
f 807/1362/757 903/1364/843 905/1366/757
f 905/1366/757 903/1364/843 904/1365/844
f 905/1366/757 904/1365/844 906/1367/845
f 905/1366/757 906/1367/845 907/1368/846
f 843/1369/788 844/1370/570 845/1371/786
f 602/1372/568 604/1373/570 844/1370/570
f 844/1370/570 604/1373/570 845/1371/786
f 845/1371/786 604/1373/570 893/1374/833
f 908/1375/847 909/1376/848 893/1374/833
f 893/1374/833 909/1376/848 910/1377/849
f 893/1374/833 910/1377/849 845/1371/786
f 910/1377/849 909/1376/848 911/1378/458
f 845/1371/786 910/1377/849 912/1379/850
f 912/1379/850 910/1377/849 911/1378/458
f 845/1371/786 912/1379/850 913/1380/851
f 913/1380/851 912/1379/850 911/1378/458
f 845/1371/786 913/1380/851 846/1381/789
f 913/1380/851 911/1378/458 914/1382/715
f 913/1380/851 914/1382/715 915/1383/458
f 904/1384/844 842/1385/787 916/1386/852
f 916/1386/852 842/1385/787 846/1387/789
f 916/1386/852 846/1387/789 917/1388/853
f 916/1386/852 917/1388/853 904/1384/844
f 904/1384/844 917/1388/853 918/1389/848
f 904/1384/844 918/1389/848 906/1390/845
f 917/1391/853 846/1392/789 913/1393/851
f 917/1391/853 913/1393/851 915/1394/458
f 917/1391/853 915/1394/458 919/1395/609
f 917/1391/853 919/1395/609 920/1396/854
f 841/1397/786 769/1398/721 844/1399/570
f 844/1399/570 769/1398/721 601/1400/567
f 844/1399/570 601/1400/567 602/1401/568
f 893/1402/833 604/1403/570 892/1404/832
f 892/1404/832 604/1403/570 921/1405/855
f 921/1405/855 604/1403/570 872/1406/814
f 872/1406/814 604/1403/570 603/1407/569
f 921/1405/855 872/1406/814 870/1408/812
f 921/1405/855 870/1408/812 871/1409/813
f 870/1408/812 872/1406/814 866/1410/808
f 922/1411/458 892/1412/832 921/1413/855
f 922/1411/458 921/1413/855 923/1414/856
f 892/1412/832 922/1411/458 924/1415/857
f 892/1412/832 924/1415/857 890/1416/458
f 890/1416/458 924/1415/857 925/1417/845
f 890/1416/458 925/1417/845 908/1418/847
f 890/1416/458 908/1418/847 893/1419/833
f 609/1420/575 608/1421/574 716/1422/673
f 609/1420/575 716/1422/673 880/1423/821
f 747/1424/704 800/1425/751 745/1426/702
f 745/1426/702 800/1425/751 742/1427/699
f 742/1427/699 800/1425/751 825/1428/771
f 825/1428/771 800/1425/751 803/1429/754
f 825/1428/771 803/1429/754 819/1430/765
f 825/1428/771 819/1430/765 820/1431/766
f 880/1432/821 882/1433/823 609/1434/575
f 881/1435/822 926/1436/858 882/1437/823
f 926/1436/858 881/1435/822 927/1438/859
f 926/1436/858 927/1438/859 928/1439/860
f 926/1436/858 928/1439/860 929/1440/861
f 929/1440/861 928/1439/860 930/1441/862
f 882/1437/823 926/1436/858 931/1442/863
f 931/1442/863 926/1436/858 929/1440/861
f 931/1442/863 929/1440/861 930/1441/862
f 931/1442/863 930/1441/862 932/1443/864
f 882/1437/823 931/1442/863 609/1444/575
f 931/1442/863 932/1443/864 933/1445/681
f 931/1442/863 933/1445/681 609/1444/575
f 934/1446/865 576/1447/542 932/1443/864
f 932/1443/864 576/1447/542 933/1445/681
f 933/1445/681 576/1447/542 577/1448/543
f 933/1445/681 577/1448/543 935/1449/866
f 933/1445/681 935/1449/866 936/1450/867
f 933/1445/681 936/1450/867 609/1444/575
f 609/1444/575 936/1450/867 605/1451/571
f 605/1451/571 936/1450/867 937/1452/868
f 609/1444/575 605/1451/571 607/1453/573
f 781/1454/733 575/1455/541 576/1456/542
f 781/1454/733 576/1456/542 934/1457/865
f 781/1454/733 934/1457/865 938/1458/869
f 938/1458/869 934/1457/865 939/1459/870
f 939/1459/870 934/1457/865 932/1460/864
f 939/1459/870 932/1460/864 940/1461/871
f 940/1461/871 932/1460/864 930/1462/862
f 938/1458/869 939/1459/870 941/1463/872
f 941/1463/872 939/1459/870 942/1464/873
f 781/1454/733 938/1458/869 943/1465/874
f 781/1454/733 943/1465/874 780/1466/732
f 780/1466/732 943/1465/874 881/1467/822
f 943/1465/874 938/1458/869 944/1468/875
f 944/1468/875 938/1458/869 941/1463/872
f 881/1467/822 943/1465/874 945/1469/876
f 945/1469/876 943/1465/874 944/1468/875
f 881/1467/822 945/1469/876 927/1470/859
f 946/1471/877 941/1463/872 942/1464/873
f 946/1471/877 942/1464/873 947/1472/878
f 946/1471/877 947/1472/878 948/1473/879
f 946/1471/877 948/1473/879 941/1463/872
f 948/1473/879 947/1472/878 949/1474/880
f 927/1470/859 945/1469/876 950/1475/881
f 941/1463/872 948/1473/879 950/1475/881
f 950/1475/881 945/1469/876 944/1468/875
f 950/1475/881 944/1468/875 941/1463/872
f 950/1475/881 948/1473/879 928/1476/860
f 950/1475/881 928/1476/860 927/1470/859
f 935/1477/866 577/1478/543 625/1479/591
f 940/1480/871 936/1481/867 935/1477/866
f 940/1480/871 935/1477/866 939/1482/870
f 939/1482/870 935/1477/866 625/1479/591
f 939/1482/870 625/1479/591 951/1483/882
f 939/1482/870 951/1483/882 942/1484/873
f 951/1483/882 625/1479/591 626/1485/592
f 942/1484/873 951/1483/882 947/1486/878
f 947/1486/878 951/1483/882 626/1485/592
f 947/1486/878 626/1485/592 952/1487/883
f 605/1488/571 937/1489/868 874/1490/816
f 953/1491/884 874/1490/816 954/1492/885
f 954/1492/885 874/1490/816 955/1493/886
f 955/1493/886 874/1490/816 937/1489/868
f 955/1493/886 937/1489/868 954/1492/885
f 954/1492/885 937/1489/868 956/1494/212
f 956/1494/212 937/1489/868 957/1495/887
f 957/1495/887 937/1489/868 958/1496/888
f 959/1497/889 889/1498/830 730/1499/687
f 959/1497/889 730/1499/687 736/1500/693
f 736/1500/693 730/1499/687 729/1501/686
f 959/1497/889 736/1500/693 960/1502/890
f 960/1502/890 736/1500/693 737/1503/694
f 889/1498/830 959/1497/889 821/1504/767
f 821/1504/767 959/1497/889 960/1502/890
f 825/1505/771 889/1498/830 823/1506/769
f 823/1506/769 889/1498/830 821/1504/767
f 888/1507/829 820/1508/766 821/1504/767
f 888/1507/829 821/1504/767 961/1509/891
f 961/1509/891 821/1504/767 962/1510/892
f 962/1510/892 821/1504/767 960/1502/890
f 961/1509/891 962/1510/892 963/1511/854
f 963/1511/854 962/1510/892 816/1512/762
f 816/1512/762 962/1510/892 817/1513/763
f 817/1513/763 962/1510/892 960/1502/890
f 817/1513/763 960/1502/890 964/1514/893
f 964/1514/893 960/1502/890 737/1503/694
f 817/1513/763 964/1514/893 824/1515/770
f 964/1514/893 737/1503/694 965/1516/894
f 964/1514/893 965/1516/894 824/1515/770
f 965/1516/894 737/1503/694 738/1517/695
f 824/1515/770 965/1516/894 739/1518/696
f 965/1516/894 738/1517/695 966/1519/895
f 966/1519/895 738/1517/695 739/1518/696
f 739/1518/696 965/1516/894 967/1520/896
f 967/1520/896 965/1516/894 966/1519/895
f 967/1520/896 966/1519/895 739/1518/696
f 968/1521/897 749/1522/706 169/1523/159
f 968/1521/897 169/1523/159 171/1524/161
f 968/1521/897 171/1524/161 174/1525/898
f 749/1522/706 968/1521/897 969/1526/899
f 749/1522/706 969/1526/899 750/1527/30
f 969/1526/899 968/1521/897 970/1528/900
f 970/1528/900 968/1521/897 174/1525/898
f 970/1528/900 174/1525/898 176/1529/901
f 858/1530/800 971/1531/902 853/1532/795
f 971/1531/902 858/1530/800 669/1533/634
f 853/1532/795 971/1531/902 848/1534/791
f 848/1534/791 971/1531/902 972/1535/903
f 848/1534/791 972/1535/903 973/1536/904
f 848/1534/791 973/1536/904 827/1537/773
f 827/1537/773 973/1536/904 974/1538/905
f 827/1537/773 974/1538/905 828/1539/774
f 828/1539/774 974/1538/905 832/1540/778
f 832/1540/778 974/1538/905 973/1536/904
f 832/1540/778 973/1536/904 975/1541/906
f 975/1541/906 973/1536/904 972/1535/903
f 832/1540/778 975/1541/906 835/1542/14
f 975/1541/906 972/1535/903 976/1543/907
f 835/1542/14 975/1541/906 977/1544/908
f 977/1544/908 975/1541/906 976/1543/907
f 835/1542/14 977/1544/908 978/1545/909
f 835/1542/14 978/1545/909 979/1546/910
f 978/1545/909 977/1544/908 980/1547/911
f 978/1545/909 980/1547/911 981/1548/912
f 978/1545/909 981/1548/912 982/1549/710
f 980/1547/911 977/1544/908 983/1550/913
f 980/1547/911 983/1550/913 984/1551/914
f 983/1550/913 977/1544/908 976/1543/907
f 983/1550/913 976/1543/907 985/1552/915
f 985/1552/915 976/1543/907 986/1553/916
f 985/1552/915 986/1553/916 987/1554/386
f 987/1554/386 986/1553/916 988/1555/903
f 986/1553/916 976/1543/907 989/1556/917
f 986/1553/916 989/1556/917 988/1555/903
f 989/1556/917 976/1543/907 972/1535/903
f 989/1556/917 972/1535/903 971/1531/902
f 989/1556/917 971/1531/902 990/1557/918
f 989/1556/917 990/1557/918 988/1555/903
f 990/1557/918 971/1531/902 991/1558/919
f 988/1555/903 990/1557/918 992/1559/920
f 992/1559/920 990/1557/918 991/1558/919
f 988/1555/903 992/1559/920 993/1560/921
f 993/1560/921 992/1559/920 991/1558/919
f 988/1555/903 993/1560/921 994/1561/922
f 993/1560/921 991/1558/919 995/1562/825
f 995/1562/825 991/1558/919 996/1563/213
f 772/1564/724 174/1565/923 771/1566/723
f 771/1566/723 174/1565/923 171/1567/722
f 174/1565/923 772/1564/724 770/1568/272
f 174/1565/923 770/1568/272 171/1567/722
f 971/1569/902 669/1570/634 695/1571/656
f 971/1569/902 695/1571/656 991/1572/919
f 991/1572/919 695/1571/656 996/1573/213
f 996/1573/213 695/1571/656 698/1574/417
f 997/1575/16 275/1576/234 273/1577/149
f 275/1576/234 997/1575/16 331/1578/152
f 997/1575/16 273/1577/149 998/1579/33
f 15/1580/15 16/1581/15 999/1582/924
f 999/1582/924 16/1581/15 1000/1583/148
f 1000/1583/148 16/1581/15 23/1584/22
f 1000/1583/148 23/1584/22 1001/1585/925
f 1000/1583/148 1001/1585/925 1002/1586/926
f 1001/1585/925 23/1584/22 31/1587/30
f 1001/1585/925 31/1587/30 1003/1588/15
f 961/1589/891 887/1590/828 888/1591/829
f 887/1590/828 961/1589/891 1004/1592/903
f 887/1590/828 1004/1592/903 1005/1593/916
f 887/1590/828 1005/1593/916 886/1594/827
f 886/1594/827 1005/1593/916 883/1595/824
f 1005/1593/916 1004/1592/903 1006/1596/927
f 1006/1596/927 1004/1592/903 1007/1597/928
f 1007/1597/928 1004/1592/903 961/1589/891
f 1007/1597/928 961/1589/891 963/1598/854
f 1007/1597/928 963/1598/854 1008/1599/929
f 940/1600/871 930/1601/862 936/1602/867
f 936/1602/867 930/1601/862 958/1603/888
f 936/1602/867 958/1603/888 937/1604/868
f 958/1603/888 930/1601/862 1009/1605/930
f 1009/1605/930 930/1601/862 928/1606/860
f 958/1603/888 1009/1605/930 948/1607/879
f 948/1607/879 1009/1605/930 928/1606/860
f 634/1608/931 635/1609/931 645/1610/931
f 636/1611/932 635/1612/933 633/1613/934
f 1010/1614/98 101/1615/98 105/1616/30
f 101/1615/98 1010/1614/98 100/1617/97
f 100/1617/97 1010/1614/98 1011/1618/935
f 1010/1614/98 105/1616/30 1012/1619/16
f 1012/1619/16 105/1616/30 1013/1620/936
f 1013/1620/936 105/1616/30 106/1621/102
f 1012/1619/16 1013/1620/936 1014/1622/706
f 1013/1620/936 106/1621/102 1015/1623/937
f 1013/1620/936 1015/1623/937 1016/1624/938
f 1015/1623/937 106/1621/102 1017/1625/145
f 1015/1623/937 1017/1625/145 1016/1624/938
f 1016/1624/938 1017/1625/145 1013/1620/936
f 1017/1625/145 106/1621/102 433/1626/405
f 1014/1622/706 1013/1620/936 1018/1627/939
f 1018/1627/939 1013/1620/936 1017/1625/145
f 1017/1625/145 433/1626/405 434/1628/406
f 1014/1622/706 1018/1627/939 1019/1629/940
f 1014/1622/706 1019/1629/940 1020/1630/941
f 1020/1630/941 1019/1629/940 1021/1631/942
f 1019/1629/940 1018/1627/939 1022/1632/943
f 1022/1632/943 1018/1627/939 1017/1625/145
f 1021/1631/942 1019/1629/940 1023/1633/158
f 1023/1633/158 1019/1629/940 1022/1632/943
f 1021/1631/942 1023/1633/158 1024/1634/944
f 434/1628/406 1023/1633/158 1017/1625/145
f 1022/1632/943 1017/1625/145 1025/1635/945
f 1022/1632/943 1025/1635/945 1023/1633/158
f 1023/1633/158 1025/1635/945 1017/1625/145
f 1024/1634/944 1023/1633/158 1026/1636/14
f 1023/1633/158 434/1628/406 1027/1637/235
f 1027/1637/235 434/1628/406 15/1638/15
f 1023/1633/158 1027/1637/235 1028/1639/946
f 1023/1633/158 1028/1639/946 1026/1636/14
f 1027/1637/235 15/1638/15 1029/1640/437
f 1026/1636/14 1028/1639/946 1029/1640/437
f 1029/1640/437 15/1638/15 999/1641/924
f 1029/1640/437 999/1641/924 1026/1636/14
f 1028/1639/946 1027/1637/235 1030/1642/947
f 1030/1642/947 1027/1637/235 1029/1640/437
f 1029/1640/437 1028/1639/946 1031/1643/948
f 1031/1643/948 1028/1639/946 1030/1642/947
f 1031/1643/948 1030/1642/947 1029/1640/437
f 1026/1636/14 999/1641/924 1032/1644/16
f 1026/1636/14 1032/1644/16 1033/1645/33
f 1032/1644/16 999/1641/924 1000/1646/148
f 1032/1644/16 1000/1646/148 1034/1647/949
f 1032/1644/16 1034/1647/949 1035/1648/23
f 1034/1647/949 1000/1646/148 1036/1649/950
f 1037/1650/653 174/1651/653 1038/1652/951
f 1037/1651/653 174/1650/653 176/1653/653
f 1039/1654/932 636/1655/932 633/1656/934
f 1039/1654/932 633/1656/934 1040/1657/933
f 761/1658/713 273/1659/149 272/1660/14
f 273/1659/149 761/1658/713 1041/1661/149
f 1042/1662/952 924/1663/857 922/1664/458
f 924/1663/857 1042/1662/952 925/1665/845
f 1042/1662/952 922/1664/458 923/1666/856
f 925/1665/845 1042/1662/952 1043/1667/609
f 925/1665/845 1043/1667/609 908/1668/847
f 908/1668/847 1043/1667/609 909/1669/848
f 1043/1667/609 1042/1662/952 1044/1670/422
f 1042/1662/952 923/1666/856 1045/1671/826
f 1042/1662/952 1045/1671/826 1044/1670/422
f 1045/1671/826 923/1666/856 1046/1672/953
f 1045/1671/826 1046/1672/953 1047/1673/954
f 1043/1667/609 1044/1670/422 1048/1674/955
f 1045/1671/826 1047/1673/954 1049/1675/812
f 1045/1671/826 1049/1675/812 1044/1670/422
f 1049/1675/812 1047/1673/954 1050/1676/845
f 1049/1675/812 1050/1676/845 1051/1677/460
f 1049/1675/812 1051/1677/460 1044/1670/422
f 1048/1674/955 1044/1670/422 1052/1678/956
f 1052/1678/956 1044/1670/422 1051/1677/460
f 1048/1674/955 1052/1678/956 1053/1679/610
f 1053/1679/610 1052/1678/956 1051/1677/460
f 863/1680/805 311/1681/290 308/1682/288
f 1054/1683/957 701/1684/598 830/1685/776
f 1054/1683/957 830/1685/776 836/1686/781
f 701/1684/598 1054/1683/957 1055/1687/958
f 1055/1687/958 1054/1683/957 836/1686/781
f 701/1684/598 1055/1687/958 700/1688/272
f 1055/1687/958 836/1686/781 1056/1689/268
f 1056/1689/268 836/1686/781 1057/1690/959
f 1057/1690/959 836/1686/781 835/1691/14
f 1057/1690/959 835/1691/14 979/1692/910
f 1057/1690/959 979/1692/910 978/1693/909
f 1057/1690/959 978/1693/909 1058/1694/81
f 1057/1690/959 1058/1694/81 1056/1689/268
f 1058/1694/81 978/1693/909 982/1695/710
f 1056/1689/268 1058/1694/81 1059/1696/267
f 1059/1696/267 1058/1694/81 982/1695/710
f 1056/1689/268 1059/1696/267 1055/1687/958
f 1059/1696/267 982/1695/710 1060/1697/960
f 1060/1697/960 982/1695/710 1061/1698/30
f 1055/1687/958 1059/1696/267 1062/1699/961
f 1062/1699/961 1059/1696/267 1060/1697/960
f 1055/1687/958 1062/1699/961 700/1688/272
f 1062/1699/961 1060/1697/960 1063/1700/759
f 1062/1699/961 1063/1700/759 700/1688/272
f 1063/1700/759 1060/1697/960 1064/1701/962
f 700/1688/272 1063/1700/759 1065/1702/593
f 1065/1702/593 1063/1700/759 1066/1703/963
f 700/1688/272 1065/1702/593 1067/1704/873
f 700/1688/272 1067/1704/873 698/1705/417
f 698/1705/417 1067/1704/873 996/1706/213
f 1065/1702/593 1066/1703/963 1068/1707/964
f 1068/1707/964 1066/1703/963 1069/1708/965
f 1068/1707/964 1069/1708/965 1070/1709/966
f 1068/1707/964 1070/1709/966 1071/1710/967
f 1065/1702/593 1068/1707/964 1072/1711/968
f 1072/1711/968 1068/1707/964 1071/1710/967
f 1065/1702/593 1072/1711/968 1067/1704/873
f 1072/1711/968 1071/1710/967 1073/1712/969
f 1072/1711/968 1073/1712/969 1067/1704/873
f 1067/1704/873 1073/1712/969 996/1706/213
f 1073/1712/969 1071/1710/967 995/1713/825
f 1073/1712/969 995/1713/825 996/1706/213
f 1074/1714/148 288/1715/268 286/1716/148
f 1074/1714/148 286/1716/148 313/1717/14
f 1074/1714/148 313/1717/14 1075/1718/970
f 288/1715/268 1074/1714/148 1076/1719/971
f 1076/1719/971 1074/1714/148 1075/1718/970
f 288/1715/268 1076/1719/971 293/1720/273
f 288/1715/268 293/1720/273 290/1721/270
f 1076/1719/971 1075/1718/970 1077/1722/972
f 1077/1722/972 1075/1718/970 1078/1723/973
f 293/1720/273 1076/1719/971 1079/1724/974
f 1079/1724/974 1076/1719/971 1077/1722/972
f 293/1720/273 1079/1724/974 1080/1725/975
f 293/1720/273 1080/1725/975 292/1726/272
f 292/1726/272 1080/1725/975 297/1727/277
f 297/1727/277 1080/1725/975 765/1728/717
f 1081/1729/656 763/1730/715 765/1728/717
f 1081/1729/656 765/1728/717 1080/1725/975
f 1081/1729/656 1080/1725/975 1082/1731/884
f 1083/1732/976 1079/1724/974 1077/1722/972
f 1079/1724/974 1083/1732/976 1084/1733/977
f 1079/1724/974 1084/1733/977 1080/1725/975
f 1080/1725/975 1084/1733/977 1083/1732/976
f 1083/1732/976 1077/1722/972 1085/1734/978
f 1083/1732/976 1085/1734/978 1080/1725/975
f 1085/1734/978 1077/1722/972 1078/1723/973
f 1086/1735/979 1082/1731/884 1080/1725/975
f 1082/1731/884 1086/1735/979 1087/1736/460
f 1080/1725/975 1085/1734/978 1088/1737/980
f 1080/1725/975 1088/1737/980 1086/1735/979
f 1087/1736/460 1086/1735/979 1089/1738/981
f 1089/1738/981 1086/1735/979 1088/1737/980
f 1087/1736/460 1089/1738/981 1090/1739/982
f 1087/1736/460 1090/1739/982 1091/1740/983
f 1091/1740/983 1090/1739/982 1092/1741/458
f 1087/1736/460 1091/1740/983 1093/1742/856
f 1093/1742/856 1091/1740/983 1094/1743/462
f 1089/1738/981 1088/1737/980 1095/1744/984
f 1096/1745/985 1088/1737/980 1085/1734/978
f 1088/1737/980 1096/1745/985 1095/1744/984
f 1097/1746/986 1085/1734/978 1078/1723/973
f 1085/1734/978 1097/1746/986 1096/1745/985
f 1097/1746/986 1078/1723/973 1098/1747/987
f 1095/1744/984 1096/1745/985 1099/1748/531
f 1096/1745/985 1097/1746/986 1100/1749/988
f 1100/1749/988 1097/1746/986 1098/1747/987
f 1099/1748/531 1096/1745/985 1101/1750/989
f 1101/1750/989 1096/1745/985 1100/1749/988
f 1099/1748/531 1101/1750/989 1095/1744/984
f 1095/1744/984 1101/1750/989 1102/1751/598
f 1102/1751/598 1101/1750/989 1100/1749/988
f 1095/1744/984 1102/1751/598 1103/1752/653
f 1102/1751/598 1100/1749/988 1104/1753/990
f 1104/1753/990 1100/1749/988 1098/1747/987
f 1102/1751/598 1104/1753/990 1105/1754/991
f 1104/1753/990 1098/1747/987 1106/1755/101
f 1106/1755/101 1098/1747/987 1107/1756/266
f 1108/1757/757 919/1758/609 915/1759/458
f 1108/1757/757 915/1759/458 914/1760/715
f 1108/1757/757 914/1760/715 1109/1761/458
f 919/1758/609 1108/1757/757 1110/1762/458
f 1110/1762/458 1108/1757/757 1111/1763/460
f 1111/1763/460 1108/1757/757 1109/1761/458
f 919/1758/609 1110/1762/458 1112/1764/992
f 919/1758/609 1112/1764/992 920/1765/854
f 1110/1762/458 1111/1763/460 1113/1766/460
f 1110/1762/458 1113/1766/460 1112/1764/992
f 1113/1766/460 1111/1763/460 1109/1761/458
f 1112/1764/992 1113/1766/460 1114/1767/462
f 1112/1764/992 1114/1767/462 1115/1768/612
f 1115/1768/612 1114/1767/462 1116/1769/609
f 1114/1767/462 1113/1766/460 1117/1770/460
f 1117/1770/460 1113/1766/460 1109/1761/458
f 1117/1770/460 1109/1761/458 1118/1771/460
f 1118/1771/460 1109/1761/458 1119/1772/422
f 1119/1772/422 1109/1761/458 1120/1773/458
f 1121/1774/993 810/1775/759 804/1776/755
f 1121/1774/993 804/1776/755 805/1777/460
f 1121/1774/993 805/1777/460 1122/1778/458
f 1122/1778/458 805/1777/460 807/1779/757
f 331/1780/152 997/1781/16 998/1782/33
f 331/1780/152 998/1782/33 1123/1783/994
f 331/1780/152 1123/1783/994 1124/1784/151
f 1124/1784/151 1123/1783/994 1125/1785/151
f 1123/1783/994 998/1782/33 1126/1786/995
f 1123/1783/994 1126/1786/995 1127/1787/996
f 1123/1783/994 1127/1787/996 1125/1785/151
f 1127/1787/996 1126/1786/995 998/1782/33
f 1125/1785/151 1127/1787/996 1128/1788/997
f 1125/1785/151 1128/1788/997 1129/1789/998
f 1128/1788/997 1127/1787/996 1130/1790/999
f 1130/1790/999 1127/1787/996 998/1782/33
f 1130/1790/999 998/1782/33 1041/1791/149
f 1041/1791/149 998/1782/33 273/1792/149
f 1130/1790/999 1041/1791/149 1131/1793/145
f 1130/1790/999 1131/1793/145 1132/1794/148
f 1130/1790/999 1132/1794/148 1133/1795/1000
f 1133/1795/1000 1132/1794/148 1134/1796/1001
f 1134/1796/1001 1132/1794/148 1135/1797/22
f 1134/1796/1001 1135/1797/22 1136/1798/781
f 1136/1798/781 1135/1797/22 1137/1799/148
f 1137/1799/148 1135/1797/22 1138/1800/148
f 1138/1800/148 1135/1797/22 1132/1794/148
f 1137/1799/148 1138/1800/148 1139/1801/257
f 1138/1800/148 1132/1794/148 1140/1802/912
f 1138/1800/148 1140/1802/912 1139/1801/257
f 1140/1802/912 1132/1794/148 1131/1793/145
f 1139/1801/257 1140/1802/912 1141/1803/1002
f 1141/1803/1002 1140/1802/912 1131/1793/145
f 1139/1801/257 1141/1803/1002 1142/1804/1003
f 1141/1803/1002 1131/1793/145 1143/1805/152
f 1141/1803/1002 1143/1805/152 1142/1804/1003
f 875/1806/422 874/1807/816 953/1808/884
f 875/1806/422 953/1808/884 1144/1809/715
f 875/1806/422 1144/1809/715 1145/1810/1004
f 875/1806/422 1145/1810/1004 876/1811/817
f 1145/1810/1004 1144/1809/715 1146/1812/1005
f 876/1811/817 1145/1810/1004 877/1813/818
f 1145/1810/1004 1146/1812/1005 1147/1814/1006
f 1145/1810/1004 1147/1814/1006 877/1813/818
f 868/1815/810 877/1813/818 869/1816/811
f 869/1816/811 877/1813/818 1148/1817/1007
f 1148/1817/1007 877/1813/818 1147/1814/1006
f 1148/1817/1007 1147/1814/1006 869/1816/811
f 869/1816/811 1147/1814/1006 871/1818/813
f 871/1818/813 1147/1814/1006 1149/1819/1008
f 1149/1819/1008 1147/1814/1006 1150/1820/1008
f 1150/1820/1008 1147/1814/1006 1151/1821/1009
f 871/1818/813 1149/1819/1008 1046/1822/953
f 1046/1822/953 1149/1819/1008 1150/1820/1008
f 1046/1822/953 1150/1820/1008 1047/1823/954
f 871/1818/813 1046/1822/953 921/1824/855
f 921/1824/855 1046/1822/953 923/1825/856
f 1003/1826/15 31/1827/30 32/1828/31
f 1003/1826/15 32/1828/31 332/1829/149
f 646/1830/612 644/1831/610 764/1832/716
f 1152/1833/1010 1153/1834/1011 764/1832/716
f 764/1832/716 1153/1834/1011 1154/1835/1012
f 764/1832/716 1154/1835/1012 646/1830/612
f 1154/1835/1012 1153/1834/1011 1039/1836/1013
f 1154/1835/1012 1039/1836/1013 1040/1837/1014
f 1154/1835/1012 1040/1837/1014 646/1830/612
f 646/1830/612 1040/1837/1014 633/1838/613
f 863/1839/805 100/1840/97 1011/1841/935
f 863/1839/805 1011/1841/935 1155/1842/1015
f 1155/1842/1015 1011/1841/935 1156/1843/1016
f 1155/1842/1015 1156/1843/1016 1157/1844/1017
f 1156/1843/1016 1011/1841/935 1010/1845/98
f 1157/1844/1017 1156/1843/1016 1158/1846/1018
f 1158/1846/1018 1156/1843/1016 1010/1845/98
f 1157/1844/1017 1158/1846/1018 1159/1847/148
f 1158/1846/1018 1010/1845/98 1160/1848/100
f 1159/1847/148 1158/1846/1018 1161/1849/1019
f 1161/1849/1019 1158/1846/1018 1160/1848/100
f 1159/1847/148 1161/1849/1019 1162/1850/1020
f 1160/1848/100 1010/1845/98 1012/1851/16
f 1162/1850/1020 1161/1849/1019 1163/1852/1021
f 1162/1850/1020 1163/1852/1021 1164/1853/1022
f 1164/1853/1022 1163/1852/1021 1165/1854/1023
f 1164/1853/1022 1165/1854/1023 1166/1855/1017
f 1163/1852/1021 1161/1849/1019 1167/1856/140
f 1163/1852/1021 1167/1856/140 1165/1854/1023
f 1167/1856/140 1161/1849/1019 1160/1848/100
f 1165/1854/1023 1167/1856/140 1168/1857/1024
f 1168/1857/1024 1167/1856/140 1169/1858/22
f 1169/1858/22 1167/1856/140 1160/1848/100
f 1168/1857/1024 1169/1858/22 1170/1859/131
f 1170/1859/131 1169/1858/22 1171/1860/1025
f 1171/1860/1025 1169/1858/22 1160/1848/100
f 1170/1859/131 1171/1860/1025 1172/1861/1026
f 1171/1860/1025 1160/1848/100 1173/1862/234
f 1171/1860/1025 1173/1862/234 1172/1861/1026
f 1173/1862/234 1160/1848/100 1012/1851/16
f 1173/1862/234 1012/1851/16 1014/1863/706
f 1173/1862/234 1014/1863/706 1020/1864/941
f 1173/1862/234 1020/1864/941 1172/1861/1026
f 1172/1861/1026 1020/1864/941 1174/1865/1027
f 1174/1865/1027 1020/1864/941 1021/1866/942
f 1124/1867/151 332/1868/149 331/1869/152
f 332/1868/149 1124/1867/151 1003/1870/15
f 1003/1870/15 1124/1867/151 1129/1871/998
f 1003/1870/15 1129/1871/998 1175/1872/1028
f 1129/1871/998 1124/1867/151 1125/1873/151
f 1176/1874/1002 750/1875/30 969/1876/899
f 1176/1874/1002 969/1876/899 1177/1877/1029
f 1177/1877/1029 969/1876/899 970/1878/900
f 750/1875/30 1176/1874/1002 1178/1879/16
f 750/1875/30 1178/1879/16 1179/1880/1030
f 750/1875/30 1179/1880/1030 1180/1881/151
f 750/1875/30 1180/1881/151 751/1882/151
f 751/1882/151 1180/1881/151 752/1883/148
f 752/1883/148 1180/1881/151 1181/1884/1031
f 754/1885/707 758/1886/710 755/1887/708
f 758/1886/710 754/1885/707 1182/1888/1032
f 1182/1888/1032 754/1885/707 1183/1889/1033
f 1183/1889/1033 754/1885/707 752/1890/148
f 758/1886/710 1182/1888/1032 1184/1891/1034
f 1182/1888/1032 1183/1889/1033 1185/1892/149
f 1185/1892/149 1183/1889/1033 752/1890/148
f 1182/1888/1032 1185/1892/149 1184/1891/1034
f 1185/1892/149 752/1890/148 1186/1893/15
f 1185/1892/149 1186/1893/15 1184/1891/1034
f 1186/1893/15 752/1890/148 1181/1894/1031
f 1184/1891/1034 1186/1893/15 1187/1895/101
f 1187/1895/101 1186/1893/15 1188/1896/1035
f 1189/1897/1036 758/1886/710 1184/1891/1034
f 758/1886/710 1189/1897/1036 759/1898/711
f 759/1898/711 1189/1897/1036 761/1899/713
f 761/1899/713 1189/1897/1036 1131/1900/145
f 761/1899/713 1131/1900/145 1041/1901/149
f 1131/1900/145 1189/1897/1036 1143/1902/152
f 1143/1902/152 1189/1897/1036 1184/1891/1034
f 1143/1902/152 1184/1891/1034 1187/1895/101
f 1143/1902/152 1187/1895/101 1188/1896/1035
f 1143/1902/152 1188/1896/1035 1190/1903/1037
f 1143/1902/152 1190/1903/1037 1142/1904/1003
f 1191/1905/460 914/1906/715 911/1907/458
f 1191/1905/460 911/1907/458 909/1908/848
f 914/1906/715 1191/1905/460 1192/1909/422
f 1191/1905/460 909/1908/848 1193/1910/422
f 1191/1905/460 1193/1910/422 1192/1909/422
f 1192/1909/422 1193/1910/422 1120/1911/458
f 627/1912/444 630/1913/595 628/1914/593
f 631/1915/596 1040/1916/165 630/1913/595
f 630/1913/595 1040/1916/165 1039/1917/1013
f 630/1913/595 1039/1917/1013 1194/1918/1038
f 630/1913/595 1194/1918/1038 628/1914/593
f 1194/1918/1038 1039/1917/1013 1195/1919/1039
f 952/1920/883 626/1921/592 628/1914/593
f 952/1920/883 628/1914/593 1196/1922/1040
f 1196/1922/1040 628/1914/593 1197/1923/1041
f 628/1914/593 1194/1918/1038 1198/1924/1042
f 628/1914/593 1198/1924/1042 1197/1923/1041
f 1194/1918/1038 1195/1919/1039 1199/1925/1043
f 1194/1918/1038 1199/1925/1043 1198/1924/1042
f 1198/1924/1042 1199/1925/1043 1195/1919/1039
f 1200/1926/1044 1195/1919/1039 1039/1917/1013
f 1200/1926/1044 1039/1917/1013 1201/1927/1045
f 1198/1924/1042 1195/1919/1039 1202/1928/1046
f 1202/1928/1046 1195/1919/1039 1200/1926/1044
f 1200/1926/1044 1201/1927/1045 1203/1929/1047
f 1200/1926/1044 1203/1929/1047 1202/1928/1046
f 1203/1929/1047 1201/1927/1045 1204/1930/1048
f 1202/1928/1046 1203/1929/1047 1205/1931/1049
f 1202/1928/1046 1205/1931/1049 1206/1932/963
f 1206/1932/963 1205/1931/1049 1207/1933/1050
f 1198/1924/1042 1202/1928/1046 1208/1934/1046
f 1208/1934/1046 1202/1928/1046 1206/1932/963
f 1198/1924/1042 1208/1934/1046 1209/1935/1051
f 1198/1924/1042 1209/1935/1051 1197/1923/1041
f 1208/1934/1046 1206/1932/963 1210/1936/1052
f 1208/1934/1046 1210/1936/1052 1209/1935/1051
f 1210/1936/1052 1206/1932/963 1211/1937/1046
f 1197/1923/1041 1209/1935/1051 1212/1938/1053
f 1212/1938/1053 1209/1935/1051 1210/1936/1052
f 1197/1923/1041 1212/1938/1053 1213/1939/1054
f 1210/1936/1052 1211/1937/1046 1214/1940/1055
f 1213/1939/1054 1212/1938/1053 1215/1941/1056
f 1215/1941/1056 1212/1938/1053 1210/1936/1052
f 1210/1936/1052 1214/1940/1055 1216/1942/1057
f 1210/1936/1052 1216/1942/1057 1215/1941/1056
f 1216/1942/1057 1214/1940/1055 1217/1943/1058
f 1216/1942/1057 1217/1943/1058 1215/1941/1056
f 1215/1941/1056 1217/1943/1058 1218/1944/458
f 1213/1939/1054 1215/1941/1056 1219/1945/422
f 1219/1945/422 1215/1941/1056 1218/1944/458
f 920/1946/854 1220/1947/848 917/1948/853
f 1115/1949/612 920/1946/854 1112/1950/992
f 920/1946/854 1115/1949/612 1220/1947/848
f 1220/1947/848 1115/1949/612 1221/1951/1059
f 1221/1951/1059 1115/1949/612 1116/1952/609
f 1220/1947/848 1221/1951/1059 1222/1953/884
f 917/1948/853 1220/1947/848 918/1954/848
f 918/1954/848 1220/1947/848 1222/1953/884
f 918/1954/848 1222/1953/884 1223/1955/458
f 918/1954/848 1223/1955/458 907/1956/846
f 918/1954/848 907/1956/846 906/1957/845
f 907/1956/846 1223/1955/458 1224/1958/1060
f 907/1956/846 1224/1958/1060 905/1959/757
f 1225/1960/1061 953/1961/884 954/1962/885
f 1225/1960/1061 954/1962/885 956/1963/212
f 1224/1964/1060 807/1965/757 905/1966/757
f 764/1967/716 763/1968/715 1081/1969/656
f 764/1967/716 1081/1969/656 1226/1970/954
f 1226/1970/954 1081/1969/656 1082/1971/884
f 764/1967/716 1226/1970/954 1152/1972/1010
f 1152/1972/1010 1226/1970/954 1082/1971/884
f 1152/1972/1010 1082/1971/884 1227/1973/715
f 1227/1973/715 1082/1971/884 1087/1974/460
f 1227/1973/715 1087/1974/460 1093/1975/856
f 1152/1972/1010 1227/1973/715 1228/1976/992
f 1228/1976/992 1227/1973/715 1093/1975/856
f 1228/1976/992 1093/1975/856 1207/1977/1050
f 1228/1976/992 1207/1977/1050 1205/1978/1049
f 1228/1976/992 1205/1978/1049 1203/1979/1047
f 1152/1972/1010 1228/1976/992 1153/1980/1011
f 1228/1976/992 1203/1979/1047 1229/1981/1062
f 1229/1981/1062 1203/1979/1047 1204/1982/1048
f 1229/1981/1062 1204/1982/1048 1201/1983/1045
f 1153/1980/1011 1228/1976/992 1200/1984/1063
f 1229/1981/1062 1201/1983/1045 1230/1985/1064
f 1229/1981/1062 1230/1985/1064 1228/1976/992
f 1228/1976/992 1230/1985/1064 1200/1984/1063
f 1200/1984/1063 1230/1985/1064 1153/1980/1011
f 1230/1985/1064 1201/1983/1045 1039/1986/1013
f 1230/1985/1064 1039/1986/1013 1153/1980/1011
f 1231/1987/97 154/1988/148 1232/1989/151
f 154/1988/148 1231/1987/97 168/1990/158
f 1232/1989/151 154/1988/148 1233/1991/266
f 1233/1991/266 154/1988/148 149/1992/14
f 1231/1987/97 1232/1989/151 1234/1993/1065
f 1233/1991/266 149/1992/14 1235/1994/23
f 1235/1994/23 149/1992/14 150/1995/145
f 1232/1989/151 1233/1991/266 1236/1996/1066
f 1232/1989/151 1236/1996/1066 1234/1993/1065
f 1233/1991/266 1235/1994/23 1237/1997/1067
f 1237/1997/1067 1235/1994/23 150/1995/145
f 1236/1996/1066 1233/1991/266 1238/1998/1068
f 1238/1998/1068 1233/1991/266 1237/1997/1067
f 1239/1999/1069 1231/1987/97 1234/1993/1065
f 1231/1987/97 1239/1999/1069 173/2000/163
f 173/2000/163 1239/1999/1069 1240/2001/1070
f 1240/2001/1070 1239/1999/1069 1241/2002/1071
f 1240/2001/1070 1241/2002/1071 175/2003/1072
f 175/2003/1072 1241/2002/1071 176/2004/1073
f 176/2004/1073 1241/2002/1071 1242/2005/1074
f 1242/2005/1074 1241/2002/1071 1243/2006/1075
f 1241/2002/1071 1239/1999/1069 1244/2007/1076
f 1241/2002/1071 1244/2007/1076 1243/2006/1075
f 1244/2007/1076 1239/1999/1069 1234/1993/1065
f 1243/2006/1075 1244/2007/1076 1245/2008/1077
f 1245/2008/1077 1244/2007/1076 1234/1993/1065
f 1245/2008/1077 1234/1993/1065 1236/1996/1066
f 1245/2008/1077 1236/1996/1066 1246/2009/1078
f 1245/2008/1077 1246/2009/1078 1247/2010/1079
f 1246/2009/1078 1236/1996/1066 1248/2011/1080
f 1247/2010/1079 1246/2009/1078 1249/2012/1081
f 1247/2010/1079 1249/2012/1081 1250/2013/1082
f 1250/2013/1082 1249/2012/1081 1251/2014/1083
f 1251/2014/1083 1249/2012/1081 1252/2015/1084
f 1252/2015/1084 1249/2012/1081 1253/2016/1085
f 1249/2012/1081 1246/2009/1078 1254/2017/1086
f 1249/2012/1081 1254/2017/1086 1253/2016/1085
f 1254/2017/1086 1246/2009/1078 1248/2011/1080
f 1253/2016/1085 1254/2017/1086 1255/2018/88
f 1255/2018/88 1254/2017/1086 1256/2019/1087
f 1256/2019/1087 1254/2017/1086 1248/2011/1080
f 1256/2019/1087 1248/2011/1080 1257/2020/1088
f 1256/2019/1087 1257/2020/1088 1258/2021/1089
f 1248/2011/1080 1236/1996/1066 1238/1998/1068
f 1248/2011/1080 1238/1998/1068 1257/2020/1088
f 1257/2020/1088 1238/1998/1068 1258/2021/1089
f 1258/2021/1089 1238/1998/1068 1259/2022/1090
f 1259/2022/1090 1238/1998/1068 1237/1997/1067
f 1259/2022/1090 1237/1997/1067 1260/2023/159
f 1259/2022/1090 1260/2023/159 1261/2024/1091
f 1261/2024/1091 1260/2023/159 1262/2025/1092
f 1261/2024/1091 1262/2025/1092 1263/2026/1092
f 1263/2026/1092 1262/2025/1092 1264/2027/1093
f 1262/2025/1092 1260/2023/159 1265/2028/1094
f 1265/2028/1094 1260/2023/159 1266/2029/1095
f 1265/2028/1094 1266/2029/1095 1262/2025/1092
f 1267/2030/1096 1260/2023/159 1237/1997/1067
f 1260/2023/159 1267/2030/1096 1266/2029/1095
f 1267/2030/1096 1237/1997/1067 1268/2031/1097
f 1266/2029/1095 1267/2030/1096 1269/2032/1098
f 1269/2032/1098 1267/2030/1096 1268/2031/1097
f 1270/2033/1099 1264/2027/1093 1262/2025/1092
f 1264/2027/1093 1270/2033/1099 1271/2034/1100
f 1271/2034/1100 1270/2033/1099 1272/2035/1101
f 1272/2035/1101 1270/2033/1099 1273/2036/1102
f 1273/2036/1102 1270/2033/1099 1262/2025/1092
f 1272/2035/1101 1273/2036/1102 222/2037/211
f 222/2037/211 1273/2036/1102 1274/2038/128
f 1273/2036/1102 1262/2025/1092 1275/2039/1103
f 1273/2036/1102 1275/2039/1103 1274/2038/128
f 1275/2039/1103 1262/2025/1092 1266/2029/1095
f 1274/2038/128 1275/2039/1103 223/2040/212
f 223/2040/212 1275/2039/1103 1266/2029/1095
f 1274/2038/128 223/2040/212 221/2041/210
f 223/2040/212 1266/2029/1095 1269/2032/1098
f 223/2040/212 1269/2032/1098 1276/2042/1104
f 223/2040/212 1276/2042/1104 147/2043/143
f 147/2043/143 1276/2042/1104 150/1995/145
f 150/1995/145 1276/2042/1104 1269/2032/1098
f 150/1995/145 1269/2032/1098 1277/2044/1105
f 1277/2044/1105 1269/2032/1098 1278/2045/1106
f 150/1995/145 1277/2044/1105 1268/2031/1097
f 1268/2031/1097 1277/2044/1105 1278/2045/1106
f 150/1995/145 1268/2031/1097 1237/1997/1067
f 1278/2045/1106 1269/2032/1098 1279/2046/1107
f 1278/2045/1106 1279/2046/1107 1268/2031/1097
f 1268/2031/1097 1279/2046/1107 1269/2032/1098
f 176/2047/901 1280/2048/1108 970/2049/900
f 1281/2050/1109 1282/2051/1110 1283/2052/1111
f 1284/2053/1112 1285/2054/1113 1283/2052/1111
f 1284/2053/1112 1283/2052/1111 1286/2055/1114
f 1286/2055/1114 1283/2052/1111 1287/2056/1115
f 1286/2055/1114 1287/2056/1115 1282/2051/1110
f 1282/2051/1110 1287/2056/1115 1283/2052/1111
f 1282/2051/1110 1281/2050/1109 1288/2057/1116
f 1282/2051/1110 1288/2057/1116 1289/2058/1117
f 1282/2051/1110 1289/2058/1117 1290/2059/1118
f 1290/2059/1118 1289/2058/1117 1285/2060/1113
f 1289/2058/1117 1288/2057/1116 1291/2061/1119
f 1291/2061/1119 1288/2057/1116 1292/2062/1120
f 1291/2061/1119 1292/2062/1120 1293/2063/1121
f 1293/2063/1121 1292/2062/1120 1294/2064/1122
f 1292/2062/1120 1288/2057/1116 1295/2065/1123
f 1294/2064/1122 1292/2062/1120 1296/2066/1124
f 1296/2066/1124 1292/2062/1120 1295/2065/1123
f 1293/2067/1121 1294/2068/1122 1295/2065/1123
f 1295/2065/1123 1294/2068/1122 1297/2069/1125
f 1295/2065/1123 1297/2069/1125 1296/2066/1124
f 1296/2066/1124 1297/2069/1125 1128/2070/997
f 1296/2066/1124 1128/2070/997 1298/2071/1126
f 1298/2071/1126 1128/2070/997 1130/2072/999
f 1128/2070/997 1297/2069/1125 1175/2073/1028
f 1128/2070/997 1175/2073/1028 1129/2074/998
f 1281/2075/1109 1283/2076/1111 1299/2077/1127
f 1281/2075/1109 1299/2077/1127 1288/2078/1116
f 1299/2077/1127 1283/2076/1111 1289/2079/1117
f 1289/2079/1117 1283/2076/1111 1285/2080/1113
f 1288/2078/1116 1299/2077/1127 1300/2081/1128
f 1300/2081/1128 1299/2077/1127 1289/2079/1117
f 1288/2078/1116 1300/2081/1128 1295/2082/1123
f 1300/2081/1128 1289/2079/1117 1291/2083/1119
f 1295/2082/1123 1300/2081/1128 1293/2084/1121
f 1293/2084/1121 1300/2081/1128 1291/2083/1119
f 949/2085/880 958/2086/888 948/2087/879
f 958/2086/888 949/2085/880 1301/2088/1129
f 958/2086/888 1301/2088/1129 957/2089/887
f 1301/2088/1129 949/2085/880 1302/2090/1130
f 957/2089/887 1301/2088/1129 1303/2091/471
f 1303/2091/471 1301/2088/1129 1302/2090/1130
f 957/2089/887 1303/2091/471 1304/2092/1131
f 1303/2091/471 1302/2090/1130 1305/2093/210
f 1305/2093/210 1302/2090/1130 1306/2094/1132
f 1306/2094/1132 1302/2090/1130 1307/2095/1133
f 1307/2095/1133 1302/2090/1130 1219/2096/422
f 1305/2093/210 1306/2094/1132 1308/2097/1134
f 1308/2097/1134 1306/2094/1132 1307/2095/1133
f 1303/2091/471 1305/2093/210 1309/2098/1135
f 1309/2098/1135 1305/2093/210 1308/2097/1134
f 1307/2095/1133 1219/2096/422 1310/2099/1136
f 1307/2095/1133 1310/2099/1136 1308/2097/1134
f 1310/2099/1136 1219/2096/422 1218/2100/458
f 1310/2099/1136 1218/2100/458 1311/2101/854
f 1310/2099/1136 1311/2101/854 1312/2102/1137
f 1310/2099/1136 1312/2102/1137 1308/2097/1134
f 1308/2097/1134 1312/2102/1137 1313/2103/951
f 1308/2097/1134 1313/2103/951 1309/2098/1135
f 1309/2098/1135 1313/2103/951 1314/2104/386
f 1309/2098/1135 1314/2104/386 1315/2105/515
f 1315/2105/515 1314/2104/386 1316/2106/1138
f 1315/2105/515 1316/2106/1138 1225/2107/1061
f 1309/2098/1135 1315/2105/515 1317/2108/1139
f 1317/2108/1139 1315/2105/515 1225/2107/1061
f 1309/2098/1135 1317/2108/1139 1318/2109/1140
f 1309/2098/1135 1318/2109/1140 1303/2091/471
f 1303/2091/471 1318/2109/1140 1304/2092/1131
f 1318/2109/1140 1317/2108/1139 1319/2110/1141
f 1318/2109/1140 1319/2110/1141 1320/2111/1142
f 1318/2109/1140 1320/2111/1142 1304/2092/1131
f 1304/2092/1131 1320/2111/1142 1319/2110/1141
f 1319/2110/1141 1317/2108/1139 1321/2112/1143
f 1321/2112/1143 1317/2108/1139 1225/2107/1061
f 1319/2110/1141 1321/2112/1143 1304/2092/1131
f 1321/2112/1143 1225/2107/1061 1322/2113/916
f 1321/2112/1143 1322/2113/916 1304/2092/1131
f 1322/2113/916 1225/2107/1061 956/2114/212
f 1304/2092/1131 1322/2113/916 957/2089/887
f 957/2089/887 1322/2113/916 956/2114/212
f 631/2115/596 633/2116/598 1040/2117/165
f 1224/2118/1060 1323/2119/460 807/2120/757
f 807/2120/757 1323/2119/460 1122/2121/458
f 312/2122/16 311/2123/290 1324/2124/1144
f 863/2125/805 1155/2126/1015 311/2123/290
f 311/2123/290 1155/2126/1015 1324/2124/1144
f 1324/2124/1144 1155/2126/1015 1325/2127/1145
f 1325/2127/1145 1155/2126/1015 1157/2128/1017
f 1325/2127/1145 1157/2128/1017 1326/2129/1146
f 1325/2127/1145 1326/2129/1146 1324/2124/1144
f 1326/2129/1146 1157/2128/1017 1159/2130/148
f 1326/2129/1146 1159/2130/148 1327/2131/1147
f 1327/2131/1147 1159/2130/148 1328/2132/1148
f 1326/2129/1146 1327/2131/1147 1329/2133/266
f 1329/2133/266 1327/2131/1147 1328/2132/1148
f 1326/2129/1146 1329/2133/266 1324/2124/1144
f 1329/2133/266 1328/2132/1148 1107/2134/266
f 1107/2134/266 1328/2132/1148 1330/2135/1149
f 1107/2134/266 1330/2135/1149 1106/2136/101
f 1329/2133/266 1107/2134/266 1331/2137/30
f 1331/2137/30 1107/2134/266 1098/2138/987
f 1331/2137/30 1098/2138/987 1078/2139/973
f 1331/2137/30 1078/2139/973 1075/2140/970
f 1329/2133/266 1331/2137/30 1332/2141/235
f 1332/2141/235 1331/2137/30 1075/2140/970
f 1329/2133/266 1332/2141/235 1324/2124/1144
f 1332/2141/235 1075/2140/970 1333/2142/30
f 1332/2141/235 1333/2142/30 1324/2124/1144
f 1333/2142/30 1075/2140/970 313/2143/14
f 1324/2124/1144 1333/2142/30 312/2122/16
f 312/2122/16 1333/2142/30 313/2143/14
f 168/2144/158 1231/2145/97 173/2146/163
f 212/2147/201 222/2148/211 215/2149/204
f 222/2148/211 212/2147/201 884/2150/825
f 1002/2151/926 1036/2152/950 1000/2153/148
f 1036/2152/950 1002/2151/926 1334/2154/1150
f 1334/2154/1150 1002/2151/926 1335/2155/1151
f 1334/2154/1150 1335/2155/1151 1336/2156/1152
f 1336/2156/1152 1335/2155/1151 1337/2157/16
f 1338/2158/1153 947/2159/878 952/2160/883
f 947/2159/878 1338/2158/1153 949/2161/880
f 1338/2158/1153 952/2160/883 1196/2162/1040
f 949/2161/880 1338/2158/1153 1219/2163/422
f 949/2161/880 1219/2163/422 1302/2164/1130
f 1219/2163/422 1338/2158/1153 1213/2165/1054
f 1213/2165/1054 1338/2158/1153 1196/2162/1040
f 1213/2165/1054 1196/2162/1040 1197/2166/1041
f 1005/2167/916 1339/2168/1154 883/2169/824
f 1339/2168/1154 1005/2167/916 1340/2170/1155
f 1340/2170/1155 1005/2167/916 1006/2171/927
f 1340/2170/1155 1006/2171/927 1341/2172/951
f 1339/2168/1154 1340/2170/1155 1342/2173/1156
f 1342/2173/1156 1340/2170/1155 1343/2174/1157
f 1339/2168/1154 1342/2173/1156 1344/2175/1158
f 1344/2175/1158 1342/2173/1156 1343/2174/1157
f 1344/2175/1158 1343/2174/1157 1340/2170/1155
f 1344/2175/1158 1340/2170/1155 1341/2172/951
f 1339/2168/1154 1344/2175/1158 1345/2176/1159
f 1345/2176/1159 1344/2175/1158 1341/2172/951
f 1345/2176/1159 1341/2172/951 1346/2177/903
f 1345/2176/1159 1346/2177/903 1347/2178/1160
f 175/2179/1161 1280/2180/1162 176/2181/1163
f 1280/2180/1162 175/2179/1161 1240/2182/1164
f 1280/2180/1162 1240/2182/1164 176/2183/1165
f 176/2183/1165 1240/2182/1164 175/2184/1166
f 1348/2185/101 1178/2186/16 1176/2187/1002
f 1178/2186/16 1348/2185/101 1179/2188/1030
f 1179/2188/1030 1348/2185/101 1349/2189/151
f 1179/2188/1030 1349/2189/151 1180/2190/151
f 1349/2189/151 1348/2185/101 1350/2191/152
f 1348/2185/101 1176/2187/1002 1351/2192/1167
f 1348/2185/101 1351/2192/1167 1350/2191/152
f 1351/2192/1167 1176/2187/1002 1177/2193/1029
f 1350/2191/152 1351/2192/1167 1352/2194/1168
f 1351/2192/1167 1177/2193/1029 1353/2195/1169
f 1351/2192/1167 1353/2195/1169 1352/2194/1168
f 1352/2194/1168 1353/2195/1169 1354/2196/1170
f 175/2197/165 173/2198/163 1240/2199/1070
f 1355/2200/1171 1286/2201/1114 1282/2202/1110
f 1286/2201/1114 1355/2200/1171 1356/2203/1172
f 1286/2201/1114 1356/2203/1172 1284/2204/1112
f 1356/2203/1172 1355/2200/1171 1357/2205/1173
f 1356/2203/1172 1357/2205/1173 1284/2204/1112
f 1357/2205/1173 1355/2200/1171 1358/2206/1174
f 1357/2205/1173 1358/2206/1174 1284/2204/1112
f 1355/2200/1171 1282/2202/1110 1359/2207/1175
f 1358/2206/1174 1355/2200/1171 1360/2208/1176
f 1358/2206/1174 1360/2208/1176 1284/2204/1112
f 1360/2208/1176 1355/2200/1171 1359/2207/1175
f 1284/2204/1112 1360/2208/1176 1361/2209/1177
f 1284/2204/1112 1361/2209/1177 1285/2210/1113
f 1361/2209/1177 1360/2208/1176 1362/2211/1178
f 1362/2211/1178 1360/2208/1176 1359/2207/1175
f 1290/2212/1118 1359/2207/1175 1282/2202/1110
f 1363/2213/1179 1359/2207/1175 1364/2214/1180
f 1364/2214/1180 1359/2207/1175 1365/2215/1181
f 1365/2215/1181 1359/2207/1175 1366/2216/1182
f 1366/2216/1182 1359/2207/1175 1290/2212/1118
f 1365/2215/1181 1366/2216/1182 1361/2217/1177
f 1361/2217/1177 1366/2216/1182 1290/2212/1118
f 1361/2217/1177 1290/2212/1118 1285/2218/1113
f 1280/2219/1108 1177/2220/1029 970/2221/900
f 1177/2220/1029 1280/2219/1108 176/2222/1073
f 1177/2220/1029 176/2222/1073 1242/2223/1074
f 1177/2220/1029 1242/2223/1074 1353/2224/1169
f 1192/2225/422 1109/2226/458 914/2227/715
f 1109/2226/458 1192/2225/422 1120/2228/458
f 1367/2229/1183 909/2230/848 1043/2231/609
f 909/2230/848 1367/2229/1183 1193/2232/422
f 1367/2229/1183 1043/2231/609 1048/2233/955
f 1193/2232/422 1367/2229/1183 1368/2234/1184
f 1368/2234/1184 1367/2229/1183 1048/2233/955
f 1193/2232/422 1368/2234/1184 1369/2235/458
f 1193/2232/422 1369/2235/458 1120/2236/458
f 1120/2236/458 1369/2235/458 1370/2237/422
f 1369/2235/458 1368/2234/1184 1371/2238/967
f 1371/2238/967 1368/2234/1184 1048/2233/955
f 1371/2238/967 1048/2233/955 1053/2239/610
f 1002/2240/926 1001/2241/925 1372/2242/1185
f 1002/2240/926 1372/2242/1185 1335/2243/1151
f 1372/2242/1185 1001/2241/925 1373/2244/266
f 1335/2243/1151 1372/2242/1185 1374/2245/949
f 1374/2245/949 1372/2242/1185 1373/2244/266
f 1335/2243/1151 1374/2245/949 1337/2246/16
f 1337/2246/16 1374/2245/949 1375/2247/1186
f 1373/2244/266 1001/2241/925 1003/2248/15
f 1373/2244/266 1003/2248/15 1376/2249/1187
f 1376/2249/1187 1003/2248/15 1175/2250/1028
f 1373/2244/266 1376/2249/1187 1377/2251/1188
f 1373/2244/266 1377/2251/1188 1378/2252/149
f 1373/2244/266 1378/2252/149 1374/2245/949
f 1378/2252/149 1377/2251/1188 1379/2253/1189
f 1374/2245/949 1378/2252/149 1380/2254/1190
f 1374/2245/949 1380/2254/1190 1375/2247/1186
f 1380/2254/1190 1378/2252/149 1381/2255/29
f 1375/2247/1186 1380/2254/1190 1382/2256/1191
f 1375/2247/1186 1382/2256/1191 1383/2257/233
f 1383/2257/233 1382/2256/1191 1380/2254/1190
f 885/2258/826 883/2259/824 1384/2260/856
f 1384/2260/856 883/2259/824 1339/2261/1154
f 1384/2260/856 1339/2261/1154 1345/2262/1159
f 1384/2260/856 1345/2262/1159 1385/2263/1192
f 1385/2263/1192 1345/2262/1159 1386/2264/458
f 816/2265/762 815/2266/761 1387/2267/1193
f 1387/2267/1193 815/2266/761 1388/2268/1194
f 1387/2267/1193 1388/2268/1194 1389/2269/1195
f 816/2265/762 1387/2267/1193 1390/2270/848
f 1390/2270/848 1387/2267/1193 1389/2269/1195
f 816/2265/762 1390/2270/848 963/2271/854
f 1390/2270/848 1389/2269/1195 1391/2272/1006
f 963/2271/854 1390/2270/848 1008/2273/929
f 1390/2270/848 1391/2272/1006 1392/2274/1196
f 1390/2270/848 1392/2274/1196 1008/2273/929
f 1008/2273/929 1392/2274/1196 1393/2275/1197
f 1294/2276/1122 1394/2277/1198 1395/2278/1199
f 1395/2278/1199 1394/2277/1198 1396/2279/1200
f 1294/2276/1122 1395/2278/1199 1297/2280/1125
f 1395/2278/1199 1396/2279/1200 1397/2281/1201
f 1397/2281/1201 1396/2279/1200 1364/2282/1180
f 1297/2280/1125 1395/2278/1199 1398/2283/1202
f 1297/2280/1125 1398/2283/1202 1175/2284/1028
f 1175/2284/1028 1398/2283/1202 1376/2285/1187
f 1398/2283/1202 1395/2278/1199 1399/2286/1203
f 1376/2285/1187 1398/2283/1202 1400/2287/1204
f 1400/2287/1204 1398/2283/1202 1399/2286/1203
f 1399/2286/1203 1395/2278/1199 1401/2288/1205
f 1399/2286/1203 1401/2288/1205 1400/2287/1204
f 1401/2288/1205 1395/2278/1199 1397/2281/1201
f 1376/2285/1187 1400/2287/1204 1402/2289/1206
f 1376/2285/1187 1402/2289/1206 1377/2290/1188
f 1377/2290/1188 1402/2289/1206 1403/2291/1207
f 1402/2289/1206 1400/2287/1204 1404/2292/1208
f 1404/2292/1208 1400/2287/1204 1401/2288/1205
f 1403/2291/1207 1402/2289/1206 1405/2293/1209
f 1405/2293/1209 1402/2289/1206 1404/2292/1208
f 1403/2291/1207 1405/2293/1209 1406/2294/1210
f 1406/2294/1210 1405/2293/1209 1404/2292/1208
f 1403/2291/1207 1406/2294/1210 1407/2295/1211
f 1407/2295/1211 1406/2294/1210 1408/2296/1212
f 1404/2292/1208 1401/2288/1205 1409/2297/1213
f 1404/2292/1208 1409/2297/1213 1406/2294/1210
f 1409/2297/1213 1401/2288/1205 1397/2281/1201
f 1408/2296/1212 1406/2294/1210 1410/2298/1214
f 1410/2298/1214 1406/2294/1210 1409/2297/1213
f 1408/2296/1212 1410/2298/1214 1411/2299/1215
f 1411/2299/1215 1410/2298/1214 1412/2300/1216
f 1410/2298/1214 1409/2297/1213 1413/2301/1217
f 1413/2301/1217 1409/2297/1213 1397/2281/1201
f 1410/2298/1214 1413/2301/1217 1412/2300/1216
f 1413/2301/1217 1397/2281/1201 1414/2302/1218
f 1413/2301/1217 1414/2302/1218 1412/2300/1216
f 1414/2302/1218 1397/2281/1201 1364/2282/1180
f 1414/2302/1218 1364/2282/1180 1365/2303/1181
f 1414/2302/1218 1365/2303/1181 1415/2304/1219
f 1414/2302/1218 1415/2304/1219 1412/2300/1216
f 1415/2304/1219 1365/2303/1181 1416/2305/1220
f 1412/2300/1216 1415/2304/1219 1417/2306/1221
f 1412/2300/1216 1417/2306/1221 1418/2307/1222
f 1415/2304/1219 1416/2305/1220 1419/2308/1223
f 1415/2304/1219 1419/2308/1223 1417/2306/1221
f 1419/2308/1223 1416/2305/1220 1420/2309/1224
f 1418/2307/1222 1417/2306/1221 1421/2310/1225
f 1421/2310/1225 1417/2306/1221 1419/2308/1223
f 1418/2307/1222 1421/2310/1225 1422/2311/1226
f 1422/2311/1226 1421/2310/1225 1423/2312/1227
f 1421/2310/1225 1419/2308/1223 1424/2313/1228
f 1421/2310/1225 1424/2313/1228 1423/2312/1227
f 1424/2313/1228 1419/2308/1223 1425/2314/1229
f 1423/2312/1227 1424/2313/1228 1426/2315/1230
f 1426/2315/1230 1424/2313/1228 1427/2316/1231
f 1423/2312/1227 1426/2315/1230 1428/2317/1232
f 1426/2315/1230 1427/2316/1231 1429/2318/1233
f 1426/2315/1230 1429/2318/1233 1428/2317/1232
f 1430/2319/1234 1394/2320/1198 1431/2321/1235
f 1294/2322/1122 1296/2323/1124 1394/2320/1198
f 1394/2320/1198 1296/2323/1124 1431/2321/1235
f 1431/2321/1235 1296/2323/1124 1298/2324/1126
f 1431/2321/1235 1298/2324/1126 1432/2325/1236
f 1431/2321/1235 1432/2325/1236 1433/2326/1237
f 1431/2321/1235 1433/2326/1237 1430/2319/1234
f 1433/2326/1237 1432/2325/1236 1434/2327/1238
f 1435/2328/1239 1394/2320/1198 1430/2319/1234
f 1394/2320/1198 1435/2328/1239 1396/2329/1200
f 1396/2329/1200 1435/2328/1239 1364/2330/1180
f 1364/2330/1180 1435/2328/1239 1363/2331/1179
f 1435/2328/1239 1430/2319/1234 1436/2332/1240
f 1435/2328/1239 1436/2332/1240 1363/2331/1179
f 1436/2332/1240 1430/2319/1234 1433/2326/1237
f 1363/2331/1179 1436/2332/1240 1437/2333/1241
f 1437/2333/1241 1436/2332/1240 1433/2326/1237
f 1437/2333/1241 1433/2326/1237 1434/2327/1238
f 1363/2331/1179 1437/2333/1241 1438/2334/1242
f 1437/2333/1241 1434/2327/1238 1439/2335/1243
f 1437/2333/1241 1439/2335/1243 1438/2334/1242
f 1008/2336/929 1006/2337/927 1007/2338/928
f 1006/2337/927 1008/2336/929 1393/2339/1197
f 1006/2337/927 1393/2339/1197 1440/2340/915
f 1006/2337/927 1440/2340/915 1341/2341/951
f 1440/2340/915 1393/2339/1197 1441/2342/1244
f 1341/2341/951 1440/2340/915 1346/2343/903
f 1440/2340/915 1441/2342/1244 1442/2344/1245
f 1440/2340/915 1442/2344/1245 1346/2343/903
f 221/2345/210 222/2346/211 1274/2347/128
f 1388/2348/1194 815/2349/761 813/2350/759
f 1388/2348/1194 813/2350/759 1443/2351/272
f 1443/2351/272 813/2350/759 810/2352/759
f 1388/2348/1194 1443/2351/272 1444/2353/593
f 1443/2351/272 810/2352/759 1121/2354/993
f 1444/2353/593 1443/2351/272 1445/2355/1246
f 1445/2355/1246 1443/2351/272 1121/2354/993
f 1385/2356/1192 885/2357/826 1384/2358/856
f 885/2357/826 1385/2356/1192 1272/2359/1101
f 885/2357/826 1272/2359/1101 222/2360/211
f 1272/2359/1101 1385/2356/1192 1386/2361/458
f 1272/2359/1101 1386/2361/458 1271/2362/1100
f 1271/2362/1100 1386/2361/458 1446/2363/460
f 885/2364/826 222/2365/211 884/2366/825
f 1447/2367/1247 1448/2368/1248 1449/2369/1249
f 1448/2368/1248 1447/2367/1247 1450/2370/1250
f 1449/2369/1249 1448/2368/1248 1429/2371/1233
f 1449/2369/1249 1429/2371/1233 1427/2372/1231
f 1447/2367/1247 1449/2369/1249 1451/2373/1251
f 1447/2367/1247 1451/2373/1251 1452/2374/1252
f 1452/2374/1252 1451/2373/1251 1453/2375/1253
f 1453/2375/1253 1451/2373/1251 1454/2376/1254
f 1451/2373/1251 1449/2369/1249 1455/2377/1255
f 1455/2377/1255 1449/2369/1249 1427/2372/1231
f 1451/2373/1251 1455/2377/1255 1454/2376/1254
f 1455/2377/1255 1427/2372/1231 1425/2378/1229
f 1425/2378/1229 1427/2372/1231 1424/2379/1228
f 1454/2376/1254 1455/2377/1255 1456/2380/1256
f 1456/2380/1256 1455/2377/1255 1425/2378/1229
f 1454/2376/1254 1456/2380/1256 1457/2381/1257
f 1456/2380/1256 1425/2378/1229 1458/2382/1258
f 1457/2381/1257 1456/2380/1256 1459/2383/1259
f 1459/2383/1259 1456/2380/1256 1458/2382/1258
f 1458/2382/1258 1425/2378/1229 1420/2384/1224
f 1458/2382/1258 1420/2384/1224 1459/2383/1259
f 1420/2384/1224 1425/2378/1229 1419/2385/1223
f 1459/2383/1259 1420/2384/1224 1362/2386/1178
f 1459/2383/1259 1362/2386/1178 1438/2387/1242
f 1362/2386/1178 1420/2384/1224 1416/2388/1220
f 1438/2387/1242 1362/2386/1178 1363/2389/1179
f 1363/2389/1179 1362/2386/1178 1359/2390/1175
f 1362/2386/1178 1416/2388/1220 1365/2391/1181
f 1362/2386/1178 1365/2391/1181 1361/2392/1177
f 1429/2393/1233 1448/2394/1248 1450/2395/1250
f 1429/2393/1233 1450/2395/1250 1460/2396/1260
f 1460/2396/1260 1450/2395/1250 1447/2397/1247
f 1429/2393/1233 1460/2396/1260 1428/2398/1232
f 1428/2398/1232 1460/2396/1260 1461/2399/1261
f 1428/2398/1232 1461/2399/1261 1462/2400/1262
f 1461/2399/1261 1460/2396/1260 1463/2401/1263
f 985/2402/915 1464/2403/386 983/2404/913
f 983/2404/913 1464/2403/386 984/2405/914
f 1464/2403/386 985/2402/915 987/2406/386
f 984/2405/914 1464/2403/386 1465/2407/142
f 984/2405/914 1465/2407/142 1466/2408/1264
f 1466/2408/1264 1465/2407/142 1467/2409/1265
f 1467/2409/1265 1465/2407/142 1468/2410/1266
f 1467/2409/1265 1468/2410/1266 1469/2411/1267
f 1469/2411/1267 1468/2410/1266 1470/2412/1268
f 1468/2410/1266 1465/2407/142 1471/2413/1269
f 1468/2410/1266 1471/2413/1269 1470/2412/1268
f 1471/2413/1269 1465/2407/142 1464/2403/386
f 1472/2414/903 1464/2403/386 987/2406/386
f 1464/2403/386 1472/2414/903 1471/2413/1269
f 994/2415/922 987/2406/386 988/2416/903
f 1470/2412/1268 1471/2413/1269 1473/2417/1270
f 1470/2412/1268 1473/2417/1270 1474/2418/1271
f 1474/2418/1271 1473/2417/1270 1475/2419/1103
f 1473/2417/1270 1471/2413/1269 1476/2420/1272
f 1475/2419/1103 1473/2417/1270 1477/2421/951
f 1477/2421/951 1473/2417/1270 1476/2420/1272
f 1477/2421/951 1476/2420/1272 1471/2413/1269
f 1475/2419/1103 1477/2421/951 1478/2422/903
f 1477/2421/951 1471/2413/1269 1472/2414/903
f 1478/2422/903 1477/2421/951 1479/2423/1273
f 1477/2421/951 1472/2414/903 1480/2424/1274
f 1477/2421/951 1480/2424/1274 1479/2423/1273
f 1479/2423/1273 1480/2424/1274 1481/2425/1275
f 1479/2423/1273 1481/2425/1275 1482/2426/1276
f 1479/2423/1273 1482/2426/1276 1483/2427/1277
f 1483/2427/1277 1482/2426/1276 1484/2428/1006
f 1482/2426/1276 1481/2425/1275 1485/2429/1196
f 1482/2426/1276 1485/2429/1196 1484/2428/1006
f 1485/2429/1196 1481/2425/1275 1480/2424/1274
f 1486/2430/1278 1480/2424/1274 1472/2414/903
f 1480/2424/1274 1486/2430/1278 1485/2429/1196
f 1486/2430/1278 1472/2414/903 1487/2431/1279
f 1487/2431/1279 1472/2414/903 987/2406/386
f 1487/2431/1279 987/2406/386 994/2415/922
f 1486/2430/1278 1487/2431/1279 1488/2432/1136
f 1486/2430/1278 1488/2432/1136 1485/2429/1196
f 1487/2431/1279 994/2415/922 1489/2433/1280
f 1487/2431/1279 1489/2433/1280 1488/2432/1136
f 1489/2433/1280 994/2415/922 993/2434/921
f 1489/2433/1280 993/2434/921 995/2435/825
f 1488/2432/1136 1489/2433/1280 1070/2436/966
f 1070/2436/966 1489/2433/1280 995/2435/825
f 1488/2432/1136 1070/2436/966 1485/2429/1196
f 1070/2436/966 995/2435/825 1071/2437/967
f 1485/2429/1196 1070/2436/966 1490/2438/1281
f 1485/2429/1196 1490/2438/1281 1491/2439/1282
f 1485/2429/1196 1491/2439/1282 1492/2440/1283
f 1485/2429/1196 1492/2440/1283 1484/2428/1006
f 1484/2428/1006 1492/2440/1283 1493/2441/1284
f 1493/2441/1284 1492/2440/1283 1494/2442/1285
f 1494/2442/1285 1492/2440/1283 1495/2443/1286
f 1495/2443/1286 1492/2440/1283 1491/2439/1282
f 1494/2442/1285 1495/2443/1286 1496/2444/1287
f 1496/2444/1287 1495/2443/1286 1491/2439/1282
f 1496/2444/1287 1491/2439/1282 1069/2445/965
f 1496/2444/1287 1069/2445/965 1497/2446/492
f 1298/2447/1126 1498/2448/1288 1432/2449/1236
f 1498/2448/1288 1298/2447/1126 1130/2450/999
f 1498/2448/1288 1130/2450/999 1133/2451/1000
f 1432/2449/1236 1498/2448/1288 1499/2452/1289
f 1498/2448/1288 1133/2451/1000 1500/2453/1290
f 1498/2448/1288 1500/2453/1290 1499/2452/1289
f 1432/2449/1236 1499/2452/1289 1434/2454/1238
f 1500/2453/1290 1133/2451/1000 1134/2455/1001
f 1500/2453/1290 1134/2455/1001 1501/2456/1291
f 1434/2454/1238 1499/2452/1289 1502/2457/1292
f 1434/2454/1238 1502/2457/1292 1439/2458/1243
f 1499/2452/1289 1500/2453/1290 1503/2459/1293
f 1499/2452/1289 1503/2459/1293 1502/2457/1292
f 1500/2453/1290 1501/2456/1291 1504/2460/1294
f 1500/2453/1290 1504/2460/1294 1503/2459/1293
f 1504/2460/1294 1501/2456/1291 1403/2461/1207
f 1504/2460/1294 1403/2461/1207 1407/2462/1211
f 1503/2459/1293 1504/2460/1294 1505/2463/1295
f 1505/2463/1295 1504/2460/1294 1407/2462/1211
f 1503/2459/1293 1505/2463/1295 1502/2457/1292
f 1505/2463/1295 1407/2462/1211 1408/2464/1212
f 1506/2465/1296 1439/2458/1243 1502/2457/1292
f 1506/2465/1296 1502/2457/1292 1505/2463/1295
f 1506/2465/1296 1505/2463/1295 1408/2464/1212
f 1439/2458/1243 1506/2465/1296 1507/2466/1297
f 1507/2466/1297 1506/2465/1296 1508/2467/1298
f 1508/2467/1298 1506/2465/1296 1408/2464/1212
f 1508/2467/1298 1408/2464/1212 1411/2468/1215
f 1438/2469/1242 1509/2470/1299 1459/2471/1259
f 1459/2471/1259 1509/2470/1299 1457/2472/1257
f 1439/2473/1243 1507/2474/1297 1438/2469/1242
f 1509/2470/1299 1438/2469/1242 1510/2475/1300
f 1510/2475/1300 1438/2469/1242 1507/2474/1297
f 1457/2472/1257 1509/2470/1299 1511/2476/1301
f 1511/2476/1301 1509/2470/1299 1510/2475/1300
f 1510/2475/1300 1507/2474/1297 1512/2477/1302
f 1510/2475/1300 1512/2477/1302 1511/2476/1301
f 1512/2477/1302 1507/2474/1297 1508/2478/1298
f 1512/2477/1302 1508/2478/1298 1513/2479/1303
f 1512/2477/1302 1513/2479/1303 1511/2476/1301
f 1513/2479/1303 1508/2478/1298 1411/2480/1215
f 1513/2479/1303 1411/2480/1215 1514/2481/1304
f 1513/2479/1303 1514/2481/1304 1511/2476/1301
f 1514/2481/1304 1411/2480/1215 1412/2482/1216
f 1514/2481/1304 1412/2482/1216 1418/2483/1222
f 1514/2481/1304 1418/2483/1222 1422/2484/1226
f 1511/2476/1301 1514/2481/1304 1515/2485/1305
f 1511/2476/1301 1515/2485/1305 1457/2472/1257
f 1515/2485/1305 1514/2481/1304 1422/2484/1226
f 1457/2472/1257 1515/2485/1305 1454/2486/1254
f 1515/2485/1305 1422/2484/1226 1516/2487/1306
f 1515/2485/1305 1516/2487/1306 1454/2486/1254
f 1516/2487/1306 1422/2484/1226 1423/2488/1227
f 1454/2486/1254 1516/2487/1306 1517/2489/1307
f 1454/2486/1254 1517/2489/1307 1453/2490/1253
f 1516/2487/1306 1423/2488/1227 1518/2491/1308
f 1516/2487/1306 1518/2491/1308 1517/2489/1307
f 1518/2491/1308 1423/2488/1227 1428/2492/1232
f 1518/2491/1308 1428/2492/1232 1462/2493/1262
f 1517/2489/1307 1518/2491/1308 1519/2494/1309
f 1517/2489/1307 1519/2494/1309 1453/2490/1253
f 1519/2494/1309 1518/2491/1308 1462/2493/1262
f 1519/2494/1309 1462/2493/1262 1463/2495/1263
f 1463/2495/1263 1462/2493/1262 1461/2496/1261
f 1453/2490/1253 1519/2494/1309 1520/2497/1310
f 1520/2497/1310 1519/2494/1309 1463/2495/1263
f 1453/2490/1253 1520/2497/1310 1452/2498/1252
f 1520/2497/1310 1463/2495/1263 1460/2499/1260
f 1520/2497/1310 1460/2499/1260 1452/2498/1252
f 1452/2498/1252 1460/2499/1260 1447/2500/1247
f 1061/2501/30 982/2502/710 981/2503/912
f 980/2504/911 984/2505/914 981/2503/912
f 981/2503/912 984/2505/914 1466/2506/1264
f 981/2503/912 1466/2506/1264 1061/2501/30
f 1061/2501/30 1466/2506/1264 1521/2507/14
f 1521/2507/14 1466/2506/1264 1467/2508/1265
f 1521/2507/14 1467/2508/1265 1469/2509/1267
f 1061/2501/30 1521/2507/14 1522/2510/144
f 1061/2501/30 1522/2510/144 1523/2511/1311
f 1522/2510/144 1521/2507/14 1524/2512/1312
f 1523/2511/1311 1522/2510/144 1525/2513/1313
f 1524/2512/1312 1521/2507/14 1526/2514/149
f 1526/2514/149 1521/2507/14 1469/2509/1267
f 1522/2510/144 1524/2512/1312 1527/2515/100
f 1527/2515/100 1524/2512/1312 1526/2514/149
f 1522/2510/144 1527/2515/100 1525/2513/1313
f 1523/2511/1311 1525/2513/1313 1064/2516/962
f 1525/2513/1313 1527/2515/100 1528/2517/1025
f 1525/2513/1313 1528/2517/1025 1529/2518/1314
f 1527/2515/100 1526/2514/149 1530/2519/1026
f 1527/2515/100 1530/2519/1026 1531/2520/148
f 1530/2519/1026 1526/2514/149 1532/2521/1315
f 1532/2521/1315 1526/2514/149 1469/2509/1267
f 1530/2519/1026 1532/2521/1315 1533/2522/1316
f 1532/2521/1315 1469/2509/1267 1474/2523/1271
f 1532/2521/1315 1474/2523/1271 1533/2522/1316
f 1474/2523/1271 1469/2509/1267 1470/2524/1268
f 1533/2522/1316 1474/2523/1271 1475/2525/1103
f 1534/2526/1317 1525/2513/1313 1529/2518/1314
f 1525/2513/1313 1534/2526/1317 1064/2516/962
f 1534/2526/1317 1529/2518/1314 1535/2527/1318
f 1534/2526/1317 1535/2527/1318 1536/2528/1319
f 1064/2516/962 1534/2526/1317 1537/2529/1071
f 1537/2529/1071 1534/2526/1317 1536/2528/1319
f 1064/2516/962 1537/2529/1071 1538/2530/593
f 1537/2529/1071 1536/2528/1319 1539/2531/962
f 1538/2530/593 1537/2529/1071 1540/2532/1320
f 1540/2532/1320 1537/2529/1071 1539/2531/962
f 1538/2530/593 1540/2532/1320 1497/2533/492
f 1497/2533/492 1540/2532/1320 1496/2534/1287
f 1540/2532/1320 1539/2531/962 1541/2535/1321
f 1540/2532/1320 1541/2535/1321 1496/2534/1287
f 1541/2535/1321 1539/2531/962 1536/2528/1319
f 1496/2534/1287 1541/2535/1321 1494/2536/1285
f 1494/2536/1285 1541/2535/1321 1536/2528/1319
f 1494/2536/1285 1536/2528/1319 1542/2537/1322
f 1445/2538/1246 1121/2539/993 1122/2540/458
f 1445/2538/1246 1122/2540/458 1543/2541/458
f 1543/2541/458 1122/2540/458 1323/2542/460
f 1544/2543/715 1146/2544/1005 1144/2545/715
f 1544/2543/715 1144/2545/715 953/2546/884
f 1544/2543/715 953/2546/884 1545/2547/460
f 1545/2547/460 953/2546/884 1225/2548/1061
f 1545/2547/460 1225/2548/1061 1316/2549/1138
f 1545/2547/460 1316/2549/1138 1546/2550/983
f 1545/2547/460 1546/2550/983 1544/2543/715
f 1546/2550/983 1316/2549/1138 1547/2551/610
f 1546/2550/983 1547/2551/610 1548/2552/422
f 1544/2543/715 1546/2550/983 1549/2553/1323
f 1549/2553/1323 1546/2550/983 1548/2552/422
f 1544/2543/715 1549/2553/1323 1146/2544/1005
f 1549/2553/1323 1548/2552/422 1550/2554/1277
f 1549/2553/1323 1550/2554/1277 1146/2544/1005
f 1550/2554/1277 1548/2552/422 1151/2555/1009
f 1146/2544/1005 1550/2554/1277 1147/2556/1006
f 1147/2556/1006 1550/2554/1277 1151/2555/1009
f 1334/2557/1150 1034/2558/949 1036/2559/950
f 1034/2558/949 1334/2557/1150 1336/2560/1152
f 1034/2558/949 1336/2560/1152 1035/2561/23
f 1523/2562/1311 1060/2563/960 1061/2564/30
f 1060/2563/960 1523/2562/1311 1064/2565/962
f 1551/2566/954 1224/2567/1060 1223/2568/458
f 1224/2567/1060 1551/2566/954 1323/2569/460
f 1501/2570/1291 1134/2571/1001 1552/2572/780
f 1501/2570/1291 1552/2572/780 1377/2573/1188
f 1501/2570/1291 1377/2573/1188 1403/2574/1207
f 1377/2573/1188 1552/2572/780 1553/2575/1324
f 1377/2573/1188 1553/2575/1324 1379/2576/1189
f 1379/2576/1189 1553/2575/1324 1378/2577/149
f 1378/2577/149 1553/2575/1324 1381/2578/29
f 1554/2579/1036 1380/2580/1190 1381/2578/29
f 1554/2579/1036 1381/2578/29 1555/2581/98
f 1555/2581/98 1381/2578/29 1553/2575/1324
f 1555/2581/98 1553/2575/1324 1556/2582/1325
f 1557/2583/288 1553/2575/1324 1552/2572/780
f 1553/2575/1324 1557/2583/288 1556/2582/1325
f 1557/2583/288 1552/2572/780 1134/2571/1001
f 1556/2582/1325 1557/2583/288 1558/2584/1326
f 1557/2583/288 1134/2571/1001 1559/2585/1327
f 1557/2583/288 1559/2585/1327 1558/2584/1326
f 1556/2582/1325 1558/2584/1326 1560/2586/131
f 1559/2585/1327 1134/2571/1001 1136/2587/781
f 1560/2586/131 1558/2584/1326 1136/2587/781
f 1560/2586/131 1136/2587/781 1137/2588/148
f 1558/2584/1326 1559/2585/1327 1561/2589/1328
f 1561/2589/1328 1559/2585/1327 1136/2587/781
f 1561/2589/1328 1136/2587/781 1558/2584/1326
f 1538/2590/593 1063/2591/759 1064/2592/962
f 1063/2591/759 1538/2590/593 1066/2593/963
f 1066/2593/963 1538/2590/593 1497/2594/492
f 1066/2593/963 1497/2594/492 1069/2595/965
f 1180/2596/151 1349/2597/151 1181/2598/1031
f 1181/2598/1031 1349/2597/151 1562/2599/1329
f 1181/2598/1031 1562/2599/1329 1186/2600/15
f 1562/2599/1329 1349/2597/151 1563/2601/98
f 1186/2600/15 1562/2599/1329 1564/2602/1330
f 1564/2602/1330 1562/2599/1329 1563/2601/98
f 1186/2600/15 1564/2602/1330 1188/2603/1035
f 1564/2602/1330 1563/2601/98 1565/2604/1331
f 1565/2604/1331 1563/2601/98 1566/2605/1332
f 1444/2606/593 1445/2607/1246 1567/2608/1046
f 1567/2608/1046 1445/2607/1246 1568/2609/1333
f 1568/2609/1333 1445/2607/1246 1543/2610/458
f 1568/2609/1333 1543/2610/458 1569/2611/1006
f 1569/2611/1006 1543/2610/458 1323/2612/460
f 1568/2609/1333 1569/2611/1006 1570/2613/1334
f 1568/2609/1333 1570/2613/1334 1567/2608/1046
f 1567/2608/1046 1570/2613/1334 1571/2614/1335
f 1567/2608/1046 1571/2614/1335 1572/2615/963
f 1567/2608/1046 1572/2615/963 1444/2606/593
f 1572/2615/963 1571/2614/1335 1573/2616/593
f 1444/2606/593 1572/2615/963 1574/2617/963
f 1574/2617/963 1572/2615/963 1573/2616/593
f 1444/2606/593 1574/2617/963 1388/2618/1194
f 1574/2617/963 1573/2616/593 1575/2619/1194
f 1388/2618/1194 1574/2617/963 1389/2620/1195
f 1574/2617/963 1575/2619/1194 1576/2621/1336
f 1574/2617/963 1576/2621/1336 1389/2620/1195
f 1389/2620/1195 1576/2621/1336 1577/2622/1337
f 1200/2623/1338 1201/2624/1338 1153/2625/1338
f 1578/2626/1339 1323/2627/460 1551/2628/954
f 1578/2626/1339 1551/2628/954 1579/2629/715
f 1323/2627/460 1578/2626/1339 1569/2630/1006
f 1569/2630/1006 1578/2626/1339 1580/2631/1340
f 1174/2632/1027 1021/2633/942 1024/2634/944
f 1174/2632/1027 1024/2634/944 1581/2635/1341
f 1581/2635/1341 1024/2634/944 1026/2636/14
f 1581/2635/1341 1026/2636/14 1033/2637/33
f 1581/2635/1341 1033/2637/33 1582/2638/1342
f 1581/2635/1341 1582/2638/1342 1583/2639/1343
f 1174/2632/1027 1581/2635/1341 1584/2640/1344
f 1584/2640/1344 1581/2635/1341 1583/2639/1343
f 1174/2632/1027 1584/2640/1344 1172/2641/1026
f 1172/2641/1026 1584/2640/1344 1583/2639/1343
f 1490/2642/1281 1070/2643/966 1069/2644/965
f 1490/2642/1281 1069/2644/965 1491/2645/1282
f 1551/2646/954 1223/2647/458 1222/2648/884
f 1551/2646/954 1222/2648/884 1585/2649/953
f 1441/2650/1244 1393/2651/1197 1392/2652/1196
f 1441/2650/1244 1392/2652/1196 1586/2653/1345
f 1548/2654/422 1150/2655/1008 1151/2656/1009
f 1150/2655/1008 1548/2654/422 1047/2657/954
f 1047/2657/954 1548/2654/422 1587/2658/460
f 1587/2658/460 1548/2654/422 1588/2659/1184
f 1047/2657/954 1587/2658/460 1050/2660/845
f 1050/2660/845 1587/2658/460 1589/2661/610
f 1050/2660/845 1589/2661/610 1051/2662/460
f 1051/2662/460 1589/2661/610 1053/2663/610
f 1590/2664/1346 1591/2665/1347 1592/2666/1348
f 1591/2665/1347 1590/2664/1346 1593/2667/1349
f 1592/2666/1348 1591/2665/1347 1594/2668/1350
f 1592/2666/1348 1594/2668/1350 1595/2669/1351
f 1591/2665/1347 1593/2667/1349 1596/2670/1352
f 1595/2669/1351 1594/2668/1350 1597/2671/1353
f 1597/2671/1353 1594/2668/1350 1591/2665/1347
f 1597/2671/1353 1591/2665/1347 1598/2672/1354
f 1598/2672/1354 1591/2665/1347 1596/2670/1352
f 1595/2669/1351 1597/2671/1353 1599/2673/1355
f 1599/2673/1355 1597/2671/1353 1598/2672/1354
f 1595/2669/1351 1599/2673/1355 1600/2674/1356
f 1595/2669/1351 1600/2674/1356 1601/2675/1357
f 1601/2675/1357 1600/2674/1356 1190/2676/1037
f 1600/2674/1356 1599/2673/1355 1602/2677/1358
f 1600/2674/1356 1602/2677/1358 1603/2678/1359
f 1599/2673/1355 1598/2672/1354 1604/2679/1360
f 1599/2673/1355 1604/2679/1360 1602/2677/1358
f 1604/2679/1360 1598/2672/1354 1596/2670/1352
f 1602/2677/1358 1604/2679/1360 1605/2680/1361
f 1602/2677/1358 1605/2680/1361 1606/2681/1362
f 1604/2679/1360 1596/2670/1352 1607/2682/1363
f 1604/2679/1360 1607/2682/1363 1608/2683/1364
f 1608/2683/1364 1607/2682/1363 1609/2684/1365
f 1609/2684/1365 1607/2682/1363 1610/2685/1366
f 1610/2685/1366 1607/2682/1363 1596/2670/1352
f 1609/2684/1365 1610/2685/1366 1611/2686/1367
f 1611/2686/1367 1610/2685/1366 1612/2687/1368
f 1610/2685/1366 1596/2670/1352 1613/2688/1369
f 1610/2685/1366 1613/2688/1369 1612/2687/1368
f 1613/2688/1369 1596/2670/1352 1593/2667/1349
f 1612/2687/1368 1613/2688/1369 1614/2689/1370
f 1614/2689/1370 1613/2688/1369 1593/2667/1349
f 1590/2690/1346 1592/2691/1348 1615/2692/1371
f 1590/2690/1346 1615/2692/1371 1616/2693/1372
f 1615/2692/1371 1592/2691/1348 1617/2694/1373
f 1616/2693/1372 1615/2692/1371 1618/2695/1374
f 1618/2695/1374 1615/2692/1371 1617/2694/1373
f 1617/2694/1373 1592/2691/1348 1619/2696/1375
f 1619/2696/1375 1592/2691/1348 1595/2697/1351
f 1617/2694/1373 1619/2696/1375 1564/2698/1330
f 1619/2696/1375 1595/2697/1351 1601/2699/1357
f 1617/2694/1373 1564/2698/1330 1620/2700/1376
f 1617/2694/1373 1620/2700/1376 1618/2695/1374
f 1564/2698/1330 1619/2696/1375 1188/2701/1035
f 1188/2701/1035 1619/2696/1375 1601/2699/1357
f 1620/2700/1376 1564/2698/1330 1565/2702/1331
f 1620/2700/1376 1565/2702/1331 1621/2703/1377
f 1620/2700/1376 1621/2703/1377 1622/2704/1378
f 1188/2701/1035 1601/2699/1357 1623/2705/1379
f 1188/2701/1035 1623/2705/1379 1624/2706/1380
f 1624/2706/1380 1623/2705/1379 1601/2699/1357
f 1188/2701/1035 1624/2706/1380 1190/2707/1037
f 1190/2707/1037 1624/2706/1380 1601/2699/1357
f 1620/2700/1376 1622/2704/1378 1625/2708/1381
f 1620/2700/1376 1625/2708/1381 1618/2695/1374
f 1625/2708/1381 1622/2704/1378 1626/2709/1382
f 1626/2709/1382 1622/2704/1378 1627/2710/1383
f 1626/2709/1382 1627/2710/1383 1628/2711/1384
f 1625/2708/1381 1626/2709/1382 1629/2712/1385
f 1626/2709/1382 1628/2711/1384 1630/2713/1386
f 1626/2709/1382 1630/2713/1386 1629/2712/1385
f 1630/2713/1386 1628/2711/1384 1631/2714/1387
f 1631/2714/1387 1628/2711/1384 1632/2715/1388
f 1631/2714/1387 1632/2715/1388 1633/2716/1389
f 1631/2714/1387 1633/2716/1389 1634/2717/1390
f 1631/2714/1387 1634/2717/1390 1630/2713/1386
f 1634/2717/1390 1633/2716/1389 1635/2718/1391
f 1630/2713/1386 1634/2717/1390 1636/2719/1392
f 1630/2713/1386 1636/2719/1392 1629/2712/1385
f 1634/2717/1390 1635/2718/1391 1637/2720/1393
f 1634/2717/1390 1637/2720/1393 1636/2719/1392
f 1637/2720/1393 1635/2718/1391 1612/2721/1368
f 1612/2721/1368 1635/2718/1391 1638/2722/1394
f 1612/2721/1368 1638/2722/1394 1639/2723/1395
f 1612/2721/1368 1639/2723/1395 1611/2724/1367
f 1637/2720/1393 1612/2721/1368 1614/2725/1370
f 1637/2720/1393 1614/2725/1370 1593/2726/1349
f 1637/2720/1393 1593/2726/1349 1636/2719/1392
f 1636/2719/1392 1593/2726/1349 1590/2690/1346
f 1636/2719/1392 1590/2690/1346 1629/2712/1385
f 1629/2712/1385 1590/2690/1346 1616/2693/1372
f 1629/2712/1385 1616/2693/1372 1618/2695/1374
f 1629/2712/1385 1618/2695/1374 1640/2727/1396
f 1640/2727/1396 1618/2695/1374 1641/2728/1397
f 1629/2712/1385 1640/2727/1396 1642/2729/1398
f 1642/2729/1398 1640/2727/1396 1641/2728/1397
f 1642/2729/1398 1641/2728/1397 1618/2695/1374
f 1629/2712/1385 1642/2729/1398 1625/2708/1381
f 1625/2708/1381 1642/2729/1398 1618/2695/1374
f 1162/2730/1020 1328/2731/1148 1159/2732/148
f 1328/2731/1148 1162/2730/1020 1164/2733/1022
f 1328/2731/1148 1164/2733/1022 1330/2734/1149
f 1330/2734/1149 1164/2733/1022 1643/2735/899
f 1644/2736/149 1259/2737/1090 1261/2738/1091
f 1644/2736/149 1261/2738/1091 1263/2739/1092
f 1644/2736/149 1263/2739/1092 1645/2740/1399
f 1644/2736/149 1645/2740/1399 1646/2741/1400
f 1645/2740/1399 1263/2739/1092 1647/2742/1401
f 1645/2740/1399 1647/2742/1401 1646/2741/1400
f 1647/2742/1401 1263/2739/1092 1648/2743/1402
f 1647/2742/1401 1648/2743/1402 1649/2744/1403
f 1648/2743/1402 1263/2739/1092 1264/2745/1093
f 1648/2743/1402 1264/2745/1093 1271/2746/1100
f 1648/2743/1402 1271/2746/1100 1650/2747/1404
f 1648/2743/1402 1650/2747/1404 1651/2748/1405
f 1652/2749/1406 1644/2736/149 1646/2741/1400
f 1644/2736/149 1652/2749/1406 1259/2737/1090
f 1652/2749/1406 1646/2741/1400 1653/2750/1407
f 1652/2749/1406 1653/2750/1407 1255/2751/88
f 1652/2749/1406 1255/2751/88 1256/2752/1087
f 1652/2749/1406 1256/2752/1087 1258/2753/1089
f 1654/2754/1408 1258/2753/1089 1259/2737/1090
f 1258/2753/1089 1654/2754/1408 1652/2749/1406
f 1652/2749/1406 1654/2754/1408 1259/2737/1090
f 1242/2755/1074 1243/2756/1075 1247/2757/1079
f 1247/2757/1079 1243/2756/1075 1245/2758/1077
f 1242/2755/1074 1247/2757/1079 1655/2759/1409
f 1242/2760/1074 1656/2761/1410 1353/2762/1169
f 1353/2762/1169 1656/2761/1410 1354/2763/1170
f 1354/2763/1170 1656/2761/1410 1242/2760/1074
f 1354/2763/1170 1242/2760/1074 1657/2764/1411
f 1657/2764/1411 1242/2760/1074 1655/2765/1409
f 1563/2766/98 1349/2767/151 1350/2768/152
f 1563/2766/98 1350/2768/152 1658/2769/156
f 1095/2770/984 1090/2771/982 1089/2772/981
f 1090/2771/982 1095/2770/984 1659/2773/1412
f 1347/2774/1160 1386/2775/458 1345/2776/1159
f 1386/2775/458 1347/2774/1160 1660/2777/422
f 1575/2778/1194 1577/2779/1337 1576/2780/1336
f 1577/2779/1337 1575/2778/1194 1661/2781/1413
f 1577/2779/1337 1661/2781/1413 1389/2782/1195
f 1389/2782/1195 1661/2781/1413 1391/2783/1006
f 1035/2784/23 1033/2785/33 1032/2786/16
f 1570/2787/1334 1569/2788/1006 1662/2789/458
f 1662/2789/458 1569/2788/1006 1580/2790/1340
f 1662/2789/458 1580/2790/1340 1663/2791/1184
f 1663/2791/1184 1580/2790/1340 1579/2792/715
f 1663/2791/1184 1579/2792/715 1664/2793/992
f 1664/2793/992 1579/2792/715 1665/2794/610
f 1663/2791/1184 1664/2793/992 1666/2795/1414
f 1663/2791/1184 1666/2795/1414 1662/2789/458
f 1662/2789/458 1666/2795/1414 1667/2796/460
f 1662/2789/458 1667/2796/460 1668/2797/1415
f 1662/2789/458 1668/2797/1415 1570/2787/1334
f 1668/2797/1415 1667/2796/460 1669/2798/1416
f 1570/2787/1334 1668/2797/1415 1670/2799/606
f 1670/2799/606 1668/2797/1415 1669/2798/1416
f 1570/2787/1334 1670/2799/606 1571/2800/1335
f 1571/2800/1335 1670/2799/606 1573/2801/593
f 1670/2799/606 1669/2798/1416 1671/2802/1051
f 1671/2802/1051 1669/2798/1416 1672/2803/593
f 1573/2801/593 1670/2799/606 1673/2804/606
f 1673/2804/606 1670/2799/606 1671/2802/1051
f 1671/2802/1051 1672/2803/593 1674/2805/492
f 1671/2802/1051 1674/2805/492 1673/2804/606
f 1573/2801/593 1673/2804/606 1575/2806/1194
f 1575/2806/1194 1673/2804/606 1661/2807/1413
f 1673/2804/606 1674/2805/492 1675/2808/1417
f 1673/2804/606 1675/2808/1417 1661/2807/1413
f 1675/2808/1417 1674/2805/492 1676/2809/1418
f 1661/2807/1413 1675/2808/1417 1677/2810/1419
f 1677/2810/1419 1675/2808/1417 1676/2809/1418
f 1661/2807/1413 1677/2810/1419 1391/2811/1006
f 1677/2810/1419 1676/2809/1418 1678/2812/1420
f 1677/2810/1419 1678/2812/1420 1391/2811/1006
f 1391/2811/1006 1678/2812/1420 1586/2813/1345
f 1586/2813/1345 1678/2812/1420 1679/2814/1421
f 1678/2812/1420 1676/2809/1418 1680/2815/1010
f 1679/2814/1421 1678/2812/1420 1681/2816/1422
f 1681/2816/1422 1678/2812/1420 1680/2815/1010
f 1681/2816/1422 1680/2815/1010 1682/2817/1423
f 1391/2818/1006 1586/2819/1345 1392/2820/1196
f 1683/2821/1424 1638/2822/1394 1684/2823/46
f 1684/2823/46 1638/2822/1394 1685/2824/1425
f 1638/2822/1394 1683/2821/1424 1686/2825/1426
f 1638/2822/1394 1686/2825/1426 1639/2826/1395
f 1686/2825/1426 1683/2821/1424 1687/2827/1427
f 1686/2825/1426 1687/2827/1427 1688/2828/1428
f 1687/2827/1427 1683/2821/1424 1689/2829/1429
f 1687/2827/1427 1689/2829/1429 1688/2828/1428
f 1689/2829/1429 1683/2821/1424 1684/2823/46
f 1684/2823/46 1685/2824/1425 1690/2830/1430
f 1688/2828/1428 1689/2829/1429 1690/2831/1430
f 1688/2828/1428 1690/2831/1430 1685/2832/1425
f 1689/2829/1429 1684/2823/46 1691/2833/1431
f 1690/2831/1430 1689/2829/1429 1692/2834/1432
f 1689/2829/1429 1691/2833/1431 1693/2835/1433
f 1689/2829/1429 1693/2835/1433 1692/2834/1432
f 1690/2831/1430 1692/2834/1432 1694/2836/1434
f 1694/2836/1434 1692/2834/1432 1693/2835/1433
f 1690/2831/1430 1694/2836/1434 1635/2837/1391
f 1635/2837/1391 1694/2836/1434 1695/2838/1435
f 1695/2838/1435 1694/2836/1434 1632/2839/1388
f 1632/2839/1388 1694/2836/1434 1633/2840/1389
f 1635/2841/1391 1633/2840/1389 1690/2830/1430
f 1696/2842/1436 1693/2835/1433 1691/2833/1431
f 1693/2835/1433 1696/2842/1436 1694/2836/1434
f 1696/2842/1436 1691/2833/1431 1684/2823/46
f 1633/2840/1389 1694/2836/1434 1697/2843/1437
f 1697/2843/1437 1694/2836/1434 1696/2842/1436
f 1633/2840/1389 1697/2843/1437 1690/2830/1430
f 1697/2843/1437 1696/2842/1436 1684/2823/46
f 1697/2843/1437 1684/2823/46 1690/2830/1430
f 1116/2844/609 1698/2845/762 1221/2846/1059
f 1221/2846/1059 1698/2845/762 1222/2847/884
f 1699/2848/422 1207/2849/1050 1093/2850/856
f 1699/2848/422 1093/2850/856 1094/2851/462
f 1700/2852/1438 1207/2849/1050 1701/2853/1439
f 1701/2853/1439 1207/2849/1050 1702/2854/983
f 1702/2854/983 1207/2849/1050 1699/2848/422
f 1699/2848/422 1094/2851/462 1703/2855/1010
f 1699/2848/422 1703/2855/1010 1702/2854/983
f 1703/2855/1010 1094/2851/462 1704/2856/1010
f 1702/2854/983 1703/2855/1010 1705/2857/1440
f 1702/2854/983 1705/2857/1440 1706/2858/1441
f 1705/2857/1440 1703/2855/1010 1707/2859/1440
f 1707/2859/1440 1703/2855/1010 1708/2860/953
f 1708/2860/953 1703/2855/1010 1704/2856/1010
f 1708/2860/953 1704/2856/1010 1709/2861/1442
f 1710/2862/1443 1172/2863/1026 1583/2864/1343
f 1172/2863/1026 1710/2862/1443 1711/2865/148
f 1172/2863/1026 1711/2865/148 1170/2866/131
f 1638/2867/1394 1635/2868/1391 1685/2869/1425
f 1685/2869/1425 1635/2868/1391 1695/2870/1435
f 1685/2869/1425 1695/2870/1435 1639/2871/1395
f 1685/2869/1425 1639/2871/1395 1688/2872/1428
f 1688/2872/1428 1639/2871/1395 1686/2873/1426
f 1639/2871/1395 1695/2870/1435 1611/2874/1367
f 1611/2874/1367 1695/2870/1435 1712/2875/1444
f 1655/2876/1409 1247/2877/1079 1713/2878/1445
f 1655/2876/1409 1713/2878/1445 1714/2879/1446
f 1713/2878/1445 1247/2877/1079 1250/2880/1082
f 1714/2879/1446 1713/2878/1445 1715/2881/1447
f 1713/2878/1445 1250/2880/1082 1716/2882/1448
f 1713/2878/1445 1716/2882/1448 1715/2881/1447
f 1716/2882/1448 1250/2880/1082 1252/2883/1084
f 1252/2883/1084 1250/2880/1082 1251/2884/1083
f 1715/2881/1447 1716/2882/1448 1717/2885/1449
f 1717/2885/1449 1716/2882/1448 1252/2883/1084
f 1715/2881/1447 1717/2885/1449 1657/2886/1411
f 1657/2886/1411 1717/2885/1449 1718/2887/1450
f 1718/2887/1450 1717/2885/1449 1719/2888/1451
f 1719/2888/1451 1717/2885/1449 1720/2889/1452
f 1720/2889/1452 1717/2885/1449 1721/2890/1453
f 1721/2890/1453 1717/2885/1449 1252/2883/1084
f 1721/2890/1453 1252/2883/1084 1253/2891/1085
f 1721/2890/1453 1253/2891/1085 1255/2892/88
f 1721/2890/1453 1255/2892/88 1722/2893/780
f 1660/2894/422 1446/2895/460 1386/2896/458
f 1650/2897/1404 1271/2898/1100 1446/2895/460
f 1650/2897/1404 1446/2895/460 1723/2899/1454
f 1723/2899/1454 1446/2895/460 1660/2894/422
f 1723/2899/1454 1660/2894/422 1724/2900/1455
f 1725/2901/1010 1724/2900/1455 1726/2902/609
f 1726/2902/609 1724/2900/1455 1727/2903/715
f 1724/2900/1455 1660/2894/422 1728/2904/1456
f 1724/2900/1455 1728/2904/1456 1727/2903/715
f 1728/2904/1456 1660/2894/422 1347/2905/1160
f 1728/2904/1456 1347/2905/1160 1346/2906/903
f 1727/2903/715 1728/2904/1456 1729/2907/1197
f 1727/2903/715 1729/2907/1197 1730/2908/1457
f 1728/2904/1456 1346/2906/903 1731/2909/917
f 1729/2907/1197 1728/2904/1456 1732/2910/1458
f 1732/2910/1458 1728/2904/1456 1731/2909/917
f 1729/2907/1197 1732/2910/1458 1733/2911/1272
f 1732/2910/1458 1731/2909/917 1734/2912/1459
f 1732/2910/1458 1734/2912/1459 1733/2911/1272
f 1733/2911/1272 1734/2912/1459 1731/2909/917
f 1729/2907/1197 1733/2911/1272 1735/2913/1460
f 1735/2913/1460 1733/2911/1272 1736/2914/951
f 1736/2914/951 1733/2911/1272 1682/2915/1423
f 1682/2915/1423 1733/2911/1272 1681/2916/1422
f 1737/2917/1461 1731/2909/917 1346/2906/903
f 1731/2909/917 1737/2917/1461 1733/2911/1272
f 1733/2911/1272 1737/2917/1461 1681/2916/1422
f 1737/2917/1461 1346/2906/903 1679/2918/1421
f 1737/2917/1461 1679/2918/1421 1681/2916/1422
f 1442/2919/1245 1441/2920/1244 1586/2921/1345
f 1603/2922/1359 1190/2923/1037 1600/2924/1356
f 1190/2923/1037 1603/2922/1359 1738/2925/1462
f 1738/2925/1462 1603/2922/1359 1739/2926/1463
f 1738/2925/1462 1739/2926/1463 1565/2927/1331
f 1565/2927/1331 1739/2926/1463 1621/2928/1377
f 1740/2929/1464 1142/2930/1003 1190/2931/1037
f 1142/2930/1003 1740/2929/1464 1741/2932/1465
f 1142/2930/1003 1741/2932/1465 1742/2933/1466
f 1740/2929/1464 1190/2931/1037 1738/2934/1462
f 1142/2930/1003 1742/2933/1466 1139/2935/257
f 1740/2929/1464 1738/2934/1462 1743/2936/1467
f 1139/2935/257 1742/2933/1466 1744/2937/1468
f 1139/2935/257 1744/2937/1468 1137/2938/148
f 1137/2938/148 1744/2937/1468 1560/2939/131
f 1743/2936/1467 1738/2934/1462 1745/2940/1469
f 1745/2940/1469 1738/2934/1462 1746/2941/925
f 1746/2941/925 1738/2934/1462 1565/2942/1331
f 1747/2943/1470 1350/2944/152 1352/2945/1168
f 1747/2943/1470 1352/2945/1168 1718/2946/1450
f 1718/2946/1450 1352/2945/1168 1354/2947/1170
f 1718/2946/1450 1354/2947/1170 1657/2948/1411
f 1747/2943/1470 1718/2946/1450 1719/2949/1451
f 1747/2943/1470 1719/2949/1451 1748/2950/1471
f 1653/2951/1407 1646/2952/1400 1749/2953/14
f 1653/2951/1407 1749/2953/14 1750/2954/148
f 1749/2953/14 1646/2952/1400 1751/2955/1267
f 1751/2955/1267 1646/2952/1400 1647/2956/1401
f 1751/2955/1267 1647/2956/1401 1649/2957/1403
f 1750/2954/148 1749/2953/14 1752/2958/288
f 1752/2958/288 1749/2953/14 1751/2955/1267
f 1751/2955/1267 1649/2957/1403 1753/2959/1472
f 1751/2955/1267 1753/2959/1472 1752/2958/288
f 1750/2954/148 1752/2958/288 1754/2960/1473
f 1752/2958/288 1753/2959/1472 1755/2961/1474
f 1754/2960/1473 1752/2958/288 1756/2962/1475
f 1755/2961/1474 1753/2959/1472 1757/2963/903
f 1757/2963/903 1753/2959/1472 1758/2964/1476
f 1757/2963/903 1758/2964/1476 1759/2965/1477
f 1760/2966/1478 1761/2967/1479 1759/2965/1477
f 1759/2965/1477 1761/2967/1479 1757/2963/903
f 1757/2963/903 1761/2967/1479 1762/2968/1480
f 1763/2969/1481 1752/2958/288 1755/2961/1474
f 1763/2969/1481 1755/2961/1474 1757/2963/903
f 1757/2963/903 1762/2968/1480 1764/2970/1482
f 1757/2963/903 1764/2970/1482 1763/2969/1481
f 1764/2970/1482 1762/2968/1480 1765/2971/1483
f 1764/2970/1482 1765/2971/1483 1754/2960/1473
f 1764/2970/1482 1754/2960/1473 1756/2962/1475
f 1764/2970/1482 1756/2962/1475 1763/2969/1481
f 1766/2972/1484 1756/2962/1475 1752/2958/288
f 1766/2972/1484 1752/2958/288 1763/2969/1481
f 1756/2962/1475 1766/2972/1484 1767/2973/1485
f 1767/2973/1485 1766/2972/1484 1763/2969/1481
f 1763/2969/1481 1756/2962/1475 1768/2974/1486
f 1763/2969/1481 1768/2974/1486 1767/2973/1485
f 1767/2973/1485 1768/2974/1486 1756/2962/1475
f 1659/2975/1412 1095/2976/984 1103/2977/653
f 1606/2978/1362 1603/2979/1359 1602/2980/1358
f 1527/2981/100 1531/2982/148 1528/2983/1025
f 1528/2983/1025 1531/2982/148 1769/2984/152
f 1769/2984/152 1531/2982/148 1530/2985/1026
f 1528/2983/1025 1769/2984/152 1770/2986/1487
f 1528/2983/1025 1770/2986/1487 1529/2987/1314
f 1529/2987/1314 1770/2986/1487 1535/2988/1318
f 1535/2988/1318 1770/2986/1487 1771/2989/1072
f 1771/2989/1072 1770/2986/1487 1772/2990/595
f 1772/2990/595 1770/2986/1487 1773/2991/1488
f 1773/2991/1488 1770/2986/1487 1774/2992/1037
f 1774/2992/1037 1770/2986/1487 1769/2984/152
f 1774/2992/1037 1769/2984/152 1775/2993/236
f 1774/2992/1037 1775/2993/236 1776/2994/1489
f 1775/2993/236 1769/2984/152 1777/2995/16
f 1775/2993/236 1777/2995/16 1778/2996/1031
f 1775/2993/236 1778/2996/1031 1779/2997/949
f 1777/2995/16 1769/2984/152 1780/2998/936
f 1777/2995/16 1780/2998/936 1778/2996/1031
f 1781/2999/1490 1778/2996/1031 1782/3000/1491
f 1782/3000/1491 1778/2996/1031 1783/3001/1492
f 1783/3001/1492 1778/2996/1031 1780/2998/936
f 1782/3000/1491 1783/3001/1492 1784/3002/901
f 1783/3001/1492 1780/2998/936 1785/3003/897
f 1783/3001/1492 1785/3003/897 1784/3002/901
f 1785/3003/897 1780/2998/936 1786/3004/1493
f 1784/3002/901 1785/3003/897 1787/3005/1494
f 1787/3005/1494 1785/3003/897 1786/3004/1493
f 1786/3004/1493 1780/2998/936 1788/3006/1495
f 1788/3006/1495 1780/2998/936 1769/2984/152
f 1786/3004/1493 1788/3006/1495 1787/3005/1494
f 1789/3007/951 1782/3000/1491 1784/3002/901
f 1782/3000/1491 1789/3007/951 1790/3008/1496
f 1790/3008/1496 1789/3007/951 1791/3009/1272
f 1791/3009/1272 1789/3007/951 1792/3010/1134
f 1787/3005/1494 1788/3006/1495 1793/3011/1497
f 1794/3012/515 1784/3002/901 1787/3005/1494
f 1784/3002/901 1794/3012/515 1789/3007/951
f 1787/3005/1494 1793/3011/1497 1795/3013/1498
f 1787/3005/1494 1795/3013/1498 1794/3012/515
f 1793/3011/1497 1788/3006/1495 1796/3014/1499
f 1796/3014/1499 1788/3006/1495 1769/2984/152
f 1793/3011/1497 1796/3014/1499 1795/3013/1498
f 1796/3014/1499 1769/2984/152 1530/2985/1026
f 1796/3014/1499 1530/2985/1026 1533/3015/1316
f 1796/3014/1499 1533/3015/1316 1795/3013/1498
f 1795/3013/1498 1533/3015/1316 1794/3012/515
f 1794/3012/515 1533/3015/1316 1475/3016/1103
f 1794/3012/515 1475/3016/1103 1478/3017/903
f 1794/3012/515 1478/3017/903 1789/3007/951
f 1789/3007/951 1478/3017/903 1797/3018/1461
f 1789/3007/951 1797/3018/1461 1798/3019/1500
f 1789/3007/951 1798/3019/1500 1792/3010/1134
f 1797/3018/1461 1478/3017/903 1799/3020/1501
f 1799/3020/1501 1478/3017/903 1479/3021/1273
f 1799/3020/1501 1479/3021/1273 1483/3022/1277
f 1799/3020/1501 1483/3022/1277 1800/3023/854
f 1799/3020/1501 1800/3023/854 1797/3018/1461
f 1797/3018/1461 1800/3023/854 1798/3019/1500
f 1798/3019/1500 1800/3023/854 1801/3024/1502
f 1798/3019/1500 1801/3024/1502 1792/3010/1134
f 1792/3010/1134 1801/3024/1502 1802/3025/1503
f 1803/3026/1006 1222/3027/884 1698/3028/762
f 1222/3027/884 1803/3026/1006 1585/3029/953
f 1804/3030/848 1369/3031/458 1371/3032/967
f 1369/3031/458 1804/3030/848 1370/3033/422
f 1119/3034/422 1120/3035/458 1370/3033/422
f 1119/3034/422 1370/3033/422 1805/3036/715
f 1805/3036/715 1370/3033/422 1806/3037/715
f 1806/3037/715 1370/3033/422 1804/3030/848
f 1804/3030/848 1371/3032/967 1807/3038/812
f 1807/3038/812 1371/3032/967 1053/3039/610
f 1804/3030/848 1807/3038/812 1808/3040/1504
f 1808/3040/1504 1807/3038/812 1809/3041/1192
f 1809/3041/1192 1807/3038/812 1810/3042/992
f 1808/3040/1504 1809/3041/1192 1811/3043/1006
f 1808/3040/1504 1811/3043/1006 1804/3030/848
f 1804/3030/848 1811/3043/1006 1806/3037/715
f 1806/3037/715 1811/3043/1006 1812/3044/715
f 1813/3045/1196 1814/3046/983 1812/3044/715
f 1812/3044/715 1814/3046/983 1815/3047/460
f 1812/3044/715 1815/3047/460 1806/3037/715
f 1815/3047/460 1814/3046/983 1816/3048/955
f 1806/3037/715 1815/3047/460 1817/3049/1505
f 1806/3037/715 1817/3049/1505 1805/3036/715
f 1818/3050/1506 1816/3048/955 1805/3036/715
f 1816/3048/955 1818/3050/1506 1815/3047/460
f 1818/3050/1506 1805/3036/715 1817/3049/1505
f 1817/3049/1505 1815/3047/460 1819/3051/1507
f 1819/3051/1507 1815/3047/460 1818/3050/1506
f 1818/3050/1506 1817/3049/1505 1820/3052/1508
f 1818/3050/1506 1820/3052/1508 1819/3051/1507
f 1819/3051/1507 1820/3052/1508 1817/3049/1505
f 1821/3053/148 1106/3054/101 1330/3055/1149
f 1106/3054/101 1821/3053/148 1822/3056/81
f 1821/3053/148 1330/3055/1149 1643/3057/899
f 1821/3053/148 1643/3057/899 1822/3056/81
f 1739/3058/1463 1603/3059/1359 1606/3060/1362
f 1739/3058/1463 1606/3060/1362 1823/3061/1509
f 1823/3061/1509 1606/3060/1362 1824/3062/1510
f 1824/3062/1510 1606/3060/1362 1605/3063/1361
f 1824/3062/1510 1605/3063/1361 1825/3064/1511
f 1825/3064/1511 1605/3063/1361 1604/3065/1360
f 1825/3064/1511 1604/3065/1360 1608/3066/1364
f 1825/3064/1511 1608/3066/1364 1826/3067/1512
f 1383/3068/233 1337/3069/16 1375/3070/1186
f 1337/3069/16 1383/3068/233 1827/3071/1513
f 1337/3069/16 1827/3071/1513 1828/3072/1514
f 1828/3072/1514 1827/3071/1513 1829/3073/1515
f 1829/3073/1515 1827/3071/1513 1830/3074/140
f 1827/3071/1513 1383/3068/233 1831/3075/148
f 1827/3071/1513 1831/3075/148 1830/3074/140
f 1831/3075/148 1383/3068/233 1380/3076/1190
f 1831/3075/148 1380/3076/1190 1554/3077/1036
f 1830/3074/140 1831/3075/148 1832/3078/148
f 1830/3074/140 1832/3078/148 1833/3079/84
f 1832/3078/148 1831/3075/148 1834/3080/1036
f 1832/3078/148 1834/3080/1036 1835/3081/14
f 1835/3081/14 1834/3080/1036 1836/3082/1516
f 1836/3082/1516 1834/3080/1036 1837/3083/1517
f 1837/3083/1517 1834/3080/1036 1838/3084/1518
f 1838/3084/1518 1834/3080/1036 1831/3075/148
f 1838/3084/1518 1831/3075/148 1839/3085/1519
f 1206/3086/963 1207/3087/1050 1840/3088/1042
f 1840/3088/1042 1207/3087/1050 1700/3089/1438
f 1206/3086/963 1840/3088/1042 1211/3090/1046
f 1211/3090/1046 1840/3088/1042 1841/3091/1520
f 1211/3090/1046 1841/3091/1520 1842/3092/492
f 1211/3090/1046 1842/3092/492 1214/3093/1055
f 1214/3093/1055 1842/3092/492 1843/3094/1521
f 1214/3093/1055 1843/3094/1521 1217/3095/1058
f 1217/3095/1058 1843/3094/1521 1844/3096/1522
f 1844/3096/1522 1843/3094/1521 1842/3092/492
f 1217/3095/1058 1844/3096/1522 1845/3097/714
f 1846/3098/1523 1841/3091/1520 1845/3097/714
f 1846/3098/1523 1845/3097/714 1844/3096/1522
f 1841/3091/1520 1846/3098/1523 1842/3092/492
f 1846/3098/1523 1844/3096/1522 1847/3099/1524
f 1846/3098/1523 1847/3099/1524 1842/3092/492
f 1842/3092/492 1847/3099/1524 1844/3096/1522
f 1712/3100/1444 1848/3101/1525 1611/3102/1367
f 1848/3101/1525 1712/3100/1444 1695/3103/1435
f 1611/3102/1367 1848/3101/1525 1609/3104/1365
f 1609/3104/1365 1848/3101/1525 1608/3105/1364
f 1849/3106/1526 1850/3107/1527 1851/3108/1528
f 1851/3108/1528 1850/3107/1527 1852/3109/1529
f 1849/3106/1526 1851/3108/1528 1853/3110/1530
f 1853/3110/1530 1851/3108/1528 1854/3111/1531
f 1854/3111/1531 1851/3108/1528 1744/3112/1468
f 1849/3106/1526 1853/3110/1530 1855/3113/713
f 1849/3106/1526 1855/3113/713 1850/3107/1527
f 1855/3113/713 1853/3110/1530 1856/3114/1532
f 1856/3114/1532 1853/3110/1530 1854/3111/1531
f 1856/3114/1532 1854/3111/1531 1743/3115/1467
f 1854/3111/1531 1744/3112/1468 1742/3116/1466
f 1743/3115/1467 1854/3111/1531 1740/3117/1464
f 1740/3117/1464 1854/3111/1531 1742/3116/1466
f 1740/3117/1464 1742/3116/1466 1741/3118/1465
f 1857/3119/1533 1850/3107/1527 1855/3113/713
f 1857/3119/1533 1855/3113/713 1858/3120/1534
f 1857/3119/1533 1858/3120/1534 1859/3121/1535
f 1857/3119/1533 1859/3121/1535 1860/3122/1536
f 1850/3107/1527 1857/3119/1533 1861/3123/1537
f 1857/3119/1533 1860/3122/1536 1862/3124/1538
f 1857/3119/1533 1862/3124/1538 1861/3123/1537
f 1862/3124/1538 1860/3122/1536 1863/3125/1539
f 1863/3125/1539 1860/3122/1536 1864/3126/1540
f 1863/3125/1539 1864/3126/1540 1862/3124/1538
f 1864/3126/1540 1860/3122/1536 1865/3127/1541
f 1864/3126/1540 1865/3127/1541 1862/3124/1538
f 1865/3127/1541 1860/3122/1536 1866/3128/1542
f 1865/3127/1541 1866/3128/1542 1862/3124/1538
f 1867/3129/1543 1861/3123/1537 1862/3124/1538
f 1867/3129/1543 1862/3124/1538 1866/3128/1542
f 1861/3123/1537 1867/3129/1543 1868/3130/1544
f 1867/3129/1543 1866/3128/1542 1869/3131/1545
f 1869/3131/1545 1866/3128/1542 1870/3132/1546
f 1867/3129/1543 1869/3131/1545 1868/3130/1544
f 1871/3133/1547 1850/3107/1527 1861/3123/1537
f 1871/3133/1547 1861/3123/1537 1868/3130/1544
f 1850/3107/1527 1871/3133/1547 1872/3134/1088
f 1850/3107/1527 1872/3134/1088 1852/3109/1529
f 1852/3109/1529 1872/3134/1088 1873/3135/1548
f 1873/3135/1548 1872/3134/1088 1874/3136/1549
f 1874/3136/1549 1872/3134/1088 1871/3133/1547
f 1874/3136/1549 1871/3133/1547 1875/3137/1550
f 1875/3137/1550 1871/3133/1547 1876/3138/1551
f 1875/3137/1550 1876/3138/1551 1877/3139/1552
f 1876/3138/1551 1871/3133/1547 1878/3140/1553
f 1878/3140/1553 1871/3133/1547 1868/3130/1544
f 1876/3138/1551 1878/3140/1553 1879/3141/1554
f 1879/3141/1554 1878/3140/1553 1880/3142/1555
f 1880/3142/1555 1878/3140/1553 1868/3130/1544
f 1879/3141/1554 1880/3142/1555 1881/3143/1556
f 1881/3143/1556 1880/3142/1555 1882/3144/1557
f 1880/3142/1555 1868/3130/1544 1883/3145/1558
f 1880/3142/1555 1883/3145/1558 1882/3144/1557
f 1883/3145/1558 1868/3130/1544 1869/3131/1545
f 1882/3144/1557 1883/3145/1558 1884/3146/1559
f 1884/3146/1559 1883/3145/1558 1869/3131/1545
f 1882/3144/1557 1884/3146/1559 1885/3147/1560
f 1884/3146/1559 1869/3131/1545 1886/3148/1561
f 1884/3146/1559 1886/3148/1561 1885/3147/1560
f 1103/3149/653 1102/3150/598 1105/3151/991
f 1103/3149/653 1105/3151/991 1887/3152/1562
f 1092/3153/458 1094/3154/462 1091/3155/983
f 1094/3154/462 1092/3153/458 1888/3156/992
f 1094/3154/462 1888/3156/992 1704/3157/1010
f 1704/3157/1010 1888/3156/992 1889/3158/1563
f 1888/3156/992 1092/3153/458 1890/3159/1564
f 1888/3156/992 1890/3159/1564 1889/3158/1563
f 1890/3159/1564 1092/3153/458 1090/3160/982
f 1890/3159/1564 1090/3160/982 1659/3161/1412
f 1890/3159/1564 1659/3161/1412 1891/3162/1565
f 1890/3159/1564 1891/3162/1565 1892/3163/1566
f 1890/3159/1564 1892/3163/1566 1889/3158/1563
f 1889/3158/1563 1892/3163/1566 1893/3164/1567
f 1651/3165/1405 1894/3166/1568 1648/3167/1402
f 1648/3167/1402 1894/3166/1568 1649/3168/1403
f 1894/3166/1568 1651/3165/1405 1650/3169/1404
f 1649/3168/1403 1894/3166/1568 1753/3170/1472
f 1753/3170/1472 1894/3166/1568 1895/3171/1569
f 1895/3171/1569 1894/3166/1568 1650/3169/1404
f 1753/3170/1472 1895/3171/1569 1758/3172/1476
f 1758/3172/1476 1895/3171/1569 1723/3173/1454
f 1896/3174/1570 1650/3169/1404 1723/3173/1454
f 1650/3169/1404 1896/3174/1570 1895/3171/1569
f 1895/3171/1569 1896/3174/1570 1723/3173/1454
f 1622/3175/1378 1621/3176/1377 1897/3177/1571
f 1897/3177/1571 1621/3176/1377 1739/3178/1463
f 1622/3175/1378 1897/3177/1571 1627/3179/1383
f 1897/3177/1571 1739/3178/1463 1823/3180/1509
f 1627/3179/1383 1897/3177/1571 1898/3181/1572
f 1898/3181/1572 1897/3177/1571 1823/3180/1509
f 1898/3181/1572 1823/3180/1509 1824/3182/1510
f 1898/3181/1572 1824/3182/1510 1825/3183/1511
f 1627/3179/1383 1898/3181/1572 1628/3184/1384
f 1898/3181/1572 1825/3183/1511 1826/3185/1512
f 1898/3181/1572 1826/3185/1512 1628/3184/1384
f 1628/3184/1384 1826/3185/1512 1632/3186/1388
f 1632/3186/1388 1826/3185/1512 1848/3187/1525
f 1632/3186/1388 1848/3187/1525 1695/3188/1435
f 1848/3187/1525 1826/3185/1512 1608/3189/1364
f 1337/3190/16 1035/3191/23 1336/3192/1152
f 1035/3191/23 1337/3190/16 1899/3193/936
f 1899/3193/936 1337/3190/16 1828/3194/1514
f 1035/3191/23 1899/3193/936 1900/3195/1151
f 1035/3191/23 1900/3195/1151 1033/3196/33
f 1033/3196/33 1900/3195/1151 1901/3197/1573
f 1033/3196/33 1901/3197/1573 1582/3198/1342
f 1901/3197/1573 1900/3195/1151 1902/3199/1574
f 1582/3198/1342 1901/3197/1573 1903/3200/1575
f 1582/3198/1342 1903/3200/1575 1583/3201/1343
f 1583/3201/1343 1903/3200/1575 1710/3202/1443
f 1903/3200/1575 1901/3197/1573 1904/3203/1576
f 1903/3200/1575 1904/3203/1576 1710/3202/1443
f 1904/3203/1576 1901/3197/1573 1902/3199/1574
f 1904/3203/1576 1902/3199/1574 1905/3204/1577
f 1905/3204/1577 1902/3199/1574 1906/3205/1578
f 1905/3204/1577 1906/3205/1578 1904/3203/1576
f 1904/3203/1576 1906/3205/1578 1710/3202/1443
f 1710/3202/1443 1906/3205/1578 1711/3206/148
f 1711/3206/148 1906/3205/1578 1907/3207/235
f 1908/3208/1579 1313/3209/951 1312/3210/1137
f 1908/3208/1579 1312/3210/1137 1311/3211/854
f 1908/3208/1579 1311/3211/854 1909/3212/1580
f 1908/3208/1579 1909/3212/1580 1910/3213/1134
f 1910/3213/1134 1909/3212/1580 1911/3214/1581
f 1908/3208/1579 1910/3213/1134 1912/3215/915
f 1908/3208/1579 1912/3215/915 1313/3209/951
f 1313/3209/951 1912/3215/915 1913/3216/515
f 1313/3209/951 1913/3216/515 1314/3217/386
f 1771/3218/1072 1536/3219/1319 1535/3220/1318
f 1536/3219/1319 1771/3218/1072 1914/3221/1582
f 1914/3221/1582 1771/3218/1072 1772/3222/595
f 1914/3221/1582 1772/3222/595 1915/3223/1322
f 1536/3219/1319 1914/3221/1582 1542/3224/1322
f 1914/3221/1582 1915/3223/1322 1916/3225/1583
f 1914/3221/1582 1916/3225/1583 1542/3224/1322
f 1542/3224/1322 1916/3225/1583 1493/3226/1284
f 1542/3224/1322 1493/3226/1284 1494/3227/1285
f 1314/3228/386 1917/3229/1584 1316/3230/1138
f 1917/3229/1584 1314/3228/386 1913/3231/515
f 1917/3229/1584 1913/3231/515 1918/3232/1585
f 1918/3232/1585 1913/3231/515 1919/3233/385
f 1919/3233/385 1913/3231/515 1912/3234/915
f 1918/3232/1585 1919/3233/385 1920/3235/1586
f 1920/3235/1586 1919/3233/385 1921/3236/1587
f 1920/3235/1586 1921/3236/1587 1922/3237/1588
f 1921/3236/1587 1919/3233/385 1923/3238/1589
f 1921/3236/1587 1923/3238/1589 1922/3237/1588
f 1923/3238/1589 1919/3233/385 1924/3239/1590
f 1920/3235/1586 1922/3237/1588 1925/3240/192
f 1925/3240/192 1922/3237/1588 1923/3238/1589
f 1925/3240/192 1923/3238/1589 1924/3239/1590
f 1925/3240/192 1924/3239/1590 1926/3241/1591
f 1920/3235/1586 1925/3240/192 1927/3242/1592
f 1925/3240/192 1926/3241/1591 1928/3243/1593
f 1925/3240/192 1928/3243/1593 1927/3242/1592
f 1928/3243/1593 1926/3241/1591 1929/3244/1594
f 1927/3242/1592 1928/3243/1593 1930/3245/1595
f 1928/3243/1593 1929/3244/1594 1931/3246/1596
f 1928/3243/1593 1931/3246/1596 1930/3245/1595
f 1931/3246/1596 1929/3244/1594 1932/3247/458
f 1931/3246/1596 1932/3247/458 1933/3248/1597
f 1931/3246/1596 1933/3248/1597 1930/3245/1595
f 1930/3245/1595 1933/3248/1597 1927/3242/1592
f 1927/3242/1592 1933/3248/1597 1934/3249/1598
f 1935/3250/151 1165/3251/1023 1168/3252/1024
f 1165/3251/1023 1935/3250/151 1166/3253/1017
f 1166/3253/1017 1935/3250/151 1936/3254/1599
f 1935/3250/151 1168/3252/1024 1170/3255/131
f 1935/3250/151 1170/3255/131 1711/3256/148
f 1839/3257/1519 1554/3258/1036 1555/3259/98
f 1554/3258/1036 1839/3257/1519 1831/3260/148
f 1839/3257/1519 1555/3259/98 1556/3261/1325
f 1839/3257/1519 1556/3261/1325 1560/3262/131
f 1839/3257/1519 1560/3262/131 1937/3263/1600
f 1937/3263/1600 1560/3262/131 1744/3264/1468
f 1839/3257/1519 1937/3263/1600 1938/3265/1601
f 1938/3265/1601 1937/3263/1600 1744/3264/1468
f 1839/3257/1519 1938/3265/1601 1939/3266/1602
f 1938/3265/1601 1744/3264/1468 1851/3267/1528
f 1938/3265/1601 1851/3267/1528 1852/3268/1529
f 1938/3265/1601 1852/3268/1529 1873/3269/1548
f 1938/3265/1601 1873/3269/1548 1940/3270/1603
f 1578/3271/1339 1579/3272/715 1580/3273/1340
f 1803/3274/1006 1698/3275/762 1941/3276/1604
f 1941/3276/1604 1698/3275/762 1116/3277/609
f 1803/3274/1006 1941/3276/1604 1942/3278/1605
f 1821/3279/1606 1943/3280/1606 1106/3281/1606
f 1563/3282/98 1658/3283/156 1566/3284/1332
f 1566/3284/1332 1658/3283/156 1944/3285/234
f 1566/3284/1332 1944/3285/234 1945/3286/1607
f 1566/3284/1332 1945/3286/1607 1565/3287/1331
f 1565/3287/1331 1945/3286/1607 1746/3288/925
f 1917/3289/1584 1547/3290/610 1316/3291/1138
f 1547/3290/610 1917/3289/1584 1946/3292/422
f 1946/3292/422 1917/3289/1584 1947/3293/1196
f 1947/3293/1196 1917/3289/1584 1918/3294/1585
f 1948/3295/1010 1116/3296/609 1114/3297/462
f 1116/3296/609 1948/3295/1010 1949/3298/1608
f 1116/3296/609 1949/3298/1608 1941/3299/1604
f 1948/3295/1010 1114/3297/462 1117/3300/460
f 1941/3299/1604 1949/3298/1608 1950/3301/1454
f 1950/3301/1454 1949/3298/1608 1948/3295/1010
f 1941/3299/1604 1950/3301/1454 1951/3302/1609
f 1941/3299/1604 1951/3302/1609 1952/3303/1280
f 1951/3302/1609 1950/3301/1454 1953/3304/1060
f 1951/3302/1609 1953/3304/1060 1954/3305/1610
f 1950/3301/1454 1948/3295/1010 1955/3306/458
f 1950/3301/1454 1955/3306/458 1953/3304/1060
f 1955/3306/458 1948/3295/1010 1117/3300/460
f 1953/3304/1060 1955/3306/458 1956/3307/812
f 1956/3307/812 1955/3306/458 1957/3308/884
f 1957/3308/884 1955/3306/458 1117/3300/460
f 1957/3308/884 1117/3300/460 1958/3309/1611
f 1957/3308/884 1958/3309/1611 1959/3310/884
f 1958/3309/1611 1117/3300/460 1118/3311/460
f 1958/3309/1611 1118/3311/460 1959/3310/884
f 1959/3310/884 1118/3311/460 1814/3312/983
f 1959/3310/884 1814/3312/983 1813/3313/1196
f 1814/3312/983 1118/3311/460 1805/3314/715
f 1814/3312/983 1805/3314/715 1816/3315/955
f 1805/3314/715 1118/3311/460 1119/3316/422
f 1659/3317/1412 1103/3318/653 1891/3319/1565
f 1891/3319/1565 1103/3318/653 1960/3320/1612
f 1960/3320/1612 1103/3318/653 1887/3321/1562
f 1891/3319/1565 1960/3320/1612 1892/3322/1566
f 1800/3323/854 1483/3324/1277 1484/3325/1006
f 1800/3323/854 1484/3325/1006 1961/3326/1006
f 1800/3323/854 1961/3326/1006 1801/3327/1502
f 1961/3326/1006 1484/3325/1006 1493/3328/1284
f 1801/3327/1502 1961/3326/1006 1962/3329/610
f 1961/3326/1006 1493/3328/1284 1916/3330/1583
f 1962/3329/610 1961/3326/1006 1963/3331/1613
f 1963/3331/1613 1961/3326/1006 1916/3330/1583
f 1964/3332/458 1311/3333/854 1218/3334/458
f 1311/3333/854 1964/3332/458 1909/3335/1580
f 1909/3335/1580 1964/3332/458 1911/3336/1581
f 1911/3336/1581 1964/3332/458 1929/3337/1594
f 1929/3337/1594 1964/3332/458 1932/3338/458
f 1964/3332/458 1218/3334/458 1965/3339/458
f 1964/3332/458 1965/3339/458 1932/3338/458
f 1965/3339/458 1218/3334/458 1845/3340/714
f 1845/3340/714 1218/3334/458 1217/3341/1058
f 1932/3338/458 1965/3339/458 1966/3342/1614
f 1932/3338/458 1966/3342/1614 1967/3343/214
f 1965/3339/458 1845/3340/714 1968/3344/1333
f 1965/3339/458 1968/3344/1333 1966/3342/1614
f 1968/3344/1333 1845/3340/714 1969/3345/1615
f 1968/3344/1333 1969/3345/1615 1970/3346/1616
f 1968/3344/1333 1970/3346/1616 1966/3342/1614
f 1970/3346/1616 1969/3345/1615 1971/3347/1051
f 1970/3346/1616 1971/3347/1051 1972/3348/1617
f 1970/3346/1616 1972/3348/1617 1966/3342/1614
f 1972/3348/1617 1971/3347/1051 1973/3349/593
f 1966/3342/1614 1972/3348/1617 1974/3350/1618
f 1966/3342/1614 1974/3350/1618 1975/3351/1619
f 1974/3350/1618 1972/3348/1617 1976/3352/1051
f 1976/3352/1051 1972/3348/1617 1973/3349/593
f 1976/3352/1051 1973/3349/593 1977/3353/1070
f 1977/3353/1070 1973/3349/593 1978/3354/1620
f 1977/3353/1070 1978/3354/1620 1979/3355/1621
f 1977/3353/1070 1979/3355/1621 1980/3356/1622
f 1980/3356/1622 1979/3355/1621 1981/3357/952
f 1981/3357/952 1979/3355/1621 1982/3358/610
f 1105/3359/991 1104/3360/990 1887/3361/1562
f 1887/3361/1562 1104/3360/990 1983/3362/1623
f 1983/3362/1623 1104/3360/990 1106/3363/101
f 1983/3362/1623 1106/3363/101 1822/3364/81
f 1887/3361/1562 1983/3362/1623 1984/3365/1624
f 1983/3362/1623 1822/3364/81 1985/3366/519
f 1983/3362/1623 1985/3366/519 1984/3365/1624
f 1985/3366/519 1822/3364/81 1986/3367/1407
f 1986/3367/1407 1822/3364/81 1987/3368/33
f 1985/3366/519 1986/3367/1407 1988/3369/1625
f 1986/3367/1407 1987/3368/33 1989/3370/21
f 1986/3367/1407 1989/3370/21 1988/3369/1625
f 1985/3366/519 1988/3369/1625 1990/3371/1626
f 1985/3366/519 1990/3371/1626 1984/3365/1624
f 1990/3371/1626 1988/3369/1625 1989/3370/21
f 1991/3372/1627 1887/3361/1562 1984/3365/1624
f 1991/3372/1627 1984/3365/1624 1990/3371/1626
f 1989/3370/21 1987/3368/33 1992/3373/149
f 1992/3373/149 1987/3368/33 1993/3374/266
f 1990/3371/1626 1989/3370/21 1994/3375/1628
f 1990/3371/1626 1994/3375/1628 1991/3372/1627
f 1992/3373/149 1993/3374/266 1995/3376/1629
f 1887/3361/1562 1991/3372/1627 1996/3377/1630
f 1996/3377/1630 1991/3372/1627 1994/3375/1628
f 1887/3361/1562 1996/3377/1630 1960/3378/1612
f 1994/3375/1628 1989/3370/21 1997/3379/1631
f 1997/3379/1631 1989/3370/21 1992/3373/149
f 1996/3377/1630 1994/3375/1628 1998/3380/1632
f 1998/3380/1632 1994/3375/1628 1997/3379/1631
f 1960/3378/1612 1996/3377/1630 1999/3381/1633
f 1999/3381/1633 1996/3377/1630 1998/3380/1632
f 1960/3378/1612 1999/3381/1633 1893/3382/1567
f 1960/3378/1612 1893/3382/1567 1892/3383/1566
f 1893/3382/1567 1999/3381/1633 2000/3384/1634
f 1893/3382/1567 2000/3384/1634 2001/3385/1635
f 2001/3385/1635 2000/3384/1634 1999/3381/1633
f 2001/3385/1635 1999/3381/1633 1998/3380/1632
f 1893/3382/1567 2001/3385/1635 2002/3386/1636
f 2003/3387/1637 2004/3388/1638 2002/3386/1636
f 2003/3387/1637 2002/3386/1636 2005/3389/1335
f 2005/3389/1335 2002/3386/1636 2001/3385/1635
f 2005/3389/1335 2001/3385/1635 2006/3390/1639
f 2006/3390/1639 2001/3385/1635 2007/3391/1640
f 2007/3391/1640 2001/3385/1635 1998/3380/1632
f 2006/3390/1639 2007/3391/1640 2008/3392/1641
f 2007/3391/1640 1998/3380/1632 2009/3393/1642
f 2009/3393/1642 1998/3380/1632 1997/3379/1631
f 2009/3393/1642 1997/3379/1631 2010/3394/1643
f 2009/3393/1642 2010/3394/1643 2007/3391/1640
f 2010/3394/1643 1997/3379/1631 1992/3373/149
f 2007/3391/1640 2010/3394/1643 2011/3395/1644
f 2011/3395/1644 2010/3394/1643 1992/3373/149
f 2007/3391/1640 2011/3395/1644 2008/3392/1641
f 2011/3395/1644 1992/3373/149 1995/3376/1629
f 2011/3395/1644 1995/3376/1629 2008/3392/1641
f 2008/3392/1641 1995/3376/1629 2012/3396/1645
f 1940/3397/1603 1873/3398/1548 1874/3399/1549
f 1940/3397/1603 1874/3399/1549 2013/3400/1646
f 2013/3400/1646 1874/3399/1549 2014/3401/1647
f 1940/3397/1603 2013/3400/1646 1939/3402/1602
f 1940/3397/1603 1939/3402/1602 1938/3403/1601
f 2013/3400/1646 2014/3401/1647 2015/3404/1648
f 2013/3400/1646 2015/3404/1648 1939/3402/1602
f 2015/3404/1648 2014/3401/1647 2016/3405/1649
f 1838/3406/1518 1839/3407/1519 1939/3402/1602
f 1838/3406/1518 1939/3402/1602 2017/3408/1650
f 2017/3408/1650 1939/3402/1602 2015/3404/1648
f 1838/3406/1518 2017/3408/1650 1837/3409/1517
f 2017/3408/1650 2015/3404/1648 2018/3410/1651
f 2017/3408/1650 2018/3410/1651 1837/3409/1517
f 2018/3410/1651 2015/3404/1648 2016/3405/1649
f 1837/3409/1517 2018/3410/1651 1836/3411/1516
f 1836/3411/1516 2018/3410/1651 2019/3412/1652
f 2019/3412/1652 2018/3410/1651 2020/3413/1653
f 2020/3413/1653 2018/3410/1651 2016/3405/1649
f 2019/3412/1652 2020/3413/1653 2021/3414/1654
f 2021/3414/1654 2020/3413/1653 2022/3415/1655
f 2022/3415/1655 2020/3413/1653 2016/3405/1649
f 2022/3415/1655 2016/3405/1649 2023/3416/1656
f 2024/3417/1657 1346/3418/903 1442/3419/1245
f 1346/3418/903 2024/3417/1657 1679/3420/1421
f 2024/3417/1657 1442/3419/1245 1586/3421/1345
f 2024/3417/1657 1586/3421/1345 1679/3420/1421
f 1747/3422/1470 1658/3423/156 1350/3424/152
f 1658/3423/156 1747/3422/1470 2025/3425/1658
f 2025/3425/1658 1747/3422/1470 2026/3426/1659
f 2026/3426/1659 1747/3422/1470 2027/3427/1660
f 2027/3427/1660 1747/3422/1470 1748/3428/1471
f 2027/3427/1660 1748/3428/1471 2026/3426/1659
f 2026/3426/1659 1748/3428/1471 1719/3429/1451
f 2026/3426/1659 1719/3429/1451 2028/3430/1661
f 2028/3430/1661 1719/3429/1451 1720/3431/1452
f 2026/3426/1659 2028/3430/1661 2029/3432/1662
f 2026/3426/1659 2029/3432/1662 2025/3425/1658
f 2029/3432/1662 2028/3430/1661 2030/3433/1663
f 2029/3432/1662 2030/3433/1663 2031/3434/1664
f 2029/3432/1662 2031/3434/1664 2025/3425/1658
f 2025/3425/1658 2031/3434/1664 2032/3435/1665
f 2033/3436/156 1658/3423/156 2025/3425/1658
f 2033/3436/156 2025/3425/1658 2032/3435/1665
f 1658/3423/156 2033/3436/156 2034/3437/88
f 1658/3423/156 2034/3437/88 1944/3438/234
f 1944/3438/234 2034/3437/88 1945/3439/1607
f 1745/3440/1469 1746/3441/925 1945/3439/1607
f 1745/3440/1469 1945/3439/1607 2035/3442/15
f 2035/3442/15 1945/3439/1607 2034/3437/88
f 2035/3442/15 2034/3437/88 2036/3443/1666
f 2036/3443/1666 2033/3436/156 2032/3435/1665
f 2037/3444/1667 2034/3437/88 2033/3436/156
f 2037/3444/1667 2033/3436/156 2038/3445/1668
f 2037/3444/1667 2038/3445/1668 2034/3437/88
f 2038/3445/1668 2033/3436/156 2039/3446/1669
f 2038/3445/1668 2039/3446/1669 2034/3437/88
f 2039/3446/1669 2033/3436/156 2036/3443/1666
f 2039/3446/1669 2036/3443/1666 2034/3437/88
f 2040/3447/1670 2035/3442/15 2036/3443/1666
f 2041/3448/1671 2036/3443/1666 2032/3435/1665
f 2036/3443/1666 2041/3448/1671 2040/3447/1670
f 2040/3447/1670 2041/3448/1671 2032/3435/1665
f 2040/3447/1670 2032/3435/1665 2042/3449/1672
f 2040/3447/1670 2042/3449/1672 2043/3450/1673
f 2042/3449/1672 2032/3435/1665 2044/3451/1674
f 2042/3449/1672 2044/3451/1674 2043/3450/1673
f 1166/3452/1017 1643/3453/899 1164/3454/1022
f 1643/3453/899 1166/3452/1017 2045/3455/1675
f 2045/3455/1675 1166/3452/1017 1936/3456/1599
f 2045/3455/1675 1936/3456/1599 2046/3457/84
f 2045/3455/1675 2046/3457/84 2047/3458/1676
f 2045/3455/1675 2047/3458/1676 1643/3453/899
f 1643/3453/899 2047/3458/1676 1822/3459/81
f 1822/3459/81 2047/3458/1676 2048/3460/148
f 1822/3459/81 2048/3460/148 1987/3461/33
f 2049/3462/715 1589/3463/610 1587/3464/460
f 1589/3463/610 2049/3462/715 2050/3465/846
f 2049/3462/715 1587/3464/460 2051/3466/884
f 2049/3462/715 2051/3466/884 2050/3465/846
f 1589/3463/610 2050/3465/846 1053/3467/610
f 1053/3467/610 2050/3465/846 1807/3468/812
f 1807/3468/812 2050/3465/846 1810/3469/992
f 2051/3466/884 1587/3464/460 1588/3470/1184
f 1810/3469/992 2050/3465/846 2052/3471/460
f 2052/3471/460 2050/3465/846 2051/3466/884
f 1810/3469/992 2052/3471/460 2053/3472/458
f 2053/3472/458 2052/3471/460 2054/3473/1006
f 2051/3466/884 1588/3470/1184 2055/3474/1677
f 2055/3474/1677 1588/3470/1184 1548/3475/422
f 2052/3471/460 2051/3466/884 2056/3476/1678
f 2056/3476/1678 2051/3466/884 2055/3474/1677
f 2054/3473/1006 2052/3471/460 2057/3477/1679
f 2057/3477/1679 2052/3471/460 2056/3476/1678
f 2054/3473/1006 2057/3477/1679 2058/3478/1680
f 2058/3478/1680 2057/3477/1679 2059/3479/1681
f 2057/3477/1679 2056/3476/1678 2060/3480/1440
f 2060/3480/1440 2056/3476/1678 2055/3474/1677
f 2057/3477/1679 2060/3480/1440 2059/3479/1681
f 2059/3479/1681 2060/3480/1440 2061/3481/1682
f 2059/3479/1681 2061/3481/1682 2062/3482/1683
f 2061/3481/1682 2060/3480/1440 2063/3483/1684
f 2060/3480/1440 2055/3474/1677 1947/3484/1196
f 1947/3484/1196 2055/3474/1677 2064/3485/1276
f 2064/3485/1276 2055/3474/1677 1548/3475/422
f 1947/3484/1196 2064/3485/1276 1946/3486/422
f 2064/3485/1276 1548/3475/422 1547/3487/610
f 2064/3485/1276 1547/3487/610 1946/3486/422
f 1655/3488/1409 1714/3489/1446 1657/3490/1411
f 1657/3490/1411 1714/3489/1446 2065/3491/1685
f 1657/3490/1411 2065/3491/1685 1715/3492/1447
f 2066/3493/1686 1858/3494/1534 1855/3495/713
f 2066/3493/1686 1855/3495/713 1856/3496/1532
f 1858/3494/1534 2066/3493/1686 2067/3497/1687
f 1858/3494/1534 2067/3497/1687 1859/3498/1535
f 2066/3493/1686 1856/3496/1532 2068/3499/1688
f 2066/3493/1686 2068/3499/1688 2067/3497/1687
f 2067/3497/1687 2068/3499/1688 2069/3500/1689
f 1859/3498/1535 2067/3497/1687 2070/3501/1690
f 2069/3500/1689 2068/3499/1688 2071/3502/1691
f 2069/3500/1689 2071/3502/1691 2072/3503/1692
f 2071/3502/1691 2068/3499/1688 2073/3504/1693
f 2071/3502/1691 2073/3504/1693 2072/3503/1692
f 2073/3504/1693 2068/3499/1688 1856/3496/1532
f 2072/3503/1692 2073/3504/1693 2074/3505/1694
f 2074/3505/1694 2073/3504/1693 1856/3496/1532
f 2074/3505/1694 1856/3496/1532 1743/3506/1467
f 2074/3505/1694 1743/3506/1467 2075/3507/1695
f 2075/3507/1695 1743/3506/1467 1745/3508/1469
f 2076/3509/1696 1859/3498/1535 2070/3501/1690
f 1859/3498/1535 2076/3509/1696 1860/3510/1536
f 1860/3510/1536 2076/3509/1696 2077/3511/1697
f 1860/3510/1536 2077/3511/1697 1866/3512/1542
f 1866/3512/1542 2077/3511/1697 1870/3513/1546
f 1870/3513/1546 2077/3511/1697 2078/3514/1698
f 2078/3514/1698 2077/3511/1697 2079/3515/1699
f 2077/3511/1697 2076/3509/1696 2080/3516/1700
f 2077/3511/1697 2080/3516/1700 2079/3515/1699
f 2080/3516/1700 2076/3509/1696 2081/3517/1701
f 2080/3516/1700 2081/3517/1701 2079/3515/1699
f 2081/3517/1701 2076/3509/1696 2070/3501/1690
f 2079/3515/1699 2081/3517/1701 2082/3518/1702
f 2081/3517/1701 2070/3501/1690 2083/3519/1703
f 2081/3517/1701 2083/3519/1703 2082/3518/1702
f 2083/3519/1703 2070/3501/1690 2084/3520/1704
f 2083/3519/1703 2084/3520/1704 2082/3518/1702
f 1579/3521/715 1551/3522/954 1585/3523/953
f 1750/3524/148 1255/3525/88 1653/3526/1407
f 1255/3525/88 1750/3524/148 1722/3527/780
f 1722/3527/780 1750/3524/148 1754/3528/1473
f 1722/3527/780 1754/3528/1473 2085/3529/1705
f 1722/3527/780 2085/3529/1705 2086/3530/233
f 2085/3529/1705 1754/3528/1473 1765/3531/1483
f 2086/3530/233 2085/3529/1705 2087/3532/87
f 2085/3529/1705 1765/3531/1483 2088/3533/82
f 2085/3529/1705 2088/3533/82 2087/3532/87
f 2087/3532/87 2088/3533/82 2089/3534/995
f 2088/3533/82 1765/3531/1483 2090/3535/1706
f 2089/3534/995 2088/3533/82 2091/3536/1707
f 2091/3536/1707 2088/3533/82 2090/3535/1706
f 2091/3536/1707 2090/3535/1706 2092/3537/131
f 1869/3538/1545 1870/3539/1546 1886/3540/1561
f 1886/3540/1561 1870/3539/1546 2078/3541/1698
f 1886/3540/1561 2078/3541/1698 2093/3542/1708
f 1886/3540/1561 2093/3542/1708 1885/3543/1560
f 1885/3543/1560 2093/3542/1708 1882/3544/1557
f 1882/3544/1557 2093/3542/1708 2094/3545/1709
f 2093/3542/1708 2078/3541/1698 2095/3546/1710
f 2095/3546/1710 2078/3541/1698 2079/3547/1699
f 2095/3546/1710 2079/3547/1699 2082/3548/1702
f 2094/3545/1709 2093/3542/1708 2096/3549/1711
f 2096/3549/1711 2093/3542/1708 2095/3546/1710
f 2094/3545/1709 2096/3549/1711 2097/3550/1712
f 2095/3546/1710 2082/3548/1702 2098/3551/1713
f 2095/3546/1710 2098/3551/1713 2096/3549/1711
f 2098/3551/1713 2082/3548/1702 2084/3552/1704
f 2097/3550/1712 2096/3549/1711 2099/3553/1714
f 2099/3553/1714 2096/3549/1711 2098/3551/1713
f 2099/3553/1714 2098/3551/1713 2084/3552/1704
f 2097/3550/1712 2099/3553/1714 2100/3554/1715
f 2100/3554/1715 2099/3553/1714 2084/3552/1704
f 2100/3554/1715 2084/3552/1704 2101/3555/1716
f 1840/3556/1042 2102/3557/1717 1841/3558/1520
f 2102/3557/1717 1840/3556/1042 1700/3559/1438
f 1969/3560/1615 1845/3561/714 1841/3558/1520
f 1969/3560/1615 1841/3558/1520 1971/3562/1051
f 1971/3562/1051 1841/3558/1520 2102/3557/1717
f 1971/3562/1051 2102/3557/1717 1973/3563/593
f 2102/3557/1717 1700/3559/1438 1706/3564/1441
f 1973/3563/593 2102/3557/1717 2103/3565/1718
f 2103/3565/1718 2102/3557/1717 1706/3564/1441
f 2103/3565/1718 1706/3564/1441 2104/3566/1719
f 1875/3567/1550 2014/3568/1647 1874/3569/1549
f 2014/3568/1647 1875/3567/1550 2023/3570/1656
f 2014/3568/1647 2023/3570/1656 2016/3571/1649
f 2023/3570/1656 1875/3567/1550 1877/3572/1552
f 2023/3570/1656 1877/3572/1552 2105/3573/1720
f 2105/3573/1720 1877/3572/1552 2106/3574/1721
f 2106/3574/1721 1877/3572/1552 2107/3575/1722
f 2105/3573/1720 2106/3574/1721 2108/3576/1723
f 2108/3576/1723 2106/3574/1721 2109/3577/1724
f 2109/3577/1724 2106/3574/1721 2110/3578/1725
f 1665/3579/610 1579/3580/715 1585/3581/953
f 1665/3579/610 1585/3581/953 1803/3582/1006
f 1876/3583/1551 1879/3584/1554 1881/3585/1556
f 1876/3583/1551 1881/3585/1556 2111/3586/1726
f 2111/3586/1726 1881/3585/1556 2112/3587/1727
f 2112/3587/1727 1881/3585/1556 1882/3588/1557
f 1876/3583/1551 2111/3586/1726 2113/3589/1728
f 2113/3589/1728 2111/3586/1726 2112/3587/1727
f 2112/3587/1727 1882/3588/1557 2094/3590/1709
f 2112/3587/1727 2094/3590/1709 2114/3591/1729
f 2112/3587/1727 2114/3591/1729 2113/3589/1728
f 2114/3591/1729 2094/3590/1709 2115/3592/1730
f 2114/3591/1729 2115/3592/1730 2113/3589/1728
f 2115/3592/1730 2094/3590/1709 2116/3593/1731
f 2116/3593/1731 2094/3590/1709 2097/3594/1712
f 2116/3593/1731 2097/3594/1712 2115/3592/1730
f 2113/3589/1728 2115/3592/1730 2117/3595/1732
f 2117/3595/1732 2115/3592/1730 2097/3594/1712
f 2113/3589/1728 2117/3595/1732 2118/3596/1733
f 2117/3595/1732 2097/3594/1712 2101/3597/1716
f 2117/3595/1732 2101/3597/1716 2118/3596/1733
f 2101/3597/1716 2097/3594/1712 2100/3598/1715
f 2113/3589/1728 2118/3596/1733 2119/3599/1734
f 2119/3599/1734 2118/3596/1733 2101/3597/1716
f 2113/3589/1728 2119/3599/1734 1876/3583/1551
f 1876/3583/1551 2119/3599/1734 2120/3600/1267
f 2120/3600/1267 2119/3599/1734 2121/3601/1735
f 2121/3601/1735 2119/3599/1734 2122/3602/1736
f 2121/3601/1735 2122/3602/1736 2123/3603/1737
f 2119/3599/1734 2101/3597/1716 2124/3604/1738
f 2119/3599/1734 2124/3604/1738 2122/3602/1736
f 2124/3604/1738 2101/3597/1716 2125/3605/1739
f 2122/3602/1736 2124/3604/1738 2126/3606/1032
f 2127/3607/234 2125/3605/1739 2126/3606/1032
f 2127/3607/234 2126/3606/1032 2124/3604/1738
f 2127/3607/234 2124/3604/1738 2125/3605/1739
f 2128/3608/1740 2129/3609/1741 2130/3610/1742
f 1906/3611/1578 2130/3610/1742 2131/3612/1743
f 2130/3610/1742 1906/3611/1578 2132/3613/1744
f 2130/3610/1742 2132/3613/1744 2128/3608/1740
f 2132/3613/1744 1906/3611/1578 1902/3614/1574
f 2132/3613/1744 1902/3614/1574 2133/3615/1745
f 2128/3608/1740 2132/3613/1744 2134/3616/1746
f 2134/3616/1746 2132/3613/1744 2133/3615/1745
f 2128/3608/1740 2134/3616/1746 2135/3617/1747
f 2133/3615/1745 1902/3614/1574 1900/3618/1151
f 2135/3617/1747 2134/3616/1746 2136/3619/1748
f 2135/3617/1747 2136/3619/1748 2137/3620/1749
f 2134/3616/1746 2133/3615/1745 2138/3621/1750
f 2134/3616/1746 2138/3621/1750 2136/3619/1748
f 2138/3621/1750 2133/3615/1745 2139/3622/1751
f 2133/3615/1745 1900/3618/1151 2140/3623/1752
f 2133/3615/1745 2140/3623/1752 2139/3622/1751
f 2140/3623/1752 1900/3618/1151 2141/3624/1753
f 2140/3623/1752 2141/3624/1753 2142/3625/1754
f 2140/3623/1752 2142/3625/1754 2139/3622/1751
f 2138/3621/1750 2139/3622/1751 2143/3626/1755
f 2138/3621/1750 2143/3626/1755 2136/3619/1748
f 2144/3627/1756 2137/3620/1749 2136/3619/1748
f 2137/3620/1749 2144/3627/1756 2145/3628/1757
f 2136/3619/1748 2143/3626/1755 2146/3629/1758
f 2136/3619/1748 2146/3629/1758 2144/3627/1756
f 2145/3628/1757 2144/3627/1756 2147/3630/1759
f 2146/3629/1758 2143/3626/1755 2148/3631/1760
f 2147/3630/1759 2144/3627/1756 2149/3632/1761
f 2149/3632/1761 2144/3627/1756 2150/3633/1762
f 2150/3633/1762 2144/3627/1756 2146/3629/1758
f 2149/3632/1761 2150/3633/1762 2145/3634/1757
f 2145/3634/1757 2150/3633/1762 2137/3635/1749
f 2150/3633/1762 2146/3629/1758 2151/3636/1763
f 2151/3636/1763 2146/3629/1758 2148/3631/1760
f 2150/3633/1762 2151/3636/1763 2152/3637/1764
f 2152/3637/1764 2151/3636/1763 2153/3638/1765
f 2151/3636/1763 2148/3631/1760 2154/3639/1766
f 2153/3638/1765 2151/3636/1763 2155/3640/1767
f 2155/3640/1767 2151/3636/1763 2156/3641/1768
f 2156/3641/1768 2151/3636/1763 2154/3639/1766
f 2155/3640/1767 2156/3641/1768 2157/3642/1769
f 2157/3642/1769 2156/3641/1768 2158/3643/1770
f 2158/3643/1770 2156/3641/1768 2154/3639/1766
f 2158/3643/1770 2154/3639/1766 2159/3644/1771
f 1910/3645/1134 2160/3646/1135 1912/3647/915
f 1912/3647/915 2160/3646/1135 1919/3648/385
f 1919/3648/385 2160/3646/1135 1924/3649/1590
f 1924/3649/1590 2160/3646/1135 1926/3650/1591
f 1926/3650/1591 2160/3646/1135 1910/3645/1134
f 1926/3650/1591 1910/3645/1134 1911/3651/1581
f 1926/3650/1591 1911/3651/1581 1929/3652/1594
f 2110/3653/1725 2106/3654/1721 2107/3655/1722
f 2110/3653/1725 2107/3655/1722 2161/3656/1772
f 2110/3653/1725 2161/3656/1772 2109/3657/1724
f 2109/3657/1724 2161/3656/1772 2162/3658/1773
f 2109/3657/1724 2162/3658/1773 2108/3659/1723
f 2162/3658/1773 2161/3656/1772 2163/3660/1774
f 2108/3659/1723 2162/3658/1773 2120/3661/1267
f 2108/3659/1723 2120/3661/1267 2105/3662/1720
f 2105/3662/1720 2120/3661/1267 2121/3663/1735
f 2163/3660/1774 2161/3656/1772 2164/3664/1775
f 2164/3664/1775 2161/3656/1772 2165/3665/1776
f 2165/3665/1776 2161/3656/1772 2107/3655/1722
f 2164/3664/1775 2165/3665/1776 2166/3666/1777
f 2166/3666/1777 2165/3665/1776 2167/3667/1778
f 2167/3667/1778 2165/3665/1776 2168/3668/1779
f 2165/3665/1776 2107/3655/1722 2120/3669/1267
f 2120/3669/1267 2107/3655/1722 1877/3670/1552
f 2120/3669/1267 1877/3670/1552 1876/3671/1551
f 2165/3665/1776 2120/3669/1267 2162/3672/1773
f 2165/3665/1776 2162/3672/1773 2168/3668/1779
f 2168/3668/1779 2162/3672/1773 2163/3673/1774
f 1706/3674/1441 1701/3675/1439 1702/3676/983
f 1701/3675/1439 1706/3674/1441 1700/3677/1438
f 1907/3678/235 1935/3679/151 1711/3680/148
f 1935/3679/151 1907/3678/235 1936/3681/1599
f 2125/3682/1739 2101/3683/1716 2084/3684/1704
f 2125/3682/1739 2084/3684/1704 2070/3685/1690
f 2125/3682/1739 2070/3685/1690 2126/3686/1032
f 2126/3686/1032 2070/3685/1690 2169/3687/1780
f 2169/3687/1780 2070/3685/1690 2170/3688/33
f 2169/3687/1780 2170/3688/33 2171/3689/1781
f 2171/3689/1781 2170/3688/33 2070/3685/1690
f 2169/3687/1780 2171/3689/1781 2172/3690/1782
f 2171/3689/1781 2070/3685/1690 2067/3691/1687
f 2171/3689/1781 2067/3691/1687 2172/3690/1782
f 2172/3690/1782 2067/3691/1687 2173/3692/1783
f 2172/3690/1782 2173/3692/1783 2174/3693/1784
f 2173/3692/1783 2067/3691/1687 2069/3694/1689
f 2173/3692/1783 2069/3694/1689 2174/3693/1784
f 1721/3695/1453 2175/3696/1486 1720/3697/1452
f 2175/3696/1486 1721/3695/1453 2176/3698/1785
f 2176/3698/1785 1721/3695/1453 1722/3699/780
f 2176/3698/1785 1722/3699/780 2177/3700/1786
f 2177/3700/1786 1722/3699/780 2086/3701/233
f 2178/3702/1787 2130/3703/1742 2129/3704/1741
f 2130/3703/1742 2178/3702/1787 2131/3705/1743
f 2178/3702/1787 2129/3704/1741 2179/3706/1788
f 2178/3702/1787 2179/3706/1788 2131/3705/1743
f 2179/3706/1788 2129/3704/1741 2128/3707/1740
f 2179/3706/1788 2128/3707/1740 2135/3708/1747
f 2179/3706/1788 2135/3708/1747 2180/3709/1789
f 2180/3709/1789 2135/3708/1747 2137/3710/1749
f 2180/3709/1789 2137/3710/1749 2150/3711/1762
f 2180/3709/1789 2150/3711/1762 2181/3712/1790
f 2180/3709/1789 2181/3712/1790 2182/3713/1791
f 2180/3709/1789 2182/3713/1791 2183/3714/1792
f 2180/3709/1789 2183/3714/1792 2184/3715/1793
f 2180/3709/1789 2184/3715/1793 2179/3706/1788
f 2184/3715/1793 2183/3714/1792 2185/3716/1794
f 2184/3715/1793 2185/3716/1794 2186/3717/1795
f 2179/3706/1788 2184/3715/1793 2187/3718/1796
f 2187/3718/1796 2184/3715/1793 2186/3717/1795
f 2179/3706/1788 2187/3718/1796 2131/3705/1743
f 2187/3718/1796 2186/3717/1795 2188/3719/1797
f 2131/3705/1743 2187/3718/1796 2189/3720/1798
f 2189/3720/1798 2187/3718/1796 2188/3719/1797
f 2131/3705/1743 2189/3720/1798 1907/3721/235
f 2131/3705/1743 1907/3721/235 1906/3722/1578
f 1907/3721/235 2189/3720/1798 2190/3723/1799
f 2190/3723/1799 2189/3720/1798 2188/3719/1797
f 2190/3723/1799 2188/3719/1797 2191/3724/1800
f 2192/3725/1801 2193/3726/1802 2194/3727/1803
f 2194/3727/1803 2193/3726/1802 2195/3728/1804
f 2194/3727/1803 2195/3728/1804 2192/3725/1801
f 2193/3726/1802 2192/3725/1801 2149/3729/1761
f 2192/3725/1801 2195/3728/1804 2147/3730/1759
f 2192/3725/1801 2147/3730/1759 2149/3729/1761
f 2175/3731/1486 2028/3732/1661 1720/3733/1452
f 2028/3732/1661 2175/3731/1486 2030/3734/1663
f 2030/3734/1663 2175/3731/1486 2196/3735/1805
f 2196/3735/1805 2175/3731/1486 2176/3736/1785
f 2196/3735/1805 2176/3736/1785 2030/3734/1663
f 2030/3734/1663 2176/3736/1785 2197/3737/1806
f 2030/3734/1663 2197/3737/1806 2065/3738/1685
f 2030/3734/1663 2065/3738/1685 2031/3739/1664
f 2065/3738/1685 2197/3737/1806 2198/3740/264
f 2065/3738/1685 2198/3740/264 2199/3741/1807
f 2199/3741/1807 2198/3740/264 2200/3742/1808
f 2065/3738/1685 2199/3741/1807 1715/3743/1447
f 2199/3741/1807 2200/3742/1808 2201/3744/1809
f 2199/3741/1807 2201/3744/1809 1715/3743/1447
f 1715/3743/1447 2201/3744/1809 1714/3745/1446
f 1714/3745/1446 2201/3744/1809 2065/3746/1685
f 2065/3746/1685 2201/3744/1809 2202/3747/1810
f 2065/3746/1685 2202/3747/1810 2031/3748/1664
f 2167/3749/1778 2203/3750/1811 2204/3751/1812
f 2203/3750/1811 2167/3749/1778 2168/3752/1779
f 2203/3750/1811 2168/3752/1779 2163/3753/1774
f 2205/3754/1813 2206/3755/1814 2204/3751/1812
f 2205/3754/1813 2204/3751/1812 2122/3756/1736
f 2205/3754/1813 2122/3756/1736 2126/3757/1032
f 2122/3756/1736 2204/3751/1812 2203/3750/1811
f 2122/3756/1736 2203/3750/1811 2123/3758/1737
f 2123/3758/1737 2203/3750/1811 2207/3759/1815
f 2207/3759/1815 2203/3750/1811 2206/3760/1814
f 2208/3761/1816 2203/3750/1811 2163/3753/1774
f 2203/3750/1811 2208/3761/1816 2206/3760/1814
f 2208/3761/1816 2163/3753/1774 2164/3762/1775
f 2206/3760/1814 2208/3761/1816 2204/3763/1812
f 2208/3761/1816 2164/3762/1775 2166/3764/1777
f 2204/3763/1812 2208/3761/1816 2167/3765/1778
f 2167/3765/1778 2208/3761/1816 2166/3764/1777
f 2023/3766/1656 2105/3767/1720 2121/3768/1735
f 2023/3766/1656 2121/3768/1735 2022/3769/1655
f 2209/3770/1817 2021/3771/1654 2022/3769/1655
f 2209/3770/1817 2022/3769/1655 2210/3772/1818
f 2210/3772/1818 2022/3769/1655 2121/3768/1735
f 2209/3770/1817 2210/3772/1818 2211/3773/1819
f 2211/3773/1819 2210/3772/1818 2212/3774/1820
f 2123/3775/1737 2213/3776/1821 2121/3768/1735
f 2121/3768/1735 2213/3776/1821 2214/3777/1822
f 2210/3772/1818 2121/3768/1735 2215/3778/1823
f 2210/3772/1818 2215/3778/1823 2212/3774/1820
f 2215/3778/1823 2121/3768/1735 2214/3777/1822
f 2212/3774/1820 2215/3778/1823 2216/3779/1824
f 2216/3779/1824 2215/3778/1823 2214/3777/1822
f 2212/3774/1820 2216/3779/1824 2217/3780/1825
f 2216/3779/1824 2214/3777/1822 2218/3781/1826
f 2216/3779/1824 2218/3781/1826 2217/3780/1825
f 2195/3782/1804 2193/3783/1802 2145/3784/1757
f 2145/3784/1757 2193/3783/1802 2149/3785/1761
f 2195/3782/1804 2145/3784/1757 2147/3786/1759
f 2219/3787/1827 2126/3788/1032 2169/3789/1780
f 2219/3787/1827 2169/3789/1780 2220/3790/1828
f 2126/3788/1032 2219/3787/1827 2221/3791/1829
f 2219/3787/1827 2220/3790/1828 2222/3792/1830
f 2223/3793/1831 2224/3794/1832 2221/3791/1829
f 2223/3793/1831 2221/3791/1829 2225/3795/1833
f 2225/3795/1833 2221/3791/1829 2219/3787/1827
f 2219/3787/1827 2222/3792/1830 2226/3796/1834
f 2219/3787/1827 2226/3796/1834 2225/3795/1833
f 2226/3796/1834 2222/3792/1830 2227/3797/1835
f 2227/3797/1835 2222/3792/1830 2225/3795/1833
f 2226/3796/1834 2227/3797/1835 2228/3798/1836
f 2228/3798/1836 2227/3797/1835 2225/3795/1833
f 2226/3796/1834 2228/3798/1836 2229/3799/1837
f 2229/3799/1837 2228/3798/1836 2225/3795/1833
f 2229/3799/1837 2225/3795/1833 2226/3796/1834
f 2225/3795/1833 2222/3792/1830 2230/3800/146
f 2225/3795/1833 2230/3800/146 2205/3801/1813
f 2205/3801/1813 2230/3800/146 2206/3802/1814
f 2206/3802/1814 2230/3800/146 2207/3803/1815
f 2207/3803/1815 2230/3800/146 2223/3804/1831
f 1758/3805/1476 1723/3806/1454 2231/3807/1838
f 2231/3807/1838 1723/3806/1454 1724/3808/1455
f 1758/3805/1476 2231/3807/1838 1759/3809/1477
f 2231/3807/1838 1724/3808/1455 2232/3810/1839
f 2232/3810/1839 1724/3808/1455 1725/3811/1010
f 1759/3809/1477 2231/3807/1838 2233/3812/1840
f 2233/3812/1840 2231/3807/1838 2232/3810/1839
f 2233/3812/1840 2232/3810/1839 1725/3811/1010
f 1759/3809/1477 2233/3812/1840 2234/3813/1841
f 2234/3813/1841 2233/3812/1840 1725/3811/1010
f 2234/3813/1841 1725/3811/1010 2235/3814/1060
f 1907/3815/235 2190/3816/1799 2236/3817/236
f 2236/3817/236 2190/3816/1799 2191/3818/1800
f 1907/3815/235 2236/3817/236 2237/3819/14
f 1907/3815/235 2237/3819/14 1936/3820/1599
f 1936/3820/1599 2237/3819/14 2238/3821/1341
f 1936/3820/1599 2238/3821/1341 2046/3822/84
f 2046/3822/84 2238/3821/1341 2239/3823/1842
f 2239/3823/1842 2238/3821/1341 2240/3824/1843
f 2046/3822/84 2239/3823/1842 2241/3825/1844
f 2046/3822/84 2241/3825/1844 2047/3826/1676
f 2047/3826/1676 2241/3825/1844 2048/3827/148
f 2241/3825/1844 2239/3823/1842 2242/3828/141
f 2241/3825/1844 2242/3828/141 2048/3827/148
f 2239/3823/1842 2240/3824/1843 2243/3829/1845
f 2239/3823/1842 2243/3829/1845 2242/3828/141
f 2048/3827/148 2242/3828/141 1993/3830/266
f 2048/3827/148 1993/3830/266 1987/3831/33
f 1993/3830/266 2242/3828/141 2244/3832/1846
f 2244/3832/1846 2242/3828/141 2243/3829/1845
f 1993/3830/266 2244/3832/1846 2245/3833/1067
f 2245/3833/1067 2244/3832/1846 2246/3834/1847
f 2246/3834/1847 2244/3832/1846 2243/3829/1845
f 2246/3834/1847 2243/3829/1845 2247/3835/1848
f 2248/3836/1849 2243/3829/1845 2240/3824/1843
f 2243/3829/1845 2248/3836/1849 2247/3835/1848
f 2248/3836/1849 2240/3824/1843 2238/3821/1341
f 2247/3835/1848 2248/3836/1849 2249/3837/16
f 2249/3837/16 2248/3836/1849 2238/3821/1341
f 2250/3838/1850 2251/3839/1851 2252/3840/1852
f 2251/3839/1851 2250/3838/1850 2253/3841/1853
f 2253/3841/1853 2250/3838/1850 2157/3842/1769
f 2157/3842/1769 2250/3838/1850 2155/3843/1767
f 2155/3843/1767 2250/3838/1850 2252/3840/1852
f 2251/3839/1851 2253/3841/1853 2254/3844/1854
f 2254/3844/1854 2253/3841/1853 2255/3845/1855
f 2252/3840/1852 2251/3839/1851 2256/3846/1856
f 2256/3846/1856 2251/3839/1851 2254/3844/1854
f 2254/3844/1854 2255/3845/1855 2257/3847/1857
f 2254/3844/1854 2257/3847/1857 2256/3846/1856
f 2257/3847/1857 2255/3845/1855 2258/3848/1858
f 2257/3847/1857 2258/3848/1858 2259/3849/976
f 2257/3847/1857 2259/3849/976 2256/3846/1856
f 2259/3849/976 2258/3848/1858 2260/3850/1859
f 2259/3849/976 2260/3850/1859 2261/3851/1860
f 2259/3849/976 2261/3851/1860 2256/3846/1856
f 2256/3846/1856 2261/3851/1860 2252/3840/1852
f 2252/3840/1852 2261/3851/1860 2262/3852/1861
f 2252/3840/1852 2262/3852/1861 2155/3843/1767
f 2262/3852/1861 2261/3851/1860 2263/3853/1862
f 2155/3843/1767 2262/3852/1861 2153/3854/1765
f 2262/3852/1861 2263/3853/1862 2264/3855/1863
f 2262/3852/1861 2264/3855/1863 2153/3854/1765
f 2201/3856/1809 2200/3857/1808 2265/3858/1864
f 2265/3858/1864 2200/3857/1808 2202/3859/1810
f 2265/3858/1864 2202/3859/1810 2266/3860/1865
f 2265/3858/1864 2266/3860/1865 2267/3861/520
f 2265/3858/1864 2267/3861/520 2268/3862/1866
f 2268/3862/1866 2267/3861/520 2269/3863/1867
f 2265/3858/1864 2268/3862/1866 2270/3864/1868
f 2265/3858/1864 2270/3864/1868 2201/3856/1809
f 2201/3856/1809 2270/3864/1868 2271/3865/1869
f 2201/3856/1809 2271/3865/1869 2202/3866/1810
f 2225/3867/1833 2205/3868/1813 2126/3869/1032
f 2225/3867/1833 2126/3869/1032 2223/3870/1831
f 2223/3870/1831 2126/3869/1032 2123/3871/1737
f 2223/3870/1831 2123/3871/1737 2207/3872/1815
f 2123/3871/1737 2126/3869/1032 2221/3873/1829
f 2123/3871/1737 2221/3873/1829 2272/3874/1870
f 2123/3871/1737 2272/3874/1870 2273/3875/1871
f 2272/3874/1870 2221/3873/1829 2274/3876/1872
f 2274/3876/1872 2221/3873/1829 2275/3877/1873
f 2275/3877/1873 2221/3873/1829 2224/3878/1832
f 2275/3877/1873 2224/3878/1832 2274/3876/1872
f 2123/3871/1737 2273/3875/1871 2276/3879/1874
f 2123/3871/1737 2276/3879/1874 2213/3880/1821
f 2276/3879/1874 2273/3875/1871 2277/3881/1875
f 2213/3880/1821 2276/3879/1874 2214/3882/1822
f 2276/3879/1874 2277/3881/1875 2278/3883/1876
f 2278/3883/1876 2277/3881/1875 2279/3884/1877
f 2214/3882/1822 2276/3879/1874 2280/3885/1878
f 2280/3885/1878 2276/3879/1874 2278/3883/1876
f 2280/3885/1878 2278/3883/1876 2279/3884/1877
f 2214/3882/1822 2280/3885/1878 2218/3886/1826
f 2218/3886/1826 2280/3885/1878 2279/3884/1877
f 2197/3887/1806 2267/3888/520 2198/3889/264
f 2198/3889/264 2267/3888/520 2200/3890/1808
f 2267/3888/520 2197/3887/1806 2281/3891/1879
f 2267/3888/520 2281/3891/1879 2269/3892/1867
f 2281/3891/1879 2197/3887/1806 2176/3893/1785
f 2281/3891/1879 2176/3893/1785 2282/3894/266
f 2282/3894/266 2176/3893/1785 2177/3895/1786
f 2282/3894/266 2177/3895/1786 2086/3896/233
f 2031/3897/1664 2202/3898/1810 2200/3899/1808
f 2031/3897/1664 2200/3899/1808 2283/3900/1880
f 2031/3897/1664 2283/3900/1880 2032/3901/1665
f 2283/3900/1880 2200/3899/1808 2266/3902/1865
f 2283/3900/1880 2266/3902/1865 2269/3903/1867
f 2266/3902/1865 2200/3899/1808 2267/3904/520
f 2139/3905/1751 2284/3906/1881 2143/3907/1755
f 2284/3906/1881 2139/3905/1751 2142/3908/1754
f 2143/3907/1755 2284/3906/1881 2285/3909/1882
f 2284/3906/1881 2142/3908/1754 2286/3910/1883
f 2284/3906/1881 2286/3910/1883 2285/3909/1882
f 2286/3910/1883 2142/3908/1754 2141/3911/1753
f 2143/3907/1755 2285/3909/1882 2148/3912/1760
f 2148/3912/1760 2285/3909/1882 2182/3913/1791
f 2182/3913/1791 2285/3909/1882 2286/3910/1883
f 2148/3912/1760 2182/3913/1791 2181/3914/1790
f 2182/3913/1791 2286/3910/1883 2287/3915/23
f 2182/3913/1791 2287/3915/23 2183/3916/1792
f 2287/3915/23 2286/3910/1883 2288/3917/1884
f 2288/3917/1884 2286/3910/1883 2141/3911/1753
f 2287/3915/23 2288/3917/1884 2289/3918/1885
f 2288/3917/1884 2141/3911/1753 2290/3919/1886
f 2288/3917/1884 2290/3919/1886 2289/3918/1885
f 2290/3919/1886 2141/3911/1753 1900/3920/1151
f 2289/3918/1885 2290/3919/1886 2191/3921/1800
f 2289/3918/1885 2191/3921/1800 2188/3922/1797
f 2191/3921/1800 2290/3919/1886 2291/3923/1887
f 2150/3924/1762 2152/3925/1764 2181/3914/1790
f 2292/3926/1888 2148/3912/1760 2181/3914/1790
f 2292/3926/1888 2181/3914/1790 2152/3925/1764
f 2148/3912/1760 2292/3926/1888 2154/3927/1766
f 2154/3927/1766 2292/3926/1888 2159/3928/1771
f 2159/3928/1771 2292/3926/1888 2264/3929/1863
f 2264/3929/1863 2292/3926/1888 2152/3925/1764
f 2264/3929/1863 2152/3925/1764 2153/3930/1765
f 2293/3931/1889 2072/3932/1692 2074/3933/1694
f 2072/3932/1692 2293/3931/1889 2069/3934/1689
f 2069/3934/1689 2293/3931/1889 2174/3935/1784
f 2293/3931/1889 2074/3933/1694 2294/3936/1890
f 2294/3936/1890 2074/3933/1694 2075/3937/1695
f 2174/3935/1784 2293/3931/1889 2295/3938/1891
f 2295/3938/1891 2293/3931/1889 2294/3936/1890
f 2174/3935/1784 2295/3938/1891 2296/3939/1892
f 2174/3935/1784 2296/3939/1892 2297/3940/1893
f 2295/3938/1891 2294/3936/1890 2298/3941/1894
f 2295/3938/1891 2298/3941/1894 2296/3939/1892
f 2298/3941/1894 2294/3936/1890 2299/3942/1895
f 2299/3942/1895 2294/3936/1890 2300/3943/1896
f 2298/3941/1894 2299/3942/1895 1836/3944/1516
f 2298/3941/1894 1836/3944/1516 2019/3945/1652
f 2298/3941/1894 2019/3945/1652 2296/3939/1892
f 2296/3939/1892 2019/3945/1652 2021/3946/1654
f 2301/3947/1897 2297/3940/1893 2296/3939/1892
f 2301/3947/1897 2296/3939/1892 2021/3946/1654
f 2297/3940/1893 2301/3947/1897 2273/3948/1871
f 2301/3947/1897 2021/3946/1654 2209/3949/1817
f 2301/3947/1897 2209/3949/1817 2273/3948/1871
f 2273/3948/1871 2209/3949/1817 2277/3950/1875
f 2277/3950/1875 2209/3949/1817 2211/3951/1819
f 2277/3950/1875 2211/3951/1819 2279/3952/1877
f 2279/3952/1877 2211/3951/1819 2212/3953/1820
f 2279/3952/1877 2212/3953/1820 2217/3954/1825
f 2279/3952/1877 2217/3954/1825 2218/3955/1826
f 2302/3956/1190 1745/3957/1469 2035/3958/15
f 1745/3957/1469 2302/3956/1190 2075/3959/1695
f 2172/3960/1782 2220/3961/1828 2169/3962/1780
f 2220/3961/1828 2172/3960/1782 2303/3963/1898
f 2303/3963/1898 2172/3960/1782 2304/3964/1899
f 2304/3964/1899 2172/3960/1782 2305/3965/1900
f 2304/3964/1899 2305/3965/1900 2297/3966/1893
f 2297/3966/1893 2305/3965/1900 2172/3960/1782
f 2297/3966/1893 2172/3960/1782 2174/3967/1784
f 2255/3968/1855 2253/3969/1853 2306/3970/1901
f 2255/3968/1855 2306/3970/1901 2307/3971/1902
f 2255/3968/1855 2307/3971/1902 2258/3972/1858
f 2306/3970/1901 2253/3969/1853 2308/3973/1903
f 2308/3973/1903 2253/3969/1853 2157/3974/1769
f 2308/3973/1903 2157/3974/1769 2158/3975/1770
f 2307/3971/1902 2306/3970/1901 2309/3976/1904
f 2307/3971/1902 2309/3976/1904 2258/3972/1858
f 2306/3970/1901 2308/3973/1903 2310/3977/1905
f 2306/3970/1901 2310/3977/1905 2309/3976/1904
f 2310/3977/1905 2308/3973/1903 2158/3975/1770
f 2258/3972/1858 2309/3976/1904 2311/3978/1906
f 2311/3978/1906 2309/3976/1904 2310/3977/1905
f 2258/3972/1858 2311/3978/1906 2260/3979/1859
f 2260/3979/1859 2311/3978/1906 2310/3977/1905
f 2260/3979/1859 2310/3977/1905 2261/3980/1860
f 2261/3980/1860 2310/3977/1905 2312/3981/1907
f 2261/3980/1860 2312/3981/1907 2263/3982/1862
f 2263/3982/1862 2312/3981/1907 2310/3977/1905
f 2263/3982/1862 2310/3977/1905 2158/3975/1770
f 2263/3982/1862 2158/3975/1770 2159/3983/1771
f 2263/3982/1862 2159/3983/1771 2264/3984/1863
f 2223/3985/1831 2230/3986/146 2274/3987/1872
f 2223/3985/1831 2274/3987/1872 2224/3988/1832
f 2274/3987/1872 2230/3986/146 2313/3989/1908
f 2274/3987/1872 2313/3989/1908 2272/3990/1870
f 2272/3990/1870 2313/3989/1908 2297/3991/1893
f 2272/3990/1870 2297/3991/1893 2273/3992/1871
f 2297/3991/1893 2313/3989/1908 2314/3993/1909
f 2297/3991/1893 2314/3993/1909 2304/3994/1899
f 2313/3989/1908 2230/3986/146 2315/3995/1910
f 2313/3989/1908 2315/3995/1910 2314/3993/1909
f 2314/3993/1909 2315/3995/1910 2304/3994/1899
f 2315/3995/1910 2230/3986/146 2222/3996/1830
f 2304/3994/1899 2315/3995/1910 2316/3997/1911
f 2304/3994/1899 2316/3997/1911 2303/3998/1898
f 2315/3995/1910 2222/3996/1830 2317/3999/1912
f 2315/3995/1910 2317/3999/1912 2316/3997/1911
f 2316/3997/1911 2317/3999/1912 2303/3998/1898
f 2317/3999/1912 2222/3996/1830 2220/4000/1828
f 2317/3999/1912 2220/4000/1828 2303/3998/1898
f 2044/4001/1674 2032/4002/1665 2283/4003/1880
f 2044/4001/1674 2283/4003/1880 2318/4004/1913
f 2318/4004/1913 2283/4003/1880 2319/4005/1914
f 2318/4004/1913 2319/4005/1914 2320/4006/1915
f 2320/4006/1915 2319/4005/1914 2321/4007/1916
f 2319/4005/1914 2283/4003/1880 2271/4008/1917
f 2271/4008/1917 2283/4003/1880 2269/4009/1867
f 2321/4007/1916 2319/4005/1914 2322/4010/1918
f 2322/4010/1918 2319/4005/1914 2271/4008/1917
f 2322/4010/1918 2271/4008/1917 2269/4009/1867
f 2321/4007/1916 2322/4010/1918 2323/4011/1919
f 2322/4010/1918 2269/4009/1867 2281/4012/1879
f 2322/4010/1918 2281/4012/1879 2324/4013/1920
f 2324/4013/1920 2281/4012/1879 2282/4014/266
f 1709/4015/1442 1704/4016/1010 1889/4017/1563
f 1709/4015/1442 1889/4017/1563 1893/4018/1567
f 2271/4019/1869 2266/4020/1865 2202/4021/1810
f 2266/4020/1865 2271/4019/1869 2268/4022/1866
f 2266/4020/1865 2268/4022/1866 2269/4023/1867
f 2268/4022/1866 2271/4019/1869 2322/4024/1921
f 2268/4022/1866 2322/4024/1921 2270/4025/1868
f 2270/4025/1868 2322/4024/1921 2271/4019/1869
f 1942/4026/1605 1941/4027/1604 1952/4028/1280
f 1942/4026/1605 1952/4028/1280 2325/4029/1153
f 2325/4029/1153 1952/4028/1280 2326/4030/1922
f 1942/4026/1605 2325/4029/1153 1803/4031/1006
f 2325/4029/1153 2326/4030/1922 2327/4032/1923
f 1803/4031/1006 2325/4029/1153 1665/4033/610
f 2325/4029/1153 2327/4032/1923 2328/4034/1677
f 2325/4029/1153 2328/4034/1677 1665/4033/610
f 1665/4033/610 2328/4034/1677 2329/4035/992
f 2329/4035/992 2328/4034/1677 2330/4036/422
f 1916/4037/1583 1915/4038/1322 2331/4039/978
f 2331/4039/978 1915/4038/1322 1772/4040/595
f 1833/4041/84 1829/4042/1515 1830/4043/140
f 2332/4044/1924 2333/4045/1925 2334/4046/1926
f 2334/4046/1926 2333/4045/1925 2335/4047/1927
f 2335/4047/1927 2333/4045/1925 2336/4048/1928
f 2336/4048/1928 2333/4045/1925 2332/4044/1924
f 2336/4048/1928 2332/4044/1924 2337/4049/1929
f 2336/4048/1928 2337/4049/1929 2338/4050/1930
f 1963/4051/1613 1916/4052/1583 2339/4053/1931
f 2339/4053/1931 1916/4052/1583 2331/4054/978
f 1963/4051/1613 2339/4053/1931 2340/4055/980
f 1963/4051/1613 2340/4055/980 2341/4056/1932
f 2340/4055/980 2339/4053/1931 2342/4057/1046
f 2342/4057/1046 2339/4053/1931 2331/4054/978
f 2341/4056/1932 2340/4055/980 2343/4058/417
f 2343/4058/417 2340/4055/980 2342/4057/1046
f 2341/4056/1932 2343/4058/417 2344/4059/1055
f 2344/4059/1055 2343/4058/417 2342/4057/1046
f 2341/4056/1932 2344/4059/1055 2345/4060/1933
f 2341/4056/1932 2345/4060/1933 1962/4061/610
f 2345/4060/1933 2344/4059/1055 2346/4062/1934
f 2345/4060/1933 2346/4062/1934 2347/4063/1935
f 2344/4059/1055 2342/4057/1046 2348/4064/1046
f 2344/4059/1055 2348/4064/1046 2346/4062/1934
f 2347/4063/1935 2346/4062/1934 2349/4065/1936
f 2347/4063/1935 2349/4065/1936 2350/4066/1937
f 2349/4065/1936 2346/4062/1934 2348/4064/1046
f 2349/4065/1936 2348/4064/1046 2351/4067/1938
f 2348/4064/1046 2342/4057/1046 2352/4068/1046
f 2352/4068/1046 2342/4057/1046 2331/4054/978
f 2351/4067/1938 2348/4064/1046 2353/4069/1939
f 2353/4069/1939 2348/4064/1046 2352/4068/1046
f 2351/4067/1938 2353/4069/1939 2354/4070/1940
f 2353/4069/1939 2352/4068/1046 2355/4071/1941
f 2355/4071/1941 2352/4068/1046 2331/4054/978
f 2353/4069/1939 2355/4071/1941 2354/4070/1940
f 2351/4067/1938 2354/4070/1940 2356/4072/1942
f 1772/4073/595 2357/4074/961 2331/4054/978
f 2331/4054/978 2357/4074/961 2355/4071/1941
f 2355/4071/1941 2357/4074/961 1776/4075/1489
f 1776/4075/1489 2357/4074/961 2358/4076/1943
f 2355/4071/1941 1776/4075/1489 2359/4077/406
f 2359/4077/406 1776/4075/1489 1779/4078/949
f 2355/4071/1941 2359/4077/406 2360/4079/1944
f 2360/4079/1944 2359/4077/406 1779/4078/949
f 2355/4071/1941 2360/4079/1944 2354/4070/1940
f 2360/4079/1944 1779/4078/949 2361/4080/781
f 2360/4079/1944 2361/4080/781 2354/4070/1940
f 2362/4081/406 2356/4072/1942 2354/4070/1940
f 2362/4081/406 2354/4070/1940 2361/4080/781
f 2356/4072/1942 2362/4081/406 2363/4082/1945
f 2362/4081/406 2361/4080/781 2364/4083/1946
f 2362/4081/406 2364/4083/1946 2363/4082/1945
f 2364/4083/1946 2361/4080/781 2365/4084/131
f 2363/4082/1945 2364/4083/1946 2366/4085/1947
f 1772/4086/595 1773/4087/1488 2358/4088/1943
f 1772/4086/595 2358/4088/1943 2357/4089/961
f 2358/4088/1943 1773/4087/1488 1774/4090/1037
f 2358/4088/1943 1774/4090/1037 1776/4091/1489
f 1705/4092/1440 2367/4093/1948 1706/4094/1441
f 1706/4094/1441 2367/4093/1948 2104/4095/1719
f 2367/4093/1948 1705/4092/1440 2368/4096/952
f 2104/4095/1719 2367/4093/1948 2369/4097/1422
f 2367/4093/1948 2368/4096/952 1979/4098/1621
f 2367/4093/1948 1979/4098/1621 2369/4097/1422
f 2369/4097/1422 1979/4098/1621 2370/4099/1949
f 2371/4100/1950 2075/4101/1695 2302/4102/1190
f 2075/4101/1695 2371/4100/1950 2372/4103/1951
f 2075/4101/1695 2372/4103/1951 2294/4104/1890
f 2294/4104/1890 2372/4103/1951 2373/4105/1952
f 2294/4104/1890 2373/4105/1952 2300/4106/1896
f 2300/4106/1896 2373/4105/1952 2374/4107/1953
f 2374/4107/1953 2373/4105/1952 2375/4108/146
f 2376/4109/1954 2236/4110/236 2191/4111/1800
f 2236/4110/236 2376/4109/1954 2377/4112/1955
f 2376/4109/1954 2191/4111/1800 2378/4113/1956
f 2378/4113/1956 2191/4111/1800 2291/4114/1887
f 2378/4113/1956 2291/4114/1887 2290/4115/1886
f 2376/4109/1954 2378/4113/1956 2379/4116/1957
f 2376/4109/1954 2379/4116/1957 2377/4112/1955
f 2378/4113/1956 2290/4115/1886 2380/4117/1958
f 2378/4113/1956 2380/4117/1958 2379/4116/1957
f 2377/4112/1955 2379/4116/1957 2381/4118/1959
f 2377/4112/1955 2381/4118/1959 2382/4119/1960
f 2381/4118/1959 2379/4116/1957 2380/4117/1958
f 2381/4118/1959 2380/4117/1958 2383/4120/1961
f 2380/4117/1958 2290/4115/1886 1900/4121/1151
f 2383/4120/1961 2380/4117/1958 2384/4122/1962
f 2383/4120/1961 2384/4122/1962 2385/4123/84
f 2384/4122/1962 2380/4117/1958 2386/4124/146
f 2386/4124/146 2380/4117/1958 2387/4125/33
f 2386/4124/146 2387/4125/33 2384/4122/1962
f 2387/4125/33 2380/4117/1958 1900/4121/1151
f 2384/4122/1962 2387/4125/33 2388/4126/266
f 2388/4126/266 2387/4125/33 1900/4121/1151
f 2388/4126/266 1900/4121/1151 1899/4127/936
f 2332/4128/1924 2334/4129/1926 2335/4130/1927
f 2332/4128/1924 2335/4130/1927 2337/4131/1929
f 2337/4131/1929 2335/4130/1927 2338/4132/1930
f 2338/4132/1930 2335/4130/1927 2185/4133/1794
f 2185/4133/1794 2335/4130/1927 2336/4134/1928
f 2185/4133/1794 2336/4134/1928 2186/4135/1795
f 2338/4132/1930 2185/4133/1794 2389/4136/1963
f 2389/4136/1963 2185/4133/1794 2183/4137/1792
f 2389/4136/1963 2183/4137/1792 2338/4132/1930
f 2338/4132/1930 2183/4137/1792 2287/4138/23
f 2390/4139/915 2391/4140/915 2392/4141/915
f 1666/4142/1414 1664/4143/992 2393/4144/1964
f 2329/4145/992 1664/4143/992 1665/4146/610
f 1664/4143/992 2329/4145/992 2394/4147/1965
f 1664/4143/992 2394/4147/1965 2393/4144/1964
f 2394/4147/1965 2329/4145/992 2395/4148/458
f 2393/4144/1964 2394/4147/1965 2396/4149/1966
f 2396/4149/1966 2394/4147/1965 2395/4148/458
f 2393/4144/1964 2396/4149/1966 2397/4150/847
f 2397/4150/847 2396/4149/1966 2395/4148/458
f 2393/4144/1964 2397/4150/847 1666/4142/1414
f 2397/4150/847 2395/4148/458 2398/4151/848
f 2397/4150/847 2398/4151/848 1666/4142/1414
f 1666/4142/1414 2398/4151/848 1667/4152/460
f 1667/4152/460 2398/4151/848 1669/4153/1416
f 2399/4154/1967 2299/4155/1895 2300/4156/1896
f 2399/4154/1967 2300/4156/1896 2374/4157/1953
f 2399/4154/1967 2374/4157/1953 2375/4158/146
f 2299/4155/1895 2399/4154/1967 2400/4159/1968
f 2299/4155/1895 2400/4159/1968 2401/4160/780
f 2399/4154/1967 2375/4158/146 2402/4161/1969
f 2399/4154/1967 2402/4161/1969 2400/4159/1968
f 2402/4161/1969 2375/4158/146 2403/4162/1970
f 2403/4162/1970 2375/4158/146 2404/4163/100
f 2404/4163/100 2401/4160/780 2402/4161/1969
f 2403/4162/1970 2404/4163/100 2405/4164/1971
f 2405/4164/1971 2404/4163/100 2402/4161/1969
f 2405/4164/1971 2402/4161/1969 2403/4162/1970
f 2406/4165/1972 2401/4160/780 2400/4159/1968
f 2401/4160/780 2406/4165/1972 2402/4161/1969
f 2406/4165/1972 2400/4159/1968 2407/4166/1973
f 2407/4166/1973 2400/4159/1968 2402/4161/1969
f 2407/4166/1973 2402/4161/1969 2406/4165/1972
f 1828/4167/1514 1829/4168/1515 2408/4169/1974
f 1828/4167/1514 2408/4169/1974 2409/4170/1975
f 1828/4167/1514 2409/4170/1975 1899/4171/936
f 1899/4171/936 2409/4170/1975 2388/4172/266
f 2409/4170/1975 2408/4169/1974 2410/4173/1315
f 2408/4169/1974 1829/4168/1515 2411/4174/1976
f 2408/4169/1974 2411/4174/1976 2410/4173/1315
f 2410/4173/1315 2411/4174/1976 2412/4175/1631
f 2411/4174/1976 1829/4168/1515 1833/4176/84
f 2412/4175/1631 2411/4174/1976 2413/4177/1977
f 2413/4177/1977 2411/4174/1976 1833/4176/84
f 2412/4175/1631 2413/4177/1977 2414/4178/144
f 2414/4178/144 2413/4177/1977 1833/4176/84
f 2412/4175/1631 2414/4178/144 2415/4179/149
f 2415/4179/149 2414/4178/144 1835/4180/14
f 1835/4180/14 2414/4178/144 1833/4176/84
f 1835/4180/14 1833/4176/84 1832/4181/148
f 1954/4182/1610 1953/4183/1060 1956/4184/812
f 1954/4182/1610 1956/4184/812 2416/4185/460
f 2416/4185/460 1956/4184/812 1957/4186/884
f 2417/4187/1978 2035/4188/15 2040/4189/1670
f 2417/4187/1978 2040/4189/1670 2043/4190/1673
f 2417/4187/1978 2043/4190/1673 2418/4191/1979
f 2417/4187/1978 2418/4191/1979 2419/4192/1980
f 2035/4188/15 2417/4187/1978 2420/4193/31
f 2035/4188/15 2420/4193/31 2421/4194/1981
f 2035/4188/15 2421/4194/1981 2302/4195/1190
f 2302/4195/1190 2421/4194/1981 2422/4196/1982
f 2422/4196/1982 2421/4194/1981 2423/4197/149
f 2302/4195/1190 2422/4196/1982 2424/4198/1983
f 2302/4195/1190 2424/4198/1983 2371/4199/1950
f 2371/4199/1950 2424/4198/1983 2372/4200/1951
f 2372/4200/1951 2424/4198/1983 2373/4201/1952
f 2373/4201/1952 2424/4198/1983 2425/4202/1984
f 2425/4202/1984 2424/4198/1983 2422/4196/1982
f 2373/4201/1952 2425/4202/1984 2426/4203/1985
f 2373/4201/1952 2426/4203/1985 2375/4204/146
f 2425/4202/1984 2422/4196/1982 2427/4205/1986
f 2425/4202/1984 2427/4205/1986 2426/4203/1985
f 2427/4205/1986 2422/4196/1982 2428/4206/1987
f 2426/4203/1985 2427/4205/1986 2429/4207/1988
f 2429/4207/1988 2427/4205/1986 2428/4206/1987
f 2429/4207/1988 2428/4206/1987 2422/4196/1982
f 2429/4207/1988 2422/4196/1982 2423/4197/149
f 2426/4203/1985 2429/4207/1988 2430/4208/1989
f 2429/4207/1988 2423/4197/149 2431/4209/16
f 2429/4207/1988 2431/4209/16 2430/4208/1989
f 2431/4209/16 2423/4197/149 2432/4210/1990
f 2431/4209/16 2432/4210/1990 2430/4208/1989
f 2430/4208/1989 2432/4210/1990 2433/4211/1991
f 2434/4212/1992 2044/4213/1674 2318/4214/1913
f 2044/4213/1674 2434/4212/1992 2435/4215/1993
f 2044/4213/1674 2435/4215/1993 2043/4216/1673
f 2043/4216/1673 2435/4215/1993 2418/4217/1979
f 2418/4217/1979 2435/4215/1993 2436/4218/1994
f 2436/4218/1994 2435/4215/1993 2434/4212/1992
f 2418/4217/1979 2436/4218/1994 2437/4219/1995
f 2418/4217/1979 2437/4219/1995 2419/4220/1980
f 2437/4219/1995 2436/4218/1994 2434/4212/1992
f 2438/4221/1996 2434/4212/1992 2318/4214/1913
f 2438/4221/1996 2318/4214/1913 2320/4222/1915
f 2437/4219/1995 2434/4212/1992 2439/4223/1997
f 2437/4219/1995 2439/4223/1997 2440/4224/1998
f 2440/4224/1998 2439/4223/1997 2441/4225/1999
f 2439/4223/1997 2434/4212/1992 2442/4226/2000
f 2439/4223/1997 2442/4226/2000 2441/4225/1999
f 2442/4226/2000 2434/4212/1992 2438/4221/1996
f 2441/4225/1999 2442/4226/2000 2443/4227/2001
f 2438/4221/1996 2320/4222/1915 2444/4228/2002
f 2438/4221/1996 2444/4228/2002 2442/4226/2000
f 2443/4227/2001 2442/4226/2000 2445/4229/2003
f 2445/4229/2003 2442/4226/2000 2444/4228/2002
f 2444/4228/2002 2320/4222/1915 2321/4230/1916
f 2444/4228/2002 2321/4230/1916 2323/4231/1919
f 2445/4229/2003 2444/4228/2002 2446/4232/2004
f 2446/4232/2004 2444/4228/2002 2323/4231/1919
f 2445/4229/2003 2446/4232/2004 2447/4233/2005
f 2447/4233/2005 2446/4232/2004 2448/4234/2006
f 2448/4234/2006 2446/4232/2004 2449/4235/2007
f 2449/4235/2007 2446/4232/2004 2323/4231/1919
f 2449/4235/2007 2323/4231/1919 2450/4236/2008
f 2450/4236/2008 2323/4231/1919 2390/4237/2009
f 2390/4237/2009 2323/4231/1919 2451/4238/869
f 2450/4236/2008 2390/4237/2009 2452/4239/2010
f 2453/4240/33 1836/4241/1516 2454/4242/2011
f 1836/4241/1516 2453/4240/33 1835/4243/14
f 2454/4242/2011 1836/4241/1516 2299/4244/1895
f 2454/4242/2011 2299/4244/1895 2401/4245/780
f 2454/4242/2011 2401/4245/780 2453/4240/33
f 2453/4240/33 2401/4245/780 2455/4246/2012
f 2455/4246/2012 2401/4245/780 2404/4247/100
f 2453/4240/33 2455/4246/2012 2456/4248/437
f 2456/4248/437 2455/4246/2012 2404/4247/100
f 1962/4249/610 1802/4250/1503 1801/4251/1502
f 1802/4250/1503 1962/4249/610 2457/4252/2013
f 2338/4253/1930 2186/4254/1795 2336/4255/1928
f 2186/4254/1795 2338/4253/1930 2287/4256/23
f 2186/4254/1795 2287/4256/23 2289/4257/1885
f 2186/4254/1795 2289/4257/1885 2188/4258/1797
f 1973/4259/593 2103/4260/1718 2458/4261/606
f 1973/4259/593 2458/4261/606 1978/4262/1620
f 1978/4262/1620 2458/4261/606 2103/4260/1718
f 1978/4262/1620 2103/4260/1718 2104/4263/1719
f 1978/4262/1620 2104/4263/1719 1979/4264/1621
f 2369/4265/1422 2370/4266/1949 2104/4263/1719
f 2104/4263/1719 2370/4266/1949 1980/4267/2014
f 1979/4264/1621 2104/4263/1719 2459/4268/2015
f 2459/4268/2015 2104/4263/1719 1980/4267/2014
f 1979/4264/1621 2459/4268/2015 2370/4269/1949
f 2459/4268/2015 1980/4267/2014 2460/4270/2016
f 2459/4268/2015 2460/4270/2016 2370/4269/1949
f 2461/4271/1070 2392/4272/2017 2390/4273/2009
f 2390/4273/2009 2392/4272/2017 2452/4274/2010
f 2461/4271/1070 2390/4273/2009 2451/4275/869
f 1802/4276/1503 1791/4277/1272 1792/4278/1134
f 1791/4277/1272 1802/4276/1503 1790/4279/1496
f 1790/4279/1496 1802/4276/1503 2462/4280/903
f 2462/4280/903 1802/4276/1503 2457/4281/2013
f 2462/4280/903 2457/4281/2013 2463/4282/2018
f 2463/4282/2018 2457/4281/2013 2464/4283/992
f 2463/4282/2018 2464/4283/992 2465/4284/2019
f 2465/4284/2019 2464/4283/992 2466/4285/2020
f 2249/4286/16 2237/4287/14 2236/4288/236
f 2237/4287/14 2249/4286/16 2238/4289/1341
f 1982/4290/610 1705/4291/1440 1707/4292/1440
f 1705/4291/1440 1982/4290/610 2368/4293/952
f 2368/4293/952 1982/4290/610 1979/4294/1621
f 1952/4295/1280 1951/4296/1609 1954/4297/1610
f 1952/4295/1280 1954/4297/1610 2326/4298/1922
f 2326/4298/1922 1954/4297/1610 2467/4299/2021
f 2467/4299/2021 1954/4297/1610 2468/4300/1420
f 2468/4300/1420 1954/4297/1610 2416/4301/460
f 2468/4300/1420 2416/4301/460 2469/4302/757
f 2469/4302/757 2416/4301/460 1957/4303/884
f 2469/4302/757 1957/4303/884 2470/4304/757
f 2469/4302/757 2470/4304/757 2471/4305/1184
f 2470/4304/757 1957/4303/884 1959/4306/884
f 2470/4304/757 1959/4306/884 1813/4307/1196
f 2472/4308/2022 2473/4309/2023 1762/4310/1480
f 1762/4310/1480 2473/4309/2023 1765/4311/1483
f 1765/4311/1483 2473/4309/2023 2090/4312/1706
f 2090/4312/1706 2473/4309/2023 2472/4308/2022
f 2090/4312/1706 2472/4308/2022 2474/4313/2024
f 2472/4308/2022 1762/4310/1480 1761/4314/1479
f 2474/4313/2024 2472/4308/2022 2475/4315/2025
f 2475/4315/2025 2472/4308/2022 1761/4314/1479
f 2475/4315/2025 1761/4314/1479 2476/4316/2026
f 1779/4317/949 1776/4318/1489 1775/4319/236
f 2477/4320/2027 1778/4321/1031 1781/4322/1490
f 1778/4321/1031 2477/4320/2027 2478/4323/626
f 1778/4321/1031 2478/4323/626 1779/4324/949
f 2477/4320/2027 1781/4322/1490 2479/4325/2028
f 1779/4324/949 2478/4323/626 2480/4326/2029
f 2479/4325/2028 1781/4322/1490 2481/4327/2030
f 2481/4327/2030 1781/4322/1490 1782/4328/1491
f 2481/4327/2030 1782/4328/1491 1790/4329/1496
f 2481/4327/2030 1790/4329/1496 2482/4330/2031
f 2482/4330/2031 1790/4329/1496 2462/4331/903
f 1779/4324/949 2480/4326/2029 2483/4332/2032
f 2480/4326/2029 2478/4323/626 2484/4333/1067
f 2480/4326/2029 2484/4333/1067 2483/4332/2032
f 2483/4332/2032 2484/4333/1067 1779/4324/949
f 2484/4333/1067 2478/4323/626 2477/4320/2027
f 1779/4324/949 2484/4333/1067 2361/4334/781
f 2361/4334/781 2484/4333/1067 2365/4335/131
f 2484/4333/1067 2477/4320/2027 2485/4336/2033
f 2484/4333/1067 2485/4336/2033 2365/4335/131
f 2485/4336/2033 2477/4320/2027 2479/4325/2028
f 2486/4337/1169 2479/4325/2028 2481/4327/2030
f 2479/4325/2028 2486/4337/1169 2485/4336/2033
f 2487/4338/386 2481/4327/2030 2482/4330/2031
f 2481/4327/2030 2487/4338/386 2486/4337/1169
f 2487/4338/386 2482/4330/2031 2462/4331/903
f 2487/4338/386 2462/4331/903 2488/4339/2034
f 2488/4339/2034 2462/4331/903 2463/4340/2018
f 2487/4338/386 2488/4339/2034 2489/4341/2035
f 2487/4338/386 2489/4341/2035 2486/4337/1169
f 2486/4337/1169 2489/4341/2035 2490/4342/2036
f 2486/4337/1169 2490/4342/2036 2485/4336/2033
f 2485/4336/2033 2490/4342/2036 2366/4343/1947
f 2485/4336/2033 2366/4343/1947 2491/4344/2037
f 2485/4336/2033 2491/4344/2037 2365/4335/131
f 2491/4344/2037 2366/4343/1947 2364/4345/1946
f 2492/4346/2038 2364/4345/1946 2365/4335/131
f 2492/4346/2038 2365/4335/131 2491/4344/2037
f 2492/4346/2038 2491/4344/2037 2364/4345/1946
f 1893/4347/1567 2002/4348/1636 1709/4349/1442
f 1709/4349/1442 2002/4348/1636 2004/4350/1638
f 2324/4351/1920 2493/4352/2039 2322/4353/1918
f 2322/4353/1918 2493/4352/2039 2323/4354/1919
f 2323/4354/1919 2493/4352/2039 2451/4355/869
f 2493/4352/2039 2324/4351/1920 2494/4356/2040
f 2493/4352/2039 2494/4356/2040 2451/4355/869
f 2494/4356/2040 2324/4351/1920 2495/4357/2041
f 2495/4357/2041 2324/4351/1920 2496/4358/2042
f 2496/4358/2042 2324/4351/1920 2282/4359/266
f 2496/4358/2042 2282/4359/266 2497/4360/95
f 2495/4357/2041 2496/4358/2042 2498/4361/2043
f 2495/4357/2041 2498/4361/2043 2494/4356/2040
f 2494/4356/2040 2498/4361/2043 2496/4358/2042
f 2496/4358/2042 2497/4360/95 2499/4362/2044
f 2496/4358/2042 2499/4362/2044 2494/4356/2040
f 2449/4363/2007 2451/4355/869 2494/4356/2040
f 2449/4363/2007 2494/4356/2040 2499/4362/2044
f 2449/4363/2007 2499/4362/2044 2448/4364/2006
f 2448/4364/2006 2499/4362/2044 2452/4365/1864
f 2451/4355/869 2449/4363/2007 2450/4366/2008
f 2451/4355/869 2450/4366/2008 2461/4367/1070
f 2461/4367/1070 2450/4366/2008 2452/4368/2010
f 2461/4367/1070 2452/4368/2010 2392/4369/2017
f 2500/4370/757 1947/4371/1196 1918/4372/1585
f 1947/4371/1196 2500/4370/757 2063/4373/1684
f 2063/4373/1684 2500/4370/757 2501/4374/1060
f 2501/4374/1060 2500/4370/757 2502/4375/2045
f 2502/4375/2045 2500/4370/757 1918/4372/1585
f 2502/4375/2045 1918/4372/1585 1920/4376/1586
f 2503/4377/2046 1672/4378/593 1669/4379/1416
f 2503/4377/2046 1669/4379/1416 2504/4380/460
f 2504/4380/460 1669/4379/1416 2398/4381/848
f 2341/4382/1932 1962/4383/610 1963/4384/1613
f 1676/4385/1418 1674/4386/492 2505/4387/2047
f 2505/4388/2047 1674/4389/492 2506/4390/1635
f 1672/4391/593 2503/4392/2046 2506/4390/1635
f 2505/4388/2047 2506/4390/1635 2507/4393/2048
f 2506/4390/1635 2503/4392/2046 2508/4394/2049
f 2506/4390/1635 2508/4394/2049 2507/4393/2048
f 2508/4394/2049 2503/4392/2046 2509/4395/848
f 2509/4395/848 2503/4392/2046 2504/4396/460
f 2509/4395/848 2504/4396/460 2398/4397/848
f 2509/4395/848 2398/4397/848 2395/4398/458
f 2509/4395/848 2395/4398/458 2510/4399/2050
f 2505/4388/2047 2507/4393/2048 2511/4400/2051
f 2508/4394/2049 2509/4395/848 2512/4401/2052
f 2508/4394/2049 2512/4401/2052 2507/4393/2048
f 2509/4395/848 2510/4399/2050 2513/4402/2053
f 2509/4395/848 2513/4402/2053 2512/4401/2052
f 2513/4402/2053 2510/4399/2050 2514/4403/304
f 2514/4403/304 2510/4399/2050 2515/4404/2054
f 2513/4402/2053 2514/4403/304 2516/4405/2055
f 2513/4402/2053 2516/4405/2055 2512/4401/2052
f 2517/4406/2056 2511/4400/2051 2507/4393/2048
f 2517/4406/2056 2507/4393/2048 2512/4401/2052
f 2518/4407/2057 2505/4388/2047 2511/4400/2051
f 2505/4388/2047 2518/4407/2057 1676/4408/1418
f 2518/4407/2057 2511/4400/2051 2519/4409/2058
f 1676/4408/1418 2518/4407/2057 2520/4410/2059
f 2518/4407/2057 2519/4409/2058 2521/4411/2060
f 2518/4407/2057 2521/4411/2060 2520/4410/2059
f 2521/4411/2060 2519/4409/2058 2522/4412/2061
f 2521/4411/2060 2522/4412/2061 2523/4413/2062
f 2520/4410/2059 2521/4411/2060 1680/4414/1010
f 2521/4411/2060 2523/4413/2062 2524/4415/2063
f 2521/4411/2060 2524/4415/2063 1680/4414/1010
f 1680/4414/1010 2524/4415/2063 2525/4416/2064
f 2526/4417/2065 2517/4406/2056 2512/4401/2052
f 2526/4417/2065 2512/4401/2052 2516/4405/2055
f 2517/4406/2056 2526/4417/2065 2527/4418/2066
f 2517/4406/2056 2527/4418/2066 2528/4419/2067
f 2527/4418/2066 2526/4417/2065 2529/4420/2068
f 2529/4420/2068 2526/4417/2065 2516/4405/2055
f 2529/4420/2068 2516/4405/2055 2530/4421/2069
f 2531/4422/98 2249/4423/16 2236/4424/236
f 2531/4422/98 2236/4424/236 2377/4425/1955
f 2506/4426/1635 1674/4427/492 1672/4428/593
f 2063/4429/1684 2060/4430/1440 1947/4431/1196
f 2532/4432/2070 2086/4433/233 2087/4434/87
f 2532/4432/2070 2087/4434/87 2533/4435/144
f 2533/4435/144 2087/4434/87 2089/4436/995
f 2086/4433/233 2532/4432/2070 2497/4437/95
f 2086/4433/233 2497/4437/95 2282/4438/266
f 2497/4437/95 2532/4432/2070 2534/4439/2071
f 2520/4440/2059 1680/4441/1010 1676/4442/1418
f 2235/4443/1060 1725/4444/1010 1726/4445/609
f 2235/4443/1060 1726/4445/609 2535/4446/2072
f 2535/4446/2072 1726/4445/609 2536/4447/2073
f 2535/4446/2072 2536/4447/2073 2537/4448/2074
f 1730/4449/1457 1726/4445/609 1727/4450/715
f 2537/4448/2074 2536/4447/2073 2538/4451/2075
f 1735/4452/1460 1730/4449/1457 1729/4453/1197
f 2537/4448/2074 2538/4451/2075 2539/4454/2076
f 2537/4448/2074 2539/4454/2076 2540/4455/2077
f 2539/4454/2076 2538/4451/2075 2541/4456/2078
f 2539/4454/2076 2541/4456/2078 2540/4455/2077
f 2538/4451/2075 2536/4447/2073 2542/4457/2079
f 1730/4449/1457 1735/4452/1460 2543/4458/2080
f 1730/4449/1457 2543/4458/2080 1726/4445/609
f 2544/4459/2081 2536/4447/2073 1726/4445/609
f 2544/4459/2081 1726/4445/609 2543/4458/2080
f 2536/4447/2073 2544/4459/2081 2542/4457/2079
f 2543/4458/2080 1735/4452/1460 2545/4460/2082
f 2545/4460/2082 1735/4452/1460 1736/4461/951
f 2544/4459/2081 2543/4458/2080 2546/4462/2083
f 2546/4462/2083 2543/4458/2080 2545/4460/2082
f 2544/4459/2081 2546/4462/2083 2542/4457/2079
f 2545/4460/2082 1736/4461/951 2547/4463/2084
f 2545/4460/2082 2547/4463/2084 2548/4464/2085
f 2545/4460/2082 2548/4464/2085 2546/4462/2083
f 2548/4464/2085 2547/4463/2084 2549/4465/2086
f 2546/4462/2083 2548/4464/2085 2550/4466/2087
f 2546/4462/2083 2550/4466/2087 2551/4467/2088
f 2547/4463/2084 1736/4461/951 2525/4468/2064
f 2547/4463/2084 2525/4468/2064 2549/4465/2086
f 2525/4468/2064 1736/4461/951 1682/4469/1423
f 2525/4468/2064 1682/4469/1423 1680/4470/1010
f 2549/4465/2086 2525/4468/2064 2524/4471/2063
f 2549/4465/2086 2524/4471/2063 2523/4472/2062
f 2546/4462/2083 2551/4467/2088 2552/4473/2089
f 2552/4473/2089 2551/4467/2088 2553/4474/2090
f 2552/4473/2089 2553/4474/2090 2554/4475/2091
f 2546/4462/2083 2552/4473/2089 2555/4476/2092
f 2546/4462/2083 2555/4476/2092 2542/4457/2079
f 2552/4473/2089 2554/4475/2091 2556/4477/2093
f 2552/4473/2089 2556/4477/2093 2555/4476/2092
f 2556/4477/2093 2554/4475/2091 2557/4478/2094
f 2557/4478/2094 2554/4475/2091 2558/4479/2095
f 2557/4478/2094 2558/4479/2095 2556/4477/2093
f 2558/4479/2095 2554/4475/2091 2559/4480/2096
f 2556/4477/2093 2558/4479/2095 2560/4481/2097
f 2560/4481/2097 2558/4479/2095 2561/4482/2098
f 2555/4476/2092 2556/4477/2093 2562/4483/2099
f 2562/4483/2099 2556/4477/2093 2560/4481/2097
f 2560/4481/2097 2561/4482/2098 2563/4484/2100
f 2555/4476/2092 2562/4483/2099 2564/4485/2101
f 2555/4476/2092 2564/4485/2101 2542/4457/2079
f 2562/4483/2099 2560/4481/2097 2565/4486/2102
f 2565/4486/2102 2560/4481/2097 2563/4484/2100
f 2562/4483/2099 2565/4486/2102 2566/4487/2103
f 2562/4483/2099 2566/4487/2103 2564/4485/2101
f 2565/4486/2102 2563/4484/2100 2567/4488/2104
f 2565/4486/2102 2567/4488/2104 2566/4487/2103
f 2567/4488/2104 2563/4484/2100 2568/4489/681
f 2568/4489/681 2563/4484/2100 2569/4490/2105
f 2566/4487/2103 2567/4488/2104 2570/4491/2106
f 2566/4487/2103 2570/4491/2106 2564/4485/2101
f 2567/4488/2104 2568/4489/681 2571/4492/2107
f 2567/4488/2104 2571/4492/2107 2570/4491/2106
f 2571/4492/2107 2568/4489/681 2572/4493/2108
f 2572/4493/2108 2568/4489/681 2573/4494/2109
f 2572/4493/2108 2573/4494/2109 2574/4495/2110
f 2571/4492/2107 2572/4493/2108 2575/4496/2111
f 2575/4496/2111 2572/4493/2108 2574/4495/2110
f 2575/4496/2111 2574/4495/2110 2576/4497/2112
f 2576/4497/2112 2574/4495/2110 2577/4498/2113
f 2576/4497/2112 2577/4498/2113 2578/4499/2114
f 2575/4496/2111 2576/4497/2112 2579/4500/2115
f 2579/4500/2115 2576/4497/2112 2578/4499/2114
f 2571/4492/2107 2575/4496/2111 2580/4501/2116
f 2575/4496/2111 2579/4500/2115 2581/4502/2117
f 2575/4496/2111 2581/4502/2117 2580/4501/2116
f 2581/4502/2117 2579/4500/2115 2582/4503/2118
f 2579/4500/2115 2578/4499/2114 2583/4504/2119
f 2579/4500/2115 2583/4504/2119 2582/4503/2118
f 2583/4504/2119 2578/4499/2114 2584/4505/2120
f 2581/4502/2117 2582/4503/2118 2585/4506/2121
f 2585/4506/2121 2582/4503/2118 2583/4504/2119
f 2581/4502/2117 2585/4506/2121 2580/4501/2116
f 2586/4507/2122 2571/4492/2107 2580/4501/2116
f 2586/4507/2122 2580/4501/2116 2585/4506/2121
f 2571/4492/2107 2586/4507/2122 2570/4491/2106
f 2585/4506/2121 2583/4504/2119 2587/4508/2123
f 2585/4506/2121 2587/4508/2123 2586/4507/2122
f 2587/4508/2123 2583/4504/2119 2584/4505/2120
f 2570/4491/2106 2586/4507/2122 2588/4509/2124
f 2588/4509/2124 2586/4507/2122 2587/4508/2123
f 2570/4491/2106 2588/4509/2124 2589/4510/2125
f 2588/4509/2124 2587/4508/2123 2590/4511/2126
f 2590/4511/2126 2587/4508/2123 2584/4505/2120
f 2588/4509/2124 2590/4511/2126 2589/4510/2125
f 2590/4511/2126 2584/4505/2120 2591/4512/2127
f 2590/4511/2126 2591/4512/2127 2589/4510/2125
f 2570/4491/2106 2589/4510/2125 2592/4513/2128
f 2591/4512/2127 2584/4505/2120 2593/4514/2129
f 2593/4514/2129 2584/4505/2120 2594/4515/2130
f 2593/4514/2129 2594/4515/2130 2595/4516/2131
f 2570/4491/2106 2592/4513/2128 2564/4485/2101
f 2593/4514/2129 2595/4516/2131 2596/4517/2132
f 2596/4517/2132 2595/4516/2131 2597/4518/2133
f 2596/4517/2132 2597/4518/2133 2598/4519/2134
f 2593/4514/2129 2596/4517/2132 2599/4520/2135
f 2599/4520/2135 2596/4517/2132 2598/4519/2134
f 2593/4514/2129 2599/4520/2135 2591/4512/2127
f 2599/4520/2135 2598/4519/2134 2600/4521/788
f 2600/4521/788 2598/4519/2134 2601/4522/2136
f 2600/4521/788 2601/4522/2136 2602/4523/2137
f 2599/4520/2135 2600/4521/788 2603/4524/2138
f 2599/4520/2135 2603/4524/2138 2591/4512/2127
f 2603/4524/2138 2600/4521/788 2602/4523/2137
f 2591/4512/2127 2603/4524/2138 2589/4510/2125
f 2589/4510/2125 2603/4524/2138 2604/4525/2139
f 2589/4510/2125 2604/4525/2139 2592/4513/2128
f 2603/4524/2138 2602/4523/2137 2605/4526/2140
f 2604/4525/2139 2603/4524/2138 2606/4527/2141
f 2604/4525/2139 2606/4527/2141 2592/4513/2128
f 2606/4527/2141 2603/4524/2138 2605/4526/2140
f 2605/4526/2140 2602/4523/2137 2607/4528/2142
f 2605/4526/2140 2607/4528/2142 2608/4529/2143
f 2608/4529/2143 2607/4528/2142 2609/4530/2144
f 2608/4529/2143 2609/4530/2144 2605/4526/2140
f 2605/4526/2140 2609/4530/2144 2606/4527/2141
f 2606/4527/2141 2609/4530/2144 2540/4455/2077
f 2606/4527/2141 2540/4455/2077 2592/4513/2128
f 2592/4513/2128 2540/4455/2077 2610/4531/2145
f 2592/4513/2128 2610/4531/2145 2564/4485/2101
f 2610/4531/2145 2540/4455/2077 2541/4456/2078
f 2564/4485/2101 2610/4531/2145 2611/4532/2146
f 2611/4532/2146 2610/4531/2145 2541/4456/2078
f 2564/4485/2101 2611/4532/2146 2542/4457/2079
f 2611/4532/2146 2541/4456/2078 2538/4451/2075
f 2611/4532/2146 2538/4451/2075 2542/4457/2079
f 1760/4533/1478 1759/4534/1477 2234/4535/1841
f 1760/4533/1478 2234/4535/1841 2612/4536/2147
f 1760/4533/1478 2612/4536/2147 2613/4537/2148
f 2612/4536/2147 2234/4535/1841 2235/4538/1060
f 2613/4537/2148 2612/4536/2147 2535/4539/2072
f 2535/4539/2072 2612/4536/2147 2235/4538/1060
f 1760/4540/1478 2476/4541/2026 1761/4542/1479
f 2476/4541/2026 1760/4540/1478 2614/4543/900
f 2476/4541/2026 2614/4543/900 2475/4544/2025
f 2475/4544/2025 2614/4543/900 2474/4545/2024
f 2474/4545/2024 2614/4543/900 2615/4546/2149
f 2614/4543/900 1760/4540/1478 2613/4547/2148
f 2615/4546/2149 2614/4543/900 2616/4548/2150
f 2616/4548/2150 2614/4543/900 2613/4547/2148
f 2616/4548/2150 2613/4547/2148 2617/4549/2151
f 2617/4549/2151 2613/4547/2148 2535/4550/2072
f 2616/4548/2150 2617/4549/2151 2618/4551/2152
f 2616/4548/2150 2618/4551/2152 2619/4552/936
f 2617/4549/2151 2535/4550/2072 2620/4553/2153
f 2620/4553/2153 2535/4550/2072 2537/4554/2074
f 2620/4553/2153 2537/4554/2074 2540/4555/2077
f 2617/4549/2151 2620/4553/2153 2621/4556/2154
f 2617/4549/2151 2621/4556/2154 2618/4551/2152
f 2620/4553/2153 2540/4555/2077 2622/4557/2155
f 2620/4553/2153 2622/4557/2155 2621/4556/2154
f 2622/4557/2155 2540/4555/2077 2609/4558/2144
f 2622/4557/2155 2609/4558/2144 2607/4559/2142
f 2621/4556/2154 2622/4557/2155 2623/4560/2156
f 2621/4556/2154 2623/4560/2156 2624/4561/2157
f 2623/4560/2156 2622/4557/2155 2625/4562/2158
f 2623/4560/2156 2625/4562/2158 2624/4561/2157
f 2621/4556/2154 2624/4561/2157 2626/4563/2159
f 2626/4563/2159 2624/4561/2157 2625/4562/2158
f 2621/4556/2154 2626/4563/2159 2618/4551/2152
f 2626/4563/2159 2625/4562/2158 2622/4557/2155
f 2626/4563/2159 2622/4557/2155 2627/4564/2160
f 2626/4563/2159 2627/4564/2160 2618/4551/2152
f 2627/4564/2160 2622/4557/2155 2607/4559/2142
f 2618/4551/2152 2627/4564/2160 2628/4565/2161
f 2618/4551/2152 2628/4565/2161 2619/4552/936
f 2627/4564/2160 2607/4559/2142 2629/4566/2162
f 2629/4566/2162 2607/4559/2142 2602/4567/2137
f 2627/4564/2160 2629/4566/2162 2630/4568/2163
f 2627/4564/2160 2630/4568/2163 2628/4565/2161
f 2619/4552/936 2628/4565/2161 2631/4569/236
f 2619/4552/936 2631/4569/236 2632/4570/144
f 2632/4570/144 2631/4569/236 2628/4565/2161
f 2630/4568/2163 2629/4566/2162 2633/4571/101
f 2630/4568/2163 2633/4571/101 2628/4565/2161
f 2628/4565/2161 2633/4571/101 2632/4570/144
f 2633/4571/101 2629/4566/2162 2602/4567/2137
f 2632/4570/144 2633/4571/101 2634/4572/266
f 2634/4572/266 2633/4571/101 2602/4567/2137
f 2634/4572/266 2602/4567/2137 2601/4573/2136
f 2634/4572/266 2601/4573/2136 2598/4574/2134
f 2005/4575/1335 2006/4576/1639 2635/4577/272
f 2635/4577/272 2006/4576/1639 2008/4578/1641
f 2635/4577/272 2008/4578/1641 2012/4579/1645
f 2005/4575/1335 2635/4577/272 2636/4580/759
f 2005/4575/1335 2636/4580/759 2003/4581/1637
f 1927/4582/1592 2502/4583/2045 1920/4584/1586
f 2502/4583/2045 1927/4582/1592 2637/4585/1496
f 2450/4586/1335 2448/4587/1335 2452/4588/1335
f 2638/4589/2164 2404/4590/100 2375/4591/146
f 2404/4590/100 2638/4589/2164 2639/4592/1031
f 2404/4590/100 2639/4592/1031 2640/4593/14
f 2404/4590/100 2640/4593/14 2456/4594/437
f 2456/4594/437 2640/4593/14 2641/4595/234
f 2456/4594/437 2641/4595/234 2453/4596/33
f 2453/4596/33 2641/4595/234 2642/4597/30
f 2639/4592/1031 2638/4589/2164 2643/4598/102
f 2643/4598/102 2638/4589/2164 2375/4591/146
f 2639/4592/1031 2643/4598/102 2644/4599/2165
f 2643/4598/102 2375/4591/146 2430/4600/1989
f 2643/4598/102 2430/4600/1989 2644/4599/2165
f 2430/4600/1989 2375/4591/146 2426/4601/1985
f 2644/4599/2165 2430/4600/1989 2645/4602/2166
f 2470/4603/757 1813/4604/1196 1812/4605/715
f 2470/4603/757 1812/4605/715 2646/4606/422
f 2647/4607/2167 1707/4608/1440 1708/4609/953
f 1707/4608/1440 2647/4607/2167 1982/4610/610
f 2647/4607/2167 1708/4609/953 2004/4611/1638
f 2004/4611/1638 1708/4609/953 1709/4612/1442
f 2648/4613/2168 2448/4614/2006 2452/4615/1864
f 2448/4614/2006 2648/4613/2168 2649/4616/2169
f 2448/4614/2006 2649/4616/2169 2447/4617/2005
f 2649/4616/2169 2648/4613/2168 2650/4618/723
f 2447/4617/2005 2649/4616/2169 2651/4619/1271
f 2650/4618/723 2648/4613/2168 2652/4620/2170
f 2651/4619/1271 2649/4616/2169 2653/4621/2171
f 2653/4621/2171 2649/4616/2169 2650/4618/723
f 2447/4617/2005 2651/4619/1271 2654/4622/2172
f 2654/4622/2172 2651/4619/1271 2653/4621/2171
f 2447/4617/2005 2654/4622/2172 2445/4623/2003
f 2445/4623/2003 2654/4622/2172 2443/4624/2001
f 2443/4624/2001 2654/4622/2172 2655/4625/2173
f 2443/4624/2001 2655/4625/2173 2441/4626/1999
f 2654/4622/2172 2653/4621/2171 2656/4627/1036
f 2654/4622/2172 2656/4627/1036 2657/4628/2174
f 2657/4628/2174 2656/4627/1036 2658/4629/2175
f 2656/4627/1036 2653/4621/2171 2659/4630/2176
f 2656/4627/1036 2659/4630/2176 2660/4631/2177
f 2659/4630/2176 2653/4621/2171 2661/4632/2178
f 2659/4630/2176 2661/4632/2178 2660/4631/2177
f 2661/4632/2178 2653/4621/2171 2650/4618/723
f 2660/4631/2177 2661/4632/2178 2662/4633/2179
f 2662/4633/2179 2661/4632/2178 2650/4618/723
f 2660/4631/2177 2662/4633/2179 2663/4634/2180
f 2662/4633/2179 2650/4618/723 2664/4635/2181
f 2664/4635/2181 2650/4618/723 2652/4620/2170
f 2664/4635/2181 2652/4620/2170 2578/4636/2114
f 2664/4635/2181 2578/4636/2114 2665/4637/2182
f 2464/4638/992 2457/4639/2013 1962/4640/610
f 2464/4638/992 1962/4640/610 2345/4641/1933
f 2666/4642/826 1812/4643/715 1811/4644/1006
f 2409/4645/1975 2667/4646/1607 2388/4647/266
f 2667/4646/1607 2409/4645/1975 2410/4648/1315
f 2388/4647/266 2667/4646/1607 2668/4649/84
f 2388/4647/266 2668/4649/84 2384/4650/1962
f 1975/4651/1619 1967/4652/214 1966/4653/1614
f 1967/4652/214 1975/4651/1619 2669/4654/2183
f 1967/4652/214 2669/4654/2183 2670/4655/2184
f 1967/4652/214 2670/4655/2184 2671/4656/2185
f 2671/4656/2185 2670/4655/2184 2672/4657/2186
f 1967/4652/214 2671/4656/2185 2673/4658/2187
f 2671/4656/2185 2672/4657/2186 2674/4659/2188
f 2673/4658/2187 2671/4656/2185 2675/4660/2189
f 2675/4660/2189 2671/4656/2185 2674/4659/2188
f 2673/4658/2187 2675/4660/2189 2676/4661/2190
f 2676/4661/2190 2675/4660/2189 2674/4659/2188
f 2673/4658/2187 2676/4661/2190 1933/4662/1597
f 1933/4662/1597 2676/4661/2190 1934/4663/1598
f 1934/4663/1598 2676/4661/2190 2677/4664/2191
f 2677/4664/2191 2676/4661/2190 2678/4665/916
f 2678/4665/916 2676/4661/2190 2674/4659/2188
f 2678/4665/916 2674/4659/2188 2679/4666/2192
f 2678/4665/916 2679/4666/2192 2680/4667/2193
f 2680/4667/2193 2679/4666/2192 2681/4668/2194
f 2678/4665/916 2680/4667/2193 2682/4669/2195
f 2682/4669/2195 2680/4667/2193 2683/4670/2196
f 2684/4671/2197 2499/4672/2044 2497/4673/95
f 2499/4672/2044 2684/4671/2197 2685/4674/1447
f 2499/4672/2044 2685/4674/1447 2452/4675/1864
f 2684/4671/2197 2497/4673/95 2686/4676/2198
f 2684/4671/2197 2686/4676/2198 2685/4674/1447
f 2452/4675/1864 2685/4674/1447 2648/4677/2168
f 2686/4676/2198 2497/4673/95 2687/4678/1312
f 2687/4678/1312 2497/4673/95 2533/4679/144
f 2533/4679/144 2497/4673/95 2534/4680/2071
f 2533/4679/144 2534/4680/2071 2532/4681/2070
f 2687/4678/1312 2533/4679/144 2688/4682/98
f 2687/4678/1312 2688/4682/98 2686/4676/2198
f 2689/4683/2199 2685/4674/1447 2686/4676/2198
f 2689/4683/2199 2686/4676/2198 2688/4682/98
f 2685/4674/1447 2689/4683/2199 2690/4684/2200
f 2685/4674/1447 2690/4684/2200 2648/4677/2168
f 2690/4684/2200 2689/4683/2199 2691/4685/2201
f 2691/4685/2201 2689/4683/2199 2688/4682/98
f 2648/4677/2168 2690/4684/2200 2692/4686/1864
f 2648/4677/2168 2692/4686/1864 2652/4687/2170
f 2652/4687/2170 2692/4686/1864 2584/4688/2120
f 2652/4687/2170 2584/4688/2120 2578/4689/2114
f 2584/4688/2120 2692/4686/1864 2594/4690/2130
f 2692/4686/1864 2690/4684/2200 2693/4691/2202
f 2692/4686/1864 2693/4691/2202 2594/4690/2130
f 2693/4691/2202 2690/4684/2200 2691/4685/2201
f 2594/4690/2130 2693/4691/2202 2595/4692/2131
f 2595/4692/2131 2693/4691/2202 2691/4685/2201
f 2595/4692/2131 2691/4685/2201 2694/4693/2203
f 2595/4692/2131 2694/4693/2203 2597/4694/2133
f 2597/4694/2133 2694/4693/2203 2691/4685/2201
f 2597/4694/2133 2691/4685/2201 2695/4695/959
f 2695/4695/959 2691/4685/2201 2688/4682/98
f 2597/4694/2133 2695/4695/959 2696/4696/260
f 2597/4694/2133 2696/4696/260 2598/4697/2134
f 2696/4696/260 2695/4695/959 2697/4698/2204
f 2697/4698/2204 2695/4695/959 2688/4682/98
f 2598/4697/2134 2696/4696/260 2698/4699/31
f 2698/4699/31 2696/4696/260 2697/4698/2204
f 2698/4699/31 2697/4698/2204 2688/4682/98
f 2598/4697/2134 2698/4699/31 2634/4700/266
f 2634/4700/266 2698/4699/31 2688/4682/98
f 2634/4700/266 2688/4682/98 2632/4701/144
f 2632/4701/144 2688/4682/98 2533/4679/144
f 2632/4701/144 2533/4679/144 2092/4702/131
f 2092/4702/131 2533/4679/144 2089/4703/995
f 2092/4702/131 2089/4703/995 2091/4704/1707
f 2632/4701/144 2092/4702/131 2619/4705/936
f 2619/4705/936 2092/4702/131 2474/4706/2024
f 2474/4706/2024 2092/4702/131 2090/4707/1706
f 2619/4705/936 2474/4706/2024 2615/4708/2149
f 2619/4705/936 2615/4708/2149 2616/4709/2150
f 2673/4710/2187 1933/4711/1597 1932/4712/458
f 2673/4710/2187 1932/4712/458 1967/4713/214
f 2460/4714/2016 2699/4715/2205 2370/4716/1949
f 2699/4715/2205 2460/4714/2016 1980/4717/2014
f 2642/4718/30 1835/4719/14 2453/4720/33
f 2058/4721/1680 2059/4722/1681 2062/4723/1683
f 2058/4721/1680 2062/4723/1683 2700/4724/2206
f 2501/4725/1060 2502/4726/2045 2701/4727/2207
f 2701/4727/2207 2502/4726/2045 2637/4728/1496
f 2501/4725/1060 2701/4727/2207 2702/4729/2208
f 2701/4727/2207 2637/4728/1496 2703/4730/2209
f 2701/4727/2207 2703/4730/2209 2702/4729/2208
f 1934/4731/1598 2637/4728/1496 1927/4732/1592
f 2637/4728/1496 1934/4731/1598 2704/4733/2210
f 2637/4728/1496 2704/4733/2210 2703/4730/2209
f 2704/4733/2210 1934/4731/1598 2677/4734/2191
f 2703/4730/2209 2704/4733/2210 2705/4735/2211
f 2703/4730/2209 2705/4735/2211 2702/4729/2208
f 2705/4735/2211 2704/4733/2210 2706/4736/631
f 2706/4736/631 2704/4733/2210 2707/4737/2212
f 2707/4737/2212 2704/4733/2210 2677/4734/2191
f 2702/4729/2208 2705/4735/2211 2708/4738/2213
f 2707/4737/2212 2677/4734/2191 2709/4739/2214
f 2707/4737/2212 2709/4739/2214 2710/4740/2215
f 2709/4739/2214 2677/4734/2191 2682/4741/2195
f 2682/4741/2195 2677/4734/2191 2678/4742/916
f 2710/4740/2215 2709/4739/2214 2711/4743/2216
f 2710/4740/2215 2711/4743/2216 1975/4744/1619
f 2702/4729/2208 2708/4738/2213 2712/4745/2217
f 2712/4745/2217 2708/4738/2213 2713/4746/2218
f 2712/4745/2217 2713/4746/2218 2714/4747/2219
f 2712/4745/2217 2714/4747/2219 2702/4729/2208
f 2702/4729/2208 2714/4747/2219 2715/4748/1011
f 2702/4729/2208 2715/4748/1011 2501/4725/1060
f 2501/4725/1060 2715/4748/1011 2063/4749/1684
f 2715/4748/1011 2714/4747/2219 2062/4750/1683
f 2715/4748/1011 2062/4750/1683 2061/4751/1682
f 2062/4750/1683 2714/4747/2219 2700/4752/2206
f 1809/4753/1192 2716/4754/2220 1811/4755/1006
f 2717/4756/2221 2718/4757/2222 2719/4758/2223
f 2717/4756/2221 2719/4758/2223 2720/4759/2224
f 2718/4757/2222 2717/4756/2221 2721/4760/2225
f 2721/4760/2225 2717/4756/2221 2432/4761/1990
f 2432/4761/1990 2717/4756/2221 2720/4759/2224
f 2721/4760/2225 2432/4761/1990 2722/4762/25
f 2722/4762/25 2432/4761/1990 2423/4763/149
f 2721/4760/2225 2722/4762/25 2723/4764/2226
f 2432/4761/1990 2720/4759/2224 2724/4765/2227
f 2724/4765/2227 2720/4759/2224 2725/4766/2228
f 2725/4766/2228 2720/4759/2224 2726/4767/2229
f 2721/4760/2225 2723/4764/2226 2727/4768/2230
f 2721/4760/2225 2727/4768/2230 2718/4757/2222
f 2726/4767/2229 2720/4759/2224 2728/4769/2231
f 2728/4769/2231 2720/4759/2224 2719/4758/2223
f 2726/4767/2229 2728/4769/2231 2729/4770/2232
f 2730/4771/2233 2719/4758/2223 2718/4757/2222
f 2719/4758/2223 2730/4771/2233 2728/4769/2231
f 2729/4770/2232 2728/4769/2231 2731/4772/2234
f 2731/4772/2234 2728/4769/2231 2730/4771/2233
f 2729/4770/2232 2731/4772/2234 2732/4773/2235
f 2732/4773/2235 2731/4772/2234 2733/4774/2236
f 2732/4773/2235 2733/4774/2236 2734/4775/2237
f 2733/4774/2236 2731/4772/2234 2735/4776/2238
f 2735/4776/2238 2731/4772/2234 2730/4771/2233
f 2733/4774/2236 2735/4776/2238 2736/4777/2239
f 2733/4774/2236 2736/4777/2239 2737/4778/2240
f 2738/4779/2241 2736/4777/2239 2727/4768/2230
f 2727/4768/2230 2736/4777/2239 2739/4780/2242
f 2739/4780/2242 2736/4777/2239 2735/4776/2238
f 2727/4768/2230 2739/4780/2242 2718/4757/2222
f 2735/4776/2238 2730/4771/2233 2740/4781/2243
f 2735/4776/2238 2740/4781/2243 2739/4780/2242
f 2740/4781/2243 2730/4771/2233 2739/4782/2244
f 2739/4780/2242 2740/4781/2243 2741/4783/2245
f 2741/4783/2245 2740/4781/2243 2739/4782/2244
f 2718/4757/2222 2739/4780/2242 2742/4784/2246
f 2718/4757/2222 2742/4784/2246 2730/4771/2233
f 2742/4784/2246 2739/4780/2242 2741/4783/2245
f 2730/4771/2233 2742/4784/2246 2739/4782/2244
f 2739/4782/2244 2742/4784/2246 2741/4783/2245
f 2743/4785/2247 2327/4786/1923 2326/4787/1922
f 2743/4785/2247 2326/4787/1922 2744/4788/2248
f 2743/4785/2247 2744/4788/2248 2327/4786/1923
f 2744/4788/2248 2326/4787/1922 2467/4789/2021
f 2327/4786/1923 2744/4788/2248 2745/4790/2249
f 2327/4786/1923 2745/4790/2249 2746/4791/2250
f 2745/4790/2249 2744/4788/2248 2747/4792/2251
f 2745/4790/2249 2747/4792/2251 2746/4791/2250
f 2747/4792/2251 2744/4788/2248 2467/4789/2021
f 2746/4791/2250 2747/4792/2251 2748/4793/2252
f 2748/4793/2252 2747/4792/2251 2467/4789/2021
f 2746/4791/2250 2748/4793/2252 2749/4794/304
f 2748/4793/2252 2467/4789/2021 2468/4795/1420
f 2749/4794/304 2748/4793/2252 2750/4796/2253
f 2750/4796/2253 2748/4793/2252 2468/4795/1420
f 2749/4794/304 2750/4796/2253 2751/4797/2254
f 2751/4797/2254 2750/4796/2253 2752/4798/2255
f 2752/4798/2255 2750/4796/2253 2468/4795/1420
f 2752/4798/2255 2468/4795/1420 2469/4799/757
f 2752/4798/2255 2469/4799/757 2471/4800/1184
f 2752/4798/2255 2471/4800/1184 2753/4801/2256
f 2754/4802/2257 1809/4803/1192 1810/4804/992
f 1975/4805/1619 2711/4806/2216 2669/4807/2183
f 2669/4807/2183 2711/4806/2216 2670/4808/2184
f 2670/4808/2184 2711/4806/2216 2755/4809/2258
f 2755/4809/2258 2711/4806/2216 2709/4810/2214
f 2682/4811/2195 2683/4812/2196 2709/4810/2214
f 2709/4810/2214 2683/4812/2196 2755/4809/2258
f 2755/4809/2258 2683/4812/2196 2756/4813/2259
f 2755/4809/2258 2756/4813/2259 2757/4814/2260
f 2670/4808/2184 2755/4809/2258 2758/4815/2261
f 2758/4815/2261 2755/4809/2258 2757/4814/2260
f 2670/4808/2184 2758/4815/2261 2672/4816/2186
f 2758/4815/2261 2757/4814/2260 2759/4817/2262
f 2758/4815/2261 2759/4817/2262 2672/4816/2186
f 2672/4816/2186 2759/4817/2262 2674/4818/2188
f 2674/4818/2188 2759/4817/2262 2679/4819/2192
f 2699/4820/2205 1980/4821/2014 2370/4822/1949
f 2666/4823/826 1811/4824/1006 2716/4825/2220
f 2646/4826/422 1812/4827/715 2666/4823/826
f 2666/4823/826 2716/4825/2220 2760/4828/2263
f 2666/4823/826 2760/4828/2263 2646/4826/422
f 2760/4828/2263 2716/4825/2220 2761/4829/2264
f 2761/4829/2264 2716/4825/2220 1809/4830/1192
f 2646/4826/422 2760/4828/2263 2762/4831/2265
f 2646/4826/422 2762/4831/2265 2470/4832/757
f 2470/4832/757 2762/4831/2265 2763/4833/422
f 2763/4833/422 2762/4831/2265 2753/4834/2256
f 2753/4834/2256 2762/4831/2265 2760/4828/2263
f 2763/4833/422 2753/4834/2256 2471/4835/1184
f 2753/4834/2256 2760/4828/2263 2751/4836/2254
f 2753/4834/2256 2751/4836/2254 2752/4837/2255
f 2751/4836/2254 2760/4828/2263 2761/4829/2264
f 2754/4838/2257 2761/4829/2264 1809/4830/1192
f 2751/4836/2254 2761/4829/2264 2764/4839/46
f 2751/4836/2254 2764/4839/46 2749/4840/304
f 2761/4829/2264 2754/4838/2257 2765/4841/2266
f 2761/4829/2264 2765/4841/2266 2764/4839/46
f 2765/4841/2266 2754/4838/2257 2766/4842/2267
f 2765/4841/2266 2766/4842/2267 2764/4839/46
f 2749/4840/304 2764/4839/46 2767/4843/311
f 2766/4842/2267 2754/4838/2257 2053/4844/458
f 2053/4844/458 2754/4838/2257 1810/4845/992
f 2766/4842/2267 2053/4844/458 2054/4846/1006
f 2766/4842/2267 2054/4846/1006 2700/4847/2206
f 2700/4847/2206 2054/4846/1006 2058/4848/1680
f 2764/4839/46 2766/4842/2267 2713/4849/2218
f 2713/4849/2218 2766/4842/2267 2700/4847/2206
f 2764/4839/46 2713/4849/2218 2767/4843/311
f 2713/4849/2218 2700/4847/2206 2714/4850/2219
f 2767/4843/311 2713/4849/2218 2708/4851/2213
f 2767/4843/311 2708/4851/2213 2768/4852/2268
f 2767/4843/311 2768/4852/2268 2769/4853/314
f 2636/4854/759 2635/4855/272 2012/4856/1645
f 2636/4854/759 2012/4856/1645 2770/4857/2269
f 2770/4857/2269 2012/4856/1645 2771/4858/2270
f 2771/4858/2270 2012/4856/1645 1995/4859/1629
f 2771/4858/2270 1995/4859/1629 2772/4860/2271
f 2770/4857/2269 2771/4858/2270 2773/4861/29
f 2773/4861/29 2771/4858/2270 2772/4860/2271
f 2770/4857/2269 2773/4861/29 2774/4862/2272
f 2774/4862/2272 2773/4861/29 2775/4863/87
f 2773/4861/29 2772/4860/2271 2776/4864/23
f 2775/4863/87 2773/4861/29 2777/4865/153
f 2777/4865/153 2773/4861/29 2776/4864/23
f 2775/4863/87 2777/4865/153 2778/4866/2273
f 2775/4863/87 2778/4866/2273 2779/4867/2274
f 2779/4867/2274 2778/4866/2273 2780/4868/2275
f 2778/4866/2273 2777/4865/153 2781/4869/233
f 2778/4866/2273 2781/4869/233 2780/4868/2275
f 2777/4865/153 2776/4864/23 2782/4870/2276
f 2777/4865/153 2782/4870/2276 2781/4869/233
f 2780/4868/2275 2781/4869/233 2783/4871/2277
f 2780/4868/2275 2783/4871/2277 2784/4872/2278
f 2784/4872/2278 2783/4871/2277 2785/4873/2279
f 2785/4873/2279 2783/4871/2277 2786/4874/2280
f 2781/4869/233 2782/4870/2276 2787/4875/2281
f 2781/4869/233 2787/4875/2281 2788/4876/131
f 2788/4876/131 2787/4875/2281 2782/4870/2276
f 2781/4869/233 2788/4876/131 2783/4871/2277
f 2786/4874/2280 2783/4871/2277 2789/4877/2282
f 2789/4877/2282 2783/4871/2277 2788/4876/131
f 2786/4874/2280 2789/4877/2282 2790/4878/1974
f 2788/4876/131 2782/4870/2276 2791/4879/2283
f 2788/4876/131 2791/4879/2283 2789/4877/2282
f 2791/4879/2283 2782/4870/2276 2776/4864/23
f 2790/4878/1974 2789/4877/2282 2792/4880/1033
f 2792/4880/1033 2789/4877/2282 2791/4879/2283
f 2792/4880/1033 2791/4879/2283 2776/4864/23
f 2790/4878/1974 2792/4880/1033 2793/4881/2284
f 2792/4880/1033 2776/4864/23 2772/4860/2271
f 2793/4881/2284 2792/4880/1033 2246/4882/1847
f 2792/4880/1033 2772/4860/2271 1993/4883/266
f 2246/4882/1847 2792/4880/1033 2245/4884/1067
f 2245/4884/1067 2792/4880/1033 1993/4883/266
f 2794/4885/460 2328/4886/1677 2327/4887/1923
f 2328/4886/1677 2794/4885/460 2330/4888/422
f 2794/4885/460 2327/4887/1923 2746/4889/2250
f 2330/4888/422 2794/4885/460 2515/4890/2054
f 2794/4885/460 2746/4889/2250 2795/4891/2285
f 2794/4885/460 2795/4891/2285 2515/4890/2054
f 2330/4888/422 2515/4890/2054 2395/4892/458
f 2795/4891/2285 2746/4889/2250 2749/4893/304
f 2395/4892/458 2515/4890/2054 2796/4894/2286
f 2395/4892/458 2796/4894/2286 2510/4895/2050
f 2510/4895/2050 2796/4894/2286 2515/4890/2054
f 2515/4890/2054 2795/4891/2285 2514/4896/304
f 2514/4896/304 2795/4891/2285 2749/4893/304
f 2514/4896/304 2749/4893/304 2516/4897/2055
f 2516/4897/2055 2749/4893/304 2769/4898/314
f 2769/4898/314 2749/4893/304 2767/4899/311
f 2516/4897/2055 2769/4898/314 2530/4900/2069
f 1975/4901/1619 1974/4902/1618 1976/4903/1051
f 1975/4901/1619 1976/4903/1051 2797/4904/2287
f 1975/4901/1619 2797/4904/2287 2710/4905/2215
f 2797/4904/2287 1976/4903/1051 1977/4906/1070
f 2797/4904/2287 1977/4906/1070 2798/4907/2288
f 2798/4907/2288 1977/4906/1070 1980/4908/1622
f 2797/4904/2287 2798/4907/2288 2799/4909/2289
f 2798/4907/2288 1980/4908/1622 2800/4910/2290
f 2798/4907/2288 2800/4910/2290 2799/4909/2289
f 2800/4910/2290 1980/4908/1622 2801/4911/2291
f 2801/4911/2291 1980/4908/1622 2699/4912/2292
f 2797/4904/2287 2799/4909/2289 2802/4913/2293
f 2802/4913/2293 2799/4909/2289 2803/4914/2294
f 2803/4914/2294 2799/4909/2289 2804/4915/2295
f 2803/4914/2294 2804/4915/2295 2805/4916/2296
f 2806/4917/2297 2807/4918/2298 2802/4913/2293
f 2806/4917/2297 2802/4913/2293 2808/4919/2299
f 2808/4919/2299 2802/4913/2293 2803/4914/2294
f 2806/4917/2297 2808/4919/2299 2809/4920/2300
f 2809/4920/2300 2808/4919/2299 2810/4921/2301
f 2810/4921/2301 2808/4919/2299 2803/4914/2294
f 2809/4920/2300 2810/4921/2301 2811/4922/2302
f 2810/4921/2301 2803/4914/2294 2812/4923/2303
f 2812/4923/2303 2803/4914/2294 2813/4924/2304
f 2812/4923/2303 2813/4924/2304 2814/4925/2305
f 2813/4924/2304 2803/4914/2294 2815/4926/2306
f 2813/4924/2304 2815/4926/2306 2814/4925/2305
f 2815/4926/2306 2803/4914/2294 2805/4916/2296
f 2814/4925/2305 2815/4926/2306 2816/4927/2307
f 2816/4927/2307 2815/4926/2306 2805/4916/2296
f 2816/4927/2307 2805/4916/2296 2817/4928/2308
f 2818/4929/826 1982/4930/610 2647/4931/2167
f 1982/4930/610 2818/4929/826 1981/4932/952
f 2818/4929/826 2647/4931/2167 2819/4933/422
f 2819/4933/422 2647/4931/2167 2004/4934/1638
f 2819/4933/422 2004/4934/1638 2820/4935/2309
f 2819/4933/422 2820/4935/2309 2805/4936/2296
f 2819/4933/422 2805/4936/2296 2804/4937/2295
f 2819/4933/422 2804/4937/2295 2818/4929/826
f 2818/4929/826 2804/4937/2295 2799/4938/2289
f 2821/4939/1502 1981/4932/952 2818/4929/826
f 2821/4939/1502 2818/4929/826 2799/4938/2289
f 1981/4932/952 2821/4939/1502 1980/4940/1622
f 2821/4939/1502 2799/4938/2289 2800/4941/2290
f 1980/4940/1622 2821/4939/1502 2699/4942/2292
f 2699/4942/2292 2821/4939/1502 2800/4941/2290
f 2699/4942/2292 2800/4941/2290 2801/4943/2291
f 2417/4944/1978 2419/4945/1980 2657/4946/2174
f 2417/4944/1978 2657/4946/2174 2658/4947/2175
f 2417/4944/1978 2658/4947/2175 2420/4948/31
f 2420/4948/31 2658/4947/2175 2822/4949/81
f 2822/4949/81 2658/4947/2175 2656/4950/1036
f 2822/4949/81 2656/4950/1036 2660/4951/2177
f 2822/4949/81 2660/4951/2177 2823/4952/1097
f 2823/4952/1097 2660/4951/2177 2824/4953/2310
f 2824/4953/2310 2660/4951/2177 2663/4954/2180
f 2825/4955/908 2440/4956/1998 2441/4957/1999
f 2825/4955/908 2441/4957/1999 2655/4958/2173
f 2440/4956/1998 2825/4955/908 2826/4959/1849
f 2440/4956/1998 2826/4959/1849 2827/4960/2311
f 2827/4960/2311 2826/4959/1849 2825/4955/908
f 2827/4960/2311 2825/4955/908 2655/4958/2173
f 2440/4956/1998 2827/4960/2311 2437/4961/1995
f 2827/4960/2311 2655/4958/2173 2828/4962/2312
f 2827/4960/2311 2828/4962/2312 2437/4961/1995
f 2828/4962/2312 2655/4958/2173 2654/4963/2172
f 2828/4962/2312 2654/4963/2172 2657/4964/2174
f 2828/4962/2312 2657/4964/2174 2437/4961/1995
f 2437/4961/1995 2657/4964/2174 2419/4965/1980
f 2715/4966/1011 2061/4967/1682 2063/4968/1684
f 2523/4969/2062 2522/4970/2061 2829/4971/2313
f 2829/4971/2313 2522/4970/2061 2830/4972/2314
f 2830/4972/2314 2522/4970/2061 2831/4973/2315
f 2831/4973/2315 2522/4970/2061 2519/4974/2058
f 2831/4973/2315 2519/4974/2058 2832/4975/989
f 2523/4969/2062 2829/4971/2313 2833/4976/2316
f 2523/4969/2062 2833/4976/2316 2834/4977/1135
f 2523/4969/2062 2834/4977/1135 2549/4978/2086
f 2834/4977/1135 2833/4976/2316 2835/4979/2317
f 2549/4978/2086 2834/4977/1135 2836/4980/2318
f 2834/4977/1135 2835/4979/2317 2550/4981/2087
f 2834/4977/1135 2550/4981/2087 2836/4980/2318
f 2772/4982/2271 1995/4983/1629 1993/4984/266
f 2421/4985/1981 2837/4986/1002 2423/4987/149
f 2837/4986/1002 2421/4985/1981 2420/4988/31
f 2837/4986/1002 2420/4988/31 2822/4989/81
f 2423/4987/149 2837/4986/1002 2838/4990/909
f 2423/4987/149 2838/4990/909 2722/4991/25
f 2837/4986/1002 2822/4989/81 2839/4992/2319
f 2839/4992/2319 2822/4989/81 2823/4993/1097
f 2722/4991/25 2838/4990/909 2433/4994/1991
f 2837/4986/1002 2839/4992/2319 2840/4995/1003
f 2837/4986/1002 2840/4995/1003 2838/4990/909
f 2839/4992/2319 2823/4993/1097 2841/4996/2320
f 2839/4992/2319 2841/4996/2320 2840/4995/1003
f 2841/4996/2320 2823/4993/1097 2824/4997/2310
f 2840/4995/1003 2841/4996/2320 2842/4998/2321
f 2842/4998/2321 2841/4996/2320 2824/4997/2310
f 2840/4995/1003 2842/4998/2321 2838/4990/909
f 2842/4998/2321 2824/4997/2310 2843/4999/2322
f 2844/5000/2323 2433/4994/1991 2838/4990/909
f 2838/4990/909 2842/4998/2321 2845/5001/2324
f 2838/4990/909 2845/5001/2324 2844/5000/2323
f 2842/4998/2321 2843/4999/2322 2846/5002/2325
f 2846/5002/2325 2843/4999/2322 2847/5003/2326
f 2846/5002/2325 2847/5003/2326 2848/5004/2327
f 2846/5002/2325 2848/5004/2327 2849/5005/2328
f 2842/4998/2321 2846/5002/2325 2850/5006/12
f 2842/4998/2321 2850/5006/12 2845/5001/2324
f 2850/5006/12 2846/5002/2325 2849/5005/2328
f 2845/5001/2324 2850/5006/12 2851/5007/2329
f 2851/5007/2329 2850/5006/12 2849/5005/2328
f 2845/5001/2324 2851/5007/2329 2844/5000/2323
f 2851/5007/2329 2849/5005/2328 2852/5008/2330
f 2851/5007/2329 2852/5008/2330 2844/5000/2323
f 2645/5009/2166 2433/4994/1991 2844/5000/2323
f 2645/5009/2166 2844/5000/2323 2852/5008/2330
f 2433/4994/1991 2645/5009/2166 2430/5010/1989
f 2645/5009/2166 2852/5008/2330 2853/5011/2331
f 2645/5009/2166 2853/5011/2331 2854/5012/2332
f 2853/5011/2331 2852/5008/2330 2644/5013/2165
f 2853/5011/2331 2644/5013/2165 2854/5012/2332
f 2644/5013/2165 2852/5008/2330 2639/5014/1031
f 2645/5009/2166 2854/5012/2332 2855/5015/2333
f 2645/5009/2166 2855/5015/2333 2644/5013/2165
f 2644/5013/2165 2855/5015/2333 2854/5012/2332
f 2330/5016/422 2395/5017/458 2329/5018/992
f 2433/5019/1991 2432/5020/1990 2724/5021/2227
f 2433/5019/1991 2724/5021/2227 2856/5022/2334
f 2856/5022/2334 2724/5021/2227 2725/5023/2228
f 2722/5024/25 2433/5019/1991 2857/5025/2335
f 2857/5025/2335 2433/5019/1991 2856/5022/2334
f 2856/5022/2334 2725/5023/2228 2858/5026/2336
f 2857/5025/2335 2856/5022/2334 2859/5027/2337
f 2857/5025/2335 2859/5027/2337 2860/5028/2338
f 2856/5022/2334 2858/5026/2336 2861/5029/2339
f 2856/5022/2334 2861/5029/2339 2859/5027/2337
f 2729/5030/2232 2858/5026/2336 2726/5031/2229
f 2858/5026/2336 2729/5030/2232 2861/5029/2339
f 2861/5029/2339 2729/5030/2232 2732/5032/2235
f 2861/5029/2339 2732/5032/2235 2734/5033/2237
f 2861/5029/2339 2734/5033/2237 2860/5028/2338
f 2862/5034/2340 2860/5028/2338 2859/5027/2337
f 2862/5034/2340 2859/5027/2337 2861/5029/2339
f 2862/5034/2340 2861/5029/2339 2860/5028/2338
f 2857/5035/2335 2863/5036/2341 2722/5037/25
f 2863/5036/2341 2857/5035/2335 2860/5038/2338
f 2722/5037/25 2863/5036/2341 2864/5039/2342
f 2863/5036/2341 2860/5038/2338 2865/5040/2343
f 2863/5036/2341 2865/5040/2343 2864/5039/2342
f 2722/5037/25 2864/5039/2342 2723/5041/2226
f 2865/5040/2343 2860/5038/2338 2734/5042/2237
f 2865/5040/2343 2734/5042/2237 2866/5043/2344
f 2866/5043/2344 2734/5042/2237 2733/5044/2236
f 2866/5043/2344 2733/5044/2236 2737/5045/2240
f 2866/5043/2344 2737/5045/2240 2865/5040/2343
f 2864/5039/2342 2865/5040/2343 2867/5046/306
f 2867/5046/306 2865/5040/2343 2737/5045/2240
f 2738/5047/2241 2723/5041/2226 2864/5039/2342
f 2738/5047/2241 2864/5039/2342 2867/5046/306
f 2738/5047/2241 2867/5046/306 2737/5045/2240
f 2723/5041/2226 2738/5047/2241 2727/5048/2230
f 2738/5047/2241 2737/5045/2240 2736/5049/2239
f 2004/5050/1638 2003/5051/1637 2820/5052/2309
f 2820/5052/2309 2003/5051/1637 2868/5053/980
f 2820/5052/2309 2868/5053/980 2869/5054/2345
f 2820/5052/2309 2869/5054/2345 2870/5055/2346
f 2870/5055/2346 2869/5054/2345 2871/5056/2347
f 2820/5052/2309 2870/5055/2346 2817/5057/2308
f 2820/5052/2309 2817/5057/2308 2805/5058/2296
f 2817/5057/2308 2870/5055/2346 2872/5059/458
f 2817/5057/2308 2872/5059/458 2873/5060/2348
f 2870/5055/2346 2871/5056/2347 2874/5061/2349
f 2870/5055/2346 2874/5061/2349 2872/5059/458
f 2873/5060/2348 2872/5059/458 2875/5062/2350
f 2875/5062/2350 2872/5059/458 2874/5061/2349
f 2873/5060/2348 2875/5062/2350 2876/5063/2351
f 2873/5060/2348 2876/5063/2351 2877/5064/2352
f 2877/5064/2352 2876/5063/2351 2878/5065/2353
f 2877/5064/2352 2878/5065/2353 2879/5066/2354
f 2878/5065/2353 2876/5063/2351 2880/5067/2355
f 2876/5063/2351 2875/5062/2350 2881/5068/2356
f 2876/5063/2351 2881/5068/2356 2880/5067/2355
f 2881/5068/2356 2875/5062/2350 2874/5061/2349
f 2880/5067/2355 2881/5068/2356 2784/5069/2278
f 2880/5067/2355 2784/5069/2278 2785/5070/2279
f 2784/5069/2278 2881/5068/2356 2780/5071/2275
f 2881/5068/2356 2874/5061/2349 2882/5072/2357
f 2881/5068/2356 2882/5072/2357 2780/5071/2275
f 2882/5072/2357 2874/5061/2349 2871/5056/2347
f 2780/5071/2275 2882/5072/2357 2779/5073/2274
f 2882/5072/2357 2871/5056/2347 2883/5074/2358
f 2882/5072/2357 2883/5074/2358 2779/5073/2274
f 2410/5075/1315 2884/5076/151 2667/5077/1607
f 2884/5076/151 2410/5075/1315 2412/5078/1631
f 2667/5077/1607 2884/5076/151 2885/5079/154
f 2884/5076/151 2412/5078/1631 2886/5080/1978
f 2884/5076/151 2886/5080/1978 2885/5079/154
f 2667/5077/1607 2885/5079/154 2668/5081/84
f 2668/5081/84 2885/5079/154 2887/5082/144
f 2668/5081/84 2887/5082/144 2385/5083/84
f 2887/5082/144 2885/5079/154 2888/5084/2359
f 2888/5084/2359 2885/5079/154 2889/5085/2360
f 2888/5084/2359 2889/5085/2360 2887/5082/144
f 2889/5085/2360 2885/5079/154 2886/5080/1978
f 2385/5083/84 2887/5082/144 2890/5086/153
f 2385/5083/84 2890/5086/153 2891/5087/2361
f 2891/5087/2361 2890/5086/153 2892/5088/16
f 2891/5087/2361 2892/5088/16 2893/5089/2362
f 2893/5089/2362 2892/5088/16 2894/5090/2363
f 2894/5090/2363 2892/5088/16 2890/5086/153
f 2890/5086/153 2887/5082/144 2895/5091/2364
f 2890/5086/153 2895/5091/2364 2894/5090/2363
f 2895/5091/2364 2887/5082/144 2889/5085/2360
f 2894/5090/2363 2895/5091/2364 2896/5092/2365
f 2894/5090/2363 2896/5092/2365 2897/5093/2366
f 2895/5091/2364 2889/5085/2360 2898/5094/2367
f 2898/5094/2367 2889/5085/2360 2886/5080/1978
f 2895/5091/2364 2898/5094/2367 2896/5092/2365
f 2898/5094/2367 2886/5080/1978 2899/5095/2368
f 2899/5095/2368 2886/5080/1978 2900/5096/2369
f 2898/5094/2367 2899/5095/2368 2901/5097/2370
f 2898/5094/2367 2901/5097/2370 2896/5092/2365
f 2899/5095/2368 2900/5096/2369 2902/5098/2371
f 2899/5095/2368 2902/5098/2371 2901/5097/2370
f 2902/5098/2371 2900/5096/2369 2903/5099/2372
f 2902/5098/2371 2903/5099/2372 2904/5100/2373
f 2901/5097/2370 2902/5098/2371 2905/5101/2374
f 2905/5101/2374 2902/5098/2371 2904/5100/2373
f 2896/5092/2365 2901/5097/2370 2906/5102/2375
f 2906/5102/2375 2901/5097/2370 2905/5101/2374
f 2905/5101/2374 2904/5100/2373 2907/5103/2376
f 2905/5101/2374 2907/5103/2376 2906/5102/2375
f 2907/5103/2376 2904/5100/2373 2908/5104/2377
f 2906/5102/2375 2907/5103/2376 2909/5105/2378
f 2909/5105/2378 2907/5103/2376 2910/5106/2379
f 2909/5105/2378 2910/5106/2379 2911/5107/2380
f 2909/5105/2378 2911/5107/2380 2912/5108/2381
f 2906/5102/2375 2909/5105/2378 2913/5109/2382
f 2906/5102/2375 2913/5109/2382 2896/5092/2365
f 2914/5110/2383 2915/5111/2384 2909/5105/2378
f 2896/5092/2365 2913/5109/2382 2916/5112/2385
f 2896/5092/2365 2916/5112/2385 2897/5093/2366
f 2913/5109/2382 2909/5105/2378 2917/5113/2386
f 2917/5113/2386 2909/5105/2378 2915/5111/2384
f 2913/5109/2382 2917/5113/2386 2916/5112/2385
f 2897/5093/2366 2916/5112/2385 2918/5114/2387
f 2918/5114/2387 2916/5112/2385 2917/5113/2386
f 2897/5093/2366 2918/5114/2387 2919/5115/2388
f 2919/5115/2388 2918/5114/2387 2920/5116/2389
f 2918/5114/2387 2917/5113/2386 2921/5117/2390
f 2917/5113/2386 2915/5111/2384 2922/5118/2391
f 2922/5118/2391 2915/5111/2384 2923/5119/2384
f 2917/5113/2386 2922/5118/2391 2924/5120/2392
f 2917/5113/2386 2924/5120/2392 2925/5121/2393
f 2925/5121/2393 2924/5120/2392 2926/5122/2394
f 2926/5122/2394 2924/5120/2392 2927/5123/2395
f 2924/5120/2392 2922/5118/2391 2928/5124/2396
f 2924/5120/2392 2928/5124/2396 2927/5123/2395
f 2928/5124/2396 2922/5118/2391 2929/5125/2397
f 2927/5123/2395 2928/5124/2396 2930/5126/458
f 2930/5126/458 2928/5124/2396 2929/5125/2397
f 2531/5127/98 2931/5128/2398 2249/5129/16
f 2249/5129/16 2931/5128/2398 2932/5130/30
f 2932/5130/30 2931/5128/2398 2933/5131/1879
f 2249/5129/16 2932/5130/30 2247/5132/1848
f 2932/5130/30 2933/5131/1879 2934/5133/2399
f 2247/5132/1848 2932/5130/30 2935/5134/2400
f 2934/5133/2399 2933/5131/1879 2793/5135/2284
f 2247/5132/1848 2935/5134/2400 2793/5135/2284
f 2247/5132/1848 2793/5135/2284 2246/5136/1847
f 2935/5134/2400 2932/5130/30 2936/5137/157
f 2936/5137/157 2932/5130/30 2934/5133/2399
f 2935/5134/2400 2936/5137/157 2793/5135/2284
f 2793/5135/2284 2936/5137/157 2934/5133/2399
f 2937/5138/2401 2382/5139/1960 2381/5140/1959
f 2382/5139/1960 2937/5138/2401 2938/5141/2402
f 2382/5139/1960 2938/5141/2402 2931/5142/2398
f 2382/5139/1960 2931/5142/2398 2377/5143/1955
f 2931/5142/2398 2938/5141/2402 2939/5144/2403
f 2931/5142/2398 2939/5144/2403 2940/5145/236
f 2940/5145/236 2939/5144/2403 2941/5146/2403
f 2941/5146/2403 2939/5144/2403 2942/5147/2404
f 2941/5146/2403 2942/5147/2404 2943/5148/2405
f 2941/5146/2403 2943/5148/2405 2940/5145/236
f 2940/5145/236 2943/5148/2405 2944/5149/262
f 2944/5149/262 2943/5148/2405 2945/5150/2406
f 2931/5142/2398 2940/5145/236 2946/5151/2360
f 2940/5145/236 2944/5149/262 2947/5152/2407
f 2940/5145/236 2947/5152/2407 2946/5151/2360
f 2947/5152/2407 2944/5149/262 2948/5153/2408
f 2931/5142/2398 2946/5151/2360 2933/5154/1879
f 2946/5151/2360 2947/5152/2407 2949/5155/1031
f 2946/5151/2360 2949/5155/1031 2933/5154/1879
f 2949/5155/1031 2947/5152/2407 2950/5156/89
f 2950/5156/89 2947/5152/2407 2948/5153/2408
f 2949/5155/1031 2950/5156/89 2933/5154/1879
f 2950/5156/89 2948/5153/2408 2786/5157/2280
f 2786/5157/2280 2948/5153/2408 2785/5158/2279
f 2950/5156/89 2786/5157/2280 2790/5159/1974
f 2950/5156/89 2790/5159/1974 2933/5154/1879
f 2933/5154/1879 2790/5159/1974 2793/5160/2284
f 2833/5161/2316 2829/5162/2313 2951/5163/2409
f 2833/5161/2316 2951/5163/2409 2835/5164/2317
f 2951/5163/2409 2829/5162/2313 2830/5165/2314
f 2835/5164/2317 2951/5163/2409 2952/5166/2410
f 2835/5164/2317 2952/5166/2410 2550/5167/2087
f 2952/5166/2410 2951/5163/2409 2953/5168/2411
f 2953/5168/2411 2951/5163/2409 2830/5165/2314
f 2953/5168/2411 2830/5165/2314 2954/5169/2412
f 2954/5169/2412 2830/5165/2314 2831/5170/2315
f 2954/5169/2412 2831/5170/2315 2832/5171/989
f 2954/5169/2412 2832/5171/989 2528/5172/2067
f 2385/5173/84 2955/5174/1958 2383/5175/1961
f 2955/5174/1958 2385/5173/84 2891/5176/2361
f 2383/5175/1961 2955/5174/1958 2956/5177/2413
f 2383/5175/1961 2956/5177/2413 2381/5178/1959
f 2381/5178/1959 2956/5177/2413 2937/5179/2401
f 2937/5179/2401 2956/5177/2413 2938/5180/2402
f 2956/5177/2413 2955/5174/1958 2957/5181/2414
f 2957/5181/2414 2955/5174/1958 2891/5176/2361
f 2956/5177/2413 2957/5181/2414 2938/5180/2402
f 2957/5181/2414 2891/5176/2361 2893/5182/2362
f 2938/5180/2402 2957/5181/2414 2942/5183/2404
f 2938/5180/2402 2942/5183/2404 2939/5184/2403
f 2957/5181/2414 2893/5182/2362 2958/5185/2415
f 2957/5181/2414 2958/5185/2415 2942/5183/2404
f 2958/5185/2415 2893/5182/2362 2894/5186/2363
f 2958/5185/2415 2894/5186/2363 2897/5187/2366
f 2958/5185/2415 2897/5187/2366 2919/5188/2388
f 2942/5183/2404 2958/5185/2415 2945/5189/2406
f 2942/5183/2404 2945/5189/2406 2943/5190/2405
f 2958/5185/2415 2919/5188/2388 2959/5191/2416
f 2958/5185/2415 2959/5191/2416 2945/5189/2406
f 2959/5191/2416 2919/5188/2388 2920/5192/2389
f 2945/5189/2406 2959/5191/2416 2944/5193/262
f 2377/5194/1955 2931/5195/2398 2531/5196/98
f 2519/5197/2058 2549/5198/2086 2960/5199/2417
f 2519/5197/2058 2960/5199/2417 2832/5200/989
f 2960/5199/2417 2549/5198/2086 2836/5201/2318
f 2832/5200/989 2960/5199/2417 2528/5202/2067
f 2528/5202/2067 2960/5199/2417 2836/5201/2318
f 2528/5202/2067 2836/5201/2318 2961/5203/2418
f 2961/5203/2418 2836/5201/2318 2550/5204/2087
f 2961/5203/2418 2550/5204/2087 2548/5205/2085
f 2961/5203/2418 2548/5205/2085 2528/5202/2067
f 2528/5202/2067 2548/5205/2085 2962/5206/2419
f 2528/5202/2067 2962/5206/2419 2517/5207/2056
f 2517/5207/2056 2962/5206/2419 2511/5208/2051
f 2511/5208/2051 2962/5206/2419 2519/5209/2058
f 2519/5209/2058 2962/5206/2419 2548/5205/2085
f 2519/5209/2058 2548/5205/2085 2549/5210/2086
f 2726/5211/2229 2963/5212/2420 2725/5213/2228
f 2725/5213/2228 2963/5212/2420 2964/5214/2421
f 2964/5214/2421 2963/5212/2420 2965/5215/2422
f 2725/5213/2228 2964/5214/2421 2966/5216/2423
f 2725/5213/2228 2966/5216/2423 2858/5217/2336
f 2964/5214/2421 2965/5215/2422 2967/5218/2424
f 2967/5218/2424 2965/5215/2422 2968/5219/2425
f 2966/5216/2423 2964/5214/2421 2969/5220/2426
f 2969/5220/2426 2964/5214/2421 2967/5218/2424
f 2858/5217/2336 2966/5216/2423 2970/5221/2427
f 2970/5221/2427 2966/5216/2423 2969/5220/2426
f 2858/5217/2336 2970/5221/2427 2726/5222/2229
f 2726/5222/2229 2970/5221/2427 2963/5223/2420
f 2963/5223/2420 2970/5221/2427 2969/5220/2426
f 2963/5223/2420 2969/5220/2426 2971/5224/2428
f 2971/5224/2428 2969/5220/2426 2967/5218/2424
f 2963/5223/2420 2971/5224/2428 2965/5225/2422
f 2965/5225/2422 2971/5224/2428 2972/5226/2429
f 2972/5226/2429 2971/5224/2428 2973/5227/2430
f 2973/5227/2430 2971/5224/2428 2967/5218/2424
f 2973/5227/2430 2967/5218/2424 2968/5219/2425
f 2973/5227/2430 2968/5219/2425 2974/5228/2431
f 2973/5227/2430 2974/5228/2431 2975/5229/2432
f 2975/5229/2432 2974/5228/2431 2976/5230/2433
f 2385/5231/84 2384/5232/1962 2668/5233/84
f 2763/5234/422 2471/5235/1184 2470/5236/757
f 2415/5237/149 1835/5238/14 2977/5239/140
f 2977/5239/140 1835/5238/14 2642/5240/30
f 2415/5237/149 2977/5239/140 2978/5241/144
f 2977/5239/140 2642/5240/30 2979/5242/86
f 2978/5241/144 2977/5239/140 2980/5243/2434
f 2980/5243/2434 2977/5239/140 2979/5242/86
f 2641/5244/234 2981/5245/152 2642/5240/30
f 2642/5240/30 2981/5245/152 2979/5242/86
f 2980/5243/2434 2979/5242/86 2982/5246/2435
f 2980/5243/2434 2982/5246/2435 2978/5241/144
f 2979/5242/86 2981/5245/152 2983/5247/2436
f 2983/5247/2436 2981/5245/152 2984/5248/1189
f 2984/5248/1189 2981/5245/152 2985/5249/22
f 2979/5242/86 2983/5247/2436 2986/5250/2437
f 2986/5250/2437 2983/5247/2436 2984/5248/1189
f 2979/5242/86 2986/5250/2437 2982/5246/2435
f 2986/5250/2437 2984/5248/1189 2987/5251/2438
f 2986/5250/2437 2987/5251/2438 2988/5252/2439
f 2988/5252/2439 2987/5251/2438 2989/5253/2440
f 2988/5252/2439 2989/5253/2440 2911/5254/2380
f 2988/5252/2439 2911/5254/2380 2910/5255/2379
f 2988/5252/2439 2910/5255/2379 2990/5256/2441
f 2990/5256/2441 2910/5255/2379 2907/5257/2376
f 2990/5256/2441 2907/5257/2376 2908/5258/2377
f 2990/5256/2441 2908/5258/2377 2988/5252/2439
f 2986/5250/2437 2988/5252/2439 2991/5259/2442
f 2991/5259/2442 2988/5252/2439 2908/5258/2377
f 2986/5250/2437 2991/5259/2442 2982/5246/2435
f 2991/5259/2442 2908/5258/2377 2992/5260/2443
f 2991/5259/2442 2992/5260/2443 2982/5246/2435
f 2992/5260/2443 2908/5258/2377 2904/5261/2373
f 2982/5246/2435 2992/5260/2443 2978/5241/144
f 2992/5260/2443 2904/5261/2373 2903/5262/2372
f 2992/5260/2443 2903/5262/2372 2978/5241/144
f 2978/5241/144 2903/5262/2372 2993/5263/236
f 2978/5241/144 2993/5263/236 2415/5237/149
f 2993/5263/236 2903/5262/2372 2900/5264/2369
f 2415/5237/149 2993/5263/236 2412/5265/1631
f 2993/5263/236 2900/5264/2369 2886/5266/1978
f 2993/5263/236 2886/5266/1978 2412/5265/1631
f 2965/5267/2422 2972/5268/2429 2994/5269/2444
f 2965/5267/2422 2994/5269/2444 2968/5270/2425
f 2994/5269/2444 2972/5268/2429 2975/5271/2432
f 2975/5271/2432 2972/5268/2429 2973/5272/2430
f 2994/5269/2444 2975/5271/2432 2995/5273/2445
f 2995/5273/2445 2975/5271/2432 2976/5274/2433
f 2968/5270/2425 2994/5269/2444 2996/5275/2446
f 2996/5275/2446 2994/5269/2444 2995/5273/2445
f 2968/5270/2425 2996/5275/2446 2974/5276/2431
f 2996/5275/2446 2995/5273/2445 2997/5277/2447
f 2974/5276/2431 2996/5275/2446 2976/5278/2433
f 2976/5278/2433 2996/5275/2446 2997/5277/2447
f 2995/5279/2445 2998/5280/2448 2997/5281/2447
f 2997/5281/2447 2998/5280/2448 2976/5282/2433
f 2999/5283/2449 2639/5284/1031 2852/5285/2330
f 2999/5283/2449 2852/5285/2330 2849/5286/2328
f 2999/5283/2449 2849/5286/2328 2848/5287/2327
f 2639/5284/1031 2999/5283/2449 3000/5288/148
f 2639/5284/1031 3000/5288/148 2640/5289/14
f 2999/5283/2449 2848/5287/2327 3001/5290/2450
f 2999/5283/2449 3001/5290/2450 3000/5288/148
f 3001/5290/2450 2848/5287/2327 2847/5291/2326
f 2640/5289/14 3000/5288/148 2641/5292/234
f 2641/5292/234 3000/5288/148 2985/5293/22
f 2641/5292/234 2985/5293/22 2981/5294/152
f 2985/5293/22 3000/5288/148 3002/5295/2451
f 3002/5295/2451 3000/5288/148 3003/5296/30
f 3002/5295/2451 3003/5296/30 2985/5293/22
f 3003/5296/30 3000/5288/148 3001/5290/2450
f 2985/5293/22 3003/5296/30 2987/5297/2438
f 2987/5297/2438 3003/5296/30 3001/5290/2450
f 2985/5293/22 2987/5297/2438 2984/5298/1189
f 2987/5297/2438 3001/5290/2450 3004/5299/2452
f 3004/5299/2452 3001/5290/2450 2847/5291/2326
f 2987/5297/2438 3004/5299/2452 2989/5300/2440
f 3004/5299/2452 2847/5291/2326 3005/5301/2453
f 3005/5301/2453 2847/5291/2326 3006/5302/2454
f 2989/5300/2440 3004/5299/2452 3007/5303/2455
f 3007/5303/2455 3004/5299/2452 3005/5301/2453
f 2989/5300/2440 3007/5303/2455 2912/5304/2381
f 2989/5300/2440 2912/5304/2381 2911/5305/2380
f 3007/5303/2455 3005/5301/2453 3008/5306/2456
f 3007/5303/2455 3008/5306/2456 2912/5304/2381
f 3008/5306/2456 3005/5301/2453 3006/5302/2454
f 2912/5304/2381 3008/5306/2456 3009/5307/2457
f 3008/5306/2456 3006/5302/2454 3010/5308/2458
f 3008/5306/2456 3010/5308/2458 3009/5307/2457
f 2466/5309/2020 2347/5310/1935 2350/5311/1937
f 2466/5309/2020 2350/5311/1937 2465/5312/2019
f 2347/5310/1935 2466/5309/2020 2345/5313/1933
f 2345/5313/1933 2466/5309/2020 2464/5314/992
f 2759/5315/2262 2681/5316/2194 2679/5317/2192
f 2681/5316/2194 2759/5315/2262 3011/5318/2459
f 3011/5318/2459 2759/5315/2262 2757/5319/2260
f 2756/5320/2259 3012/5321/2460 2757/5319/2260
f 2757/5319/2260 3012/5321/2460 3011/5318/2459
f 3011/5318/2459 3012/5321/2460 3013/5322/2461
f 3013/5322/2461 3012/5321/2460 3014/5323/2462
f 2681/5316/2194 3011/5318/2459 3015/5324/2463
f 3011/5318/2459 3013/5322/2461 3016/5325/2464
f 3011/5318/2459 3016/5325/2464 3015/5324/2463
f 2681/5316/2194 3015/5324/2463 3017/5326/334
f 2681/5316/2194 3017/5326/334 2680/5327/2193
f 3015/5324/2463 3016/5325/2464 3018/5328/2465
f 3018/5328/2465 3016/5325/2464 3019/5329/2466
f 3018/5328/2465 3019/5329/2466 3020/5330/2467
f 3018/5328/2465 3020/5330/2467 3015/5324/2463
f 3019/5329/2466 3016/5325/2464 3021/5331/2468
f 3019/5329/2466 3021/5331/2468 3020/5330/2467
f 3021/5331/2468 3016/5325/2464 3022/5332/2469
f 3022/5332/2469 3016/5325/2464 3013/5322/2461
f 3020/5330/2467 3021/5331/2468 3023/5333/2470
f 3023/5333/2470 3021/5331/2468 3022/5332/2469
f 3022/5332/2469 3013/5322/2461 3024/5334/2471
f 3022/5332/2469 3024/5334/2471 3023/5333/2470
f 3024/5334/2471 3013/5322/2461 3025/5335/2472
f 3024/5334/2471 3025/5335/2472 3026/5336/2473
f 3024/5334/2471 3026/5336/2473 3027/5337/2474
f 3024/5334/2471 3027/5337/2474 3023/5333/2470
f 3023/5333/2470 3027/5337/2474 3028/5338/2475
f 3029/5339/2476 3020/5330/2467 3023/5333/2470
f 3029/5339/2476 3023/5333/2470 3028/5338/2475
f 3020/5330/2467 3029/5339/2476 3015/5324/2463
f 3029/5339/2476 3028/5338/2475 3030/5340/2477
f 3015/5324/2463 3029/5339/2476 3031/5341/2478
f 3031/5341/2478 3029/5339/2476 3030/5340/2477
f 3015/5324/2463 3031/5341/2478 3032/5342/2479
f 3015/5324/2463 3032/5342/2479 3017/5326/334
f 3032/5342/2479 3031/5341/2478 3033/5343/2480
f 3017/5326/334 3032/5342/2479 3034/5344/2481
f 3032/5342/2479 3033/5343/2480 3035/5345/2482
f 3032/5342/2479 3035/5345/2482 3034/5344/2481
f 3035/5345/2482 3033/5343/2480 3036/5346/2483
f 3036/5346/2483 3033/5343/2480 3031/5341/2478
f 3035/5345/2482 3036/5346/2483 3037/5347/2484
f 3035/5345/2482 3037/5347/2484 3034/5344/2481
f 3034/5344/2481 3037/5347/2484 3038/5348/2485
f 3037/5347/2484 3036/5346/2483 3039/5349/2486
f 3034/5344/2481 3038/5348/2485 3040/5350/2487
f 3041/5351/2488 3017/5326/334 3034/5344/2481
f 3017/5326/334 3041/5351/2488 3040/5350/2487
f 3040/5350/2487 3041/5351/2488 3034/5344/2481
f 3042/5352/2489 3036/5346/2483 3031/5341/2478
f 3036/5346/2483 3042/5352/2489 3039/5349/2486
f 3042/5352/2489 3031/5341/2478 3030/5340/2477
f 3039/5349/2486 3042/5352/2489 3043/5353/2490
f 3042/5352/2489 3030/5340/2477 3044/5354/2491
f 3042/5352/2489 3044/5354/2491 3043/5353/2490
f 3043/5353/2490 3044/5354/2491 3045/5355/2492
f 2003/5356/1637 2636/5357/759 2868/5358/980
f 2868/5358/980 2636/5357/759 3046/5359/2493
f 3046/5359/2493 2636/5357/759 2770/5360/2269
f 3046/5359/2493 2770/5360/2269 2774/5361/2272
f 3046/5359/2493 2774/5361/2272 3047/5362/2494
f 3046/5359/2493 3047/5362/2494 3048/5363/2495
f 3046/5359/2493 3048/5363/2495 3049/5364/2496
f 3049/5364/2496 3048/5363/2495 3050/5365/2497
f 2976/5366/2433 2998/5367/2448 2995/5368/2445
f 3051/5369/2498 3052/5370/2499 3053/5371/2500
f 3053/5371/2500 3052/5370/2499 3054/5372/2501
f 3051/5369/2498 3053/5371/2500 3055/5373/2502
f 3055/5373/2502 3053/5371/2500 3054/5372/2501
f 3051/5369/2498 3055/5373/2502 3052/5370/2499
f 3054/5372/2501 3052/5370/2499 3056/5374/2503
f 3056/5374/2503 3052/5370/2499 3055/5373/2502
f 3056/5374/2503 3055/5373/2502 3057/5375/2218
f 3056/5374/2503 3057/5375/2218 3058/5376/2504
f 3057/5375/2218 3055/5373/2502 2952/5377/2410
f 3057/5375/2218 2952/5377/2410 2953/5378/2411
f 2706/5379/631 2707/5380/2212 3059/5381/2505
f 3059/5381/2505 2707/5380/2212 2710/5382/2215
f 3059/5381/2505 2710/5382/2215 3060/5383/2506
f 3060/5383/2506 2710/5382/2215 2797/5384/2287
f 3060/5383/2506 2797/5384/2287 2802/5385/2293
f 3060/5383/2506 2802/5385/2293 2807/5386/2298
f 3060/5383/2506 2807/5386/2298 3059/5381/2505
f 3059/5381/2505 2807/5386/2298 2683/5387/2196
f 2683/5387/2196 2807/5386/2298 2756/5388/2259
f 3059/5381/2505 2683/5387/2196 2706/5379/631
f 2706/5379/631 2683/5387/2196 2680/5389/2193
f 2706/5379/631 2680/5389/2193 3017/5390/334
f 2706/5379/631 3017/5390/334 3040/5391/2487
f 2706/5379/631 3040/5391/2487 2705/5392/2211
f 2705/5392/2211 3040/5391/2487 3038/5393/2485
f 2705/5392/2211 3038/5393/2485 3061/5394/2507
f 3061/5394/2507 3038/5393/2485 3062/5395/2508
f 3061/5394/2507 3062/5395/2508 3063/5396/2509
f 3062/5395/2508 3038/5393/2485 3064/5397/2510
f 3062/5395/2508 3064/5397/2510 3065/5398/2511
f 3062/5395/2508 3065/5398/2511 3066/5399/2512
f 3066/5399/2512 3065/5398/2511 3067/5400/2513
f 3067/5400/2513 3065/5398/2511 3064/5397/2510
f 3067/5400/2513 3064/5397/2510 3068/5401/2514
f 3067/5400/2513 3068/5401/2514 3069/5402/2515
f 3069/5402/2515 3068/5401/2514 3070/5403/2516
f 3069/5402/2515 3070/5403/2516 3071/5404/2517
f 3071/5404/2517 3070/5403/2516 3072/5405/2518
f 3070/5403/2516 3068/5401/2514 3073/5406/2519
f 3070/5403/2516 3073/5406/2519 3072/5405/2518
f 3072/5405/2518 3073/5406/2519 3074/5407/2520
f 3072/5405/2518 3074/5407/2520 2926/5408/2394
f 2926/5408/2394 3074/5407/2520 3075/5409/2521
f 3074/5407/2520 3073/5406/2519 3076/5410/2522
f 3076/5410/2522 3073/5406/2519 3077/5411/2523
f 3076/5410/2522 3077/5411/2523 3078/5412/2524
f 3074/5407/2520 3076/5410/2522 3079/5413/2525
f 3076/5410/2522 3078/5412/2524 3080/5414/2526
f 3079/5413/2525 3076/5410/2522 3081/5415/2527
f 3081/5415/2527 3076/5410/2522 3080/5414/2526
f 3082/5416/2528 3080/5414/2526 3079/5413/2525
f 3080/5414/2526 3082/5416/2528 3081/5415/2527
f 3081/5415/2527 3082/5416/2528 3079/5413/2525
f 3083/5417/2254 3054/5418/2501 3084/5419/2529
f 3084/5419/2529 3054/5418/2501 3056/5420/2503
f 3084/5419/2529 3056/5420/2503 3058/5421/2504
f 3054/5418/2501 3083/5417/2254 3055/5422/2502
f 3084/5419/2529 3058/5421/2504 3085/5423/2530
f 3085/5423/2530 3058/5421/2504 3086/5424/2531
f 3084/5419/2529 3085/5423/2530 3087/5425/2532
f 3084/5419/2529 3087/5425/2532 3083/5417/2254
f 3087/5425/2532 3085/5423/2530 3088/5426/2533
f 3087/5425/2532 3088/5426/2533 3089/5427/845
f 3087/5425/2532 3089/5427/845 3090/5428/2534
f 3087/5425/2532 3090/5428/2534 3083/5417/2254
f 3083/5417/2254 3090/5428/2534 3091/5429/2535
f 3092/5430/332 3055/5422/2502 3083/5417/2254
f 3092/5430/332 3083/5417/2254 3091/5429/2535
f 3055/5422/2502 3092/5430/332 2952/5431/2410
f 3092/5430/332 3091/5429/2535 3093/5432/2536
f 2952/5431/2410 3092/5430/332 3094/5433/2537
f 3092/5430/332 3093/5432/2536 3095/5434/2538
f 3092/5430/332 3095/5434/2538 3094/5433/2537
f 2952/5431/2410 3094/5433/2537 2550/5435/2087
f 2550/5435/2087 3094/5433/2537 2551/5436/2088
f 3095/5434/2538 3093/5432/2536 3096/5437/2539
f 3095/5434/2538 3096/5437/2539 3094/5433/2537
f 3096/5437/2539 3093/5432/2536 3097/5438/2540
f 2551/5436/2088 3094/5433/2537 2553/5439/2090
f 2553/5439/2090 3094/5433/2537 3096/5437/2539
f 3096/5437/2539 3097/5438/2540 3098/5440/2541
f 3096/5437/2539 3098/5440/2541 2553/5439/2090
f 3098/5440/2541 3097/5438/2540 3099/5441/2542
f 2553/5439/2090 3098/5440/2541 2559/5442/2096
f 2553/5439/2090 2559/5442/2096 2554/5443/2091
f 3098/5440/2541 3099/5441/2542 3100/5444/2543
f 3098/5440/2541 3100/5444/2543 2559/5442/2096
f 3100/5444/2543 3099/5441/2542 3101/5445/2544
f 3100/5444/2543 3101/5445/2544 3102/5446/2545
f 2559/5442/2096 3100/5444/2543 2561/5447/2098
f 2559/5442/2096 2561/5447/2098 2558/5448/2095
f 2953/5449/2411 3103/5450/2546 3057/5451/2218
f 3103/5450/2546 2953/5449/2411 2954/5452/2412
f 3103/5450/2546 2954/5452/2412 2528/5453/2067
f 3057/5451/2218 3103/5450/2546 3058/5454/2504
f 3103/5450/2546 2528/5453/2067 2527/5455/2066
f 3103/5450/2546 2527/5455/2066 3104/5456/2547
f 3058/5454/2504 3103/5450/2546 3105/5457/2548
f 3058/5454/2504 3105/5457/2548 3086/5458/2531
f 3103/5450/2546 3104/5456/2547 3106/5459/2549
f 3103/5450/2546 3106/5459/2549 3105/5457/2548
f 3104/5456/2547 2527/5455/2066 3107/5460/2550
f 3104/5456/2547 3107/5460/2550 3106/5459/2549
f 3107/5460/2550 2527/5455/2066 3108/5461/2551
f 3107/5460/2550 3108/5461/2551 3109/5462/2552
f 3107/5460/2550 3109/5462/2552 3110/5463/2553
f 3107/5460/2550 3110/5463/2553 3106/5459/2549
f 3106/5459/2549 3110/5463/2553 3105/5457/2548
f 3105/5457/2548 3110/5463/2553 3111/5464/2554
f 3105/5457/2548 3111/5464/2554 3086/5458/2531
f 3086/5458/2531 3111/5464/2554 3112/5465/2555
f 3086/5458/2531 3112/5465/2555 3085/5466/2530
f 3085/5466/2530 3112/5465/2555 3113/5467/2556
f 3085/5466/2530 3113/5467/2556 3088/5468/2533
f 3113/5467/2556 3112/5465/2555 3114/5469/2557
f 3012/5470/2460 2756/5471/2259 2807/5472/2298
f 3012/5470/2460 2807/5472/2298 3014/5473/2462
f 3014/5473/2462 2807/5472/2298 2806/5474/2297
f 3115/5475/2558 2705/5476/2211 3061/5477/2507
f 2705/5476/2211 3115/5475/2558 2708/5478/2213
f 2708/5478/2213 3115/5475/2558 3116/5479/2559
f 3115/5475/2558 3061/5477/2507 3117/5480/2560
f 3117/5480/2560 3061/5477/2507 3063/5481/2509
f 3117/5480/2560 3063/5481/2509 3118/5482/2561
f 3116/5479/2559 3115/5475/2558 3119/5483/2562
f 3116/5479/2559 3119/5483/2562 3120/5484/2563
f 3120/5484/2563 3119/5483/2562 3075/5485/2521
f 3075/5485/2521 3119/5483/2562 2925/5486/2393
f 3075/5485/2521 2925/5486/2393 2926/5487/2394
f 2925/5486/2393 3119/5483/2562 3121/5488/2564
f 3121/5488/2564 3119/5483/2562 3115/5475/2558
f 3121/5488/2564 3115/5475/2558 3117/5480/2560
f 3079/5489/2525 3117/5480/2560 3118/5482/2561
f 3117/5480/2560 3079/5489/2525 3121/5488/2564
f 3079/5489/2525 3118/5482/2561 3074/5490/2520
f 3121/5488/2564 3079/5489/2525 3122/5491/2565
f 3122/5491/2565 3079/5489/2525 3080/5492/2526
f 3090/5493/2534 3123/5494/2566 3091/5495/2535
f 3091/5495/2535 3123/5494/2566 3093/5496/2536
f 3093/5496/2536 3123/5494/2566 3097/5497/2540
f 3123/5494/2566 3090/5493/2534 3124/5498/2567
f 3124/5498/2567 3090/5493/2534 3089/5499/845
f 3124/5498/2567 3089/5499/845 3125/5500/2568
f 3123/5494/2566 3124/5498/2567 3126/5501/1423
f 3126/5501/1423 3124/5498/2567 3125/5500/2568
f 3123/5494/2566 3126/5501/1423 3127/5502/2569
f 3126/5501/1423 3125/5500/2568 3128/5503/2570
f 3127/5502/2569 3126/5501/1423 3129/5504/1405
f 3129/5504/1405 3126/5501/1423 3128/5503/2570
f 3129/5504/1405 3128/5503/2570 3130/5505/2571
f 3027/5506/2474 3131/5507/2572 3028/5508/2475
f 3131/5507/2572 3027/5506/2474 3026/5509/2473
f 3131/5507/2572 3026/5509/2473 3132/5510/2573
f 3131/5507/2572 3132/5510/2573 3133/5511/2574
f 3132/5510/2573 3026/5509/2473 3134/5512/2575
f 3133/5511/2574 3132/5510/2573 3135/5513/2576
f 3133/5511/2574 3135/5513/2576 3136/5514/2577
f 3136/5514/2577 3135/5513/2576 3137/5515/2578
f 3137/5515/2578 3135/5513/2576 3138/5516/2579
f 3135/5513/2576 3132/5510/2573 3139/5517/2580
f 3135/5513/2576 3139/5517/2580 3138/5516/2579
f 3132/5510/2573 3134/5512/2575 3140/5518/2581
f 3132/5510/2573 3140/5518/2581 3139/5517/2580
f 3141/5519/2582 3134/5512/2575 3026/5509/2473
f 3134/5512/2575 3141/5519/2582 3140/5518/2581
f 3138/5516/2579 3139/5517/2580 3142/5520/2583
f 3141/5519/2582 3026/5509/2473 3025/5521/2472
f 3138/5516/2579 3142/5520/2583 3143/5522/2584
f 3142/5520/2583 3139/5517/2580 3144/5523/2585
f 3142/5520/2583 3144/5523/2585 3143/5522/2584
f 3145/5524/2586 3139/5517/2580 3140/5518/2581
f 3139/5517/2580 3145/5524/2586 3144/5523/2585
f 3146/5525/2587 3140/5518/2581 3141/5519/2582
f 3140/5518/2581 3146/5525/2587 3145/5524/2586
f 3146/5525/2587 3141/5519/2582 3147/5526/2588
f 3146/5525/2587 3147/5526/2588 3145/5524/2586
f 3144/5523/2585 3145/5524/2586 3148/5527/963
f 3149/5528/2433 3143/5522/2584 3144/5523/2585
f 3149/5528/2433 3144/5523/2585 3148/5527/963
f 3148/5527/963 3145/5524/2586 3150/5529/2589
f 3150/5529/2589 3145/5524/2586 3147/5526/2588
f 3148/5527/963 3150/5529/2589 3149/5528/2433
f 3149/5528/2433 3150/5529/2589 3151/5530/2590
f 3149/5528/2433 3151/5530/2590 3143/5522/2584
f 3151/5530/2590 3150/5529/2589 3147/5526/2588
f 3152/5531/2591 3147/5526/2588 3141/5519/2582
f 3147/5526/2588 3152/5531/2591 3151/5530/2590
f 3143/5522/2584 3151/5530/2590 3153/5532/2592
f 3153/5532/2592 3151/5530/2590 3152/5531/2591
f 3143/5522/2584 3153/5532/2592 3154/5533/2593
f 3154/5533/2593 3153/5532/2592 3155/5534/2594
f 3155/5534/2594 3153/5532/2592 3156/5535/2433
f 3156/5535/2433 3153/5532/2592 3152/5531/2591
f 3155/5534/2594 3156/5535/2433 3157/5536/2595
f 3157/5536/2595 3156/5535/2433 3158/5537/2596
f 3158/5537/2596 3156/5535/2433 3152/5531/2591
f 3157/5536/2595 3158/5537/2596 3159/5538/530
f 3158/5537/2596 3152/5531/2591 3160/5539/2597
f 3158/5537/2596 3160/5539/2597 3159/5538/530
f 3160/5539/2597 3152/5531/2591 3141/5519/2582
f 3159/5538/530 3160/5539/2597 3014/5540/2462
f 3160/5539/2597 3141/5519/2582 3025/5521/2472
f 3014/5540/2462 3160/5539/2597 3013/5541/2461
f 3013/5541/2461 3160/5539/2597 3025/5521/2472
f 2463/5542/2018 3161/5543/2598 2488/5544/2034
f 3161/5543/2598 2463/5542/2018 3162/5545/2599
f 3162/5545/2599 2463/5542/2018 2465/5546/2019
f 3163/5547/2600 2465/5546/2019 2350/5548/1937
f 2465/5546/2019 3163/5547/2600 3162/5545/2599
f 3164/5549/2601 3163/5547/2600 3165/5550/2602
f 3163/5547/2600 3164/5549/2601 3162/5545/2599
f 3162/5545/2599 3164/5549/2601 3114/5551/2557
f 3112/5552/2555 3166/5553/111 3114/5551/2557
f 3114/5551/2557 3166/5553/111 3162/5545/2599
f 3162/5545/2599 3166/5553/111 3167/5554/2603
f 3167/5554/2603 3166/5553/111 3161/5543/2598
f 3162/5545/2599 3167/5554/2603 3168/5555/2604
f 3168/5555/2604 3167/5554/2603 3161/5543/2598
f 3169/5556/2605 3161/5543/2598 3162/5545/2599
f 3161/5543/2598 3169/5556/2605 3168/5555/2604
f 3168/5555/2604 3169/5556/2605 3162/5545/2599
f 3014/5557/2462 2806/5558/2297 3159/5559/530
f 3159/5559/530 2806/5558/2297 3170/5560/2606
f 3170/5560/2606 2806/5558/2297 2809/5561/2300
f 3159/5559/530 3170/5560/2606 3171/5562/2607
f 3159/5559/530 3171/5562/2607 3157/5563/2595
f 3157/5563/2595 3171/5562/2607 3155/5564/2594
f 3155/5564/2594 3171/5562/2607 3172/5565/1051
f 3155/5564/2594 3172/5565/1051 2811/5566/2302
f 3172/5565/1051 3171/5562/2607 3173/5567/1438
f 3172/5565/1051 3173/5567/1438 2811/5566/2302
f 3173/5567/1438 3171/5562/2607 3170/5560/2606
f 2811/5566/2302 3173/5567/1438 2809/5561/2300
f 3174/5568/2608 3170/5560/2606 2809/5561/2300
f 3170/5560/2606 3174/5568/2608 3173/5567/1438
f 3173/5567/1438 3174/5568/2608 2809/5561/2300
f 3175/5569/422 3028/5570/2475 3133/5571/2574
f 3133/5571/2574 3028/5570/2475 3131/5572/2572
f 3028/5570/2475 3175/5569/422 3176/5573/845
f 3028/5570/2475 3176/5573/845 3030/5574/2477
f 3175/5569/422 3133/5571/2574 3177/5575/2609
f 3175/5569/422 3177/5575/2609 3176/5573/845
f 3030/5574/2477 3176/5573/845 3044/5576/2491
f 3177/5575/2609 3133/5571/2574 3136/5577/2577
f 3044/5576/2491 3176/5573/845 3178/5578/1461
f 3044/5576/2491 3178/5578/1461 3045/5579/2492
f 3045/5579/2492 3178/5578/1461 3179/5580/2610
f 3178/5578/1461 3176/5573/845 3180/5581/2611
f 3178/5578/1461 3180/5581/2611 3179/5580/2610
f 3180/5581/2611 3176/5573/845 3177/5575/2609
f 3179/5580/2610 3180/5581/2611 3181/5582/2612
f 3179/5580/2610 3181/5582/2612 3182/5583/2613
f 3180/5581/2611 3177/5575/2609 3183/5584/2614
f 3180/5581/2611 3183/5584/2614 3181/5582/2612
f 3181/5582/2612 3183/5584/2614 3184/5585/2615
f 3181/5582/2612 3184/5585/2615 3185/5586/2616
f 3183/5584/2614 3177/5575/2609 3186/5587/2617
f 3184/5585/2615 3183/5584/2614 3187/5588/2618
f 3184/5585/2615 3187/5588/2618 3185/5586/2616
f 3187/5588/2618 3183/5584/2614 3186/5587/2617
f 3186/5587/2617 3177/5575/2609 3188/5589/2386
f 3186/5587/2617 3188/5589/2386 3187/5588/2618
f 3188/5589/2386 3177/5575/2609 3136/5577/2577
f 3185/5586/2616 3187/5588/2618 3189/5590/2619
f 3185/5586/2616 3189/5590/2619 3190/5591/2620
f 3187/5588/2618 3188/5589/2386 3191/5592/2621
f 3188/5589/2386 3136/5577/2577 3192/5593/2622
f 3188/5589/2386 3192/5593/2622 3191/5592/2621
f 3192/5593/2622 3136/5577/2577 3137/5594/2578
f 3187/5588/2618 3191/5592/2621 3193/5595/2623
f 3187/5588/2618 3193/5595/2623 3189/5590/2619
f 3191/5592/2621 3192/5593/2622 3194/5596/2624
f 3192/5593/2622 3137/5594/2578 3195/5597/2625
f 3192/5593/2622 3195/5597/2625 3194/5596/2624
f 3195/5597/2625 3137/5594/2578 3154/5598/2593
f 3154/5598/2593 3137/5594/2578 3138/5599/2579
f 3154/5598/2593 3138/5599/2579 3143/5600/2584
f 3195/5597/2625 3154/5598/2593 3196/5601/2626
f 3196/5601/2626 3154/5598/2593 3155/5602/2594
f 3195/5597/2625 3196/5601/2626 3194/5596/2624
f 3197/5603/2627 3196/5601/2626 3198/5604/2628
f 3196/5601/2626 3197/5603/2627 3199/5605/2629
f 3196/5601/2626 3199/5605/2629 3194/5596/2624
f 3199/5605/2629 3197/5603/2627 3200/5606/786
f 3194/5596/2624 3199/5605/2629 3201/5607/2630
f 3199/5605/2629 3200/5606/786 3202/5608/2631
f 3202/5608/2631 3200/5606/786 3190/5591/2620
f 3202/5608/2631 3190/5591/2620 3189/5590/2619
f 3199/5605/2629 3202/5608/2631 3203/5609/2632
f 3203/5609/2632 3202/5608/2631 3189/5590/2619
f 3199/5605/2629 3203/5609/2632 3201/5607/2630
f 3203/5609/2632 3189/5590/2619 3204/5610/2633
f 3194/5596/2624 3201/5607/2630 3205/5611/2634
f 3205/5611/2634 3201/5607/2630 3203/5609/2632
f 3194/5596/2624 3205/5611/2634 3191/5592/2621
f 3204/5610/2633 3189/5590/2619 3193/5595/2623
f 3206/5612/2635 3193/5595/2623 3191/5592/2621
f 3206/5612/2635 3191/5592/2621 3205/5611/2634
f 3203/5609/2632 3204/5610/2633 3207/5613/2636
f 3207/5613/2636 3204/5610/2633 3193/5595/2623
f 3203/5609/2632 3207/5613/2636 3205/5611/2634
f 3193/5595/2623 3206/5612/2635 3208/5614/2637
f 3193/5595/2623 3208/5614/2637 3207/5613/2636
f 3208/5614/2637 3206/5612/2635 3205/5611/2634
f 3205/5611/2634 3207/5613/2636 3209/5615/2638
f 3209/5615/2638 3207/5613/2636 3208/5614/2637
f 3209/5615/2638 3208/5614/2637 3205/5611/2634
f 3111/5616/2554 3210/5617/117 2488/5618/2034
f 3111/5616/2554 2488/5618/2034 3166/5619/111
f 3166/5619/111 2488/5618/2034 3161/5620/2598
f 3111/5616/2554 3166/5619/111 3112/5621/2555
f 2488/5618/2034 3210/5617/117 2489/5622/2035
f 2489/5622/2035 3210/5617/117 2490/5623/2036
f 2490/5623/2036 3210/5617/117 2366/5624/1947
f 3211/5625/2639 2363/5626/1945 2366/5624/1947
f 3211/5625/2639 2366/5624/1947 3210/5617/117
f 3212/5627/2640 3210/5617/117 3111/5616/2554
f 3212/5627/2640 3111/5616/2554 3110/5628/2553
f 3211/5625/2639 3210/5617/117 3213/5629/2641
f 3211/5625/2639 3213/5629/2641 3214/5630/2642
f 3212/5627/2640 3110/5628/2553 3215/5631/2643
f 3210/5617/117 3212/5627/2640 3216/5632/2644
f 3210/5617/117 3216/5632/2644 3213/5629/2641
f 3216/5632/2644 3212/5627/2640 3215/5631/2643
f 3215/5631/2643 3110/5628/2553 3217/5633/2645
f 3213/5629/2641 3216/5632/2644 3218/5634/16
f 3213/5629/2641 3218/5634/16 3219/5635/266
f 3216/5632/2644 3215/5631/2643 3220/5636/2646
f 3216/5632/2644 3220/5636/2646 3218/5634/16
f 3215/5631/2643 3217/5633/2645 3221/5637/2647
f 3220/5636/2646 3215/5631/2643 3222/5638/2648
f 3222/5638/2648 3215/5631/2643 3221/5637/2647
f 3221/5637/2647 3217/5633/2645 3223/5639/2649
f 3221/5637/2647 3223/5639/2649 3222/5638/2648
f 3222/5638/2648 3223/5639/2649 3220/5636/2646
f 3223/5639/2649 3217/5633/2645 3224/5640/2650
f 3220/5636/2646 3223/5639/2649 3225/5641/22
f 3225/5641/22 3223/5639/2649 3224/5640/2650
f 3220/5636/2646 3225/5641/22 3218/5634/16
f 3225/5641/22 3224/5640/2650 3226/5642/2651
f 3227/5643/1962 3219/5635/266 3218/5634/16
f 3227/5643/1962 3218/5634/16 3225/5641/22
f 3219/5635/266 3227/5643/1962 3228/5644/16
f 3228/5644/16 3227/5643/1962 3229/5645/2652
f 3225/5641/22 3226/5642/2651 3230/5646/2653
f 3230/5646/2653 3226/5642/2651 3231/5647/2654
f 3227/5643/1962 3225/5641/22 3232/5648/2655
f 3232/5648/2655 3225/5641/22 3230/5646/2653
f 3229/5645/2652 3227/5643/1962 3233/5649/2656
f 3233/5649/2656 3227/5643/1962 3232/5648/2655
f 3229/5645/2652 3233/5649/2656 3234/5650/2657
f 3230/5646/2653 3231/5647/2654 3235/5651/2658
f 3230/5646/2653 3235/5651/2658 3232/5648/2655
f 3235/5651/2658 3231/5647/2654 3236/5652/2659
f 3232/5648/2655 3235/5651/2658 3237/5653/2660
f 3237/5653/2660 3235/5651/2658 3236/5652/2659
f 3232/5648/2655 3237/5653/2660 3233/5649/2656
f 3234/5650/2657 3233/5649/2656 3238/5654/2378
f 3238/5654/2378 3233/5649/2656 3237/5653/2660
f 3238/5654/2378 3237/5653/2660 3236/5652/2659
f 3234/5650/2657 3238/5654/2378 3239/5655/2661
f 3239/5655/2661 3238/5654/2378 3236/5652/2659
f 3239/5655/2661 3236/5652/2659 3240/5656/2662
f 3239/5655/2661 3240/5656/2662 3241/5657/2663
f 3241/5657/2663 3240/5656/2662 3242/5658/2664
f 3242/5658/2664 3240/5656/2662 3243/5659/2665
f 3242/5658/2664 3243/5659/2665 3244/5660/2666
f 3241/5657/2663 3242/5658/2664 3164/5661/2601
f 3164/5661/2601 3242/5658/2664 3244/5660/2666
f 3241/5657/2663 3164/5661/2601 3245/5662/2667
f 3164/5661/2601 3244/5660/2666 3246/5663/1922
f 3164/5661/2601 3246/5663/1922 3114/5664/2557
f 3246/5663/1922 3244/5660/2666 3113/5665/2556
f 3246/5663/1922 3113/5665/2556 3114/5664/2557
f 2349/5666/1936 2351/5667/1938 3247/5668/311
f 2349/5666/1936 3247/5668/311 3248/5669/2668
f 2349/5666/1936 3248/5669/2668 2350/5670/1937
f 3247/5668/311 2351/5667/1938 3249/5671/26
f 2350/5670/1937 3248/5669/2668 3250/5672/180
f 3248/5669/2668 3247/5668/311 3251/5673/2669
f 3248/5669/2668 3251/5673/2669 3250/5672/180
f 3165/5674/2602 3163/5675/2600 2350/5670/1937
f 3165/5674/2602 2350/5670/1937 3250/5672/180
f 3247/5668/311 3249/5671/26 3252/5676/315
f 3247/5668/311 3252/5676/315 3251/5673/2669
f 3165/5674/2602 3250/5672/180 3253/5677/2670
f 3165/5674/2602 3253/5677/2670 3254/5678/2671
f 3254/5678/2671 3253/5677/2670 3255/5679/2672
f 3255/5679/2672 3253/5677/2670 3256/5680/2673
f 3256/5680/2673 3253/5677/2670 3182/5681/2613
f 3182/5681/2613 3253/5677/2670 3179/5682/2610
f 3179/5682/2610 3253/5677/2670 3045/5683/2492
f 3045/5683/2492 3253/5677/2670 3250/5672/180
f 3045/5683/2492 3250/5672/180 3257/5684/2674
f 3257/5684/2674 3250/5672/180 3251/5673/2669
f 3045/5683/2492 3257/5684/2674 3043/5685/2490
f 3257/5684/2674 3251/5673/2669 3258/5686/2675
f 3257/5684/2674 3258/5686/2675 3043/5685/2490
f 3258/5686/2675 3251/5673/2669 3252/5676/315
f 3043/5685/2490 3258/5686/2675 3039/5687/2486
f 3039/5687/2486 3258/5686/2675 3252/5676/315
f 3039/5687/2486 3252/5676/315 3259/5688/2676
f 3259/5688/2676 3252/5676/315 3249/5671/26
f 3039/5687/2486 3259/5688/2676 3037/5689/2484
f 3259/5688/2676 3249/5671/26 3260/5690/619
f 3260/5690/619 3249/5671/26 2351/5667/1938
f 3259/5688/2676 3260/5690/619 3261/5691/2677
f 3259/5688/2676 3261/5691/2677 3037/5689/2484
f 3260/5690/619 2351/5667/1938 3262/5692/2678
f 3261/5691/2677 3260/5690/619 3263/5693/2679
f 3263/5693/2679 3260/5690/619 3262/5692/2678
f 3262/5692/2678 2351/5667/1938 2356/5694/1942
f 3261/5691/2677 3263/5693/2679 3264/5695/2680
f 3264/5695/2680 3263/5693/2679 3262/5692/2678
f 3037/5689/2484 3261/5691/2677 3265/5696/2681
f 3265/5696/2681 3261/5691/2677 3264/5695/2680
f 3064/5697/2510 3038/5698/2485 3037/5689/2484
f 3262/5692/2678 2356/5694/1942 3214/5699/2642
f 3214/5699/2642 2356/5694/1942 2363/5700/1945
f 3214/5699/2642 2363/5700/1945 3211/5701/2639
f 3262/5692/2678 3214/5699/2642 3266/5702/2682
f 3262/5692/2678 3266/5702/2682 3264/5695/2680
f 3266/5702/2682 3214/5699/2642 3213/5703/2641
f 3264/5695/2680 3266/5702/2682 3267/5704/144
f 3264/5695/2680 3267/5704/144 3265/5696/2681
f 3266/5702/2682 3213/5703/2641 3268/5705/22
f 3266/5702/2682 3268/5705/22 3267/5704/144
f 3268/5705/22 3213/5703/2641 3219/5706/266
f 3268/5705/22 3219/5706/266 3269/5707/256
f 3269/5707/256 3219/5706/266 3228/5708/16
f 3269/5707/256 3228/5708/16 3268/5705/22
f 3268/5705/22 3228/5708/16 3267/5704/144
f 3267/5704/144 3228/5708/16 3270/5709/2683
f 3270/5709/2683 3228/5708/16 3229/5710/2652
f 3270/5709/2683 3229/5710/2652 3271/5711/2684
f 3271/5711/2684 3229/5710/2652 3234/5712/2657
f 3270/5709/2683 3271/5711/2684 3272/5713/2685
f 3270/5709/2683 3272/5713/2685 3267/5704/144
f 3272/5713/2685 3271/5711/2684 3273/5714/2686
f 3267/5704/144 3272/5713/2685 3274/5715/2687
f 3267/5704/144 3274/5715/2687 3265/5696/2681
f 3077/5716/2523 3073/5717/2519 3272/5713/2685
f 3272/5713/2685 3073/5717/2519 3275/5718/2688
f 3272/5713/2685 3275/5718/2688 3274/5715/2687
f 3275/5718/2688 3073/5717/2519 3068/5719/2514
f 3275/5718/2688 3068/5719/2514 3064/5697/2510
f 3265/5696/2681 3274/5715/2687 3276/5720/2689
f 3276/5720/2689 3274/5715/2687 3275/5718/2688
f 3265/5696/2681 3276/5720/2689 3277/5721/2690
f 3275/5718/2688 3064/5697/2510 3277/5721/2690
f 3265/5696/2681 3277/5721/2690 3037/5689/2484
f 3037/5689/2484 3277/5721/2690 3064/5697/2510
f 3275/5718/2688 3277/5721/2690 3278/5722/2691
f 3278/5722/2691 3277/5721/2690 3276/5720/2689
f 3278/5722/2691 3276/5720/2689 3275/5718/2688
f 3279/5723/2692 3280/5724/464 3123/5725/2566
f 3123/5725/2566 3280/5724/464 3097/5726/2540
f 3279/5723/2692 3123/5725/2566 3127/5727/2569
f 3097/5726/2540 3280/5724/464 3281/5728/2693
f 3097/5726/2540 3281/5728/2693 3099/5729/2542
f 3279/5723/2692 3127/5727/2569 3129/5730/1405
f 3099/5729/2542 3281/5728/2693 3282/5731/2694
f 3099/5729/2542 3282/5731/2694 3101/5732/2544
f 3281/5728/2693 3280/5724/464 3283/5733/2695
f 3283/5733/2695 3280/5724/464 3279/5723/2692
f 3281/5728/2693 3283/5733/2695 3282/5731/2694
f 3101/5732/2544 3282/5731/2694 3102/5734/2545
f 3283/5733/2695 3279/5723/2692 3284/5735/2696
f 3284/5735/2696 3279/5723/2692 3129/5730/1405
f 3282/5731/2694 3283/5733/2695 3285/5736/2697
f 3285/5736/2697 3283/5733/2695 3284/5735/2696
f 3102/5734/2545 3282/5731/2694 3286/5737/2698
f 3286/5737/2698 3282/5731/2694 3285/5736/2697
f 3285/5736/2697 3284/5735/2696 3287/5738/1139
f 3285/5736/2697 3287/5738/1139 3286/5737/2698
f 3287/5738/1139 3284/5735/2696 3129/5730/1405
f 3102/5734/2545 3286/5737/2698 3288/5739/2699
f 3288/5739/2699 3286/5737/2698 3287/5738/1139
f 3288/5739/2699 3287/5738/1139 3129/5730/1405
f 3102/5734/2545 3288/5739/2699 3128/5740/2570
f 3288/5739/2699 3129/5730/1405 3130/5741/2571
f 3288/5739/2699 3130/5741/2571 3128/5740/2570
f 2768/5742/2268 2708/5743/2213 3289/5744/2700
f 3289/5744/2700 2708/5743/2213 3116/5745/2559
f 2768/5742/2268 3289/5744/2700 3290/5746/2701
f 2768/5742/2268 3290/5746/2701 3291/5747/2702
f 3291/5747/2702 3290/5746/2701 2930/5748/458
f 3290/5746/2701 3289/5744/2700 3292/5749/2703
f 3292/5749/2703 3289/5744/2700 3116/5745/2559
f 3290/5746/2701 3292/5749/2703 2930/5748/458
f 3292/5749/2703 3116/5745/2559 3120/5750/2563
f 3292/5749/2703 3120/5750/2563 3293/5751/2704
f 2930/5748/458 3292/5749/2703 3294/5752/2705
f 3294/5752/2705 3292/5749/2703 3293/5751/2704
f 2930/5748/458 3294/5752/2705 2927/5753/2395
f 2927/5753/2395 3294/5752/2705 3293/5751/2704
f 3295/5754/2706 2769/5755/314 2768/5756/2268
f 2769/5755/314 3295/5754/2706 2530/5757/2069
f 3295/5754/2706 2768/5756/2268 3291/5758/2702
f 2530/5757/2069 3295/5754/2706 3296/5759/2707
f 3296/5759/2707 3295/5754/2706 3291/5758/2702
f 2530/5757/2069 3296/5759/2707 3297/5760/2708
f 2530/5757/2069 3297/5760/2708 2529/5761/2068
f 3297/5760/2708 3296/5759/2707 3298/5762/2709
f 3296/5759/2707 3291/5758/2702 3299/5763/2710
f 3296/5759/2707 3299/5763/2710 3298/5762/2709
f 3299/5763/2710 3291/5758/2702 2930/5764/458
f 3299/5763/2710 2930/5764/458 2929/5765/2397
f 3298/5762/2709 3299/5763/2710 3300/5766/2711
f 3298/5762/2709 3300/5766/2711 3301/5767/2712
f 3299/5763/2710 2929/5765/2397 3302/5768/2713
f 3299/5763/2710 3302/5768/2713 3300/5766/2711
f 3302/5768/2713 2929/5765/2397 3303/5769/2714
f 3300/5766/2711 3302/5768/2713 3304/5770/2715
f 3304/5770/2715 3302/5768/2713 3303/5769/2714
f 3108/5771/2551 3297/5772/2708 3305/5773/2716
f 3305/5773/2716 3297/5772/2708 3298/5774/2709
f 3305/5773/2716 3298/5774/2709 3306/5775/2717
f 3306/5775/2717 3298/5774/2709 3301/5776/2712
f 3306/5775/2717 3301/5776/2712 3307/5777/2718
f 3297/5772/2708 3108/5771/2551 3308/5778/2719
f 3297/5772/2708 3308/5778/2719 2529/5779/2068
f 3308/5778/2719 3108/5771/2551 3309/5780/2720
f 3309/5780/2720 3108/5771/2551 2527/5781/2066
f 3308/5778/2719 3309/5780/2720 3310/5782/2721
f 3308/5778/2719 3310/5782/2721 3311/5783/2722
f 3310/5782/2721 3309/5780/2720 3312/5784/2723
f 3310/5782/2721 3312/5784/2723 3311/5783/2722
f 3311/5783/2722 3312/5784/2723 3304/5785/2715
f 3304/5785/2715 3312/5784/2723 3313/5786/2724
f 3304/5785/2715 3313/5786/2724 3300/5787/2711
f 3313/5786/2724 3312/5784/2723 3314/5788/2725
f 3300/5787/2711 3313/5786/2724 3301/5789/2712
f 3313/5786/2724 3314/5788/2725 3307/5790/2718
f 3313/5786/2724 3307/5790/2718 3301/5789/2712
f 2765/5791/2726 2761/5792/2726 3315/5793/2726
f 3066/5794/2512 3293/5795/2704 3062/5796/2508
f 3293/5795/2704 3066/5794/2512 3069/5797/2515
f 3069/5797/2515 3066/5794/2512 3067/5798/2513
f 3293/5795/2704 3069/5797/2515 3316/5799/2727
f 3293/5795/2704 3316/5799/2727 2927/5800/2395
f 3316/5799/2727 3069/5797/2515 3071/5801/2517
f 2927/5800/2395 3316/5799/2727 2926/5802/2394
f 3316/5799/2727 3071/5801/2517 3072/5803/2518
f 3316/5799/2727 3072/5803/2518 2926/5802/2394
f 3109/5804/2552 3108/5805/2551 3305/5806/2716
f 3109/5804/2552 3305/5806/2716 3306/5807/2717
f 3110/5808/2553 3109/5804/2552 3217/5809/2645
f 3217/5809/2645 3109/5804/2552 3317/5810/873
f 3317/5810/873 3109/5804/2552 3306/5807/2717
f 3217/5809/2645 3317/5810/873 3224/5811/2650
f 3224/5811/2650 3317/5810/873 3226/5812/2651
f 3317/5810/873 3306/5807/2717 3318/5813/2728
f 3317/5810/873 3318/5813/2728 3226/5812/2651
f 3318/5813/2728 3306/5807/2717 3307/5814/2718
f 3318/5813/2728 3307/5814/2718 3314/5815/2725
f 3226/5812/2651 3318/5813/2728 3319/5816/2729
f 3319/5816/2729 3318/5813/2728 3314/5815/2725
f 3319/5816/2729 3314/5815/2725 3320/5817/2730
f 3226/5812/2651 3319/5816/2729 3231/5818/2654
f 3319/5816/2729 3320/5817/2730 3321/5819/2731
f 3319/5816/2729 3321/5819/2731 3231/5818/2654
f 3231/5818/2654 3321/5819/2731 3322/5820/2732
f 3231/5818/2654 3322/5820/2732 3323/5821/2733
f 3322/5820/2732 3321/5819/2731 3324/5822/2734
f 3322/5820/2732 3324/5822/2734 3325/5823/2735
f 3322/5820/2732 3325/5823/2735 3326/5824/2736
f 3325/5823/2735 3324/5822/2734 3327/5825/2378
f 3325/5823/2735 3327/5825/2378 3326/5824/2736
f 3327/5825/2378 3324/5822/2734 3328/5826/2737
f 3326/5824/2736 3327/5825/2378 3329/5827/823
f 3329/5827/823 3327/5825/2378 3328/5826/2737
f 3329/5827/823 3328/5826/2737 2568/5828/681
f 3326/5824/2736 3329/5827/823 3330/5829/2738
f 3329/5827/823 2568/5828/681 2569/5830/2105
f 3329/5827/823 2569/5830/2105 3330/5829/2738
f 3330/5829/2738 2569/5830/2105 3331/5831/2739
f 3330/5829/2738 3331/5831/2739 3332/5832/2740
f 3332/5832/2740 3331/5831/2739 3333/5833/2741
f 3333/5833/2741 3331/5831/2739 3334/5834/2742
f 3331/5831/2739 2569/5830/2105 3335/5835/2743
f 3331/5831/2739 3335/5835/2743 3334/5834/2742
f 3335/5835/2743 2569/5830/2105 3336/5836/2744
f 3336/5836/2744 2569/5830/2105 2563/5837/2100
f 3336/5836/2744 2563/5837/2100 2561/5838/2098
f 3335/5835/2743 3336/5836/2744 3337/5839/2745
f 3337/5839/2745 3336/5836/2744 2561/5838/2098
f 3335/5835/2743 3337/5839/2745 3334/5834/2742
f 3337/5839/2745 2561/5838/2098 3100/5840/2543
f 3334/5834/2742 3337/5839/2745 3102/5841/2545
f 3102/5841/2545 3337/5839/2745 3100/5840/2543
f 3293/5842/2704 3120/5843/2563 3062/5844/2508
f 3062/5844/2508 3120/5843/2563 3063/5845/2509
f 3063/5845/2509 3120/5843/2563 3338/5846/2746
f 3063/5845/2509 3338/5846/2746 3118/5847/2561
f 3338/5846/2746 3120/5843/2563 3339/5848/2747
f 3338/5846/2746 3339/5848/2747 3118/5847/2561
f 3339/5848/2747 3120/5843/2563 3075/5849/2521
f 3118/5847/2561 3339/5848/2747 3074/5850/2520
f 3074/5850/2520 3339/5848/2747 3075/5849/2521
f 3309/5851/2720 2527/5852/2066 2529/5853/2068
f 3309/5851/2720 2529/5853/2068 3340/5854/2748
f 3340/5854/2748 2529/5853/2068 3308/5855/2719
f 3340/5854/2748 3308/5855/2719 3311/5856/2722
f 3340/5854/2748 3311/5856/2722 3304/5857/2715
f 3340/5854/2748 3304/5857/2715 3303/5858/2714
f 3340/5854/2748 3303/5858/2714 3341/5859/2749
f 3340/5854/2748 3341/5859/2749 3342/5860/2750
f 3309/5851/2720 3340/5854/2748 3320/5861/2730
f 3309/5851/2720 3320/5861/2730 3312/5862/2723
f 3312/5862/2723 3320/5861/2730 3314/5863/2725
f 3046/5864/2493 3049/5865/2496 3343/5866/2751
f 3343/5866/2751 3049/5865/2496 3050/5867/2497
f 3343/5866/2751 3050/5867/2497 3046/5864/2493
f 3046/5864/2493 3050/5867/2497 3344/5868/2752
f 3344/5868/2752 3050/5867/2497 3048/5869/2495
f 2868/5870/980 3344/5871/2752 2869/5872/2345
f 3344/5871/2752 2868/5870/980 3046/5873/2493
f 2869/5872/2345 3344/5871/2752 3048/5874/2495
f 2869/5872/2345 3048/5874/2495 3345/5875/2753
f 3345/5875/2753 3048/5874/2495 3346/5876/2754
f 3346/5876/2754 3048/5874/2495 3047/5877/2494
f 3346/5876/2754 3047/5877/2494 3345/5875/2753
f 2869/5872/2345 3345/5875/2753 3347/5878/272
f 2869/5872/2345 3347/5878/272 2871/5879/2347
f 3345/5875/2753 3047/5877/2494 3348/5880/1639
f 3345/5875/2753 3348/5880/1639 3347/5878/272
f 2871/5879/2347 3347/5878/272 3349/5881/2755
f 3349/5881/2755 3347/5878/272 3348/5880/1639
f 3349/5881/2755 3348/5880/1639 3047/5877/2494
f 2871/5879/2347 3349/5881/2755 2883/5882/2358
f 2883/5882/2358 3349/5881/2755 2779/5883/2274
f 3349/5881/2755 3047/5877/2494 3350/5884/2756
f 3349/5881/2755 3350/5884/2756 2779/5883/2274
f 3350/5884/2756 3047/5877/2494 2774/5885/2272
f 2779/5883/2274 3350/5884/2756 2775/5886/87
f 2775/5886/87 3350/5884/2756 2774/5885/2272
f 3089/5887/845 3088/5888/2533 3351/5889/1922
f 3089/5887/845 3351/5889/1922 3352/5890/2757
f 3089/5887/845 3352/5890/2757 3125/5891/2568
f 3351/5889/1922 3088/5888/2533 3353/5892/2758
f 3353/5892/2758 3088/5888/2533 3113/5893/2556
f 3353/5892/2758 3113/5893/2556 3244/5894/2666
f 3353/5892/2758 3244/5894/2666 3354/5895/2759
f 3353/5892/2758 3354/5895/2759 3351/5889/1922
f 3354/5895/2759 3244/5894/2666 3243/5896/2665
f 3351/5889/1922 3354/5895/2759 3355/5897/2760
f 3351/5889/1922 3355/5897/2760 3352/5890/2757
f 3355/5897/2760 3354/5895/2759 3356/5898/2761
f 3354/5895/2759 3243/5896/2665 3357/5899/2762
f 3354/5895/2759 3357/5899/2762 3356/5898/2761
f 3357/5899/2762 3243/5896/2665 3240/5900/2662
f 3357/5899/2762 3240/5900/2662 3236/5901/2659
f 3357/5899/2762 3236/5901/2659 3323/5902/2733
f 3323/5902/2733 3236/5901/2659 3231/5903/2654
f 3357/5899/2762 3323/5902/2733 3322/5904/2732
f 3356/5898/2761 3357/5899/2762 3358/5905/2763
f 3358/5905/2763 3357/5899/2762 3322/5904/2732
f 3356/5898/2761 3358/5905/2763 3355/5897/2760
f 3358/5905/2763 3322/5904/2732 3326/5906/2736
f 3359/5907/2764 3352/5890/2757 3355/5897/2760
f 3359/5907/2764 3355/5897/2760 3358/5905/2763
f 3352/5890/2757 3359/5907/2764 3360/5908/2765
f 3359/5907/2764 3358/5905/2763 3361/5909/2766
f 3359/5907/2764 3361/5909/2766 3360/5908/2765
f 3352/5890/2757 3360/5908/2765 3362/5910/2767
f 3352/5890/2757 3362/5910/2767 3125/5891/2568
f 3360/5908/2765 3361/5909/2766 3363/5911/2768
f 3360/5908/2765 3363/5911/2768 3362/5910/2767
f 3125/5891/2568 3362/5910/2767 3364/5912/2769
f 3364/5912/2769 3362/5910/2767 3363/5911/2768
f 3125/5891/2568 3364/5912/2769 3128/5913/2570
f 3365/5914/2770 3361/5909/2766 3358/5905/2763
f 3128/5913/2570 3364/5912/2769 3366/5915/2771
f 3128/5913/2570 3366/5915/2771 3102/5916/2545
f 3102/5916/2545 3366/5915/2771 3334/5917/2742
f 3334/5917/2742 3366/5915/2771 3333/5918/2741
f 3366/5915/2771 3364/5912/2769 3367/5919/2772
f 3366/5915/2771 3367/5919/2772 3333/5918/2741
f 3367/5919/2772 3364/5912/2769 3363/5911/2768
f 3333/5918/2741 3367/5919/2772 3332/5920/2740
f 3332/5920/2740 3367/5919/2772 3363/5911/2768
f 3368/5921/2773 3363/5911/2768 3361/5909/2766
f 3368/5921/2773 3361/5909/2766 3365/5914/2770
f 3363/5911/2768 3368/5921/2773 3369/5922/2774
f 3332/5920/2740 3363/5911/2768 3370/5923/2775
f 3370/5923/2775 3363/5911/2768 3369/5922/2774
f 3332/5920/2740 3370/5923/2775 3330/5924/2738
f 3369/5922/2774 3368/5921/2773 3371/5925/2776
f 3369/5922/2774 3371/5925/2776 3370/5923/2775
f 3371/5925/2776 3368/5921/2773 3372/5926/2777
f 3372/5926/2777 3368/5921/2773 3365/5914/2770
f 3371/5925/2776 3372/5926/2777 3373/5927/2778
f 3373/5927/2778 3372/5926/2777 3365/5914/2770
f 3371/5925/2776 3373/5927/2778 3370/5923/2775
f 3370/5923/2775 3326/5906/2736 3330/5924/2738
f 3373/5927/2778 3365/5914/2770 3374/5928/2779
f 3373/5927/2778 3374/5928/2779 3370/5923/2775
f 3326/5906/2736 3370/5923/2775 3375/5929/2780
f 3375/5929/2780 3370/5923/2775 3374/5928/2779
f 3326/5906/2736 3375/5929/2780 3376/5930/2781
f 3376/5930/2781 3375/5929/2780 3374/5928/2779
f 3376/5930/2781 3374/5928/2779 3365/5914/2770
f 3326/5906/2736 3376/5930/2781 3358/5905/2763
f 3358/5905/2763 3376/5930/2781 3365/5914/2770
f 3245/5931/2667 3164/5932/2601 3165/5933/2602
f 3245/5931/2667 3165/5933/2602 3254/5934/2671
f 3245/5931/2667 3254/5934/2671 3241/5935/2663
f 3241/5935/2663 3254/5934/2671 3377/5936/2383
f 3377/5936/2383 3254/5934/2671 3255/5937/2672
f 3377/5936/2383 3255/5937/2672 3256/5938/2673
f 3241/5935/2663 3377/5936/2383 3378/5939/2661
f 3241/5935/2663 3378/5939/2661 3239/5940/2661
f 3377/5936/2383 3256/5938/2673 3379/5941/2782
f 3379/5941/2782 3256/5938/2673 3182/5942/2613
f 3379/5941/2782 3182/5942/2613 3181/5943/2612
f 3378/5939/2661 3377/5936/2383 3380/5944/2378
f 3378/5939/2661 3380/5944/2378 3239/5940/2661
f 3380/5944/2378 3377/5936/2383 3379/5941/2782
f 3239/5940/2661 3380/5944/2378 3271/5945/2684
f 3239/5940/2661 3271/5945/2684 3234/5946/2657
f 3271/5945/2684 3380/5944/2378 3273/5947/2686
f 3273/5947/2686 3380/5944/2378 3379/5941/2782
f 3273/5947/2686 3379/5941/2782 3181/5943/2612
f 3273/5947/2686 3181/5943/2612 3381/5948/2783
f 3381/5948/2783 3181/5943/2612 3185/5949/2616
f 3273/5947/2686 3381/5948/2783 3382/5950/2784
f 3382/5950/2784 3381/5948/2783 3185/5949/2616
f 3273/5947/2686 3382/5950/2784 3272/5951/2685
f 3272/5951/2685 3382/5950/2784 3077/5952/2523
f 3077/5952/2523 3382/5950/2784 3185/5949/2616
f 3077/5952/2523 3185/5949/2616 3190/5953/2620
f 3077/5952/2523 3190/5953/2620 3078/5954/2524
f 3078/5954/2524 3190/5953/2620 3383/5955/2105
f 3384/5956/2785 2810/5957/2301 2812/5958/2303
f 2810/5957/2301 3384/5956/2785 2811/5959/2302
f 2811/5959/2302 3384/5956/2785 3385/5960/2786
f 3385/5960/2786 3384/5956/2785 2873/5961/2348
f 3384/5956/2785 2812/5958/2303 3386/5962/2787
f 3384/5956/2785 3386/5962/2787 2873/5961/2348
f 3386/5962/2787 2812/5958/2303 2814/5963/2305
f 2873/5961/2348 3386/5962/2787 3387/5964/2788
f 2873/5961/2348 3387/5964/2788 2817/5965/2308
f 3386/5962/2787 2814/5963/2305 3388/5966/2789
f 3386/5962/2787 3388/5966/2789 3387/5964/2788
f 3387/5964/2788 3388/5966/2789 2817/5965/2308
f 3388/5966/2789 2814/5963/2305 2816/5967/2307
f 3388/5966/2789 2816/5967/2307 2817/5965/2308
f 3009/5968/2790 3389/5969/2790 3010/5970/2790
f 2929/5971/2397 3390/5972/2791 3303/5973/2714
f 3390/5972/2791 2929/5971/2397 2922/5974/2391
f 3390/5972/2791 2922/5974/2391 2923/5975/2384
f 3303/5973/2714 3390/5972/2791 3341/5976/2749
f 3341/5976/2749 3390/5972/2791 2923/5975/2384
f 3341/5976/2749 2923/5975/2384 2914/5977/2383
f 2914/5977/2383 2923/5975/2384 2915/5978/2384
f 3341/5976/2749 2914/5977/2383 3391/5979/2386
f 3341/5976/2749 3391/5979/2386 3342/5980/2750
f 3391/5979/2386 2914/5977/2383 2909/5981/2378
f 3391/5979/2386 2909/5981/2378 3009/5982/2457
f 3009/5982/2457 2909/5981/2378 2912/5983/2381
f 3342/5980/2750 3391/5979/2386 3392/5984/2792
f 3392/5984/2792 3391/5979/2386 3009/5982/2457
f 3342/5980/2750 3392/5984/2792 3393/5985/2793
f 3392/5984/2792 3009/5982/2457 3394/5986/2794
f 3394/5986/2794 3009/5982/2457 3010/5987/2458
f 3394/5986/2794 3010/5987/2458 3006/5988/2454
f 3394/5986/2794 3006/5988/2454 2847/5989/2326
f 3394/5986/2794 2847/5989/2326 2843/5990/2322
f 3393/5985/2793 3392/5984/2792 3395/5991/2795
f 3395/5991/2795 3392/5984/2792 3394/5986/2794
f 3395/5991/2795 3394/5986/2794 2843/5990/2322
f 3393/5985/2793 3395/5991/2795 3396/5992/2796
f 3396/5992/2796 3395/5991/2795 2843/5990/2322
f 3396/5992/2796 2843/5990/2322 2824/5993/2310
f 3393/5994/2793 3397/5995/2797 3398/5996/2798
f 3397/5995/2797 3393/5994/2793 3396/5997/2796
f 3397/5995/2797 3396/5997/2796 2824/5998/2310
f 3393/5994/2793 3398/5996/2798 3342/5999/2750
f 3397/5995/2797 2824/5998/2310 2663/6000/2180
f 3342/5999/2750 3398/5996/2798 3399/6001/2799
f 3342/5999/2750 3399/6001/2799 3400/6002/2800
f 3400/6002/2800 3399/6001/2799 3398/5996/2798
f 3342/5999/2750 3400/6002/2800 3340/6003/2748
f 3340/6003/2748 3400/6002/2800 3401/6004/2801
f 3401/6004/2801 3400/6002/2800 2574/6005/2110
f 2574/6005/2110 3400/6002/2800 2577/6006/2113
f 2577/6006/2113 3400/6002/2800 2578/6007/2114
f 2578/6007/2114 3400/6002/2800 2665/6008/2182
f 2665/6008/2182 3400/6002/2800 3398/5996/2798
f 2665/6008/2182 3398/5996/2798 3397/5995/2797
f 2665/6008/2182 3397/5995/2797 2663/6000/2180
f 2665/6008/2182 2663/6000/2180 2664/6009/2181
f 2664/6009/2181 2663/6000/2180 2662/6010/2179
f 2917/6011/2386 2925/6012/2393 2921/6013/2390
f 2921/6013/2390 2925/6012/2393 3122/6014/2565
f 3122/6014/2565 2925/6012/2393 3121/6015/2564
f 3401/6016/2801 3320/6017/2730 3340/6018/2748
f 3320/6017/2730 3401/6016/2801 3321/6019/2731
f 3321/6019/2731 3401/6016/2801 3324/6020/2734
f 3324/6020/2734 3401/6016/2801 2574/6021/2110
f 3324/6020/2734 2574/6021/2110 2573/6022/2109
f 3324/6020/2734 2573/6022/2109 3328/6023/2737
f 3328/6023/2737 2573/6022/2109 2568/6024/681
f 2918/6025/2387 2921/6026/2390 3402/6027/2802
f 3402/6027/2802 2921/6026/2390 3122/6028/2565
f 2918/6025/2387 3402/6027/2802 3403/6029/2803
f 3403/6029/2803 3402/6027/2802 3122/6028/2565
f 2918/6025/2387 3403/6029/2803 3404/6030/2804
f 2918/6025/2387 3404/6030/2804 2920/6031/2389
f 2920/6031/2389 3404/6030/2804 2959/6032/2416
f 2959/6032/2416 3404/6030/2804 3405/6033/2805
f 2959/6032/2416 3405/6033/2805 3406/6034/2806
f 2959/6032/2416 3406/6034/2806 2944/6035/262
f 3405/6033/2805 3404/6030/2804 3407/6036/2807
f 3405/6033/2805 3407/6036/2807 3406/6034/2806
f 2944/6035/262 3406/6034/2806 2948/6037/2408
f 3407/6036/2807 3404/6030/2804 3408/6038/2808
f 3408/6038/2808 3404/6030/2804 3403/6029/2803
f 3406/6034/2806 3407/6036/2807 3409/6039/2809
f 3409/6039/2809 3407/6036/2807 3408/6038/2808
f 2948/6037/2408 3406/6034/2806 3410/6040/2810
f 3410/6040/2810 3406/6034/2806 3409/6039/2809
f 2948/6037/2408 3410/6040/2810 2785/6041/2279
f 2785/6041/2279 3410/6040/2810 2880/6042/2355
f 2880/6042/2355 3410/6040/2810 3409/6039/2809
f 2880/6042/2355 3409/6039/2809 2878/6043/2353
f 2878/6043/2353 3409/6039/2809 3411/6044/2811
f 3411/6044/2811 3409/6039/2809 3408/6038/2808
f 2878/6043/2353 3411/6044/2811 3412/6045/2812
f 2878/6043/2353 3412/6045/2812 2879/6046/2354
f 3411/6044/2811 3408/6038/2808 3413/6047/2813
f 3411/6044/2811 3413/6047/2813 3412/6045/2812
f 2879/6046/2354 3412/6045/2812 3414/6048/2814
f 2879/6046/2354 3414/6048/2814 2877/6049/2352
f 3385/6050/2786 2873/6051/2348 2877/6049/2352
f 3385/6050/2786 2877/6049/2352 3414/6048/2814
f 3385/6050/2786 3414/6048/2814 3415/6052/2815
f 3385/6050/2786 3415/6052/2815 2811/6053/2302
f 2811/6053/2302 3415/6052/2815 3155/6054/2594
f 3155/6054/2594 3415/6052/2815 3196/6055/2626
f 3196/6055/2626 3415/6052/2815 3198/6056/2628
f 3416/6057/2816 3414/6048/2814 3412/6045/2812
f 3415/6052/2815 3414/6048/2814 3417/6058/2817
f 3417/6058/2817 3414/6048/2814 3416/6057/2816
f 3415/6052/2815 3417/6058/2817 3418/6059/2818
f 3415/6052/2815 3418/6059/2818 3198/6056/2628
f 3198/6056/2628 3418/6059/2818 3419/6060/2819
f 3198/6056/2628 3419/6060/2819 3197/6061/2627
f 3197/6061/2627 3419/6060/2819 3200/6062/786
f 3419/6060/2819 3418/6059/2818 3420/6063/2820
f 3420/6063/2820 3418/6059/2818 3417/6058/2817
f 3419/6060/2819 3420/6063/2820 3200/6062/786
f 3383/6064/2105 3190/6065/2620 3200/6062/786
f 3383/6064/2105 3200/6062/786 3420/6063/2820
f 3383/6064/2105 3420/6063/2820 3078/6066/2524
f 3078/6066/2524 3420/6063/2820 3080/6067/2526
f 3080/6067/2526 3420/6063/2820 3122/6028/2565
f 3420/6063/2820 3417/6058/2817 3421/6068/2821
f 3421/6068/2821 3417/6058/2817 3416/6057/2816
f 3122/6028/2565 3420/6063/2820 3422/6069/2822
f 3422/6069/2822 3420/6063/2820 3421/6068/2821
f 3122/6028/2565 3422/6069/2822 3403/6029/2803
f 3403/6029/2803 3422/6069/2822 3423/6070/2823
f 3403/6029/2803 3423/6070/2823 3408/6038/2808
f 3423/6070/2823 3422/6069/2822 3424/6071/2824
f 3423/6070/2823 3424/6071/2824 3408/6038/2808
f 3424/6071/2824 3422/6069/2822 3421/6068/2821
f 3424/6071/2824 3421/6068/2821 3425/6072/2825
f 3424/6071/2824 3425/6072/2825 3408/6038/2808
f 3425/6072/2825 3421/6068/2821 3416/6057/2816
f 3408/6038/2808 3425/6072/2825 3426/6073/2826
f 3408/6038/2808 3426/6073/2826 3413/6047/2813
f 3425/6072/2825 3416/6057/2816 3427/6074/2827
f 3425/6072/2825 3427/6074/2827 3426/6073/2826
f 3427/6074/2827 3416/6057/2816 3412/6045/2812
f 3427/6074/2827 3412/6045/2812 3413/6047/2813
f 3426/6073/2826 3427/6074/2827 3428/6075/2828
f 3426/6073/2826 3428/6075/2828 3413/6047/2813
f 3413/6047/2813 3428/6075/2828 3427/6074/2827
f 2918/6076/2829 2919/6077/2829 3429/6078/2829
