mtllib wooden+crate+3d+model.mtl
o tripo_node_e976a8e7-6ad1-4568-aefd-d5ad8021e4de
g tripo_node_e976a8e7-6ad1-4568-aefd-d5ad8021e4de
usemtl tripo_material_e976a8e7_6ad1_4568_aefd_d5ad8021e4de
v -0.436889678 0.104675293 -0.382934511
vt 0.928955078 0.618896484
vn -0.999969006 -0.000000043 0.007873903
v -0.437011749 0.125915527 -0.376647919
vt 0.928466797 0.627929688
vn -0.999504447 0.031480409 0.000000130
v -0.443725616 0.128295898 -0.399352998
vt 0.922851562 0.625732422
vn -0.999969006 -0.007873815 0.000000131
v -0.436950713 0.122558594 -0.405273378
vt 0.916992188 0.626953125
vn -0.999845147 0.007872752 -0.015745463
v -0.436706573 0.210815430 -0.368682832
vt 0.932617188 0.653076172
vn -0.999690175 0.007871532 -0.023614598
v -0.435058624 0.279785186 -0.399383515
vt 0.913330078 0.669677734
vn -0.994688690 0.007894306 -0.102626480
v -0.431427032 0.209960938 -0.402526826
vt 0.910156250 0.648193359
vn -0.999473393 0.007869827 0.031479608
v -0.437957793 0.161041260 -0.343353242
vt 0.939941406 0.634765625
vn -0.995464504 -0.007900552 0.094806276
v -0.435363829 0.271926910 -0.407165498
vt 0.893554688 0.661376953
vn -0.996147394 0.015687322 0.086280622
v -0.436554015 0.210723877 -0.444885224
vt 0.889404297 0.633300781
vn -0.989919007 0.007856450 -0.141416863
v -0.436920196 0.249755889 -0.336852998
vt 0.948974609 0.656738281
vn -0.900630176 0.007900245 0.434514731
v -0.432769805 0.174560577 -0.336822480
vt 0.943847656 0.637451172
vn -0.165678084 0.000000036 0.986179948
v -0.433410674 0.000366241 -0.339538515
vt 0.950683594 0.591552734
vn -0.764300883 -0.370331407 0.527919352
v -0.436553985 0.000000000 -0.371215761
vt 0.938964844 0.591064453
vn -0.574518263 -0.818491817 0.000000111
v -0.436584502 0.113677979 -0.446533144
vt 0.909912109 0.615966797
vn -0.972005665 0.079024792 -0.221269429
v -0.426208556 0.213928223 -0.447875947
vt 0.885986328 0.632080078
vn -0.965842962 -0.000000054 -0.259128451
v -0.426696807 0.119323730 -0.448608339
vt 0.906982422 0.615722656
vn -0.972765982 0.094138585 -0.211811796
v -0.426361144 0.122192383 -0.490142763
vt 0.900146484 0.606689453
vn -0.331068218 0.102473415 -0.938026249
v -0.431945860 0.115783691 -0.496856630
vt 0.901855469 0.605468750
vn -0.441657573 0.228715405 -0.867541373
v -0.433441222 0.081298828 -0.497100770
vt 0.906738281 0.599121094
vn -0.628442466 0.015710998 -0.777697325
v -0.436706573 0.079803467 -0.445770204
vt 0.916015625 0.608398438
vn -0.997991085 0.031432740 -0.055007253
v -0.437103301 0.038513184 -0.447997987
vt 0.918212891 0.595703125
vn -0.996883690 -0.007849525 -0.078494646
v -0.440551788 0.050231934 -0.434570253
vt 0.920410156 0.599853516
vn -0.999721229 -0.000000045 -0.023615332
v -0.434356719 0.001037598 -0.448059022
vt 0.924804688 0.583496094
vn -0.259128541 -0.965842903 0.000000076
v -0.438446075 0.042114258 -0.404144228
vt 0.928222656 0.600097656
vn -0.998731434 -0.039320178 0.031456240
v -0.436431915 0.007812500 -0.414398134
vt 0.930175781 0.588867188
vn -0.997006595 -0.070654050 -0.031401649
v -0.437103331 0.567131042 -0.447051972
vt 0.936279297 0.928222656
vn -0.999845147 0.015745550 0.007872927
v -0.436981261 0.565841675 -0.497070283
vt 0.936035156 0.915527344
vn -0.583020806 0.039393224 -0.811501622
v -0.440307677 0.513580322 -0.448486298
vt 0.947998047 0.925781250
vn -0.997991085 0.031432748 0.055007514
v -0.438415587 0.514709473 -0.496826142
vt 0.946044922 0.914306641
vn -0.386282235 -0.007883365 -0.922347009
v -0.435669005 0.547309875 -0.399932832
vt 0.941162109 0.940429688
vn -0.999690175 -0.023614772 0.007871708
v -0.434509337 0.482240707 -0.443328828
vt 0.951904297 0.928710938
vn -0.999380589 -0.031476598 -0.015738145
v -0.391510069 0.530715942 -0.499908417
vt 0.940917969 0.903808594
vn -0.023603894 -0.031471729 -0.999225974
v -0.285583556 0.515552521 -0.498809814
vt 0.943847656 0.878662109
vn 0.007873397 -0.007873571 -0.999938011
v -0.437683165 0.480737716 -0.497253388
vt 0.952148438 0.909912109
vn -0.322784752 -0.181074381 -0.928989887
v -0.335754454 0.488101989 -0.498382568
vt 0.951416016 0.884765625
vn 0.007872699 -0.456622154 -0.889625907
v -0.376281798 0.552253723 -0.499237031
vt 0.933837891 0.903076172
vn -0.000000133 0.039339561 -0.999225974
v -0.335876524 0.566917419 -0.498504639
vt 0.923339844 0.899169922
vn -0.007873903 -0.000000044 -0.999969006
v -0.395172179 0.598312378 -0.498107880
vt 0.924804688 0.912109375
vn -0.047344141 0.157813296 -0.986333430
v -0.323394835 0.593460083 -0.499176025
vt 0.914794922 0.902832031
vn 0.023680711 0.363106340 -0.931446731
v -0.360809386 0.607986450 -0.491302460
vt 0.918212891 0.910644531
vn -0.023691989 0.987163544 -0.157946214
v -0.439697325 0.596801758 -0.490814179
vt 0.930175781 0.919433594
vn -0.614173293 0.716535449 -0.330708593
v -0.329040587 0.602691650 -0.482482910
vt 0.908691406 0.911621094
vn 0.031567503 0.962811232 -0.268324465
v -0.318664610 0.605819702 -0.445220947
vt 0.904296875 0.918212891
vn -0.000000062 0.989949524 -0.141421393
v -0.421752989 0.603744507 -0.450561494
vt 0.924072266 0.926513672
vn -0.055296734 0.995340228 -0.078995287
v -0.435455382 0.611251831 -0.411956757
vt 0.924560547 0.936767578
vn -0.473013222 0.875074327 -0.102486156
v -0.437011778 0.602844238 -0.447784394
vt 0.927734375 0.928222656
vn -0.922117889 0.386186093 -0.023643944
v -0.439514220 0.570266724 -0.396514863
vt 0.935546875 0.939208984
vn -0.999969006 0.007873728 0.000000131
v -0.436737120 0.597702026 -0.381317109
vt 0.929931641 0.942138672
vn -0.996086299 0.086959876 0.015811021
v -0.422027647 0.611251831 -0.338684052
vt 0.923339844 0.951416016
vn -0.102661803 0.955544472 0.276397109
v -0.436004698 0.443960220 -0.373352021
vt 0.951416016 0.957763672
vn -0.999938011 -0.007873571 -0.007873396
v -0.436431944 0.602554321 -0.340057343
vt 0.926757812 0.951416016
vn -0.970431149 0.047338072 0.236690655
v -0.444793761 0.510276794 -0.455383271
vt 0.398925781 0.552246094
v -0.442077696 0.479365379 -0.452606171
vt 0.392089844 0.551513672
vn -0.755320370 -0.653037488 0.055075578
vt 0.390380859 0.545898438
vt 0.399169922 0.549804688
vt 0.405273438 0.560546875
vt 0.392578125 0.564453125
v -0.427490294 0.479381591 -0.487335175
vt 0.388916016 0.564941406
vn -0.157695651 -0.457317173 -0.875210404
vt 0.392822266 0.596923828
v -0.328369200 0.482269317 -0.486297607
vt 0.390136719 0.597656250
vn 0.196254954 -0.243356332 -0.949874580
v -0.427642882 0.424304992 -0.487396210
vt 0.370361328 0.565673828
vn -0.062865712 0.007858151 -0.997991085
v -0.325958312 0.410034209 -0.482421875
vt 0.365234375 0.600097656
vn 0.512112677 0.015757302 -0.858773828
v -0.424041808 0.480160743 -0.464996308
vt 0.387207031 0.556640625
vn -0.961255908 -0.236374438 0.141824767
v -0.425293028 0.478439361 -0.448974580
vt 0.388183594 0.549560547
vn -0.874639690 -0.063037150 -0.480657727
v -0.325408995 0.300415069 -0.487884521
vt 0.328125000 0.589599609
vn 0.212519273 0.047226503 -0.976015031
v -0.298919737 0.331878692 -0.452362061
vt 0.323486328 0.605468750
vn 0.268458098 -0.000000030 -0.963291347
v -0.324981749 0.269729644 -0.481872559
vt 0.319580078 0.590087891
vn 0.763590097 -0.015744122 -0.645509362
v -0.331848204 0.242111236 -0.488677979
vt 0.314208984 0.587158203
vn 0.062859625 -0.015714981 -0.997898698
v -0.405181944 0.278533965 -0.488891572
vt 0.326171875 0.559326172
vn -0.062867656 -0.000000046 -0.998021960
v -0.426788390 0.351425171 -0.487274140
vt 0.348876953 0.558593750
vn -0.746344507 -0.086418897 -0.659925461
v -0.425048888 0.312530547 -0.476135224
vt 0.336914062 0.552001953
vn -0.959085226 0.007861299 -0.283008605
v -0.426055968 0.219558746 -0.487060517
vt 0.309570312 0.553466797
vn -0.541797698 0.023556357 -0.840178907
v -0.427795470 0.405105621 -0.479248017
vt 0.365478516 0.559570312
vn -0.975320280 0.015730938 0.220233753
v -0.426788390 0.281646758 -0.447906464
vt 0.328369141 0.540771484
vn -0.993852854 0.007887673 -0.110427968
v -0.420654356 0.416423827 -0.467773408
vt 0.369628906 0.554931641
vn -0.996210933 -0.000000040 0.086970925
v -0.422912657 0.334854156 -0.460784882
vt 0.344970703 0.547119141
vn -0.998947680 0.023597145 -0.039328519
vt 0.309082031 0.541503906
v -0.426147521 0.333099395 -0.449676484
vt 0.344238281 0.542724609
vn -0.834361374 0.015742604 -0.550993145
v -0.434814513 0.379997253 -0.444091767
vt 0.357910156 0.540283203
vn -0.977105319 -0.000000052 -0.212756678
v -0.431671202 0.280593902 -0.446807832
vt 0.328369141 0.538818359
vn -0.496972919 0.007888397 -0.867730200
v -0.434631407 0.383857757 -0.401611298
vt 0.362792969 0.523925781
vn -0.999876022 -0.000000044 -0.015745949
vt 0.411621094 0.525878906
vt 0.385986328 0.512207031
v -0.435669005 0.280746490 -0.442871064
vt 0.328369141 0.536865234
vn -0.985903800 0.023661640 -0.165631697
v -0.431671202 0.279739410 -0.446807832
vt 0.327880859 0.538818359
v -0.431671202 0.278884917 -0.446807832
vt 0.327148438 0.538818359
vn -0.386294246 -0.000000057 -0.922375679
vt 0.309814453 0.536865234
vt 0.324707031 0.525878906
v -0.432830870 0.286102325 -0.418579072
vt 0.332031250 0.529052734
vn -0.999938011 0.007873484 0.007873659
vt 0.326416016 0.522460938
vt 0.311279297 0.523437500
vt 0.311035156 0.503173828
vt 0.330810547 0.486328125
v -0.435211211 0.382965118 -0.337127656
vt 0.365478516 0.499511719
vn -0.971490026 0.007898262 0.236948937
v -0.435913116 0.445219070 -0.338165253
vt 0.382080078 0.500000000
vn -0.940454304 -0.007903004 0.339828163
vt 0.411865234 0.482666016
v -0.418701202 0.409374267 -0.336090058
vt 0.372314453 0.493896484
vn -0.393749505 -0.102374882 0.913499236
v -0.420196563 0.475931197 -0.335235566
vt 0.385498047 0.492919922
vn -0.991542220 -0.031477571 0.125910252
v -0.424346983 0.498027831 -0.336517304
vt 0.390380859 0.490722656
vn -0.931446671 -0.149978757 0.331532001
v -0.403961211 0.337905914 -0.337554902
vt 0.350830078 0.477539062
vn -0.402461499 0.007891427 0.915402949
vt 0.317626953 0.477050781
v -0.403350860 0.413234740 -0.339599580
vt 0.375976562 0.488525391
vn -0.820629418 -0.544456065 -0.173594549
v -0.402893096 0.345970184 -0.342498749
vt 0.352050781 0.476562500
vn -0.999442518 -0.023608919 0.023609011
v -0.401245147 0.343437225 -0.222976655
vt 0.365478516 0.449707031
vn -0.990499973 -0.117916711 -0.070749857
v -0.401824981 0.341056854 -0.340209931
vt 0.351074219 0.475341797
vn -0.991020679 0.133709088 0.000000124
v -0.434631288 0.546287596 0.393280059
vt 0.649169922 0.521728516
v -0.435028017 0.574813902 0.407959014
vt 0.656005859 0.516113281
vn -0.999597251 0.023612490 0.015741818
v -0.435241640 0.564262450 0.374725372
vt 0.657714844 0.523681641
vn -0.999969006 -0.000000044 -0.007873640
v -0.434722841 0.466558754 0.364868194
vt 0.639404297 0.532958984
vn -1.000000000 -0.000000044 0.000000131
v -0.434173554 0.553947508 0.332000762
vt 0.661865234 0.532226562
vn -0.978686512 0.007892581 -0.205208316
v -0.434631288 0.355651915 0.390167266
vt 0.600830078 0.528076172
v -0.434051484 0.608032286 0.353546172
vt 0.671386719 0.521728516
vn -0.897304177 0.440780967 -0.023613170
v -0.431518525 0.609146178 0.330444366
vt 0.677001953 0.526123047
vn -0.211785957 0.925582707 -0.313756853
v -0.433715761 0.608398497 0.399505645
vt 0.665527344 0.513183594
vn -0.619898736 0.784681857 0.000000047
v -0.389434785 0.610809386 0.388580352
vt 0.677246094 0.508300781
vn -0.015745638 0.999845147 -0.007872839
v -0.432647645 0.609573424 0.443969756
vt 0.660400391 0.505126953
vn -0.701810718 0.638726532 0.315420598
v -0.434204042 0.554870665 0.444641143
vt 0.647216797 0.510009766
vn -0.996179700 0.007906148 0.086968198
v -0.408386171 0.610076964 0.446533233
vt 0.662109375 0.499511719
vn -0.015795028 0.592316628 0.805550575
v -0.429778993 0.549057066 0.448608428
vt 0.644287109 0.508300781
vn -0.149089441 0.015693674 0.988699257
v -0.338714540 0.610153258 0.435699463
vt 0.682861328 0.492187500
vn 0.165349171 0.984221458 0.062990107
v -0.397216737 0.506870329 0.448791534
vt 0.631591797 0.500488281
vn 0.015746210 0.000000044 0.999876022
v -0.337799042 0.609222472 0.331054688
vt 0.697998047 0.511230469
vn 0.118073590 0.983947039 -0.133816853
v -0.331939638 0.598999083 0.437500000
vt 0.683837891 0.489257812
vn 0.196838245 0.716491044 0.669249773
v -0.331695527 0.601287901 0.375030518
vt 0.694580078 0.499511719
vn 0.031479433 0.999473393 -0.007869917
v -0.423553407 0.429882109 0.448761016
vt 0.614501953 0.511718750
vn -0.180956453 0.007867713 0.983459711
v -0.337829560 0.601211607 0.321716309
vt 0.700927734 0.508056641
vn -0.000000074 0.971520424 -0.236956254
v -0.222274750 0.601104796 0.315734863
vt 0.727294922 0.480468750
vn -0.054973505 0.989522040 -0.133506984
v -0.372528046 0.596206725 0.306640655
vt 0.695556641 0.526611328
vn -0.000000054 0.996914387 -0.078497238
v -0.398956269 0.596450865 0.328521758
vt 0.685546875 0.528320312
vn -0.086873151 0.995091856 -0.047385361
v -0.419891357 0.596328795 0.065528885
vt 0.745117188 0.580810547
vn -0.165678278 0.986179948 -0.000000021
v -0.366485596 0.596405089 0.109802254
vt 0.737792969 0.560058594
vn -0.000000044 1.000000000 -0.000000044
v -0.350402802 0.596130431 0.328063995
vt 0.701416016 0.514648438
vn 0.205055162 0.977955699 -0.039433762
v -0.345153809 0.596633971 0.096870430
vt 0.745117188 0.555419922
vn 0.275752991 0.961196363 0.007878580
v -0.339813203 0.589736998 0.250366211
vt 0.719970703 0.524902344
vn 0.204142988 0.973605216 0.102071434
v -0.337799042 0.581031859 0.310119629
vt 0.708251953 0.510498047
vn 0.180610254 0.926609576 -0.329810232
v -0.314849824 0.572998106 0.267120361
vt 0.720214844 0.512451172
vn -0.023691949 0.987163544 0.157946125
v -0.308013886 0.593002379 0.310821533
vt 0.710205078 0.502441406
vn -0.031477667 0.440685391 -0.897109628
v -0.237014741 0.586471617 0.310699463
vt 0.725097656 0.487548828
vn -0.134003833 0.922261059 -0.362598360
v -0.238540620 0.582603514 0.267242432
vt 0.733642578 0.489990234
vn -0.322017103 0.871802449 0.369141579
v -0.442108095 0.126953185 0.385345489
vt 0.599609375 0.578857422
vn -0.973365247 0.180543512 -0.141294822
v -0.440917909 0.108032286 0.398407042
vt 0.601806641 0.578369141
vn -0.917823553 -0.313785881 0.243184164
v -0.434692323 0.123840392 0.409057677
vt 0.605224609 0.583740234
vn -0.999194920 0.007867634 0.039338514
v -0.434722841 0.105407774 0.385559142
vt 0.600341797 0.573486328
vn -0.998854995 -0.007865045 -0.047189869
v -0.434722841 0.133483946 0.388336211
vt 0.597412109 0.580566406
v -0.432220399 0.138671905 0.330871612
vt 0.582031250 0.568847656
vn -0.894427359 -0.000000059 -0.447213531
v -0.434143007 0.216766417 0.446594268
vt 0.598876953 0.612548828
vn -0.990255177 0.039295804 0.133605987
v -0.435363710 0.063018858 0.386535704
vt 0.610351562 0.565917969
v -0.434600770 0.253540099 0.390014678
vt 0.578369141 0.608886719
v -0.434112489 0.165222228 0.447387725
vt 0.608398438 0.601806641
vn -0.824728847 -0.000000011 0.565528452
v -0.433563143 0.053588927 0.448181212
vt 0.627929688 0.577148438
vn -0.905147135 -0.007870866 0.425025791
v -0.413177431 0.236694396 0.448150665
vt 0.602050781 0.623046875
vn -0.031480324 0.000000042 0.999504447
v -0.434661806 0.078643829 0.338684142
vt 0.597167969 0.559082031
vn -0.993760109 0.015773922 -0.110417664
v -0.435882509 0.034240782 0.402587950
vt 0.619628906 0.563720703
vn -0.999876022 -0.000000043 0.015746210
v -0.434722841 0.033905089 0.382507384
vt 0.616455078 0.559570312
vn -0.999195039 -0.039338432 -0.007867544
v -0.434509188 0.008056700 0.436889708
vt 0.630371094 0.564941406
vn -0.962451696 -0.220890611 0.157779112
v -0.434600770 0.008941680 0.331176817
vt 0.616699219 0.545898438
vn -0.968503952 -0.078740209 -0.236220345
v -0.425414979 0.099212676 0.327819884
vt 0.589111328 0.558593750
vn -0.971520364 -0.000000053 -0.236956045
v -0.431976259 0.000885069 0.391540587
vt 0.626220703 0.554687500
vn -0.565458536 -0.824627161 0.015707294
v -0.427154481 0.000457793 0.333557189
vt 0.621337891 0.541503906
vn -0.039472971 -0.994719684 -0.094735153
v -0.424529970 0.124206573 0.328399688
vt 0.583740234 0.562744141
vn -0.983368337 0.173072785 -0.055068504
v -0.418731600 0.001129210 0.447906554
vt 0.635986328 0.566406250
vn -0.181231529 -0.543694913 0.819482267
v -0.383636385 0.000244200 0.446807921
vt 0.645019531 0.563720703
vn 0.000000070 -0.978717029 0.205214888
v -0.418273866 0.131561309 0.327636749
vt 0.580810547 0.561767578
vn -0.920318842 0.377566695 0.102257751
v -0.338714540 0.000244200 0.336639434
vt 0.653808594 0.539794922
vn 0.102549970 -0.993945599 -0.039442256
v -0.401458651 0.055450499 0.448822081
vt 0.637695312 0.580810547
vn 0.000000131 -0.007873728 0.999969006
v -0.421874940 0.110412657 0.448669493
vt 0.621582031 0.592041016
vn -0.023615332 0.000000043 0.999721229
v -0.382202059 0.034301817 0.450195372
vt 0.644042969 0.576171875
vn 0.078487657 -0.015697459 0.996791542
v -0.340759188 0.000640959 0.443389922
vt 0.659179688 0.573486328
vn 0.251656741 -0.754969895 0.605548799
v -0.334655672 0.008300871 0.430114776
vt 0.662841797 0.573730469
vn 0.110431567 -0.993883729 0.000000029
v -0.374633700 0.058319151 0.447326720
vt 0.643554688 0.586181641
vn 0.062865712 0.007858244 0.997991085
v -0.341827303 0.061248839 0.444549620
vt 0.652099609 0.590820312
vn 0.299621701 0.000000055 0.954058170
v -0.336151034 0.013610929 0.439056426
vt 0.660888672 0.578125000
vn 0.165354460 -0.330708623 0.929133832
v -0.276855379 0.008148283 0.427551299
vt 0.678222656 0.582763672
vn 0.000000054 -0.996914387 0.078497238
v -0.212020814 0.012664855 0.322235137
vt 0.705078125 0.565917969
vn -0.007854042 -0.997467637 -0.070686631
v -0.197814867 0.008148283 0.427337676
vt 0.696777344 0.591552734
vn -0.007873483 -0.999938011 0.007873572
v -0.099204957 0.008270323 0.327362061
vt 0.729492188 0.576416016
vn -0.015722184 -0.998361051 -0.055027727
v -0.266143709 0.021972746 0.439270049
vt 0.678222656 0.590087891
vn -0.015693503 -0.149089515 0.988699138
v -0.226715013 0.008575529 0.436584502
vt 0.689453125 0.591064453
vn -0.055150490 -0.740593851 0.669685960
v -0.335571200 0.044220060 0.438995391
vt 0.656982422 0.587646484
vn 0.023615589 0.000000045 0.999721110
v -0.337921083 0.070861906 0.434661895
vt 0.653320312 0.595214844
vn 0.353662729 0.015718393 0.935241044
v -0.245819017 0.070739836 0.439727813
vt 0.677001953 0.607177734
vn -0.007872666 0.015745636 0.999845147
v -0.335205019 0.100341886 0.437805206
vt 0.648681641 0.604248047
vn 0.173767984 0.102681056 0.979418874
v -0.328552157 0.070282072 0.439300567
vt 0.656005859 0.596435547
vn -0.047167994 0.031445455 0.998391926
v -0.225845262 0.020874113 0.440643340
vt 0.689941406 0.595214844
vn -0.015745949 0.000000043 0.999876022
v -0.211440966 0.013244718 0.440734893
vt 0.694335938 0.594726562
vn -0.007865105 -0.330340177 0.943829238
v -0.136901781 0.071624845 0.440460235
vt 0.707031250 0.614257812
v -0.108787462 0.038665861 0.441375732
vt 0.717041016 0.610595703
v -0.126373217 0.013549894 0.441955596
vt 0.715820312 0.600830078
vn 0.007857606 -0.502878010 0.864321709
v -0.108848497 0.020904630 0.441070557
vt 0.721191406 0.603027344
vn -0.007852001 -0.259120554 0.965813160
v -0.114059374 0.008178800 0.433197051
vt 0.719726562 0.597900391
vn 0.000000064 -0.987440705 0.157990545
v -0.029689718 0.008422941 0.380828857
vt 0.745117188 0.595947266
vn 0.000000044 -1.000000000 0.000000044
v -0.104972765 0.101165861 0.440612793
vt 0.709228516 0.627441406
vn -0.015741559 0.023612576 0.999597251
v 0.004182414 0.072845548 0.441558838
vt 0.736083984 0.637939453
vn -0.007873397 0.007873571 0.999938011
v -0.269744813 0.094421476 0.438354522
vt 0.666748047 0.613281250
vn -0.023677036 0.102601074 0.994440794
v -0.207046434 0.126617521 0.437316895
vt 0.681396484 0.628906250
vn -0.039301813 0.408739924 0.911804378
v -0.148742601 0.130554289 0.439300537
vt 0.698242188 0.633789062
vn -0.039320052 0.574074030 0.817858756
v -0.067916796 0.130951017 0.440460175
vt 0.718750000 0.637939453
vn -0.007879301 0.512160480 0.858853698
v -0.060768057 0.133972257 0.419586152
vt 0.718261719 0.645263672
vn 0.007872149 0.551044524 0.834438801
v -0.286254823 0.131317228 0.429138184
vt 0.654785156 0.624267578
vn 0.078985505 0.410724103 0.908332109
v -0.335327089 0.131622404 0.436065674
vt 0.643798828 0.613281250
vn 0.275727451 -0.015755795 0.961106718
v -0.334655702 0.180358976 0.438720703
vt 0.635986328 0.624267578
vn 0.810170174 0.117986009 0.574198186
v -0.339507997 0.134826750 0.444427490
vt 0.640869141 0.612792969
vn 0.220254198 0.007866269 0.975410879
v -0.349487245 0.155700743 0.443908721
vt 0.634765625 0.617187500
vn 0.188556135 0.000000051 0.982062519
v -0.383239686 0.109680235 0.448486388
vt 0.633300781 0.599853516
vn 0.062850192 -0.023568727 0.997744679
v -0.381286561 0.142456114 0.447662383
vt 0.627685547 0.610351562
vn 0.070686810 0.007854123 0.997467637
v -0.346801698 0.286605895 0.445953399
vt 0.609375000 0.642578125
vn 0.102626741 -0.007894306 0.994688690
v -0.335174501 0.287628233 0.441040039
vt 0.611083984 0.644042969
vn 0.961226165 0.000000054 0.275761455
v -0.384124696 0.136474669 0.452819854
vt 0.627929688 0.606933594
vn 0.086267345 0.023527469 0.995994210
v -0.398834169 0.128631651 0.449432403
vt 0.625000000 0.602783203
v -0.410766542 0.338577330 0.448577911
vt 0.586669922 0.643798828
v -0.434387147 0.284332335 0.447967559
vt 0.586425781 0.627929688
vn -0.931678951 -0.007895610 0.363197029
v -0.433624208 0.250808775 0.440887481
vt 0.591552734 0.622558594
vn -0.926067173 -0.109872408 0.361009389
v -0.419738710 0.232284606 0.429748565
vt 0.597900391 0.619628906
vn -0.228084877 0.165165022 0.959530056
vt 0.560791016 0.630859375
v -0.434417665 0.282867491 0.335113555
vt 0.558593750 0.607910156
vn -0.996179819 -0.007906237 -0.086967953
v -0.426544130 0.293365538 0.328521758
vt 0.554443359 0.605468750
vn -0.188532874 -0.015711110 -0.981941283
v -0.434295595 0.316391051 0.329101592
vt 0.550048828 0.609863281
vn -0.849104941 0.039310351 -0.526759386
v -0.403289735 0.273513854 0.329284698
vt 0.551513672 0.596435547
vn -0.313785940 0.023533883 -0.949202061
v -0.402770936 0.225769103 0.330352813
vt 0.561035156 0.581054688
vn -0.965813220 -0.007852192 -0.259120464
v -0.403076112 0.133209258 0.329834014
vt 0.575927734 0.563232422
vn -0.905371547 0.078727901 -0.417258054
v -0.403625429 0.139862090 0.306701690
vt 0.570312500 0.559326172
vn -0.607619166 0.702313066 0.370884478
v -0.418365449 0.184448272 0.233429000
vt 0.554199219 0.545654297
vn -0.931330681 0.315705299 0.181530669
v -0.403106630 0.186492950 0.278656036
vt 0.555419922 0.562011719
vn -0.999876022 0.015746037 0.000000130
v -0.403167695 0.175720245 0.244003341
vt 0.554199219 0.551513672
vn -0.851979911 0.449656039 0.268215984
v -0.403076142 0.219116271 0.174392745
vt 0.534423828 0.544189453
vn -0.886991024 0.392473876 0.243333921
v -0.419525117 0.240875289 0.140182540
vt 0.527099609 0.535156250
vn -0.965277612 0.219737947 0.141260251
v -0.402374238 0.221008360 0.256408721
vt 0.545166016 0.565917969
v -0.403198212 0.264679015 0.101844817
vt 0.512695312 0.543457031
vn -0.976347685 0.181096703 0.118106700
v -0.403350800 0.274795592 0.248947188
vt 0.531738281 0.580078125
v -0.399566591 0.277328551 0.304351836
vt 0.544433594 0.591552734
vn -0.999225974 0.039339561 0.000000129
v -0.403015077 0.281066954 0.331176788
vt 0.549316406 0.596679688
v -0.402130067 0.339920104 0.334655792
vt 0.536621094 0.600830078
vn -0.998453617 0.007861793 -0.055032745
v -0.403137177 0.286834776 0.064460784
vt 0.483154297 0.559814453
vn -0.996086419 0.079054430 0.039527364
v -0.403167695 0.307495177 0.255828887
vt 0.529052734 0.600830078
vt 0.103759766 0.208740234
vt 0.114257812 0.209716797
v -0.434478790 0.001434326 -0.494964540
vt 0.106933594 0.220947266
vn -0.369301081 -0.880036652 -0.298583776
v -0.435852110 0.021240234 -0.491760194
vt 0.112060547 0.221679688
vn -0.984221578 0.062990129 -0.165349081
v -0.431854308 0.040344238 -0.496398866
vt 0.118652344 0.224365234
vn -0.440849364 -0.015744673 -0.897442997
v -0.430206358 0.012359619 -0.497924745
vt 0.110107422 0.223876953
vn -0.039328780 -0.023597233 -0.998947680
v -0.334930480 0.010559112 -0.497161835
vt 0.104248047 0.251708984
vn 0.039363861 -0.275547862 -0.960481048
v -0.339080870 0.038330108 -0.497131318
vt 0.113769531 0.250732422
vn -0.000000132 0.031480409 -0.999504447
v -0.279205382 0.015747100 -0.496856660
vt 0.101318359 0.268066406
vn 0.015702710 -0.259096622 -0.965723753
vt 0.130615234 0.222412109
v -0.211135909 0.039154083 -0.496124238
vt 0.115478516 0.285888672
vn 0.205189168 -0.015783826 -0.978595138
v -0.213470504 0.011932403 -0.494811982
vt 0.102539062 0.288085938
vn 0.063041016 -0.961375415 -0.267924249
v -0.326538146 0.040802032 -0.496276826
vt 0.114990234 0.253662109
vn 0.007871446 -0.023614772 -0.999690175
v -0.392517149 0.055145264 -0.499999940
vt 0.123046875 0.235839844
vn -0.000000130 -0.023615502 -0.999721110
v -0.210220382 0.077880889 -0.496887177
vt 0.125244141 0.288330078
vn 0.070680007 -0.015706738 -0.997375369
v -0.207046553 0.080657989 -0.481048554
vt 0.123291016 0.292968750
vn 0.094797149 -0.015799584 -0.995371342
v -0.374145567 0.079437256 -0.497314394
vt 0.132080078 0.241210938
vn 0.007873396 0.007873484 -0.999938011
v -0.214386031 0.119628936 -0.496826142
vt 0.141113281 0.287841797
vn 0.063178331 0.229021907 -0.971368968
v -0.334442198 0.119934112 -0.496734589
vt 0.146484375 0.247314453
vn -0.007898430 0.236948758 -0.971490085
vt 0.141845703 0.219970703
vt 0.145263672 0.220703125
v -0.324981749 0.141265899 -0.482849121
vt 0.155761719 0.252685547
vn 0.440399051 0.290978014 -0.849341333
vt 0.184570312 0.241943359
vt 0.170898438 0.210937500
vt 0.187744141 0.217285156
vt 0.192626953 0.241943359
vt 0.213134766 0.243408203
v -0.326599181 0.207214385 -0.453338623
vt 0.173339844 0.255126953
vn 0.379129827 -0.047391269 -0.924129248
v -0.435516298 0.358558714 0.449218780
vt 0.595947266 0.518554688
vn -0.456282794 -0.039334714 0.888965011
v -0.434539735 0.396545470 0.436370879
vt 0.606445312 0.519042969
vn -0.998453617 0.007861799 0.055033006
v -0.434692323 0.341171324 0.443145782
vt 0.590576172 0.520751953
vn -0.971247673 0.023688937 0.236889824
v -0.417846620 0.339843810 0.441345245
vt 0.589599609 0.518066406
vn -0.243701831 -0.330176800 0.911917090
vt 0.587158203 0.516113281
vt 0.578369141 0.528320312
v -0.434509218 0.451871932 0.442596465
vt 0.622070312 0.515380859
vn -0.975410879 -0.007866250 0.220254198
vt 0.151611328 0.324218750
vt 0.140380859 0.344726562
v -0.434631288 0.356414855 0.347259551
vt 0.141113281 0.322998047
vn -0.995495498 -0.000000048 -0.094808966
vt 0.148193359 0.307373047
vt 0.142333984 0.312988281
v -0.434570283 0.473556578 0.336334258
vt 0.133300781 0.346435547
vn -0.989949524 -0.000000049 -0.141421214
vt 0.135253906 0.364746094
v -0.419250429 0.349227965 0.328826934
vt 0.134521484 0.319091797
vn -0.141404018 0.015711496 -0.989827275
vt 0.135009766 0.300537109
v -0.432098329 0.371749938 0.329254180
vt 0.135742188 0.326416016
vn -0.526759624 -0.039310470 -0.849104822
v -0.404663026 0.418060362 0.330352813
vt 0.124511719 0.332519531
vn -0.818491876 -0.000000061 -0.574518204
v -0.429107636 0.463175476 0.328857452
vt 0.129150391 0.345703125
vn -0.268449992 -0.007895639 -0.963261366
vt 0.128906250 0.312500000
v -0.425170869 0.518295348 0.328369170
vt 0.129394531 0.358398438
vn -0.993852854 -0.007887769 -0.110427968
v -0.424407929 0.490734160 0.328491241
vt 0.125244141 0.352294922
vn -0.858134747 -0.417258203 -0.299166083
v -0.424896210 0.543876708 0.325927764
vt 0.131835938 0.364990234
vn -0.999380589 0.031476509 -0.015738148
v -0.425628632 0.493808806 0.167846709
vt 0.095703125 0.372314453
vn -0.992033720 -0.125972584 0.000000136
v -0.424957246 0.570686400 0.328521758
vt 0.136962891 0.370117188
vt 0.145751953 0.371582031
v -0.424896240 0.545044005 0.099342369
vt 0.095947266 0.404541016
vn -0.999690175 0.023614686 0.007871706
v -0.424011201 0.596206725 0.328552276
vt 0.141845703 0.373779297
vn -0.694292367 0.702181876 -0.157793641
vt 0.144775391 0.378173828
v -0.421264619 0.593170226 0.214157134
vt 0.123535156 0.394042969
vn -0.949465096 0.313872725 0.000000111
v -0.425231934 0.586776793 0.097000137
vt 0.104248047 0.412841797
vn -0.995464504 0.094806105 -0.007900385
vt 0.103271484 0.420898438
v -0.413635224 0.485239089 0.269866973
vt 0.110839844 0.358886719
vn -0.502753854 -0.864108324 -0.023566488
v -0.420745850 0.486463577 0.047397640
vt 0.067138672 0.376220703
vn -0.425025642 -0.905147195 -0.007870751
v -0.403320312 0.486679137 0.101654075
vt 0.078613281 0.366210938
vn -0.965813160 -0.259120613 -0.007852002
v -0.403137177 0.470203459 0.331451446
vt 0.120849609 0.348388672
vn -0.965366781 -0.243303865 -0.094181985
v -0.402832001 0.434103072 0.287628204
vt 0.112060547 0.337158203
v -0.402984619 0.433258116 0.079689048
vt 0.062744141 0.344238281
v -0.402984589 0.392166197 0.169937164
vt 0.082763672 0.326660156
v -0.402984589 0.391914427 0.235549957
vt 0.100341797 0.327148438
vn -0.999845147 -0.015745636 -0.007872664
v -0.401550263 0.341919005 0.161956817
vt 0.080810547 0.315673828
v -0.403198212 0.358238280 0.292114288
vt 0.115234375 0.318115234
vn -0.995371222 -0.094797306 -0.015799409
v -0.400817841 0.343406737 0.258514434
vt 0.105224609 0.314208984
vn -0.999597251 -0.023612576 0.015741821
v -0.394256532 0.346748412 0.303100616
vt 0.116943359 0.314697266
v -0.402923554 0.336914122 0.278106719
vt 0.109863281 0.311767578
vn -0.995495498 0.094809048 0.000000126
vt 0.120605469 0.301757812
vt 0.105224609 0.305175781
vt 0.063476562 0.297119141
vt 0.454833984 0.610595703
v -0.423736513 0.008087188 0.327758849
vt 0.452148438 0.609130859
vn -0.849341214 -0.440399170 -0.290977865
vt 0.455322266 0.608886719
v -0.424591005 0.067230254 0.328643858
vt 0.457763672 0.626708984
vn -0.997991085 -0.007858244 -0.062865444
vt 0.466308594 0.637207031
v -0.425109804 0.103057891 0.228530928
vt 0.429687500 0.631103516
vn -0.999195039 0.039338343 -0.007867548
vt 0.454101562 0.641357422
v -0.421813935 0.130737334 0.208709762
vt 0.421875000 0.635986328
vn -0.994688690 0.102626562 0.007894481
vt 0.452880859 0.642578125
vt 0.430419922 0.660400391
v -0.419067353 0.174499542 0.143692061
vt 0.411621094 0.663818359
vn -0.999721229 0.023615420 0.000000130
v -0.424957216 0.068878204 0.239242598
vt 0.433593750 0.624267578
v -0.424652040 0.010406524 0.284484923
vt 0.441894531 0.608398438
vn -0.969646931 -0.244382605 0.007883445
v -0.425018251 0.015441924 0.239852950
vt 0.430908203 0.607421875
vn -0.995464504 -0.094806194 -0.007900378
v -0.424987763 0.043396026 0.175613448
vt 0.418457031 0.624023438
v -0.422637880 0.008178741 0.241592452
vt 0.431884766 0.605468750
vn -0.031476513 -0.999380589 -0.015738230
v -0.396118104 0.008209258 0.327697814
vt 0.452880859 0.599853516
vn -0.023579651 -0.998206854 -0.055019226
v -0.346099794 0.008270293 0.255645812
vt 0.436279297 0.579833984
vn 0.078475475 -0.996638060 -0.023542600
v -0.337890595 0.012878478 0.149551421
vt 0.410400391 0.579833984
vn 0.070688903 -0.997498453 0.000000034
v -0.347351015 0.006988555 0.329132140
vt 0.456298828 0.583740234
vn 0.102511682 -0.969918132 -0.220794350
vt 0.460449219 0.583740234
v -0.339416444 0.013427794 0.226776153
vt 0.425292969 0.575927734
vn 0.086288497 -0.996239424 0.007844437
v -0.336395204 0.008514464 0.327758819
vt 0.458740234 0.579345703
vn 0.086643755 -0.992464483 -0.086643696
vt 0.486328125 0.578857422
v -0.338043153 0.015747130 0.322418243
vt 0.456298828 0.579101562
vn 0.180760905 -0.982396007 -0.047154985
vt 0.468017578 0.543945312
v -0.289306581 0.015686095 0.318939239
vt 0.457031250 0.564697266
vn 0.015733933 -0.999102235 -0.039334692
v -0.288848847 0.015625060 0.104019195
vt 0.406738281 0.540771484
vn 0.015746122 -0.999876022 0.000000042
v -0.242507875 0.015686095 0.319366485
vt 0.461914062 0.551513672
vn 0.031479519 -0.999473393 -0.007869829
v -0.241119340 0.015808165 0.165313736
vt 0.423339844 0.528564453
vn 0.039339650 -0.999225974 0.000000039
v -0.088798463 0.014312804 0.318664551
vt 0.488525391 0.516113281
vn 0.000000033 -0.996914387 -0.078497149
vt 0.489501953 0.520019531
v -0.158218324 0.015472472 0.266113311
vt 0.463623047 0.524414062
vn -0.015744086 -0.999752104 -0.015744083
v -0.234603822 0.017669737 0.318634063
vt 0.462890625 0.548828125
vn -0.023597151 -0.998947680 -0.039328601
v -0.234466508 0.018066466 0.195602432
vt 0.432128906 0.530761719
vn 0.000000045 -0.999969006 0.007873815
v -0.236770600 0.015655577 0.119537376
vt 0.412597656 0.516845703
v -0.235015839 0.019683897 0.124778770
vt 0.415771484 0.516113281
vn -0.282877594 -0.958640933 -0.031430770
v -0.230544999 0.015625060 0.136688247
vt 0.420410156 0.516113281
vn -0.047178280 -0.998607934 0.023589212
v -0.134139970 0.015625060 0.143493652
vt 0.436767578 0.491943359
v -0.063163705 0.015441954 0.239791870
vt 0.471923828 0.499511719
vn 0.000000043 -0.999969006 -0.007873728
v -0.227966279 0.015655577 0.092185996
vt 0.416992188 0.502929688
vn -0.031480409 -0.999504447 0.000000048
vt 0.093261719 0.906005859
v -0.425354064 0.593490601 -0.336639374
vt 0.096191406 0.907226562
vn -0.947943091 0.276483357 0.157990620
vt 0.091064453 0.909423828
vt 0.091308594 0.871582031
vt 0.094726562 0.883056641
v -0.424652159 0.543228149 -0.335571259
vt 0.096191406 0.894042969
vn -0.998885930 -0.000000042 0.047191594
v -0.424957305 0.514251709 -0.300994843
vt 0.102783203 0.887207031
v -0.424560577 0.494831115 -0.170608491
vt 0.129638672 0.884765625
vn -0.995495498 -0.094809145 0.000000135
v -0.424621612 0.554359496 -0.158935517
vt 0.135986328 0.910888672
vn -0.999721110 -0.023615502 0.000000132
v -0.426178008 0.588340759 -0.255096406
vt 0.113769531 0.912353516
vn -0.987317502 0.157970756 -0.015796959
v -0.427307159 0.593048096 -0.216476411
vt 0.121582031 0.916503906
vn -0.949202120 0.313785791 0.023534046
v -0.419738829 0.596237183 -0.298431367
vt 0.104003906 0.912109375
vn -0.118179925 0.992710948 -0.023636004
v -0.418762237 0.596252441 -0.240447968
vt 0.116210938 0.917724609
vn -0.055034619 0.998484433 -0.000000036
v -0.413299590 0.596511900 -0.127563447
vt 0.139404297 0.927246094
vn -0.149103373 0.988790512 0.007847520
v -0.344207823 0.596496582 -0.336547822
vt 0.089843750 0.925292969
vn 0.007856239 0.982032180 0.188550130
v -0.364349395 0.596435547 -0.185562119
vt 0.124023438 0.933837891
vn 0.007873728 0.999969006 -0.000000045
v -0.365661621 0.596145689 0.015067113
vt 0.164306641 0.945800781
vn -0.125875086 0.991266012 0.039335921
v -0.355468780 0.596450806 -0.293731660
vt 0.100585938 0.926269531
v -0.342468292 0.596450806 -0.296600312
vt 0.098876953 0.928466797
vn 0.086291067 0.996270061 -0.000000055
v -0.336090118 0.595672667 -0.148468003
vt 0.120117188 0.942871094
vn -0.457317203 0.875210404 -0.157695547
v -0.335998595 0.593673706 -0.340209961
vt 0.088134766 0.926757812
vn -0.000000024 0.988820970 0.149107888
v -0.337585509 0.605865479 -0.344696045
vt 0.086914062 0.925292969
vn 0.023644038 0.969406009 0.244321793
v -0.331176788 0.596252441 -0.287689209
vt 0.094238281 0.931884766
vn -0.150044203 0.987132728 0.055279404
v -0.286804229 0.596694946 -0.230407700
vt 0.101562500 0.948974609
vn -0.220260933 0.975441039 -0.000000014
v -0.327911437 0.597564697 -0.314331055
vt 0.089843750 0.930908203
vn -0.134037197 0.268074095 -0.954028547
v -0.238342330 0.595718384 -0.339233398
vt 0.071777344 0.937744141
vn -0.015781322 0.915317416 0.402424008
v -0.229049727 0.597885132 -0.313873291
vt 0.071777344 0.942871094
vn -0.007854183 0.840386152 -0.541931272
v -0.385986388 0.611892700 -0.387908906
vt 0.080322266 0.915039062
vn 0.054926001 0.996515274 0.062772565
v -0.335113585 0.611114502 -0.412170410
vt 0.073730469 0.923828125
vn -0.000000040 0.999504447 0.031480409
v -0.387878478 0.613204956 -0.410888642
vt 0.075927734 0.914306641
vn -0.007858249 0.997991085 -0.062865622
vt 0.077636719 0.906494141
vt 0.066650391 0.924560547
v -0.425933868 0.578567564 -0.114692673
vt 0.673339844 0.084716797
vn -0.953939617 0.299584299 0.015767708
vt 0.653808594 0.086669922
vt 0.664306641 0.077880859
vt 0.669921875 0.091552734
v -0.416961700 0.585922301 -0.084213242
vt 0.678466797 0.087646484
vn -0.836410880 0.544455945 -0.063125253
v -0.421569824 0.595947325 -0.026451090
vt 0.689697266 0.088378906
vn -0.141403928 0.989827275 -0.015711568
vt 0.697021484 0.101806641
v -0.426208496 0.589523375 -0.013651827
vt 0.691894531 0.084960938
vt 0.716796875 0.102539062
v -0.338897705 0.596008360 0.073493965
vt 0.710449219 0.108154297
vn -0.070732579 0.982396007 -0.172901735
v -0.339660645 0.595611632 0.020767221
vt 0.699218750 0.106689453
vn -0.023597926 0.967514634 0.251711100
v -0.262145996 0.597106993 0.021936415
vt 0.705566406 0.122314453
vn -0.118337847 0.702138305 0.702138186
v -0.245834351 0.597381651 0.046047207
vt 0.709960938 0.126708984
vn -0.330903679 0.874530971 -0.354539603
vt 0.708496094 0.086181641
v -0.424865723 0.594039977 0.044242878
vt 0.704101562 0.085449219
vn -0.975169480 0.212335244 0.062914275
vt 0.716796875 0.074218750
vt 0.716308594 0.082519531
v -0.424926758 0.537681639 -0.039188363
vt 0.688720703 0.070556641
vt 0.660644531 0.063964844
v -0.425567627 0.508285582 0.030147577
vt 0.703125000 0.062744141
vt 0.730468750 0.062500000
v -0.424499512 0.498245269 -0.081230141
vt 0.682617188 0.059570312
vn -0.977074921 -0.212750241 -0.007879499
v -0.415771484 0.488782912 -0.091560341
vt 0.680419922 0.054931641
vn -0.244382516 -0.969646931 -0.007883235
v -0.427001953 0.495386153 0.046417262
vt 0.705566406 0.059570312
vn -0.975410879 -0.220254108 -0.007866080
vt 0.704833984 0.056396484
vt 0.709472656 0.051025391
v -0.403167754 0.489093810 -0.250884980
vt 0.660400391 0.048339844
vn -0.967514753 -0.251711190 0.023598058
vt 0.050292969 0.009765625
vt 0.079101562 0.009765625
vt 0.051025391 0.022705078
vt 0.080810547 0.021972656
v -0.424438506 0.128112823 -0.336334199
vt 0.683593750 0.704833984
vn -0.606111288 0.495909303 0.621854603
v -0.407104522 0.198944122 -0.337127656
vt 0.664306641 0.713623047
vn 0.306763589 -0.007865675 0.951753259
vt 0.671386719 0.706542969
v -0.424591094 0.103302032 -0.336151063
vt 0.688720703 0.693847656
vn -0.995433331 0.039501280 0.086903036
vt 0.695800781 0.657470703
v -0.403076202 0.132476807 -0.341491669
vt 0.679931641 0.712158203
vn -0.826310754 0.543004096 0.149522975
v -0.418212891 0.131744415 -0.218902543
vt 0.716552734 0.722167969
vn -0.737805486 0.675013483 0.000000067
v -0.403167725 0.133483917 -0.130081132
vt 0.736083984 0.745117188
vn -0.840412080 0.541947901 0.000000087
v -0.424713135 0.111755401 -0.155166581
vt 0.737060547 0.715087891
vn -0.996270061 0.086291067 0.000000127
v -0.424804688 0.071136504 -0.208038285
vt 0.725830078 0.685058594
v -0.424041778 0.015319854 -0.336852968
vt 0.696533203 0.665039062
vn -0.987969458 -0.078410313 0.133297592
v -0.417266876 0.008270293 -0.337402284
vt 0.698486328 0.659179688
vn -0.125545174 -0.980822146 0.149085030
v -0.424682647 0.015167266 -0.264556825
vt 0.715087891 0.668212891
vn -0.994719684 -0.102629848 0.000000135
v -0.424804688 0.019928008 -0.226577714
vt 0.725830078 0.670654297
vn -0.988790512 -0.149103373 -0.007847407
v -0.414031982 0.008056670 -0.231353715
vt 0.725585938 0.667236328
vn -0.031476509 -0.999380589 0.015738323
v -0.402954131 0.173339844 -0.344818085
vt 0.668701172 0.718261719
v -0.402954102 0.152465850 -0.098953210
vt 0.744140625 0.755859375
v -0.403015167 0.211181641 -0.344482392
vt 0.657714844 0.712646484
vn -0.999721110 -0.000000043 0.023615589
v -0.403320342 0.209014922 -0.233352616
vt 0.629882812 0.724609375
v -0.403106689 0.199310333 0.006245648
vt 0.557617188 0.751464844
vn -0.997252405 -0.062819093 -0.039261773
vt 0.167236328 0.817138672
vt 0.178466797 0.816406250
v -0.424987763 0.072998077 0.105155982
vt 0.177246094 0.846435547
vt 0.166992188 0.831787109
v -0.422515839 0.131500274 0.083786048
vt 0.191162109 0.847900391
vn -0.997375369 0.070680097 -0.015706573
vt 0.187744141 0.818847656
vt 0.197998047 0.836914062
v -0.419799775 0.157196075 0.071197547
vt 0.204833984 0.846435547
vn -0.857364535 -0.401152223 -0.322494775
v -0.424621552 0.043853790 0.006975695
vt 0.173339844 0.869628906
v -0.424865723 0.075927764 -0.035766557
vt 0.183837891 0.877441406
v -0.422943115 0.129272491 -0.063514672
vt 0.198486328 0.885986328
vn -0.959114790 0.283017427 0.000000113
v -0.402832001 0.133575469 0.112335242
vt 0.200927734 0.851806641
vn -0.960987568 0.259939224 -0.094523259
v -0.420471162 0.133972198 0.059013408
vt 0.197509766 0.862060547
vn -0.165673092 0.986149132 -0.007889214
vt 0.206298828 0.902099609
vt 0.197753906 0.930419922
vt 0.215576172 0.895263672
vt 0.192871094 0.916503906
v -0.403259248 0.177856475 0.038692508
vt 0.217041016 0.860107422
vn -0.963021278 -0.228914931 -0.142084956
v -0.419799805 0.192993194 0.014255561
vt 0.225585938 0.857910156
vn -0.967964053 -0.212479964 -0.133783489
vt 0.226562500 0.865478516
vt 0.245605469 0.932373047
v -0.409484863 0.237854049 -0.058868375
vt 0.241699219 0.856933594
vn -0.023656577 -0.843750060 -0.536214888
v -0.419708252 0.250610411 -0.073287934
vt 0.246093750 0.853271484
vn -0.985352337 -0.141890764 -0.094593689
v -0.403015137 0.252197325 -0.078895539
vt 0.247802734 0.856445312
v -0.418243438 0.314651519 -0.177749604
vt 0.273681641 0.846435547
vn -0.952726424 -0.259834498 -0.157475293
v -0.402801514 0.281921446 -0.124763459
vt 0.260253906 0.852783203
vn -0.974416494 -0.180738583 -0.133589208
v -0.424804688 0.060577422 -0.134063676
vt 0.179443359 0.907470703
vt 0.176757812 0.925781250
vt 0.165527344 0.930908203
v -0.424835175 0.033996612 -0.001391724
vt 0.171630859 0.878173828
vn -0.999597251 0.015741648 0.023612663
v -0.424957275 0.014007598 -0.159667924
vt 0.166259766 0.915283203
v -0.416809082 0.008026153 -0.166351274
vt 0.163818359 0.917724609
vn -0.078497149 -0.996914387 0.000000054
vt 0.161376953 0.932373047
v -0.335601807 0.014190733 -0.173355073
vt 0.144531250 0.923095703
v -0.421569824 0.008483917 -0.122367814
vt 0.163330078 0.907470703
vn -0.031464826 -0.999009490 -0.031464819
v -0.425048828 0.017150909 -0.101783708
vt 0.165771484 0.901855469
vn -0.998484433 -0.055034619 0.000000133
v -0.344360352 0.008148223 -0.067962609
vt 0.143066406 0.895996094
vn 0.070680186 -0.997375369 -0.015706666
v -0.336181641 0.015899718 -0.039192166
vt 0.138427734 0.890380859
vn 0.094809145 -0.995495498 0.000000031
v -0.421478271 0.008178741 -0.082847551
vt 0.162353516 0.898193359
vn -0.196116075 -0.980580688 0.000000069
v -0.425659150 0.018219024 0.009397552
vt 0.165527344 0.876220703
vn -0.967514753 -0.251711190 -0.023597782
v -0.411865205 0.036041290 0.010240598
vt 0.170410156 0.874755859
vn -0.998947680 0.039328605 -0.023597062
v -0.416625947 0.008239776 0.012227103
vt 0.160888672 0.876220703
vn -0.070688814 -0.997498453 0.000000053
v -0.340209931 0.008270323 0.054199252
vt 0.140869141 0.868896484
vn 0.094797306 -0.995371222 0.015799573
vt 0.139160156 0.844726562
v -0.419891328 0.008209258 0.057476088
vt 0.156494141 0.865478516
vn -0.007871530 -0.999690175 0.023614774
v -0.425170869 0.013610870 0.055114791
vt 0.159423828 0.864257812
vn -0.978595018 -0.205189317 0.015783928
v -0.421447724 0.009399444 0.051631972
vt 0.157714844 0.866210938
vn -0.701745212 -0.709630072 -0.063078098
v -0.421417207 0.009399444 0.052913710
vt 0.157714844 0.865966797
vn -0.725467205 -0.686039686 0.055198718
v -0.417785615 0.008239776 0.111022994
vt 0.156494141 0.849853516
vn -0.173287407 -0.984587789 0.023630172
v -0.424255341 0.023223907 0.133956954
vt 0.161621094 0.843994141
vn -0.992957532 -0.118209280 0.007880751
v -0.416290253 0.009429961 0.135665938
vt 0.157958984 0.843750000
vn -0.188550130 -0.982032180 -0.007856189
vt 0.152343750 0.818603516
v -0.424591035 0.021057159 0.175491378
vt 0.159912109 0.833496094
vn -0.975169599 -0.220199630 -0.023592675
vt 0.154541016 0.818847656
vt 0.816894531 0.164550781
v -0.419250518 0.489536315 -0.250213593
vt 0.802978516 0.142822266
vn -0.967305303 -0.220199630 0.125828475
vt 0.802490234 0.117187500
vt 0.814453125 0.168212891
vt 0.795898438 0.093505859
vt 0.794433594 0.143066406
vt 0.695068359 0.934814453
v -0.419189423 0.286071837 0.068893462
vt 0.675781250 0.948486328
vn -0.797827125 0.513453066 0.315971196
v -0.418975800 0.234298751 0.047836341
vt 0.671386719 0.935791016
vt 0.701660156 0.932128906
vt 0.688964844 0.945312500
vt 0.712402344 0.915527344
vt 0.695312500 0.918457031
vt 0.680175781 0.911132812
vt 0.667480469 0.923828125
vt 0.640136719 0.928710938
v -0.419006348 0.294265807 -0.042385068
vt 0.645996094 0.942138672
vt 0.617431641 0.922119141
v -0.419799805 0.294250548 0.034145389
vt 0.666259766 0.949951172
vn -0.999225974 0.031471640 0.023603892
v -0.419281036 0.368377715 -0.161071748
vt 0.618164062 0.968261719
v -0.418762207 0.387725860 -0.094078042
vt 0.641845703 0.981689453
v -0.414306641 0.363449156 -0.052661866
vt 0.651611328 0.973632812
vn -0.378598839 0.780860126 0.496911019
v -0.403106689 0.397628814 -0.108253457
vt 0.641113281 0.987548828
vn -0.990806103 0.110089518 0.078635521
v -0.402404785 0.340980589 -0.021345111
vt 0.660400391 0.969726562
vn -0.863150060 0.423728198 0.274638742
vt 0.680908203 0.952880859
vt 0.712646484 0.945068359
v -0.402221680 0.341766417 0.057056453
vt 0.675537109 0.972656250
vt 0.694091797 0.974365234
vt 0.696533203 0.988281250
vt 0.745361328 0.390625000
v -0.419281036 0.448717147 -0.278594941
vt 0.726074219 0.391845703
v -0.419281036 0.437036544 -0.170043916
vt 0.725585938 0.357910156
vn -0.964735925 0.221414745 0.142338187
vt 0.735107422 0.419677734
vt 0.728271484 0.338867188
vt 0.721679688 0.334472656
vt 0.704589844 0.348144531
vt 0.684326172 0.350097656
vt 0.707031250 0.316650391
v -0.419799834 0.377037078 -0.279632539
vt 0.701171875 0.396240234
vn -0.980490208 -0.172566324 -0.094126925
vt 0.707275391 0.418701172
vt 0.704833984 0.422851562
vt 0.682373047 0.372558594
v -0.403228790 0.311294585 -0.174285859
vt 0.679199219 0.352783203
vn -0.993111670 -0.086700268 -0.078818254
v -0.403045684 0.282409698 -0.342468232
vt 0.617675781 0.361328125
vt 0.673583984 0.339111328
v -0.403289825 0.281677276 -0.255706757
vt 0.649169922 0.353027344
vn -0.996270061 -0.086291149 0.000000134
v -0.399780303 0.277435333 -0.302215546
vt 0.632812500 0.355224609
vn -0.999876022 -0.015746122 0.000000132
v -0.403228790 0.275711089 -0.259246796
vt 0.639404297 0.347900391
vt 0.601562500 0.349853516
vt 0.632812500 0.324218750
vt 0.677246094 0.328369141
v -0.403015167 0.284408599 -0.189056352
vt 0.670410156 0.348632812
vn -0.997467637 -0.070686720 0.007854209
v -0.399993926 0.280960113 -0.191741899
vt 0.659667969 0.345458984
v -0.402679473 0.284011871 -0.182037309
vt 0.670654297 0.347412109
vn -0.759599626 -0.649966657 -0.023492644
v -0.402679473 0.283981353 -0.183303788
vt 0.670410156 0.347656250
vn -0.749147058 -0.662403762 0.000000127
vt 0.960449219 0.896240234
vt 0.975341797 0.921142578
v -0.403015167 0.451646835 -0.193267792
vt 0.964843750 0.916259766
vn -0.919749916 0.330166608 0.212250099
vt 0.973388672 0.945556641
vt 0.956298828 0.897705078
v -0.403076172 0.433334380 -0.054290749
vt 0.957519531 0.958740234
vt 0.922607422 0.505859375
vt 0.928955078 0.515380859
vt 0.920410156 0.562011719
vt 0.930175781 0.520507812
vt 0.926269531 0.544677734
vt 0.950927734 0.586914062
vt 0.918701172 0.563720703
v -0.401824981 0.341140777 -0.341064423
vt 0.918457031 0.563720703
vn -0.975139380 0.196600631 0.102232464
vt 0.916015625 0.564697266
v -0.401977569 0.341148406 -0.341918916
vt 0.918212891 0.563720703
vn 0.630880356 0.346984237 0.693968296
vt 0.805908203 0.878906250
v -0.341827422 0.000457793 -0.339660585
vt 0.776367188 0.876953125
vn 0.086700276 -0.993111670 0.078818418
vt 0.800781250 0.875000000
vt 0.805419922 0.892822266
v -0.342071563 0.008575469 -0.337188661
vt 0.775878906 0.874023438
vn 0.094702810 -0.994378924 0.047351412
vt 0.803222656 0.846191406
vt 0.778808594 0.825683594
v -0.337463409 0.016204864 -0.342925996
vt 0.772705078 0.874755859
vn 0.142085150 -0.986702085 0.078936197
v -0.292633086 0.015655547 -0.342040986
vt 0.759277344 0.875244141
vn 0.015741736 -0.999597251 0.023612574
v -0.270629883 0.015655577 -0.176818833
vt 0.756835938 0.817382812
vn 0.023615502 -0.999721110 0.000000041
v -0.237411529 0.017883331 -0.341064423
vt 0.744384766 0.861572266
vn 0.023568824 -0.997744679 0.062850103
v -0.237533584 0.016967833 -0.255493134
vt 0.747314453 0.837158203
vn 0.015745636 -0.999845147 -0.007872755
v -0.272125274 0.008117706 -0.350555390
vt 0.749023438 0.879394531
vn 0.007861891 -0.998453617 0.055032920
v -0.336608917 0.008300811 -0.356414765
vt 0.771728516 0.879882812
vn 0.126074240 -0.984954536 0.118194580
v -0.336151153 0.005188018 -0.438842744
vt 0.770507812 0.906738281
vn 0.047191504 -0.998885930 0.000000037
v -0.064796485 0.008239776 -0.413665771
vt 0.694824219 0.911621094
v -0.230194137 0.008667022 -0.439453095
vt 0.736328125 0.907958984
vn 0.007871618 -0.999690175 -0.023614688
vt 0.802978516 0.918457031
v -0.323761016 0.008026153 -0.449005097
vt 0.765625000 0.911132812
vn 0.054973483 -0.997375369 -0.047120057
vt 0.736816406 0.925537109
v -0.328338653 0.002349883 -0.490081757
vt 0.769775391 0.922119141
vn 0.062772654 -0.996515274 -0.054926001
vt 0.805175781 0.932373047
vt 0.770263672 0.926025391
v -0.322296172 0.008361846 -0.482177705
vt 0.766357422 0.921386719
vn 0.078650020 -0.983125031 -0.165164962
vt 0.754882812 0.926513672
vt 0.480224609 0.913818359
vt 0.480712891 0.925048828
vt 0.455566406 0.898681641
vt 0.398681641 0.900146484
vt 0.500488281 0.919189453
vt 0.456542969 0.871826172
vt 0.493896484 0.034423828
vt 0.515625000 0.021728516
vt 0.554199219 0.033935547
vt 0.214111328 0.202148438
v -0.384033144 0.553146422 0.448425323
vt 0.211425781 0.214599609
vn 0.000000130 0.015746122 0.999876022
vt 0.198974609 0.223388672
v -0.381713808 0.595748961 0.448211700
vt 0.206542969 0.223632812
vn 0.000000131 0.007873815 0.999969006
v -0.351592958 0.602905333 0.448211700
vt 0.209716797 0.230224609
vn 0.181434631 0.236653775 0.954503298
vt 0.210937500 0.235595703
vt 0.213134766 0.232666016
v -0.336090028 0.550231993 0.446899414
vt 0.221679688 0.224365234
vn 0.283008844 0.007861407 0.959085107
v -0.333984315 0.570961058 0.437164307
vt 0.219238281 0.228515625
vn 0.118121356 -0.039373692 0.992218256
v -0.333862245 0.544570982 0.435607910
vt 0.224853516 0.225341797
vn 0.023609011 -0.023608835 0.999442518
v -0.333282411 0.497707427 0.437805176
vt 0.234863281 0.217041016
vn 0.424710125 -0.039324939 0.904474914
v -0.360778749 0.495925963 0.448852569
vt 0.224365234 0.208740234
vn 0.047190130 -0.007864954 0.998854995
v -0.336242616 0.418918669 0.445373535
vt 0.241943359 0.201904297
vn 0.583310544 -0.023647660 0.811905026
v -0.334808290 0.463239729 0.432525635
vt 0.240234375 0.211425781
vn 0.337153941 -0.243064359 0.909531236
v -0.342773378 0.393554747 0.446350127
vt 0.245849609 0.195312500
vn 0.133705124 -0.007864950 0.990989983
vt 0.239990234 0.169433594
vt 0.260009766 0.169921875
vt 0.261962891 0.172119141
v -0.334594667 0.395492613 0.430786133
vt 0.250244141 0.197509766
vn 0.996239424 -0.007844358 0.086288318
v -0.336669862 0.299896300 0.414154053
vt 0.266845703 0.180419922
vn 0.259128690 0.000000054 0.965842843
v -0.336456239 0.411129057 0.413940430
vt 0.253417969 0.203613281
vn 0.299612403 -0.007884478 0.954028487
v -0.333953798 0.463225305 0.414489746
vt 0.247070312 0.213623047
vn -0.205157220 -0.481330693 0.852192104
v -0.335723817 0.334320128 0.414154053
vt 0.262695312 0.188964844
vn 0.078497328 0.000000047 0.996914387
v -0.151199281 0.331604064 0.413848877
vt 0.302490234 0.207275391
vn -0.039261773 -0.062819004 0.997252405
v -0.252899110 0.388992369 0.414215088
vt 0.272949219 0.209472656
vn -0.007873640 0.000000043 0.999969006
v -0.231414735 0.390205443 0.414398193
vt 0.278076172 0.211914062
vn -0.212809533 -0.299509883 0.930057049
v -0.364685118 0.647964478 -0.327484101
vt 0.099365234 0.840332031
vn -0.511557460 0.755530953 -0.409245878
v -0.366241515 0.634796143 -0.349548310
vt 0.092773438 0.843994141
vn -0.916774154 0.355645120 0.181774288
v -0.367248595 0.641708374 -0.298065156
vt 0.096923828 0.833496094
vn -0.882574081 -0.457047343 0.110321909
v -0.292083800 0.659851074 -0.351806641
vt 0.110595703 0.850097656
vn -0.779237807 0.613944888 0.125937492
v -0.327667296 0.673522949 -0.303680420
vt 0.110839844 0.837402344
vn -0.896859765 -0.039336011 -0.440562546
v -0.357482970 0.662048340 -0.365417451
vt 0.095947266 0.849609375
vn -0.660353601 -0.133643016 0.738967299
v -0.361450255 0.651962280 -0.385528535
vt 0.094482422 0.853759766
vn -0.212935433 -0.449530184 -0.867514372
v -0.353698790 0.674301147 -0.289520234
vt 0.106933594 0.831542969
vn -0.316059977 0.916573703 -0.244946435
v -0.333740264 0.688705444 -0.225082397
vt 0.114501953 0.817382812
vn -0.963171303 -0.268424809 -0.015789555
v -0.367797881 0.673538208 -0.258544892
vt 0.104736328 0.824462891
vn -0.827747405 0.559714794 -0.039416458
v -0.345397979 0.683624268 -0.218429565
vt 0.112304688 0.814941406
vn -0.362801343 0.930664241 0.047321919
v -0.322387725 0.678726256 -0.144210815
vt 0.123046875 0.801025391
vn -0.914037824 0.401861429 0.055157557
v -0.336730987 0.677764952 -0.115859978
vt 0.118896484 0.792724609
vn -0.622162998 0.779672623 0.070879370
v -0.364410430 0.666565001 -0.148010254
vt 0.110107422 0.797119141
vn -0.769936979 0.636376441 0.047139075
v -0.364318877 0.666168272 -0.054843891
vt 0.121582031 0.779785156
vn -0.872367680 0.487268388 0.039295934
v -0.363616973 0.648437560 -0.139617920
vt 0.107421875 0.793945312
vn -0.632356703 -0.774637103 -0.007904343
v -0.367950469 0.656494141 -0.238586426
vt 0.101806641 0.818359375
vn -0.724746525 -0.685358167 0.070899241
v -0.344024718 0.630706787 -0.311553925
vt 0.090087891 0.833496094
vn -0.996055484 -0.062743694 0.062743783
v -0.334381133 0.643234253 -0.228912354
vt 0.093505859 0.811523438
vn -0.756374538 -0.653948963 0.015757931
v -0.336151153 0.640487731 -0.151763916
vt 0.096923828 0.795410156
vn -0.306431860 -0.950724602 -0.047143288
v -0.333160430 0.638702452 -0.139755249
vt 0.095947266 0.792724609
vn -0.456282943 0.888964951 0.039334755
v -0.336486846 0.639129698 -0.129608154
vt 0.095947266 0.790771484
vn -0.998607934 0.023589119 -0.047178198
v -0.361602813 0.636337280 -0.238281250
vt 0.086669922 0.811767578
vn -0.462777168 0.886335850 0.015687382
v -0.345581084 0.635498106 -0.151763901
vt 0.092285156 0.795166016
vn -0.591726363 0.804747820 0.047338154
v -0.361602813 0.627121031 -0.115150444
vt 0.088134766 0.786621094
vn -0.855408609 0.517953753 0.000000090
v -0.367462188 0.617584229 -0.197723374
vt 0.082763672 0.803710938
vn -0.989461064 0.141351521 0.031411584
v -0.367157012 0.629547119 -0.258270234
vt 0.084228516 0.817626953
vn -0.965604842 0.227662876 -0.125607014
v -0.359710723 0.607528746 -0.119743340
vt 0.081054688 0.788330078
vn -0.662218451 -0.748937607 0.023650786
v -0.364959717 0.612960875 -0.032489765
vt 0.078857422 0.767822266
vn -0.982396007 -0.180760920 -0.047154870
v -0.357513458 0.610458374 -0.255248994
vt 0.078369141 0.816406250
vn -0.386246085 -0.922261059 0.015765239
v -0.364837706 0.607223511 -0.304626435
vt 0.082519531 0.831787109
vn -0.920290411 -0.196643293 -0.338226259
v -0.327301025 0.598114073 -0.059520714
vt 0.073730469 0.774658203
vn -0.512176275 -0.858880401 0.000000105
v -0.338653564 0.595169127 -0.040832512
vt 0.072509766 0.767333984
vn -0.165057883 0.982487082 -0.086458884
vt 0.062744141 0.796142578
vt 0.063476562 0.758789062
vt 0.069091797 0.794677734
v -0.346527129 0.599975646 -0.113395683
vt 0.076171875 0.793212891
vn -0.434473902 -0.900545895 0.015799146
v -0.349090606 0.601806700 -0.159530625
vt 0.076660156 0.799316406
vn -0.471987575 -0.881043494 -0.031465739
v -0.297576934 0.604156494 -0.247467026
vt 0.069335938 0.821044922
vn -0.188550130 -0.982032180 0.007856325
vt 0.065185547 0.818847656
vt 0.074707031 0.830810547
vt 0.076660156 0.831298828
vn -0.141859815 -0.977256954 0.157622144
vt 0.076660156 0.839111328
vt 0.079101562 0.829345703
vn -0.465592802 -0.875945926 0.126262575
v -0.352081358 0.624649048 -0.316070527
vt 0.086669922 0.837646484
vn -0.276509285 -0.861128926 -0.426614285
v -0.228057906 0.626510620 -0.328704834
vt 0.072021484 0.857910156
vn 0.007844383 -0.886417747 -0.462819844
v -0.315673888 0.622512817 -0.338500977
vt 0.083496094 0.847167969
vn 0.023579739 -0.998206854 0.055019315
v -0.358703673 0.621597290 -0.367950410
vt 0.090087891 0.847412109
vn -0.078574710 -0.935038924 -0.345728666
v -0.234878600 0.631881714 -0.371429443
vt 0.082763672 0.875000000
vn -0.023691982 -0.718655050 -0.694963038
v -0.362854004 0.649627745 0.032314312
vt 0.029052734 0.962402344
vn -0.763542831 0.448679835 0.464423031
v -0.354217529 0.633392394 0.017099390
vt 0.031494141 0.967529297
vn -0.465230912 -0.386378199 -0.796412051
v -0.364196777 0.615142882 0.003678572
vt 0.033691406 0.986328125
vn -0.450371385 0.892841458 0.000000020
vt 0.027832031 0.986572266
v -0.357299805 0.623764098 0.040237438
vt 0.022460938 0.969970703
vn -0.157911569 -0.031582303 0.986948133
v -0.358001709 0.647476256 -0.015441886
vt 0.052978516 0.971435547
vn -0.512941301 -0.852271676 -0.102588147
vt 0.063720703 0.971923828
vt 0.070312500 0.995361328
v -0.283020020 0.627029479 -0.003546715
vt 0.038818359 0.974853516
vn -0.620185196 -0.306167394 -0.722240865
v -0.338897705 0.640655577 -0.045623772
vt 0.051269531 0.984619141
vn -0.937822282 -0.267949283 0.220664233
v -0.295135498 0.636596739 -0.034824371
vt 0.043945312 0.978271484
vn -0.535565794 0.283534884 0.795472920
v -0.333892822 0.631301939 -0.024618141
vt 0.043212891 0.983154297
vn -0.031589214 0.892395854 0.450146556
vt 0.061767578 0.998535156
v -0.350280792 0.635406554 -0.092491142
vt 0.053466797 0.994140625
vn -0.597020328 0.801263988 0.039277691
vt 0.054443359 0.999755859
vt 0.036132812 0.995849609
vt 0.026367188 0.998779297
vt 0.823242188 0.389160156
v -0.364349425 0.679031372 -0.376617402
vt 0.829101562 0.385986328
vn -0.443315148 0.554143667 -0.704554200
vt 0.827148438 0.392333984
v -0.271514952 0.666931152 -0.399169922
vt 0.844970703 0.392089844
vn -0.118474536 0.205355570 -0.971490085
v -0.322418272 0.702743530 -0.359344482
vt 0.838623047 0.377929688
vn -0.157329306 0.849577725 -0.503453493
v -0.360595763 0.681808472 -0.330932587
vt 0.823486328 0.380859375
vn -0.785092831 -0.533863246 0.314037293
v -0.346344054 0.670593262 -0.346038789
vt 0.820312500 0.383544922
vn -0.347189307 -0.907426775 0.236720130
vt 0.813720703 0.388916016
vt 0.812500000 0.376708984
v -0.364227355 0.693557739 -0.328857392
vt 0.824707031 0.377441406
vn -0.998762369 0.015728500 0.047185756
v -0.351318389 0.690704346 -0.255706757
vt 0.814453125 0.364501953
vn -0.658100247 -0.736445606 0.156690672
vt 0.808349609 0.359619141
v -0.348510802 0.702850342 -0.346130341
vt 0.830566406 0.377685547
vn -0.260741353 0.948150218 -0.181728795
v -0.355377227 0.709915161 -0.248947144
vt 0.818115234 0.360595703
vn -0.852856100 0.521189749 0.031587351
v -0.347259551 0.699905396 -0.189804077
vt 0.810058594 0.351074219
vn -0.907087862 -0.410161495 0.094652787
v -0.343963653 0.689865172 -0.153533936
vt 0.804687500 0.344238281
vn -0.780447543 -0.622781396 -0.055183034
vt 0.799316406 0.344970703
v -0.342620879 0.711013854 -0.161346436
vt 0.809570312 0.343750000
vn -0.732737958 0.677585542 0.063031286
v -0.332916290 0.683075011 -0.131958008
vt 0.799316406 0.341796875
vn -0.560429275 -0.813017190 -0.157867312
vt 0.796630859 0.339599609
v -0.349456817 0.686691344 -0.087882988
vt 0.797363281 0.332519531
vn -0.912481070 -0.409043282 -0.007866079
v -0.336578399 0.722381651 -0.232223511
vt 0.821289062 0.354492188
vn -0.094782516 0.995215952 -0.023695648
v -0.286895812 0.720092833 -0.271728516
vt 0.836914062 0.356445312
vn -0.110428140 0.993852854 0.007887692
v -0.280059874 0.709655762 -0.353393555
vt 0.844482422 0.373046875
vn -0.165267318 0.967993915 -0.188876897
v -0.265167266 0.712661743 -0.223556533
vt 0.833984375 0.345214844
vn 0.039280038 0.997713923 0.054992057
v -0.212402388 0.717010558 -0.230392471
vt 0.843750000 0.340087891
vn -0.125545263 0.980822146 0.149084941
v -0.264099151 0.713729858 -0.177963272
vt 0.829345703 0.336181641
vn 0.047154970 0.998114347 0.039295789
v -0.216186553 0.716003478 -0.190536514
vt 0.839111328 0.332275391
vn -0.094514601 0.992402971 0.078762114
v -0.307952911 0.719177306 -0.173889160
vt 0.819335938 0.340820312
vn 0.007854042 0.997467637 0.070686631
v -0.273925811 0.712066710 -0.158584610
vt 0.824951172 0.333740234
vn 0.141780600 0.984587789 0.102397062
v -0.250610381 0.705627501 -0.122528084
vt 0.825195312 0.323974609
vn -0.031479523 0.999473393 -0.007869910
v -0.168594390 0.718231261 -0.144210845
vt 0.843505859 0.318115234
vn -0.102601066 0.994440794 0.023677131
v -0.316955596 0.712234557 -0.085884087
vt 0.806884766 0.326171875
vn 0.055019233 0.998206854 0.023579638
v -0.334106475 0.713562071 -0.131439209
vt 0.808349609 0.336425781
vn -0.268157512 0.962212205 0.047321904
v -0.190048233 0.714477599 -0.081291214
vt 0.832275391 0.308349609
vn -0.173201546 0.984099448 -0.039363999
v -0.189544693 0.720031798 -0.028118150
vt 0.827392578 0.298339844
vn -0.180822358 0.982729971 -0.039309219
v -0.160507217 0.722992003 -0.007862111
vt 0.829345703 0.290283203
vn -0.031456146 0.998731434 0.039320093
v -0.200485244 0.717376769 -0.018690124
vt 0.823730469 0.298583984
vn -0.062772669 0.996515274 -0.054926075
v -0.303558350 0.715545714 0.004323004
vt 0.800537109 0.307617188
vn -0.031471726 0.999225974 0.023603724
v -0.206222549 0.715454161 0.008392320
vt 0.818359375 0.294433594
vn 0.007840802 0.909531295 0.415561706
v -0.331787109 0.699691832 0.057750706
vt 0.788330078 0.301025391
vn -0.212955207 0.875482559 0.433797657
v -0.333282501 0.710128844 -0.058811184
vt 0.800537109 0.322753906
vn -0.330309600 0.943741679 0.015729029
v -0.337768555 0.709014952 0.017747883
vt 0.792236328 0.308837891
vn -0.723334014 0.684022248 0.094347984
v -0.334716797 0.679016173 0.048271183
vt 0.783935547 0.305419922
vn -0.853468418 -0.395124286 -0.339806706
v -0.336364746 0.688385069 -0.011716838
vt 0.790283203 0.316162109
vn -0.684022248 -0.723334074 0.094348036
v -0.341430664 0.700225890 -0.028091427
vt 0.794433594 0.318359375
vn -0.942750812 0.322106481 0.086418942
v -0.349304229 0.701141417 -0.078659050
vt 0.799072266 0.328857422
vn -0.874178410 0.480404317 0.070879415
vt 0.992919922 0.668945312
v -0.349151611 0.596801817 0.094566353
vt 0.994628906 0.668701172
vn -0.181259796 0.977226615 0.110332012
vt 0.998046875 0.677246094
vt 0.998046875 0.665527344
v -0.343444824 0.595794737 0.088729866
vt 0.994140625 0.665039062
vn -0.142085120 -0.836723387 -0.528872252
v -0.339172363 0.592300475 0.078941353
vt 0.997314453 0.664062500
vn -0.055329520 0.995930731 0.071137868
vt 0.992919922 0.663085938
v -0.336425781 0.596328795 0.097412117
vt 0.988281250 0.663818359
vn -0.133445263 0.989064693 0.062797725
vt 0.994384766 0.661376953
v -0.338623047 0.608413756 0.074592598
vt 0.989501953 0.649414062
vn -0.212099284 0.785553038 0.581309199
v -0.314392090 0.602844298 0.082138069
vt 0.978271484 0.653564453
vn 0.047279377 0.496432513 0.866786838
v -0.281677246 0.596588194 0.092025757
vt 0.962890625 0.651855469
vn 0.007867639 0.999195039 0.039338343
vt 0.822998047 0.046630859
vt 0.803710938 0.047119141
v -0.347015381 0.668167174 0.008422858
vt 0.810302734 0.042236328
vn -0.266882241 0.902689934 0.337527514
v -0.349853545 0.675140440 -0.050449364
vt 0.822509766 0.042480469
vn -0.142085120 0.986702085 0.078936137
vt 0.835205078 0.042968750
v -0.301239014 0.648620665 0.032093052
vt 0.802978516 0.033447266
vn -0.015691629 0.619822443 0.784585238
vt 0.797607422 0.045898438
v -0.327514648 0.666366637 0.007810597
vt 0.810791016 0.038085938
vn -0.000000001 0.951782823 0.306772947
v -0.313903809 0.674011290 -0.037677761
vt 0.821777344 0.033935547
vn -0.658646286 0.627282202 0.415574521
vt 0.824951172 0.026611328
vt 0.838134766 0.037597656
v -0.257720947 0.658111632 0.025087351
vt 0.804931641 0.023437500
vn -0.345515400 0.659620345 0.667473018
v -0.282806396 0.670745909 -0.006880285
vt 0.813476562 0.028076172
vn -0.807327986 0.376230568 0.454611987
v -0.253570557 0.640487731 0.039337154
vt 0.799316406 0.023437500
vn -0.742624819 -0.639921486 0.197506741
v -0.299133301 0.664779723 0.037113193
vt 0.813720703 0.018310547
vn -0.360454708 -0.760089219 -0.540681839
v -0.302917480 0.676284850 -0.000600099
vt 0.817382812 0.025878906
vn -0.376751691 -0.926181257 -0.015697896
v -0.323974609 0.685165465 0.016239170
vt 0.820800781 0.020996094
vn -0.353575200 -0.919295549 -0.172858909
vt 0.820800781 0.013183594
v -0.331848145 0.606903136 0.032878883
vt 0.791992188 0.041015625
vn 0.015680263 -0.478243887 0.878087163
vt 0.789794922 0.048828125
vt 0.788085938 0.043945312
vt 0.788574219 0.023925781
v -0.253692627 0.614730895 0.040691372
vt 0.793945312 0.021484375
vn -0.418714166 -0.331811190 -0.845328331
vt 0.704833984 0.449707031
vt 0.709960938 0.477539062
vt 0.699951172 0.471191406
vt 0.719970703 0.451416016
v -0.252777159 0.490266830 -0.498321533
vt 0.704101562 0.437255859
vn 0.015799453 -0.521384954 -0.853175342
v -0.160217360 0.528564453 -0.496551514
vt 0.680664062 0.421142578
vn 0.031476423 0.015738236 -0.999380589
v -0.075439520 0.486728698 -0.495819122
vt 0.684814453 0.395019531
vn 0.023538927 -0.588475227 -0.808172524
v 0.006022387 0.519466460 -0.490631133
vt 0.661132812 0.377929688
vn 0.039328519 0.023597149 -0.998947680
v -0.016504357 0.575225890 -0.491119415
vt 0.648193359 0.393798828
vn 0.039338257 0.007867635 -0.999195039
v -0.250579894 0.575592041 -0.498535156
vt 0.684814453 0.450195312
vn 0.015745463 -0.007872839 -0.999845147
v -0.255798399 0.593872070 -0.499755859
vt 0.681152344 0.455566406
vn -0.007865382 0.330340177 -0.943829238
vt 0.690917969 0.473144531
vt 0.687255859 0.476806641
vt 0.692382812 0.484130859
v -0.201171950 0.600845337 -0.496612549
vt 0.669189453 0.442382812
vn 0.023665251 0.741514981 -0.670518875
vt 0.679199219 0.481201172
v -0.048610758 0.599502623 -0.491302520
vt 0.638916016 0.407714844
vn 0.031596981 0.339668959 -0.940014243
v 0.056953359 0.596435606 -0.488220245
vt 0.644531250 0.378417969
vn 0.070819914 0.495740354 -0.865578473
v -0.101188727 0.603210509 -0.475097686
vt 0.642089844 0.424072266
vn -0.007847607 0.988790512 -0.149103373
v 0.038482599 0.602493346 -0.473175079
vt 0.618408203 0.403808594
vn 0.015757734 0.976983905 -0.212730408
v -0.194793761 0.603576660 -0.441558838
vt 0.653076172 0.449707031
vn -0.000000063 0.988820970 -0.149107978
v -0.122566290 0.611038268 -0.441375732
vt 0.635498047 0.435546875
vn -0.000000061 0.991020679 -0.133709177
vt 0.672119141 0.489501953
v -0.002595966 0.607101500 -0.444824249
vt 0.614501953 0.419433594
vn 0.007864939 0.990989983 -0.133705035
v 0.132202089 0.611312926 -0.392608702
vt 0.570068359 0.410888672
vn -0.007872839 0.999845147 0.015745552
v -0.143570006 0.603378356 -0.447448730
vt 0.643066406 0.437988281
vn -0.094629183 0.954176784 -0.283887327
v -0.336639404 0.611129820 0.107917793
vt 0.019775391 0.786621094
vn -0.604801059 -0.204218566 0.769747019
v -0.341369629 0.627868712 0.069946297
vt 0.035156250 0.794921875
vn 0.157867476 0.623576283 0.765656888
v -0.348236084 0.638488829 0.078033455
vt 0.033935547 0.801757812
vn -0.792797089 -0.078494780 0.604409873
v -0.343750000 0.618026793 0.057170875
vt 0.024658203 0.809082031
vn -0.416368932 -0.196400434 -0.887729645
v -0.280151367 0.637054503 0.082168579
vt 0.058349609 0.784667969
vn 0.031535327 -0.536098182 0.843566477
v -0.266113281 0.624099791 0.066276550
vt 0.053466797 0.771484375
vn 0.031503946 0.653705478 0.756093025
v -0.293243408 0.612060606 0.101547241
vt 0.033691406 0.772216797
vn 0.078740202 0.803149581 0.590551138
v -0.316589355 0.614410460 0.086860664
vt 0.021972656 0.774658203
vn -0.055166002 -0.977226615 -0.204902291
v -0.269989014 0.611724913 0.102218628
vt 0.039794922 0.763427734
vn -0.039338343 0.794635415 0.605811119
v -0.266967773 0.615692198 0.066902161
vt 0.030029297 0.754638672
vn -0.188835844 -0.778948307 0.597980559
vt 0.295166016 0.019775391
v -0.339569092 0.647247374 0.064804085
vt 0.299560547 0.021240234
vn -0.399867922 -0.164651498 -0.901662648
vt 0.289306641 0.023437500
vt 0.289306641 0.044677734
vt 0.303710938 0.015380859
vt 0.311279297 0.015136719
vt 0.656250000 0.014648438
vt 0.656982422 0.036376953
v -0.339294434 0.621505797 0.069931038
vt 0.652099609 0.031738281
vn -0.031456042 -0.983003378 0.180872664
vt 0.648681641 0.016845703
vt 0.624511719 0.016845703
vt 0.647705078 0.036376953
v -0.287841797 0.604507506 0.090507507
vt 0.625732422 0.031494141
vn -0.031476505 0.763306558 0.645269334
v -0.230911255 0.610931456 0.090560906
vt 0.607666016 0.012939453
vn -0.133692458 0.015728578 0.990898073
v -0.318908691 0.604065001 0.096351631
vt 0.635498047 0.039306641
vn -0.346984059 -0.315440148 0.883232534
vt 0.638916016 0.044189453
vt 0.623046875 0.036621094
v -0.292663574 0.602066100 0.083023071
vt 0.628906250 0.045654297
vn 0.323628187 -0.891950905 -0.315734833
v -0.300506592 0.600814879 0.083404541
vt 0.625976562 0.044677734
vn -0.576431632 0.813321233 -0.078963190
vt 0.623535156 0.050048828
v -0.291076660 0.602066100 0.068962097
vt 0.629394531 0.049072266
vn 0.086837903 0.939428151 0.331562847
vt 0.373535156 0.025634766
vt 0.370605469 0.026367188
vt 0.369628906 0.023437500
vt 0.375732422 0.023681641
v -0.285064697 0.602508605 0.056617737
vt 0.375244141 0.010986328
vn -0.205182970 -0.520848930 -0.828623176
vt 0.372558594 0.003173828
vt 0.565673828 0.035888672
vt 0.563232422 0.038330078
vt 0.558593750 0.031494141
v -0.333282471 0.596649230 0.083251961
vt 0.564697266 0.032226562
vn -0.842728734 -0.504062057 -0.189023137
vt 0.569580078 0.033203125
vt 0.564208984 0.029541016
vt 0.561279297 0.028808594
vt 0.618652344 0.034912109
vt 0.569580078 0.023681641
vt 0.483886719 0.840332031
vt 0.493652344 0.813232422
vt 0.490966797 0.845947266
v -0.326690674 0.670929015 0.084960945
vt 0.500244141 0.830078125
vn -0.236837894 0.402624577 0.884195209
v -0.315704346 0.654068053 0.087631233
vt 0.505859375 0.824707031
vn -0.031477395 -0.125910074 0.991542220
vt 0.521484375 0.822509766
v -0.257446289 0.653595030 0.083160400
vt 0.527832031 0.833496094
vn 0.118271783 0.346930295 0.930403829
v -0.300262451 0.674072325 0.079895020
vt 0.508300781 0.836914062
vn 0.150156662 0.624335349 0.766588867
v -0.297821045 0.691894591 0.062236782
vt 0.507324219 0.848144531
vn 0.133837566 0.771533966 0.621950805
vt 0.537841797 0.877685547
v -0.242324829 0.688461363 0.052261345
vt 0.528320312 0.854003906
vn 0.133816853 0.716313481 0.684827030
v -0.184051514 0.640091002 0.073074326
vt 0.558837891 0.835937500
vn 0.102257781 -0.377566695 0.920318842
vt 0.530273438 0.812744141
v -0.197357178 0.672851622 0.064521775
vt 0.549316406 0.850097656
vn 0.000000059 0.722641885 0.691222608
v -0.194610596 0.666946471 0.070030198
vt 0.551269531 0.846679688
vn 0.063275337 0.308466733 0.949128389
v -0.190582275 0.686416686 0.054538712
vt 0.550781250 0.858154297
vn -0.102729052 0.774419367 0.624276757
v -0.149963379 0.677658141 0.064453110
vt 0.568359375 0.856689453
vn 0.063037165 0.622491300 0.780084014
v -0.164474487 0.651763976 0.073997483
vt 0.565429688 0.843261719
vn 0.039252341 0.188410714 0.981305599
v -0.118400574 0.649612486 0.070121743
vt 0.584228516 0.847900391
vt 0.553466797 0.891601562
vt 0.537353516 0.889892578
v -0.154754654 0.712112486 0.022701243
vt 0.560546875 0.878906250
vn 0.039295867 0.872367680 0.487268388
v -0.125946060 0.722625792 -0.025344873
vt 0.567626953 0.899902344
vn 0.070978418 0.993698299 0.086751387
v -0.114822395 0.701416075 0.030920003
vt 0.579101562 0.877441406
vn 0.062859781 0.887894094 0.455733210
v -0.055328380 0.713073790 0.000543203
vt 0.600341797 0.897460938
vn 0.197728857 0.949098647 0.245183736
v -0.044342045 0.695159972 0.035282101
vt 0.607177734 0.881835938
vn 0.157168850 0.809419334 0.565807641
v -0.111022957 0.690734923 0.045238469
vt 0.582275391 0.870361328
vn 0.039394561 0.787890315 0.614554405
v -0.111877449 0.690780699 0.045242283
vt 0.581787109 0.870361328
vn 0.047028866 0.783813655 0.619212747
v -0.120056152 0.682754576 0.054965947
vt 0.579833984 0.864013672
vn 0.047486212 0.609405458 0.791435540
v -0.112724312 0.690780699 0.045303319
vt 0.581542969 0.870117188
vn -0.062865540 0.793678045 0.605081201
v -0.045635223 0.669540465 0.062774628
vt 0.611572266 0.863037109
vn 0.252595812 0.410468072 0.876191378
v -0.056701660 0.642150939 0.063270539
vt 0.610351562 0.849609375
vn 0.125832349 -0.424683720 0.896554589
v -0.120803833 0.633178771 0.055862404
vt 0.586669922 0.838378906
vn 0.047391348 0.379129976 0.924129188
v -0.038509369 0.632354796 0.050655331
vt 0.620117188 0.843261719
vn 0.329759419 0.683072925 0.651667178
v -0.185333252 0.627166808 0.064979538
vt 0.561767578 0.829345703
vn 0.015797144 0.695071578 0.718767047
v -0.099815361 0.621002257 0.089706399
vt 0.599121094 0.824218750
vn 0.039412893 0.867083073 0.496602088
v -0.071792595 0.619735777 0.088211030
vt 0.610839844 0.825195312
vn 0.031456158 -0.998731434 0.039320175
v -0.102073669 0.624588072 0.052188851
vt 0.602783203 0.809570312
vn 0.173292935 -0.850710213 0.496247619
v -0.033367157 0.625289977 0.048900571
vt 0.628906250 0.810546875
vn 0.865846694 -0.204654604 0.456537187
v -0.123352043 0.617034972 0.089355446
vt 0.589111328 0.822509766
vn 0.055111356 0.614097178 0.787303925
v -0.164779663 0.613067687 0.084197983
vt 0.572021484 0.816650391
vn 0.219711050 -0.070621312 0.973005533
v -0.176834106 0.616210997 0.089515671
vt 0.567138672 0.819335938
vn 0.023566619 0.864108324 0.502753854
v -0.208602905 0.620590270 0.093521111
vt 0.555664062 0.807128906
vn 0.007884530 0.954028547 0.299612254
v -0.216766357 0.615661681 0.092208855
vt 0.556396484 0.804687500
vn 0.078487568 -0.996791542 -0.015697474
v -0.206695557 0.620880187 0.063484184
vt 0.565429688 0.805419922
v -0.189712524 0.616836607 0.065910324
vt 0.568603516 0.811035156
vn -0.055075463 0.975622237 0.212433830
v -0.226333618 0.617385924 0.069702141
vt 0.559570312 0.799560547
vn 0.268382877 0.805148900 -0.528872430
v -0.336975038 0.228683531 0.414276123
vt 0.244873047 0.618652344
vn 0.387367040 -0.347839653 0.853788316
v -0.339263856 0.221710265 0.412658691
vt 0.242187500 0.613525391
vn 0.487584800 0.707784355 0.511177480
v -0.332580507 0.223815978 0.375000000
vt 0.252929688 0.611328125
vn 0.205182984 -0.828623235 0.520848930
v -0.274078310 0.207977384 0.412506104
vt 0.247558594 0.594482422
vn 0.133506939 0.934548557 0.329840600
v -0.237594545 0.215652525 0.338104248
vt 0.268310547 0.591308594
vn -0.134153739 -0.094696812 0.986425579
v -0.231338441 0.219986022 0.414428711
vt 0.279785156 0.624023438
vn -0.055294845 -0.861021399 0.505553901
v -0.260620058 0.270401061 0.414245605
vt 0.261962891 0.633300781
vn 0.000000131 0.000000044 1.000000000
vt 0.242431641 0.635253906
vt 0.237304688 0.630615234
vt 0.223876953 0.607177734
v -0.218887269 0.207580656 0.402130127
vt 0.250732422 0.580810547
vn -0.031527355 0.945820630 0.323155344
v -0.336852968 0.196197599 0.413635254
vt 0.235595703 0.607177734
vn 0.219738111 0.141260192 0.965277612
v -0.337219179 0.171508878 0.414184570
vt 0.229492188 0.601318359
vn 0.227782354 0.298473328 0.926838100
vt 0.219726562 0.588623047
v -0.128829896 0.213104337 0.413818359
vt 0.253906250 0.553466797
vn -0.031464733 -0.031464823 0.999009490
v -0.227294862 0.198120207 0.413909912
vt 0.245605469 0.577636719
vn -0.023550494 0.259056717 0.965574980
v -0.263244569 0.166381925 0.414276123
vt 0.234130859 0.575927734
vn 0.007865123 0.133705035 0.990989983
vt 0.225830078 0.521728516
v 0.069183417 0.169525236 0.414367646
vt 0.245605469 0.494873047
vn -0.070653871 -0.031401742 0.997006595
v 0.016637867 0.209381193 0.413665742
vt 0.267089844 0.514404297
vn -0.063166514 -0.078958265 0.994874716
v -0.032665189 0.236785963 0.414398164
vt 0.273193359 0.528076172
vn -0.007872664 -0.015745550 0.999845147
v -0.082427919 0.283325255 0.414306611
vt 0.278320312 0.539062500
vn -0.070872597 -0.102371670 0.992218256
v -0.037715849 0.250701964 0.415344208
vt 0.277099609 0.528808594
vn -0.559801757 -0.741146088 0.370573133
v -0.319030732 0.596466124 0.269927979
vt 0.242431641 0.034912109
vn -0.086751476 0.993698299 0.070978418
vt 0.284912109 0.031494141
vt 0.246337891 0.040527344
vt 0.237060547 0.041259766
v -0.300384492 0.589622557 0.261138916
vt 0.237548828 0.035400391
vn 0.086515136 -0.102244943 0.990989983
v -0.295898408 0.596237242 0.267791748
vt 0.236083984 0.032958984
vn -0.000000019 0.983490050 0.180962130
vt 0.222412109 0.032958984
v -0.240966767 0.596283019 0.260986328
vt 0.223632812 0.029541016
vn 0.070610464 0.996392667 0.047073618
v -0.257049501 0.601608336 0.429870605
vt 0.879394531 0.601318359
vn 0.000000017 0.902134299 0.431455523
vt 0.887451172 0.622558594
vt 0.874755859 0.618896484
v -0.261444032 0.572212279 0.438812256
vt 0.868896484 0.598876953
vn -0.015738146 0.031476598 0.999380589
vt 0.869873047 0.619140625
vt 0.865966797 0.618896484
v -0.171386659 0.540252745 0.439025879
vt 0.850341797 0.583984375
v 0.067718558 0.542976439 0.439208955
vt 0.859619141 0.522216797
v -0.055412240 0.571685851 0.440185517
vt 0.866943359 0.551757812
vn 0.000000132 -0.023615420 0.999721229
v -0.232391313 0.590774596 0.434783936
vt 0.877685547 0.596191406
vn -0.055109456 0.299166262 0.952608287
v -0.229537919 0.601074278 0.431579590
vt 0.879882812 0.594238281
vn -0.039448421 0.930982888 0.362925500
v -0.160079911 0.598098814 0.441528320
vt 0.878906250 0.576416016
vn -0.031477407 0.125910163 0.991542220
v -0.100128122 0.599624693 0.439880341
vt 0.878173828 0.562255859
vn 0.007890477 0.741699636 0.670685768
v -0.161331132 0.601242125 0.435882568
vt 0.881347656 0.576904297
vn -0.000000041 0.999721229 0.023615420
v -0.129791215 0.601196349 0.406829834
vt 0.886474609 0.569091797
vn -0.000000043 0.999969006 0.007873728
v -0.159637406 0.601226866 0.435821533
vt 0.881347656 0.576416016
vn 0.015787203 0.994595706 0.102616973
v -0.160476640 0.601242125 0.435821533
vt 0.881347656 0.576660156
vt 0.549316406 0.179443359
v -0.272491395 0.488939345 0.435089111
vt 0.533935547 0.175292969
vn 0.007906323 -0.086968035 0.996179819
vt 0.548583984 0.173339844
v -0.271270692 0.471358836 0.432739258
vt 0.533935547 0.179443359
vn 0.007872929 -0.015745550 0.999845147
vt 0.548095703 0.161865234
v -0.200271547 0.486118376 0.431854248
vt 0.516845703 0.177490234
vn -0.007879499 -0.212750152 0.977074921
v -0.222106874 0.502819121 0.438110352
vt 0.521728516 0.172363281
vn -0.031418107 -0.062836438 0.997529209
vt 0.509277344 0.163330078
v -0.133773744 0.498001158 0.443176270
vt 0.500976562 0.175048828
vn -0.031582206 -0.157911658 0.986948133
v -0.179321229 0.487793028 0.433837891
vt 0.512939453 0.177978516
vn 0.283535033 -0.291410863 0.913612425
v -0.001389566 0.489358991 0.440185517
vt 0.469726562 0.180664062
vn 0.000000078 -0.961226106 0.275761604
v -0.060649816 0.498848021 0.442260712
vt 0.482666016 0.175781250
vn 0.007867807 0.039338432 0.999195039
vt 0.453125000 0.159667969
v 0.109527647 0.491643995 0.438720673
vt 0.442871094 0.178466797
vn 0.007859306 -0.392958432 0.919522762
v -0.327636778 0.330917388 -0.453643799
vt 0.039794922 0.011962891
vn 0.047191329 -0.000000042 -0.998885930
vt 0.039794922 0.021484375
v -0.327606261 0.330062896 -0.453643799
vt 0.039550781 0.011962891
vt 0.848632812 0.010986328
vn 0.047189869 0.007864958 -0.998854995
v -0.327636778 0.331771880 -0.453643799
vt 0.848876953 0.010986328
vt 0.848876953 0.020507812
vt 0.288574219 0.907714844
vt 0.278808594 0.910644531
vn 0.275164247 0.605361581 -0.746874809
v -0.326599181 0.342590362 -0.453765869
vt 0.277832031 0.906982422
vn 0.434514493 -0.007900286 -0.900630295
vt 0.270751953 0.926025391
vt 0.259277344 0.893310547
v -0.326629698 0.483324081 -0.453491211
vt 0.261718750 0.863037109
vn 0.260149032 -0.149782881 -0.953880310
vt 0.250976562 0.866699219
v -0.224182189 0.380821258 -0.453643799
vt 0.306152344 0.879150391
vn -0.000000131 -0.007873815 -0.999969006
v -0.227966368 0.467359096 -0.453735352
vt 0.286621094 0.852294922
vn -0.000000134 0.070688814 -0.997498453
v -0.155487120 0.330947936 -0.453643799
vt 0.332031250 0.889404297
vn -0.000000132 0.015746037 -0.999876022
v -0.235229537 0.272216827 -0.453430176
vt 0.312744141 0.921386719
vn -0.007873659 0.007873484 -0.999938011
v -0.041568808 0.333099425 -0.450988799
vt 0.367187500 0.882568359
vn -0.047098454 0.062797710 -0.996914387
v 0.008638327 0.366729766 -0.453613311
vt 0.382568359 0.873046875
vn -0.039309330 0.039309151 -0.998453617
v -0.326355040 0.133056670 -0.453643799
vt 0.989257812 0.036621094
vn 0.321699649 0.541397095 -0.776787281
vt 0.985107422 0.029052734
vt 0.995849609 0.017089844
v -0.245269820 0.152404815 -0.472747803
vt 0.966552734 0.048095703
vn -0.062807567 0.219825968 -0.973515213
v -0.297637999 0.133728057 -0.453643799
vt 0.983154297 0.043457031
vn -0.212809771 0.299509853 -0.930056930
v -0.194213912 0.214691192 -0.465606689
vt 0.973876953 0.070068359
vn -0.558605134 0.653017163 -0.511398911
v -0.198120162 0.208343536 -0.453277588
vt 0.978027344 0.070556641
vn -0.219792277 0.306139022 -0.926266909
v -0.162567183 0.129730254 -0.482482910
vt 0.943115234 0.044433594
vn 0.015687227 0.086280443 -0.996147394
v -0.108001754 0.133789092 -0.479644805
vt 0.930908203 0.048339844
vn 0.031371746 0.948997796 -0.313718289
v -0.208465621 0.120391876 -0.482330292
vt 0.950927734 0.034667969
vn 0.196436614 0.361443609 -0.911466479
vt 0.949707031 0.028320312
vt 0.938964844 0.027587891
v -0.206497237 0.100677520 -0.489471406
vt 0.945312500 0.029296875
vn 0.954384565 0.063099839 -0.291836739
vt 0.940917969 0.025390625
vt 0.884033203 0.894775391
v -0.281738341 0.206878692 -0.453460693
vt 0.893554688 0.884765625
vn 0.007867544 0.039338343 -0.999195039
vt 0.901367188 0.908447266
vt 0.908691406 0.901611328
vt 0.907470703 0.866455078
v -0.228332564 0.213287383 -0.447235107
vt 0.899658203 0.871337891
vn -0.000000130 -0.015746122 -0.999876022
v -0.271606505 0.219360381 -0.453582764
vt 0.891601562 0.879882812
vn 0.015722092 -0.055027820 -0.998361051
v -0.227478072 0.223770171 -0.453582764
vt 0.895507812 0.868408203
v -0.049587302 0.322906554 -0.453491241
vt 0.908203125 0.809814453
vn -0.141957030 0.197162300 -0.970038831
vt 0.882812500 0.861816406
vt 0.856445312 0.873046875
vt 0.885009766 0.831542969
vt 0.908691406 0.805908203
vt 0.679687500 0.205322266
vt 0.708496094 0.196044922
vt 0.708740234 0.211181641
v -0.268737793 0.015625060 -0.079727143
vt 0.688964844 0.223388672
vn 0.007873815 -0.999969006 0.000000043
vt 0.727539062 0.216552734
v -0.238449097 0.015594542 -0.118148781
vt 0.696533203 0.233398438
v -0.234558105 0.016937315 -0.113449074
vt 0.695800781 0.235107422
vn -0.007873728 -0.999969006 0.000000045
vt 0.638427734 0.218261719
vt 0.629882812 0.204589844
vt 0.615478516 0.196777344
v -0.234497041 0.016449034 0.038448352
vt 0.660644531 0.232910156
vt 0.636718750 0.227783203
vt 0.626953125 0.224121094
v -0.177505493 0.015533507 -0.116355881
vt 0.691650391 0.250732422
v -0.207855225 0.015655577 -0.198303208
vt 0.710205078 0.251220703
vn -0.015746037 -0.999876022 0.000000046
v -0.126190200 0.015594542 -0.214447021
vt 0.710205078 0.272216797
v -0.078857422 0.015564024 -0.141082764
vt 0.694824219 0.276611328
v -0.169036850 0.015411437 -0.011831271
vt 0.667480469 0.252197266
v -0.092178322 0.015502989 0.024932863
vt 0.656738281 0.275146484
v 0.006023423 0.015564024 -0.023960123
vt 0.667968750 0.301513672
vt 0.630615234 0.261962891
vt 0.642822266 0.232666016
v -0.233962983 0.020141661 0.093833946
vt 0.643798828 0.230468750
vn 0.102549985 -0.993945599 0.039442316
vt 0.635009766 0.229003906
vt 0.631835938 0.229492188
v -0.235504121 0.018798888 0.120285057
vt 0.636718750 0.228759766
vn 0.901690423 -0.431243211 0.031363044
v -0.235519379 0.018798888 0.121131919
vt 0.636230469 0.228515625
vn 0.904923022 -0.424920350 0.023606587
v -0.235534638 0.018829405 0.121986412
vt 0.635986328 0.228515625
vn 0.936891794 -0.346413761 -0.047238354
v -0.284484923 0.484743148 -0.495086670
vt 0.144042969 0.747558594
vn 0.078701168 -0.991634309 -0.102311440
vt 0.133789062 0.734619141
vt 0.135253906 0.732177734
vt 0.128662109 0.743164062
vt 0.151855469 0.754638672
v -0.265991271 0.485288650 -0.452667236
vt 0.135498047 0.761718750
vn 0.149806127 -0.906721354 -0.394226670
vt 0.127197266 0.770263672
v -0.229965270 0.488519698 -0.438415527
vt 0.143310547 0.773437500
vn 0.039334778 -0.999102235 0.015733931
v -0.251129210 0.484754592 -0.436279297
vt 0.136718750 0.770019531
vn 0.410161376 0.694119453 -0.591579199
v -0.198165953 0.486988097 -0.477996826
vt 0.161132812 0.773925781
vn -0.015738238 -0.999380589 -0.031476505
v -0.230972350 0.495031387 -0.407745361
vt 0.131591797 0.779296875
vn 0.000000039 -0.999225974 -0.039339561
vt 0.200683594 0.786865234
v -0.214141905 0.487514526 -0.413146973
vt 0.127197266 0.778808594
vn -0.134049654 0.891035318 -0.433689773
v -0.225585997 0.481098205 -0.438751221
vt 0.126464844 0.775146484
vn -0.157164037 0.887976289 -0.432200879
v -0.225296080 0.482679397 -0.434020996
vt 0.127197266 0.775634766
vn 0.110222474 0.952637792 -0.283429444
v 0.042449892 0.487846404 -0.454223663
vt 0.232910156 0.812011719
vn 0.007844388 -0.902106583 -0.431442261
v -0.180679381 0.485601455 -0.454559326
vt 0.163085938 0.779785156
vn -0.078759752 -0.708837271 -0.700961232
v -0.090461791 0.470960647 -0.453552276
vt 0.186279297 0.795898438
v -0.025781697 0.488084823 -0.490631133
vt 0.215576172 0.794433594
vn 0.023551350 -0.973455250 -0.227662876
v 0.018251354 0.496143371 -0.491729766
vt 0.227539062 0.798095703
vn 0.047138870 -0.047139041 -0.997775495
vt 0.785644531 0.988037109
vt 0.804687500 0.977050781
vt 0.823730469 0.988037109
vt 0.823242188 0.978271484
v -0.242569029 0.625808716 -0.356658936
vt 0.780273438 0.206054688
vn 0.015744641 -0.991910815 -0.125956878
vt 0.801513672 0.183105469
vt 0.781250000 0.211181641
vt 0.775878906 0.199218750
v -0.029453328 0.633178771 -0.323638946
vt 0.720214844 0.195800781
vn 0.299537718 -0.748844445 -0.591193020
v -0.116996817 0.606658995 -0.325897217
vt 0.745849609 0.183105469
vn 0.039321255 -0.471856236 -0.880798221
v -0.088806204 0.627334654 -0.360321075
vt 0.736572266 0.211669922
vn 0.023672018 -0.978442788 -0.205157310
v -0.219406188 0.632278442 -0.381042480
vt 0.777099609 0.216064453
vn 0.023732614 -0.767356157 -0.640781879
v -0.025983870 0.652008116 -0.388702422
vt 0.726806641 0.235351562
vn 0.039231621 -0.729709268 -0.682631135
v -0.211776793 0.646865845 -0.393341064
vt 0.778808594 0.224121094
vn -0.039393369 -0.583020747 -0.811501682
vt 0.812255859 0.213134766
vt 0.795166016 0.230224609
v -0.155487120 0.671447814 -0.402984619
vt 0.766357422 0.236572266
vn 0.007853942 0.070686631 -0.997467637
v -0.110885680 0.660766661 -0.398956329
vt 0.751953125 0.236572266
vn 0.023578120 -0.282938808 -0.958848178
v -0.011715950 0.662628233 -0.396209747
vt 0.722900391 0.238769531
vn 0.164940581 -0.290609807 -0.942518234
v -0.000514509 0.691711485 -0.395355254
vt 0.721435547 0.247314453
vn 0.188876748 0.165267244 -0.967994034
v -0.088394225 0.689102232 -0.394165069
vt 0.748779297 0.246337891
vn -0.015773613 0.536298215 -0.843881130
v -0.245040953 0.690048218 -0.393524170
vt 0.789550781 0.240722656
vn -0.117986083 0.574198246 -0.810170114
vt 0.813720703 0.250976562
v -0.138519347 0.707168639 -0.378143311
vt 0.763916016 0.249755859
vn -0.039501429 0.837428033 -0.545118272
v -0.091407835 0.709503233 -0.373992950
vt 0.750976562 0.251953125
vn -0.015775545 0.867649317 -0.496926457
v -0.189956725 0.688735962 -0.394531250
vt 0.775634766 0.242675781
vn 0.007854438 0.722619534 -0.691201448
v -0.227630675 0.710891724 -0.371215820
vt 0.787353516 0.251953125
vn -0.039334834 0.888964951 -0.456282943
vt 0.802246094 0.255859375
v -0.156265318 0.715362549 -0.355529785
vt 0.768554688 0.255371094
vn -0.015744217 0.928903520 -0.369987041
v -0.141647384 0.736328185 -0.291717529
vt 0.766113281 0.267578125
vn 0.023589114 0.998607934 -0.047178376
v -0.251861632 0.721405089 -0.323394775
vt 0.797119141 0.267089844
vn -0.109872453 0.957459271 -0.266832918
v -0.176757857 0.734771788 -0.300628662
vt 0.780517578 0.275146484
vn -0.047146343 0.974356353 -0.220015988
vt 0.812011719 0.270507812
v -0.243118331 0.729766905 -0.301422119
vt 0.796630859 0.275634766
vn -0.133705035 0.990989983 -0.007865026
v -0.166488692 0.733703673 -0.258392334
vt 0.812011719 0.290039062
vn -0.086344279 0.981184721 0.172688484
vt 0.418457031 0.997802734
vt 0.405761719 0.999023438
v -0.280334473 0.605407774 0.068145752
vt 0.417724609 0.989990234
vn -0.165410623 -0.716779888 0.677396417
vt 0.413085938 0.989501953
vt 0.423095703 0.999267578
vt 0.417236328 0.980224609
vt 0.412109375 0.983642578
vt 0.413085938 0.979736328
v -0.241973877 0.601120055 0.084152214
vt 0.433105469 0.982666016
vn 0.203973427 0.360875934 0.910034835
vt 0.439453125 0.982910156
v -0.221206665 0.614028990 0.094696037
vt 0.443603516 0.981445312
vn 0.165369824 -0.874097109 0.456735432
vt 0.036621094 0.319824219
vt 0.039794922 0.302734375
vt 0.038330078 0.343994141
vt 0.031738281 0.304931641
vt 0.031738281 0.293457031
vt 0.407470703 0.914062500
vt 0.427734375 0.915527344
vt 0.404785156 0.984130859
vt 0.395996094 0.981689453
vt 0.374023438 0.971679688
v -0.235824585 0.596054137 0.079063408
vt 0.388916016 0.905761719
vn 0.023603724 0.999225974 0.031471636
v -0.237228364 0.591018736 0.248199463
vt 0.370849609 0.966308594
vn 0.172901675 0.982396007 0.070732445
vt 0.370117188 0.973876953
v -0.231765717 0.596206725 0.239898682
vt 0.367431641 0.962646484
vn -0.118212938 0.992988288 -0.000000028
vt 0.350585938 0.984375000
v -0.206848145 0.595855772 0.068328850
vt 0.378662109 0.898437500
v -0.205169648 0.596252501 0.311004639
vt 0.343017578 0.979492188
vn 0.023608834 0.999442518 -0.023608925
v -0.168487519 0.596206725 0.310729980
vt 0.326416016 0.971191406
vn 0.015722170 0.998361051 -0.055027824
v -0.171310425 0.596481383 0.096565232
vt 0.361083984 0.893798828
v -0.138366684 0.594696105 0.189941391
vt 0.323486328 0.916748047
vn -0.023615502 0.999721110 -0.000000041
v -0.162094116 0.596588194 0.091163620
vt 0.359130859 0.890380859
vn 0.015744086 0.999752104 0.015744083
v -0.254302919 0.406642973 0.433105469
vt 0.189208984 0.974121094
vn -0.157499716 -0.228374749 0.960749149
vt 0.204345703 0.968017578
vt 0.211914062 0.982177734
vt 0.210449219 0.986328125
vt 0.182128906 0.978759766
v -0.182174623 0.353721678 0.427856445
vt 0.167724609 0.974121094
vn -0.540681899 -0.760089219 0.360454738
vt 0.164062500 0.980957031
v -0.168624818 0.354614317 0.433349609
vt 0.165771484 0.970947266
vn -0.015741557 -0.023612490 0.999597251
v -0.100379884 0.370910704 0.431457490
vt 0.160156250 0.951904297
v 0.004165714 0.278060973 0.432250947
vt 0.127441406 0.948974609
v -0.173263490 0.418010771 0.431793213
vt 0.180908203 0.954589844
vn 0.007873903 0.000000044 0.999969006
v -0.192504823 0.466971934 0.432312012
vt 0.193603516 0.946777344
vn -0.015743995 -0.015744084 0.999752104
vt 0.197998047 0.949462891
vt 0.199707031 0.946289062
v -0.070762575 0.414829314 0.432708710
vt 0.214355469 0.920898438
vn 0.401313692 0.550822675 0.731807172
v -0.227859542 0.609115601 -0.323822021
vt 0.920898438 0.795166016
vn -0.031565711 -0.481375694 -0.875945926
vt 0.889648438 0.787597656
vt 0.919677734 0.790039062
vt 0.941162109 0.776611328
vt 0.921386719 0.799316406
v -0.158798262 0.596679747 -0.315887451
vt 0.937011719 0.786621094
vn -0.063052855 0.906383336 -0.417724550
v -0.071151778 0.596603453 -0.296356231
vt 0.960693359 0.766357422
vn 0.133704945 0.990989983 0.007864938
v -0.201751754 0.596267700 -0.339569092
vt 0.933593750 0.799316406
vn -0.039442316 0.993945599 0.102549896
vt 0.927001953 0.806640625
v -0.105888419 0.605773985 -0.340759307
vt 0.952880859 0.781982422
vn -0.007878679 0.984832287 0.173330441
vt 0.912841797 0.832275391
vt 0.935302734 0.854492188
vt 0.083496094 0.979003906
vt 0.122070312 0.979003906
vt 0.083740234 0.989990234
v -0.246932983 0.610824645 0.101593010
vt 0.223144531 0.146728516
vt 0.236816406 0.153564453
vt 0.235351562 0.160888672
vt 0.210205078 0.141113281
v -0.221878052 0.614883482 0.094696037
vt 0.208496094 0.137695312
vn -0.047318947 0.875400960 0.481076181
vt 0.239013672 0.146972656
vt 0.202636719 0.131835938
vt 0.202148438 0.134521484
v -0.222732544 0.614883482 0.095260613
vt 0.205078125 0.137695312
vn -0.315440029 -0.252352118 0.914776564
vt 0.203613281 0.136962891
v -0.221923828 0.614669859 0.094840996
vt 0.205078125 0.137451172
vn 0.543492496 0.795547009 0.267807811
vt 0.204589844 0.137451172
vn 0.504296780 0.401861519 0.764324665
v -0.227752686 0.615676939 0.074302666
vt 0.187500000 0.132812500
vn 0.015799487 0.995371222 -0.094797306
vt 0.177490234 0.100585938
vn 0.039368872 -0.976347685 -0.212591797
v -0.232772827 0.615737975 0.067733757
vt 0.199462891 0.107666016
vn -0.015703239 -0.973605216 0.227698043
vt 0.179931641 0.127685547
vt 0.185302734 0.137451172
vt 0.156738281 0.152587891
vn -0.007892649 0.978686512 0.205208406
vt 0.243164062 0.073974609
vt 0.247314453 0.079101562
vt 0.248535156 0.089355469
v -0.223327667 0.008117706 -0.348144501
vt 0.256347656 0.091064453
vn 0.000000061 -0.991020679 0.133709177
vt 0.299316406 0.099365234
v -0.137970001 0.008117706 -0.347015351
vt 0.271484375 0.105957031
vn -0.007872980 -0.992002964 0.125968680
v -0.196716338 0.015563995 -0.341857880
vt 0.255615234 0.097656250
vn -0.015810842 -0.996086419 0.086959973
v -0.134384185 0.015625060 -0.339904755
vt 0.270263672 0.108886719
vn 0.000000048 -0.999504447 0.031480499
vt 0.227294922 0.122314453
vt 0.257324219 0.145263672
v -0.232986480 0.016845763 -0.321563691
vt 0.245117188 0.093261719
vn -0.047191415 -0.998885930 0.000000050
vt 0.206054688 0.124023438
v -0.231109649 0.015686065 -0.342834443
vt 0.251220703 0.090576172
vn -0.062953025 -0.952165782 0.299027294
vt 0.231933594 0.101074219
v -0.233825713 0.017974913 -0.325714082
vt 0.246582031 0.092285156
vn -0.323225647 -0.946026444 0.023650745
vt 0.732177734 0.100097656
vt 0.718261719 0.109863281
vt 0.732910156 0.096435547
vt 0.743652344 0.089111328
v -0.177200317 0.600692809 0.081192002
vt 0.756835938 0.095947266
vn -0.070925407 -0.709255278 0.701374769
v -0.190002441 0.597915709 0.054443348
vt 0.753906250 0.081298828
vn 0.188748434 -0.833638489 0.519057930
vt 0.748046875 0.067382812
v -0.105560295 0.601577818 0.078483559
vt 0.786376953 0.086669922
vn 0.039466955 -0.884057522 0.465708911
v -0.142623901 0.600235045 0.054409008
vt 0.769042969 0.077636719
vn -0.039387103 -0.968924582 0.244200543
v -0.174530029 0.596557677 0.086685166
vt 0.750732422 0.069824219
vn 0.973455131 -0.023551300 -0.227663025
v -0.145996094 0.596496642 0.053180676
vt 0.768066406 0.075439453
vn 0.150044143 0.987132728 0.055279367
v -0.170043945 0.595642149 0.091079697
vt 0.751220703 0.067871094
vn 0.392861307 0.919295549 0.023571588
vt 0.755126953 0.066162109
vt 0.292480469 0.316406250
vt 0.288085938 0.293212891
vt 0.299316406 0.281982422
v -0.164413497 0.723877013 -0.205169708
vt 0.281250000 0.277343750
vn -0.094234422 0.989461064 0.109940089
vt 0.273193359 0.290283203
vt 0.260742188 0.275878906
v -0.136581466 0.721893370 -0.208984405
vt 0.283203125 0.269042969
vn 0.070682295 0.989552617 0.125657409
vt 0.308349609 0.284179688
vt 0.311767578 0.299072266
vt 0.311035156 0.273193359
vt 0.319824219 0.286376953
v -0.140426666 0.718933165 -0.134628326
vt 0.258789062 0.266113281
vn 0.055032831 0.998453617 -0.007861891
vt 0.216552734 0.263427734
vt 0.223632812 0.253417969
v -0.088882484 0.715148985 -0.198379546
vt 0.281250000 0.251220703
vn -0.000000035 0.998021960 0.062867478
v -0.091812178 0.725372374 -0.239227325
vt 0.295654297 0.254394531
vn 0.047283664 0.985076845 0.165492862
v -0.110984854 0.733673155 -0.315826446
vt 0.318847656 0.261718750
vn -0.007899342 0.987409830 -0.157985613
vt 0.340332031 0.266845703
v -0.107780479 0.716461241 -0.088745140
vt 0.245605469 0.250976562
vn 0.078436747 0.996147394 -0.039218456
v -0.083732627 0.717224181 -0.080978423
vt 0.243164062 0.243164062
v -0.045192741 0.715637267 -0.085632354
vt 0.247314453 0.228271484
vn 0.062865533 0.997991085 0.007858145
v -0.091705374 0.726196349 -0.328613311
vt 0.325195312 0.255371094
vn -0.007903064 0.940454364 -0.339828074
vt 0.341064453 0.254394531
v -0.091560416 0.734588683 -0.295654327
vt 0.314208984 0.254394531
vn -0.023568807 0.997744679 0.062850013
v -0.003554166 0.712310851 -0.374176055
vt 0.343017578 0.226562500
vn 0.212618142 0.897721350 -0.385862768
vt 0.350341797 0.251220703
v 0.001041113 0.699020445 -0.390136749
vt 0.349853516 0.223144531
vn -0.031409647 0.714566588 -0.698861957
vt 0.352539062 0.222900391
v -0.043056540 0.732849181 -0.315002471
vt 0.322265625 0.238037109
vn 0.054981854 0.973965526 -0.219927743
v -0.020320941 0.733825743 -0.277160674
vt 0.310791016 0.228515625
vn 0.244390115 0.969677091 -0.000000074
v 0.002190061 0.719055235 -0.313201934
vt 0.322021484 0.217773438
vn 0.840308368 0.541881144 0.015706565
v -0.005604309 0.716613829 -0.235733077
vt 0.297607422 0.222900391
vn 0.849972308 0.511557460 0.125921682
v -0.024206204 0.727478087 -0.243164107
vt 0.298828125 0.230468750
vn 0.007899256 0.987409830 0.157985523
v -0.014462510 0.718353331 -0.211471602
vt 0.288574219 0.222656250
vn 0.724386990 0.669270635 0.165349081
v -0.023267779 0.719207823 -0.168777511
vt 0.274414062 0.227294922
vn 0.189429060 0.978717029 0.078928724
v -0.063171431 0.723571837 -0.236267120
vt 0.295898438 0.244628906
vn -0.015808934 0.980152965 0.197611436
v -0.028986001 0.713745177 -0.096092254
vt 0.249755859 0.221191406
vn -0.958374739 0.282799035 -0.039277535
v -0.022926351 0.696243346 -0.073432960
vt 0.242187500 0.218750000
vn -0.803622961 -0.070907928 0.590899467
v -0.087158233 0.714111388 -0.115943931
vt 0.254150391 0.245361328
vn 0.015745549 0.999845147 -0.007872842
vt 0.702880859 0.000244141
vt 0.706298828 0.010986328
vn 0.078662224 0.739424407 0.668628395
vt 0.694824219 0.022705078
vt 0.723632812 0.018798828
vt 0.724609375 0.000000000
vt 0.974609375 0.803710938
vt 0.992919922 0.809814453
v -0.217132568 0.613174498 0.053260796
vt 0.977539062 0.817626953
vn 0.070907988 -0.969074905 0.236359760
v -0.168594360 0.607086241 0.086692795
vt 0.956787109 0.823486328
vn -0.078995213 -0.995340228 -0.055296622
v -0.151214600 0.609359801 0.055213910
vt 0.966796875 0.843505859
vn 0.015777035 0.165657640 0.986057103
vt 0.958251953 0.818603516
vt 0.958496094 0.807128906
vt 0.968017578 0.793945312
vt 0.967285156 0.790039062
vt 0.957275391 0.791748047
vt 0.980468750 0.842041016
v -0.117637627 0.610778868 0.083091713
vt 0.943603516 0.843261719
vn 0.047332332 -0.725760579 0.686317146
v -0.172561646 0.604675353 0.087272629
vt 0.980224609 0.846191406
vn 0.487841368 0.723893583 0.487841249
v -0.100830078 0.611175597 0.060756661
vt 0.946044922 0.856445312
vn 0.196789473 0.527395606 0.826515436
v -0.163894653 0.603683531 0.075927719
vt 0.974365234 0.848388672
vn 0.047330756 0.907172561 0.418088198
vt 0.835937500 0.988525391
vn 0.015779249 0.741630375 -0.670623243
vt 0.835937500 0.973876953
vt 0.837158203 0.991210938
vt 0.684082031 0.109375000
vt 0.677246094 0.125244141
vt 0.679443359 0.107177734
vt 0.689453125 0.113769531
vt 0.695312500 0.114990234
vt 0.697021484 0.122314453
vt 0.687500000 0.129882812
vt 0.656250000 0.141357422
vt 0.654785156 0.094482422
vt 0.613525391 0.150390625
v -0.197937056 0.009246856 -0.471649140
vt 0.411865234 0.028564453
vn 0.015733913 -0.983368337 -0.180939734
vt 0.403320312 0.018066406
vt 0.415283203 0.015869141
v -0.204086348 0.012725860 -0.447235078
vt 0.401123047 0.021728516
vn 0.000000041 -0.999721229 -0.023615420
v -0.127212569 0.008453399 -0.447296113
vt 0.380126953 0.024414062
v -0.208679244 0.019165069 -0.480194062
vt 0.416992188 0.022949219
vn 0.487117887 -0.125707909 -0.864241719
vt 0.425048828 0.015380859
vt 0.442626953 0.015136719
v -0.178283736 0.028076202 -0.481231660
vt 0.421875000 0.032226562
v -0.172287032 0.021850616 -0.474884003
vt 0.417968750 0.035156250
vn -0.063007861 -0.401674479 -0.913612485
v -0.132858321 0.008728057 -0.480834931
vt 0.420654297 0.054687500
vn -0.039501362 -0.837428153 -0.545118213
vt 0.073974609 0.512207031
vt 0.059814453 0.541015625
vt 0.053955078 0.512695312
vt 0.036621094 0.512451172
vt 0.042724609 0.560546875
vt 0.021728516 0.544677734
vt 0.020996094 0.495849609
vt 0.411376953 0.160156250
vt 0.416503906 0.162109375
vt 0.400390625 0.160400391
v -0.019866908 0.599868834 0.314483613
vt 0.357910156 0.161865234
vn -0.000000052 0.998021960 -0.062867567
v -0.142456025 0.594177306 0.310668945
vt 0.392822266 0.159667969
vn -0.000000049 0.999225974 -0.039339650
vt 0.442626953 0.187500000
v 0.045726821 0.601226866 0.380065888
vt 0.336914062 0.183593750
vn -0.000000045 0.999969006 -0.007873815
vt 0.443847656 0.021972656
v -0.170791671 0.232025176 -0.467163086
vt 0.452636719 0.028320312
vn -0.566788614 0.732101917 -0.377859026
vt 0.445068359 0.028076172
vt 0.490722656 0.021972656
v -0.048137721 0.324279845 -0.471252471
vt 0.488525391 0.026611328
vn -0.173105106 0.220315352 -0.959945738
vt 0.430175781 0.045166016
v -0.044479422 0.246582076 -0.471679717
vt 0.490722656 0.055419922
v -0.118980452 0.134155303 -0.473327637
vt 0.461669922 0.073486328
vn 0.141399413 -0.125688523 -0.981941283
vt 0.460937500 0.076416016
vt 0.893310547 0.031982422
vt 0.889404297 0.028564453
vt 0.895019531 0.023925781
vt 0.890625000 0.035400391
vt 0.893798828 0.035156250
vt 0.888183594 0.033935547
vt 0.890380859 0.039062500
vt 0.879638672 0.036376953
vt 0.845458984 0.042480469
vt 0.842529297 0.037841797
vt 0.888671875 0.040527344
vt 0.895263672 0.041259766
vt 0.894775391 0.047851562
vt 0.892578125 0.046630859
vt 0.506103516 0.526367188
vt 0.520019531 0.513183594
vt 0.493896484 0.551513672
vt 0.496582031 0.529296875
vt 0.494873047 0.543212891
v -0.090431258 0.008453399 -0.472503662
vt 0.501708984 0.519531250
v -0.006273790 0.010650665 -0.479949951
vt 0.492187500 0.505859375
vn 0.007861358 -0.959085166 -0.283008695
v 0.184524506 0.008270293 -0.411102325
vt 0.499511719 0.448242188
vn 0.000000042 -0.999876022 -0.015746037
v 0.115882829 0.010620147 -0.478851348
vt 0.481933594 0.475585938
vn -0.000000076 -0.619898736 -0.784681857
v 0.195815995 0.009399444 -0.478057891
vt 0.480224609 0.448486328
vn -0.007867911 -0.967754185 -0.251773417
v 0.007163976 0.008270293 -0.346954346
vt 0.531005859 0.487792969
vn 0.000000051 -0.998484433 0.055034619
v 0.081497163 0.008148223 -0.351531982
vt 0.528076172 0.465332031
vn 0.000000063 -0.988820970 0.149107978
v -0.069046043 0.008117706 -0.345123291
vt 0.534912109 0.509033203
vn 0.000000056 -0.995495498 0.094809145
vt 0.542724609 0.524414062
v -0.103965782 0.010498077 -0.341522217
vt 0.539794922 0.515380859
vn -0.015769430 -0.662321329 0.749053955
vt 0.543945312 0.521484375
v -0.017576242 0.015625060 -0.337860107
vt 0.535644531 0.493896484
v 0.047817204 0.015563995 -0.342193604
vt 0.532226562 0.475830078
vn 0.000000052 -0.998021960 0.062867567
v 0.154693574 0.015625060 -0.340759307
vt 0.536621094 0.447265625
v 0.232543916 0.008209258 -0.348602325
vt 0.534667969 0.431152344
vn 0.000000057 -0.994719684 0.102629848
v 0.158416733 0.015625060 -0.259796172
vt 0.559814453 0.449707031
v 0.001723513 0.015564024 -0.263854980
vt 0.557617188 0.486816406
vt 0.579833984 0.513671875
vt 0.595947266 0.497558594
v 0.002903461 0.015899718 -0.157150283
vt 0.589599609 0.480224609
vt 0.626708984 0.476074219
v 0.045814514 0.015594542 -0.161788955
vt 0.588378906 0.470703125
v 0.141815186 0.015625060 -0.164810210
vt 0.587646484 0.449707031
v 0.151718155 0.015502989 -0.009032279
vt 0.632568359 0.441650391
vt 0.026855469 0.375732422
vt 0.039794922 0.370361328
vt 0.037109375 0.379394531
vt 0.030517578 0.372802734
vt 0.034667969 0.364013672
vn 0.039448529 0.362925529 0.930982769
vt 0.028808594 0.327636719
vt 0.631103516 0.987304688
vn -0.055186484 0.362654746 0.930288196
vt 0.631103516 0.983886719
vt 0.636230469 0.986083984
v -0.008143472 0.091735870 -0.479431152
vt 0.498046875 0.355712891
vt 0.486816406 0.306396484
vt 0.507812500 0.316162109
vt 0.473144531 0.316650391
vt 0.470458984 0.317626953
vt 0.468994141 0.331054688
v -0.084075972 0.018371612 -0.481262207
vt 0.472900391 0.343505859
vn 0.007864871 -0.047190044 -0.998854995
vt 0.468505859 0.339843750
vt 0.468750000 0.361083984
v 0.035068467 0.045776397 -0.480194092
vt 0.481689453 0.369384766
vn 0.007873640 -0.000000043 -0.999969006
vt 0.472900391 0.390380859
v 0.122863725 0.073974639 -0.479614288
vt 0.488037109 0.392333984
v 0.214034989 0.028076202 -0.479614288
vt 0.472656250 0.411621094
v 0.152023271 0.094543487 -0.477539092
vt 0.494384766 0.393554688
vn 0.007872664 0.015745550 -0.999845147
v 0.052734327 0.132049590 -0.478790313
vt 0.513916016 0.366699219
vn 0.007846448 0.619879603 -0.784657776
v 0.189071611 0.128509551 -0.480041564
vt 0.496337891 0.403564453
vt 0.511718750 0.327636719
v -0.119522139 0.133514434 -0.453582764
vt 0.517578125 0.328613281
vn 0.071128897 0.608548343 -0.790322542
v 0.105476335 0.133697540 -0.453582793
vt 0.522705078 0.375488281
vn -0.000000138 0.313872725 -0.949465096
vt 0.516845703 0.323974609
v -0.056549121 0.183441192 -0.453369170
vt 0.535156250 0.340576172
vn 0.047073543 -0.070610546 -0.996392667
v 0.133483842 0.210723907 -0.454864562
vt 0.548339844 0.376464844
v 0.039066266 0.211303741 -0.453491241
vt 0.546386719 0.356445312
vn -0.000000133 0.047191415 -0.998885930
v 0.180190995 0.218246520 -0.451324522
vt 0.554199219 0.383544922
vn 0.055100929 -0.385707259 -0.920974374
v -0.019142199 0.209167510 -0.453765899
vt 0.544433594 0.342773438
vn 0.487223208 -0.644392073 -0.589383066
v 0.027582118 0.244735762 -0.453460723
vt 0.557861328 0.347900391
vn 0.172800228 -0.227782279 -0.958256423
v 0.071304269 0.277481139 -0.453582793
vt 0.573242188 0.351074219
vn 0.055220786 -0.094664462 -0.993976474
v -0.010398916 0.218292281 -0.473144561
vt 0.549560547 0.337890625
vn 0.275752902 -0.362418264 -0.890288353
vt 0.551025391 0.323730469
v 0.055572458 0.264083922 -0.472229034
vt 0.569335938 0.345214844
vn 0.322464913 -0.448305011 -0.833690047
v 0.146484315 0.328521788 -0.453491271
vt 0.590576172 0.343261719
vn 0.243064284 -0.337153822 -0.909531236
v 0.169265687 0.349960387 -0.472808897
vt 0.603027344 0.339843750
vn 0.149434879 -0.204490036 -0.967395008
v 0.109855592 0.367424071 -0.471221954
vt 0.593994141 0.325439453
vn -0.000000131 0.007873728 -0.999969006
v 0.027345600 0.374801666 -0.472839385
vt 0.588378906 0.309082031
vn -0.015741821 0.023612490 -0.999597251
vt 0.570312500 0.305419922
vt 0.213867188 0.671875000
vt 0.235107422 0.694580078
vt 0.214111328 0.694580078
v -0.016416488 0.008667052 0.320587158
vt 0.199707031 0.682617188
vn 0.000000021 -0.986179948 -0.165678173
vt 0.212402344 0.696777344
v 0.112266600 0.008331358 0.321929932
vt 0.179687500 0.663574219
vn 0.000000037 -0.998885930 -0.047191415
v 0.062622130 0.015533507 0.315551758
vt 0.185058594 0.673583984
vn 0.007844421 -0.980550528 -0.196110055
vt 0.194335938 0.709960938
vt 0.215087891 0.714599609
v 0.060207423 0.015594542 0.270172119
vt 0.177001953 0.685546875
v 0.145980895 0.015441954 0.317443818
vt 0.171142578 0.664550781
vn 0.000000031 -0.995495498 -0.094809048
v 0.030897180 0.015777647 0.154220566
vt 0.164306641 0.712646484
vt 0.189697266 0.738281250
v 0.037853271 0.015655577 0.085052475
vt 0.153564453 0.726562500
vt 0.164794922 0.756103516
v 0.152374312 0.015564024 0.136154145
vt 0.140625000 0.697509766
v 0.154602095 0.015716612 0.235534638
vt 0.153808594 0.676513672
v 0.202255309 0.015533507 0.317077607
vt 0.157714844 0.658203125
vn 0.031562697 -0.994224012 -0.102578625
v 0.200241134 0.015808165 0.235687211
vt 0.145996094 0.671142578
vn 0.055034619 -0.998484433 0.000000036
v 0.230804503 0.019836485 0.316528291
vt 0.151855469 0.654052734
v 0.184890807 0.008300841 0.324066132
vt 0.161865234 0.656250000
v 0.243530333 0.010040343 0.322387666
vt 0.150878906 0.649414062
vn 0.015702762 -0.683072984 -0.730181396
v 0.242065489 0.015533507 0.317413300
vt 0.150390625 0.652099609
v 0.282531798 0.015594542 0.318634003
vt 0.143798828 0.650390625
vn -0.007867639 -0.999195039 -0.039338343
v 0.309722960 0.008422911 0.326171845
vt 0.138427734 0.637939453
vn -0.031471644 -0.999225974 -0.023603717
v 0.270294279 0.008361906 0.433319062
vt 0.159667969 0.620849609
v 0.320068419 0.008148283 0.411041230
vt 0.148437500 0.617187500
vn -0.180939734 -0.983368337 0.015733961
v 0.181930616 0.008300871 0.426330537
vt 0.174560547 0.636718750
vn 0.000000053 -0.997498453 0.070688903
v 0.161544874 0.007934660 0.440368623
vt 0.182861328 0.635498047
vn 0.039378710 -0.937211275 0.346531957
v 0.213455275 0.013366789 0.441436738
vt 0.170898438 0.626464844
vn -0.189541191 -0.623906732 0.758165240
v 0.176712111 0.028015226 0.416931123
vt 0.177490234 0.632568359
vn 0.055027910 -0.644611061 0.762527823
v 0.261200041 0.020996183 0.442321748
vt 0.163574219 0.618652344
vn 0.000000134 -0.086291067 0.996270061
v 0.181091383 0.026886076 0.441986054
vt 0.179931641 0.627929688
vn 0.007880750 -0.118209191 0.992957532
v 0.323242277 0.008606046 0.441528291
vt 0.147460938 0.611816406
vn -0.314269572 -0.455691010 0.832814753
v 0.322448820 0.063751310 0.442260712
vt 0.157714844 0.600585938
vn -0.188503504 -0.023562919 0.981789827
v 0.297821134 0.065673918 0.442077607
vt 0.162841797 0.604492188
vn 0.023695745 0.094782516 0.995215952
v 0.303100675 0.069488615 0.436462373
vt 0.162597656 0.602783203
vn -0.007858064 -0.062865533 0.997991085
v 0.277649015 0.074340910 0.442382783
vt 0.168212891 0.603027344
v 0.322113097 0.097076505 0.442108124
vt 0.162597656 0.593994141
vn -0.275752872 -0.007878628 0.961196303
v 0.235778883 0.119781584 0.442382783
vt 0.178466797 0.598388672
v 0.322204649 0.132415861 0.442321718
vt 0.166015625 0.587402344
vn -0.236837909 0.465781391 0.852616847
v 0.198379591 0.131744474 0.442779481
vt 0.186523438 0.600585938
vn -0.007880490 0.118209280 0.992957532
v 0.198425367 0.072326750 0.442382783
vt 0.183105469 0.616699219
vt 0.221923828 0.636230469
v 0.124145582 0.041534513 0.442199677
vt 0.196533203 0.634277344
vt 0.241455078 0.655029297
vt 0.250488281 0.650146484
v 0.076370314 0.020111173 0.441986084
vt 0.200683594 0.642578125
vn 0.000000137 -0.434528142 0.900658369
v 0.030872423 0.011962980 0.442657471
vt 0.210693359 0.648437500
vn 0.000000138 -0.337330103 0.941386521
vt 0.239013672 0.659423828
vt 0.237548828 0.663818359
v 0.083801344 0.008239836 0.426300049
vt 0.198974609 0.647705078
vt 0.082519531 0.395996094
vt 0.092529297 0.412353516
vt 0.065917969 0.448242188
v -0.138839722 0.593338072 0.046775799
vt 0.077880859 0.394287109
v -0.123085022 0.597259581 0.069862343
vt 0.066406250 0.395507812
vn -0.102245025 0.990989983 0.086514972
vt 0.077148438 0.391357422
v -0.129302979 0.596557677 0.048866253
vt 0.083007812 0.392822266
vn 0.227655843 0.934174240 -0.274757177
vt 0.077148438 0.390136719
v -0.092796318 0.596344054 0.083930947
vt 0.053466797 0.402832031
vn -0.000000031 0.995495498 0.094809048
v -0.089553818 0.596527159 0.171966538
vt 0.043701172 0.439697266
vn -0.274909675 0.958256423 -0.078545615
v -0.110252373 0.610153258 0.090385415
vt 0.056152344 0.394042969
vn -0.306924790 -0.377753705 0.873555541
vt 0.060546875 0.389404297
v -0.108596794 0.608795226 0.083915688
vt 0.052246094 0.394531250
vn 0.677438319 0.126035064 -0.724701643
v -0.105003357 0.615951598 0.074066140
vt 0.053222656 0.391113281
vn 0.015757859 0.756374717 0.653948903
vt 0.048828125 0.383544922
vt 0.059814453 0.375000000
vt 0.051025391 0.387451172
v -0.107765190 0.596313536 0.081184365
vt 0.049804688 0.398193359
vn 0.055109486 0.952608287 -0.299166262
vt 0.048583984 0.392822266
vt 0.042480469 0.396240234
vt 0.082031250 0.188232422
vt 0.062744141 0.217285156
vt 0.074462891 0.179199219
v -0.134155244 0.596252501 0.311218262
vt 0.083984375 0.189697266
vn -0.055027816 0.998361051 0.015722185
vt 0.118164062 0.191650391
v 0.131103545 0.593597472 0.311126649
vt 0.167236328 0.184326172
vn -0.000000050 0.998885930 -0.047191504
v 0.027414355 0.595581114 0.302459687
vt 0.135498047 0.192138672
vn 0.023632335 0.858640432 0.512033224
v -0.041580167 0.598358214 0.294647187
vt 0.114746094 0.196289062
vn -0.157680869 0.930317104 0.331129819
v -0.081764191 0.598495543 0.260406464
vt 0.099365234 0.204345703
vn -0.623654008 0.655231416 0.426295221
v -0.091407754 0.596969664 0.202575669
vt 0.082031250 0.227050781
v -0.112388581 0.598342955 0.247253403
vt 0.081298828 0.210937500
vn -0.062797792 0.996914387 0.047098279
v -0.120948769 0.601028502 0.226455674
vt 0.075195312 0.214843750
vn -0.047190040 0.998854995 0.007864962
vt 0.052246094 0.646240234
v -0.146621704 0.597824156 0.018999083
vt 0.042480469 0.641357422
vn 0.662095010 -0.725151658 0.189169943
vt 0.052978516 0.642089844
vt 0.057128906 0.634521484
v -0.118995667 0.611175597 0.038486458
vt 0.050781250 0.628417969
vn 0.283534855 -0.795472860 -0.535565913
v -0.100921631 0.601043761 0.056701638
vt 0.062744141 0.621093750
vn 0.062757164 -0.933512866 -0.353009045
vt 0.067626953 0.632080078
vt 0.080810547 0.635253906
v -0.040157318 0.615753233 0.038372006
vt 0.050048828 0.589843750
vn 0.204300448 -0.660047889 -0.722909510
v -0.078254700 0.596313536 0.070388764
vt 0.063720703 0.608642578
vn 0.031476509 0.999380589 -0.015738323
v -0.030488964 0.612411559 0.071540803
vt 0.061279297 0.583251953
vn 0.655149817 -0.670936525 0.347308278
vt 0.275634766 0.564453125
vt 0.300781250 0.494873047
vt 0.287841797 0.636230469
vt 0.305175781 0.573486328
vt 0.013183594 0.996093750
vt 0.006103516 0.990722656
vt 0.001220703 0.974121094
v -0.091758661 0.288406432 0.426971406
vt 0.007324219 0.973876953
vn -0.494699925 -0.730271399 0.471142977
v -0.079551630 0.294662535 0.433593720
vt 0.010742188 0.971923828
vn -0.102156430 -0.157163903 0.982274711
vt 0.017333984 0.993652344
vt 0.016113281 0.955322266
vt 0.219970703 0.082275391
v -0.112907358 0.448597014 0.414367646
vt 0.199951172 0.085205078
vn 0.126203656 0.165642172 0.978077412
v -0.168106019 0.488382399 0.414520264
vt 0.216064453 0.080078125
vn 0.031503033 -0.511922061 0.858454049
vt 0.187744141 0.093505859
v -0.041343633 0.391845763 0.414337128
vt 0.177734375 0.092285156
vn 0.126035184 0.173298255 0.976771712
v -0.023925722 0.380531400 0.433349580
vt 0.172607422 0.096191406
vn 0.172486827 0.235209197 0.956517160
v 0.038253844 0.331497252 0.413909882
vt 0.154052734 0.081787109
vn 0.268057555 0.346897960 0.898780882
v 0.039875094 0.332916319 0.433593720
vt 0.151611328 0.084716797
vn 0.141957015 0.197162390 0.970038831
vt 0.169433594 0.117675781
vt 0.137451172 0.095703125
vt 0.840576172 0.148437500
v -0.119400032 0.596862853 0.005479316
vt 0.861083984 0.150146484
vn 0.070899181 0.685358167 0.724746525
vt 0.850097656 0.156494141
vt 0.841308594 0.145507812
vt 0.842773438 0.125000000
v -0.011171347 0.596557677 0.001990999
vt 0.885742188 0.112304688
vn 0.110620938 0.987687230 0.110620908
vt 0.862304688 0.165039062
v -0.011552814 0.622375548 0.022235835
vt 0.897705078 0.123535156
vn 0.235368490 -0.431508631 0.870862842
v -0.119483948 0.608581603 0.021722773
vt 0.864501953 0.158447266
vn 0.519830227 -0.330800921 0.787621319
v -0.089729317 0.626342833 0.024003956
vt 0.878662109 0.151123047
vn 0.039387319 -0.385994345 0.921660006
v -0.067955025 0.639511168 0.026267977
vt 0.889160156 0.147460938
vn 0.070879422 0.480404377 0.874178410
v -0.016874319 0.641433775 0.021903956
vt 0.903564453 0.130126953
vn 0.637065053 0.456170052 0.621334910
v -0.121925361 0.648254454 0.027776698
vt 0.878173828 0.167480469
vn 0.636769712 -0.597462833 0.487403810
v -0.032764442 0.666626036 -0.002020393
vt 0.910644531 0.145507812
vn 0.118095621 0.881780446 0.456636220
v -0.078613289 0.664230406 0.001678558
vt 0.899658203 0.160400391
vn 0.071129076 0.790322542 0.608548343
v -0.119377136 0.628555357 0.031064965
vt 0.869873047 0.167724609
vn 0.172933653 -0.141491279 -0.974717557
vt 0.865722656 0.200439453
v -0.047748569 0.640579283 0.036731690
vt 0.876220703 0.198242188
vn 0.292382687 0.015804447 -0.956170797
v -0.055446628 0.652252257 0.036323518
vt 0.880371094 0.194335938
vn 0.188509360 -0.494837344 -0.848292589
v -0.096626289 0.673446715 -0.014192607
vt 0.902099609 0.172607422
vn 0.718386352 -0.686808765 0.110520899
v -0.117736824 0.663559020 0.012198426
vt 0.887695312 0.169433594
vn 0.910651743 -0.259064674 0.321868151
v -0.077766426 0.665191710 0.015385600
vt 0.890625000 0.184326172
vn 0.086587317 -0.889488101 -0.448679805
v -0.052700050 0.666717589 0.018991439
vt 0.893066406 0.193603516
vn 0.423220366 -0.783741474 -0.454570085
v -0.036788952 0.689178526 -0.012769734
vt 0.910888672 0.196289062
vn 0.520136714 -0.851132810 -0.070927761
v -0.117492653 0.598388731 0.216323838
vt 0.957031250 0.016357422
vn -0.582154036 0.385480404 0.715892196
v -0.125411972 0.634674132 0.202468857
vt 0.969482422 0.011230469
vn -0.923639536 0.205253154 -0.323668420
v -0.131607041 0.610855162 0.191238388
vt 0.968017578 0.020996094
vn -0.652532756 0.290888011 -0.699703693
v -0.104766823 0.635025084 0.200561509
vt 0.977539062 0.012451172
vn -0.864428520 0.455789536 -0.212177798
v -0.106567360 0.608352721 0.193389878
vt 0.976806641 0.022216797
vn -0.635494590 -0.517810345 -0.572729588
vt 0.965332031 0.024658203
vt 0.955322266 0.018554688
vt 0.947265625 0.020263672
v -0.118377663 0.631286681 0.217987046
vt 0.964111328 0.007324219
vn 0.157828197 0.181502342 0.970642745
v -0.102371193 0.607025206 0.208175644
vt 0.955322266 0.009765625
vn -0.646571875 -0.662341952 0.378481239
vt 0.960937500 0.000000000
vt 0.161376953 0.009765625
vt 0.150634766 0.023437500
vt 0.143798828 0.016845703
vt 0.142089844 0.020019531
vt 0.158935547 0.031005859
v -0.090164185 0.603515685 0.072479226
vt 0.155029297 0.031250000
vn -0.354759872 0.819889545 0.449362576
vt 0.150390625 0.029296875
v -0.092582695 0.596862853 0.078369118
vt 0.139160156 0.025878906
vn 0.703057647 -0.015799053 -0.710957408
vt 0.142333984 0.031738281
vt 0.138183594 0.028076172
vt 0.139160156 0.034179688
vt 0.133544922 0.028808594
vt 0.137451172 0.029052734
vt 0.123535156 0.008056641
vt 0.134033203 0.011962891
v -0.130599946 0.610061705 0.241226181
vt 0.612304688 0.291748047
vn -0.805023372 0.039461929 0.591929197
v -0.119369484 0.638717711 0.234878510
vt 0.606201172 0.293701172
vn -0.865712583 0.299064279 -0.401375681
vt 0.611816406 0.287841797
vn -0.220856294 -0.315508872 -0.922863364
vt 0.615478516 0.289794922
vn -0.015707543 -0.691137314 0.722552776
v -0.102508523 0.624954283 0.249801621
vt 0.619140625 0.298095703
vn -0.716624200 0.078749917 0.692999423
v -0.097228982 0.604904234 0.236968979
vt 0.617431641 0.285400391
vn -0.466013819 -0.884636521 -0.015796980
v -0.102683999 0.632232726 0.230102524
vt 0.606933594 0.281738281
vn -0.909112155 0.407532990 -0.086208813
vt 0.614746094 0.275878906
vt 0.609863281 0.270019531
v -0.101455666 0.662994444 0.235183686
vt 0.601806641 0.287353516
vn 0.651928484 -0.581237495 -0.486982822
v -0.097694375 0.677154601 0.226760834
vt 0.596435547 0.289550781
vn -0.387367040 -0.094865426 -0.917031825
v -0.108375527 0.665130675 0.241607636
vt 0.601318359 0.297607422
vn 0.015804587 0.292382836 0.956170738
vt 0.627929688 0.290771484
vt 0.618896484 0.275634766
v -0.111480691 0.639450133 0.250061005
vt 0.610595703 0.298828125
vn 0.354100406 0.236066908 0.904922843
vt 0.609619141 0.306396484
vt 0.600830078 0.300781250
v -0.078498811 0.624939024 0.285827607
vt 0.632812500 0.305664062
vn -0.726212621 0.031574462 0.686744690
v -0.078994729 0.664032042 0.260101289
vt 0.620849609 0.316650391
vn -0.725309372 0.528214395 0.441492766
v -0.093231186 0.665115416 0.204193085
vt 0.598632812 0.321289062
vn -0.864321709 0.502878010 -0.007857379
vt 0.599365234 0.309326172
v -0.048133817 0.618255675 0.307617158
vt 0.648681641 0.311279297
vn -0.408739775 -0.125766098 0.903944075
vt 0.650390625 0.304199219
vt 0.679443359 0.308349609
v 0.013804471 0.620712340 0.319122285
vt 0.671630859 0.318847656
vn -0.047138877 0.133560538 0.989919007
v 0.035839114 0.611068785 0.313690156
vt 0.680664062 0.315673828
vn 0.474030793 -0.079005055 0.876956701
v 0.042545352 0.600204527 0.296936005
vt 0.685546875 0.311523438
vn 0.440835685 -0.669125378 0.598276794
v 0.060390502 0.598678648 0.281463593
vt 0.693603516 0.311523438
vn 0.464624614 -0.692999303 0.551249385
v 0.093269378 0.596237242 0.246948197
vt 0.712158203 0.312500000
vn 0.512415051 0.827747405 0.228615835
vt 0.568847656 0.984863281
vt 0.570556641 0.988037109
v -0.117340066 0.596481383 0.196456894
vt 0.563964844 0.990966797
vn 0.165164903 0.904474974 -0.393250048
vt 0.569091797 0.994140625
vt 0.552978516 0.987060547
vt 0.565673828 0.999267578
vt 0.570556641 1.000000000
vt 0.556396484 0.995361328
vt 0.551025391 0.997070312
vt 0.547119141 0.993164062
v -0.102027878 0.606826842 0.173934922
vt 0.546875000 0.987548828
vn -0.804622710 -0.560080528 -0.197211310
v -0.116966225 0.655807555 0.208099335
vt 0.895263672 0.009765625
vn -0.423884779 0.408185393 0.808521152
vt 0.887451172 0.008056641
vt 0.890380859 0.003906250
vt 0.896972656 0.003417969
v -0.101409897 0.681320250 0.196548432
vt 0.896484375 0.019287109
vn -0.330166787 0.212249964 -0.919749975
v -0.105033860 0.664749205 0.205474824
vt 0.890380859 0.018554688
vn 0.753851771 -0.596799314 -0.274841845
vt 0.883789062 0.013183594
vt 0.357421875 0.018066406
v -0.106574997 0.676651061 0.210235566
vt 0.356933594 0.024902344
vn -0.275351554 0.346156418 0.896859765
vt 0.351562500 0.027587891
v -0.052719101 0.724029601 0.200637773
vt 0.361083984 0.044677734
vn -0.827464640 0.559523582 0.047283776
v -0.040962204 0.717895567 0.196563676
vt 0.357910156 0.047607422
vn -0.450469851 0.165962473 -0.877230525
v -0.033752430 0.721374571 0.170700029
vt 0.360839844 0.054687500
vn -0.674577355 0.188254058 -0.713796794
v -0.065498337 0.699386656 0.201354951
vt 0.365234375 0.036621094
vn -0.645989776 0.653867722 0.393896252
vt 0.360107422 0.021484375
vt 0.360107422 0.013183594
vt 0.365234375 0.025390625
vt 0.907470703 0.354248047
v -0.104743943 0.622283995 0.160507187
vt 0.907226562 0.368164062
vn -0.918275714 0.251152307 -0.306091785
vt 0.899902344 0.360107422
vt 0.900390625 0.366943359
vt 0.917236328 0.349365234
v -0.093223557 0.607528746 0.141662583
vt 0.906494141 0.376708984
vn -0.671711206 -0.616393864 -0.410929084
vt 0.896484375 0.370849609
v -0.061141957 0.596572936 0.125656113
vt 0.905273438 0.389404297
vn -0.330544829 0.857842326 -0.393505633
vt 0.891845703 0.398437500
v -0.075599663 0.618469298 0.113342255
vt 0.914062500 0.383789062
vn -0.614955485 -0.015768146 -0.788404286
v -0.026653280 0.595840514 0.107521020
vt 0.904785156 0.400878906
vn -0.221124738 0.260611117 -0.939779580
v -0.025259012 0.619766295 0.090362512
vt 0.912597656 0.401123047
vn -0.228085130 0.165164933 -0.959529936
v -0.078788750 0.657486022 0.137710541
vt 0.923583984 0.371826172
vn -0.799711168 0.454737633 -0.392015159
v -0.083297715 0.674484313 0.189712495
vt 0.923828125 0.353027344
vn -0.706561923 0.667308331 -0.235520571
v -0.056930535 0.692749083 0.146301240
vt 0.936523438 0.365722656
vn -0.589164853 0.722708762 -0.361354321
v -0.033020005 0.712890685 0.186859086
vt 0.943359375 0.350830078
vn -0.709299445 0.693537116 -0.126097605
vt 0.949707031 0.352294922
vt 0.941162109 0.346435547
vt 0.931884766 0.343261719
vt 0.936523438 0.335205078
vt 0.915771484 0.332275391
v -0.059928875 0.686416686 0.229766816
vt 0.926025391 0.335205078
vn -0.684827149 0.716313422 0.133816868
v -0.037963849 0.721344054 0.223556474
vt 0.935058594 0.328613281
vn -0.739515841 0.472031444 0.479898691
v -0.046874981 0.702652037 0.216247514
vt 0.931640625 0.335937500
vn -0.725309372 0.157675967 0.670122921
v -0.049842816 0.708892882 0.210998490
vt 0.933105469 0.338623047
vn -0.810898066 0.488113344 -0.322784543
vt 0.935302734 0.337158203
vt 0.389648438 0.986328125
vt 0.388427734 0.995361328
v -0.083099343 0.694580138 0.230911225
vt 0.382812500 0.987060547
vn -0.529714584 0.830149770 0.173936188
vt 0.374267578 0.978759766
v -0.051990490 0.707305968 0.221939042
vt 0.374267578 0.983886719
vn -0.039433558 -0.205055162 0.977955699
vt 0.384521484 0.998046875
vt 0.377929688 0.997802734
vt 0.370849609 0.982666016
vt 0.368408203 0.983886719
vt 0.027832031 0.218261719
vt 0.024658203 0.203613281
vt 0.024658203 0.169189453
vt 0.038085938 0.200927734
vt 0.842285156 0.157714844
vt 0.820556641 0.259277344
vt 0.816650391 0.201660156
v -0.050182290 0.601120055 0.439910859
vt 0.813964844 0.176513672
vn -0.000000006 0.961226106 0.275761545
vt 0.811523438 0.191162109
vt 0.807128906 0.179931641
v 0.040828757 0.600692809 0.440887421
vt 0.788574219 0.158203125
vn 0.007884574 0.812106907 0.583455443
v -0.089050293 0.614196837 0.050495122
vt 0.810058594 0.011962891
vn -0.125731036 -0.526499212 0.840827286
v -0.091896057 0.611373961 0.075157143
vt 0.801513672 0.017333984
vn -0.094573267 -0.914208114 -0.394055188
vt 0.802978516 0.010742188
vt 0.797363281 0.014404297
vt 0.804931641 0.003173828
vt 0.581054688 0.981689453
vt 0.577392578 0.986816406
vt 0.577392578 0.983154297
vt 0.583251953 0.982421875
vt 0.579589844 0.992431641
vt 0.508056641 0.084960938
vt 0.509033203 0.091064453
v -0.067497253 0.614120543 0.076690644
vt 0.487792969 0.096191406
vn 0.063289136 0.751557887 0.656624198
vt 0.504638672 0.094970703
vt 0.498535156 0.078369141
vt 0.471435547 0.074951172
vt 0.502685547 0.098144531
vt 0.496826172 0.104492188
v -0.059906002 0.608841002 0.070312470
vt 0.485595703 0.106689453
vn -0.078928672 0.189429134 0.978717029
vt 0.487792969 0.119628906
vt 0.484863281 0.124755859
vt 0.481933594 0.116943359
vt 0.472656250 0.149169922
vt 0.481201172 0.098388672
v -0.049045578 0.678329527 -0.049892459
vt 0.992431641 0.135498047
vn 0.584218740 0.647377372 0.489480376
vt 0.999755859 0.154296875
vt 0.983886719 0.139892578
v -0.009392752 0.670532286 -0.035179175
vt 0.982421875 0.128417969
vn -0.650925279 0.258801639 0.713665247
vt 0.974365234 0.143310547
v -0.017993946 0.678070128 -0.064514197
vt 0.991699219 0.126708984
vn -0.810898006 0.574714124 0.110219233
v -0.032016777 0.679702818 -0.102767974
vt 0.998046875 0.129150391
vn 0.855513930 0.502320170 0.125579894
v -0.008903516 0.652984679 -0.038501777
vt 0.971923828 0.131347656
vn 0.738944471 -0.668194354 -0.086472295
v -0.018163688 0.632934630 0.000073398
vt 0.969726562 0.139404297
vn 0.776978612 -0.368868649 -0.510137618
v -0.064437874 0.628204405 -0.023469953
vt 0.956298828 0.137939453
vn 0.907737613 -0.276267946 -0.315734953
v -0.028272642 0.641220152 -0.045158420
vt 0.964599609 0.132080078
vn 0.395223022 -0.916917264 0.055331204
v -0.038154617 0.638702452 -0.064537078
vt 0.959716797 0.129882812
vn 0.693601787 0.685719967 0.220691353
v -0.010280628 0.648086607 -0.082283057
vt 0.967285156 0.125488281
vn -0.339838654 -0.940483809 0.000000086
v -0.001775520 0.632034361 -0.069213904
vt 0.967041016 0.123535156
vn -0.819482088 -0.543694973 0.181231782
v -0.027019517 0.724487364 -0.043815650
vt 0.989746094 0.110839844
vn -0.957459331 -0.109872416 0.266833037
vt 0.994140625 0.119384766
v -0.018955255 0.686798155 -0.109291114
vt 0.999511719 0.119873047
vn -0.354451597 -0.929450929 -0.102397054
vt 0.999023438 0.112548828
v -0.024765037 0.779449522 -0.059097331
vt 0.999755859 0.095458984
vn -0.951782823 0.283174992 0.117989719
v -0.017055526 0.752319396 -0.019083064
vt 0.988037109 0.101806641
vn -0.818517029 0.094444267 0.566665769
v -0.000641095 0.602188170 -0.311828643
vt 0.333740234 0.861816406
vn 0.204452053 -0.896443725 -0.393177062
vt 0.316406250 0.869140625
vt 0.310546875 0.861083984
vt 0.330078125 0.844970703
v 0.008387519 0.616836607 -0.303070098
vt 0.337646484 0.862548828
vn 0.968924522 0.149671301 -0.196936011
v -0.002781671 0.641387999 -0.257476836
vt 0.351074219 0.867919922
vn 0.606882751 0.788159430 -0.102460846
v -0.038169902 0.649978697 -0.264343292
vt 0.360351562 0.859863281
vn 0.967395008 -0.204489946 0.149434879
v 0.002185537 0.653366148 -0.289764434
vt 0.357177734 0.845458984
vn 0.574287176 -0.770960748 0.275343060
v 0.006300884 0.659896910 -0.258544952
vt 0.370849609 0.847167969
vn 0.623556912 -0.781419396 -0.023679424
v -0.034263644 0.642150939 -0.201217696
vt 0.382812500 0.868408203
vn 0.669685900 -0.740593851 -0.055150665
v 0.004745432 0.629547179 -0.336364776
vt 0.337158203 0.834960938
vn 0.315244228 -0.929970324 0.189146504
vt 0.316894531 0.841064453
v 0.012291853 0.632202208 -0.365631133
vt 0.332031250 0.820556641
vn 0.314483285 -0.809794545 -0.495311230
vt 0.317871094 0.810546875
v 0.004182782 0.656051695 -0.188705489
vt 0.393554688 0.855468750
vn 0.774637103 -0.632356703 0.007904386
v -0.005093599 0.647857726 -0.126586959
vt 0.412109375 0.864257812
vn 0.173400462 -0.961584330 -0.212809622
v -0.001686601 0.674133360 -0.139526412
vt 0.412841797 0.852783203
vn -0.291338742 0.519685030 -0.803149641
v 0.003522836 0.675567687 -0.211624190
vt 0.388427734 0.845703125
vn 0.792797267 0.604409873 0.078494646
v 0.006547879 0.677276671 -0.297790557
vt 0.363769531 0.836181641
vn 0.786038101 0.605249465 -0.125766248
v -0.023601566 0.681289732 -0.185424849
vt 0.401611328 0.840332031
vn 0.779672623 0.622163057 0.070879191
v 0.009627290 0.657302916 -0.336029083
vt 0.350097656 0.833740234
vn 0.584491849 0.695071459 -0.418622702
v -0.007395310 0.688354552 -0.253814727
vt 0.380615234 0.832519531
vn 0.290216148 0.956929028 -0.007843760
v -0.025970511 0.678085387 -0.319915801
vt 0.362548828 0.822265625
vn 0.173443496 0.938171983 -0.299584389
v -0.029525802 0.690414488 -0.260376006
vt 0.383789062 0.821289062
vn 0.854215443 -0.506201684 -0.118641123
v -0.055233054 0.679763854 -0.324523956
vt 0.364990234 0.811767578
vn 0.662218451 -0.748937547 -0.023650715
v 0.011428779 0.643096983 -0.353057891
vt 0.336181641 0.825195312
vn 0.512925267 0.749660075 0.418231308
v -0.075164847 0.666793883 -0.357269317
vt 0.351562500 0.815429688
vn 0.559020460 0.763732195 0.322814554
v 0.002708853 0.680343688 -0.377960235
vt 0.338378906 0.799072266
vn 0.708859324 -0.346553355 0.614344537
vt 0.326171875 0.802734375
v 0.007104814 0.671768248 -0.384063751
vt 0.333740234 0.805175781
vn 0.897276223 -0.086579278 -0.432896554
v 0.004550403 0.705841124 -0.331268340
vt 0.364257812 0.796142578
vn 0.768444479 -0.611618936 0.188190401
vt 0.347412109 0.793212891
v -0.005876592 0.696731627 -0.313171417
vt 0.373046875 0.799804688
vn 0.502753913 -0.864108264 0.023566561
vt 0.374755859 0.791992188
vt 0.336425781 0.796630859
vt 0.338378906 0.795166016
v 0.001655757 0.665206969 -0.390533477
vt 0.331787109 0.802734375
vn 0.575195551 -0.102432117 -0.811577439
v 0.001552045 0.664352477 -0.390533477
vt 0.331787109 0.802978516
vn 0.567069709 -0.086635686 -0.819100916
v 0.001545369 0.663497984 -0.390441924
vt 0.331542969 0.803222656
vn -0.283887208 -0.496802807 0.820118964
v -0.001224090 0.706070006 -0.290710479
vt 0.380371094 0.802734375
vn 0.827130914 -0.559297860 0.055141971
vt 0.396484375 0.812500000
v -0.006293338 0.700073302 -0.236633345
vt 0.393798828 0.817871094
vn 0.752206981 -0.658181071 -0.031342030
v -0.004198113 0.699081481 -0.215591475
vt 0.399658203 0.822265625
vn 0.951311946 -0.306621194 0.031448215
vt 0.404785156 0.815185547
vt 0.416259766 0.825195312
v -0.009481462 0.691619933 -0.167449996
vt 0.410156250 0.837402344
vn 0.872610271 -0.487403899 0.031445321
vt 0.429687500 0.849853516
vt 0.439941406 0.858642578
vt 0.429931641 0.844970703
vt 0.441162109 0.849609375
v -0.026609439 0.688247740 -0.071594276
vt 0.441650391 0.851806641
vn 0.717693388 -0.678259552 0.157734737
v -0.008377104 0.700027525 -0.138580367
vt 0.421142578 0.838623047
vn -0.472778261 -0.512176394 -0.717046857
v -0.009223970 0.702835143 -0.161956832
vt 0.415283203 0.834960938
vn 0.880145311 0.447931141 -0.157168940
v -0.012936620 0.708831847 -0.135253951
vt 0.424560547 0.835693359
vn -0.643835723 0.596725762 -0.478950858
vt 0.436523438 0.834472656
v -0.011246711 0.706253111 -0.144073531
vt 0.421386719 0.835937500
vn 0.889543176 0.456579715 0.015743989
v -0.011246710 0.706131041 -0.143234298
vt 0.421630859 0.836181641
vn 0.895309508 0.439801186 0.070682183
v -0.011321097 0.706131041 -0.142379805
vt 0.421875000 0.836181641
vn 0.892145455 0.450020283 0.039475325
v -0.059059080 0.275482237 0.431976289
vt 0.266845703 0.021972656
vn -0.211746693 -0.290171564 0.933254480
vt 0.263183594 0.028564453
vt 0.259521484 0.027587891
vt 0.284912109 0.022705078
v 0.009147712 0.213745207 0.432739228
vt 0.283447266 0.004882812
vn -0.440276533 -0.542483628 0.715449631
vt 0.267333984 0.011474609
vt 0.257812500 0.021728516
vt 0.858642578 0.018066406
v -0.049526233 0.716857970 -0.059265170
vt 0.867431641 0.027832031
vn 0.204902306 0.977226615 0.055165950
vt 0.848388672 0.032226562
vt 0.871093750 0.032226562
v -0.031764999 0.703659117 -0.041034736
vt 0.869873047 0.020263672
vn 0.758899152 0.640321255 0.118577875
vt 0.875976562 0.025634766
v -0.033756264 0.691543639 0.018392527
vt 0.860839844 0.009765625
vn 0.966051340 0.243476406 0.086394705
vt 0.856933594 0.008056641
vt 0.877197266 0.023681641
v -0.026638048 0.692153990 -0.057369269
vt 0.874511719 0.020996094
vn 0.793849587 -0.589492202 0.149337962
vt 0.877441406 0.015380859
vt 0.884277344 0.025878906
vt 0.867919922 0.012939453
vt 0.863037109 0.005859375
vt 0.878906250 0.005126953
vt 0.327880859 0.172851562
v -0.061508171 0.664291441 0.128051728
vt 0.322509766 0.177734375
vn -0.395223141 0.505885363 -0.766732574
vt 0.317382812 0.163574219
vt 0.330810547 0.183837891
vt 0.299560547 0.170166016
v -0.016551960 0.713485777 0.163589433
vt 0.325927734 0.200683594
vn -0.189170137 0.725151658 -0.662095010
vt 0.332763672 0.199462891
v -0.029939644 0.683731139 0.123825043
vt 0.315673828 0.187988281
vn -0.260538161 0.607922077 -0.750033736
v -0.004380694 0.707046568 0.152633622
vt 0.319091797 0.201904297
vn -0.031503994 0.756093025 -0.653705478
v 0.006968032 0.715667784 0.161514238
vt 0.321777344 0.207275391
vn 0.133523270 0.306318402 -0.942518234
v 0.023647320 0.711059630 0.164184526
vt 0.320068359 0.212158203
vn 0.315234244 0.748681605 -0.583183706
v 0.021537788 0.697174132 0.137786821
vt 0.312988281 0.206787109
vn 0.157246381 0.754783213 -0.636848390
v 0.027877813 0.670425475 0.112876855
vt 0.302490234 0.198730469
vn 0.220117792 0.636769593 -0.738967240
v -0.001865739 0.674591124 0.115127526
vt 0.306152344 0.192626953
vn 0.047343884 0.718050659 -0.694378793
v 0.004107004 0.662155211 0.106628381
vt 0.301025391 0.190185547
vn -0.055014320 0.424395114 -0.903804421
v -0.002718443 0.674575865 0.115165673
vt 0.306396484 0.192626953
vn -0.039471895 0.710491836 -0.702597618
v -0.003571266 0.674530089 0.115165673
vt 0.306640625 0.192382812
vn 0.015796956 0.718766987 -0.695071518
v 0.035858158 0.627502501 0.093009904
vt 0.286376953 0.186767578
vn 0.158089057 0.324082822 -0.932726264
v 0.041267402 0.612075865 0.092674211
vt 0.282226562 0.183349609
vn 0.321699679 -0.541397214 -0.776787281
vt 0.292236328 0.163574219
v 0.029460914 0.596511900 0.103988603
vt 0.277832031 0.177490234
vn 0.062797703 0.996914387 -0.047098368
vt 0.285156250 0.146728516
vt 0.295654297 0.152832031
vt 0.254882812 0.151367188
v -0.050365444 0.623245299 0.079605073
vt 0.786621094 0.977539062
vn 0.661069095 0.306924999 0.684678614
vt 0.775634766 0.977294922
vt 0.795166016 0.975097656
vt 0.779541016 0.982910156
vt 0.772705078 0.981445312
v -0.030881884 0.660125792 0.049076047
vt 0.764648438 0.981933594
vn 0.938113689 -0.228615910 -0.260149300
vt 0.773193359 0.989257812
vt 0.765380859 0.997314453
vt 0.755126953 0.992675781
vt 0.761718750 0.974365234
vt 0.773193359 0.971679688
vt 0.750732422 0.984375000
vt 0.218261719 0.036376953
v -0.059253670 0.687210143 0.257904023
vt 0.208740234 0.037109375
vn -0.362519473 0.693515658 0.622587919
vt 0.201171875 0.027832031
v -0.040245034 0.708755553 0.243972734
vt 0.201660156 0.033935547
vn -0.173546031 0.749403477 0.638965011
v -0.015191058 0.715271056 0.236892655
vt 0.193115234 0.036132812
vn -0.165451750 0.685443282 0.709079206
v -0.034774750 0.655899107 0.300323457
vt 0.208984375 0.059082031
vn -0.243973419 0.566648126 0.787011325
vt 0.218994141 0.069580078
vt 0.198974609 0.078125000
v 0.013482122 0.684631407 0.282745332
vt 0.189941406 0.056152344
vn -0.101905115 0.752530515 0.650625229
v 0.017248174 0.711349547 0.241180375
vt 0.182861328 0.040771484
vn 0.157246575 0.636848390 0.754783213
v 0.004714987 0.731628478 0.248702958
vt 0.185302734 0.032958984
vn -0.188184530 -0.062728181 0.980128467
v 0.024715453 0.671020567 0.292663544
vt 0.188232422 0.062988281
vn 0.197211489 0.560080469 0.804622591
v 0.025274303 0.689773619 0.275451630
vt 0.185302734 0.054687500
vn 0.267617047 0.779237807 0.566718280
v 0.034748103 0.688278258 0.267822236
vt 0.181396484 0.054199219
vn 0.353608042 0.762221634 0.542198777
v 0.029775651 0.648407042 0.303924531
vt 0.190429688 0.070800781
vn 0.345217615 0.368755132 0.863043725
vt 0.191894531 0.081542969
v 0.070587188 0.647888243 0.284698457
vt 0.173828125 0.072265625
vn 0.605998755 0.362025261 0.708310127
v 0.091095001 0.617721617 0.276824921
vt 0.172607422 0.082275391
vn 0.694789886 -0.213174075 0.686894298
v 0.080108665 0.678344786 0.255554169
vt 0.166748047 0.058593750
vn 0.669519722 0.614382863 0.417465180
v 0.115112327 0.612625182 0.234237626
vt 0.153076172 0.076660156
vn 0.949816167 -0.094196580 0.298289239
v 0.104400657 0.649765074 0.210250795
vt 0.152099609 0.065429688
vn 0.881207168 0.448471516 0.149490371
v 0.042587299 0.720672667 0.233093217
vt 0.173339844 0.038574219
vn 0.708310306 0.362025291 0.605998635
v 0.035556812 0.732940733 0.236740068
vt 0.174316406 0.032470703
vn 0.520136833 0.070927791 0.851132810
v 0.049579635 0.732238829 0.202712968
vt 0.166992188 0.030029297
vn 0.991910815 -0.110212266 0.062978342
v 0.033657089 0.731658995 0.213912919
vt 0.172607422 0.028076172
vn 0.957459331 -0.109872319 0.266832769
v 0.041313190 0.708953917 0.217163041
vt 0.167968750 0.037597656
vn 0.706997693 0.691286683 0.149254948
v 0.046604171 0.723815978 0.202239946
vt 0.167236328 0.032714844
vn 0.965872645 0.251283973 -0.062821113
v 0.081329361 0.687454283 0.203811586
vt 0.156738281 0.046875000
vn 0.686744571 0.726212800 -0.031574588
v -0.051509898 0.607101500 -0.262847930
vt 0.091796875 0.602783203
vn 0.219927743 -0.973965526 0.054981936
v -0.056201965 0.597396910 -0.191558868
vt 0.104248047 0.588867188
vn 0.593019724 -0.766972184 -0.245114863
vt 0.094482422 0.616943359
vt 0.069335938 0.604736328
v -0.011886638 0.611480772 -0.262329131
vt 0.082031250 0.593017578
vn 0.322674721 -0.944413662 0.062960908
vt 0.068359375 0.598144531
v -0.030002629 0.606247008 -0.225967437
vt 0.093750000 0.585937500
vn 0.118073672 -0.983947039 -0.133816764
v -0.028886823 0.596313536 -0.173217803
vt 0.114746094 0.580810547
vn 0.110345684 0.993111670 -0.039409254
v 0.002139056 0.621673644 -0.219253570
vt 0.086669922 0.577392578
vn 0.987872243 -0.150156543 0.039514765
v -0.005404031 0.608184874 -0.222839385
vt 0.091064453 0.581054688
vn 0.447640926 -0.887428463 -0.109946914
vt 0.073242188 0.579589844
v -0.002527263 0.606201231 -0.155868560
vt 0.107666016 0.569335938
vn 0.784585357 -0.619822383 0.015691632
v -0.003284723 0.631988585 -0.173339874
vt 0.095214844 0.564941406
vn 0.564415157 0.823105574 0.062712692
v -0.017934838 0.644409239 -0.235305831
vt 0.074951172 0.571533203
vn 0.213094428 0.970763624 0.110493347
vt 0.062744141 0.570556641
vt 0.082031250 0.559814453
vt 0.114257812 0.533447266
v -0.008547800 0.632370055 -0.069976844
vt 0.119873047 0.542480469
vn 0.709299386 0.693537235 0.126097545
v -0.002423546 0.616348326 -0.112312354
vt 0.113525391 0.556396484
vn 0.997529209 0.031418290 0.062836349
v -0.008544938 0.607528746 -0.072883643
vt 0.124023438 0.548828125
vn 0.852324784 -0.520865083 0.047351286
v -0.017740266 0.597930968 -0.078887977
vt 0.127197266 0.552734375
vn 0.282938719 0.958848178 -0.023578314
v 0.026264172 0.596603453 -0.092056312
vt 0.140869141 0.559326172
vn -0.188503698 0.981789827 0.023562938
v -0.022716535 0.597869933 -0.052116428
vt 0.131347656 0.545410156
vn 0.299612254 0.954028547 -0.007884614
v 0.030612916 0.596328795 -0.176406890
vt 0.131591797 0.587646484
vn 0.023612486 0.999597251 -0.015741736
v 0.037452675 0.594848692 -0.118866012
vt 0.140136719 0.571289062
vn -0.512255967 0.583183587 -0.630468667
v 0.036659207 0.594711363 -0.198562652
vt 0.132080078 0.595458984
v 0.098518349 0.595565856 -0.151367232
vt 0.156494141 0.580810547
v 0.037284803 0.593139708 -0.337402374
vt 0.123535156 0.643798828
vn 0.015706666 0.997375369 0.070680097
vt 0.087158203 0.625976562
v 0.101112314 0.605636656 -0.337890655
vt 0.134521484 0.661376953
vn 0.000000110 0.323316127 0.946291029
v 0.137985185 0.611267149 -0.344146788
vt 0.138916016 0.669433594
vn -0.015693661 0.988699138 0.149089515
v -0.047489151 0.757507384 0.210372880
vt 0.991210938 0.429687500
vn 0.890067399 0.448972106 -0.078767173
v -0.031562794 0.760803282 0.192977861
vt 0.985839844 0.424316406
vn 0.597555161 0.786256850 -0.157251477
v -0.058380112 0.765380919 0.225006074
vt 0.998535156 0.427734375
vn -0.503250957 -0.110086150 0.857099533
v -0.029512390 0.770690978 0.213424638
vt 0.996826172 0.436523438
vn -0.023562351 0.699012697 -0.714720964
v -0.016286837 0.715789855 0.184768632
vt 0.971923828 0.426757812
vn 0.757504165 0.465549439 0.457658589
v -0.021167738 0.712554991 0.215789750
vt 0.977050781 0.436279297
vn 0.566490173 0.558622360 -0.605830014
v -0.028608304 0.751373351 0.230956987
vt 0.990722656 0.442382812
vn 0.560866177 0.616163015 -0.552966833
v -0.035533883 0.761444151 0.255554169
vt 0.999023438 0.447265625
vn -0.528214335 0.315351933 0.788379908
v 0.004191417 0.762908995 0.238983110
vt 0.986816406 0.453125000
vn 0.370239347 0.716846645 -0.590807796
v -0.033298474 0.735137999 0.234374955
vt 0.998046875 0.462646484
vn -0.754573345 0.070741251 0.652391672
vt 0.989013672 0.468994141
v 0.002537748 0.748626769 0.255096406
vt 0.985595703 0.462402344
vn -0.471929073 -0.235964581 0.849472582
v 0.015051861 0.736023009 0.237686113
vt 0.981689453 0.468261719
vn 0.687065899 -0.007897247 0.726552248
vt 0.976562500 0.473144531
v 0.012926123 0.760040343 0.261108369
vt 0.982177734 0.458740234
vn 0.424920231 0.826233983 -0.369838148
v 0.011135120 0.708847106 0.222671464
vt 0.968994141 0.443847656
vn -0.157774180 0.686317027 -0.709983289
v 0.018571870 0.764190733 0.230941728
vt 0.973632812 0.460937500
vn -0.732011318 0.519491792 -0.440780938
v 0.039466880 0.759033263 0.257415742
vt 0.967285156 0.465820312
vn 0.039473031 0.852616847 0.521043539
v 0.044616718 0.761566222 0.233322099
vt 0.961914062 0.468994141
vn 0.872718155 0.125797257 0.471739411
vt 0.974365234 0.479736328
v 0.033134479 0.737487853 0.229537919
vt 0.962646484 0.455566406
vn -0.418231487 0.749660075 -0.512925267
v 0.030544298 0.747924864 0.220062211
vt 0.959228516 0.454833984
vn -0.951665044 0.298869967 -0.070784882
v 0.029918686 0.766357481 0.213851884
vt 0.954345703 0.458496094
vn -0.772924602 0.520540953 -0.362801254
v 0.025957124 0.708282530 0.202941850
vt 0.961181641 0.441406250
vn -0.848475814 0.526369154 0.054993890
v 0.032623306 0.731048644 0.200988725
vt 0.954833984 0.446289062
vn -0.797827184 0.600345135 -0.055294871
v 0.029495250 0.763519347 0.189742997
vt 0.947509766 0.446044922
vn -0.823257267 0.478273243 0.305781335
v -0.004077421 0.703735411 0.182144120
vt 0.967773438 0.430419922
vn -0.031650476 0.917864084 0.395631045
v 0.025754940 0.732238829 0.178420976
vt 0.956298828 0.430908203
vn -0.559714794 0.465115190 0.685847878
v -0.001352776 0.730438292 0.170577958
vt 0.964355469 0.422363281
vn -0.165678129 0.347135395 0.923064411
v 0.005475054 0.764160216 0.174148515
vt 0.955566406 0.419921875
vn -0.252911001 0.569050014 0.782443762
v -0.010351171 0.749633849 0.173171952
vt 0.965087891 0.416992188
vn 0.447903574 0.196448937 0.872232974
v -0.001212950 0.765777647 0.133773759
vt 0.951904297 0.413085938
vn 0.558052480 0.086458847 -0.825289190
v -0.047843926 0.761688292 0.164764360
vt 0.975341797 0.411376953
vn 0.478877097 0.777194142 -0.408223242
v -0.013173092 0.762664855 0.181411698
vt 0.964355469 0.412597656
vn 0.251656741 0.754970074 0.605548799
vt 0.051025391 0.156738281
vt 0.065917969 0.153076172
v -0.058170307 0.761322081 0.197601289
vt 0.060791016 0.158447266
vn -0.746621072 0.165042460 -0.644451678
v -0.040496811 0.732208312 0.195907548
vt 0.067626953 0.168945312
v -0.028747542 0.736541808 0.211425737
vt 0.061035156 0.172363281
vn -0.552828670 -0.213233978 0.805550575
vt 0.050537109 0.169921875
vt 0.056396484 0.184082031
vt 0.049316406 0.187744141
v -0.034400929 0.733429015 0.177078202
vt 0.074462891 0.166259766
vn -0.928558469 0.031476501 -0.369849414
vt 0.067871094 0.175537109
vt 0.064453125 0.184082031
vt 0.066406250 0.182373047
vt 0.060058594 0.187255859
vt 0.064697266 0.188476562
vt 0.050292969 0.197265625
vt 0.056884766 0.197509766
vt 0.078369141 0.170898438
vt 0.087890625 0.171630859
vt 0.098144531 0.170166016
v -0.004117480 0.729950011 0.153335527
vt 0.090820312 0.166992188
vn -0.181496784 0.291972846 -0.939047813
v 0.015842447 0.736694396 0.166732743
vt 0.098388672 0.165039062
vn 0.181074217 -0.322784662 -0.928989947
v -0.015011777 0.732269347 0.169692948
vt 0.086669922 0.163818359
vn -0.305649877 -0.329161316 -0.893437743
vt 0.076904297 0.153564453
v -0.050643910 0.761566222 0.176940873
vt 0.073486328 0.155273438
vn -0.850288212 -0.196825996 0.488128573
vt 0.065673828 0.137939453
v -0.018768301 0.761810362 0.168884233
vt 0.087646484 0.155761719
vn -0.473484397 0.339330316 -0.812814534
v -0.013909334 0.761047423 0.144653276
vt 0.094482422 0.157958984
vn -0.883177578 0.212908804 -0.417932093
vt 0.090087891 0.152832031
v -0.015684137 0.616714537 -0.014439617
vt 0.426025391 0.965576172
vn 0.708375990 0.700505197 0.086579166
vt 0.416992188 0.973144531
vt 0.416259766 0.966064453
vt 0.420654297 0.975097656
vt 0.424560547 0.974609375
vt 0.429687500 0.973388672
vt 0.425292969 0.976318359
vt 0.430908203 0.962158203
vt 0.442626953 0.977539062
v 0.031322464 0.596359313 -0.057979625
vt 0.445556641 0.968017578
vn 0.031476513 0.999380589 0.015738230
vt 0.424560547 0.961425781
vt 0.423095703 0.965332031
vt 0.420654297 0.961669922
vt 0.443359375 0.943847656
v 0.035366055 0.591598570 0.009841879
vt 0.451171875 0.955566406
vn 0.236948758 0.971490085 0.007898220
v 0.038944233 0.595459044 -0.043911021
vt 0.446533203 0.968017578
vn -0.079027355 0.995744228 0.047416359
v 0.035678875 0.593826354 0.114173844
vt 0.462890625 0.936523438
vn 0.047187023 0.990928710 -0.125832260
v 0.091583267 0.595428526 0.155105546
vt 0.483886719 0.947753906
vn 0.165262073 0.983703256 -0.070826694
v 0.092529289 0.595108092 -0.008368540
vt 0.459472656 0.976562500
vn -0.126534536 0.577314198 0.806658089
v 0.132186875 0.592773497 -0.019685797
vt 0.464599609 0.982421875
vn -0.000000036 0.998484433 0.055034529
vt 0.516113281 0.942382812
vt 0.743164062 0.818847656
vt 0.727050781 0.833740234
vt 0.723388672 0.824218750
v 0.088905267 0.488893539 -0.487823516
vt 0.709960938 0.831787109
vn 0.047366019 -0.339457273 -0.939428151
vt 0.730957031 0.817138672
vt 0.715332031 0.819824219
v 0.108779840 0.583541930 -0.485107452
vt 0.705078125 0.858886719
vn 0.039295707 0.047154963 -0.998114347
vt 0.735839844 0.851806641
v 0.132049501 0.489976943 -0.485656798
vt 0.694824219 0.833007812
vn 0.039393175 -0.299389005 -0.953317583
v 0.165389955 0.486358702 -0.453552306
vt 0.686279297 0.823974609
vn -0.346285045 -0.747660816 -0.566648066
v 0.166992128 0.486534178 -0.473602355
vt 0.683837891 0.828857422
vn -0.118326969 -0.244542211 -0.962391794
vt 0.719238281 0.864746094
vt 0.742675781 0.875488281
vt 0.723388672 0.869873047
v 0.126922533 0.603103697 -0.467681944
vt 0.699462891 0.871337891
vn -0.000000078 0.961226106 -0.275761604
vt 0.732666016 0.877685547
v 0.130828783 0.598312438 -0.484710753
vt 0.697509766 0.864990234
vn -0.023659619 0.496849120 -0.867514372
v 0.201171800 0.582099974 -0.481445372
vt 0.677978516 0.860351562
vn 0.039309062 0.039309151 -0.998453617
v 0.203552172 0.603149474 -0.476104796
vt 0.678955078 0.871337891
vn 0.031606898 0.948209405 -0.316069812
v 0.171966493 0.606964171 -0.444427550
vt 0.687988281 0.881835938
vn -0.000000068 0.982062519 -0.188556045
v 0.091606081 0.611053526 -0.419220001
vt 0.705810547 0.891113281
vn -0.015799599 0.995371222 -0.094797306
vt 0.696289062 0.902343750
v 0.235107362 0.611038268 -0.438629210
vt 0.670410156 0.883544922
vn -0.007844472 0.980550528 -0.196110144
v 0.322051942 0.602829039 -0.445587218
vt 0.647460938 0.877441406
vn -0.015757876 0.976983905 -0.212730408
v 0.327728212 0.611419737 -0.441925108
vt 0.645263672 0.881103516
vn -0.031445462 0.998391926 -0.047168165
v 0.327270448 0.612701476 -0.342102110
vt 0.641113281 0.909423828
vn -0.015759788 0.992864966 0.118198164
v 0.278686464 0.603164732 -0.474151671
vt 0.658203125 0.871582031
vn -0.000000070 0.978717029 -0.205214888
v 0.422882020 0.614288390 -0.348175138
vt 0.617919922 0.905273438
vn 0.023579651 0.998206854 0.055019226
v 0.432342470 0.610458434 -0.337890714
vt 0.613525391 0.907470703
vn 0.763661206 0.173201561 0.621950746
v 0.432647645 0.612930357 -0.391845793
vt 0.614746094 0.897949219
vn 0.811728477 0.583183706 -0.031523570
v 0.379730165 0.615234435 -0.403839201
vt 0.630615234 0.895019531
vn -0.007872842 0.999845147 -0.015745634
v 0.426025331 0.611831725 -0.444671720
vt 0.623291016 0.886474609
vn 0.236359686 0.969074905 -0.070907988
v 0.324706972 0.609649718 -0.494751036
vt 0.645507812 0.865478516
vn -0.243634373 0.589437604 -0.770198524
v 0.388061464 0.605880797 -0.494476408
vt 0.626220703 0.874755859
vn 0.031445283 0.636769593 -0.770412683
v 0.432006776 0.609954894 -0.490264982
vt 0.616455078 0.882080078
vn 0.738967180 0.503126681 -0.448097289
v 0.321624696 0.602081358 -0.480316222
vt 0.648681641 0.864990234
vn -0.180510312 0.070634358 -0.981033564
v 0.324676454 0.428375304 -0.491729796
vt 0.635009766 0.816894531
vn -0.569139004 -0.015809475 -0.822089434
v 0.303955019 0.602996886 -0.474029601
vt 0.650390625 0.871826172
v 0.321227968 0.491176665 -0.480407774
vt 0.642578125 0.835205078
vn -0.109855585 -0.102008693 -0.988699138
v 0.319946229 0.487068236 -0.472076476
vt 0.643066406 0.832031250
vn -0.094138756 -0.211811975 -0.972765923
v 0.206314027 0.488145888 -0.477844298
vt 0.672607422 0.831054688
vn 0.023562165 -0.699012816 -0.714720845
v 0.210800111 0.500419676 -0.482299864
vt 0.671630859 0.835205078
vn 0.015738146 -0.031476598 -0.999380589
v 0.217300355 0.545730650 -0.481262267
vt 0.672607422 0.849121094
vn 0.023612401 0.015741648 -0.999597251
v 0.226211473 0.595840514 -0.480651915
vt 0.670410156 0.866699219
vn -0.110308200 0.425473928 -0.898222804
v 0.204818666 0.586395323 -0.469482481
vt 0.676513672 0.865234375
vn -0.110099912 0.259520859 -0.959440947
v 0.294982851 0.596389830 -0.481109679
vt 0.652587891 0.870361328
vn 0.000000089 0.521450043 0.853281796
v 0.295745790 0.599563658 -0.478363097
vt 0.652587891 0.871093750
vn -0.007848872 0.737782657 -0.674992681
v 0.296600282 0.599533141 -0.478363097
vt 0.652343750 0.871093750
vn 0.023691799 0.718654931 -0.694963157
v 0.297454774 0.599533141 -0.478332579
vt 0.652099609 0.871093750
vn 0.188555896 0.589237511 -0.785650074
vt 0.213134766 0.004882812
vt 0.213134766 0.026611328
vt 0.204101562 0.006347656
vt 0.559570312 0.023193359
vt 0.553710938 0.014648438
vt 0.562011719 0.021972656
vt 0.558837891 0.008056641
vt 0.554687500 0.003906250
vt 0.561035156 0.000488281
vt 0.751220703 0.012939453
vt 0.746582031 0.009033203
vt 0.751220703 0.009277344
vt 0.747070312 0.028320312
v 0.123458922 0.399345487 0.414031923
vt 0.933837891 0.757080078
v -0.002023164 0.421459287 0.413970917
vt 0.956542969 0.745605469
vt 0.959716797 0.758789062
vt 0.977294922 0.767578125
v 0.136230528 0.466289371 0.414459169
vt 0.968750000 0.718261719
vt 0.995117188 0.772460938
v 0.169845641 0.487495512 0.414764345
vt 0.976318359 0.707275391
vn 0.047076695 -0.690456271 0.721840739
vt 1.000000000 0.739013672
vt 0.997802734 0.775878906
v 0.039779734 0.133789152 0.437255830
vt 0.433105469 0.360839844
vn 0.007847575 0.855382264 0.517937839
vt 0.448974609 0.346923828
vt 0.453369141 0.350585938
v 0.019643856 0.120452970 0.441345215
vt 0.436279297 0.363769531
vn -0.007872915 0.125968680 0.992002964
vt 0.463378906 0.356689453
v 0.097686842 0.133789152 0.436462373
vt 0.422119141 0.367187500
vn -0.070673570 0.832378149 0.549683571
v 0.040287092 0.099365324 0.441589355
vt 0.436523438 0.370605469
vt 0.446289062 0.373291016
v 0.031578135 0.126129240 0.436340302
vt 0.433105469 0.363281250
vn 0.015755963 0.275727361 0.961106777
vt 0.409179688 0.383789062
v 0.116310187 0.134368986 0.414428651
vt 0.420654297 0.359375000
vn -0.157695457 0.425778061 0.890979946
vt 0.416503906 0.349121094
v 0.081527777 0.159637541 0.432800263
vt 0.413574219 0.357910156
vn -0.109764129 -0.109764226 0.987878382
v 0.200286940 0.133789152 0.433166444
vt 0.407226562 0.382812500
vn 0.015734496 0.251750112 0.967664421
v 0.238891676 0.133667082 0.433135927
vt 0.399902344 0.391845703
vn -0.015783671 0.205189317 0.978595018
vt 0.388427734 0.410644531
v 0.166076735 0.165161222 0.433013856
vt 0.402099609 0.375244141
v 0.289520323 0.140899748 0.433746278
vt 0.390136719 0.401855469
vn 0.385230243 0.652532697 0.652532637
v 0.218994215 0.194641203 0.433319032
vt 0.386230469 0.383789062
vn 0.149671391 0.196935922 0.968924582
v 0.291503966 0.139618009 0.418762147
vt 0.385742188 0.403076172
vn 0.329840660 0.903135180 0.274867147
v 0.324859679 0.133148283 0.416961610
vt 0.382812500 0.410888672
vn -0.994719684 0.094735160 0.039473128
v 0.260315001 0.163452238 0.414581239
vt 0.384033203 0.395263672
vn 0.117935002 0.188695848 0.974928319
v 0.197570860 0.211151212 0.414581239
vt 0.378906250 0.379394531
vn 0.267319173 0.353804708 0.896305144
v 0.174118116 0.229461759 0.433288515
vt 0.384033203 0.371826172
vn 0.110181697 0.141662061 0.983764112
v 0.091499396 0.218338087 0.432434052
vt 0.397949219 0.355224609
v 0.112701483 0.275817931 0.433380097
vt 0.381591797 0.354980469
vn 0.165740237 0.213094503 0.962871253
vt 0.390625000 0.330322266
v 0.023725577 0.213226408 0.433410615
vt 0.404541016 0.337402344
vn 0.007873658 0.007873571 0.999938011
vt 0.381347656 0.331542969
vt 0.406005859 0.333984375
vt 0.411132812 0.336669922
vt 0.412109375 0.325195312
vt 0.414794922 0.325683594
v 0.117973387 0.270980895 0.414764345
vt 0.375976562 0.357421875
vn 0.243184134 0.313785881 0.917823553
v 0.044780791 0.327240050 0.414520234
vt 0.372558594 0.335205078
vn 0.094593927 0.141890749 0.985352218
vt 0.371093750 0.333007812
v 0.174469054 0.272613615 0.414276063
vt 0.366699219 0.373535156
v 0.217575133 0.301406950 0.414153993
vt 0.358398438 0.372314453
v 0.172103941 0.331497282 0.413604677
vt 0.356689453 0.359130859
v 0.094482481 0.348831266 0.414459199
vt 0.358398438 0.342285156
vt 0.361816406 0.315185547
vt 0.335693359 0.336669922
v 0.268096983 0.373725981 0.414276063
vt 0.337158203 0.373291016
v 0.221130431 0.430725187 0.414489686
vt 0.327392578 0.357421875
vn 0.000000130 0.023615502 0.999721110
vt 0.322753906 0.316650391
vt 0.308593750 0.341308594
v 0.273254454 0.337478727 0.413696229
vt 0.343505859 0.378906250
v 0.336822569 0.330597013 0.412933290
vt 0.337890625 0.394531250
vn -0.039338257 0.007867719 0.999195039
v 0.336700499 0.362892240 0.413360536
vt 0.332275391 0.389892578
vn -0.039338257 -0.007867635 0.999195039
v 0.336975157 0.256973356 0.414733827
vt 0.354003906 0.398193359
vn -0.118209109 0.007880653 0.992957532
v 0.337066710 0.348960966 0.416992128
vt 0.333496094 0.395507812
vn -0.472221553 -0.000000059 -0.881479919
v 0.323761046 0.323822111 0.420288026
vt 0.334228516 0.398681641
vn -0.943829298 0.007865188 -0.330340087
v 0.247467101 0.273315519 0.414306581
vt 0.360839844 0.382080078
vn -0.007869737 -0.031479433 0.999473393
v 0.241180480 0.272079557 0.413635194
vt 0.362060547 0.381347656
vn 0.000000134 -0.551061451 0.834464669
v 0.242034972 0.272064298 0.413635194
vt 0.362060547 0.381835938
vn 0.047261808 -0.661663473 0.748309970
v 0.241546690 0.271621794 0.413207948
vt 0.362304688 0.382324219
v 0.260315001 0.256469816 0.414367616
vt 0.364257812 0.386474609
v 0.273864806 0.210968107 0.413574159
vt 0.373046875 0.391601562
v 0.336090147 0.189910978 0.413604677
vt 0.370849609 0.402099609
vn -0.023612402 0.015741730 0.999597251
v 0.321868956 0.313324064 0.455444276
vt 0.339843750 0.410888672
vn -0.795250833 -0.000000008 0.606280565
v 0.322021544 0.241958708 0.457214296
vt 0.353515625 0.416015625
vn -0.466057360 0.007899297 0.884719372
v 0.374939024 0.338028044 0.451232821
vt 0.332763672 0.430419922
vn 0.039339736 0.000000045 0.999225974
v 0.323364317 0.415626615 0.456664979
vt 0.323730469 0.418945312
vn -0.637084603 0.000000006 0.770793915
v 0.322082579 0.359909147 0.450317323
vt 0.331787109 0.412353516
vn -0.998762369 0.015728496 -0.047185492
vt 0.812744141 0.710937500
v -0.008447672 0.645858824 -0.129623458
vt 0.828857422 0.698730469
vn 0.259120613 -0.965813160 -0.007852132
vt 0.825927734 0.719970703
vt 0.831787109 0.709960938
vt 0.830078125 0.696533203
v 0.019250849 0.604614317 -0.104438819
vt 0.843994141 0.709228516
vn -0.754410326 -0.557949305 -0.345771283
vt 0.830810547 0.718261719
vt 0.844482422 0.717285156
vt 0.852294922 0.711914062
vt 0.831054688 0.686035156
v 0.031894658 0.629394591 -0.150222808
vt 0.849609375 0.694335938
vn -0.608548403 -0.434677422 -0.663870811
vt 0.822998047 0.685302734
vt 0.816406250 0.691162109
vt 0.826171875 0.678222656
v 0.008115738 0.691558897 -0.158584639
vt 0.835693359 0.677246094
vn -0.653502822 -0.244079426 -0.716490984
v 0.063308686 0.613266051 -0.159606978
vt 0.863281250 0.697021484
vn -0.306309074 -0.526223183 -0.793261707
vt 0.875000000 0.704345703
v 0.113555878 0.612014830 -0.165008590
vt 0.881103516 0.695556641
vn 0.315028936 -0.622182310 -0.716691017
v 0.047618829 0.701965392 -0.193557784
vt 0.853027344 0.667724609
vn -0.322515011 -0.251718998 -0.912481129
v 0.098152131 0.641586363 -0.181030333
vt 0.876220703 0.683105469
vn -0.007860003 -0.353695393 -0.935327649
v 0.134750336 0.629135191 -0.166687056
vt 0.886230469 0.691650391
vn 0.353793621 -0.408828259 -0.841242850
v 0.116966210 0.715179503 -0.202438414
vt 0.875732422 0.654785156
vn 0.023551216 -0.227662936 -0.973455131
v 0.147705048 0.683639586 -0.185302794
vt 0.889404297 0.664794922
vn 0.402161092 -0.315420538 -0.859521031
v 0.092536889 0.752136290 -0.205459654
vt 0.862548828 0.645507812
vn -0.070732646 0.172901660 -0.982396007
v 0.134368867 0.713623106 -0.196518004
vt 0.880126953 0.651367188
vn 0.313718140 -0.031371851 -0.948997855
v 0.152099565 0.764740050 -0.191207945
vt 0.879638672 0.632080078
vn 0.471041143 0.243371293 -0.847874284
v 0.113067590 0.807128966 -0.182495177
vt 0.859619141 0.623291016
vn 0.172997788 0.613356173 -0.770627022
v 0.025058709 0.745788634 -0.185668990
vt 0.840332031 0.656494141
vn -0.553312242 0.134375736 -0.822063684
v 0.062896691 0.808685362 -0.177352965
vt 0.843261719 0.630859375
vn -0.324427754 0.530162156 -0.783374012
v 0.089889489 0.839996397 -0.143661559
vt 0.841552734 0.612792969
vn 0.062853806 0.549971879 -0.832814693
v 0.037326779 0.830383360 -0.134017989
vt 0.825439453 0.624755859
vn -0.551061571 0.708507717 -0.440849215
v 0.000241679 0.785339415 -0.146484420
vt 0.822998047 0.646972656
vn -0.645569324 0.464494854 -0.606205225
v -0.018421201 0.782196105 -0.111541793
vt 0.809814453 0.650878906
vn -0.750525296 0.584619582 -0.308110267
v -0.020843536 0.754272521 -0.130874678
vt 0.815673828 0.660156250
vn -0.918275833 0.094182082 -0.384576946
v -0.019098308 0.786529601 -0.092956588
vt 0.804687500 0.649169922
vn -0.923754692 0.371080905 -0.094743967
v -0.009630233 0.715240538 -0.143920943
vt 0.825195312 0.672119141
vn -0.772252321 -0.078801319 -0.630409896
vt 0.822753906 0.675292969
vt 0.810302734 0.671875000
vt 0.794677734 0.657958984
v 0.096176088 0.453713477 -0.453704864
vt 0.160400391 0.544189453
vt 0.174316406 0.585205078
vt 0.152832031 0.559570312
vt 0.193603516 0.556640625
v 0.117439210 0.478618681 -0.454589903
vt 0.151855469 0.542480469
vn -0.000000116 0.784681857 -0.619898736
v 0.074287355 0.485343993 -0.442230254
vt 0.145751953 0.552978516
vn 0.220890477 0.962451637 -0.157779038
v 0.109382577 0.487255156 -0.406494170
vt 0.140380859 0.546630859
vn -0.070897013 0.905905068 -0.417504102
vt 0.146972656 0.532470703
v 0.106269777 0.441755325 -0.453613311
vt 0.164550781 0.540039062
vn -0.424264193 0.565685332 -0.707106769
v 0.038036291 0.391708404 -0.456909209
vt 0.185791016 0.550292969
v 0.119461000 0.448919356 -0.470947325
vt 0.165527344 0.533691406
vn -0.181768626 0.229186296 -0.956260383
vt 0.149169922 0.527832031
v 0.022968234 0.381637603 -0.466766387
vt 0.192871094 0.550048828
vn -0.577314258 0.759207726 -0.300519675
vt 0.205322266 0.566162109
vt 0.194824219 0.547607422
vt 0.158203125 0.485351562
v 0.265594423 0.465669096 -0.471069396
vt 0.163818359 0.498291016
vn -0.007872929 0.015745550 -0.999845147
vt 0.203613281 0.522216797
v 0.322204530 0.459725440 -0.474334776
vt 0.163330078 0.480712891
vn -0.425038815 -0.543105125 -0.724140048
vt 0.162597656 0.470703125
v 0.229537904 0.394439757 -0.473205626
vt 0.183349609 0.498291016
vn 0.102397002 -0.141780674 -0.984587789
vt 0.204345703 0.502685547
v 0.227233827 0.388038695 -0.453796446
vt 0.186035156 0.494384766
vn 0.424709946 -0.574145079 -0.699985027
v 0.330688417 0.343048155 -0.455932677
vt 0.181640625 0.447509766
vn -0.583401203 -0.015767658 -0.812031150
v 0.331939638 0.467370808 -0.454193175
vt 0.171386719 0.477783203
vn -0.070813604 -0.110154353 -0.991388738
v 0.211257875 0.338516295 -0.453674376
vt 0.202880859 0.487304688
vn -0.007869999 -0.031479523 -0.999473393
vt 0.276123047 0.971191406
vt 0.312500000 0.982910156
vt 0.288085938 0.999023438
vt 0.516601562 0.742187500
vt 0.527832031 0.745117188
vt 0.518798828 0.769775391
v -0.001618053 0.815002501 -0.078674361
vt 0.532470703 0.725097656
vn -0.725760758 0.686317086 -0.047332153
vt 0.535400391 0.749755859
vt 0.563232422 0.716308594
v 0.013879758 0.812469542 -0.018608140
vt 0.511962891 0.710693359
vn -0.613356173 0.644810379 0.456085443
vt 0.491455078 0.743164062
v 0.009023654 0.764831603 0.009553866
vt 0.486572266 0.727783203
vn -0.598852336 0.323065072 0.732806206
v 0.071418755 0.789703429 0.037189428
vt 0.484130859 0.690185547
vn -0.220445052 0.448763341 0.866034448
v 0.026170703 0.836731017 -0.093643233
vt 0.549316406 0.705322266
vn -0.627282202 0.776261747 0.062728263
v 0.051601391 0.831237853 -0.018854195
vt 0.517578125 0.684814453
vn -0.431894302 0.738146603 0.518273175
v 0.087478623 0.843109190 -0.013671933
vt 0.509521484 0.664794922
vn -0.173513576 0.520541012 0.836020350
v 0.039737672 0.846313536 -0.107048087
vt 0.561279297 0.701904297
vn -0.866356671 0.307162732 -0.393798321
v 0.028266883 0.837799132 -0.057586718
vt 0.537841797 0.691650391
vn -0.943362415 0.078613505 0.322315603
vt 0.589843750 0.714355469
v 0.040740944 0.847259581 -0.054069567
vt 0.540283203 0.682617188
vn -0.817580700 0.306592792 0.487404048
v 0.070259057 0.865692198 -0.129455626
vt 0.586181641 0.700195312
vn -0.481480747 -0.023679435 -0.876136839
v 0.107307397 0.899444640 -0.137756407
vt 0.612304688 0.700683594
vn 0.094359450 -0.235898986 -0.967185616
v 0.040889714 0.890319884 -0.059974723
vt 0.553710938 0.666992188
vn -0.978320897 -0.063117512 0.197242245
v 0.065124489 0.894683897 -0.028797207
vt 0.534667969 0.652832031
vn -0.512494564 -0.197113335 0.835760653
v 0.042247739 0.892364562 -0.107597411
vt 0.575439453 0.684082031
vn -0.837663412 -0.284489483 -0.466246426
v 0.073982202 0.907287657 -0.139953673
vt 0.602783203 0.689208984
vn -0.329810262 -0.486862719 -0.808820188
v 0.133605912 0.915252745 -0.151229918
vt 0.631835938 0.697265625
vn 0.512510478 -0.110386908 -0.851556122
v 0.142059296 0.899993956 -0.119491652
vt 0.632812500 0.707031250
vn 0.693515599 -0.244306654 -0.677753985
v 0.178131074 0.918945372 -0.090385512
vt 0.661132812 0.708007812
vn 0.967754185 -0.157358378 -0.196698129
v 0.086425744 0.915039122 -0.155151427
vt 0.612548828 0.687255859
vn -0.268785328 0.339934200 -0.901220977
v 0.111648522 0.928894103 -0.139831603
vt 0.632812500 0.684326172
vn -0.141978890 0.646793187 0.749333501
v 0.024990046 0.915466368 -0.116691642
vt 0.586669922 0.673583984
vn -0.821781456 -0.316069841 -0.474104553
v 0.033863030 0.928100646 -0.119735777
vt 0.595703125 0.670410156
vn -0.292246044 0.884636402 -0.363332808
v 0.052093472 0.925720274 -0.116027892
vt 0.603759766 0.666503906
vn 0.710270643 0.520865142 0.473513603
v 0.021768542 0.928802550 -0.052753501
vt 0.568847656 0.651611328
vn -0.607562482 0.773261309 0.181479737
v 0.051334355 0.926544249 -0.041812953
vt 0.571533203 0.640380859
vn 0.699573934 0.455902189 -0.550226867
v 0.070594765 0.929870665 -0.003064692
vt 0.549560547 0.633544922
vn -0.133816734 0.684827149 0.716313362
v 0.053558327 0.914703429 -0.011067447
vt 0.542724609 0.641113281
vn -0.580289483 -0.509713829 0.635181844
v 0.027648898 0.907867491 -0.071899466
vt 0.565185547 0.663330078
vn -0.810395777 -0.542886615 0.220301926
v 0.097640969 0.908477843 -0.012764993
vt 0.528076172 0.632324219
vn -0.039394386 -0.614554405 0.787890315
v 0.120765664 0.888092101 -0.023750370
vt 0.503906250 0.635253906
vn -0.204902202 -0.055165984 0.977226615
v 0.126495346 0.843750060 -0.024519030
vt 0.496093750 0.647460938
vn 0.235520720 0.109909661 0.965634406
v 0.138946518 0.883056700 -0.012769766
vt 0.495605469 0.627197266
vn -0.023614615 -0.795029223 0.606111407
v 0.146133393 0.861328185 -0.040252753
vt 0.485595703 0.632080078
vn 0.920318902 -0.102257594 0.377566606
v 0.181274399 0.881256163 -0.002150369
vt 0.490722656 0.605712891
vn 0.495817095 -0.629609108 -0.598128676
v 0.157867417 0.880950987 0.013306549
vt 0.495849609 0.611328125
vn -0.878438115 -0.439219117 0.188236877
v 0.146209702 0.909118712 0.002261809
vt 0.506103516 0.609375000
vn -0.417258114 0.606205285 0.677060425
v 0.176422104 0.881805480 0.035556722
vt 0.486328125 0.598144531
vn 0.055089198 0.346274316 0.936514497
v 0.192306504 0.897522032 0.008512423
vt 0.492187500 0.590576172
vn 0.687001407 0.726484418 -0.015793258
vt 0.090087891 0.284667969
vt 0.083007812 0.291748047
v 0.005730142 0.682632506 -0.002860348
vt 0.074218750 0.280029297
vn -0.707718611 -0.204452068 0.676264644
vt 0.070556641 0.287597656
v 0.037155144 0.736816466 0.033756211
vt 0.086425781 0.268554688
vn -0.521189690 -0.031587247 0.852856159
vt 0.093750000 0.276123047
vt 0.096679688 0.259277344
v 0.087463371 0.734314024 0.046291299
vt 0.083740234 0.257080078
vn -0.062797621 -0.047098275 0.996914387
v 0.132217407 0.755615294 0.040092409
vt 0.087158203 0.246093750
vn 0.188695922 0.117934935 0.974928319
v 0.060531612 0.688217223 0.035617780
vt 0.074951172 0.264892578
vn -0.354748756 -0.228615910 0.906580508
v 0.010754574 0.644653380 -0.022911111
vt 0.064697266 0.282470703
vn -0.732419670 -0.448902398 0.511906385
v 0.042423241 0.645263731 0.012120204
vt 0.065429688 0.271728516
vn -0.457900971 -0.489480495 0.742115617
v 0.004100310 0.644729674 -0.034923591
vt 0.064208984 0.285156250
vn -0.813625634 -0.466057420 0.347568423
vt 0.058837891 0.291748047
v 0.027351368 0.606796324 -0.035160106
vt 0.054687500 0.280273438
vn -0.607033491 -0.638567805 0.473013341
vt 0.047363281 0.289550781
vt 0.049560547 0.281982422
vt 0.050781250 0.279296875
vt 0.050781250 0.263916016
v 0.091636650 0.640960753 0.026731443
vt 0.063720703 0.260009766
vn -0.039174907 -0.415255457 0.908861041
v 0.145050049 0.632186949 0.008412305
vt 0.055908203 0.249755859
vn 0.418244570 -0.449809968 0.789140344
vt 0.046386719 0.255615234
v 0.118774407 0.686904967 0.039436284
vt 0.072265625 0.251220703
vn 0.282624841 -0.180565760 0.942082465
v 0.178894028 0.708984435 0.017099315
vt 0.069335938 0.235839844
vn 0.544710577 -0.205253154 0.813118458
v 0.165313706 0.780273497 0.025592739
vt 0.088867188 0.236083984
vn 0.378598988 -0.070987225 0.922834635
v 0.198669419 0.724700987 -0.000751741
vt 0.071777344 0.229492188
vn 0.797454119 -0.063164614 0.600064337
vt 0.052978516 0.955566406
vt 0.061279297 0.950195312
vt 0.056396484 0.956542969
vt 0.057861328 0.964843750
vt 0.056640625 0.944335938
v 0.010112771 0.757202208 0.161529496
vt 0.050537109 0.949218750
vn 0.282598466 0.345398277 -0.894895673
vt 0.045410156 0.950683594
vt 0.042968750 0.958496094
v 0.050392158 0.764709532 0.149642900
vt 0.048583984 0.940673828
vn 0.371138662 0.615932345 -0.694898188
vt 0.038085938 0.939941406
v 0.042270672 0.729370177 0.173934892
vt 0.056396484 0.936767578
vn 0.838265538 -0.181887820 -0.514030874
vt 0.061035156 0.944580078
vt 0.061035156 0.940185547
v 0.038898483 0.709472716 0.185440019
vt 0.061035156 0.934570312
vn 0.685209274 0.677333415 -0.267783076
vt 0.058105469 0.930175781
vt 0.045654297 0.932373047
vt 0.031494141 0.938720703
v 0.038463604 0.760528624 0.185226396
vt 0.047851562 0.932617188
vn 0.967784226 0.000000031 -0.251781374
vt 0.056152344 0.929199219
vt 0.061035156 0.926513672
v 0.036964431 0.734130919 0.191299394
vt 0.054443359 0.932617188
vn 0.942285717 0.212014318 -0.259128690
v 0.066368118 0.761291564 0.194122255
vt 0.049804688 0.925781250
vn 0.425091386 0.873799086 -0.236162022
vt 0.040771484 0.923339844
vt 0.050292969 0.916503906
v 0.043434158 0.764251769 0.221557572
vt 0.053466797 0.919433594
vn 0.811224937 0.047255885 0.582821667
vt 0.058105469 0.925292969
vt 0.056152344 0.917236328
vt 0.055175781 0.910888672
vt 0.836181641 0.865478516
vt 0.854248047 0.852783203
vt 0.843994141 0.886962891
v 0.139862105 0.601120055 0.431213319
vt 0.820312500 0.835693359
vn -0.015722258 0.998361051 0.055027734
v 0.207214385 0.599350095 0.314849794
vt 0.848388672 0.793945312
vn -0.086927384 0.995713115 -0.031609975
v 0.184204146 0.605117917 0.433349550
vt 0.809326172 0.822021484
vn -0.869816601 -0.458630621 0.181870893
v 0.125656158 0.601226866 0.320251405
vt 0.865722656 0.816894531
vn -0.000000056 0.995495498 -0.094809145
vt 0.875732422 0.858398438
vt 0.869140625 0.815429688
v 0.138046294 0.596267760 0.314605653
vt 0.866455078 0.814453125
vn -0.070610553 0.996392667 -0.047073707
v 0.164413482 0.597137511 0.236724809
vt 0.865722656 0.789062500
vn -0.063125364 0.994224012 0.086797297
v 0.138931289 0.596252501 0.210357621
vt 0.894042969 0.795654297
vt 0.012695312 0.860595703
vt 0.015136719 0.865478516
v 0.031852726 0.646926939 0.100837663
vt 0.008544922 0.866210938
vn 0.299091965 0.448638111 -0.842180431
vt 0.003662109 0.866699219
v 0.072616585 0.640670836 0.119750932
vt 0.008544922 0.876220703
vn 0.556507587 0.438935697 -0.705432415
v 0.069915779 0.626709044 0.109146073
vt 0.005126953 0.875244141
vn 0.613488853 0.070787184 -0.786524415
vt 0.000000000 0.869384766
v 0.105079666 0.617324889 0.145919755
vt 0.007324219 0.887695312
vn 0.838501573 0.126566276 -0.529996395
vt 0.002441406 0.889648438
v 0.110717788 0.608123839 0.174667314
vt 0.008056641 0.894042969
vn 0.796436965 -0.591413498 -0.126168296
vt 0.000000000 0.903808594
v 0.113716140 0.621765196 0.172866777
vt 0.011474609 0.892822266
vn 0.964103043 0.213367119 -0.158049822
v 0.063423164 0.694610655 0.146881044
vt 0.022460938 0.875000000
vn 0.611393392 0.658423662 -0.438949257
vt 0.031250000 0.865966797
vt 0.024169922 0.864257812
vt 0.032226562 0.876464844
v 0.097175613 0.662750304 0.189346254
vt 0.021972656 0.889892578
vn 0.797528505 0.584327996 -0.150030270
v 0.106788650 0.644027770 0.200408876
vt 0.019531250 0.894531250
vn 0.920974374 0.385707259 -0.055101171
v 0.114143394 0.625137389 0.210678056
vt 0.017089844 0.898193359
vn 0.958848178 0.282938808 0.023578094
vt 0.021972656 0.895751953
vt 0.034667969 0.898193359
vt 0.029785156 0.888671875
vt 0.036376953 0.878662109
vt 0.038085938 0.883300781
vt 0.035400391 0.469970703
vt 0.036376953 0.503173828
vt 0.033447266 0.473144531
vt 0.026367188 0.471191406
vt 0.038085938 0.447998047
vt 0.838867188 0.956542969
vt 0.854003906 0.920166016
v 0.045734376 0.894897521 -0.096450865
vt 0.854980469 0.948242188
vn 0.996270061 0.086291149 -0.000000134
v 0.111183144 0.930084288 -0.005993431
vt 0.875000000 0.896484375
vn 0.417258114 0.677060425 -0.606205404
vt 0.852294922 0.900390625
v 0.083847024 0.868774474 -0.029403744
vt 0.894042969 0.921630859
vn 0.180404514 0.227466688 -0.956929028
v 0.051113103 0.897918761 -0.053291377
vt 0.862548828 0.929931641
vn 0.974416494 0.133589387 -0.180738673
v 0.061695077 0.840881407 -0.050949149
vt 0.885498047 0.938476562
vn 0.722775578 0.526369274 -0.447806776
v 0.114425637 0.841857970 -0.033817351
vt 0.911621094 0.934570312
vn -0.575142145 0.393932790 -0.716957808
v 0.057216614 0.840332091 -0.097984366
vt 0.875488281 0.958984375
vn 0.589001358 0.667534709 0.455494195
v 0.071845971 0.906890929 -0.127197325
vt 0.849609375 0.969726562
vn 0.408752620 0.172933817 0.896111190
vt 0.842773438 0.988037109
v 0.104911774 0.841644347 -0.124382079
vt 0.889404297 0.988037109
vn -0.071108960 0.576773405 0.813803494
v 0.117126442 0.830078185 -0.056655943
vt 0.905517578 0.949951172
v 0.140853852 0.842407286 -0.092964232
vt 0.909667969 0.974365234
vn -0.874097109 0.456735402 0.165369824
vt 0.477539062 0.720458984
vt 0.465820312 0.713134766
vt 0.468261719 0.642333984
vt 0.480712891 0.774414062
v 0.214919999 0.609024107 -0.340484679
vt 0.480712891 0.743408203
vn 0.000000113 0.292419374 0.956290245
v 0.164657548 0.596221983 -0.337554991
vt 0.480712891 0.724609375
vn -0.015757820 0.976983905 0.212730318
v 0.226196244 0.596374571 -0.338440001
vt 0.483154297 0.743164062
vn 0.039295804 0.998114347 0.047154959
v 0.233642533 0.590637267 -0.336914122
vt 0.484375000 0.744140625
vn 0.000000021 0.889653563 0.456636310
v 0.296050966 0.596221983 -0.338653624
vt 0.483886719 0.764404297
vn -0.007858233 0.997991085 0.062865533
v 0.336273134 0.594467223 -0.338012755
vt 0.483398438 0.779052734
vn 0.015810864 0.996086419 0.086959884
v 0.335876435 0.596496642 -0.169662550
vt 0.523925781 0.809570312
vn 0.015746037 0.999876022 -0.000000046
v 0.340637177 0.595413268 -0.182785109
vt 0.519531250 0.808837891
vn -0.007873815 0.999969006 -0.000000043
v 0.344421327 0.596466124 -0.337982267
vt 0.480957031 0.780517578
vn 0.062819026 0.981547654 0.180604711
vt 0.449707031 0.790039062
v 0.421417177 0.572929442 -0.336731046
vt 0.465576172 0.802246094
vn 0.955306172 0.244747907 0.165796801
v 0.415466279 0.596328795 -0.269928068
vt 0.485351562 0.807373047
vn 0.110212259 0.991910815 -0.062978521
v 0.422454804 0.588157713 -0.279907316
vt 0.481445312 0.808837891
vn 0.998947680 0.039328694 -0.023597321
v 0.421112031 0.590148985 -0.266021818
vt 0.483642578 0.810058594
vn 0.748937488 0.662218511 -0.023650790
v 0.421112031 0.590164244 -0.264740080
vt 0.483886719 0.810302734
vn 0.756468534 0.654030144 -0.000000128
vt 0.802246094 0.563964844
v 0.175445616 0.588722348 0.440490663
vt 0.764892578 0.609863281
vn 0.007865129 0.047190044 0.998854995
vt 0.775634766 0.575439453
vt 0.758789062 0.597656250
vt 0.758544922 0.608154297
v 0.230743453 0.599823117 0.435882509
vt 0.750976562 0.618408203
vn 0.228226334 0.338404447 0.912904859
v 0.264160216 0.591629148 0.439727724
vt 0.747558594 0.628173828
vn 0.000000126 0.102629848 0.994719684
v 0.321502745 0.550735593 0.438384950
vt 0.755371094 0.650390625
vn -0.180956453 -0.007867642 0.983459711
vt 0.798828125 0.600097656
v 0.296661437 0.516864896 0.439483583
vt 0.771240234 0.652099609
v 0.322296202 0.490984052 0.439819276
vt 0.768310547 0.661621094
vn -0.408185273 -0.423884869 0.808521152
v 0.228836119 0.494976133 0.439544618
vt 0.791259766 0.648681641
vn -0.023589028 -0.133671880 0.990744889
v 0.225143492 0.487541288 0.433624208
vt 0.795166016 0.650390625
vn -0.047248397 -0.921345472 0.385862648
v 0.324768126 0.487209409 0.420318544
vt 0.771240234 0.665527344
vn -0.913612425 -0.283534944 0.291411012
v 0.221588194 0.508434415 0.439727724
vt 0.788574219 0.641845703
vn 0.007873659 -0.007873484 0.999938011
v 0.205459654 0.488130659 0.433563173
vt 0.799316406 0.645996094
vn 0.007856562 -0.989919007 0.141417027
v 0.203720152 0.491003126 0.440826356
vt 0.799804688 0.643066406
vn 0.015787369 -0.102616973 0.994595706
v 0.134292662 0.498977751 0.440429628
vt 0.804443359 0.623046875
vn -0.023603631 -0.031471640 0.999225974
vt 0.808837891 0.616943359
vt 0.986572266 0.933105469
vt 0.981933594 0.947753906
vt 0.981201172 0.916259766
vt 0.998779297 0.951416016
vt 1.000000000 0.963378906
vt 0.967041016 0.959716797
v 0.133483842 0.594757140 -0.338287413
vt 0.946533203 0.526367188
vn -0.023603803 0.999225974 0.031471644
vt 0.939941406 0.522216797
vt 0.929931641 0.503417969
vt 0.983886719 0.494384766
vt 0.947998047 0.534179688
vt 0.939208984 0.530517578
v 0.194107026 0.596435606 -0.200347960
vt 0.985351562 0.530273438
vt 0.954589844 0.550781250
v 0.132598847 0.590698302 -0.132965133
vt 0.990966797 0.502197266
vt 0.992675781 0.491210938
v 0.137466401 0.596359313 -0.135330245
vt 0.993896484 0.503417969
vn -0.031432841 0.997991085 -0.055007424
v 0.236022919 0.595367491 -0.149292052
vt 0.993408203 0.550537109
v 0.232070878 0.594009459 -0.311096251
vt 0.959716797 0.552246094
vn -0.000000047 0.999721110 -0.023615502
vt 0.953613281 0.570068359
vt 0.954101562 0.552001953
vt 0.954345703 0.576416016
v 0.107810915 0.486843169 -0.436767608
vt 0.981201172 0.574462891
vn -0.039338347 -0.999195039 -0.007867628
vt 0.967285156 0.576416016
vt 0.998046875 0.560791016
vt 0.984619141 0.588134766
v 0.071243234 0.492225707 -0.414642364
vt 0.976562500 0.579589844
vn 0.322814673 -0.905455768 -0.275573492
v 0.101180971 0.491903365 -0.431823760
vt 0.980224609 0.576416016
vn -0.070927680 -0.992988288 0.094570369
v 0.098762453 0.488708556 -0.434875518
vt 0.978515625 0.575683594
vn -0.086354777 -0.753642678 0.651586950
v 0.099616945 0.488679945 -0.434875518
vt 0.978759766 0.575683594
vn -0.039243639 -0.722085118 0.690690279
v 0.100471437 0.488676131 -0.434814483
vt 0.979736328 0.575439453
vn 0.007854686 -0.691201329 0.722619653
vt 0.726074219 0.259033203
vt 0.757812500 0.259033203
v 0.114860520 0.813720763 0.019771516
vt 0.744140625 0.278076172
vn 0.055075500 0.755320430 0.653037369
v 0.129013047 0.806121886 0.023460327
vt 0.747070312 0.284667969
vn 0.189399675 0.473499000 0.860189795
v 0.146194443 0.830200255 -0.017166203
vt 0.722167969 0.288574219
vn 0.332319736 0.751675546 0.569690764
vt 0.714111328 0.279541016
vt 0.703125000 0.281250000
v 0.165405259 0.831939757 -0.042144842
vt 0.709716797 0.293701172
vn 0.712291956 0.696463346 0.087057792
v 0.156631455 0.788147032 0.024591381
vt 0.751953125 0.301513672
vn -0.141403809 0.581327200 0.801288724
vt 0.765625000 0.287597656
v 0.138397202 0.819976866 0.005944189
vt 0.735107422 0.287841797
vn 0.354848206 0.717581809 0.599298954
v 0.179092392 0.805572569 -0.007126399
vt 0.727539062 0.308593750
vn 0.725467265 0.654497683 0.212908745
v 0.202560395 0.807739317 -0.073806837
vt 0.694824219 0.303466797
vn 0.710957229 0.703057766 0.015798926
v 0.182144150 0.853729308 0.010771681
vt 0.735107422 0.335205078
vn -0.386246204 -0.015765205 -0.922261000
vt 0.758056641 0.302246094
v 0.165191635 0.834991515 0.025978019
vt 0.750488281 0.328857422
vn -0.986948133 -0.031582378 0.157911837
vt 0.743164062 0.351806641
vt 0.732421875 0.350830078
vt 0.758300781 0.353027344
v 0.172103867 0.834045470 0.033225946
vt 0.755615234 0.329345703
vn -0.653847337 -0.023633035 0.756257355
v 0.172042832 0.835754454 0.033298425
vt 0.755371094 0.330322266
vn -0.653847337 0.023633046 0.756257355
v 0.172103867 0.834899962 0.033294611
vt 0.755615234 0.329833984
vn -0.644611001 -0.055027779 0.762527883
v 0.178665146 0.836639464 0.037586145
vt 0.759277344 0.331787109
vn 0.496911049 -0.165636927 0.851847291
v 0.190246567 0.807434142 0.014638831
vt 0.771728516 0.320312500
vn 0.959589422 -0.125847712 0.251695424
v 0.191436753 0.754425108 0.013339928
vt 0.773925781 0.299804688
vn 0.839583933 0.102005571 0.533567131
vt 0.783691406 0.320068359
vt 0.783203125 0.339599609
v 0.200897202 0.838653624 0.018678593
vt 0.772949219 0.336669922
vn 0.984740555 -0.015755799 0.173314214
vt 0.785156250 0.357177734
vt 0.773193359 0.366455078
vt 0.584472656 0.000244141
vt 0.601318359 0.023437500
vt 0.567138672 0.018066406
v 0.091941811 0.912536681 -0.006783070
vt 0.260498047 0.316894531
vn -0.118271545 -0.536164880 0.835786521
vt 0.270263672 0.305419922
vt 0.276123047 0.313476562
vt 0.258544922 0.319824219
v 0.092796303 0.912506163 -0.006778302
vt 0.260009766 0.317138672
vn -0.047343872 -0.465549350 0.883754790
v 0.093643166 0.912506163 -0.006707253
vt 0.259277344 0.317382812
vn 0.228915021 -0.142085031 0.963021219
v 0.134384140 0.909606993 -0.017231053
vt 0.239746094 0.325195312
vn 0.434473962 0.331780076 0.837349594
vt 0.256347656 0.327880859
vt 0.244873047 0.333007812
vt 0.245361328 0.354248047
vt 0.243652344 0.307861328
v 0.149444550 0.898407042 -0.045311041
vt 0.227539062 0.333740234
vn 0.993605554 -0.102514811 -0.047314677
vt 0.240966797 0.355957031
vt 0.224853516 0.358642578
v 0.141601548 0.924682677 -0.016687462
vt 0.231689453 0.319335938
vn 0.465708971 0.039466910 0.884057462
v 0.165267915 0.924346983 -0.034038614
vt 0.218017578 0.324951172
vn 0.714654863 0.612561345 0.337693930
vt 0.203125000 0.342041016
v 0.152008027 0.929412901 -0.107849196
vt 0.187500000 0.325195312
vn -0.403253436 0.909296930 0.102790095
vt 0.161865234 0.330810547
vt 0.158447266 0.321044922
v 0.115837075 0.930114806 -0.017932957
vt 0.232910156 0.307617188
vn -0.409410834 0.850314617 -0.330677867
vt 0.226562500 0.271972656
v 0.148162812 0.924652159 -0.047248907
vt 0.211181641 0.313476562
vn -0.677438498 0.535649002 -0.504140198
v 0.135330170 0.897766173 -0.116081305
vt 0.171386719 0.307373047
vn -0.738875806 0.196509540 0.644551396
vt 0.148925781 0.285400391
vt 0.173828125 0.282470703
v 0.119232155 0.924438536 -0.025531834
vt 0.227783203 0.305664062
vn -0.568836868 0.426627547 -0.703145444
v 0.121650673 0.899566710 -0.030405110
vt 0.214355469 0.293457031
vn -0.583637059 0.110417731 -0.804472387
vt 0.202636719 0.267822266
v 0.151123017 0.896057189 -0.074684218
vt 0.191162109 0.303710938
vn -0.952018440 0.220301703 -0.212433740
vt 0.582031250 0.193847656
vt 0.569580078 0.159423828
vt 0.595947266 0.160400391
vt 0.551757812 0.187500000
v 0.201034576 0.015564024 0.061298333
vt 0.564453125 0.206298828
vn 0.031480499 -0.999504447 0.000000040
v 0.201690674 0.015533507 -0.147995040
vt 0.608886719 0.221435547
vt 0.525390625 0.193603516
vt 0.527832031 0.184082031
v 0.230529830 0.019287169 0.164688066
vt 0.536376953 0.210449219
v 0.229309112 0.017578185 0.040199239
vt 0.569580078 0.216308594
vn 0.039338432 -0.999195039 0.007867715
v 0.229553238 0.015686095 -0.078743018
vt 0.591796875 0.228027344
vn 0.118212938 -0.992988288 0.000000028
v 0.232543960 0.018981993 -0.078460731
vt 0.591308594 0.229003906
v 0.236022964 0.015594542 -0.079330482
vt 0.590820312 0.229736328
vn -0.141421303 -0.989949524 0.000000062
vt 0.504638672 0.199951172
v 0.232879668 0.022094786 0.090599023
vt 0.555419922 0.215332031
vn -0.306687534 -0.951517940 0.023591436
v 0.235061675 0.015655577 0.060413320
vt 0.564208984 0.218017578
vn -0.047189955 -0.998854995 0.007865050
v 0.269104004 0.015625060 -0.089576766
vt 0.589599609 0.239746094
vn -0.031479433 -0.999473393 0.007869917
v 0.238632232 0.015716612 0.094436608
vt 0.552246094 0.217529297
vn -0.157990456 -0.987440705 0.000000064
v 0.236984298 0.015716612 0.232894853
vt 0.520019531 0.208496094
vt 0.502685547 0.200927734
vt 0.499023438 0.211669922
v 0.273376495 0.015625060 0.101226762
vt 0.549560547 0.226562500
v 0.334625274 0.015594542 0.108337350
vt 0.543457031 0.239501953
vn -0.094809048 -0.995495498 0.000000056
v 0.331146300 0.015472472 0.315399140
vt 0.494140625 0.224365234
vn -0.173249811 -0.984374106 -0.031499904
v 0.329864532 0.015380919 0.064926095
vt 0.551025391 0.243164062
vn -0.094797216 -0.995371222 0.015799599
v 0.335632324 0.010101378 -0.143844664
vt 0.596679688 0.259521484
vn -0.062867478 -0.998021960 0.000000052
vt 0.571533203 0.051513672
vt 0.551513672 0.059570312
vt 0.514648438 0.059570312
vt 0.583251953 0.057861328
vt 0.582763672 0.060546875
vt 0.879394531 0.066162109
vt 0.812255859 0.067871094
vt 0.849365234 0.058105469
vt 0.841552734 0.048339844
vt 0.126464844 0.979003906
vt 0.135742188 0.985107422
vt 0.134765625 0.996093750
vt 0.151611328 0.984863281
vt 0.151367188 0.979003906
v 0.162200898 0.825958312 -0.132461607
vt 0.265869141 0.388916016
vn 0.478655905 0.800375581 -0.360953778
vt 0.230224609 0.383300781
vt 0.249511719 0.361328125
v 0.175125092 0.807647765 -0.149810866
vt 0.257568359 0.400634766
vn 0.566665590 0.598147213 -0.566665769
vt 0.225830078 0.410644531
v 0.144378632 0.849334776 -0.118133612
vt 0.272216797 0.372558594
vn 0.768893480 0.313834101 -0.557055652
vt 0.304443359 0.384765625
vt 0.274169922 0.347900391
vt 0.261230469 0.338378906
v 0.156845063 0.854400694 -0.071060248
vt 0.293212891 0.370849609
vn 0.996423304 0.031383451 -0.078458659
vt 0.308837891 0.368164062
vt 0.305175781 0.351318359
vt 0.295166016 0.411376953
v 0.159728974 0.903930724 -0.091331556
vt 0.287109375 0.344970703
vn 0.935558975 -0.338059098 -0.102204025
vt 0.288818359 0.333740234
v 0.204864472 0.795532286 -0.112907484
vt 0.274902344 0.415771484
vn 0.789189577 0.552432775 -0.268324584
v 0.221969575 0.771240294 -0.087600783
vt 0.284423828 0.431152344
vn 0.940923333 0.337164193 0.031363972
v 0.205322236 0.771942198 -0.138763502
vt 0.259277344 0.422363281
vn 0.802751541 0.228233293 -0.550908029
vt 0.324707031 0.431152344
v 0.199981660 0.717437804 -0.153732374
vt 0.238769531 0.443115234
vn 0.819634795 -0.078811027 -0.567439616
v 0.171554536 0.728485167 -0.180206373
vt 0.221923828 0.432617188
vn 0.631410539 0.055248424 -0.773478091
v 0.183196992 0.720642149 -0.168823317
vt 0.228515625 0.438476562
vn 0.622955501 -0.197137862 -0.757009447
v 0.164382905 0.717285216 -0.182769835
vt 0.217773438 0.446289062
vn 0.509291053 -0.156704977 -0.846206963
v 0.184005708 0.707000792 -0.164505079
vt 0.229248047 0.445068359
vn 0.605361521 -0.227993339 -0.762598515
v 0.184249848 0.685562193 -0.157959059
vt 0.226806641 0.457031250
vn 0.709189177 -0.299435467 -0.638270438
v 0.223159760 0.730743468 -0.108108595
vt 0.267089844 0.445068359
vn 0.971096396 -0.134216532 -0.197377443
v 0.197097749 0.642471373 -0.112373412
vt 0.246093750 0.479980469
vn 0.881479979 -0.377777100 -0.283332914
v 0.174880952 0.660766661 -0.155456617
vt 0.222167969 0.468994141
vn 0.675242245 -0.345472842 -0.651687443
v 0.166336030 0.632873595 -0.148345992
vt 0.220947266 0.479248047
vn 0.574500442 -0.558760703 -0.598110139
v 0.209152207 0.662719786 -0.056457583
vt 0.278808594 0.483398438
vn 0.928558350 -0.346242070 0.133775249
v 0.223464951 0.736908019 -0.046676707
vt 0.294433594 0.454589844
vn 0.979999900 -0.023709621 0.197580487
v 0.210220322 0.712829649 -0.024377892
vt 0.301757812 0.469970703
vn 0.892062128 -0.205253154 0.402611941
vt 0.314453125 0.470703125
v 0.206497177 0.778198302 -0.025701594
vt 0.311035156 0.442871094
vn 0.880798399 0.314570874 0.353892058
vt 0.326171875 0.459960938
vt 0.338623047 0.462890625
vt 0.052490234 0.654541016
vt 0.042236328 0.653320312
vt 0.055175781 0.652099609
vt 0.028320312 0.643066406
vt 0.033203125 0.637695312
vt 0.023193359 0.654296875
vt 0.022705078 0.638427734
vt 0.029541016 0.661132812
vt 0.035156250 0.667236328
vt 0.041992188 0.668457031
vt 0.048828125 0.661865234
v 0.154190034 0.720642149 -0.188354552
vt 0.052001953 0.659667969
vn 0.425777912 -0.157695591 -0.890980005
v 0.154205292 0.721496642 -0.188415587
vt 0.052490234 0.659667969
vn 0.423976153 -0.070662729 -0.902912498
v 0.154327363 0.722351134 -0.188430846
vt 0.052734375 0.659912109
vn 0.418231279 -0.039455816 -0.907483280
vt 0.064208984 0.661621094
vt 0.052001953 0.663574219
vt 0.053222656 0.666503906
vt 0.213134766 0.479980469
vt 0.213134766 0.618652344
vt 0.209960938 0.576416016
v 0.273132265 0.302993834 -0.453582823
vt 0.781982422 0.714355469
vn -0.007873658 -0.007873571 -0.999938011
vt 0.733642578 0.682861328
vt 0.763183594 0.687744141
v 0.236206010 0.264801085 -0.453521788
vt 0.766601562 0.717773438
vn -0.007871706 -0.023614772 -0.999690175
vt 0.744384766 0.718750000
v 0.279907167 0.227127135 -0.453399718
vt 0.769287109 0.736328125
vn -0.007894481 -0.102626652 -0.994688690
v 0.337310731 0.226104796 -0.443359435
vt 0.780273438 0.752197266
vn 0.000000015 -0.977105200 -0.212756738
v 0.282775849 0.217025816 -0.385955870
vt 0.750000000 0.761474609
vn -0.007867953 -0.849735498 -0.527150631
v 0.297454774 0.216659606 -0.423797667
vt 0.769042969 0.763183594
vn -0.204445794 0.975048900 -0.086496294
v 0.336608827 0.222503722 -0.453796446
vt 0.783691406 0.753662109
vn -0.118132353 0.370147586 -0.921431243
v 0.336395204 0.229278624 -0.454071105
vt 0.782958984 0.749755859
vn -0.125688598 -0.141399577 -0.981941283
vt 0.803710938 0.718261719
v 0.204406679 0.327026427 -0.453765929
vt 0.780761719 0.698730469
vn -0.015711198 0.188532680 -0.981941283
v 0.292907655 0.330093443 -0.451110899
vt 0.796386719 0.709472656
vn -0.094901092 0.624764621 -0.775024533
v 0.210494936 0.334274352 -0.448638976
vt 0.789062500 0.690917969
vn 0.007899157 -0.157985613 -0.987409830
vt 0.791259766 0.688476562
vt 0.804199219 0.677001953
vt 0.773925781 0.679687500
vt 0.749755859 0.655029297
v 0.149536148 0.596481383 0.196838334
vt 0.839355469 0.923095703
vn -0.015746122 0.999876022 -0.000000042
v 0.212280259 0.596618712 -0.019460741
vt 0.810546875 0.833496094
vn -0.125968680 0.992002964 -0.007873067
vt 0.843994141 0.928466797
v 0.171157852 0.596481442 0.195877016
vt 0.830322266 0.922851562
vn 0.023603715 0.999225974 -0.031471733
v 0.198333770 0.596435666 0.216812074
vt 0.819335938 0.932128906
vn -0.062865622 0.997991085 0.007858162
v 0.218704239 0.596679807 0.214050233
vt 0.810791016 0.931152344
vn -0.951282620 0.290888041 -0.102203801
vt 0.022216797 0.381103516
vt 0.039794922 0.386718750
vt 0.021972656 0.436279297
vt 0.039794922 0.707519531
vt 0.030273438 0.695312500
vt 0.073486328 0.701171875
v 0.178878814 0.617477536 0.223098695
vt 0.030517578 0.715087891
vn -0.943362534 0.196533784 -0.267285883
vt 0.055664062 0.755859375
vt 0.054443359 0.764892578
v 0.153533921 0.596908629 -0.030347880
vt 0.049072266 0.758544922
vn 0.816471517 -0.117760256 0.565249324
v 0.185348496 0.650039732 -0.017408432
vt 0.050537109 0.744384766
vn 0.826234043 -0.424920261 0.369837970
vt 0.041259766 0.746582031
v 0.197998032 0.675399840 -0.021616047
vt 0.044677734 0.739990234
vn 0.862097979 -0.284729511 0.419185132
v 0.184371948 0.647811949 0.023942886
vt 0.055908203 0.732666016
vn 0.722441196 0.023557870 -0.691030979
v 0.186782822 0.621078551 -0.019161286
vt 0.058837891 0.743408203
vn 0.441780984 -0.504892707 -0.741561174
v 0.212234482 0.691375792 -0.018077917
vt 0.039550781 0.736328125
vn -0.800770164 0.588801503 -0.109909542
v 0.220230103 0.683715880 0.031921316
vt 0.045898438 0.725341797
vn 0.007885394 0.749123752 -0.662383139
v 0.206909180 0.605331481 0.025064405
vt 0.067626953 0.732910156
vn -0.236956343 0.213260517 -0.947824776
v 0.197494492 0.652679503 -0.012006824
vt 0.060791016 0.723876953
vn -0.939428210 -0.165781498 -0.299985349
v 0.202590927 0.623474181 -0.019580904
vt 0.068603516 0.721923828
vn 0.771653473 0.165354326 -0.614173353
v 0.209503159 0.673324645 -0.020769186
vt 0.058593750 0.718994141
vn 0.819100797 0.086635686 -0.567069948
v 0.248947129 0.691818297 -0.014040066
vt 0.046875000 0.712158203
vn -0.244117349 0.543357611 -0.803224325
v 0.200531006 0.634231627 0.026700910
vt 0.072021484 0.710937500
vn 0.969887972 0.118279062 -0.212902382
v 0.209640503 0.666259825 0.023244791
vt 0.064941406 0.709472656
vn -0.094453163 0.834335327 -0.543105125
vt 0.008300781 0.027832031
vt 0.000976562 0.020507812
v 0.174011216 0.598190367 -0.092033446
vt 0.020263672 0.031982422
vn 0.654599309 0.694033086 -0.299696207
vt 0.011474609 0.014404297
vt 0.001220703 0.044921875
vt 0.019775391 0.015625000
vt 0.035400391 0.039062500
vt 0.010742188 0.056884766
v 0.182815537 0.616226256 -0.059589446
vt 0.028320312 0.023925781
vn 0.832275510 -0.533912480 0.149181381
vt 0.031005859 0.012939453
vt 0.035888672 0.027832031
vt 0.041015625 0.027099609
v 0.322540224 0.133087188 -0.473419249
vt 0.818115234 0.802246094
vn -0.220199615 0.967305183 -0.125828326
vt 0.805664062 0.727294922
vt 0.824707031 0.740722656
v 0.328308046 0.132873565 -0.453643858
vt 0.823730469 0.803710938
vn -0.039364114 0.173201457 -0.984099448
vt 0.808105469 0.765136719
v 0.321624696 0.129211456 -0.479736388
vt 0.815429688 0.803466797
vn -0.378976405 0.055267319 -0.923754632
v 0.321685731 0.092529327 -0.475830108
vt 0.806396484 0.807128906
vn -0.039339736 -0.000000045 -0.999225974
vt 0.781005859 0.770507812
v 0.264984071 0.062896758 -0.480682403
vt 0.789062500 0.802001953
vt 0.769287109 0.770263672
v 0.322051942 0.071167022 -0.479827911
vt 0.802734375 0.812011719
vn -0.157592863 0.070916668 -0.984954536
v 0.321136445 0.043762237 -0.479095489
vt 0.797607422 0.818115234
vn -0.133672059 -0.023589212 -0.990744889
vt 0.769287109 0.800292969
v 0.219985917 0.018432647 -0.479919463
vt 0.769775391 0.804687500
vn 0.007898176 -0.236948848 -0.971490085
v 0.321563691 0.011657745 -0.478302032
vt 0.791015625 0.821777344
vn -0.109923214 -0.714500606 -0.690945566
v 0.254394501 0.008300811 -0.468658477
vt 0.775390625 0.816894531
vn 0.007887750 -0.993852854 -0.110428050
vt 0.764160156 0.805664062
vt 0.743652344 0.812255859
vt 0.068115234 0.687255859
vt 0.020751953 0.687255859
vt 0.066650391 0.667236328
vt 0.039062500 0.122314453
v 0.166473404 0.602401793 0.196655229
vt 0.042968750 0.128417969
vn -0.565092802 0.729911506 -0.384577006
vt 0.041015625 0.129882812
v 0.173492447 0.596481442 0.207611024
vt 0.050537109 0.129394531
vn -0.031550873 0.914975643 0.402273744
v 0.181152359 0.614944577 0.219802797
vt 0.052001953 0.142822266
vn -0.792894840 -0.157008886 0.588783503
v 0.191314727 0.596710324 0.236312807
vt 0.061035156 0.117187500
vn -0.117989689 0.951782823 -0.283175021
vt 0.035400391 0.111816406
vt 0.059082031 0.099365234
vt 0.064453125 0.121093750
vt 0.054931641 0.132324219
v 0.191452041 0.611755490 0.211578310
vt 0.053955078 0.141845703
vn -0.588783443 -0.792895019 -0.157008797
vt 0.057128906 0.135009766
v 0.182540908 0.624374509 0.207275331
vt 0.058105469 0.145996094
vn -0.972826123 -0.229365543 -0.031636484
vt 0.058593750 0.149414062
v 0.181594878 0.622070432 0.232665956
vt 0.048583984 0.145996094
vn -0.797827125 -0.513453186 -0.315971017
vt 0.363037109 0.304199219
vt 0.345947266 0.297851562
vt 0.356445312 0.267822266
v 0.199661240 0.015655577 -0.235336348
vt 0.368652344 0.278320312
vn 0.039338429 -0.999195039 -0.007867639
v 0.198120087 0.016479522 -0.341247588
vt 0.368652344 0.246826172
vn -0.015728490 -0.998762369 0.047185671
vt 0.356201172 0.244628906
vt 0.376953125 0.244384766
v 0.234252915 0.018646300 -0.259368926
vt 0.381347656 0.274169922
vt 0.375732422 0.325927734
v 0.236206025 0.017273009 -0.340850860
vt 0.379882812 0.246582031
vn 0.070750050 -0.990499973 0.117916703
vt 0.377197266 0.326171875
v 0.323791474 0.015716583 -0.341522247
vt 0.408447266 0.246337891
vn -0.086283080 -0.988334119 0.125502810
vt 0.378906250 0.325927734
v 0.335693330 0.013092101 -0.305419952
vt 0.414062500 0.257568359
vn -0.062859714 -0.997898698 0.015714990
v 0.240921021 0.015594542 -0.187728927
vt 0.383789062 0.294921875
vn -0.062865533 -0.997991085 -0.007858145
vt 0.390625000 0.323242188
vt 0.414550781 0.310302734
v 0.412841767 0.008331388 -0.337585509
vt 0.442626953 0.253906250
vn 0.023603812 -0.999225974 0.031471726
v 0.411834717 0.008239836 -0.221038893
vt 0.443359375 0.294921875
v 0.417083740 0.008209318 -0.120765746
vt 0.445800781 0.323974609
vn 0.007873571 -0.999938011 -0.007873485
v 0.424377441 0.012542814 -0.149520949
vt 0.450439453 0.316894531
vn 0.965574980 -0.259056658 -0.023550725
v 0.423156738 0.014495939 -0.245605543
vt 0.447998047 0.288085938
vn 0.963261306 -0.268449813 0.007895471
v 0.422821015 0.015930265 -0.336578429
vt 0.446777344 0.253417969
vn 0.954028606 -0.134037003 0.268074006
v 0.421905488 0.066375822 -0.336151183
vt 0.461181641 0.255126953
vn 0.998731434 0.031456154 0.039320003
v 0.422851562 0.024231046 -0.233566359
vt 0.451904297 0.293701172
vn 0.998453617 -0.055032831 -0.007861968
v 0.422546387 0.041992277 -0.116600104
vt 0.460205078 0.320312500
vn 0.999721110 0.023615502 -0.000000132
v 0.194763198 0.676559567 0.230621263
vt 0.331298828 0.151123047
vn -0.401674539 -0.409550488 -0.819100797
v 0.181381240 0.679733396 0.237228319
vt 0.336669922 0.149658203
vn -0.763542831 0.464422971 0.448679894
v 0.158096328 0.678039610 0.218215883
vt 0.339843750 0.171142578
vn -0.566314995 -0.802279711 0.188771799
v 0.170990005 0.680053830 0.226715013
vt 0.338623047 0.159179688
vn 0.047321834 0.962212205 -0.268157512
v 0.170990005 0.686142087 0.219009325
vt 0.341308594 0.162353516
vn -0.401313514 0.141640127 0.904922962
v 0.167739883 0.677063048 0.213424623
vt 0.336669922 0.167968750
vn 0.345867425 -0.487358779 -0.801783800
vt 0.332519531 0.166748047
vt 0.334716797 0.170654297
v 0.178146377 0.663009763 0.233215258
vt 0.334960938 0.141113281
vn -0.943362534 0.267285973 -0.196533740
v 0.177886993 0.658020139 0.249862596
vt 0.342773438 0.143066406
vn -0.930664241 0.362801284 0.047322020
v 0.202194229 0.687271237 0.221694872
vt 0.322998047 0.150634766
vn -0.670936584 0.655149758 -0.347308278
v 0.166046172 0.635803282 0.242095888
vt 0.349609375 0.133300781
vn -0.975773275 -0.133775428 -0.173120931
v 0.178955108 0.625473142 0.248397768
vt 0.357177734 0.133300781
vn -0.929018736 -0.370032907 0.000000138
v 0.180496246 0.608093381 0.247360170
vt 0.361083984 0.125732422
vn -0.471987486 -0.503453374 0.723714411
v 0.208435088 0.599304318 0.244110048
vt 0.372802734 0.124755859
vn -0.709255219 -0.701374769 0.070925646
vt 0.359619141 0.119628906
vt 0.347900391 0.126220703
vt 0.352294922 0.115966797
vt 0.352783203 0.123535156
vt 0.345214844 0.123046875
vt 0.344482422 0.121582031
vt 0.351562500 0.116455078
v 0.177139297 0.655563474 0.211791918
vt 0.327636719 0.133300781
vn -0.920546770 0.385528088 -0.062943265
v 0.203659073 0.684829831 0.195465013
vt 0.312011719 0.142822266
vn -0.669021845 0.739859402 -0.070837535
v 0.195541382 0.667907774 0.099555910
vt 0.272705078 0.119873047
vn -0.718767107 0.695071399 -0.015797015
v 0.178237930 0.676544309 0.191421434
vt 0.309082031 0.152832031
vn -0.486907601 -0.871721804 0.054973546
v 0.198318496 0.688140988 0.200805590
vt 0.308349609 0.144775391
vn -0.267055124 0.958256423 -0.102109291
v 0.168319762 0.659408629 0.490753114
vt 0.837402344 0.746826172
vn -0.268082470 0.946173310 0.181349874
v 0.165679976 0.651886046 0.393096864
vt 0.872314453 0.748291016
v 0.163559020 0.631195128 0.498535097
vt 0.834960938 0.757080078
vn -0.990928710 -0.125832260 0.047187217
v 0.183563292 0.673263669 0.493347108
vt 0.834228516 0.742187500
vn 0.773574471 -0.615702033 0.149978653
v 0.192031920 0.691833615 0.488220155
vt 0.837890625 0.736328125
vn -0.631883204 0.774056911 0.039492749
v 0.180709884 0.670105100 0.421630800
vt 0.861816406 0.740478516
vn -0.783500969 0.618965626 -0.054844987
v 0.189102218 0.682556272 0.416717470
vt 0.863281250 0.734863281
vn -0.400966227 0.912001491 -0.086482897
v 0.233123839 0.700729489 0.490234315
vt 0.836425781 0.724853516
vn -0.031375710 0.988334119 0.149034470
v 0.222412154 0.695083737 0.420471132
vt 0.859863281 0.724609375
vn -0.339743227 0.940219581 -0.023703011
v 0.237243697 0.698593259 0.365844667
vt 0.876953125 0.717041016
vn 0.039334688 0.999102235 -0.015733942
v 0.186554000 0.676330686 0.417907655
vt 0.863281250 0.737304688
vn -0.812031269 0.362654656 -0.457260221
v 0.191650435 0.678909421 0.409332216
vt 0.866455078 0.735595703
vn -0.565249503 0.824322164 -0.031402711
v 0.242401138 0.695785642 0.245284960
vt 0.904296875 0.704345703
vn 0.055260450 0.994688690 0.086837851
v 0.229187042 0.696441770 0.302673280
vt 0.893310547 0.716308594
vn -0.313863099 0.949435830 -0.007846578
v 0.213882476 0.689941525 0.292968690
vt 0.895019531 0.720947266
vn -0.434528142 0.900658250 0.000000018
v 0.213912994 0.689941525 0.291686952
vt 0.896484375 0.718505859
vn -0.431455582 0.902134299 0.000000017
v 0.202102691 0.683456540 0.301116884
vt 0.894531250 0.725585938
vn -0.636907458 0.770579338 -0.023589114
v 0.178436309 0.662170529 0.334472597
vt 0.889648438 0.742187500
vn -0.698861957 0.714566588 -0.031409461
v 0.198272735 0.678390622 0.260406435
vt 0.905029297 0.718750000
vn -0.707106829 0.707106709 0.000000062
vt 0.916503906 0.749023438
vt 0.915771484 0.768310547
v 0.170074508 0.622345030 0.394958436
vt 0.871337891 0.760742188
vn -0.927611053 -0.369472235 -0.055027638
v 0.170913741 0.617996335 0.433807313
vt 0.857666016 0.761474609
vn -0.912057996 -0.408853590 -0.031450137
v 0.175537169 0.612121701 0.495819032
vt 0.835937500 0.762939453
vn 0.951753378 0.007865785 0.306763351
v 0.175506637 0.614883542 0.412780702
vt 0.864257812 0.764160156
vn -0.714126468 -0.698431432 -0.047085144
vt 0.856445312 0.769042969
v 0.205902159 0.599884152 0.493377626
vt 0.832763672 0.771484375
vn -0.117847450 -0.989919007 0.078565054
vt 0.848876953 0.779785156
v 0.235122740 0.598632932 0.492340028
vt 0.828857422 0.778076172
vn 0.465941221 -0.884498537 0.023691904
v 0.184692428 0.610077024 0.349029481
vt 0.884033203 0.769775391
vn -0.636121333 -0.769628346 -0.054973338
vt 0.893798828 0.779785156
vt 0.915771484 0.782958984
vt 0.748779297 0.042236328
vt 0.747558594 0.033203125
v 0.176986709 0.693649411 0.212097093
vt 0.755371094 0.037109375
vn -0.015728656 0.770698428 -0.637005925
vt 0.752197266 0.032226562
vt 0.765136719 0.044189453
vt 0.753417969 0.048828125
v 0.210815445 0.697189450 0.240768358
vt 0.771484375 0.029541016
vn -0.575195611 0.764301002 0.291537553
v 0.214309707 0.689285398 0.217239305
vt 0.770507812 0.044921875
vn -0.243476421 0.966051340 -0.086394854
v 0.211746231 0.714111447 0.232360765
vt 0.776611328 0.039062500
vn -0.598276913 0.787206352 -0.149569169
v 0.225921646 0.703872800 0.215270922
vt 0.782226562 0.047851562
vn -0.055248540 0.773477912 -0.631410658
v 0.228515655 0.706741452 0.251647890
vt 0.783203125 0.035400391
vn 0.023589212 0.770579338 0.636907399
v 0.211776748 0.688995481 0.243286058
vt 0.775878906 0.027343750
vn -0.329810202 0.926609576 0.180610344
v 0.190414444 0.688003659 0.229370043
vt 0.760253906 0.027099609
vt 0.754638672 0.024902344
vt 0.756591797 0.021728516
vt 0.760009766 0.015625000
vt 0.763183594 0.021728516
v 0.202819854 0.687027097 0.246108934
vt 0.774658203 0.024902344
vn -0.660353661 0.644630969 0.385206401
v 0.180786163 0.678726315 0.290039003
vt 0.789550781 0.012939453
vn -0.031502869 0.858454049 0.511922061
vt 0.764160156 0.012207031
vt 0.776611328 0.020019531
vt 0.773193359 0.461669922
vt 0.779541016 0.446533203
vt 0.780029297 0.456787109
v 0.172180220 0.623779416 0.431518495
vt 0.758789062 0.447265625
vn 0.957459390 0.266832948 0.109872244
v 0.172027633 0.652481198 0.429443300
vt 0.760498047 0.438720703
vn 0.800844133 -0.494638950 0.337610632
v 0.189086959 0.609253049 0.433441103
vt 0.753417969 0.451660156
vn 0.220192760 0.935819209 0.275240868
vt 0.783203125 0.439697266
vt 0.765136719 0.468994141
v 0.192703292 0.680999875 0.454193056
vt 0.771972656 0.431396484
vn 0.513277054 -0.837036312 0.189517602
vt 0.784667969 0.433349609
vt 0.786865234 0.420410156
vt 0.758300781 0.474853516
v 0.224029601 0.600616574 0.488464296
vt 0.758789062 0.471435547
vn -0.212697402 0.968954682 0.126042873
v 0.230957076 0.605880857 0.437377870
vt 0.744873047 0.460205078
vn 0.196255147 -0.949874580 0.243356317
v 0.253479064 0.616088986 0.438690126
vt 0.741699219 0.466796875
vn -0.385802835 0.889708638 0.244079366
v 0.261138976 0.629593015 0.492431581
vt 0.720947266 0.462890625
vn 0.205157444 0.126250729 0.970552027
v 0.238693297 0.613617063 0.494537294
vt 0.724365234 0.455566406
vn 0.157990649 -0.276483357 0.947943091
v 0.211959898 0.606628537 0.493682802
vt 0.730468750 0.447753906
vn -0.314308435 -0.942925513 0.110008061
v 0.185943648 0.618576169 0.438781679
vt 0.751464844 0.447021484
vn -0.718654990 -0.694963217 0.023692049
v 0.182922423 0.625671506 0.499572694
vt 0.733642578 0.437500000
vn 0.834464729 0.330636978 0.440849125
v 0.177978575 0.647232175 0.497344911
vt 0.737792969 0.431640625
vn -0.823080122 -0.509525836 0.250843614
v 0.180130050 0.649337888 0.432128847
vt 0.757568359 0.438232422
vn -0.903385997 0.424198627 0.062844343
v 0.201583922 0.677063107 0.494811952
vt 0.742675781 0.419677734
vn -0.855171621 0.023536820 0.517810464
v 0.209228560 0.683838010 0.428649843
vt 0.763671875 0.424316406
vn -0.433057457 0.873988688 0.220465615
v 0.247299254 0.686737180 0.491790712
vt 0.749267578 0.404785156
vn -0.031371824 0.948997796 0.313718230
v 0.233688399 0.691864133 0.430206239
vt 0.766845703 0.416503906
vn 0.298289448 -0.816370785 0.494532347
v 0.263794005 0.682144284 0.431030214
vt 0.769531250 0.406494141
vn 0.181632519 -0.718632519 0.671250224
v 0.267364562 0.682510495 0.486297548
vt 0.790039062 0.408203125
vn -0.758165181 -0.639701962 0.126360998
v 0.265930235 0.671173215 0.480163515
vt 0.753906250 0.397705078
vn 0.741146028 0.654416263 0.149805993
v 0.268066466 0.664123654 0.487426698
vt 0.751708984 0.394287109
vn 0.409398168 -0.708573580 0.574731886
v 0.277160704 0.659011960 0.429748476
vt 0.771484375 0.397949219
vn -0.885410070 -0.347839743 0.308312595
v 0.277954161 0.656021237 0.487579286
vt 0.792480469 0.399414062
vn -0.987440705 0.094794273 0.126392543
v 0.269805968 0.635620236 0.431274354
vt 0.772460938 0.390380859
vn 0.110541731 0.300041586 0.947499633
vt 0.751953125 0.382324219
v 0.267822325 0.621002316 0.491973817
vt 0.794677734 0.387451172
vn 0.463805646 -0.581722200 0.668194294
vt 0.771972656 0.381591797
vt 0.791015625 0.372070312
vt 0.796386719 0.374755859
vt 0.065917969 0.092285156
vt 0.131103516 0.073242188
v 0.231399491 0.202545196 -0.454071105
vt 0.101074219 0.107177734
vn -0.015731111 0.220233604 -0.975320399
vt 0.131835938 0.098876953
vt 0.069580078 0.119384766
vt 0.085205078 0.123535156
vt 0.117675781 0.107421875
vt 0.093750000 0.135253906
v 0.222869828 0.207916290 -0.443542540
vt 0.104736328 0.110839844
vn 0.110055491 0.982638836 -0.149361163
v 0.211151078 0.213684112 -0.395080626
vt 0.112548828 0.127197266
vn 0.282825172 0.856332064 -0.432094216
vt 0.518554688 0.153076172
vt 0.474365234 0.155761719
vt 0.500732422 0.132568359
vt 0.502929688 0.109375000
vt 0.519775391 0.110351562
v 0.320861787 0.008422881 -0.430877715
vt 0.542968750 0.123779297
vn -0.070686631 -0.997467637 -0.007854023
vt 0.542236328 0.109619141
v 0.326385468 0.003295928 -0.489654571
vt 0.545166016 0.106445312
vn -0.267542511 -0.495740414 -0.826233923
v 0.329254121 0.000701934 -0.448455840
vt 0.546875000 0.118652344
vn -0.062859714 -0.997898698 -0.015714889
v 0.328460664 0.000427306 -0.340454131
vt 0.550292969 0.151123047
vn -0.102514803 -0.993605554 0.047314610
v 0.321258515 0.008270293 -0.349761993
vt 0.546386719 0.149169922
vn -0.086643673 -0.992464483 0.086643785
vt 0.547119141 0.152832031
vt 0.520507812 0.156250000
vt 0.557128906 0.160156250
vt 0.998779297 0.188232422
vt 0.968261719 0.176757812
vt 0.964843750 0.165527344
v 0.232284606 0.477734655 0.402831972
vt 0.982910156 0.198730469
vn 0.023589237 0.636907458 0.770579338
v 0.275116026 0.485015959 0.413696229
vt 0.977050781 0.221435547
vn -0.268324345 -0.299892038 0.915459991
v 0.220916793 0.488014311 0.375793397
vt 0.974121094 0.196533203
vn 0.212988377 0.907172620 0.362869024
v 0.241043136 0.487609953 0.372741640
vt 0.973388672 0.202880859
vn -0.086581931 -0.991757214 0.094453134
vt 0.954589844 0.197753906
vt 0.955810547 0.206298828
v 0.336731017 0.454484075 0.415069520
vt 0.982666016 0.237792969
vn -0.070813343 -0.110154264 0.991388738
vt 0.986816406 0.603759766
vt 0.996826172 0.595214844
vt 0.997802734 0.604248047
vt 0.980468750 0.639160156
vt 0.980224609 0.607910156
vt 0.979003906 0.595947266
v 0.184982285 0.663543761 -0.016813342
vt 0.726318359 0.035644531
vn -0.480404228 0.070879340 0.874178469
vt 0.742187500 0.023681641
vt 0.736328125 0.038818359
vt 0.727050781 0.039794922
v 0.181167588 0.632751524 -0.017513337
vt 0.727539062 0.045654297
vn -0.992710948 -0.118179925 -0.023635840
vt 0.731445312 0.047607422
v 0.186660767 0.617660582 0.066963136
vt 0.741943359 0.070312500
vn -0.812106907 -0.583455563 -0.007884402
v 0.180541992 0.648300231 0.101272523
vt 0.693359375 0.039794922
vn -0.980244875 0.197629973 -0.007905081
v 0.190948486 0.665145934 0.023914274
vt 0.714355469 0.033203125
vn -0.741146147 0.670185268 0.039422736
vt 0.729248047 0.030517578
vt 0.740722656 0.017089844
vt 0.692871094 0.026855469
vt 0.726318359 0.026611328
vt 0.736083984 0.019287109
vt 0.727539062 0.023925781
vt 0.327880859 0.982421875
vt 0.320556641 0.998291016
vt 0.321777344 0.984863281
vt 0.319580078 0.972900391
vt 0.431396484 0.142822266
vt 0.457031250 0.113037109
vt 0.465820312 0.123291016
vt 0.441162109 0.151367188
vt 0.438476562 0.174804688
vt 0.388427734 0.139404297
vt 0.409423828 0.114990234
vt 0.458984375 0.108154297
v 0.203384414 0.603332639 0.178268373
vt 0.448486328 0.102050781
vn -0.551044405 -0.834438801 0.007872173
v 0.192459106 0.610504210 0.045238432
vt 0.404785156 0.107177734
vn -0.658423662 -0.752484202 -0.015676634
vt 0.387207031 0.092773438
vt 0.457031250 0.092529297
vt 0.916992188 0.119384766
vt 0.925292969 0.121337891
v 0.188659713 0.652572751 0.438690126
vt 0.915039062 0.140136719
vn -0.615567803 -0.662919164 0.426162481
v 0.186660811 0.628402829 0.446960390
vt 0.922119141 0.137695312
vn 0.772252262 0.551608801 0.315204889
v 0.215576217 0.612960935 0.441955507
vt 0.930419922 0.144531250
vn -0.471331775 0.832686126 0.290654629
v 0.196350157 0.627502561 0.499359071
vt 0.919921875 0.162353516
vn -0.985658526 -0.102508523 0.134049699
v 0.200225890 0.616546750 0.491241395
vt 0.929931641 0.126953125
vn 0.561760902 0.814948976 0.142418161
vt 0.933837891 0.127685547
vt 0.941894531 0.130615234
vt 0.950195312 0.136962891
v 0.246658370 0.623016477 0.445159853
vt 0.941162109 0.149414062
vn 0.519041836 -0.770698428 0.369620651
v 0.265441954 0.652145505 0.439269960
vt 0.953857422 0.152099609
vn -0.550226688 0.455902189 0.699574113
v 0.256256163 0.646255612 0.489837587
vt 0.945068359 0.166503906
vn -0.998206854 -0.023579730 0.055019405
v 0.252929747 0.663055539 0.488311708
vt 0.951660156 0.168212891
vn -0.811904967 -0.583310425 0.023647850
v 0.239013731 0.626144528 0.493133485
vt 0.935302734 0.166503906
vn -0.402161211 0.914719522 0.039427578
v 0.220703185 0.617401242 0.459686220
vt 0.931396484 0.151367188
vn 0.292565614 -0.948861241 0.118607663
v 0.212249815 0.618576169 0.495422304
vt 0.926269531 0.162597656
vn 0.291873008 -0.867730260 0.402311295
v 0.224166915 0.622406125 0.442932069
vt 0.924316406 0.180175781
vn -0.007871618 0.999690175 0.023614688
v 0.216445968 0.623413205 0.439208925
vt 0.921386719 0.181884766
vn 0.251750052 0.967664421 0.015734304
v 0.217239425 0.623413205 0.433685243
vt 0.921630859 0.183593750
vn 0.102514818 0.993605554 0.047314491
v 0.214675948 0.625885129 0.392730653
vt 0.915771484 0.196533203
vn 0.669685900 0.740593851 0.055150487
vt 0.216796875 0.994140625
vt 0.216796875 0.958251953
vt 0.220947266 0.985351562
vt 0.488769531 0.017333984
vt 0.471191406 0.017089844
vt 0.481445312 0.012939453
vt 0.482177734 0.006347656
vt 0.494873047 0.007324219
vt 0.517822266 0.009033203
v 0.214065582 0.596801877 0.228774965
vt 0.499511719 0.014892578
vn -0.873555601 -0.377753794 -0.306924790
vt 0.494873047 0.026123047
vt 0.597900391 0.993164062
vt 0.602783203 0.978027344
vt 0.605957031 0.992675781
vt 0.682373047 0.004394531
vt 0.661621094 0.032958984
vt 0.669921875 0.001464844
vt 0.248046875 0.813964844
v 0.191909850 0.656479001 0.498931825
vt 0.255126953 0.808593750
vn -0.858001828 0.495909274 0.133816898
vt 0.271972656 0.822021484
vt 0.217529297 0.846435547
v 0.195663512 0.640197873 0.496704042
vt 0.248291016 0.809082031
vn 0.972005606 0.221269608 0.079024710
v 0.195663512 0.649536252 0.499999940
vt 0.251708984 0.807617188
vn 0.858480811 -0.504061997 0.094511554
v 0.207611129 0.657379270 0.356750429
vt 0.230224609 0.760986328
vn 0.804747880 -0.591726303 0.047338031
v 0.212738097 0.668518186 0.495666444
vt 0.259033203 0.801513672
vn 0.544168115 -0.835968435 0.070978411
v 0.201843306 0.667633176 0.441223085
vt 0.275390625 0.816650391
vn 0.543105125 0.425038815 0.724140048
vt 0.288574219 0.832031250
vt 0.293945312 0.826171875
v 0.221069396 0.677566648 0.492828310
vt 0.263916016 0.801757812
vn -0.282589912 0.957665801 0.054948036
v 0.248336837 0.680099607 0.434356630
vt 0.285400391 0.806396484
vn 0.062836595 -0.816874266 0.573383033
vt 0.305664062 0.816650391
vt 0.306152344 0.809326172
vt 0.291748047 0.799072266
vt 0.314208984 0.804443359
vt 0.271728516 0.792724609
v 0.227356017 0.673294187 0.491424501
vt 0.263183594 0.797851562
vn 0.157675996 -0.985474706 0.063070402
v 0.251403868 0.672027707 0.483154237
vt 0.272216797 0.796386719
vn 0.725129128 0.685719967 0.063054584
v 0.242782652 0.673278928 0.493530214
vt 0.268066406 0.796630859
vn -0.456466526 -0.857842386 0.236103520
v 0.251403868 0.672027707 0.484435976
vt 0.271972656 0.796142578
vn 0.717916667 0.433905661 0.544354200
v 0.237884566 0.671264768 0.357177675
vt 0.244384766 0.752929688
vn -0.086959876 -0.996086299 0.015810948
v 0.220703170 0.667770505 0.384765565
vt 0.241699219 0.765625000
vn 0.418439925 -0.907935619 0.023685262
v 0.223236114 0.667831540 0.310028017
vt 0.234375000 0.741210938
vn 0.574233890 -0.818086505 0.031464830
v 0.227432266 0.668167233 0.181426927
vt 0.218994141 0.704589844
vn 0.386246145 -0.922261059 0.015765138
v 0.210769668 0.648681760 0.217483446
vt 0.218017578 0.721191406
vn 0.996423304 -0.078458481 0.031383283
vt 0.026855469 0.230712891
vt 0.020751953 0.221679688
vt 0.034423828 0.225830078
vt 0.035888672 0.229248047
vt 0.026611328 0.233886719
v 0.226928711 0.693878233 0.094459467
vt 0.020996094 0.271240234
vn -0.369849563 0.928558409 0.031476565
vt 0.351562500 0.015625000
vt 0.346923828 0.021240234
vt 0.347167969 0.008300781
v 0.208847031 0.603759825 -0.019691531
vt 0.827880859 0.011962891
vn 0.338320524 0.936282575 -0.094415136
vt 0.828369141 0.010253906
vt 0.828613281 0.018310547
vt 0.257080078 0.966308594
vt 0.271972656 0.978027344
vt 0.247070312 0.970214844
vt 0.264404297 0.983154297
vt 0.259765625 0.987792969
vt 0.236572266 0.978759766
vt 0.236083984 0.969238281
v 0.246246353 0.700958371 0.240112230
vt 0.233398438 0.977539062
vn 0.266685188 0.807899117 0.525526524
v 0.262023956 0.690063596 0.271942079
vt 0.225341797 0.988525391
vn 0.402361333 0.915174901 0.023668224
v 0.235382095 0.710266232 0.228118822
vt 0.228759766 0.970458984
vn 0.102537103 0.978046954 -0.181411996
vt 0.222656250 0.962890625
v 0.201950088 0.604660153 0.203430116
vt 0.383789062 0.013183594
vn -0.488022596 -0.865846634 0.110198766
vt 0.380126953 0.018554688
v 0.201950088 0.604660153 0.202148378
vt 0.383544922 0.012695312
vn -0.487584770 -0.872934043 0.015728643
vt 0.380371094 0.003173828
vt 0.392578125 0.014404297
vt 0.962890625 0.581298828
vt 0.975585938 0.608642578
vt 0.952392578 0.649169922
vt 0.952636719 0.614746094
v 0.218139678 0.627304196 0.248992860
vt 0.970214844 0.643554688
vn 0.565510869 0.824703455 0.007854208
v 0.237411529 0.624511838 0.238830507
vt 0.974121094 0.646972656
vn -0.330309600 0.943741679 -0.015729025
vt 0.074462891 0.974853516
v 0.206100464 0.653228819 0.016967708
vt 0.079101562 0.979003906
vn -0.955008626 -0.268349558 -0.126281992
vt 0.078613281 0.988281250
vt 0.778564453 0.506835938
vt 0.781005859 0.495117188
v 0.228195190 0.603271544 0.019737178
vt 0.783691406 0.507568359
vn -0.149190620 -0.965813041 -0.212007672
v 0.219207764 0.602005064 0.026544508
vt 0.781250000 0.508300781
vn 0.189429030 0.978717029 -0.078928858
vt 0.774169922 0.516601562
vt 0.770019531 0.514648438
v 0.243728638 0.598327696 0.028020792
vt 0.786132812 0.511718750
vn -0.078749992 0.984374106 -0.157499880
v 0.242629990 0.604538023 -0.022758551
vt 0.791015625 0.498535156
vn -0.628035665 0.667287827 -0.400372654
v 0.234817490 0.596405089 -0.021219321
vt 0.777587891 0.520996094
vn 0.007864949 0.998854995 -0.047190044
vt 0.773925781 0.518554688
vt 0.763671875 0.543701172
v 0.272735596 0.596481383 -0.023252558
vt 0.782226562 0.526611328
vn 0.007873483 0.999938011 -0.007873572
v 0.279083252 0.603912413 -0.018743588
vt 0.783203125 0.527832031
vn 0.645509303 -0.763590157 -0.015744178
v 0.255004883 0.596725523 0.063911371
vt 0.775878906 0.543457031
vn 0.884002447 0.457787007 0.094714403
v 0.258392334 0.601287901 -0.020889351
vt 0.783691406 0.523925781
vn -0.371451616 0.908870816 -0.189677402
v 0.273834229 0.608535826 0.006699014
vt 0.791015625 0.519042969
vn -0.541347206 0.839480460 -0.047073636
v 0.294799805 0.628448546 -0.022670822
vt 0.795166016 0.527343750
vn -0.911550939 0.369335264 -0.180738449
v 0.280120850 0.618301451 0.032279894
vt 0.796386719 0.514404297
vn -0.732965529 0.496524960 -0.464999557
v 0.262847900 0.609420836 0.020248342
vt 0.791259766 0.510498047
vn 0.275547862 -0.960481048 -0.039363973
v 0.272949219 0.611694396 -0.022129130
vt 0.796630859 0.502929688
vn 0.662095010 -0.725151718 -0.189170063
v 0.289520264 0.633941710 0.035942003
vt 0.801757812 0.515136719
vn 0.979021966 0.118430115 -0.165802240
v 0.293060303 0.659866393 0.039382860
vt 0.805175781 0.519287109
vn -0.969556570 -0.134003803 -0.204946771
v 0.295989990 0.670288146 -0.018503267
vt 0.802246094 0.531494141
vn -0.752831221 -0.611675441 -0.243101627
v 0.275146484 0.678039610 0.038925096
vt 0.809814453 0.524902344
vn 0.812789202 0.512925327 -0.276190668
v 0.288024902 0.640091002 -0.020999983
vt 0.804443359 0.501220703
vn -0.685975790 0.630782247 -0.362699777
v 0.284362793 0.670806944 -0.017376022
vt 0.811523438 0.502441406
vn 0.939516008 0.307908654 -0.150006905
vt 0.813964844 0.515869141
vt 0.820312500 0.502197266
v 0.271026611 0.673416197 0.032646105
vt 0.815185547 0.489990234
vn -0.480285197 -0.842467487 -0.244079277
v 0.277893066 0.661483824 0.034618303
vt 0.812011719 0.488525391
vn 0.300519675 0.917375982 -0.260977715
v 0.267547607 0.620224059 0.033733297
vt 0.800537109 0.486083984
vn -0.614535332 0.779987097 -0.118179820
v 0.278503418 0.637710631 0.035091326
vt 0.805908203 0.487304688
vn 0.873988688 -0.370067239 -0.314950943
v 0.278533936 0.642013609 -0.024129942
vt 0.807128906 0.473144531
vn 0.306924790 0.377753705 -0.873555541
v 0.270568848 0.668151915 -0.017776564
vt 0.814697266 0.475585938
vn -0.720577598 -0.673583388 -0.164479539
v 0.269470215 0.646560729 0.068534777
vt 0.811279297 0.456787109
vn -0.975894094 -0.196752891 -0.094441235
v 0.270782471 0.624969542 -0.023223950
vt 0.802001953 0.471679688
vn 0.544778347 -0.829010546 -0.126325458
v 0.268615723 0.630706847 -0.015710903
vt 0.802978516 0.468505859
vn -0.581291378 0.809094667 -0.086408131
v 0.268493652 0.634338439 0.031906057
vt 0.806884766 0.461669922
vn -0.852324784 0.520865083 -0.047351286
v 0.255706787 0.627517760 0.100913927
vt 0.806640625 0.446777344
vn -0.520865142 0.852324724 -0.047351342
v 0.241088852 0.619476378 -0.021719048
vt 0.793945312 0.471191406
vn 0.110376544 0.993389368 -0.031536229
v 0.233123779 0.609390318 0.027744228
vt 0.791259766 0.485351562
vn -0.094761856 -0.663332522 -0.742300630
vt 0.781005859 0.484130859
vt 0.780029297 0.479003906
v 0.210067734 0.629882872 -0.020925587
vt 0.786865234 0.471679688
vn -0.866437256 -0.496232271 -0.055136781
v 0.233215317 0.613189757 -0.022333210
vt 0.792724609 0.472900391
vn -0.078487530 -0.926152766 -0.368891329
v 0.212799057 0.645309508 -0.018388813
vt 0.787109375 0.468261719
vn 0.994378924 -0.094702713 -0.047351506
v 0.216888428 0.630111754 0.067298822
vt 0.789062500 0.452636719
vn 0.788281858 0.614859879 0.023648327
vt 0.000244141 0.907958984
vt 0.017333984 0.907958984
vt 0.015136719 0.948974609
vt 0.182373047 0.988281250
v 0.211532578 0.657898009 -0.020626135
vt 0.189697266 0.992919922
vn -0.857285082 0.424709976 -0.291004926
vt 0.185791016 0.997802734
vt 0.188476562 0.995605469
vt 0.183105469 0.984863281
v 0.232299790 0.675247252 -0.018436501
vt 0.193847656 0.988037109
vn 0.315833241 -0.900124729 -0.300041586
vt 0.859130859 0.318359375
vt 0.875000000 0.321289062
vt 0.857421875 0.361572266
v 0.229385361 0.701705992 -0.013146470
vt 0.866699219 0.363037109
vn -0.275727361 0.961106777 0.015755842
v 0.256378174 0.703872740 -0.018287733
vt 0.879150391 0.369384766
vn 0.219825968 0.973515213 -0.062807508
v 0.256805420 0.696182311 0.116836473
vt 0.892089844 0.317871094
vn 0.205055162 0.977955699 0.039433628
vt 0.897460938 0.281738281
v 0.280456543 0.681442320 0.052867811
vt 0.903808594 0.347167969
vn 0.635827303 0.769272506 0.062797636
v 0.269012451 0.686187804 0.129943773
vt 0.898193359 0.317138672
vn 0.701745212 0.709630072 0.063078098
vt 0.963378906 0.660156250
vt 0.948486328 0.729736328
vt 0.945556641 0.686523438
v 0.223587036 0.664520323 0.091979913
vt 0.972656250 0.700927734
vn 0.551044524 -0.834438801 -0.007872100
vt 0.985839844 0.669677734
v 0.255004883 0.670761168 0.044471670
vt 0.989990234 0.692871094
vt 0.790283203 0.104492188
vt 0.735595703 0.105712891
vt 0.782470703 0.096435547
vt 0.713378906 0.133789062
vt 0.789550781 0.118652344
vt 0.751708984 0.140380859
v 0.260620147 0.645492673 0.181045458
vt 0.779296875 0.140136719
vn -0.986948133 0.157911658 -0.031582218
vt 0.970947266 0.078369141
vt 0.972656250 0.081787109
vt 0.960937500 0.072265625
vt 0.925537109 0.072753906
vt 0.982177734 0.095703125
v 0.248764083 0.633224607 0.440734804
vt 0.967285156 0.096679688
vn -0.662383199 0.749123812 -0.007885460
vt 0.977783203 0.105957031
vt 0.911132812 0.090820312
v 0.254303038 0.638061643 0.403564394
vt 0.959228516 0.097900391
vn -0.843881249 0.536298275 -0.015773395
vt 0.979003906 0.114746094
v 0.248580948 0.667694211 0.175964281
vt 0.904296875 0.107910156
vn -0.574358225 -0.818263769 -0.023603654
vt 0.946289062 0.121582031
v 0.250488311 0.695175290 0.213180467
vt 0.753417969 0.956298828
vn 0.110331967 0.977226615 -0.181259826
vt 0.746093750 0.976318359
vt 0.744873047 0.965332031
vt 0.741943359 0.956787109
v 0.257049590 0.702987790 0.227554247
vt 0.749267578 0.948242188
vn 0.566034853 0.676097333 -0.471695960
v 0.261596709 0.695205808 0.213622972
vt 0.756591797 0.951171875
vn 0.734060526 0.639343143 -0.228900746
v 0.265228301 0.710723996 0.226257250
vt 0.744873047 0.942626953
vn 0.260286599 0.780860126 -0.567898333
v 0.296752959 0.662735105 0.213821322
vt 0.775634766 0.941650391
vn 0.881370783 0.236081511 -0.409208000
v 0.286193877 0.660324216 0.214126498
vt 0.776611328 0.946289062
vn 0.961106777 0.275727361 0.015755711
v 0.282440215 0.624862790 0.213928163
vt 0.793212891 0.942382812
vn 0.908077240 -0.418505162 -0.015792748
v 0.280426055 0.607055783 0.224121034
vt 0.802734375 0.939697266
vn 0.954741120 -0.110465847 0.276164621
vt 0.733886719 0.949462891
v 0.257141143 0.707916379 0.235183641
vt 0.738769531 0.943847656
vn 0.180543572 0.894868016 0.408185333
v 0.276367217 0.698700070 0.238616869
vt 0.729736328 0.939941406
vn -0.745516598 0.141255781 0.651346207
v 0.287475616 0.679092526 0.245559603
vt 0.718750000 0.937500000
vn 0.503251195 -0.110086106 0.857099414
v 0.275054961 0.679779172 0.242492601
vt 0.721435547 0.942626953
vn 0.723960757 0.621662021 0.299027145
v 0.284423858 0.658096433 0.247039706
vt 0.711669922 0.936523438
vn 0.949816108 0.298289388 0.094196498
v 0.272430450 0.686172605 0.264282167
vt 0.717285156 0.947265625
vn 0.039218344 0.996147394 -0.078436852
vt 0.719482422 0.952148438
v 0.237396240 0.681854308 0.036239553
vt 0.684082031 0.039794922
vn 0.762904823 -0.110109985 -0.637065053
vt 0.674804688 0.028808594
vt 0.684326172 0.012939453
vt 0.661621094 0.044189453
vt 0.757812500 0.537597656
vt 0.761230469 0.583251953
vt 0.750488281 0.552978516
vt 0.734863281 0.515869141
vt 0.762939453 0.528564453
vt 0.738769531 0.491455078
vt 0.735839844 0.471191406
vt 0.767822266 0.495117188
vt 0.024902344 0.845214844
v 0.247650146 0.696472228 0.040435717
vt 0.050781250 0.833007812
vn -0.266832918 -0.926067233 -0.266832858
vt 0.046142578 0.845214844
vt 0.026611328 0.826171875
vt 0.069091797 0.846435547
v 0.252258301 0.689910948 0.014540599
vt 0.061035156 0.837402344
vn 0.553848684 0.830773175 -0.055384982
vt 0.060302734 0.822753906
vt 0.050048828 0.799072266
vt 0.333251953 0.996337891
vt 0.333251953 0.981689453
vt 0.341552734 0.987548828
vt 0.760498047 0.960205078
vt 0.832275391 0.936523438
vt 0.765625000 0.967529297
vt 0.996093750 0.971191406
vt 0.988281250 0.984619141
vt 0.950439453 0.970703125
vt 0.914306641 0.201171875
vt 0.925537109 0.236083984
vt 0.888916016 0.213378906
vt 0.897216797 0.236083984
v 0.336608946 0.418888181 0.413726747
vt 0.930664062 0.221191406
vn -0.047185495 -0.015728500 0.998762369
vt 0.937744141 0.200439453
vt 0.942626953 0.196044922
vt 0.943847656 0.190429688
v 0.326324522 0.429649442 0.419250429
vt 0.938232422 0.227294922
vn -0.323306173 -0.007885569 -0.946261585
vt 0.949951172 0.188232422
vt 0.934082031 0.249267578
vt 0.927246094 0.279052734
vt 0.949707031 0.232177734
vt 0.941650391 0.257080078
vt 0.943359375 0.273437500
v 0.230087310 0.596084714 0.245666444
vt 0.077392578 0.890136719
vn 0.621277452 -0.770698547 0.141556814
v 0.249984771 0.605743527 0.324157655
vt 0.048339844 0.890380859
vn 0.876136899 -0.481480598 -0.023679471
v 0.232482940 0.596420407 0.312866151
vt 0.054931641 0.886230469
vn 0.031609885 0.995713115 -0.086927392
v 0.263519317 0.609253049 0.246581972
vt 0.075195312 0.898925781
vn 0.378469467 -0.867325664 0.323275864
v 0.258575469 0.596328855 0.234680116
vt 0.078125000 0.875976562
vn 0.070634380 0.996730208 0.039241295
v 0.270080596 0.615188718 0.244537294
vt 0.074951172 0.901611328
vn 0.661889434 -0.748565376 0.039398126
v 0.257446319 0.610489011 0.322021425
vt 0.050781250 0.895751953
vn 0.591487169 -0.804422379 0.055205416
v 0.273986846 0.627777219 0.387664735
vt 0.035400391 0.908691406
vn 0.763471961 -0.645409167 0.023612460
v 0.320648223 0.601089597 0.320068300
vt 0.039306641 0.869873047
vn -0.142085150 0.986702085 -0.078936197
v 0.280242950 0.596710324 0.256713808
vt 0.068359375 0.869873047
vn -0.118209280 0.992957532 0.007880587
v 0.334686309 0.596496701 0.311889589
vt 0.041748047 0.862304688
vn 0.086700171 0.993111670 -0.078818448
v 0.324035674 0.613067746 0.313812196
vt 0.038085938 0.863769531
vn -0.141890779 0.945938110 -0.291664273
v 0.346038848 0.596283078 0.311920077
vt 0.040283203 0.858154297
vn -0.031464916 0.999009490 -0.031464908
v 0.340118438 0.591980100 0.310211122
vt 0.041992188 0.859130859
v 0.314880401 0.599578977 0.262390077
vt 0.059326172 0.860351562
vn -0.000000042 0.999876022 0.015746037
v 0.318939239 0.598037839 0.229568407
vt 0.063476562 0.850830078
v 0.282165557 0.603698850 0.252532899
vt 0.069091797 0.866943359
vn 0.599299014 0.717581749 0.354847997
v 0.286834747 0.596359372 0.249084398
vt 0.069335938 0.863769531
vn 0.007889129 0.986149251 -0.165673107
v 0.252288878 0.609771848 0.398284853
vt 0.823974609 0.432128906
vn 0.506075203 -0.861909270 0.031629667
v 0.236831710 0.601684690 0.387390077
vt 0.830566406 0.431884766
vt 0.838378906 0.455322266
v 0.261444122 0.616256833 0.391204774
vt 0.821777344 0.437500000
vn 0.645409286 -0.763471901 0.023612482
vt 0.816406250 0.444091797
vt 0.857421875 0.446044922
v 0.252258360 0.609771848 0.399566591
vt 0.823730469 0.431396484
vn 0.527150750 -0.849735498 0.007867889
vt 0.815185547 0.409179688
vt 0.796875000 0.424560547
vt 0.827392578 0.416015625
v 0.320465147 0.601181149 0.395233095
vt 0.858398438 0.420898438
vn -0.118198253 0.992864966 0.015759733
v 0.290313780 0.601196408 0.433837831
vt 0.846923828 0.409423828
vn 0.023688957 0.971247733 0.236889645
vt 0.837402344 0.406494141
v 0.321594298 0.596679807 0.439758241
vt 0.859130859 0.406005859
vn -0.204698935 0.440890253 0.873907387
vt 0.853515625 0.393066406
v 0.322845519 0.612701535 0.416503847
vt 0.864013672 0.415527344
vn -0.316138893 0.948416650 0.023710415
vt 0.862304688 0.447753906
v 0.321197569 0.609817624 0.446044862
vt 0.864257812 0.404785156
vn -0.322914749 0.897860467 0.299286842
v 0.365936309 0.614181638 0.376251131
vt 0.880859375 0.430175781
v 0.402374297 0.613266110 0.314330965
vt 0.891357422 0.454589844
vn 0.023589103 0.990744889 -0.133671969
v 0.366729796 0.613021970 0.411926180
vt 0.878417969 0.418457031
v 0.436767638 0.612228513 0.412444979
vt 0.901855469 0.420410156
vn 0.472089857 0.881234467 0.023604395
v 0.411987364 0.608703732 0.454040438
vt 0.887451172 0.404541016
vn 0.039422732 0.670185328 0.741146088
v 0.323700011 0.598755002 0.457122743
vt 0.864257812 0.395019531
vn -0.292273194 0.031597145 0.955812812
vt 0.847167969 0.351074219
v 0.360229552 0.599548459 0.454620272
vt 0.874023438 0.400878906
vn 0.023556544 0.070669286 0.997221589
v 0.386169493 0.563461423 0.453552157
vt 0.887207031 0.395263672
v 0.354980528 0.503700376 0.452911288
vt 0.884033203 0.375488281
vn 0.062859893 -0.015714895 0.997898698
vt 0.155761719 0.989257812
vt 0.155761719 0.978759766
vt 0.157470703 0.983154297
vt 0.297119141 0.077880859
vt 0.330566406 0.067138672
vt 0.305175781 0.082763672
v 0.269287139 0.687301755 0.412902772
vt 0.343750000 0.079345703
vn 0.632356703 0.774637103 -0.007904577
v 0.274475127 0.678024411 0.264404237
vt 0.304443359 0.089355469
vn 0.853175342 0.521384954 0.015799409
vt 0.365478516 0.065185547
vt 0.304687500 0.102050781
v 0.262603819 0.690612912 0.483612001
vt 0.364990234 0.073242188
vn 0.400966197 0.912001610 0.086482830
vt 0.366943359 0.075683594
v 0.271026671 0.684860349 0.480163515
vt 0.363769531 0.075927734
vn 0.695136487 0.718834460 0.007899155
v 0.270996153 0.684814572 0.481445253
vt 0.364257812 0.076171875
vn 0.624179363 0.687387407 0.371347100
v 0.278198302 0.675476193 0.485443056
vt 0.366210938 0.079589844
vn 0.947617888 0.315872639 0.047380757
vt 0.370361328 0.086425781
v 0.281616241 0.663040280 0.361938417
vt 0.335205078 0.093750000
vn 0.982032180 0.188550219 0.007856119
v 0.282867461 0.639495969 0.265533388
vt 0.312255859 0.107177734
vn 0.978442788 -0.205157310 0.023671884
v 0.281005919 0.645233274 0.487152040
vt 0.370849609 0.092285156
vn 0.984099448 -0.173201457 0.039363854
vt 0.377685547 0.101562500
v 0.281402618 0.647262692 0.399108827
vt 0.347167969 0.099853516
vn 0.978595018 -0.205189228 0.015783671
vt 0.346923828 0.111816406
v 0.276184112 0.626785398 0.313171327
vt 0.324707031 0.111816406
v 0.276153594 0.621811032 0.250762880
vt 0.307617188 0.113525391
vn 0.871721804 -0.486907631 0.054973353
vt 0.306396484 0.116699219
v 0.256164551 0.679931700 -0.016136242
vt 0.332519531 0.012695312
vn 0.330095202 0.943129361 -0.039297141
vt 0.330566406 0.017578125
vt 0.317382812 0.012939453
vt 0.336669922 0.013427734
vt 0.342773438 0.029296875
vt 0.342285156 0.000244141
vt 0.734863281 0.968994141
v 0.279083282 0.596313596 0.201888978
vt 0.718017578 0.964355469
v 0.243865982 0.597885251 0.211273134
vt 0.732910156 0.957275391
vn 0.988820970 -0.149107888 -0.000000123
v 0.300781280 0.600113034 0.202423021
vt 0.714599609 0.975097656
vn 0.196188569 0.957400382 0.211883605
vt 0.708007812 0.960693359
v 0.269134551 0.611816525 0.215423524
vt 0.703125000 0.961669922
vn 0.666651309 -0.737237930 -0.109801449
vt 0.701416016 0.954101562
v 0.299774200 0.600830197 0.192932054
vt 0.709960938 0.975097656
vn -0.047117326 0.596817732 -0.800992250
v 0.273437530 0.602005124 0.205429018
vt 0.701660156 0.965087891
vn -0.693408132 0.165472299 -0.701287508
v 0.324584991 0.596618772 0.199127123
vt 0.706054688 0.982421875
vn 0.102626562 0.994688690 -0.007894412
v 0.293029815 0.596359372 0.218460009
vt 0.719726562 0.980468750
vn 0.047283623 0.985076845 -0.165492952
vt 0.712158203 0.989257812
v 0.284576446 0.596206784 0.229309008
vt 0.727294922 0.980712891
vn -0.070883721 0.929364443 0.362294585
vt 0.735839844 0.982177734
vt 0.739990234 0.979980469
vt 0.733886719 0.994384766
vt 0.746337891 0.990234375
vt 0.491699219 0.969970703
vt 0.548095703 0.982421875
vt 0.487304688 0.984375000
vt 0.584228516 0.975830078
vt 0.379638672 0.037353516
vt 0.375488281 0.047851562
vt 0.369628906 0.031494141
vt 0.365478516 0.056640625
vt 0.368164062 0.058837891
v 0.271453887 0.610061765 0.233566225
vt 0.383544922 0.053710938
vn 0.746183276 -0.628364801 -0.219927773
vt 0.371337891 0.061767578
v 0.240264922 0.597610593 0.228744447
vt 0.385253906 0.043945312
vn 0.721729696 -0.658970416 0.211811900
v 0.268127471 0.603592038 0.224761903
vt 0.392822266 0.043457031
vn -0.023589127 -0.998607934 -0.047178280
vt 0.381103516 0.030517578
vt 0.392089844 0.036865234
vt 0.396972656 0.039550781
vt 0.400146484 0.040039062
vt 0.396484375 0.045898438
vt 0.395019531 0.052734375
vt 0.388427734 0.055419922
vt 0.400878906 0.057861328
vt 0.418945312 0.062011719
vt 0.402099609 0.045410156
vt 0.778564453 0.177001953
v 0.275238037 0.610183775 0.122901842
vt 0.746337891 0.163818359
vn 0.600588858 -0.798150897 0.047414862
vt 0.781250000 0.168945312
vt 0.723632812 0.176269531
vt 0.696777344 0.150878906
vt 0.781494141 0.163818359
v 0.293640137 0.629043639 0.084739611
vt 0.737548828 0.144531250
vn 0.952165782 -0.299027234 0.062952995
vt 0.786376953 0.146972656
vt 0.589355469 0.950195312
vt 0.599121094 0.971191406
vt 0.589111328 0.989257812
vt 0.299316406 0.037353516
vt 0.319580078 0.019775391
v 0.261749268 0.631866515 0.098968431
vt 0.301513672 0.039062500
vn -0.708376110 0.700505137 -0.086579233
vt 0.292236328 0.060791016
v 0.265258789 0.636962950 0.099830553
vt 0.303955078 0.041015625
vn -0.937560320 0.338782251 -0.078786477
vt 0.302734375 0.053222656
vt 0.335693359 0.033691406
vt 0.026855469 0.122070312
vt 0.040771484 0.140869141
vt 0.022460938 0.145996094
vt 0.028076172 0.147949219
vt 0.045898438 0.162109375
vt 0.940429688 0.012939453
vt 0.934082031 0.022216797
vt 0.922119141 0.023193359
v 0.283935547 0.687072814 -0.017160492
vt 0.926269531 0.023925781
vn 0.653847396 0.756257296 0.023632921
vt 0.927246094 0.037841797
v 0.295043945 0.669570982 0.017963331
vt 0.921142578 0.032958984
vn 0.848816454 0.526580572 0.047156334
v 0.302642822 0.647979796 -0.019134598
vt 0.916748047 0.022705078
vn 0.998484433 -0.055034529 -0.000000129
v 0.296752930 0.664978087 0.045265123
vt 0.918457031 0.039794922
vn 0.935587883 0.345931709 0.070758611
vt 0.912597656 0.018554688
vt 0.903808594 0.041992188
v 0.293304443 0.619369566 -0.021024780
vt 0.910156250 0.018554688
vn 0.919522762 -0.392958432 -0.007859273
v 0.288085938 0.613250792 -0.010193899
vt 0.906982422 0.020019531
vn 0.739859462 -0.669021726 0.070837528
vt 0.905273438 0.016601562
vt 0.902343750 0.013183594
v 0.288085938 0.613189757 -0.011046484
vt 0.906982422 0.019775391
vn 0.740892887 -0.669956207 0.047290962
v 0.288146973 0.613189757 -0.011900023
vt 0.906982422 0.019042969
vn 0.733626544 -0.678407252 -0.039442353
v 0.270599365 0.680435300 0.182372972
vt 0.238281250 0.013671875
vn 0.707019508 0.707019567 0.015711419
vt 0.253417969 0.021972656
vt 0.243164062 0.029541016
vt 0.220214844 0.008544922
vt 0.217529297 0.001220703
vt 0.253417969 0.000000000
v 0.284942657 0.706466794 0.241088778
vt 0.915527344 0.045166016
vn 0.361980438 0.763306558 0.535101354
vt 0.910644531 0.052734375
vt 0.904541016 0.053710938
vt 0.898193359 0.053710938
v 0.284393340 0.691040158 0.239410311
vt 0.893310547 0.064941406
vn 0.826361835 0.251843601 -0.503687322
v 0.271423370 0.685546994 0.230194017
vt 0.888183594 0.058349609
vn 0.835059941 0.480553418 -0.267849565
v 0.291351348 0.674118161 0.224609286
vt 0.879150391 0.053466797
vn 0.718050778 0.378752112 0.583909273
vt 0.873779297 0.049560547
v 0.287811309 0.645218015 0.227249056
vt 0.865478516 0.056152344
vn 0.844354033 -0.086802684 0.528707504
vt 0.850585938 0.048828125
vt 0.481445312 0.977783203
v 0.276733398 0.689331174 0.178512499
vt 0.472412109 0.991455078
vn 0.015740130 0.905062973 -0.424986124
vt 0.461425781 0.994140625
vt 0.481689453 0.998291016
v 0.280944854 0.683197141 0.270233095
vt 0.534912109 0.015136719
vn 0.846279681 0.166092306 0.506185830
vt 0.541992188 0.016357422
vt 0.538574219 0.019775391
vt 0.531250000 0.019287109
vt 0.526123047 0.010253906
vt 0.530029297 0.003662109
vt 0.537353516 0.000976562
vt 0.542724609 0.001464844
vt 0.549072266 0.008056641
vt 0.546875000 0.017578125
vt 0.547119141 0.024658203
vt 0.554199219 0.027587891
vt 0.455322266 0.014892578
vt 0.456787109 0.002929688
vt 0.458984375 0.007568359
vt 0.451660156 0.014160156
vt 0.459472656 0.016845703
vt 0.446777344 0.017578125
vt 0.467041016 0.014648438
vt 0.177246094 0.023681641
vt 0.173583984 0.022216797
v 0.276153594 0.621704221 0.249908388
vt 0.177246094 0.023193359
vn 0.810095012 -0.582009971 0.070784912
v 0.276214629 0.621704221 0.249053895
vt 0.177246094 0.022949219
vn 0.803224385 -0.543357611 -0.244117290
v 0.282257110 0.632232785 0.246551454
vt 0.181152344 0.020263672
vn 0.795645773 -0.212697312 0.567192852
vt 0.184082031 0.026367188
vt 0.169921875 0.021240234
vt 0.191650391 0.023437500
v 0.291229278 0.621368527 0.243484423
vt 0.181396484 0.015869141
vn 0.989919007 -0.133560449 0.047138877
vt 0.201660156 0.022460938
vt 0.171142578 0.011718750
v 0.289062530 0.672210813 0.234390169
vt 0.200195312 0.012695312
vn 0.853255153 0.007900526 -0.521433830
vt 0.175781250 0.005126953
vt 0.168457031 0.009277344
vt 0.192871094 0.005615234
vt 0.177001953 0.000000000
vt 0.317382812 0.955810547
vt 0.321044922 0.953857422
vt 0.318115234 0.965576172
vt 0.310791016 0.973632812
v 0.336273193 0.596389830 -0.007259925
vt 0.227539062 0.953125000
vt 0.994384766 0.988525391
vt 0.999755859 0.996337891
vt 0.992675781 0.996826172
vt 0.999511719 0.978271484
vt 0.989746094 0.991699219
vt 0.159423828 0.974609375
vt 0.087158203 0.974609375
vt 0.131347656 0.964111328
vt 0.531250000 0.094726562
vt 0.598144531 0.094482422
vt 0.564453125 0.108154297
vt 0.596435547 0.106201172
vt 0.608886719 0.095458984
vt 0.454101562 0.986328125
vt 0.449462891 0.996337891
vt 0.448974609 0.976806641
vt 0.688964844 0.021240234
vn 0.062984236 -0.496001571 -0.866034448
vt 0.688964844 0.008300781
v 0.334472597 0.331817687 -0.449218810
vt 0.693359375 0.008544922
vt 0.822265625 0.053466797
vt 0.768554688 0.067871094
vt 0.751708984 0.053222656
vt 0.612792969 0.173095703
vt 0.622314453 0.177001953
vt 0.609375000 0.177978516
v 0.328186125 0.000793546 0.417480439
vt 0.615966797 0.172607422
vn -0.055007335 -0.997991085 0.031432841
v 0.345153898 0.004547238 0.454986513
vt 0.625244141 0.170410156
vn -0.157110468 -0.416343093 0.895530462
v 0.409790128 0.002990842 0.453887880
vt 0.625244141 0.157958984
vn 0.157110691 -0.919097006 0.361354411
v 0.388855070 0.041870236 0.456603944
vt 0.634277344 0.161621094
vn -0.007871444 -0.023614686 0.999690175
v 0.324279875 0.085632414 0.455688447
vt 0.638671875 0.179931641
vn -0.282877505 -0.031430818 0.958640993
vt 0.633056641 0.181152344
vt 0.639160156 0.186279297
v 0.360290617 0.039215207 0.455108583
vt 0.633544922 0.167968750
v 0.321716368 0.179901212 0.457000673
vt 0.658935547 0.191406250
vn -0.299621433 0.000000029 0.954058170
vt 0.647216797 0.191162109
vt 0.647460938 0.196777344
vt 0.671875000 0.200683594
v 0.374694914 0.064025998 0.455017030
vt 0.639404297 0.166259766
v 0.421722502 0.033783078 0.456390321
vt 0.637451172 0.155517578
vn 0.150044307 -0.055279378 0.987132728
v 0.363769591 0.124054074 0.454101503
vt 0.651367188 0.173095703
vn 0.031479608 0.007869914 0.999473393
v 0.371307433 0.284576505 0.451934725
vt 0.686279297 0.189208984
vn 0.015745724 0.007872841 0.999845147
vt 0.698242188 0.192871094
v 0.416900694 0.331497282 0.453063875
vt 0.703613281 0.179443359
vn 0.699185431 0.007856077 0.714897215
v 0.391265959 0.107483029 0.455291688
vt 0.649414062 0.164306641
v 0.397399992 0.120208859 0.454498231
vt 0.655517578 0.163574219
vn 0.007871706 0.023614772 0.999690175
v 0.379760832 0.130157590 0.459503084
vt 0.652343750 0.167480469
vn -0.007858070 0.062865622 0.997991085
v 0.422637999 0.266326994 0.454284579
vt 0.690185547 0.174560547
vn 0.550908029 0.023610404 0.834232032
v 0.420654356 0.142578244 0.453674227
vt 0.659912109 0.158935547
vn 0.322106659 0.086418897 0.942750871
v 0.422149718 0.191467404 0.453735262
vt 0.673583984 0.166503906
vn 0.337330252 0.000000056 0.941386461
v 0.429229796 0.160583615 0.417632967
vt 0.674804688 0.156738281
vn 0.980973184 0.047086764 0.188346714
v 0.428192198 0.379974455 0.418151766
vt 0.717041016 0.180664062
vn 0.984832287 -0.007878608 0.173330352
v 0.433319151 0.214447141 0.375549227
vt 0.682861328 0.147216797
vn 0.998885930 0.000000046 0.047191329
v 0.438079894 0.145080686 0.449676424
vt 0.662841797 0.156250000
vn 0.983003378 0.133688495 0.125824302
v 0.437225431 0.087707639 0.451324403
vt 0.661376953 0.144531250
vn 0.953939557 0.015767649 0.299584180
vt 0.360107422 0.767578125
vt 0.365722656 0.761718750
vt 0.371582031 0.761230469
v 0.324768126 0.001434386 0.321899384
vt 0.375244141 0.758544922
vn -0.086643696 -0.992464483 -0.086643666
vt 0.369628906 0.783203125
vt 0.371582031 0.784667969
v 0.338867247 0.008606017 0.318847626
vt 0.378173828 0.754882812
vn -0.055131752 -0.992372096 -0.110263512
vt 0.375976562 0.753906250
v 0.340789855 0.008392394 0.220947206
vt 0.374755859 0.730224609
vn -0.118212849 -0.992988288 0.000000059
vt 0.367187500 0.702636719
v 0.340606719 0.008361876 0.101501413
vt 0.369873047 0.700683594
vt 0.365234375 0.692382812
vt 0.357910156 0.641601562
vt 0.386474609 0.645263672
v 0.413055450 0.008239836 0.011138852
vt 0.387451172 0.677490234
vn 0.078497238 -0.996914387 0.000000033
v 0.423400879 0.009063810 -0.041053839
vt 0.391113281 0.664062500
vn 0.960957706 -0.275684536 0.023629991
v 0.409240752 0.008239836 0.157852098
vt 0.388183594 0.713867188
v 0.414581358 0.008361906 0.263275087
vt 0.392822266 0.742187500
v 0.423034698 0.023925871 0.010296755
vt 0.394287109 0.676513672
vn 0.961196363 -0.275752991 0.007878545
v 0.423034698 0.030578703 -0.025148459
vt 0.395751953 0.667236328
vt 0.392333984 0.647216797
v 0.422729522 0.034149259 0.002854281
vt 0.398437500 0.673828125
v 0.424316436 0.012542814 0.026588375
vt 0.391113281 0.681152344
vn 0.853281856 -0.521449983 -0.000000089
v 0.423156768 0.021301359 0.139617845
vt 0.394042969 0.709228516
v 0.421264678 0.098480314 0.101264887
vt 0.419677734 0.696289062
v 0.423278868 0.014373869 0.222137377
vt 0.394775391 0.731201172
vn 0.959085166 -0.283008695 -0.007861467
v 0.422454894 0.071655363 0.307983339
vt 0.415039062 0.749511719
vn 0.996638060 0.023542671 -0.078475572
v 0.422576964 0.013214201 0.239425585
vt 0.394775391 0.736328125
vn 0.990898073 -0.133692548 0.015728416
v 0.422271788 0.015167326 0.311340272
vt 0.399414062 0.754394531
vn 0.940983474 -0.268852383 -0.205593124
v 0.420471251 0.093994230 0.308227479
vt 0.422119141 0.749511719
vn 0.999194920 0.007867718 -0.039338514
v 0.420654327 0.131622404 0.128814623
vt 0.434570312 0.699951172
vn 0.999690175 0.023614772 -0.007871708
v 0.432952940 0.139495939 0.307922274
vt 0.431884766 0.755859375
vn 0.260294676 0.078877181 -0.962302029
v 0.422821105 0.128967375 0.308013827
vt 0.432128906 0.750000000
vn 0.986149132 0.149894714 -0.071002863
v 0.416290343 0.132873625 0.252593905
vt 0.434814453 0.734619141
vn 0.943595767 0.330258518 0.023589754
v 0.414703429 0.133819669 0.307342440
vt 0.434570312 0.750000000
vn 0.762527704 0.573861182 0.298722088
v 0.416992217 0.152313322 0.226501390
vt 0.440673828 0.728515625
vn 0.999442518 0.023608923 0.023608748
v 0.416870147 0.190277189 0.163146898
vt 0.450927734 0.713134766
vn 0.999690175 0.023614772 0.007871444
v 0.416168243 0.168914884 0.203704759
vt 0.447021484 0.722412109
vn 0.999752104 -0.015744084 -0.015744258
v 0.417449981 0.180755705 0.221145555
vt 0.448486328 0.731445312
vn 0.994224012 0.086797379 0.063125201
v 0.413452178 0.217788786 0.174819872
vt 0.458984375 0.720947266
vn 0.345345140 0.792723954 0.502320051
v 0.400634825 0.173584074 0.246032640
vt 0.448486328 0.737548828
vn 0.939047933 0.291972935 0.181496531
v 0.400848448 0.133392423 0.310607821
vt 0.436279297 0.751708984
vn 0.910034895 0.203973383 -0.360876054
v 0.400848448 0.215149015 0.315277010
vt 0.450683594 0.757812500
vn 0.909559131 0.000000022 -0.415574580
v 0.400482208 0.216674894 0.176284716
vt 0.468750000 0.748779297
vn 0.992741704 0.102425769 0.063031085
v 0.430938780 0.147003263 0.313384920
vt 0.436279297 0.757812500
vn 0.906805813 0.055196900 -0.417919338
v 0.433532774 0.249176115 0.310790926
vt 0.456542969 0.765625000
vn 0.908077061 -0.015792625 -0.418505251
vt 0.453369141 0.776611328
v 0.433715880 0.146820188 0.417571932
vt 0.441650391 0.780517578
vn 0.983459711 0.180956617 0.007867540
vt 0.445312500 0.782226562
vt 0.442871094 0.789306641
v 0.438171446 0.142913908 0.313690096
vt 0.434082031 0.758300781
vn 0.992218256 0.118121266 -0.039373875
v 0.438568175 0.104766965 0.386810243
vt 0.426757812 0.778564453
vn 0.999938011 0.007873571 0.007873396
vt 0.418212891 0.792480469
v 0.438385069 0.068817228 0.313537538
vt 0.416992188 0.760742188
vn 0.997221589 0.023556454 -0.070669375
v 0.435760558 0.063018888 0.310302675
vt 0.415527344 0.758544922
vn 0.812031150 0.015767606 -0.583401203
v 0.435607970 0.024536222 0.308471620
vt 0.406250000 0.757324219
vn 0.236594722 -0.055205490 -0.970038891
v 0.440643370 0.021148771 0.316039979
vt 0.402832031 0.758544922
vn 0.978320897 -0.197242066 -0.063117594
v 0.439544737 0.080139279 0.383789003
vt 0.419921875 0.776611328
vn 0.999938011 0.007873571 -0.007873659
v 0.438842833 0.061676145 0.392486513
vt 0.414794922 0.777587891
vn 0.999380589 0.031476598 0.015738145
v 0.440673888 0.038726926 0.372131288
vt 0.408447266 0.770263672
vn 0.998885930 0.047191504 -0.000000133
v 0.440094054 0.035705686 0.402282655
vt 0.407470703 0.775390625
vn 0.999473393 0.031479523 0.007869737
v 0.440246671 0.018951535 0.432281435
vt 0.402587891 0.778564453
vn 0.968503952 -0.236220434 0.078740038
v 0.436706632 0.032837033 0.450836122
vt 0.404296875 0.785644531
vn 0.638984978 -0.331325412 0.694205761
vt 0.403076172 0.790283203
vt 0.421630859 0.805175781
v 0.424621671 0.013885617 0.427917421
vt 0.395019531 0.779052734
vn 0.542886615 -0.810395837 0.220301747
v 0.434753478 0.018036008 0.397674501
vt 0.399902344 0.770263672
vn 0.756093204 -0.653705418 0.031503808
v 0.433044493 0.011230558 0.319366395
vt 0.398193359 0.757324219
vn 0.654477239 -0.749100506 -0.102508545
v 0.431762755 0.008270383 0.375305116
vt 0.397460938 0.766845703
vn 0.653948963 -0.756374598 -0.015757857
v 0.431274474 0.008087277 0.411193788
vt 0.397460938 0.771484375
vn 0.197580680 -0.972096682 0.126451612
v 0.420990050 0.007110685 0.336456239
vt 0.393066406 0.763427734
vn 0.339828074 -0.940454364 -0.007902982
v 0.414489806 0.008148283 0.318481386
vt 0.394531250 0.754882812
vn 0.102687441 -0.971581042 -0.213273868
vt 0.392578125 0.789550781
vt 0.396972656 0.799804688
v 0.415161192 0.001068234 0.368316591
vt 0.389648438 0.769287109
vn 0.094806194 -0.995464504 0.007900544
v 0.417816222 0.000946134 0.323577821
vt 0.392822266 0.758789062
vn 0.078818418 -0.993111670 -0.086700186
v 0.391418517 0.003295988 0.320556581
vt 0.388671875 0.757324219
vn 0.007869788 -0.574500561 -0.818466365
vt 0.039794922 0.288818359
vt 0.024902344 0.288818359
vt 0.038818359 0.239257812
vt 0.113037109 0.465820312
vt 0.111816406 0.471191406
v 0.324920595 0.075073272 -0.489196807
vt 0.109619141 0.466552734
vn -0.363197029 -0.007895642 -0.931678951
vt 0.110595703 0.481201172
vt 0.115722656 0.459472656
vt 0.118164062 0.447265625
vt 0.115966797 0.438964844
v 0.325317323 0.203369170 -0.491546690
vt 0.096435547 0.499755859
vn -0.801858127 0.007861292 -0.597462773
vt 0.113769531 0.483642578
v 0.356048524 0.052093565 -0.491760314
vt 0.104980469 0.452636719
vn -0.086968206 0.007906141 -0.996179700
v 0.325012147 0.167053252 -0.457061827
vt 0.113281250 0.499267578
vn -0.958640873 0.031430818 0.282877743
vt 0.117675781 0.488769531
vt 0.117187500 0.510498047
vt 0.116699219 0.511718750
vt 0.096435547 0.538330078
v 0.321899354 0.302002013 -0.483795226
vt 0.088623047 0.524414062
vn -0.999504447 -0.000000042 0.031480584
vt 0.074707031 0.556152344
v 0.329620302 0.313888609 -0.493988097
vt 0.082275391 0.523681641
vn -0.236956343 -0.000000053 -0.971520364
v 0.350250185 0.250946105 -0.490600675
vt 0.079833984 0.505615234
v 0.355132997 0.125122130 -0.491363615
vt 0.093017578 0.474609375
vn -0.055034705 -0.000000046 -0.998484433
v 0.385223329 0.131378233 -0.492035002
vt 0.081054688 0.473632812
vn 0.015738145 0.031476509 -0.999380589
v 0.366271913 0.134704649 -0.497955412
vt 0.087158203 0.472167969
vn -0.055212468 0.157749474 -0.985934496
v 0.375122011 0.107269347 -0.495300353
vt 0.087890625 0.465087891
v 0.414642274 0.095581114 -0.492614806
vt 0.077148438 0.456542969
vn 0.078494646 0.007849438 -0.996883690
v 0.384063661 0.060119689 -0.493286192
vt 0.093261719 0.453369141
vn -0.023615589 -0.000000045 -0.999721110
v 0.362060487 0.040252745 -0.498321593
vt 0.101074219 0.449951172
v 0.379882753 0.031402647 -0.493133605
vt 0.099365234 0.445068359
vn -0.000000129 -0.055034619 -0.998484433
v 0.411315888 0.000518858 -0.491272032
vt 0.094482422 0.435791016
vn 0.015793080 -0.726484418 -0.687001407
v 0.421569765 0.039642394 -0.490997374
vt 0.082763672 0.442382812
vn 0.205214709 -0.000000034 -0.978717029
v 0.433227479 0.036407530 -0.490631163
vt 0.080566406 0.439453125
vn 0.804747760 0.236690551 -0.544388354
v 0.433227509 0.004242003 -0.489288390
vt 0.089355469 0.432128906
vn 0.944647670 -0.283394247 -0.165313438
vt 0.488525391 0.284423828
vt 0.513183594 0.307617188
vt 0.483154297 0.298095703
vt 0.516113281 0.307861328
v 0.385162324 0.596420348 -0.150299147
vt 0.517822266 0.294189453
vn 0.007873485 0.999938011 0.007873483
vt 0.534423828 0.307861328
v 0.420745820 0.593856871 -0.095619291
vt 0.518310547 0.280761719
vn 0.392970532 0.919551075 -0.000000092
v 0.417236328 0.596511900 0.084167391
vt 0.479248047 0.261962891
vn 0.039339561 0.999225974 -0.000000049
v 0.413970917 0.596115172 -0.216537565
vt 0.529296875 0.297851562
vn 0.205208406 0.978686512 0.007892563
v 0.423614502 0.590438902 0.082084566
vt 0.480468750 0.260498047
vn 0.987440705 0.157990545 -0.000000136
v 0.423187226 0.588378966 -0.154449552
vt 0.528320312 0.287841797
vn 0.965813160 0.259120613 0.007852002
vt 0.537109375 0.307373047
vt 0.539306641 0.309326172
v 0.421386689 0.564270079 -0.155258268
vt 0.532714844 0.278564453
vn 0.999721229 -0.023615420 -0.000000130
vt 0.545898438 0.318603516
v 0.421356201 0.571174681 0.004100233
vt 0.500488281 0.262939453
v 0.421630889 0.564140379 0.243621737
vt 0.451904297 0.242187500
vn 0.999195039 -0.039338343 0.007867548
v 0.420837402 0.526825011 -0.061813444
vt 0.519531250 0.257324219
vn 0.999504447 -0.031480409 -0.000000130
v 0.419006288 0.492643416 -0.336792082
vt 0.567626953 0.255615234
vn 0.998607934 -0.047178283 0.023589035
v 0.418457001 0.484773695 -0.176010221
vt 0.539062500 0.250000000
vn 0.963021278 -0.268382937 0.023680735
vt 0.934326172 0.974853516
vt 0.972656250 0.985107422
vt 0.900390625 0.988281250
v 0.329650819 0.467059672 -0.495086730
vt 0.881591797 0.231201172
vt 0.879394531 0.222656250
vt 0.902099609 0.255371094
v 0.372924745 0.566780150 -0.496521086
vt 0.889404297 0.255859375
vt 0.896484375 0.267822266
v 0.384765565 0.484741271 -0.493591398
vt 0.871093750 0.242431641
vn -0.007872927 -0.015745636 -0.999845147
vt 0.842773438 0.189941406
v 0.422363222 0.410011351 -0.493133634
vt 0.847900391 0.238281250
vn 0.330340087 -0.007865270 -0.943829298
v 0.374206483 0.507045805 -0.495147794
vt 0.877441406 0.245361328
vn 0.031471554 -0.023603804 -0.999225974
v 0.417846620 0.567550719 -0.494781584
vt 0.884765625 0.266845703
vn 0.125874907 0.039335910 -0.991266012
vt 0.893066406 0.276123047
v 0.421752870 0.476107657 -0.492950529
vt 0.863037109 0.249267578
vn 0.549361765 -0.078480288 -0.831891000
v 0.427886903 0.429332793 -0.446411222
vt 0.843505859 0.252197266
vn 0.987409830 -0.007899242 -0.157985702
v 0.421783388 0.314422667 -0.491973966
vt 0.832519531 0.233642578
vn 0.770698488 -0.015728535 -0.637006044
v 0.432769716 0.481216490 -0.441742033
vt 0.854003906 0.261962891
vn 0.990163505 -0.110018134 -0.086442970
v 0.433257997 0.405128539 -0.383117765
vt 0.828613281 0.266601562
vn 0.999876022 0.000000043 -0.015746210
v 0.434875429 0.488035262 -0.491424650
vt 0.864257812 0.254638672
vn 0.984954536 -0.157592684 -0.070916839
v 0.436645448 0.527378142 -0.490478605
vt 0.872558594 0.261962891
vn 0.866437197 -0.055136900 -0.496232361
v 0.433929384 0.524089873 -0.435638517
vt 0.862792969 0.272460938
vn 0.999752104 -0.015744084 0.015743997
v 0.439575136 0.565033019 -0.490875334
vt 0.878662109 0.268798828
vn 0.971928954 0.203791589 -0.117572188
v 0.433807313 0.568748534 -0.442688078
vt 0.876464844 0.281005859
vn 0.994595706 0.102617063 -0.015787369
v 0.429412782 0.578727782 -0.493164152
vt 0.886474609 0.271240234
vn 0.920974374 -0.275505126 -0.275505275
vt 0.885498047 0.287353516
vt 0.877441406 0.297363281
v 0.433532655 0.473856032 -0.343933195
vt 0.839111328 0.289306641
vn 0.998021960 0.000000046 0.062867388
v 0.433471650 0.383071959 -0.343841642
vt 0.818115234 0.274658203
vn 0.991020679 0.000000049 0.133708999
v 0.434051454 0.558387816 -0.412475675
vt 0.868164062 0.283935547
vn 0.999969006 0.007873815 -0.000000131
v 0.433746278 0.565895140 -0.380645841
vt 0.865234375 0.292968750
vn 0.999845147 0.007872841 0.015745463
vt 0.869140625 0.309814453
vt 0.844238281 0.566894531
v 0.339538634 0.455792516 0.455352724
vt 0.835937500 0.556396484
vn 0.125972673 0.000000049 0.992033720
vt 0.843994141 0.511718750
vt 0.826416016 0.544677734
v 0.360321105 0.479040235 0.452026278
vt 0.827148438 0.554443359
vt 0.839843750 0.604492188
v 0.387725890 0.497707456 0.453430086
vt 0.816406250 0.552978516
vn 0.000000132 -0.015746037 0.999876022
vt 0.798583984 0.536621094
v 0.421630919 0.463927358 0.452148348
vt 0.808837891 0.566894531
vt 0.826171875 0.613525391
vt 0.004394531 0.968505859
vt 0.000244141 0.927734375
vt 0.004394531 0.938232422
vt 0.001708984 0.968505859
v 0.427185029 0.000793517 -0.441375792
vt 0.687744141 0.796142578
vn 0.023614772 -0.999690175 -0.007871536
vt 0.713867188 0.755615234
vt 0.726562500 0.800048828
vt 0.698730469 0.809814453
vt 0.725585938 0.813232422
v 0.414886445 0.001464903 -0.447509825
vt 0.694091797 0.799072266
vn 0.047190044 -0.998854995 0.007865037
v 0.427917451 0.000061095 -0.486175597
vt 0.693115234 0.808105469
vn 0.165673092 -0.986149132 0.007889214
vt 0.691406250 0.809326172
v 0.431152314 0.003875792 -0.445861876
vt 0.686279297 0.797607422
vn 0.967664421 -0.251750052 -0.015734496
v 0.432769746 0.040466368 -0.442169249
vt 0.673095703 0.799560547
vn 0.994688690 0.086837947 0.055260345
vt 0.686035156 0.812011719
vt 0.685302734 0.813964844
v 0.423522919 0.041351378 -0.448181212
vt 0.675048828 0.804443359
vn 0.282982528 -0.958996296 -0.015721245
v 0.393402070 0.000579923 -0.340759337
vt 0.693847656 0.760742188
vn 0.015728602 -0.990898132 0.133692637
vt 0.710449219 0.745849609
vt 0.684814453 0.758300781
v 0.425781220 0.000549406 -0.338287413
vt 0.684082031 0.763427734
vt 0.678222656 0.755859375
v 0.432861298 0.004638731 -0.399017394
vt 0.683105469 0.783447266
vn 0.951665044 -0.306734979 -0.015730111
v 0.433380097 0.007873595 -0.345489562
vt 0.680908203 0.764892578
vn 0.990255177 -0.039295789 0.133605719
v 0.431274384 0.103729337 -0.340057433
vt 0.652587891 0.758789062
vn 0.926295459 0.000000057 0.376798034
vt 0.663330078 0.754394531
v 0.419372529 0.095306486 -0.336944640
vt 0.654052734 0.753417969
vn 0.999721229 0.000000045 0.023615332
v 0.422454804 0.129333586 -0.337310880
vt 0.645263672 0.753417969
vn 0.792894959 0.157008946 0.588783264
v 0.433898896 0.041931212 -0.415741026
vt 0.671875000 0.792480469
vn 0.999225974 -0.023603722 -0.031471815
v 0.434234589 0.028533995 -0.398132384
vt 0.674804688 0.785156250
vn 0.999690175 -0.023614686 -0.007871706
v 0.433532685 0.059997618 -0.406890929
vt 0.665283203 0.790039062
vn 0.999380589 0.015738318 -0.031476684
v 0.434234589 0.051910460 -0.383575499
vt 0.666259766 0.781982422
v 0.433196992 0.110046446 -0.401062071
vt 0.648193359 0.791015625
v 0.433441132 0.129242003 -0.378875822
vt 0.643310547 0.777343750
vn 0.999195039 0.007867723 0.039338257
v 0.438659638 0.118286192 -0.405395567
vt 0.643066406 0.787353516
vn 0.999969006 -0.007873728 -0.000000131
v 0.433441132 0.138885558 -0.406005949
vt 0.633789062 0.786132812
v 0.431976289 0.175964445 -0.340149015
vt 0.630859375 0.757080078
vn 0.973695338 -0.007852328 0.227718920
v 0.429717988 0.244995177 -0.337188810
vt 0.611083984 0.753173828
vn 0.055034705 0.000000046 0.998484433
v 0.433044404 0.201995909 -0.365600675
vt 0.621826172 0.767089844
vn 0.999969006 0.000000044 0.007873640
v 0.433319062 0.291839659 -0.340301603
vt 0.595458984 0.755615234
vn 0.996914387 0.000000047 0.078497060
v 0.429931611 0.378044188 -0.337524503
vt 0.567138672 0.755615234
vt 0.563476562 0.757812500
vt 0.556152344 0.770019531
v 0.433563173 0.280532897 -0.445221037
vt 0.591064453 0.791992188
vn 0.992864966 0.015759798 -0.118198335
vt 0.546875000 0.786132812
v 0.423370302 0.217559874 -0.446746916
vt 0.610351562 0.799316406
vn 0.973695278 -0.007852348 -0.227719188
vt 0.578857422 0.802490234
v 0.433319032 0.216751158 -0.442596525
vt 0.609863281 0.793945312
vn 0.969677031 0.000000032 -0.244390294
v 0.433380097 0.144348204 -0.443817228
vt 0.629882812 0.793212891
vn 0.915431380 0.000000022 -0.402474284
v 0.433929414 0.114746153 -0.441162169
vt 0.636230469 0.793457031
vn 0.954058111 0.299621582 -0.000000138
vt 0.208007812 0.479492188
vt 0.208007812 0.346679688
vt 0.214111328 0.432861328
vt 0.138427734 0.530029297
vt 0.138427734 0.396484375
vt 0.141601562 0.529296875
v 0.421691924 0.595794797 0.311065584
vt 0.309814453 0.754150391
vn 0.653340757 0.543138802 -0.527395725
vt 0.310058594 0.778564453
vt 0.302734375 0.785644531
v 0.414276153 0.596557736 0.255615145
vt 0.322998047 0.764648438
vn 0.125972494 0.992033720 -0.000000060
vt 0.301269531 0.764648438
v 0.428985626 0.610061765 0.309204012
vt 0.303222656 0.755371094
vn 0.425566286 0.307353526 -0.851132870
v 0.436889678 0.611236691 0.324218661
vt 0.297119141 0.753417969
vn 0.910707772 0.408248335 -0.062807567
vt 0.259277344 0.745361328
vt 0.274414062 0.772949219
v 0.438262969 0.547287107 0.308868319
vt 0.311523438 0.736328125
vn 0.945820570 0.031527381 -0.323155493
v 0.437469542 0.577636838 0.381378084
vt 0.278076172 0.739013672
v 0.422821075 0.588882565 0.256591707
vt 0.325683594 0.760986328
vn 0.992988288 0.118212938 -0.000000135
vt 0.333251953 0.756103516
v 0.420257598 0.591858029 0.240524203
vt 0.327148438 0.767578125
vn 0.666466832 0.744874716 0.031363022
v 0.420257598 0.591858029 0.239669710
vt 0.327148438 0.768066406
vn 0.670706630 0.741722763 -0.000000120
v 0.420257598 0.591858029 0.238815218
vt 0.327392578 0.768310547
vn 0.666774333 0.745218456 0.007844285
v 0.418975860 0.529747128 0.307891756
vt 0.320556641 0.734619141
v 0.420410186 0.526462615 0.161590487
vt 0.359375000 0.760009766
v 0.423797637 0.491613477 0.310058504
vt 0.322265625 0.720214844
vn 0.914037764 -0.165472329 -0.370343029
v 0.418701202 0.488859266 0.181793123
vt 0.358154297 0.749267578
vn 0.872799039 -0.487509370 -0.023589259
v 0.401733428 0.466337889 0.314575106
vt 0.332275391 0.712890625
vn 0.958049595 -0.282703102 -0.047117312
v 0.400817901 0.486118406 0.146957308
vt 0.370117188 0.749755859
vn 0.884719312 -0.466057450 -0.007899375
v 0.439239532 0.509014249 0.308990389
vt 0.315185547 0.720703125
vn 0.993389487 -0.031536132 -0.110376738
v 0.433959991 0.496894926 0.316009432
vt 0.318115234 0.714599609
vn 0.996392667 -0.047073629 -0.070610635
v 0.433349639 0.382942289 0.311126620
vt 0.340332031 0.676269531
vn 0.606261551 -0.007873537 -0.795226455
v 0.437835753 0.543205380 0.398437411
vt 0.280761719 0.725097656
vn 0.999597251 0.023612576 0.015741557
v 0.433746397 0.382454008 0.357513338
vt 0.319091797 0.668945312
vn 0.999473393 -0.007869825 0.031479347
v 0.433319151 0.335434049 0.310699373
vt 0.339355469 0.660888672
vn 0.812132061 0.000000010 -0.583473742
vt 0.348632812 0.631835938
vt 0.326904297 0.612060547
vt 0.292968750 0.657958984
v 0.439575255 0.503563046 0.362853914
vt 0.299560547 0.710205078
vn 0.994719684 -0.102629758 -0.000000126
v 0.433044493 0.499157041 0.406860262
vt 0.288574219 0.698486328
vn 0.994719684 -0.094735160 0.039472874
v 0.432495177 0.454412550 0.415191561
vt 0.291259766 0.680419922
vn 0.983216226 -0.023597140 0.180911660
v 0.424835265 0.491849989 0.420471102
vt 0.283691406 0.690673828
vn 0.936079800 -0.157324269 0.314648539
v 0.438842833 0.501480222 0.450073153
vt 0.273925781 0.694824219
vn 0.912904978 -0.228226170 0.338404298
v 0.422973692 0.501106381 0.445220858
vt 0.270507812 0.688964844
vn 0.947440684 -0.086848661 0.307918072
vt 0.268798828 0.678710938
vt 0.283691406 0.640380859
v 0.414276183 0.536071897 0.453094393
vt 0.260742188 0.699951172
vn 0.078458659 -0.031383362 0.996423304
vt 0.249023438 0.702148438
vt 0.239990234 0.731933594
v 0.437103331 0.560035825 0.451782137
vt 0.261474609 0.716308594
vn 0.953791380 0.023647772 0.299537629
v 0.436676085 0.608963132 0.447479159
vt 0.251220703 0.733154297
vn 0.780860186 0.378598928 0.496910870
v 0.444793761 0.553352475 0.388915926
vt 0.281982422 0.730468750
v 0.437713683 0.554359555 0.373535067
vt 0.287109375 0.732177734
vn 0.996423304 -0.031383369 -0.078458659
vt 0.149902344 0.339355469
vt 0.184082031 0.433349609
vt 0.152099609 0.472900391
vt 0.942626953 0.446777344
vt 0.915283203 0.461669922
vt 0.946533203 0.417236328
v 0.423156679 0.218368590 -0.491363615
vt 0.935546875 0.476318359
vn 0.512176216 -0.000000015 -0.858880460
vt 0.948974609 0.480468750
v 0.421600282 0.152740538 -0.491577238
vt 0.930664062 0.496093750
vn 0.597462773 0.007861344 -0.801858127
vt 0.916503906 0.501220703
vt 0.888183594 0.462402344
vt 0.888183594 0.562255859
vt 0.868164062 0.531250000
v 0.400756806 0.329101622 -0.201461881
vt 0.205322266 0.197509766
vn 0.993605554 0.102514900 -0.047314685
v 0.395019501 0.332153380 -0.287323087
vt 0.207031250 0.172119141
vn 0.995464504 0.094806194 -0.007900647
v 0.400207490 0.335128844 -0.212677091
vt 0.208496094 0.194091797
vn 0.693515658 -0.622587800 -0.362519592
v 0.406616181 0.333496153 -0.209732145
vt 0.206298828 0.199462891
vn 0.023610305 -0.834232092 -0.550907850
v 0.400634736 0.338501036 -0.265960783
vt 0.212646484 0.170898438
vn 0.996914387 -0.078497149 -0.000000127
v 0.400817841 0.399368346 -0.314025968
vt 0.225830078 0.165283203
vn 0.968954682 -0.212697327 -0.126043007
v 0.400634736 0.335937560 -0.341705412
vt 0.205810547 0.156005859
vn 0.997991085 -0.031432740 0.055007253
v 0.398956269 0.334243834 -0.315612882
vt 0.207519531 0.163818359
vn 0.733832121 -0.678597271 0.031562604
v 0.398101777 0.333480895 -0.321685880
vt 0.206542969 0.162841797
vn 0.979510546 -0.181683376 0.086891949
v 0.400360078 0.328826964 -0.342163175
vt 0.203857422 0.158935547
vn 0.998762369 0.047185667 0.015728408
v 0.400665283 0.304382384 -0.162384123
vt 0.190673828 0.203369141
vn 0.996730208 -0.070634373 -0.039241470
v 0.400604218 0.278305113 -0.245437697
vt 0.173583984 0.178710938
v 0.400054902 0.278335631 -0.341430753
vt 0.191894531 0.150146484
vn 0.998854995 0.007865045 0.047189869
v 0.400665253 0.244522154 -0.340911955
vt 0.185791016 0.144775391
vn 0.999690175 -0.007871532 0.023614598
v 0.401000977 0.249420241 -0.074539259
vt 0.124755859 0.183349609
vn 0.999442518 -0.023608839 -0.023609007
v 0.400787413 0.330841154 0.316558748
vt 0.453613281 0.857177734
vn 0.990898073 0.133692637 -0.015728677
v 0.398254424 0.334503263 0.259735018
vt 0.452392578 0.842773438
v 0.400848448 0.337890714 0.316528231
vt 0.454345703 0.853271484
vn 0.999102235 -0.039334688 -0.015734022
v 0.402771056 0.313095182 0.314361483
vt 0.457519531 0.864013672
vn 0.902106404 0.007844425 -0.431442350
v 0.401092559 0.413303465 0.313720614
vt 0.455322266 0.804687500
vn 0.956260324 0.007903007 -0.292410314
v 0.400634795 0.318710417 0.232787997
vt 0.411865234 0.882568359
vn 0.999845147 -0.015745550 -0.007872927
v 0.399292022 0.306488127 0.187576205
vt 0.387207031 0.895996094
vn 0.999597251 0.023612576 -0.015741821
vt 0.466308594 0.816894531
vt 0.467285156 0.844726562
vt 0.498779297 0.878906250
vt 0.515869141 0.894775391
v 0.400848418 0.243576139 0.263244539
vt 0.493408203 0.895996094
vt 0.085205078 0.023193359
v 0.399841309 0.327011168 0.043662950
vt 0.114257812 0.032226562
vt 0.092773438 0.031982422
v 0.400909454 0.337997496 0.116622850
vt 0.106933594 0.038085938
v 0.400726318 0.335235655 -0.012199478
vt 0.124267578 0.038085938
vn 0.984923959 0.149708480 0.086673170
vt 0.096923828 0.017333984
v 0.398681670 0.308868468 0.068382189
vt 0.121826172 0.018554688
vn 0.989919007 0.117847547 0.078564860
vt 0.104003906 0.012939453
v 0.400695831 0.419635862 0.189742953
vt 0.031494141 0.086914062
vn 0.999876022 -0.015746037 -0.000000130
v 0.399383575 0.404983610 0.174087435
vt 0.030029297 0.083007812
vn 1.000000000 0.000000044 -0.000000131
v 0.400726348 0.393821806 0.107353128
vt 0.039306641 0.071777344
v 0.400878936 0.363830656 0.200408846
vt 0.020996094 0.082031250
vt 0.039550781 0.044433594
v 0.400756866 0.421283811 0.127883822
vt 0.042480469 0.078125000
v 0.400756836 0.460539907 0.077369608
vt 0.054443359 0.087402344
v 0.400085419 0.217636168 -0.259674162
vt 0.470703125 0.452636719
vn 0.999845028 0.007872839 -0.015745722
v 0.401855439 0.211761564 -0.265655607
vt 0.468505859 0.452392578
vn 0.994688690 0.102626652 0.007894219
v 0.398742646 0.216186583 -0.344268888
vt 0.471435547 0.430419922
vn 0.993389368 0.110376634 0.031536035
v 0.401306152 0.214416593 -0.143188551
vt 0.465332031 0.492675781
vt 0.479736328 0.426757812
v 0.401062012 0.188598722 -0.203338698
vt 0.460937500 0.472900391
vn 0.999938011 -0.007873484 0.007873396
v 0.403778046 0.206115812 -0.339080900
vt 0.468017578 0.429199219
vn 0.834438860 0.007872124 0.551044345
v 0.404785126 0.314621031 -0.338165373
vt 0.499511719 0.419433594
vn -0.125972420 0.000000038 0.992033839
vt 0.489990234 0.425048828
vt 0.503662109 0.419433594
vt 0.505126953 0.418212891
v 0.400848359 0.415123045 -0.338836759
vt 0.524169922 0.410400391
vn 0.646471560 -0.181327298 0.741076946
vt 0.514648438 0.409423828
v 0.417968720 0.415432036 -0.337341398
vt 0.524902344 0.409179688
vt 0.479003906 0.416015625
vt 0.440917969 0.421142578
v 0.414215058 0.134124845 -0.334961027
vt 0.445068359 0.427490234
vn 0.110714339 0.893622756 0.434949100
v 0.400878876 0.133941710 -0.341278166
vt 0.447753906 0.432373047
vn 0.973965526 0.219927743 0.054981787
v 0.417724609 0.133911222 -0.194412306
vt 0.422607422 0.461669922
vn 0.363208205 0.931708038 -0.000000088
v 0.422180176 0.123626798 -0.215759352
vt 0.417724609 0.455078125
vn 0.999876022 0.015746122 -0.000000132
vt 0.436767578 0.417724609
v 0.421356201 0.103942961 -0.063682623
vt 0.378417969 0.471923828
v 0.422302246 0.072662443 -0.183670118
vt 0.394775391 0.431152344
vn 0.999195039 0.039338432 -0.007867810
vt 0.427734375 0.411621094
vt 0.369384766 0.418701172
v 0.401184082 0.134399503 -0.182388380
vt 0.433837891 0.467529297
vn 0.956958413 0.290225148 -0.000000138
v 0.401489258 0.133911222 -0.177337721
vt 0.433349609 0.468750000
vn 0.925168633 0.379556388 -0.000000138
v 0.401489258 0.133911222 -0.178192213
vt 0.433349609 0.468505859
vn 0.094385803 0.991051257 0.094385773
v 0.399841338 0.418174833 0.315765291
vt 0.937255859 0.298095703
vt 0.937744141 0.295898438
vt 0.973388672 0.324951172
vt 0.927978516 0.313720703
vt 0.971923828 0.354736328
vt 0.980712891 0.326171875
vt 0.982421875 0.306884766
vt 0.953857422 0.273681641
v 0.404480010 0.451068968 0.312652498
vt 0.929931641 0.308105469
vn -0.133705124 -0.007865049 -0.990989983
vt 0.931640625 0.283203125
vt 0.916992188 0.317382812
vt 0.044189453 0.000244141
vn 0.110428140 -0.993852854 -0.007887692
v 0.397705138 0.215057462 0.292358309
vt 0.045410156 0.005859375
vt 0.045654297 0.035156250
vt 0.442626953 0.065917969
vt 0.422119141 0.067871094
vt 0.370361328 0.066894531
v 0.399963379 0.281585753 -0.126098707
vt 0.108398438 0.732666016
vn 0.944150567 -0.275377184 -0.180962279
vt 0.115966797 0.753173828
vt 0.101806641 0.739990234
vt 0.115234375 0.724365234
v 0.409820557 0.262527525 -0.099067762
vt 0.110351562 0.725830078
vn 0.157499820 -0.834749281 -0.527624428
v 0.414062470 0.313659728 -0.179336637
vt 0.097167969 0.742675781
vn 0.401649475 -0.779672623 -0.480404377
v 0.412841797 0.277954161 -0.122085646
vt 0.106201172 0.730712891
vn 0.823992133 -0.486547679 -0.290359229
v 0.402984589 0.319763243 -0.187255949
vt 0.099609375 0.745361328
vn -0.094626203 -0.843750060 -0.528329372
vt 0.099121094 0.748535156
vt 0.097656250 0.750000000
v 0.417480439 0.357963622 -0.244049162
vt 0.095214844 0.758300781
vn 0.856332064 -0.432094127 -0.282825351
v 0.418823212 0.342155516 -0.212585539
vt 0.093994141 0.751708984
v 0.417144775 0.312088072 -0.157348722
vt 0.096435547 0.738037109
vn 0.999938011 -0.007873484 -0.007873659
v 0.415435761 0.388824522 -0.242706388
vt 0.082275391 0.759033203
v 0.416229248 0.338073790 -0.080474928
vt 0.086669922 0.721191406
v 0.416381806 0.411697447 -0.193801969
vt 0.074707031 0.749267578
v 0.417449951 0.298629820 -0.123855665
vt 0.099121094 0.729736328
vn 0.999597251 -0.023612490 -0.015741818
v 0.411010742 0.275436461 -0.092224196
vt 0.105957031 0.725341797
vn 0.947943091 -0.229086205 -0.221186817
vt 0.063964844 0.753906250
v 0.417053193 0.438242018 -0.175186247
vt 0.069091797 0.746337891
vn 0.955097914 0.197334334 0.221014246
v 0.417938232 0.383041441 -0.095779501
vt 0.077148438 0.727294922
vn 0.996392667 0.070610546 0.047073536
v 0.417114258 0.339614928 -0.016883928
vt 0.076904297 0.706542969
vn 0.945468307 0.275761604 0.173335731
v 0.418182373 0.255981505 -0.075782850
vt 0.109375000 0.720214844
vn 0.983947039 -0.133816749 -0.118073769
v 0.418487549 0.203765959 -0.001087620
vt 0.118896484 0.705078125
vn 0.723960757 -0.582316220 -0.369849563
v 0.416870117 0.237945631 -0.006689146
vt 0.109375000 0.705566406
v 0.417449981 0.165008634 0.059711386
vt 0.122070312 0.689941406
vn 0.802627265 -0.511478126 -0.306887001
vt 0.121093750 0.673583984
v 0.418182403 0.280899107 0.063796923
vt 0.087890625 0.691162109
v 0.416534454 0.211029142 0.125564501
vt 0.102783203 0.677246094
vn 0.999195039 0.039338432 0.007867544
vt 0.106933594 0.667724609
v 0.415985137 0.242584303 0.073791429
vt 0.098632812 0.688720703
v 0.413177490 0.300415099 0.047584455
vt 0.082763672 0.692626953
vn 0.597167730 0.675742388 0.432160735
v 0.417785674 0.231796339 0.141128466
vt 0.095458984 0.673095703
vt 0.105468750 0.656982422
vt 0.110107422 0.659667969
vt 0.096679688 0.664794922
vt 0.081542969 0.685302734
vt 0.070800781 0.693603516
v 0.400939971 0.242919996 0.135711595
vt 0.089843750 0.670898438
vn 0.990499973 0.117916711 0.070749857
vt 0.072021484 0.665527344
vt 0.066894531 0.639404297
vt 0.087158203 0.646484375
vt 0.094482422 0.663085938
vt 0.100830078 0.651367188
vt 0.089599609 0.636718750
vt 0.843994141 0.005859375
vt 0.843994141 0.033447266
vt 0.833007812 0.020507812
vt 0.846923828 0.093017578
vt 0.831054688 0.135986328
vt 0.832031250 0.115722656
vt 0.821289062 0.163818359
vt 0.065917969 0.962890625
v 0.400787324 0.421737731 -0.145858854
vt 0.127929688 0.956054688
vn 0.998947680 0.039328694 0.023597058
vt 0.078369141 0.970703125
vt 0.069824219 0.956054688
v 0.400939971 0.134002775 0.106986932
vt 0.958007812 0.219482422
vn 0.818517148 0.566665769 -0.094444424
v 0.400878906 0.159973234 0.011170318
vt 0.965820312 0.239746094
v 0.401062042 0.174163908 0.043136526
vt 0.959228516 0.235107422
vn 0.772900581 -0.536298275 -0.339129865
vt 0.994140625 0.266601562
vt 0.981445312 0.281005859
vt 0.955566406 0.230712891
vt 0.954345703 0.214599609
vt 0.954589844 0.245849609
v 0.400939941 0.214264005 -0.019262385
vt 0.958496094 0.252441406
vn 0.984221458 -0.149601623 -0.094485380
vt 0.967285156 0.275146484
vt 0.950195312 0.269531250
vt 0.954589844 0.264404297
vt 0.609863281 0.978759766
vt 0.604003906 0.966552734
v 0.400756836 0.479295820 -0.052623831
vt 0.608154297 0.939208984
vn 0.924706161 -0.379366606 0.031613782
v 0.400848359 0.460175097 -0.207717985
vt 0.601074219 0.909179688
vn 0.991542220 -0.031477481 0.125909984
vt 0.589111328 0.921386719
vt 0.612792969 0.914062500
vt 0.612792969 0.986083984
vt 0.101318359 0.050292969
v 0.401000977 0.371818602 -0.069450453
vt 0.115722656 0.050048828
vn 0.988150120 0.126483262 0.086957075
vt 0.089843750 0.079345703
vt 0.134521484 0.048583984
vt 0.086669922 0.035888672
vt 0.102783203 0.047607422
v 0.415374756 0.366241515 -0.058460318
vt 0.113525391 0.046630859
vn 0.141491279 0.833226323 0.534522474
vt 0.122070312 0.043701172
v 0.412841797 0.395141661 -0.101623617
vt 0.125000000 0.045898438
vn 0.180404678 0.831430137 0.525526524
vt 0.152099609 0.045654297
vt 0.142578125 0.040283203
vt 0.152343750 0.037109375
vt 0.043212891 0.446044922
vt 0.050781250 0.461914062
vt 0.042236328 0.507080078
vt 0.976806641 0.864013672
vt 0.994140625 0.851074219
vt 0.995117188 0.859130859
vt 0.998779297 0.850830078
vt 0.998535156 0.891601562
vt 0.993652344 0.823730469
vt 0.081787109 0.051757812
vt 0.089843750 0.062988281
vt 0.076904297 0.076171875
v 0.423400819 0.116241515 -0.485412657
vt 0.075195312 0.062011719
vn 0.750431418 0.600345254 -0.276474863
v 0.423065156 0.115661681 -0.447723448
vt 0.059326172 0.064453125
vn 0.970854342 0.071038157 -0.228900746
vt 0.061767578 0.087402344
vt 0.052246094 0.070556641
vt 0.054687500 0.062744141
v 0.432617128 0.110290587 -0.491699278
vt 0.074951172 0.056884766
vn 0.220663935 0.204902306 -0.953584015
v 0.440948427 0.114959776 -0.479614317
vt 0.069824219 0.058593750
vn 0.829010487 0.544778407 -0.126325548
v 0.425048769 0.079528868 -0.490448058
vt 0.075439453 0.045166016
vn 0.306535840 0.039299455 -0.951047540
vt 0.079101562 0.026855469
v 0.441650331 0.083129942 -0.490264952
vt 0.071044922 0.050781250
vn 0.950343192 -0.212060019 -0.227768302
v 0.440338105 0.109161437 -0.443145812
vt 0.056884766 0.058837891
vn 0.980460048 0.078436852 0.180404514
v 0.440216035 0.081817687 -0.445037901
vt 0.058105469 0.049804688
vn 0.811577320 -0.575195551 0.102432005
v 0.432952851 0.079834044 -0.439239562
vt 0.054443359 0.048095703
vn 0.977074921 -0.007879584 0.212750047
vt 0.044921875 0.057128906
vt 0.044189453 0.064453125
vt 0.051757812 0.033691406
v 0.441406220 0.077331603 -0.442565978
vt 0.056884766 0.045166016
vn 0.833690107 0.495495081 0.243814915
v 0.442657411 0.076324522 -0.490264952
vt 0.071533203 0.040283203
vn 0.898306429 0.236396477 -0.370354533
v 0.441253632 0.044677794 -0.445648253
vt 0.055175781 0.033935547
vn 0.960243046 -0.259737819 0.102320865
vt 0.052734375 0.026855469
v 0.442871034 0.044342101 -0.489196837
vt 0.070556641 0.031982422
vn 0.706561863 -0.667308331 -0.235520691
vt 0.975097656 0.395019531
vt 0.978271484 0.330566406
v 0.421630859 0.131073087 -0.069076605
vt 0.980957031 0.370849609
vn 0.726574957 0.687087238 -0.000000125
vt 0.978759766 0.399169922
vt 0.980957031 0.404052734
vt 0.025390625 0.555664062
vt 0.020507812 0.568603516
vt 0.023193359 0.554931641
vt 0.023193359 0.603759766
vt 0.932861328 0.694091797
vt 0.944580078 0.740234375
v 0.421905547 0.133789152 0.081237726
vt 0.938476562 0.733642578
vt 0.939453125 0.746337891
vt 0.926513672 0.690673828
vt 0.953125000 0.661132812
vt 0.932617188 0.738769531
vt 0.917480469 0.710937500
vt 0.902587891 0.691650391
vt 0.893310547 0.679443359
vt 0.139648438 0.157470703
v 0.414642304 0.446987212 -0.336914152
vt 0.110839844 0.151367188
vn 0.999225974 -0.023603719 0.031471554
vt 0.152587891 0.147216797
vt 0.151611328 0.128173828
vt 0.105712891 0.141601562
vt 0.112060547 0.161376953
vt 0.142578125 0.164794922
v 0.427185029 0.466409624 -0.336914152
vt 0.104003906 0.146728516
vn 0.376798272 0.000000057 0.926295340
vt 0.108398438 0.174804688
vt 0.106201172 0.173828125
vt 0.101074219 0.146728516
vt 0.065673828 0.129150391
vt 0.294677734 0.070556641
vt 0.294189453 0.067626953
vt 0.346923828 0.034667969
vt 0.344482422 0.041748047
vt 0.350097656 0.042480469
vt 0.353271484 0.055175781
vt 0.981689453 0.004394531
vt 0.987304688 0.014160156
vt 0.981689453 0.022216797
vt 0.638671875 0.060546875
vt 0.587890625 0.056152344
vt 0.658203125 0.053466797
vt 0.779296875 0.969726562
vt 0.828613281 0.950439453
vt 0.828613281 0.972167969
vt 0.831054688 0.943359375
vt 0.831298828 0.982666016
vt 0.618164062 0.982910156
vt 0.618164062 0.976074219
vt 0.624755859 1.000000000
vt 0.626708984 0.981201172
vt 0.966552734 0.067626953
vt 0.902587891 0.066650391
vt 0.962158203 0.056152344
vt 0.921386719 0.053466797
f 1/1/1 2/2/2 3/3/3
f 3/3/3 2/2/2 4/4/4
f 3/3/3 4/4/4 1/1/1
f 4/4/4 2/2/2 5/5/5
f 4/4/4 5/5/5 6/6/6
f 4/4/4 6/6/6 7/7/7
f 5/5/5 2/2/2 8/8/8
f 4/4/4 7/7/7 9/9/9
f 8/8/8 2/2/2 1/1/1
f 4/4/4 9/9/9 10/10/10
f 5/5/5 8/8/8 11/11/11
f 11/11/11 8/8/8 12/12/12
f 12/12/12 8/8/8 13/13/13
f 13/13/13 8/8/8 14/14/14
f 14/14/14 8/8/8 1/1/1
f 4/4/4 10/10/10 15/15/15
f 15/15/15 10/10/10 16/16/16
f 15/15/15 16/16/16 17/17/17
f 15/15/15 17/17/17 18/18/18
f 15/15/15 18/18/18 19/19/19
f 15/15/15 19/19/19 20/20/20
f 4/4/4 15/15/15 21/21/21
f 21/21/21 15/15/15 20/20/20
f 4/4/4 21/21/21 1/1/1
f 21/21/21 20/20/20 22/22/22
f 21/21/21 22/22/22 23/23/23
f 21/21/21 23/23/23 1/1/1
f 23/23/23 22/22/22 24/24/24
f 1/1/1 23/23/23 25/25/25
f 25/25/25 23/23/23 24/24/24
f 1/1/1 25/25/25 14/14/14
f 25/25/25 24/24/24 26/26/26
f 26/26/26 24/24/24 14/14/14
f 26/26/26 14/14/14 25/25/25
f 27/27/27 28/28/28 29/29/29
f 29/29/29 28/28/28 30/30/30
f 31/31/31 29/29/29 32/32/32
f 29/29/29 31/31/31 27/27/27
f 30/30/30 28/28/28 33/33/33
f 30/30/30 33/33/33 34/34/34
f 30/30/30 34/34/34 35/35/35
f 35/35/35 34/34/34 36/36/36
f 34/34/34 33/33/33 37/37/37
f 37/37/37 33/33/33 28/28/28
f 37/37/37 28/28/28 38/38/38
f 38/38/38 28/28/28 39/39/39
f 38/38/38 39/39/39 40/40/40
f 40/40/40 39/39/39 41/41/41
f 39/39/39 28/28/28 42/42/42
f 39/39/39 42/42/42 41/41/41
f 42/42/42 28/28/28 27/27/27
f 43/43/43 41/41/41 44/44/44
f 44/44/44 41/41/41 45/45/45
f 45/45/45 41/41/41 42/42/42
f 44/44/44 45/45/45 46/46/46
f 45/45/45 42/42/42 47/47/47
f 47/47/47 42/42/42 27/27/27
f 45/45/45 47/47/47 46/46/46
f 46/46/46 47/47/47 27/27/27
f 46/46/46 27/27/27 48/48/48
f 48/48/48 27/27/27 31/31/31
f 46/46/46 48/48/48 49/49/49
f 49/49/49 48/48/48 31/31/31
f 46/46/46 49/49/49 50/50/50
f 49/49/49 31/31/31 51/51/51
f 50/50/50 49/49/49 52/52/52
f 52/52/52 49/49/49 51/51/51
f 53/53/27 54/54/53 32/55/32
f 53/53/27 32/55/32 29/56/29
f 53/53/27 29/56/29 30/57/30
f 53/53/27 30/57/30 35/58/35
f 53/53/27 35/58/35 54/54/53
f 54/54/53 35/58/35 55/59/54
f 55/59/54 35/58/35 36/60/36
f 55/59/54 36/60/36 56/61/55
f 55/59/54 56/61/55 57/62/56
f 57/62/56 56/61/55 58/63/57
f 54/54/53 55/59/54 59/64/58
f 59/64/58 55/59/54 57/62/56
f 54/54/53 59/64/58 60/65/59
f 54/54/53 60/65/59 32/55/32
f 57/62/56 58/63/57 61/66/60
f 62/67/61 63/68/62 61/66/60
f 61/66/60 63/68/62 64/69/63
f 61/66/60 64/69/63 65/70/64
f 61/66/60 65/70/64 57/62/56
f 57/62/56 65/70/64 66/71/65
f 66/71/65 65/70/64 67/72/66
f 67/72/66 65/70/64 68/73/67
f 57/62/56 66/71/65 69/74/68
f 69/74/68 66/71/65 67/72/66
f 67/72/66 68/73/67 70/75/69
f 57/62/56 69/74/68 71/76/70
f 57/62/56 71/76/70 59/64/58
f 59/64/58 71/76/70 60/65/59
f 71/76/70 69/74/68 72/77/71
f 71/76/70 72/77/71 60/65/59
f 72/77/71 69/74/68 67/72/66
f 70/75/69 68/73/67 16/78/16
f 72/77/71 67/72/66 73/79/72
f 72/77/71 73/79/72 60/65/59
f 73/79/72 67/72/66 70/75/69
f 60/65/59 73/79/72 74/80/73
f 60/65/59 74/80/73 32/55/32
f 73/79/72 70/75/69 75/81/74
f 32/55/32 74/80/73 76/82/75
f 32/55/32 76/82/75 31/83/31
f 31/83/31 76/82/75 51/84/51
f 73/79/72 75/81/74 77/85/76
f 73/79/72 77/85/76 74/80/73
f 75/81/74 70/75/69 78/86/74
f 75/81/74 78/86/74 77/85/76
f 78/86/74 70/75/69 79/87/77
f 79/87/77 70/75/69 16/78/16
f 78/86/74 79/87/77 77/85/76
f 79/87/77 16/78/16 10/88/10
f 79/87/77 10/88/10 77/85/76
f 77/85/76 10/88/10 9/89/9
f 80/90/78 74/80/73 77/85/76
f 80/90/78 77/85/76 9/89/9
f 74/80/73 80/90/78 76/82/75
f 80/90/78 9/89/9 6/91/6
f 6/91/6 9/89/9 7/92/7
f 80/90/78 6/91/6 76/82/75
f 76/82/75 6/91/6 5/93/5
f 76/82/75 5/93/5 11/94/11
f 76/82/75 11/94/11 81/95/79
f 76/82/75 81/95/79 82/96/80
f 76/82/75 82/96/80 51/84/51
f 51/84/51 82/96/80 52/97/52
f 82/96/80 81/95/79 83/98/81
f 83/98/81 81/95/79 11/94/11
f 82/96/80 83/98/81 84/99/82
f 82/96/80 84/99/82 85/100/83
f 83/98/81 11/94/11 86/101/84
f 86/101/84 11/94/11 12/102/12
f 83/98/81 86/101/84 87/103/85
f 87/103/85 86/101/84 88/104/86
f 87/103/85 88/104/86 89/105/87
f 89/105/87 88/104/86 90/106/88
f 91/107/1 92/108/89 93/109/90
f 91/107/1 93/109/90 94/110/91
f 94/110/91 93/109/90 95/111/92
f 91/107/1 94/110/91 96/112/91
f 95/111/92 93/109/90 97/113/93
f 97/113/93 93/109/90 92/108/89
f 95/111/92 97/113/93 98/114/94
f 97/113/93 92/108/89 99/115/95
f 98/114/94 97/113/93 100/116/96
f 100/116/96 97/113/93 99/115/95
f 99/115/95 92/108/89 101/117/97
f 99/115/95 101/117/97 100/116/96
f 102/118/98 92/108/89 91/107/1
f 92/108/89 102/118/98 101/117/97
f 100/116/96 101/117/97 103/119/99
f 101/117/97 102/118/98 104/120/100
f 101/117/97 104/120/100 103/119/99
f 100/116/96 103/119/99 105/121/101
f 103/119/99 104/120/100 106/122/102
f 100/116/96 105/121/101 107/123/103
f 100/116/96 107/123/103 98/114/94
f 108/124/104 109/125/105 105/121/101
f 105/121/101 109/125/105 107/123/103
f 106/122/102 104/120/100 110/126/106
f 107/123/103 109/125/105 111/127/107
f 111/127/107 109/125/105 112/128/108
f 98/114/94 107/123/103 113/129/109
f 98/114/94 113/129/109 114/130/110
f 114/130/110 113/129/109 115/131/111
f 115/131/111 113/129/109 116/132/112
f 113/129/109 107/123/103 117/133/113
f 113/129/109 117/133/113 116/132/112
f 117/133/113 107/123/103 111/127/107
f 116/132/112 117/133/113 118/134/114
f 118/134/114 117/133/113 119/135/115
f 119/135/115 117/133/113 120/136/116
f 120/136/116 117/133/113 111/127/107
f 119/135/115 120/136/116 121/137/117
f 120/136/116 111/127/107 122/138/118
f 122/138/118 111/127/107 112/128/108
f 121/137/117 120/136/116 123/139/119
f 123/139/119 120/136/116 122/138/118
f 123/139/119 122/138/118 112/128/108
f 121/137/117 123/139/119 124/140/120
f 124/140/120 123/139/119 112/128/108
f 125/141/121 126/142/122 127/143/123
f 126/142/122 125/141/121 128/144/124
f 126/142/122 128/144/124 127/143/123
f 128/144/124 125/141/121 129/145/5
f 129/145/5 125/141/121 127/143/123
f 128/144/124 129/145/5 130/146/125
f 129/145/5 127/143/123 131/147/126
f 127/143/123 128/144/124 132/148/78
f 129/145/5 131/147/126 133/149/90
f 129/145/5 133/149/90 130/146/125
f 131/147/126 127/143/123 134/150/127
f 134/150/127 127/143/123 135/151/128
f 135/151/128 127/143/123 132/148/78
f 131/147/126 134/150/127 136/152/129
f 132/148/78 128/144/124 137/153/130
f 137/153/130 128/144/124 130/146/125
f 135/151/128 132/148/78 138/154/131
f 138/154/131 132/148/78 139/155/132
f 139/155/132 132/148/78 137/153/130
f 138/154/131 139/155/132 140/156/133
f 138/154/131 140/156/133 135/151/128
f 139/155/132 137/153/130 141/157/134
f 141/157/134 137/153/130 142/158/135
f 142/158/135 137/153/130 130/146/125
f 139/155/132 141/157/134 143/159/136
f 139/155/132 143/159/136 140/156/133
f 143/159/136 141/157/134 144/160/137
f 142/158/135 130/146/125 145/161/138
f 140/156/133 143/159/136 146/162/139
f 140/156/133 146/162/139 135/151/128
f 143/159/136 144/160/137 147/163/140
f 143/159/136 147/163/140 146/162/139
f 145/161/138 130/146/125 148/164/141
f 147/163/140 144/160/137 149/165/142
f 135/151/128 146/162/139 150/166/143
f 150/166/143 146/162/139 147/163/140
f 135/151/128 150/166/143 151/167/144
f 135/151/128 151/167/144 134/150/127
f 150/166/143 147/163/140 152/168/145
f 147/163/140 149/165/142 153/169/146
f 147/163/140 153/169/146 152/168/145
f 153/169/146 149/165/142 154/170/147
f 150/166/143 152/168/145 155/171/148
f 150/166/143 155/171/148 151/167/144
f 152/168/145 153/169/146 156/172/149
f 152/168/145 156/172/149 155/171/148
f 153/169/146 154/170/147 157/173/150
f 153/169/146 157/173/150 156/172/149
f 151/167/144 136/152/129 134/150/127
f 157/173/150 154/170/147 158/174/151
f 158/174/151 154/170/147 159/175/152
f 158/174/151 159/175/152 160/176/153
f 160/176/153 159/175/152 161/177/154
f 157/173/150 158/174/151 162/178/155
f 158/174/151 160/176/153 163/179/156
f 158/174/151 163/179/156 162/178/155
f 157/173/150 162/178/155 164/180/157
f 157/173/150 164/180/157 156/172/149
f 156/172/149 164/180/157 165/181/158
f 164/180/157 162/178/155 166/182/159
f 156/172/149 165/181/158 167/183/160
f 165/181/158 164/180/157 168/184/161
f 168/184/161 164/180/157 166/182/159
f 165/181/158 168/184/161 167/183/160
f 169/185/162 162/178/155 163/179/156
f 162/178/155 169/185/162 166/182/159
f 169/185/162 163/179/156 170/186/163
f 170/186/163 163/179/156 160/176/153
f 166/182/159 169/185/162 171/187/159
f 169/185/162 170/186/163 172/188/159
f 169/185/162 172/188/159 171/187/159
f 172/188/159 170/186/163 173/189/164
f 173/189/164 170/186/163 160/176/153
f 172/188/159 173/189/164 174/190/165
f 174/190/165 173/189/164 175/191/166
f 175/191/166 173/189/164 160/176/153
f 175/191/166 160/176/153 176/192/167
f 177/193/168 166/182/159 171/187/159
f 177/193/168 171/187/159 178/194/169
f 166/182/159 177/193/168 179/195/170
f 166/182/159 179/195/170 168/184/161
f 168/184/161 179/195/170 167/183/160
f 179/195/170 177/193/168 180/196/171
f 180/196/171 177/193/168 181/197/172
f 181/197/172 177/193/168 182/198/173
f 181/197/172 182/198/173 183/199/174
f 181/197/172 183/199/174 180/196/171
f 180/196/171 183/199/174 184/200/175
f 180/196/171 184/200/175 179/195/170
f 179/195/170 184/200/175 167/183/160
f 167/183/160 184/200/175 185/201/176
f 185/201/176 184/200/175 186/202/177
f 167/183/160 185/201/176 187/203/178
f 187/203/178 185/201/176 186/202/177
f 167/183/160 187/203/178 156/172/149
f 156/172/149 187/203/178 155/171/148
f 187/203/178 186/202/177 188/204/179
f 155/171/148 187/203/178 189/205/180
f 155/171/148 189/205/180 151/167/144
f 187/203/178 188/204/179 190/206/181
f 187/203/178 190/206/181 189/205/180
f 188/204/179 186/202/177 191/207/182
f 191/207/182 186/202/177 192/208/183
f 188/204/179 191/207/182 190/206/181
f 189/205/180 190/206/181 193/209/184
f 151/167/144 189/205/180 194/210/169
f 194/210/169 189/205/180 193/209/184
f 194/210/169 193/209/184 190/206/181
f 151/167/144 194/210/169 136/152/129
f 136/152/129 194/210/169 190/206/181
f 136/152/129 190/206/181 191/207/182
f 136/152/129 191/207/182 195/211/102
f 136/152/129 195/211/102 196/212/185
f 136/152/129 196/212/185 197/213/186
f 136/152/129 197/213/186 198/214/187
f 136/152/129 198/214/187 131/147/126
f 131/147/126 198/214/187 197/213/186
f 131/147/126 197/213/186 133/149/90
f 133/149/90 197/213/186 196/212/185
f 133/149/90 196/212/185 96/215/91
f 133/149/90 96/215/91 199/216/188
f 133/149/90 199/216/188 130/146/125
f 130/146/125 199/216/188 200/217/189
f 200/217/189 199/216/188 201/218/190
f 200/217/189 201/218/190 202/219/191
f 200/217/189 202/219/191 130/146/125
f 130/146/125 202/219/191 203/220/192
f 130/146/125 203/220/192 204/221/193
f 130/146/125 204/221/193 148/164/141
f 148/164/141 204/221/193 205/222/194
f 148/164/141 205/222/194 206/223/195
f 204/221/193 203/220/192 207/224/196
f 204/221/193 207/224/196 205/222/194
f 206/223/195 205/222/194 208/225/197
f 208/225/197 205/222/194 207/224/196
f 206/223/195 208/225/197 209/226/198
f 209/226/198 208/225/197 207/224/196
f 206/223/195 209/226/198 210/227/199
f 209/226/198 207/224/196 211/228/91
f 211/228/91 207/224/196 203/220/192
f 209/226/198 211/228/91 212/229/200
f 212/229/200 211/228/91 213/230/3
f 213/230/3 211/228/91 203/220/192
f 213/230/3 203/220/192 202/219/191
f 213/230/3 202/219/191 214/231/201
f 213/230/3 214/231/201 215/232/3
f 215/232/3 214/231/201 202/219/191
f 215/232/3 202/219/191 216/233/202
f 213/230/3 215/232/3 217/234/203
f 217/234/203 215/232/3 218/235/196
f 24/236/24 22/237/22 219/238/204
f 219/238/204 22/237/22 220/239/205
f 220/239/205 22/237/22 221/240/206
f 219/238/204 220/239/205 222/241/207
f 222/241/207 220/239/205 221/240/206
f 219/238/204 222/241/207 223/242/208
f 223/242/208 222/241/207 224/243/209
f 224/243/209 222/241/207 221/240/206
f 223/242/208 224/243/209 225/244/210
f 221/240/206 22/237/22 20/245/20
f 225/244/210 224/243/209 226/246/211
f 225/244/210 226/246/211 227/247/212
f 224/243/209 221/240/206 228/248/213
f 224/243/209 228/248/213 226/246/211
f 221/240/206 20/245/20 229/249/214
f 221/240/206 229/249/214 228/248/213
f 226/246/211 228/248/213 230/250/215
f 226/246/211 230/250/215 231/251/216
f 228/248/213 229/249/214 232/252/217
f 228/248/213 232/252/217 230/250/215
f 232/252/217 229/249/214 20/245/20
f 230/250/215 232/252/217 233/253/218
f 232/252/217 20/245/20 234/254/219
f 232/252/217 234/254/219 233/253/218
f 234/254/219 20/245/20 19/255/19
f 234/254/219 19/255/19 18/256/18
f 233/253/218 234/254/219 235/257/220
f 235/257/220 234/254/219 18/256/18
f 235/257/220 18/256/18 64/258/63
f 64/258/63 18/256/18 68/259/67
f 64/258/63 68/259/67 65/260/64
f 235/257/220 64/258/63 63/261/62
f 235/257/220 63/261/62 62/262/61
f 235/257/220 62/262/61 236/263/221
f 237/264/222 238/265/223 239/266/224
f 237/264/222 239/266/224 240/267/225
f 237/264/222 240/267/225 195/268/102
f 195/268/102 240/267/225 239/266/224
f 195/268/102 239/266/224 196/269/185
f 196/269/185 239/266/224 96/112/91
f 96/112/91 239/266/224 238/265/223
f 96/112/91 238/265/223 91/107/1
f 237/264/222 195/268/102 110/126/106
f 237/264/222 110/126/106 238/265/223
f 110/126/106 195/268/102 106/122/102
f 91/107/1 238/265/223 241/270/226
f 241/270/226 238/265/223 110/126/106
f 91/107/1 241/270/226 102/118/98
f 241/270/226 110/126/106 104/120/100
f 241/270/226 104/120/100 102/118/98
f 96/271/91 94/272/91 242/273/227
f 199/274/188 96/271/91 201/275/190
f 201/275/190 96/271/91 242/273/227
f 242/273/227 94/272/91 243/276/228
f 243/276/228 94/272/91 95/277/92
f 201/275/190 242/273/227 244/278/229
f 201/275/190 244/278/229 202/279/191
f 242/273/227 243/276/228 245/280/230
f 242/273/227 245/280/230 244/278/229
f 202/279/191 244/278/229 246/281/231
f 246/281/231 244/278/229 245/280/230
f 245/280/230 243/276/228 247/282/232
f 247/282/232 243/276/228 95/277/92
f 245/280/230 247/282/232 246/281/231
f 202/279/191 246/281/231 216/283/202
f 247/282/232 95/277/92 248/284/233
f 247/282/232 248/284/233 249/285/234
f 247/282/232 249/285/234 246/281/231
f 248/284/233 95/277/92 250/286/235
f 249/285/234 248/284/233 251/287/236
f 251/287/236 248/284/233 250/286/235
f 250/286/235 95/277/92 252/288/76
f 252/288/76 95/277/92 98/289/94
f 251/287/236 250/286/235 253/290/237
f 252/288/76 98/289/94 254/291/238
f 254/291/238 98/289/94 114/292/110
f 250/286/235 252/288/76 255/293/239
f 255/293/239 252/288/76 254/291/238
f 250/286/235 255/293/239 253/290/237
f 255/293/239 254/291/238 114/292/110
f 253/290/237 255/293/239 256/294/240
f 255/293/239 114/292/110 115/295/111
f 255/293/239 115/295/111 256/294/240
f 257/296/241 249/285/234 251/287/236
f 257/296/241 251/287/236 258/297/242
f 257/296/241 258/297/242 259/298/243
f 249/285/234 257/296/241 260/299/244
f 260/299/244 257/296/241 259/298/243
f 249/285/234 260/299/244 246/281/231
f 260/299/244 259/298/243 261/300/91
f 260/299/244 261/300/91 246/281/231
f 261/300/91 259/298/243 262/301/91
f 261/300/91 262/301/91 263/302/3
f 261/300/91 263/302/3 264/303/245
f 261/300/91 264/303/245 246/281/231
f 264/303/245 263/302/3 265/304/48
f 246/281/231 264/303/245 266/305/246
f 246/281/231 266/305/246 216/283/202
f 264/303/245 265/304/48 267/306/247
f 264/303/245 267/306/247 266/305/246
f 216/283/202 266/305/246 268/307/75
f 268/307/75 266/305/246 267/306/247
f 216/283/202 268/307/75 269/308/248
f 269/308/248 268/307/75 267/306/247
f 269/308/248 267/306/247 265/304/48
f 216/283/202 269/308/248 215/309/3
f 215/309/3 269/308/248 218/310/196
f 218/310/196 269/308/248 265/304/48
f 218/310/196 265/304/48 217/311/203
f 141/312/134 270/313/249 144/314/137
f 270/313/249 141/312/134 271/315/250
f 271/315/250 141/312/134 142/316/135
f 271/315/250 142/316/135 272/317/251
f 272/317/251 142/316/135 145/318/138
f 272/317/251 145/318/138 273/319/252
f 273/319/252 145/318/138 148/320/141
f 273/319/252 148/320/141 206/321/195
f 273/319/252 206/321/195 274/322/253
f 271/315/250 272/317/251 275/323/91
f 276/324/254 270/313/249 271/315/250
f 276/324/254 271/315/250 275/323/91
f 276/324/254 275/323/91 277/325/255
f 277/325/255 275/323/91 278/326/3
f 276/324/254 277/325/255 279/327/256
f 270/313/249 276/324/254 280/328/257
f 280/328/257 276/324/254 279/327/256
f 270/313/249 280/328/257 144/314/137
f 280/328/257 279/327/256 281/329/258
f 281/329/258 279/327/256 282/330/259
f 144/314/137 280/328/257 283/331/260
f 283/331/260 280/328/257 281/329/258
f 144/314/137 283/331/260 149/332/142
f 281/329/258 282/330/259 284/333/261
f 149/332/142 283/331/260 285/334/262
f 149/332/142 285/334/262 154/335/147
f 283/331/260 281/329/258 286/336/263
f 286/336/263 281/329/258 284/333/261
f 283/331/260 286/336/263 285/334/262
f 154/335/147 285/334/262 159/337/152
f 286/336/263 284/333/261 287/338/264
f 286/336/263 287/338/264 285/334/262
f 285/334/262 287/338/264 159/337/152
f 287/338/264 284/333/261 288/339/265
f 287/338/264 288/339/265 289/340/266
f 287/338/264 289/340/266 159/337/152
f 289/340/266 288/339/265 290/341/267
f 291/342/268 161/343/154 159/337/152
f 291/342/268 159/337/152 292/344/269
f 159/337/152 289/340/266 293/345/270
f 159/337/152 293/345/270 292/344/269
f 289/340/266 290/341/267 294/346/271
f 289/340/266 294/346/271 293/345/270
f 293/345/270 294/346/271 292/344/269
f 294/346/271 290/341/267 295/347/147
f 294/346/271 295/347/147 296/348/272
f 294/346/271 296/348/272 297/349/273
f 292/344/269 294/346/271 298/350/167
f 298/350/167 294/346/271 297/349/273
f 292/344/269 298/350/167 299/351/274
f 298/350/167 297/349/273 300/352/275
f 52/353/52 301/354/276 50/355/50
f 82/356/80 85/357/83 52/353/52
f 52/353/52 85/357/83 302/358/277
f 52/353/52 302/358/277 301/354/276
f 302/358/277 85/357/83 303/359/3
f 303/359/3 85/357/83 304/360/278
f 303/359/3 304/360/278 302/358/277
f 302/358/277 304/360/278 305/361/279
f 302/358/277 305/361/279 301/354/276
f 301/354/276 305/361/279 306/362/280
f 306/362/280 305/361/279 307/363/281
f 301/354/276 306/362/280 308/364/282
f 306/362/280 307/363/281 309/365/283
f 306/362/280 309/365/283 308/364/282
f 309/365/283 307/363/281 310/366/284
f 301/354/276 308/364/282 311/367/285
f 311/367/285 308/364/282 309/365/283
f 301/354/276 311/367/285 50/355/50
f 309/365/283 310/366/284 312/368/286
f 312/368/286 310/366/284 313/369/287
f 309/365/283 312/368/286 314/370/112
f 309/365/283 314/370/112 311/367/285
f 314/370/112 312/368/286 315/371/288
f 314/370/112 315/371/288 311/367/285
f 315/371/288 312/368/286 316/372/289
f 311/367/285 315/371/288 317/373/290
f 317/373/290 315/371/288 316/372/289
f 318/374/291 50/355/50 311/367/285
f 318/374/291 311/367/285 317/373/290
f 317/373/290 316/372/289 319/375/292
f 319/375/292 316/372/289 320/376/293
f 317/373/290 319/375/292 321/377/294
f 317/373/290 321/377/294 322/378/295
f 317/373/290 322/378/295 318/374/291
f 322/378/295 321/377/294 323/379/296
f 324/380/297 50/355/50 318/374/291
f 324/380/297 318/374/291 325/381/298
f 50/355/50 324/380/297 326/382/299
f 326/382/299 324/380/297 325/381/298
f 50/355/50 326/382/299 46/383/46
f 326/382/299 325/381/298 44/384/44
f 326/382/299 44/384/44 46/383/46
f 327/385/300 307/386/281 305/387/279
f 307/386/281 327/385/300 310/388/284
f 310/388/284 327/385/300 328/389/301
f 310/388/284 328/389/301 329/390/302
f 329/390/302 328/389/301 327/385/300
f 310/388/284 329/390/302 313/391/287
f 327/385/300 305/387/279 330/392/196
f 327/385/300 330/392/196 329/390/302
f 313/391/287 329/390/302 116/393/112
f 313/391/287 116/393/112 331/394/303
f 313/391/287 331/394/303 332/395/304
f 332/395/304 331/394/303 333/396/305
f 333/396/305 331/394/303 334/397/306
f 116/393/112 329/390/302 115/398/111
f 329/390/302 330/392/196 335/399/307
f 329/390/302 335/399/307 115/398/111
f 115/398/111 335/399/307 253/400/237
f 253/400/237 335/399/307 330/392/196
f 115/398/111 253/400/237 256/401/240
f 336/402/3 330/392/196 305/387/279
f 330/392/196 336/402/3 253/400/237
f 336/402/3 305/387/279 304/403/278
f 253/400/237 336/402/3 337/404/2
f 253/400/237 337/404/2 251/405/236
f 336/402/3 304/403/278 338/406/308
f 336/402/3 338/406/308 337/404/2
f 338/406/308 304/403/278 339/407/309
f 251/405/236 337/404/2 340/408/310
f 340/408/310 337/404/2 338/406/308
f 251/405/236 340/408/310 258/409/242
f 258/409/242 340/408/310 338/406/308
f 258/409/242 338/406/308 339/407/309
f 258/409/242 339/407/309 259/410/243
f 259/410/243 339/407/309 341/411/311
f 17/412/17 16/413/16 18/414/18
f 18/414/18 16/413/16 68/415/67
f 342/416/312 343/417/313 12/418/12
f 342/416/312 12/418/12 344/419/314
f 344/419/314 12/418/12 13/420/13
f 343/417/313 342/416/312 345/421/315
f 345/421/315 342/416/312 346/422/316
f 346/422/316 342/416/312 344/419/314
f 345/421/315 346/422/316 347/423/317
f 346/422/316 344/419/314 348/424/318
f 348/424/318 344/419/314 349/425/91
f 344/419/314 13/420/13 350/426/319
f 350/426/319 13/420/13 351/427/320
f 349/425/91 344/419/314 352/428/321
f 352/428/321 344/419/314 350/426/319
f 352/428/321 350/426/319 351/427/320
f 349/425/91 352/428/321 353/429/322
f 352/428/321 351/427/320 354/430/323
f 352/428/321 354/430/323 353/429/322
f 355/431/1 345/421/315 347/423/317
f 345/421/315 355/431/1 343/417/313
f 355/431/1 347/423/317 356/432/91
f 343/417/313 355/431/1 357/433/324
f 357/433/324 355/431/1 358/434/91
f 358/434/91 355/431/1 359/435/325
f 275/436/91 272/437/251 360/438/196
f 275/436/91 360/438/196 278/439/3
f 360/438/196 272/437/251 361/440/326
f 361/440/326 272/437/251 273/441/252
f 361/440/326 273/441/252 274/442/253
f 361/440/326 274/442/253 362/443/327
f 278/439/3 360/438/196 363/444/51
f 360/438/196 361/440/326 364/445/253
f 360/438/196 364/445/253 363/444/51
f 364/445/253 361/440/326 365/446/328
f 361/440/326 362/443/327 366/447/329
f 361/440/326 366/447/329 367/448/330
f 361/440/326 367/448/330 365/446/328
f 367/448/330 366/447/329 347/449/317
f 367/448/330 347/449/317 365/446/328
f 365/446/328 347/449/317 346/450/316
f 347/449/317 366/447/329 356/451/91
f 365/446/328 346/450/316 348/452/318
f 368/453/331 366/447/329 362/443/327
f 366/447/329 368/453/331 356/451/91
f 368/453/331 362/443/327 369/454/332
f 356/451/91 368/453/331 359/455/325
f 359/455/325 368/453/331 369/454/332
f 356/451/91 359/455/325 355/456/1
f 359/455/325 369/454/332 370/457/333
f 370/457/333 369/454/332 371/458/334
f 359/455/325 370/457/333 372/459/87
f 372/459/87 370/457/333 371/458/334
f 372/459/87 371/458/334 373/460/335
f 372/459/87 373/460/335 374/461/336
f 375/462/48 365/446/328 348/452/318
f 375/462/48 348/452/318 349/463/91
f 365/446/328 375/462/48 364/445/253
f 375/462/48 349/463/91 353/464/322
f 364/445/253 375/462/48 376/465/337
f 364/445/253 376/465/337 363/444/51
f 375/462/48 353/464/322 377/466/322
f 377/466/322 353/464/322 378/467/338
f 378/467/338 353/464/322 354/468/323
f 378/467/338 354/468/323 379/469/259
f 377/466/322 378/467/338 380/470/339
f 380/470/339 378/467/338 379/469/259
f 375/462/48 377/466/322 381/471/340
f 381/471/340 377/466/322 380/470/339
f 375/462/48 381/471/340 376/465/337
f 380/470/339 379/469/259 382/472/341
f 382/472/341 379/469/259 383/473/342
f 381/471/340 380/470/339 384/474/343
f 384/474/343 380/470/339 382/472/341
f 376/465/337 381/471/340 385/475/344
f 385/475/344 381/471/340 384/474/343
f 376/465/337 385/475/344 386/476/345
f 376/465/337 386/476/345 363/444/51
f 363/444/51 386/476/345 385/475/344
f 384/474/343 382/472/341 387/477/346
f 384/474/343 387/477/346 385/475/344
f 388/478/347 382/472/341 383/473/342
f 382/472/341 388/478/347 387/477/346
f 388/478/347 383/473/342 282/479/259
f 387/477/346 388/478/347 389/480/348
f 389/480/348 388/478/347 282/479/259
f 385/475/344 387/477/346 390/481/349
f 385/475/344 390/481/349 363/444/51
f 387/477/346 389/480/348 391/482/350
f 387/477/346 391/482/350 390/481/349
f 391/482/350 389/480/348 392/483/351
f 391/482/350 392/483/351 390/481/349
f 390/481/349 392/483/351 389/480/348
f 389/480/348 282/479/259 393/484/352
f 389/480/348 393/484/352 390/481/349
f 394/485/353 363/444/51 390/481/349
f 394/485/353 390/481/349 393/484/352
f 363/444/51 394/485/353 278/439/3
f 393/484/352 282/479/259 395/486/354
f 393/484/352 395/486/354 394/485/353
f 395/486/354 282/479/259 279/487/256
f 278/439/3 394/485/353 396/488/355
f 396/488/355 394/485/353 395/486/354
f 395/486/354 279/487/256 277/489/255
f 278/439/3 396/488/355 277/489/255
f 277/489/255 396/488/355 395/486/354
f 85/490/83 397/491/356 304/492/278
f 397/491/356 85/490/83 84/493/82
f 304/492/278 397/491/356 339/494/309
f 339/494/309 397/491/356 341/495/311
f 210/496/199 398/497/357 399/498/91
f 209/499/198 212/500/200 210/496/199
f 210/496/199 212/500/200 398/497/357
f 206/501/195 210/496/199 274/502/253
f 274/502/253 210/496/199 399/498/91
f 362/503/327 274/502/253 369/504/332
f 369/504/332 274/502/253 399/498/91
f 369/504/332 399/498/91 371/505/334
f 371/505/334 399/498/91 400/506/51
f 371/505/334 400/506/51 373/507/335
f 400/506/51 399/498/91 401/508/358
f 400/506/51 401/508/358 402/509/3
f 401/508/358 399/498/91 398/497/357
f 402/509/3 401/508/358 403/510/200
f 403/510/200 401/508/358 404/511/359
f 404/511/359 401/508/358 398/497/357
f 403/510/200 404/511/359 405/512/360
f 404/511/359 398/497/357 406/513/361
f 404/511/359 406/513/361 405/512/360
f 406/513/361 398/497/357 217/514/203
f 217/514/203 398/497/357 212/500/200
f 217/514/203 212/500/200 213/515/3
f 406/513/361 217/514/203 407/516/3
f 406/513/361 407/516/3 405/512/360
f 407/516/3 217/514/203 265/517/48
f 405/512/360 407/516/3 263/518/3
f 263/518/3 407/516/3 265/517/48
f 397/519/356 408/520/1 409/521/362
f 408/520/1 397/519/356 84/522/82
f 405/523/360 409/521/362 403/524/200
f 403/524/200 409/521/362 402/525/3
f 402/525/3 409/521/362 408/520/1
f 402/525/3 408/520/1 373/526/335
f 402/525/3 373/526/335 400/527/51
f 408/520/1 84/522/82 410/528/363
f 408/520/1 410/528/363 373/526/335
f 410/528/363 84/522/82 83/529/81
f 410/528/363 83/529/81 87/530/85
f 410/528/363 87/530/85 373/526/335
f 373/526/335 87/530/85 89/531/87
f 373/526/335 89/531/87 411/532/364
f 411/532/364 89/531/87 412/533/7
f 373/526/335 411/532/364 374/534/336
f 411/532/364 412/533/7 413/535/365
f 413/535/365 412/533/7 414/536/366
f 414/536/366 412/533/7 415/537/253
f 414/536/366 415/537/253 413/535/365
f 415/537/253 412/533/7 357/538/324
f 415/537/253 357/538/324 358/539/91
f 415/537/253 358/539/91 372/540/87
f 415/537/253 372/540/87 374/534/336
f 411/532/364 413/535/365 416/541/367
f 411/532/364 416/541/367 374/534/336
f 413/535/365 415/537/253 417/542/78
f 417/542/78 415/537/253 374/534/336
f 413/535/365 417/542/78 416/541/367
f 417/542/78 374/534/336 418/543/368
f 418/543/368 374/534/336 416/541/367
f 416/541/367 417/542/78 419/544/369
f 416/541/367 419/544/369 418/543/368
f 418/543/368 419/544/369 417/542/78
f 397/545/356 409/546/362 420/547/370
f 420/547/370 409/546/362 405/548/360
f 397/545/356 420/547/370 341/549/311
f 420/547/370 405/548/360 421/550/91
f 420/547/370 421/550/91 341/549/311
f 12/551/12 343/552/313 86/553/84
f 357/554/324 412/555/7 343/552/313
f 343/552/313 412/555/7 86/553/84
f 86/553/84 412/555/7 89/556/87
f 86/553/84 89/556/87 90/557/88
f 86/553/84 90/557/88 422/558/371
f 422/558/371 90/557/88 88/559/86
f 423/560/372 88/559/86 86/553/84
f 88/559/86 423/560/372 422/558/371
f 422/558/371 423/560/372 86/553/84
f 13/561/13 424/562/373 351/563/320
f 424/562/373 13/561/13 14/564/14
f 351/563/320 424/562/373 425/565/374
f 351/563/320 425/565/374 354/566/323
f 354/566/323 425/565/374 379/567/259
f 425/565/374 424/562/373 426/568/375
f 425/565/374 426/568/375 379/567/259
f 379/567/259 426/568/375 427/569/376
f 379/567/259 427/569/376 428/570/377
f 428/570/377 427/569/376 429/571/378
f 428/570/377 429/571/378 430/572/379
f 427/569/376 426/568/375 431/573/380
f 426/568/375 424/562/373 432/574/381
f 426/568/375 432/574/381 431/573/380
f 432/574/381 424/562/373 433/575/382
f 432/574/381 433/575/382 431/573/380
f 433/575/382 424/562/373 14/564/14
f 434/576/274 431/573/380 435/577/383
f 435/577/383 431/573/380 433/575/382
f 433/575/382 14/564/14 24/578/24
f 435/577/383 433/575/382 436/579/384
f 435/577/383 436/579/384 227/580/212
f 433/575/382 24/578/24 437/581/385
f 433/575/382 437/581/385 436/579/384
f 437/581/385 24/578/24 219/582/204
f 437/581/385 219/582/204 223/583/208
f 436/579/384 437/581/385 438/584/386
f 436/579/384 438/584/386 227/580/212
f 438/584/386 437/581/385 223/583/208
f 227/580/212 438/584/386 225/585/210
f 225/585/210 438/584/386 223/583/208
f 262/586/91 259/587/243 421/588/91
f 421/588/91 259/587/243 341/589/311
f 262/586/91 421/588/91 263/590/3
f 263/590/3 421/588/91 405/591/360
f 359/592/325 372/593/87 358/594/91
f 106/595/102 439/596/387 103/597/99
f 103/597/99 439/596/387 440/598/388
f 103/597/99 440/598/388 441/599/389
f 103/597/99 441/599/389 105/600/101
f 105/600/101 441/599/389 108/601/104
f 441/599/389 440/598/388 442/602/390
f 441/599/389 442/602/390 108/601/104
f 442/602/390 440/598/388 439/596/387
f 108/601/104 442/602/390 443/603/391
f 443/603/391 442/602/390 444/604/392
f 444/604/392 442/602/390 445/605/393
f 442/602/390 439/596/387 446/606/394
f 446/606/394 439/596/387 106/595/102
f 445/605/393 442/602/390 447/607/395
f 447/607/395 442/602/390 446/606/394
f 445/605/393 447/607/395 448/608/396
f 446/606/394 106/595/102 449/609/397
f 446/606/394 449/609/397 447/607/395
f 449/609/397 106/595/102 195/610/102
f 449/609/397 195/610/102 191/611/182
f 449/609/397 191/611/182 192/612/183
f 447/607/395 449/609/397 450/613/398
f 450/613/398 449/609/397 192/612/183
f 447/607/395 450/613/398 448/608/396
f 450/613/398 192/612/183 451/614/399
f 448/608/396 450/613/398 452/615/400
f 448/608/396 452/615/400 453/616/401
f 450/613/398 451/614/399 454/617/402
f 450/613/398 454/617/402 452/615/400
f 454/617/402 451/614/399 455/618/403
f 453/616/401 452/615/400 456/619/404
f 456/619/404 452/615/400 454/617/402
f 453/616/401 456/619/404 457/620/405
f 454/617/402 455/618/403 457/620/405
f 454/617/402 457/620/405 456/619/404
f 458/621/406 459/622/407 460/623/408
f 459/622/407 458/621/406 461/624/409
f 461/624/409 458/621/406 462/625/410
f 459/622/407 461/624/409 463/626/411
f 459/622/407 463/626/411 464/627/412
f 462/625/410 458/621/406 465/628/413
f 462/625/410 465/628/413 466/629/414
f 465/628/413 458/621/406 467/630/415
f 467/630/415 458/621/406 460/623/408
f 466/629/414 465/628/413 468/631/416
f 468/631/416 465/628/413 467/630/415
f 466/629/414 468/631/416 469/632/417
f 469/632/417 468/631/416 470/633/418
f 470/633/418 468/631/416 471/634/419
f 471/634/419 468/631/416 467/630/415
f 470/633/418 471/634/419 472/635/420
f 472/635/420 471/634/419 473/636/421
f 471/634/419 467/630/415 474/637/422
f 474/637/422 467/630/415 460/623/408
f 471/634/419 474/637/422 473/636/421
f 474/637/422 460/623/408 475/638/423
f 473/636/421 474/637/422 476/639/424
f 476/639/424 474/637/422 475/638/423
f 473/636/421 476/639/424 477/640/425
f 473/636/421 477/640/425 478/641/426
f 478/641/426 477/640/425 476/639/424
f 473/636/421 478/641/426 479/642/427
f 478/641/426 476/639/424 480/643/428
f 480/643/428 476/639/424 475/638/423
f 479/642/427 478/641/426 481/644/429
f 481/644/429 478/641/426 480/643/428
f 479/642/427 481/644/429 482/645/430
f 481/644/429 480/643/428 483/646/431
f 481/644/429 483/646/431 482/645/430
f 480/643/428 475/638/423 484/647/432
f 480/643/428 484/647/432 483/646/431
f 482/645/430 483/646/431 485/648/433
f 482/645/430 485/648/433 486/649/434
f 483/646/431 484/647/432 487/650/435
f 483/646/431 487/650/435 485/648/433
f 484/647/432 475/638/423 488/651/436
f 484/647/432 488/651/436 487/650/435
f 486/649/434 485/648/433 489/652/437
f 486/649/434 489/652/437 490/653/438
f 312/654/286 313/655/287 490/653/438
f 312/654/286 490/653/438 316/656/289
f 316/656/289 490/653/438 489/652/437
f 316/656/289 489/652/437 485/648/433
f 316/656/289 485/648/433 491/657/439
f 491/657/439 485/648/433 492/658/440
f 491/657/439 492/658/440 316/656/289
f 492/658/440 485/648/433 487/650/435
f 492/658/440 487/650/435 316/656/289
f 316/656/289 487/650/435 493/659/441
f 316/656/289 493/659/441 320/660/293
f 320/660/293 493/659/441 319/661/292
f 319/661/292 493/659/441 315/662/442
f 315/662/442 493/659/441 487/650/435
f 319/661/292 315/662/442 321/663/294
f 315/662/442 487/650/435 314/664/443
f 314/664/443 487/650/435 488/651/436
f 314/664/443 488/651/436 315/662/442
f 315/662/442 488/651/436 321/663/294
f 321/663/294 488/651/436 494/665/444
f 494/665/444 488/651/436 475/638/423
f 494/665/444 475/638/423 460/623/408
f 321/663/294 494/665/444 495/666/445
f 494/665/444 460/623/408 459/622/407
f 495/666/445 494/665/444 496/667/446
f 495/666/445 496/667/446 497/668/447
f 497/668/447 496/667/446 494/665/444
f 497/668/447 494/665/444 459/622/407
f 497/668/447 459/622/407 464/627/412
f 497/668/447 464/627/412 498/669/448
f 499/670/449 500/671/450 501/672/451
f 313/673/287 502/674/452 499/670/449
f 313/673/287 499/670/449 501/672/451
f 500/671/450 499/670/449 503/675/453
f 503/675/453 499/670/449 472/676/420
f 503/675/453 472/676/420 473/677/421
f 500/671/450 503/675/453 504/678/454
f 500/671/450 504/678/454 501/672/451
f 503/675/453 473/677/421 505/679/455
f 504/678/454 503/675/453 506/680/456
f 506/680/456 503/675/453 505/679/455
f 504/678/454 506/680/456 501/672/451
f 501/672/451 506/680/456 507/681/457
f 507/681/457 506/680/456 505/679/455
f 507/681/457 505/679/455 501/672/451
f 505/679/455 473/677/421 479/682/427
f 505/679/455 479/682/427 508/683/458
f 508/683/458 479/682/427 482/684/430
f 508/683/458 482/684/430 486/685/434
f 508/683/458 486/685/434 505/679/455
f 505/679/455 486/685/434 501/672/451
f 501/672/451 486/685/434 313/673/287
f 313/673/287 486/685/434 490/686/438
f 463/687/411 509/688/459 464/689/412
f 464/689/412 509/688/459 510/690/460
f 510/690/460 509/688/459 511/691/461
f 509/688/459 463/687/411 512/692/462
f 512/692/462 463/687/411 513/693/463
f 513/693/463 463/687/411 461/694/409
f 513/693/463 461/694/409 462/695/410
f 512/692/462 513/693/463 514/696/464
f 512/692/462 514/696/464 509/688/459
f 513/693/463 462/695/410 515/697/465
f 513/693/463 515/697/465 514/696/464
f 515/697/465 462/695/410 466/698/414
f 509/688/459 514/696/464 516/699/466
f 509/688/459 516/699/466 511/691/461
f 514/696/464 515/697/465 517/700/467
f 514/696/464 517/700/467 516/699/466
f 515/697/465 466/698/414 518/701/468
f 515/697/465 518/701/468 517/700/467
f 518/701/468 466/698/414 519/702/469
f 519/702/469 466/698/414 469/703/417
f 517/700/467 518/701/468 520/704/470
f 520/704/470 518/701/468 519/702/469
f 519/702/469 469/703/417 521/705/471
f 521/705/471 469/703/417 470/706/418
f 521/705/471 470/706/418 522/707/472
f 521/705/471 522/707/472 519/702/469
f 519/702/469 522/707/472 520/704/470
f 523/708/473 516/699/466 517/700/467
f 523/708/473 517/700/467 520/704/470
f 524/709/474 511/691/461 516/699/466
f 511/691/461 524/709/474 525/710/475
f 524/709/474 516/699/466 523/708/473
f 524/709/474 523/708/473 526/711/476
f 524/709/474 526/711/476 527/712/477
f 527/712/477 526/711/476 528/713/478
f 528/713/478 526/711/476 523/708/473
f 527/712/477 528/713/478 529/714/479
f 530/715/480 523/708/473 520/704/470
f 523/708/473 530/715/480 528/713/478
f 528/713/478 530/715/480 531/716/481
f 529/714/479 528/713/478 532/717/482
f 532/717/482 528/713/478 531/716/481
f 529/714/479 532/717/482 533/718/483
f 531/716/481 530/715/480 534/719/484
f 531/716/481 534/719/484 532/717/482
f 530/715/480 520/704/470 535/720/485
f 530/715/480 535/720/485 534/719/484
f 533/718/483 532/717/482 536/721/486
f 533/718/483 536/721/486 537/722/487
f 533/718/483 537/722/487 538/723/488
f 538/723/488 537/722/487 539/724/489
f 539/724/489 537/722/487 536/721/486
f 539/724/489 536/721/486 532/717/482
f 539/724/489 532/717/482 540/725/490
f 540/725/490 532/717/482 534/719/484
f 539/724/489 540/725/490 541/726/491
f 541/726/491 540/725/490 542/727/492
f 540/725/490 534/719/484 543/728/493
f 543/728/493 534/719/484 535/720/485
f 542/727/492 540/725/490 544/729/494
f 544/729/494 540/725/490 543/728/493
f 542/727/492 544/729/494 545/730/495
f 545/730/495 544/729/494 546/731/496
f 544/729/494 543/728/493 547/732/497
f 544/729/494 547/732/497 546/731/496
f 543/728/493 535/720/485 548/733/498
f 543/728/493 548/733/498 547/732/497
f 547/732/497 548/733/498 546/731/496
f 548/733/498 535/720/485 520/704/470
f 546/731/496 548/733/498 522/707/472
f 522/707/472 548/733/498 520/704/470
f 118/734/114 549/735/499 116/736/112
f 116/736/112 549/735/499 331/737/303
f 331/737/303 549/735/499 550/738/500
f 331/737/303 550/738/500 551/739/501
f 551/739/501 550/738/500 118/740/114
f 118/740/114 550/738/500 552/741/502
f 118/740/114 552/741/502 549/742/499
f 549/742/499 552/741/502 553/743/503
f 553/743/503 552/741/502 554/744/504
f 554/744/504 552/741/502 555/745/505
f 472/746/420 499/747/449 556/748/506
f 472/746/420 556/748/506 557/749/507
f 472/746/420 557/749/507 470/750/418
f 556/748/506 499/747/449 558/751/508
f 558/751/508 499/747/449 502/752/452
f 557/749/507 556/748/506 559/753/509
f 559/753/509 556/748/506 558/751/508
f 470/750/418 557/749/507 560/754/510
f 560/754/510 557/749/507 559/753/509
f 470/750/418 560/754/510 546/755/496
f 470/750/418 546/755/496 522/756/472
f 559/753/509 558/751/508 561/757/511
f 560/754/510 559/753/509 562/758/512
f 562/758/512 559/753/509 561/757/511
f 561/757/511 558/751/508 563/759/513
f 563/759/513 558/751/508 502/752/452
f 562/758/512 561/757/511 564/760/514
f 560/754/510 562/758/512 565/761/515
f 565/761/515 562/758/512 564/760/514
f 560/754/510 565/761/515 546/755/496
f 565/761/515 564/760/514 566/762/516
f 565/761/515 566/762/516 546/755/496
f 566/762/516 564/760/514 545/763/495
f 566/762/516 545/763/495 546/755/496
f 567/764/517 563/759/513 502/752/452
f 567/764/517 502/752/452 313/765/287
f 567/764/517 313/765/287 332/766/304
f 567/764/517 332/766/304 333/767/305
f 567/764/517 333/767/305 563/759/513
f 563/759/513 333/767/305 568/768/518
f 34/769/34 37/770/37 38/771/38
f 36/772/36 34/769/34 569/773/519
f 569/773/519 34/769/34 570/774/520
f 569/773/519 570/774/520 571/775/521
f 571/775/521 570/774/520 572/776/522
f 572/776/522 570/774/520 573/777/523
f 34/769/34 38/771/38 574/778/524
f 34/769/34 574/778/524 570/774/520
f 574/778/524 38/771/38 575/779/525
f 575/779/525 38/771/38 40/780/40
f 575/779/525 40/780/40 43/781/43
f 43/781/43 40/780/40 41/782/41
f 574/778/524 575/779/525 576/783/526
f 576/783/526 575/779/525 43/781/43
f 574/778/524 576/783/526 570/774/520
f 576/783/526 43/781/43 44/784/44
f 577/785/527 573/777/523 570/774/520
f 577/785/527 570/774/520 576/783/526
f 573/777/523 577/785/527 578/786/528
f 577/785/527 576/783/526 579/787/529
f 577/785/527 579/787/529 580/788/530
f 576/783/526 44/784/44 581/789/531
f 576/783/526 581/789/531 579/787/529
f 581/789/531 44/784/44 582/790/532
f 580/788/530 579/787/529 582/790/532
f 582/790/532 44/784/44 325/791/298
f 580/788/530 582/790/532 583/792/533
f 583/792/533 582/790/532 584/793/534
f 579/787/529 581/789/531 585/794/535
f 585/794/535 581/789/531 582/790/532
f 585/794/535 582/790/532 579/787/529
f 586/795/536 587/796/537 588/797/538
f 586/795/536 588/797/538 589/798/539
f 588/797/538 587/796/537 590/799/540
f 590/799/540 587/796/537 591/800/541
f 587/796/537 586/795/536 592/801/542
f 587/796/537 592/801/542 591/800/541
f 592/801/542 586/795/536 593/802/543
f 591/800/541 592/801/542 594/803/544
f 592/801/542 593/802/543 595/804/545
f 592/801/542 595/804/545 594/803/544
f 588/805/538 596/806/546 589/807/539
f 589/807/539 596/806/546 563/808/513
f 596/806/546 588/805/538 545/809/495
f 596/806/546 545/809/495 564/810/514
f 586/811/536 589/812/539 597/813/547
f 586/811/536 597/813/547 593/814/543
f 593/814/543 597/813/547 595/815/545
f 595/815/545 597/813/547 553/816/503
f 595/815/545 553/816/503 598/817/548
f 595/815/545 598/817/548 599/818/549
f 598/817/548 553/816/503 600/819/550
f 600/819/550 553/816/503 554/820/504
f 598/817/548 600/819/550 555/821/505
f 600/819/550 554/820/504 601/822/551
f 555/821/505 600/819/550 602/823/552
f 602/823/552 600/819/550 601/822/551
f 555/821/505 602/823/552 554/824/504
f 602/823/552 601/822/551 603/825/553
f 602/823/552 603/825/553 554/824/504
f 553/826/503 597/827/547 589/828/539
f 553/826/503 589/828/539 331/829/303
f 331/829/303 589/828/539 604/830/554
f 604/830/554 589/828/539 568/831/518
f 550/832/500 549/833/499 553/834/503
f 550/832/500 553/834/503 605/835/555
f 550/832/500 605/835/555 552/836/502
f 605/835/555 553/834/503 551/837/501
f 605/835/555 551/837/501 552/836/502
f 551/837/501 553/834/503 331/838/303
f 552/836/502 551/837/501 119/839/115
f 119/839/115 551/837/501 118/840/114
f 545/841/495 588/842/538 542/843/492
f 542/843/492 588/842/538 606/844/556
f 606/844/556 588/842/538 607/845/557
f 607/845/557 588/842/538 590/846/540
f 606/844/556 607/845/557 608/847/558
f 608/847/558 607/845/557 590/846/540
f 542/843/492 606/844/556 609/848/559
f 609/848/559 606/844/556 608/847/558
f 542/843/492 609/848/559 610/849/560
f 542/843/492 610/849/560 541/850/491
f 610/849/560 609/848/559 611/851/561
f 610/849/560 611/851/561 541/850/491
f 611/851/561 609/848/559 608/847/558
f 608/847/558 590/846/540 612/852/562
f 612/852/562 590/846/540 591/853/541
f 611/851/561 608/847/558 613/854/563
f 611/851/561 613/854/563 541/850/491
f 613/854/563 608/847/558 614/855/564
f 614/855/564 608/847/558 612/852/562
f 541/850/491 613/854/563 615/856/565
f 613/854/563 614/855/564 616/857/566
f 613/854/563 616/857/566 615/856/565
f 614/855/564 612/852/562 617/858/567
f 614/855/564 617/858/567 616/857/566
f 617/858/567 612/852/562 618/859/402
f 617/858/567 618/859/402 616/857/566
f 538/860/488 539/861/489 541/850/491
f 619/862/568 541/850/491 615/856/565
f 541/850/491 619/862/568 538/860/488
f 619/862/568 615/856/565 616/857/566
f 538/860/488 619/862/568 620/863/569
f 620/863/569 619/862/568 621/864/570
f 621/864/570 619/862/568 616/857/566
f 620/863/569 621/864/570 622/865/571
f 622/865/571 621/864/570 623/866/572
f 623/866/572 621/864/570 624/867/573
f 624/867/573 621/864/570 625/868/574
f 623/866/572 624/867/573 626/869/575
f 626/869/575 624/867/573 625/868/574
f 621/864/570 616/857/566 626/869/575
f 625/868/574 621/864/570 627/870/576
f 627/870/576 621/864/570 626/869/575
f 627/870/576 626/869/575 625/868/574
f 623/866/572 626/869/575 628/871/577
f 626/869/575 616/857/566 618/859/402
f 626/869/575 618/859/402 628/871/577
f 628/871/577 618/859/402 629/872/578
f 629/872/578 618/859/402 630/873/579
f 630/873/579 618/859/402 612/852/562
f 629/872/578 630/873/579 631/874/580
f 630/873/579 612/852/562 632/875/581
f 632/875/581 612/852/562 591/853/541
f 631/874/580 630/873/579 633/876/582
f 631/874/580 633/876/582 634/877/583
f 634/877/583 633/876/582 635/878/584
f 634/877/583 635/878/584 636/879/585
f 633/876/582 630/873/579 637/880/586
f 633/876/582 637/880/586 635/878/584
f 637/880/586 630/873/579 632/875/581
f 635/878/584 637/880/586 638/881/587
f 638/881/587 637/880/586 639/882/588
f 639/882/588 637/880/586 632/875/581
f 639/882/588 632/875/581 591/853/541
f 639/882/588 591/853/541 640/883/589
f 639/882/588 640/883/589 641/884/590
f 639/882/588 641/884/590 642/885/167
f 639/882/588 642/885/167 643/886/591
f 642/885/167 641/884/590 644/887/592
f 645/888/593 646/889/594 647/890/595
f 647/890/595 646/889/594 648/891/596
f 647/890/595 648/891/596 649/892/597
f 647/890/595 649/892/597 650/893/598
f 647/890/595 650/893/598 645/888/593
f 645/888/593 650/893/598 651/894/599
f 645/888/593 651/894/599 451/895/399
f 645/888/593 451/895/399 192/896/183
f 645/888/593 192/896/183 186/897/177
f 645/888/593 186/897/177 646/889/594
f 652/898/600 649/892/597 648/891/596
f 653/899/601 648/891/596 646/889/594
f 653/899/601 646/889/594 186/897/177
f 648/891/596 653/899/601 652/898/600
f 653/899/601 186/897/177 654/900/602
f 654/900/602 186/897/177 184/901/175
f 649/892/597 652/898/600 655/902/603
f 652/898/600 653/899/601 656/903/604
f 656/903/604 653/899/601 654/900/602
f 652/898/600 656/903/604 655/902/603
f 654/900/602 184/901/175 657/904/605
f 654/900/602 657/904/605 656/903/604
f 656/903/604 657/904/605 655/902/603
f 657/904/605 184/901/175 183/905/174
f 657/904/605 183/905/174 658/906/606
f 657/904/605 658/906/606 659/907/607
f 657/904/605 659/907/607 655/902/603
f 655/902/603 659/907/607 660/908/608
f 655/902/603 660/908/608 661/909/609
f 661/909/609 660/908/608 662/910/610
f 663/911/611 552/912/502 119/913/115
f 663/911/611 119/913/115 121/914/117
f 663/911/611 121/914/117 664/915/612
f 663/911/611 664/915/612 665/916/613
f 665/916/613 664/915/612 121/914/117
f 665/916/613 121/914/117 124/917/120
f 665/916/613 124/917/120 666/918/614
f 667/919/615 109/920/105 108/921/104
f 667/919/615 108/921/104 668/922/616
f 668/922/616 108/921/104 443/923/391
f 668/922/616 443/923/391 444/924/392
f 668/922/616 444/924/392 669/925/159
f 670/926/388 671/927/617 669/925/159
f 669/925/159 671/927/617 668/922/616
f 667/919/615 668/922/616 672/928/618
f 667/919/615 672/928/618 673/929/619
f 673/929/619 672/928/618 668/922/616
f 667/919/615 673/929/619 109/920/105
f 668/922/616 671/927/617 674/930/620
f 668/922/616 674/930/620 673/929/619
f 674/930/620 671/927/617 675/931/621
f 109/920/105 673/929/619 676/932/622
f 676/932/622 673/929/619 674/930/620
f 109/920/105 676/932/622 677/933/623
f 674/930/620 675/931/621 678/934/624
f 678/934/624 675/931/621 677/933/623
f 676/932/622 674/930/620 679/935/624
f 676/932/622 679/935/624 677/933/623
f 679/935/624 674/930/620 678/934/624
f 679/935/624 678/934/624 677/933/623
f 448/936/396 680/937/625 445/938/393
f 680/937/625 448/936/396 681/939/626
f 445/938/393 680/937/625 444/940/392
f 680/937/625 681/939/626 682/941/627
f 444/940/392 680/937/625 683/942/628
f 683/942/628 680/937/625 682/941/627
f 444/940/392 683/942/628 669/943/159
f 683/942/628 682/941/627 684/944/629
f 683/942/628 684/944/629 669/943/159
f 684/944/629 682/941/627 685/945/630
f 684/944/629 685/945/630 686/946/631
f 669/943/159 684/944/629 687/947/632
f 687/947/632 684/944/629 686/946/631
f 669/943/159 687/947/632 670/948/388
f 687/947/632 686/946/631 688/949/633
f 687/947/632 688/949/633 670/948/388
f 689/950/634 62/951/634 690/952/634
f 689/953/635 691/954/635 62/955/635
f 62/956/61 689/957/636 692/958/637
f 689/957/636 62/956/61 61/959/60
f 689/957/636 61/959/60 692/958/637
f 692/958/637 61/959/60 58/960/57
f 692/958/637 58/960/57 693/961/638
f 693/961/638 58/960/57 56/962/55
f 692/958/637 693/961/638 694/963/639
f 692/958/637 694/963/639 62/956/61
f 694/963/639 693/961/638 695/964/640
f 62/956/61 694/963/639 696/965/641
f 62/956/61 696/965/641 697/966/642
f 696/965/641 694/963/639 698/967/643
f 698/967/643 694/963/639 699/968/644
f 700/969/645 235/970/220 236/971/221
f 235/970/220 700/969/645 701/972/646
f 701/972/646 700/969/645 702/973/647
f 701/972/646 702/973/647 703/974/648
f 703/974/648 702/973/647 704/975/649
f 235/970/220 701/972/646 705/976/650
f 705/976/650 701/972/646 706/977/651
f 235/970/220 705/976/650 707/978/652
f 235/970/220 707/978/652 233/979/218
f 707/978/652 705/976/650 231/980/216
f 233/979/218 707/978/652 708/981/653
f 708/981/653 707/978/652 231/980/216
f 233/979/218 708/981/653 230/982/215
f 230/982/215 708/981/653 231/980/216
f 236/983/221 709/984/654 700/985/645
f 700/985/645 709/984/654 702/986/647
f 702/986/647 709/984/654 704/987/649
f 704/987/649 709/984/654 710/988/655
f 709/984/654 236/983/221 711/989/656
f 709/984/654 711/989/656 710/988/655
f 704/987/649 710/988/655 712/990/214
f 712/990/214 710/988/655 711/989/656
f 704/987/649 712/990/214 713/991/657
f 711/989/656 236/983/221 697/992/642
f 711/989/656 697/992/642 712/990/214
f 697/992/642 236/983/221 62/993/61
f 712/990/214 697/992/642 713/991/657
f 713/991/657 697/992/642 696/994/641
f 713/991/657 696/994/641 698/995/643
f 383/996/342 379/997/259 428/998/377
f 383/996/342 428/998/377 714/999/658
f 714/999/658 428/998/377 430/1000/379
f 714/999/658 430/1000/379 715/1001/267
f 715/1001/267 430/1000/379 716/1002/659
f 383/996/342 714/999/658 288/1003/265
f 383/996/342 288/1003/265 282/1004/259
f 282/1004/259 288/1003/265 284/1005/261
f 714/999/658 715/1001/267 717/1006/167
f 714/999/658 717/1006/167 288/1003/265
f 717/1006/167 715/1001/267 716/1002/659
f 295/1007/147 290/1008/267 288/1003/265
f 295/1007/147 288/1003/265 717/1006/167
f 717/1006/167 716/1002/659 718/1009/659
f 718/1009/659 716/1002/659 719/1010/660
f 718/1009/659 719/1010/660 720/1011/167
f 718/1009/659 720/1011/167 721/1012/167
f 717/1006/167 718/1009/659 722/1013/167
f 722/1013/167 718/1009/659 721/1012/167
f 722/1013/167 721/1012/167 723/1014/167
f 723/1014/167 721/1012/167 724/1015/167
f 722/1013/167 723/1014/167 298/1016/167
f 722/1013/167 298/1016/167 300/1017/275
f 722/1013/167 300/1017/275 717/1006/167
f 717/1006/167 300/1017/275 725/1018/661
f 717/1006/167 725/1018/661 295/1007/147
f 725/1018/661 300/1017/275 296/1019/272
f 296/1019/272 300/1017/275 297/1020/273
f 295/1007/147 725/1018/661 726/1021/662
f 726/1021/662 725/1018/661 296/1019/272
f 295/1007/147 726/1021/662 727/1022/663
f 727/1022/663 726/1021/662 296/1019/272
f 728/1023/664 296/1019/272 295/1007/147
f 728/1023/664 295/1007/147 727/1022/663
f 728/1023/664 727/1022/663 296/1019/272
f 729/1024/665 56/1025/55 36/1026/36
f 56/1025/55 729/1024/665 693/1027/638
f 729/1024/665 36/1026/36 569/1028/519
f 693/1027/638 729/1024/665 730/1029/666
f 693/1027/638 730/1029/666 695/1030/640
f 729/1024/665 569/1028/519 731/1031/667
f 729/1024/665 731/1031/667 730/1029/666
f 695/1030/640 730/1029/666 732/1032/668
f 732/1032/668 730/1029/666 731/1031/667
f 731/1031/667 569/1028/519 733/1033/669
f 732/1032/668 731/1031/667 734/1034/670
f 733/1033/669 569/1028/519 571/1035/521
f 732/1032/668 734/1034/670 735/1036/671
f 695/1030/640 732/1032/668 736/1037/672
f 732/1032/668 735/1036/671 737/1038/673
f 732/1032/668 737/1038/673 736/1037/672
f 736/1037/672 737/1038/673 735/1036/671
f 733/1033/669 571/1035/521 738/1039/674
f 733/1033/669 738/1039/674 739/1040/675
f 739/1040/675 738/1039/674 740/1041/639
f 738/1039/674 571/1035/521 741/1042/676
f 741/1042/676 571/1035/521 742/1043/677
f 596/1044/546 564/1045/514 563/1046/513
f 563/1046/513 564/1045/514 561/1047/511
f 743/1048/678 497/1049/447 498/1050/448
f 497/1049/447 743/1048/678 495/1051/445
f 744/1052/679 745/1053/680 495/1051/445
f 744/1052/679 495/1051/445 746/1054/681
f 746/1054/681 495/1051/445 743/1048/678
f 746/1054/681 743/1048/678 747/1055/682
f 747/1055/682 743/1048/678 498/1050/448
f 746/1054/681 747/1055/682 748/1056/683
f 747/1055/682 498/1050/448 749/1057/684
f 749/1057/684 498/1050/448 464/1058/412
f 749/1057/684 464/1058/412 510/1059/460
f 747/1055/682 749/1057/684 750/1060/685
f 750/1060/685 749/1057/684 510/1059/460
f 748/1056/683 747/1055/682 751/1061/686
f 751/1061/686 747/1055/682 750/1060/685
f 748/1056/683 751/1061/686 752/1062/687
f 752/1062/687 751/1061/686 753/1063/688
f 753/1063/688 751/1061/686 754/1064/689
f 754/1064/689 751/1061/686 750/1060/685
f 750/1060/685 510/1059/460 755/1065/690
f 755/1065/690 510/1059/460 511/1066/461
f 754/1064/689 750/1060/685 756/1067/691
f 754/1064/689 756/1067/691 757/1068/692
f 750/1060/685 755/1065/690 758/1069/693
f 750/1060/685 758/1069/693 756/1067/691
f 755/1065/690 511/1066/461 759/1070/694
f 755/1065/690 759/1070/694 758/1069/693
f 759/1070/694 511/1066/461 525/1071/475
f 756/1067/691 758/1069/693 760/1072/695
f 760/1072/695 758/1069/693 759/1070/694
f 756/1067/691 760/1072/695 761/1073/696
f 759/1070/694 525/1071/475 762/1074/697
f 759/1070/694 762/1074/697 760/1072/695
f 760/1072/695 762/1074/697 763/1075/698
f 762/1074/697 525/1071/475 524/1076/474
f 763/1075/698 762/1074/697 764/1077/699
f 764/1077/699 762/1074/697 524/1076/474
f 764/1077/699 524/1076/474 765/1078/700
f 601/1079/551 554/1080/504 766/1081/701
f 766/1081/701 554/1080/504 603/1082/553
f 601/1079/551 766/1081/701 598/1083/548
f 766/1081/701 603/1082/553 555/1084/505
f 555/1084/505 603/1082/553 601/1085/551
f 555/1084/505 601/1085/551 598/1086/548
f 766/1081/701 555/1084/505 767/1087/702
f 766/1081/701 767/1087/702 598/1083/548
f 598/1083/548 767/1087/702 599/1088/549
f 599/1088/549 767/1087/702 768/1089/703
f 604/1090/554 334/1091/306 331/1092/303
f 334/1091/306 604/1090/554 568/1093/518
f 334/1091/306 568/1093/518 333/1094/305
f 555/1095/505 552/1096/502 663/1097/611
f 555/1095/505 663/1097/611 665/1098/613
f 555/1095/505 665/1098/613 666/1099/614
f 555/1095/505 666/1099/614 769/1100/704
f 769/1100/704 666/1099/614 770/1101/705
f 770/1101/705 666/1099/614 124/1102/120
f 769/1100/704 770/1101/705 771/1103/706
f 771/1103/706 770/1101/705 124/1102/120
f 771/1103/706 124/1102/120 112/1104/108
f 769/1100/704 771/1103/706 772/1105/622
f 771/1103/706 112/1104/108 773/1106/707
f 771/1103/706 773/1106/707 772/1105/622
f 772/1105/622 773/1106/707 774/1107/708
f 772/1105/622 774/1107/708 775/1108/623
f 775/1108/623 774/1107/708 776/1109/709
f 775/1108/623 776/1109/709 777/1110/710
f 778/1111/711 681/1112/626 448/1113/396
f 778/1111/711 448/1113/396 453/1114/401
f 778/1111/711 453/1114/401 457/1115/405
f 779/1116/712 457/1115/405 455/1117/403
f 457/1115/405 779/1116/712 778/1111/711
f 778/1111/711 779/1116/712 780/1118/713
f 778/1111/711 780/1118/713 781/1119/599
f 781/1119/599 780/1118/713 782/1120/599
f 778/1111/711 781/1119/599 783/1121/714
f 778/1111/711 783/1121/714 681/1112/626
f 783/1121/714 781/1119/599 784/1122/715
f 783/1121/714 784/1122/715 681/1112/626
f 681/1112/626 784/1122/715 682/1123/627
f 682/1123/627 784/1122/715 685/1124/630
f 685/1124/630 784/1122/715 785/1125/716
f 786/1126/717 321/1127/294 495/1128/445
f 786/1126/717 495/1128/445 745/1129/680
f 321/1127/294 786/1126/717 323/1130/296
f 786/1126/717 745/1129/680 787/1131/718
f 786/1126/717 787/1131/718 323/1130/296
f 787/1131/718 745/1129/680 788/1132/719
f 323/1130/296 787/1131/718 789/1133/720
f 323/1130/296 789/1133/720 322/1134/295
f 787/1131/718 788/1132/719 790/1135/721
f 787/1131/718 790/1135/721 789/1133/720
f 789/1133/720 790/1135/721 322/1134/295
f 322/1134/295 790/1135/721 318/1136/291
f 318/1136/291 790/1135/721 325/1137/298
f 568/1138/518 589/1139/539 563/1140/513
f 791/1141/660 594/1142/544 595/1143/545
f 791/1141/660 595/1143/545 599/1144/549
f 594/1142/544 791/1141/660 792/1145/722
f 792/1145/722 791/1141/660 599/1144/549
f 594/1142/544 792/1145/722 591/1146/541
f 591/1146/541 792/1145/722 640/1147/589
f 640/1147/589 792/1145/722 641/1148/590
f 792/1145/722 599/1144/549 793/1149/723
f 793/1149/723 599/1144/549 768/1150/703
f 641/1148/590 792/1145/722 768/1150/703
f 792/1145/722 793/1149/723 794/1151/724
f 792/1145/722 794/1151/724 768/1150/703
f 794/1151/724 793/1149/723 792/1152/725
f 794/1151/724 792/1152/725 768/1150/703
f 768/1150/703 792/1152/725 793/1149/723
f 641/1148/590 768/1150/703 795/1153/726
f 641/1148/590 795/1153/726 595/1154/727
f 641/1148/590 595/1154/727 796/1155/728
f 595/1154/727 795/1153/726 599/1156/623
f 599/1156/623 795/1153/726 796/1157/728
f 599/1156/623 796/1157/728 595/1158/729
f 427/1159/376 431/1160/380 429/1161/378
f 429/1161/378 431/1160/380 797/1162/730
f 797/1162/730 431/1160/380 434/1163/274
f 797/1162/730 434/1163/274 798/1164/731
f 797/1162/730 798/1164/731 799/1165/732
f 799/1165/732 798/1164/731 800/1166/733
f 799/1165/732 800/1166/733 719/1167/660
f 719/1167/660 800/1166/733 720/1168/167
f 799/1165/732 719/1167/660 801/1169/734
f 801/1169/734 719/1167/660 716/1170/659
f 797/1162/730 799/1165/732 802/1171/735
f 797/1162/730 802/1171/735 429/1161/378
f 802/1171/735 799/1165/732 801/1169/734
f 801/1169/734 716/1170/659 430/1172/379
f 801/1169/734 430/1172/379 429/1161/378
f 429/1161/378 802/1171/735 803/1173/736
f 429/1161/378 803/1173/736 801/1169/734
f 801/1169/734 803/1173/736 802/1171/735
f 767/1174/702 555/1175/505 769/1176/704
f 767/1174/702 769/1176/704 772/1177/622
f 767/1174/702 772/1177/622 804/1178/737
f 804/1178/737 772/1177/622 805/1179/738
f 805/1179/738 772/1177/622 775/1180/623
f 804/1178/737 805/1179/738 806/1181/739
f 806/1181/739 805/1179/738 807/1182/740
f 805/1179/738 775/1180/623 808/1183/741
f 807/1182/740 805/1179/738 809/1184/742
f 805/1179/738 808/1183/741 810/1185/743
f 809/1184/742 805/1179/738 777/1186/710
f 777/1186/710 805/1179/738 810/1185/743
f 524/1187/474 527/1188/477 765/1189/700
f 765/1189/700 527/1188/477 811/1190/744
f 811/1190/744 527/1188/477 529/1191/479
f 811/1190/744 529/1191/479 533/1192/483
f 765/1189/700 811/1190/744 812/1193/745
f 812/1193/745 811/1190/744 533/1192/483
f 763/1194/698 764/1195/699 765/1189/700
f 763/1194/698 765/1189/700 761/1196/696
f 763/1194/698 761/1196/696 760/1197/695
f 761/1196/696 765/1189/700 812/1193/745
f 812/1193/745 533/1192/483 813/1198/746
f 813/1198/746 533/1192/483 538/1199/488
f 813/1198/746 538/1199/488 620/1200/569
f 812/1193/745 813/1198/746 814/1201/747
f 761/1196/696 812/1193/745 815/1202/748
f 815/1202/748 812/1193/745 814/1201/747
f 761/1196/696 815/1202/748 816/1203/749
f 761/1196/696 816/1203/749 756/1204/691
f 813/1198/746 620/1200/569 817/1205/750
f 813/1198/746 817/1205/750 814/1201/747
f 817/1205/750 620/1200/569 818/1206/726
f 818/1206/726 620/1200/569 819/1207/751
f 818/1206/726 819/1207/751 817/1205/750
f 756/1204/691 816/1203/749 820/1208/752
f 756/1204/691 820/1208/752 757/1209/692
f 820/1208/752 816/1203/749 821/1210/753
f 821/1210/753 816/1203/749 815/1202/748
f 757/1209/692 820/1208/752 822/1211/754
f 757/1209/692 822/1211/754 754/1212/689
f 754/1212/689 822/1211/754 823/1213/755
f 754/1212/689 823/1213/755 753/1214/688
f 822/1211/754 820/1208/752 824/1215/756
f 824/1215/756 820/1208/752 821/1210/753
f 822/1211/754 824/1215/756 825/1216/757
f 825/1216/757 824/1215/756 821/1210/753
f 822/1211/754 825/1216/757 826/1217/758
f 826/1217/758 825/1216/757 827/1218/759
f 827/1218/759 825/1216/757 828/1219/760
f 828/1219/760 825/1216/757 821/1210/753
f 827/1218/759 828/1219/760 829/1220/761
f 829/1220/761 828/1219/760 830/1221/762
f 828/1219/760 821/1210/753 831/1222/763
f 831/1222/763 821/1210/753 815/1202/748
f 831/1222/763 815/1202/748 814/1201/747
f 831/1222/763 814/1201/747 828/1219/760
f 828/1219/760 814/1201/747 830/1221/762
f 830/1221/762 814/1201/747 819/1207/751
f 830/1221/762 819/1207/751 832/1223/764
f 832/1223/764 819/1207/751 833/1224/765
f 819/1207/751 814/1201/747 834/1225/766
f 819/1207/751 834/1225/766 817/1205/750
f 817/1205/750 834/1225/766 814/1201/747
f 644/1226/592 595/1227/767 642/1228/167
f 642/1228/167 595/1227/767 643/1229/591
f 643/1229/591 595/1227/767 644/1226/592
f 643/1229/591 644/1226/592 641/1230/590
f 768/1231/703 767/1232/702 835/1233/768
f 768/1231/703 835/1233/768 836/1234/769
f 835/1233/768 767/1232/702 837/1235/770
f 835/1233/768 837/1235/770 836/1234/769
f 768/1231/703 836/1234/769 639/1236/588
f 768/1231/703 639/1236/588 643/1237/591
f 768/1231/703 643/1237/591 795/1238/726
f 795/1238/726 643/1237/591 796/1239/728
f 796/1239/728 643/1237/591 641/1240/590
f 837/1235/770 767/1232/702 804/1241/737
f 836/1234/769 837/1235/770 838/1242/771
f 837/1235/770 804/1241/737 839/1243/772
f 838/1242/771 837/1235/770 840/1244/773
f 837/1235/770 839/1243/772 841/1245/774
f 837/1235/770 841/1245/774 840/1244/773
f 796/1246/775 595/1247/775 644/1248/775
f 736/1249/672 739/1250/675 695/1251/640
f 739/1250/675 736/1249/672 735/1252/671
f 739/1250/675 735/1252/671 734/1253/670
f 739/1250/675 734/1253/670 731/1254/667
f 739/1250/675 731/1254/667 733/1255/669
f 695/1251/640 739/1250/675 740/1256/639
f 695/1251/640 740/1256/639 694/1257/639
f 694/1257/639 740/1256/639 699/1258/644
f 842/1259/776 435/1260/383 227/1261/212
f 435/1260/383 842/1259/776 843/1262/777
f 435/1260/383 843/1262/777 844/1263/269
f 844/1263/269 843/1262/777 842/1259/776
f 842/1259/776 227/1261/212 845/1264/778
f 845/1264/778 227/1261/212 226/1265/211
f 845/1264/778 226/1265/211 231/1266/216
f 845/1264/778 231/1266/216 846/1267/655
f 845/1264/778 846/1267/655 847/1268/779
f 845/1264/778 847/1268/779 842/1259/776
f 842/1259/776 847/1268/779 848/1269/780
f 649/1270/597 655/1271/603 650/1272/598
f 650/1272/598 655/1271/603 651/1273/599
f 651/1273/599 655/1271/603 661/1274/609
f 651/1273/599 661/1274/609 455/1275/403
f 651/1273/599 455/1275/403 451/1276/399
f 773/1277/707 112/1278/108 774/1279/708
f 774/1279/708 112/1278/108 849/1280/781
f 774/1279/708 849/1280/781 850/1281/782
f 849/1280/781 112/1278/108 109/1282/105
f 849/1280/781 109/1282/105 851/1283/783
f 704/1284/649 852/1285/784 703/1286/648
f 852/1285/784 704/1284/649 713/1287/657
f 852/1285/784 713/1287/657 853/1288/785
f 703/1286/648 852/1285/784 701/1289/646
f 701/1289/646 852/1285/784 853/1288/785
f 701/1289/646 853/1288/785 854/1290/642
f 701/1289/646 854/1290/642 855/1291/786
f 701/1289/646 855/1291/786 706/1292/651
f 775/1293/623 639/1294/588 836/1295/769
f 639/1294/588 775/1293/623 810/1296/743
f 810/1296/743 775/1293/623 777/1297/710
f 639/1294/588 810/1296/743 839/1298/772
f 839/1298/772 810/1296/743 808/1299/741
f 839/1298/772 808/1299/741 841/1300/774
f 806/1301/739 840/1302/773 841/1300/774
f 806/1301/739 841/1300/774 804/1303/737
f 804/1303/737 841/1300/774 808/1299/741
f 804/1303/737 808/1299/741 775/1304/623
f 804/1303/737 775/1304/623 836/1305/769
f 804/1303/737 836/1305/769 839/1306/772
f 844/1307/269 434/1308/274 435/1309/383
f 848/1310/780 844/1307/269 842/1311/776
f 844/1307/269 848/1310/780 856/1312/678
f 844/1307/269 856/1312/678 434/1308/274
f 434/1308/274 856/1312/678 857/1313/787
f 434/1308/274 857/1313/787 858/1314/788
f 858/1314/788 857/1313/787 859/1315/789
f 858/1314/788 859/1315/789 860/1316/790
f 434/1308/274 858/1314/788 861/1317/791
f 861/1317/791 858/1314/788 862/1318/792
f 434/1308/274 861/1317/791 863/1319/793
f 434/1308/274 863/1319/793 798/1320/731
f 798/1320/731 863/1319/793 864/1321/794
f 798/1320/731 864/1321/794 800/1322/733
f 864/1321/794 863/1319/793 865/1323/730
f 864/1321/794 865/1323/730 800/1322/733
f 865/1323/730 863/1319/793 861/1317/791
f 861/1317/791 862/1318/792 866/1324/795
f 861/1317/791 866/1324/795 865/1323/730
f 866/1324/795 862/1318/792 867/1325/792
f 867/1325/792 862/1318/792 868/1326/796
f 866/1324/795 867/1325/792 869/1327/167
f 865/1323/730 866/1324/795 870/1328/167
f 865/1323/730 870/1328/167 800/1322/733
f 870/1328/167 866/1324/795 869/1327/167
f 800/1322/733 870/1328/167 720/1329/167
f 720/1329/167 870/1328/167 721/1330/167
f 721/1330/167 870/1328/167 871/1331/167
f 721/1330/167 871/1331/167 724/1332/167
f 870/1328/167 869/1327/167 872/1333/167
f 870/1328/167 872/1333/167 871/1331/167
f 871/1331/167 872/1333/167 724/1332/167
f 872/1333/167 869/1327/167 873/1334/167
f 872/1333/167 873/1334/167 724/1332/167
f 724/1332/167 873/1334/167 874/1335/167
f 839/1336/772 638/1337/587 639/1338/588
f 638/1337/587 839/1336/772 836/1339/769
f 638/1337/587 836/1339/769 777/1340/797
f 638/1337/587 777/1340/797 838/1341/771
f 838/1341/771 777/1340/797 836/1339/769
f 810/1342/798 777/1343/798 836/1344/798
f 875/1345/217 231/1346/216 705/1347/650
f 231/1346/216 875/1345/217 846/1348/655
f 847/1349/779 846/1348/655 848/1350/780
f 848/1350/780 846/1348/655 876/1351/799
f 876/1351/799 846/1348/655 875/1345/217
f 848/1350/780 876/1351/799 856/1352/678
f 856/1352/678 876/1351/799 857/1353/787
f 857/1353/787 876/1351/799 877/1354/800
f 877/1354/800 876/1351/799 875/1345/217
f 857/1353/787 877/1354/800 859/1355/789
f 859/1355/789 877/1354/800 878/1356/641
f 878/1356/641 877/1354/800 875/1345/217
f 859/1355/789 878/1356/641 879/1357/214
f 878/1356/641 875/1345/217 880/1358/801
f 880/1358/801 875/1345/217 881/1359/802
f 881/1359/802 875/1345/217 705/1347/650
f 880/1358/801 881/1359/802 882/1360/209
f 881/1359/802 705/1347/650 706/1361/651
f 881/1359/802 706/1361/651 883/1362/803
f 881/1359/802 883/1362/803 884/1363/804
f 883/1362/803 706/1361/651 855/1364/786
f 884/1363/804 883/1362/803 885/1365/805
f 885/1365/805 883/1362/803 855/1364/786
f 884/1363/804 885/1365/805 886/1366/641
f 886/1366/641 885/1365/805 887/1367/806
f 886/1366/641 887/1367/806 888/1368/807
f 885/1365/805 855/1364/786 889/1369/808
f 885/1365/805 889/1369/808 887/1367/806
f 888/1368/807 887/1367/806 890/1370/809
f 890/1370/809 887/1367/806 889/1369/808
f 888/1368/807 890/1370/809 891/1371/810
f 889/1369/808 855/1364/786 892/1372/811
f 889/1369/808 892/1372/811 890/1370/809
f 892/1372/811 855/1364/786 854/1373/642
f 891/1371/810 890/1370/809 893/1374/812
f 893/1374/812 890/1370/809 892/1372/811
f 891/1371/810 893/1374/812 894/1375/813
f 893/1374/812 892/1372/811 854/1373/642
f 893/1374/812 854/1373/642 895/1376/814
f 895/1376/814 854/1373/642 896/1377/815
f 896/1377/815 854/1373/642 897/1378/816
f 897/1378/816 854/1373/642 853/1379/785
f 176/1380/167 160/1381/153 161/1382/154
f 176/1380/167 161/1382/154 898/1383/817
f 898/1383/817 161/1382/154 291/1384/268
f 176/1380/167 898/1383/817 899/1385/818
f 898/1383/817 291/1384/268 900/1386/819
f 898/1383/817 900/1386/819 899/1385/818
f 299/1387/274 291/1384/268 292/1388/269
f 900/1386/819 291/1384/268 901/1389/167
f 901/1389/167 291/1384/268 299/1387/274
f 900/1386/819 901/1389/167 902/1390/820
f 900/1386/819 902/1390/820 899/1385/818
f 901/1389/167 299/1387/274 903/1391/167
f 903/1391/167 299/1387/274 298/1392/167
f 903/1391/167 298/1392/167 904/1393/167
f 904/1393/167 298/1392/167 723/1394/167
f 903/1391/167 904/1393/167 905/1395/167
f 903/1391/167 905/1395/167 901/1389/167
f 901/1389/167 905/1395/167 906/1396/167
f 901/1389/167 906/1396/167 902/1390/820
f 902/1390/820 906/1396/167 907/1397/821
f 907/1397/821 906/1396/167 908/1398/822
f 907/1397/821 908/1398/822 909/1399/670
f 902/1390/820 907/1397/821 910/1400/818
f 907/1397/821 909/1399/670 911/1401/823
f 907/1397/821 911/1401/823 910/1400/818
f 911/1401/823 909/1399/670 912/1402/769
f 911/1401/823 912/1402/769 913/1403/824
f 910/1400/818 911/1401/823 914/1404/825
f 902/1390/820 910/1400/818 899/1385/818
f 910/1400/818 914/1404/825 915/1405/791
f 915/1405/791 914/1404/825 916/1406/826
f 899/1385/818 910/1400/818 917/1407/827
f 917/1407/827 910/1400/818 915/1405/791
f 899/1385/818 917/1407/827 918/1408/828
f 917/1407/827 915/1405/791 919/1409/829
f 917/1407/827 919/1409/829 920/1410/830
f 917/1407/827 920/1410/830 918/1408/828
f 919/1409/829 915/1405/791 921/1411/831
f 920/1410/830 919/1409/829 922/1412/832
f 921/1411/831 915/1405/791 923/1413/833
f 920/1410/830 922/1412/832 918/1408/828
f 922/1412/832 919/1409/829 921/1411/831
f 921/1411/831 923/1413/833 924/1414/834
f 921/1411/831 924/1414/834 925/1415/835
f 925/1415/835 924/1414/834 926/1416/836
f 921/1411/831 925/1415/835 927/1417/143
f 927/1417/143 925/1415/835 926/1416/836
f 927/1417/143 926/1416/836 924/1414/834
f 921/1411/831 927/1417/143 922/1412/832
f 927/1417/143 924/1414/834 928/1418/837
f 927/1417/143 928/1418/837 929/1419/714
f 929/1419/714 928/1418/837 930/1420/838
f 929/1419/714 930/1420/838 931/1421/839
f 929/1419/714 931/1421/839 927/1417/143
f 927/1417/143 931/1421/839 932/1422/143
f 927/1417/143 932/1422/143 922/1412/832
f 932/1422/143 931/1421/839 178/1423/169
f 922/1412/832 932/1422/143 933/1424/599
f 933/1424/599 932/1422/143 178/1423/169
f 922/1412/832 933/1424/599 918/1408/828
f 933/1424/599 178/1423/169 172/1425/159
f 172/1425/159 178/1423/169 171/1426/159
f 918/1408/828 933/1424/599 934/1427/840
f 933/1424/599 172/1425/159 935/1428/841
f 933/1424/599 935/1428/841 934/1427/840
f 935/1428/841 172/1425/159 174/1429/165
f 935/1428/841 174/1429/165 175/1430/166
f 934/1427/840 935/1428/841 936/1431/795
f 936/1431/795 935/1428/841 175/1430/166
f 934/1427/840 936/1431/795 918/1408/828
f 936/1431/795 175/1430/166 176/1380/167
f 918/1408/828 936/1431/795 899/1385/818
f 899/1385/818 936/1431/795 176/1380/167
f 809/1432/742 777/1433/710 776/1434/709
f 809/1432/742 776/1434/709 937/1435/490
f 937/1435/490 776/1434/709 938/1436/842
f 937/1435/490 938/1436/842 807/1437/740
f 937/1435/490 807/1437/740 939/1438/843
f 939/1438/843 807/1437/740 809/1439/742
f 938/1436/842 776/1434/709 940/1440/844
f 940/1440/844 776/1434/709 941/1441/845
f 938/1436/842 940/1440/844 942/1442/846
f 938/1436/842 942/1442/846 838/1443/771
f 942/1442/846 940/1440/844 943/1444/847
f 838/1443/771 942/1442/846 944/1445/848
f 944/1445/848 942/1442/846 943/1444/847
f 838/1443/771 944/1445/848 635/1446/584
f 838/1443/771 635/1446/584 638/1447/587
f 944/1445/848 943/1444/847 840/1448/773
f 943/1444/847 940/1440/844 945/1449/849
f 840/1448/773 943/1444/847 838/1450/771
f 943/1444/847 945/1449/849 938/1451/842
f 943/1444/847 938/1451/842 838/1450/771
f 850/1452/782 776/1453/709 774/1454/708
f 776/1453/709 850/1452/782 946/1455/850
f 946/1455/850 850/1452/782 849/1456/781
f 947/1457/851 948/1458/852 849/1456/781
f 849/1456/781 948/1458/852 949/1459/853
f 849/1456/781 949/1459/853 946/1455/850
f 946/1455/850 949/1459/853 950/1460/854
f 946/1455/850 950/1460/854 951/1461/284
f 776/1453/709 946/1455/850 952/1462/855
f 952/1462/855 946/1455/850 951/1461/284
f 776/1453/709 952/1462/855 953/1463/856
f 953/1463/856 952/1462/855 951/1461/284
f 937/1464/490 954/1465/857 809/1466/742
f 809/1466/742 954/1465/857 939/1467/843
f 939/1467/843 954/1465/857 955/1468/858
f 939/1467/843 955/1468/858 956/1469/859
f 939/1467/843 956/1469/859 938/1470/842
f 938/1470/842 956/1469/859 807/1471/740
f 956/1469/859 955/1468/858 957/1472/860
f 956/1469/859 957/1472/860 958/1473/861
f 958/1473/861 957/1472/860 959/1474/862
f 790/1475/721 584/1476/534 325/1477/298
f 325/1477/298 584/1476/534 582/1478/532
f 779/1479/712 455/1480/403 661/1481/609
f 779/1479/712 661/1481/609 960/1482/863
f 779/1479/712 960/1482/863 961/1483/864
f 779/1479/712 961/1483/864 780/1484/713
f 780/1484/713 961/1483/864 782/1485/599
f 685/1486/630 962/1487/865 963/1488/866
f 962/1487/865 685/1486/630 785/1489/716
f 962/1487/865 785/1489/716 964/1490/867
f 964/1490/867 785/1489/716 965/1491/868
f 964/1490/867 965/1491/868 966/1492/869
f 966/1492/869 965/1491/868 967/1493/870
f 967/1493/870 965/1491/868 781/1494/599
f 967/1493/870 781/1494/599 782/1495/599
f 937/1496/490 968/1497/871 954/1498/857
f 968/1497/871 937/1496/490 939/1499/843
f 968/1497/871 939/1499/843 958/1500/861
f 968/1497/871 958/1500/861 969/1501/872
f 954/1498/857 968/1497/871 955/1502/858
f 968/1497/871 969/1501/872 970/1503/873
f 955/1502/858 968/1497/871 971/1504/874
f 968/1497/871 970/1503/873 972/1505/875
f 968/1497/871 972/1505/875 971/1504/874
f 972/1505/875 970/1503/873 973/1506/876
f 973/1506/876 970/1503/873 974/1507/877
f 971/1504/874 972/1505/875 975/1508/878
f 975/1508/878 972/1505/875 973/1506/876
f 973/1506/876 974/1507/877 976/1509/879
f 973/1506/876 976/1509/879 977/1510/880
f 978/1511/881 955/1502/858 971/1504/874
f 978/1511/881 971/1504/874 975/1508/878
f 955/1502/858 978/1511/881 957/1512/860
f 957/1512/860 978/1511/881 979/1513/882
f 979/1513/882 978/1511/881 980/1514/883
f 980/1514/883 978/1511/881 975/1508/878
f 977/1510/880 976/1509/879 981/1515/884
f 982/1516/885 975/1508/878 973/1506/876
f 982/1516/885 973/1506/876 977/1510/880
f 975/1508/878 982/1516/885 980/1514/883
f 982/1516/885 977/1510/880 981/1515/884
f 980/1514/883 982/1516/885 983/1517/886
f 983/1517/886 982/1516/885 981/1515/884
f 980/1514/883 983/1517/886 984/1518/887
f 984/1518/887 983/1517/886 981/1515/884
f 984/1518/887 981/1515/884 985/1519/888
f 986/1520/889 987/1521/890 988/1522/891
f 988/1522/891 987/1521/890 989/1523/892
f 988/1522/891 989/1523/892 990/1524/893
f 986/1520/889 988/1522/891 776/1525/709
f 986/1520/889 776/1525/709 953/1526/856
f 986/1520/889 953/1526/856 951/1527/284
f 987/1521/890 986/1520/889 991/1528/894
f 991/1528/894 986/1520/889 992/1529/895
f 991/1528/894 992/1529/895 989/1530/892
f 807/1531/740 956/1532/859 806/1533/739
f 806/1533/739 956/1532/859 945/1534/849
f 958/1535/861 993/1536/896 956/1532/859
f 956/1532/859 993/1536/896 840/1537/773
f 956/1532/859 840/1537/773 994/1538/897
f 956/1532/859 994/1538/897 945/1534/849
f 994/1538/897 840/1537/773 806/1539/739
f 994/1538/897 806/1539/739 940/1540/844
f 940/1540/844 806/1539/739 945/1541/849
f 945/1534/849 994/1538/897 958/1542/861
f 958/1542/861 994/1538/897 993/1543/896
f 945/1534/849 958/1542/861 939/1544/843
f 945/1534/849 939/1544/843 938/1545/842
f 995/1546/898 996/1547/899 953/1548/900
f 995/1546/898 953/1548/900 952/1549/901
f 995/1546/898 952/1549/901 997/1550/902
f 995/1546/898 997/1550/902 996/1547/899
f 952/1549/901 953/1548/900 998/1551/903
f 952/1549/901 998/1551/903 997/1550/902
f 998/1551/903 953/1548/900 999/1552/904
f 999/1552/904 953/1548/900 996/1547/899
f 998/1551/903 999/1552/904 992/1553/895
f 992/1553/895 999/1552/904 989/1554/892
f 999/1552/904 996/1547/899 1000/1555/905
f 1000/1555/905 996/1547/899 1001/1556/906
f 1001/1556/906 996/1547/899 1002/1557/907
f 998/1551/903 992/1553/895 950/1558/854
f 950/1558/854 992/1553/895 951/1559/284
f 998/1551/903 950/1558/854 997/1550/902
f 1002/1557/907 996/1547/899 1003/1560/908
f 1003/1560/908 996/1547/899 997/1550/902
f 1002/1557/907 1003/1560/908 999/1561/904
f 999/1561/904 1003/1560/908 997/1550/902
f 1002/1557/907 999/1561/904 1000/1562/905
f 997/1550/902 950/1558/854 1004/1563/909
f 999/1561/904 997/1550/902 1005/1564/910
f 1005/1564/910 997/1550/902 1004/1563/909
f 999/1561/904 1005/1564/910 1006/1565/911
f 999/1561/904 1006/1565/911 989/1566/892
f 1005/1564/910 1004/1563/909 1007/1567/912
f 1007/1567/912 1004/1563/909 950/1558/854
f 1007/1567/912 950/1558/854 949/1568/853
f 1007/1567/912 949/1568/853 948/1569/852
f 1007/1567/912 948/1569/852 1008/1570/913
f 1008/1570/913 948/1569/852 1009/1571/914
f 1009/1571/914 948/1569/852 1010/1572/915
f 1009/1571/914 1010/1572/915 1011/1573/916
f 1011/1573/916 1010/1572/915 948/1569/852
f 1011/1573/916 948/1569/852 1012/1574/917
f 776/1575/709 988/1576/891 1013/1577/918
f 1013/1577/918 988/1576/891 990/1578/893
f 776/1575/709 1013/1577/918 941/1579/845
f 1013/1577/918 990/1578/893 986/1580/889
f 986/1580/889 990/1578/893 992/1581/895
f 1013/1577/918 986/1580/889 951/1582/284
f 1013/1577/918 951/1582/284 941/1579/845
f 941/1579/845 951/1582/284 992/1583/895
f 941/1579/845 992/1583/895 990/1584/893
f 941/1579/845 990/1584/893 1014/1585/919
f 1015/1586/920 987/1587/890 991/1588/894
f 1015/1586/920 991/1588/894 989/1589/892
f 987/1587/890 1015/1586/920 1016/1590/921
f 987/1587/890 1016/1590/921 1017/1591/922
f 987/1587/890 1017/1591/922 989/1592/892
f 1015/1593/920 1018/1594/923 1016/1595/921
f 1016/1595/921 1018/1594/923 1019/1596/924
f 1016/1595/921 1019/1596/924 1020/1597/925
f 1020/1597/925 1019/1596/924 1021/1598/926
f 1019/1596/924 1018/1594/923 1022/1599/927
f 1018/1594/923 1015/1593/920 1017/1600/922
f 1018/1594/923 1017/1600/922 1022/1599/927
f 1017/1600/922 1015/1593/920 989/1601/892
f 1022/1599/927 1017/1600/922 1016/1602/921
f 989/1603/892 1023/1604/928 990/1605/893
f 990/1605/893 1023/1604/928 1014/1606/919
f 1023/1604/928 989/1603/892 1006/1607/911
f 1014/1606/919 1023/1604/928 1024/1608/929
f 1014/1606/919 1024/1608/929 941/1609/845
f 941/1609/845 1024/1608/929 1025/1610/930
f 941/1609/845 1025/1610/930 940/1611/844
f 1025/1610/930 1024/1608/929 1026/1612/931
f 1026/1612/931 1024/1608/929 1023/1604/928
f 1025/1610/930 1026/1612/931 1027/1613/932
f 1027/1613/932 1026/1612/931 1028/1614/933
f 1026/1612/931 1023/1604/928 1029/1615/934
f 1029/1615/934 1023/1604/928 1006/1607/911
f 1029/1615/934 1006/1607/911 1030/1616/935
f 1029/1615/934 1030/1616/935 1031/1617/936
f 1031/1617/936 1030/1616/935 1032/1618/937
f 1031/1617/936 1032/1618/937 1021/1619/926
f 1021/1619/926 1032/1618/937 1020/1620/925
f 1020/1620/925 1032/1618/937 1030/1616/935
f 1030/1616/935 1006/1607/911 1022/1621/927
f 1030/1616/935 1022/1621/927 1020/1620/925
f 1020/1620/925 1022/1621/927 1016/1622/921
f 1022/1621/927 1006/1607/911 1005/1623/910
f 1022/1621/927 1005/1623/910 1033/1624/938
f 1033/1624/938 1005/1623/910 1034/1625/939
f 1033/1624/938 1034/1625/939 1035/1626/940
f 1033/1624/938 1035/1626/940 1022/1621/927
f 1022/1621/927 1035/1626/940 1036/1627/941
f 1022/1621/927 1036/1627/941 1019/1628/924
f 1001/1629/906 1002/1630/907 1037/1631/942
f 1001/1629/906 1037/1631/942 1036/1632/941
f 1036/1632/941 1037/1631/942 1038/1633/943
f 1038/1633/943 1037/1631/942 1002/1630/907
f 1038/1633/943 1002/1630/907 1000/1634/905
f 1038/1633/943 1000/1634/905 1001/1635/906
f 1038/1633/943 1001/1635/906 1035/1636/940
f 1035/1636/940 1001/1635/906 1036/1637/941
f 965/1638/868 785/1639/716 784/1640/715
f 965/1638/868 784/1640/715 781/1641/599
f 851/1642/783 109/1643/105 677/1644/623
f 851/1642/783 677/1644/623 1039/1645/944
f 1039/1645/944 677/1644/623 675/1646/621
f 1039/1645/944 675/1646/621 671/1647/617
f 1039/1645/944 671/1647/617 1040/1648/945
f 1041/1649/946 1042/1650/947 840/1651/773
f 840/1651/773 1042/1650/947 944/1652/848
f 1041/1649/946 840/1651/773 993/1653/896
f 994/1654/897 1042/1655/947 993/1656/896
f 1042/1655/947 994/1654/897 940/1657/844
f 1042/1655/947 940/1657/844 944/1658/848
f 944/1659/848 940/1660/844 1043/1661/948
f 1043/1661/948 940/1660/844 993/1662/896
f 944/1659/848 1043/1661/948 635/1663/584
f 635/1663/584 1043/1661/948 636/1664/585
f 1043/1661/948 993/1662/896 1042/1665/947
f 1043/1661/948 1042/1665/947 1041/1666/946
f 1043/1661/948 1041/1666/946 1044/1667/949
f 1044/1667/949 1041/1666/946 993/1668/896
f 1044/1667/949 993/1668/896 940/1669/844
f 1044/1667/949 940/1669/844 958/1670/861
f 958/1670/861 940/1669/844 1025/1671/930
f 1044/1667/949 958/1670/861 959/1672/862
f 1045/1673/950 981/1674/884 976/1675/879
f 1045/1673/950 976/1675/879 1046/1676/951
f 1046/1676/951 976/1675/879 974/1677/877
f 1047/1678/952 1048/1679/953 1045/1673/950
f 1047/1678/952 1045/1673/950 1046/1676/951
f 1046/1676/951 974/1677/877 1049/1680/954
f 1049/1680/954 974/1677/877 1050/1681/955
f 1049/1680/954 1050/1681/955 1051/1682/956
f 1049/1680/954 1051/1682/956 1052/1683/957
f 1052/1683/957 1051/1682/956 1053/1684/958
f 1052/1683/957 1053/1684/958 1054/1685/959
f 1052/1683/957 1054/1685/959 1049/1680/954
f 1049/1680/954 1054/1685/959 1046/1676/951
f 1046/1676/951 1054/1685/959 1055/1686/960
f 1056/1687/961 1047/1678/952 1046/1676/951
f 1047/1678/952 1056/1687/961 833/1688/765
f 1047/1678/952 833/1688/765 1057/1689/962
f 833/1688/765 1056/1687/961 832/1690/764
f 832/1690/764 1056/1687/961 1058/1691/963
f 1058/1691/963 1056/1687/961 1059/1692/964
f 1060/1693/965 788/1694/719 745/1695/680
f 1060/1693/965 745/1695/680 744/1696/679
f 1060/1693/965 744/1696/679 1061/1697/966
f 1061/1697/966 744/1696/679 1062/1698/967
f 1062/1698/967 744/1696/679 1063/1699/968
f 1063/1699/968 744/1696/679 1064/1700/969
f 1063/1699/968 1064/1700/969 1065/1701/970
f 1063/1699/968 1065/1701/970 1066/1702/971
f 1064/1700/969 744/1696/679 1067/1703/972
f 1067/1703/972 744/1696/679 746/1704/681
f 1067/1703/972 746/1704/681 1068/1705/973
f 1068/1705/973 746/1704/681 748/1706/683
f 1066/1702/971 1065/1701/970 1069/1707/974
f 1066/1702/971 1069/1707/974 1070/1708/975
f 1070/1708/975 1069/1707/974 1071/1709/976
f 1069/1707/974 1065/1701/970 1072/1710/977
f 1069/1707/974 1072/1710/977 1071/1709/976
f 1072/1710/977 1065/1701/970 1073/1711/978
f 1073/1711/978 1065/1701/970 1064/1700/969
f 1071/1709/976 1072/1710/977 1074/1712/979
f 1073/1711/978 1064/1700/969 1075/1713/980
f 1075/1713/980 1064/1700/969 1067/1703/972
f 1072/1710/977 1073/1711/978 1076/1714/981
f 1072/1710/977 1076/1714/981 1074/1712/979
f 1076/1714/981 1073/1711/978 1077/1715/982
f 1077/1715/982 1073/1711/978 1075/1713/980
f 1076/1714/981 1077/1715/982 1078/1716/983
f 1076/1714/981 1078/1716/983 1074/1712/979
f 1077/1715/982 1075/1713/980 1079/1717/984
f 1077/1715/982 1079/1717/984 1078/1716/983
f 1080/1718/985 1075/1713/980 1067/1703/972
f 1075/1713/980 1080/1718/985 1081/1719/986
f 1075/1713/980 1081/1719/986 1079/1717/984
f 1080/1718/985 1067/1703/972 1068/1705/973
f 1081/1719/986 1080/1718/985 1082/1720/987
f 1082/1720/987 1080/1718/985 1068/1705/973
f 1081/1719/986 1082/1720/987 1079/1717/984
f 752/1721/687 1068/1705/973 748/1706/683
f 1082/1720/987 1068/1705/973 1083/1722/988
f 1083/1722/988 1068/1705/973 752/1721/687
f 1079/1717/984 1082/1720/987 1084/1723/989
f 1084/1723/989 1082/1720/987 822/1724/754
f 1079/1717/984 1084/1723/989 1085/1725/990
f 1079/1717/984 1085/1725/990 1078/1716/983
f 1084/1723/989 822/1724/754 826/1726/758
f 1084/1723/989 826/1726/758 1085/1725/990
f 822/1724/754 1082/1720/987 753/1727/688
f 822/1724/754 753/1727/688 823/1728/755
f 753/1727/688 1082/1720/987 1083/1722/988
f 1086/1729/991 752/1721/687 753/1727/688
f 1086/1729/991 753/1727/688 1083/1722/988
f 752/1721/687 1086/1729/991 1087/1730/992
f 1087/1730/992 1086/1729/991 1083/1722/988
f 1088/1731/993 1083/1722/988 752/1721/687
f 1083/1722/988 1088/1731/993 1087/1730/992
f 1087/1730/992 1088/1731/993 752/1721/687
f 1089/1732/994 1085/1725/990 826/1726/758
f 1085/1725/990 1089/1732/994 1078/1716/983
f 1089/1732/994 826/1726/758 827/1733/759
f 1078/1716/983 1089/1732/994 1090/1734/995
f 1090/1734/995 1089/1732/994 827/1733/759
f 1078/1716/983 1090/1734/995 1091/1735/996
f 1091/1735/996 1090/1734/995 827/1733/759
f 1091/1735/996 827/1733/759 829/1736/761
f 1078/1716/983 1091/1735/996 1074/1712/979
f 1091/1735/996 829/1736/761 830/1737/762
f 1074/1712/979 1091/1735/996 1092/1738/997
f 1092/1738/997 1091/1735/996 830/1737/762
f 1074/1712/979 1092/1738/997 1048/1739/953
f 1074/1712/979 1048/1739/953 1071/1709/976
f 1071/1709/976 1048/1739/953 1047/1740/952
f 1048/1739/953 1092/1738/997 1057/1741/962
f 1048/1739/953 1057/1741/962 833/1742/765
f 1048/1739/953 833/1742/765 1093/1743/998
f 1057/1741/962 1092/1738/997 1094/1744/999
f 1092/1738/997 830/1737/762 1095/1745/1000
f 1092/1738/997 1095/1745/1000 1094/1744/999
f 1095/1745/1000 830/1737/762 1096/1746/1001
f 1096/1746/1001 830/1737/762 832/1747/764
f 1094/1744/999 1095/1745/1000 1097/1748/1002
f 1097/1748/1002 1095/1745/1000 1096/1746/1001
f 1094/1744/999 1097/1748/1002 1098/1749/1003
f 1098/1749/1003 1097/1748/1002 1096/1746/1001
f 1099/1750/1004 1096/1746/1001 1094/1744/999
f 1096/1746/1001 1099/1750/1004 1098/1749/1003
f 1098/1749/1003 1099/1750/1004 1094/1744/999
f 1100/1751/1005 961/1752/864 960/1753/863
f 961/1752/864 1100/1751/1005 782/1754/599
f 782/1754/599 1100/1751/1005 1101/1755/1006
f 1101/1755/1006 1100/1751/1005 662/1756/610
f 662/1756/610 1100/1751/1005 960/1753/863
f 662/1756/610 960/1753/863 661/1757/609
f 622/1758/571 1102/1759/1007 620/1760/569
f 620/1760/569 1102/1759/1007 819/1761/751
f 819/1761/751 1102/1759/1007 1103/1762/1008
f 1103/1762/1008 1102/1759/1007 622/1758/571
f 819/1761/751 1103/1762/1008 833/1763/765
f 1104/1764/1009 622/1758/571 623/1765/572
f 622/1758/571 1104/1764/1009 1103/1762/1008
f 833/1763/765 1103/1762/1008 1093/1766/998
f 1093/1766/998 1103/1762/1008 1105/1767/1010
f 1093/1766/998 1105/1767/1010 1045/1768/950
f 1093/1766/998 1045/1768/950 1048/1769/953
f 1105/1767/1010 1103/1762/1008 985/1770/888
f 985/1770/888 1103/1762/1008 1104/1764/1009
f 1105/1767/1010 985/1770/888 1045/1768/950
f 985/1770/888 1104/1764/1009 984/1771/887
f 1045/1768/950 985/1770/888 981/1772/884
f 1029/1773/934 1106/1774/1011 1026/1775/931
f 1106/1774/1011 1029/1773/934 1031/1776/936
f 1026/1775/931 1106/1774/1011 1028/1777/933
f 1106/1774/1011 1031/1776/936 1107/1778/1012
f 1107/1778/1012 1031/1776/936 1021/1779/926
f 1106/1774/1011 1107/1778/1012 1108/1780/1013
f 1106/1774/1011 1108/1780/1013 1028/1777/933
f 1108/1780/1013 1107/1778/1012 1109/1781/1014
f 1109/1781/1014 1107/1778/1012 1110/1782/1015
f 1111/1783/1016 1112/1784/1017 1110/1782/1015
f 1110/1782/1015 1112/1784/1017 1109/1781/1014
f 1109/1781/1014 1112/1784/1017 1113/1785/1018
f 1109/1781/1014 1113/1785/1018 1114/1786/1019
f 1114/1786/1019 1113/1785/1018 1115/1787/1020
f 1115/1787/1020 1028/1777/933 1108/1780/1013
f 1109/1781/1014 1114/1786/1019 1116/1788/1021
f 1116/1788/1021 1114/1786/1019 1115/1787/1020
f 1109/1781/1014 1116/1788/1021 1117/1789/1022
f 1109/1781/1014 1117/1789/1022 1108/1780/1013
f 1117/1789/1022 1116/1788/1021 1115/1787/1020
f 1117/1789/1022 1115/1787/1020 1108/1780/1013
f 1028/1777/933 1115/1787/1020 1118/1790/1023
f 1028/1777/933 1118/1790/1023 1119/1791/1024
f 1028/1777/933 1119/1791/1024 1027/1792/932
f 1027/1792/932 1119/1791/1024 1120/1793/1025
f 1027/1792/932 1120/1793/1025 958/1794/861
f 1027/1792/932 958/1794/861 1025/1795/930
f 958/1794/861 1120/1793/1025 969/1796/872
f 1121/1797/1026 631/1798/580 634/1799/583
f 1121/1797/1026 634/1799/583 636/1800/585
f 1121/1797/1026 636/1800/585 631/1798/580
f 631/1798/580 636/1800/585 979/1801/882
f 631/1798/580 979/1801/882 1122/1802/1027
f 1122/1802/1027 979/1801/882 980/1803/883
f 1122/1802/1027 980/1803/883 984/1804/887
f 1122/1802/1027 984/1804/887 1104/1805/1009
f 631/1798/580 1122/1802/1027 628/1806/577
f 628/1806/577 1122/1802/1027 1104/1805/1009
f 631/1798/580 628/1806/577 629/1807/578
f 628/1806/577 1104/1805/1009 623/1808/572
f 1005/1809/910 1123/1810/1028 1034/1811/939
f 1034/1811/939 1123/1810/1028 1124/1812/1029
f 1034/1811/939 1124/1812/1029 1125/1813/1030
f 1125/1813/1030 1124/1812/1029 1123/1810/1028
f 1123/1810/1028 1005/1809/910 1126/1814/1031
f 1123/1810/1028 1126/1814/1031 1125/1813/1030
f 1126/1814/1031 1005/1809/910 1007/1815/912
f 1126/1814/1031 1007/1815/912 1008/1816/913
f 1125/1813/1030 1126/1814/1031 1127/1817/1032
f 1125/1813/1030 1127/1817/1032 1128/1818/1033
f 1125/1813/1030 1128/1818/1033 1129/1819/1034
f 1127/1817/1032 1126/1814/1031 1130/1820/1035
f 1130/1820/1035 1126/1814/1031 1008/1816/913
f 1128/1818/1033 1127/1817/1032 1131/1821/1036
f 1131/1821/1036 1127/1817/1032 1130/1820/1035
f 1128/1818/1033 1131/1821/1036 1132/1822/1037
f 1132/1822/1037 1131/1821/1036 1130/1820/1035
f 1130/1820/1035 1008/1816/913 1133/1823/1038
f 1133/1823/1038 1008/1816/913 1009/1824/914
f 1133/1823/1038 1009/1824/914 1134/1825/1039
f 1133/1823/1038 1134/1825/1039 1130/1820/1035
f 1134/1825/1039 1009/1824/914 1135/1826/1040
f 1132/1822/1037 1130/1820/1035 1136/1827/1041
f 1136/1827/1041 1130/1820/1035 1134/1825/1039
f 1132/1822/1037 1136/1827/1041 1128/1818/1033
f 1136/1827/1041 1134/1825/1039 1137/1828/1042
f 1136/1827/1041 1137/1828/1042 1138/1829/1043
f 1128/1818/1033 1136/1827/1041 1139/1830/1044
f 1128/1818/1033 1139/1830/1044 1129/1819/1034
f 1129/1819/1034 1139/1830/1044 1140/1831/1045
f 1140/1831/1045 1139/1830/1044 1141/1832/1046
f 1140/1831/1045 1141/1832/1046 1142/1833/1047
f 1139/1830/1044 1136/1827/1041 1143/1834/1048
f 1139/1830/1044 1143/1834/1048 1144/1835/1049
f 1143/1834/1048 1136/1827/1041 1145/1836/1050
f 1146/1837/1051 1147/1838/1052 788/1839/719
f 1146/1837/1051 788/1839/719 1060/1840/965
f 1146/1837/1051 1060/1840/965 1148/1841/1053
f 1148/1841/1053 1060/1840/965 1061/1842/966
f 1147/1838/1052 1146/1837/1051 1149/1843/1054
f 1149/1843/1054 1146/1837/1051 1148/1841/1053
f 788/1839/719 1147/1838/1052 1150/1844/1055
f 1150/1844/1055 1147/1838/1052 1149/1843/1054
f 1148/1841/1053 1061/1842/966 1151/1845/1056
f 1149/1843/1054 1148/1841/1053 1152/1846/1057
f 1149/1843/1054 1152/1846/1057 1150/1844/1055
f 1152/1846/1057 1148/1841/1053 1151/1845/1056
f 1151/1845/1056 1061/1842/966 1062/1847/967
f 1152/1846/1057 1151/1845/1056 1153/1848/1058
f 1152/1846/1057 1153/1848/1058 1150/1844/1055
f 1151/1845/1056 1062/1847/967 1154/1849/1059
f 1151/1845/1056 1154/1849/1059 1153/1848/1058
f 1154/1849/1059 1062/1847/967 1155/1850/1060
f 1155/1850/1060 1062/1847/967 1063/1851/968
f 1155/1850/1060 1063/1851/968 1154/1849/1059
f 1154/1849/1059 1063/1851/968 1066/1852/971
f 1154/1849/1059 1066/1852/971 1053/1853/958
f 1154/1849/1059 1053/1853/958 1156/1854/1061
f 1154/1849/1059 1156/1854/1061 1157/1855/1062
f 1154/1849/1059 1157/1855/1062 1153/1848/1058
f 1157/1855/1062 1156/1854/1061 1158/1856/1063
f 1157/1855/1062 1158/1856/1063 1153/1848/1058
f 1153/1848/1058 1158/1856/1063 1150/1844/1055
f 1150/1844/1055 1158/1856/1063 1159/1857/1064
f 1150/1844/1055 1159/1857/1064 1160/1858/1065
f 1160/1858/1065 1159/1857/1064 1161/1859/1066
f 1150/1844/1055 1160/1858/1065 1162/1860/1067
f 1162/1860/1067 1160/1858/1065 1163/1861/1068
f 1162/1860/1067 1163/1861/1068 1164/1862/766
f 1164/1862/766 1163/1861/1068 1165/1863/109
f 1164/1862/766 1165/1863/109 1166/1864/1069
f 1164/1862/766 1166/1864/1069 1162/1860/1067
f 1162/1860/1067 1166/1864/1069 1150/1844/1055
f 1150/1844/1055 1166/1864/1069 788/1839/719
f 788/1839/719 1166/1864/1069 790/1865/721
f 790/1865/721 1166/1864/1069 1167/1866/1070
f 790/1865/721 1167/1866/1070 1168/1867/1071
f 1169/1868/1072 1170/1869/1073 1171/1870/1074
f 1169/1868/1072 1171/1870/1074 1172/1871/1075
f 1170/1869/1073 1169/1868/1072 1173/1872/1076
f 1169/1868/1072 1172/1871/1075 1174/1873/1077
f 1169/1868/1072 1174/1873/1077 1173/1872/1076
f 1174/1873/1077 1172/1871/1075 1175/1874/1078
f 1175/1874/1078 1172/1871/1075 1176/1875/1079
f 1175/1874/1078 1176/1875/1079 1177/1876/1080
f 1175/1874/1078 1177/1876/1080 1174/1873/1077
f 1177/1876/1080 1176/1875/1079 1178/1877/1081
f 1177/1876/1080 1178/1877/1081 1129/1878/1034
f 1177/1876/1080 1129/1878/1034 1179/1879/1082
f 1179/1879/1082 1129/1878/1034 1180/1880/1083
f 1180/1880/1083 1129/1878/1034 1140/1881/1045
f 1177/1876/1080 1179/1879/1082 1181/1882/1084
f 1181/1882/1084 1179/1879/1082 1180/1880/1083
f 1182/1883/1085 1174/1873/1077 1177/1876/1080
f 1182/1883/1085 1177/1876/1080 1181/1882/1084
f 1181/1882/1084 1180/1880/1083 1183/1884/1086
f 1183/1884/1086 1180/1880/1083 1140/1881/1045
f 1181/1882/1084 1183/1884/1086 1182/1883/1085
f 1183/1884/1086 1140/1881/1045 1184/1885/1087
f 1184/1885/1087 1140/1881/1045 1185/1886/1088
f 1185/1886/1088 1140/1881/1045 1142/1887/1047
f 1184/1885/1087 1185/1886/1088 1186/1888/1089
f 1184/1885/1087 1186/1888/1089 1183/1884/1086
f 1183/1884/1086 1186/1888/1089 1182/1883/1085
f 1182/1883/1085 1186/1888/1089 1187/1889/1090
f 1187/1889/1090 1186/1888/1089 1188/1890/1091
f 1187/1889/1090 1188/1890/1091 1189/1891/1092
f 1187/1889/1090 1189/1891/1092 1182/1883/1085
f 1189/1891/1092 1188/1890/1091 1190/1892/1093
f 1189/1891/1092 1190/1892/1093 1191/1893/1094
f 1182/1883/1085 1189/1891/1092 1192/1894/1095
f 1182/1883/1085 1192/1894/1095 1174/1873/1077
f 1192/1894/1095 1189/1891/1092 1193/1895/1096
f 1174/1873/1077 1192/1894/1095 1173/1872/1076
f 1192/1894/1095 1193/1895/1096 1194/1896/1097
f 1192/1894/1095 1194/1896/1097 1173/1872/1076
f 1194/1896/1097 1193/1895/1096 1195/1897/1098
f 1173/1872/1076 1194/1896/1097 1196/1898/1099
f 1196/1898/1099 1194/1896/1097 1197/1899/1100
f 1173/1872/1076 1196/1898/1099 1198/1900/1101
f 1196/1898/1099 1197/1899/1100 1199/1901/1102
f 1196/1898/1099 1199/1901/1102 1198/1900/1101
f 1171/1902/1074 1170/1903/1073 1200/1904/1103
f 1171/1902/1074 1200/1904/1103 1201/1905/76
f 1201/1905/76 1200/1904/1103 1170/1903/1073
f 1171/1902/1074 1201/1905/76 1202/1906/1104
f 1171/1902/1074 1202/1906/1104 1172/1907/1075
f 1172/1907/1075 1202/1906/1104 1178/1908/1081
f 1178/1908/1081 1202/1906/1104 1201/1905/76
f 1172/1907/1075 1178/1908/1081 1176/1909/1079
f 1201/1905/76 1170/1903/1073 1203/1910/1105
f 1178/1908/1081 1201/1905/76 1019/1911/924
f 1019/1911/924 1201/1905/76 1203/1910/1105
f 1178/1908/1081 1019/1911/924 1038/1912/943
f 1038/1912/943 1019/1911/924 1036/1913/941
f 1178/1908/1081 1038/1912/943 1034/1914/939
f 1034/1914/939 1038/1912/943 1035/1915/940
f 1178/1908/1081 1034/1914/939 1129/1916/1034
f 1129/1916/1034 1034/1914/939 1125/1917/1030
f 1019/1911/924 1203/1910/1105 1021/1918/926
f 1107/1919/1012 1021/1918/926 1110/1920/1015
f 1110/1920/1015 1021/1918/926 1204/1921/1106
f 1204/1921/1106 1021/1918/926 1203/1910/1105
f 1110/1920/1015 1204/1921/1106 1205/1922/1107
f 1205/1922/1107 1204/1921/1106 1206/1923/1108
f 1206/1923/1108 1204/1921/1106 1203/1910/1105
f 1206/1923/1108 1203/1910/1105 1198/1924/1101
f 1198/1924/1101 1203/1910/1105 1207/1925/1109
f 1207/1925/1109 1203/1910/1105 1170/1903/1073
f 1207/1925/1109 1170/1903/1073 1198/1924/1101
f 1198/1924/1101 1170/1903/1073 1173/1926/1076
f 1206/1923/1108 1198/1924/1101 1208/1927/1110
f 1206/1923/1108 1208/1927/1110 1209/1928/1111
f 1208/1927/1110 1198/1924/1101 1199/1929/1102
f 1208/1927/1110 1199/1929/1102 1209/1928/1111
f 1210/1930/1112 1053/1931/958 1051/1932/956
f 1053/1931/958 1210/1930/1112 1156/1933/1061
f 1156/1933/1061 1210/1930/1112 1158/1934/1063
f 1161/1935/1066 1159/1936/1064 1158/1934/1063
f 1161/1935/1066 1158/1934/1063 969/1937/872
f 969/1937/872 1158/1934/1063 1210/1930/1112
f 1161/1935/1066 969/1937/872 1160/1938/1065
f 1160/1938/1065 969/1937/872 1211/1939/1113
f 969/1937/872 1210/1930/1112 970/1940/873
f 970/1940/873 1210/1930/1112 1050/1941/955
f 970/1940/873 1050/1941/955 974/1942/877
f 1211/1939/1113 969/1937/872 1120/1943/1025
f 1211/1939/1113 1120/1943/1025 1212/1944/1114
f 1211/1939/1113 1212/1944/1114 1213/1945/1115
f 1213/1945/1115 1212/1944/1114 1214/1946/1116
f 1213/1945/1115 1214/1946/1116 1215/1947/1117
f 1213/1945/1115 1215/1947/1117 1216/1948/1118
f 1216/1948/1118 1215/1947/1117 1217/1949/1119
f 1217/1949/1119 1215/1947/1117 947/1950/851
f 571/1951/521 572/1952/522 742/1953/677
f 742/1953/677 572/1952/522 1218/1954/1120
f 742/1953/677 1218/1954/1120 741/1955/676
f 741/1955/676 1218/1954/1120 738/1956/674
f 1218/1954/1120 572/1952/522 1219/1957/1121
f 1219/1957/1121 572/1952/522 573/1958/523
f 738/1956/674 1218/1954/1120 1220/1959/1122
f 1220/1959/1122 1218/1954/1120 1219/1957/1121
f 738/1956/674 1220/1959/1122 1221/1960/1123
f 1221/1960/1123 1220/1959/1122 1222/1961/1124
f 1219/1957/1121 573/1958/523 578/1962/528
f 577/1963/527 580/1964/530 578/1962/528
f 578/1962/528 580/1964/530 1223/1965/1125
f 578/1962/528 1223/1965/1125 1219/1957/1121
f 1223/1965/1125 580/1964/530 583/1966/533
f 1219/1957/1121 1223/1965/1125 1224/1967/1126
f 1219/1957/1121 1224/1967/1126 1225/1968/1127
f 1219/1957/1121 1225/1968/1127 1220/1959/1122
f 1224/1967/1126 1223/1965/1125 1226/1969/1128
f 1224/1967/1126 1226/1969/1128 1225/1968/1127
f 1223/1965/1125 583/1966/533 1227/1970/1129
f 1223/1965/1125 1227/1970/1129 1226/1969/1128
f 1227/1970/1129 583/1966/533 1228/1971/1130
f 1228/1971/1130 583/1966/533 584/1972/534
f 1227/1970/1129 1228/1971/1130 1229/1973/1131
f 1229/1973/1131 1228/1971/1130 584/1972/534
f 1227/1970/1129 1229/1973/1131 1230/1974/1132
f 1227/1970/1129 1230/1974/1132 1226/1969/1128
f 1229/1973/1131 584/1972/534 1231/1975/1133
f 1229/1973/1131 1231/1975/1133 1230/1974/1132
f 1231/1975/1133 584/1972/534 1232/1976/1134
f 1226/1969/1128 1230/1974/1132 1233/1977/1135
f 1234/1978/1136 1232/1976/1134 1235/1979/1137
f 1234/1978/1136 1235/1979/1137 1236/1980/1138
f 1232/1976/1134 1234/1978/1136 1237/1981/1139
f 1237/1981/1139 1234/1978/1136 1236/1980/1138
f 1232/1976/1134 1237/1981/1139 1231/1975/1133
f 1237/1981/1139 1236/1980/1138 1238/1982/1140
f 1237/1981/1139 1238/1982/1140 1231/1975/1133
f 1231/1975/1133 1238/1982/1140 1239/1983/1141
f 1239/1983/1141 1238/1982/1140 1240/1984/1142
f 1240/1984/1142 1238/1982/1140 1241/1985/1143
f 1231/1975/1133 1239/1983/1141 1242/1986/1144
f 1231/1975/1133 1242/1986/1144 1230/1974/1132
f 1242/1986/1144 1239/1983/1141 1243/1987/1145
f 1230/1974/1132 1242/1986/1144 1244/1988/531
f 1230/1974/1132 1244/1988/531 1233/1977/1135
f 1242/1986/1144 1243/1987/1145 1245/1989/1146
f 1245/1989/1146 1243/1987/1145 1246/1990/1147
f 1245/1989/1146 1246/1990/1147 1247/1991/1148
f 1247/1991/1148 1246/1990/1147 1222/1961/1124
f 1247/1991/1148 1222/1961/1124 1220/1959/1122
f 1245/1989/1146 1247/1991/1148 1248/1992/1149
f 1248/1992/1149 1247/1991/1148 1220/1959/1122
f 1245/1989/1146 1248/1992/1149 1242/1986/1144
f 1248/1992/1149 1220/1959/1122 1249/1993/1150
f 1248/1992/1149 1249/1993/1150 1242/1986/1144
f 1249/1993/1150 1220/1959/1122 1225/1968/1127
f 1249/1993/1150 1225/1968/1127 1242/1986/1144
f 1242/1986/1144 1225/1968/1127 1250/1994/1151
f 1250/1994/1151 1225/1968/1127 1251/1995/1152
f 1251/1995/1152 1225/1968/1127 1226/1969/1128
f 1251/1995/1152 1226/1969/1128 1250/1994/1151
f 1250/1994/1151 1226/1969/1128 1233/1977/1135
f 1250/1994/1151 1233/1977/1135 1242/1986/1144
f 1242/1986/1144 1233/1977/1135 1252/1996/1153
f 1242/1986/1144 1252/1996/1153 1244/1988/531
f 1253/1997/1154 1233/1977/1135 1244/1988/531
f 1233/1977/1135 1253/1997/1154 1252/1996/1153
f 1253/1997/1154 1244/1988/531 1254/1998/1155
f 1253/1997/1154 1254/1998/1155 1252/1996/1153
f 1244/1988/531 1252/1996/1153 1255/1999/1156
f 1255/1999/1156 1252/1996/1153 1254/1998/1155
f 1255/1999/1156 1254/1998/1155 1244/1988/531
f 1210/2000/1112 1051/2001/956 1050/2002/955
f 1044/2003/949 959/2004/862 1043/2005/948
f 1043/2005/948 959/2004/862 636/2006/585
f 636/2006/585 959/2004/862 957/2007/860
f 636/2006/585 957/2007/860 979/2008/882
f 698/2009/643 853/2010/785 713/2011/657
f 853/2010/785 698/2009/643 699/2012/644
f 1256/2013/599 1257/2014/599 964/2015/867
f 964/2015/867 1257/2014/599 962/2016/865
f 962/2016/865 1257/2014/599 1258/2017/143
f 962/2016/865 1258/2017/143 963/2018/866
f 963/2018/866 1258/2017/143 1259/2019/1157
f 963/2018/866 1259/2019/1157 686/2020/631
f 963/2018/866 686/2020/631 685/2021/630
f 1260/2022/1158 183/2023/174 182/2024/173
f 1260/2022/1158 182/2024/173 1261/2025/1159
f 1261/2025/1159 182/2024/173 177/2026/168
f 183/2023/174 1260/2022/1158 1262/2027/1160
f 1261/2025/1159 177/2026/168 1263/2028/169
f 1263/2028/169 177/2026/168 178/2029/169
f 1260/2022/1158 1261/2025/1159 1264/2030/1161
f 1260/2022/1158 1264/2030/1161 1262/2027/1160
f 1262/2027/1160 1264/2030/1161 1261/2025/1159
f 1263/2028/169 178/2029/169 931/2031/839
f 1263/2028/169 931/2031/839 1261/2025/1159
f 1261/2025/1159 931/2031/839 1262/2027/1160
f 1265/2032/1162 183/2023/174 1262/2027/1160
f 183/2023/174 1265/2032/1162 658/2033/606
f 1265/2032/1162 1262/2027/1160 1266/2034/1163
f 1265/2032/1162 1266/2034/1163 658/2033/606
f 1262/2027/1160 931/2031/839 1267/2035/1164
f 1262/2027/1160 1267/2035/1164 1266/2034/1163
f 1267/2035/1164 931/2031/839 1268/2036/1165
f 1268/2036/1165 931/2031/839 930/2037/838
f 1267/2035/1164 1268/2036/1165 1269/2038/404
f 1267/2035/1164 1269/2038/404 1266/2034/1163
f 1268/2036/1165 930/2037/838 1270/2039/1166
f 1269/2038/404 1268/2036/1165 1271/2040/1167
f 1271/2040/1167 1268/2036/1165 1270/2039/1166
f 1270/2039/1166 930/2037/838 1272/2041/1168
f 1272/2041/1168 930/2037/838 1273/2042/1169
f 1270/2039/1166 1272/2041/1168 1274/2043/1170
f 1274/2043/1170 1272/2041/1168 1273/2042/1169
f 1270/2039/1166 1274/2043/1170 1275/2044/1171
f 1270/2039/1166 1275/2044/1171 1271/2040/1167
f 1269/2038/404 1271/2040/1167 1276/2045/1172
f 1276/2045/1172 1271/2040/1167 1275/2044/1171
f 1269/2038/404 1276/2045/1172 1277/2046/404
f 1269/2038/404 1277/2046/404 1266/2034/1163
f 1277/2046/404 1276/2045/1172 1278/2047/1173
f 1278/2047/1173 1276/2045/1172 1275/2044/1171
f 1266/2034/1163 1277/2046/404 782/2048/599
f 782/2048/599 1277/2046/404 1278/2047/1173
f 1266/2034/1163 782/2048/599 1279/2049/1174
f 782/2048/599 1278/2047/1173 967/2050/870
f 1279/2049/1174 782/2048/599 1101/2051/1006
f 1279/2049/1174 1101/2051/1006 1266/2034/1163
f 1266/2034/1163 1101/2051/1006 658/2033/606
f 658/2033/606 1101/2051/1006 659/2052/607
f 659/2052/607 1101/2051/1006 662/2053/610
f 659/2052/607 662/2053/610 660/2054/608
f 967/2050/870 1278/2047/1173 1280/2055/1175
f 1280/2055/1175 1278/2047/1173 1275/2044/1171
f 967/2050/870 1280/2055/1175 1281/2056/1176
f 967/2050/870 1281/2056/1176 966/2057/869
f 1280/2055/1175 1275/2044/1171 1282/2058/1174
f 1281/2056/1176 1280/2055/1175 1283/2059/388
f 1283/2059/388 1280/2055/1175 1282/2058/1174
f 966/2057/869 1281/2056/1176 1284/2060/599
f 1284/2060/599 1281/2056/1176 1283/2059/388
f 966/2057/869 1284/2060/599 1285/2061/143
f 966/2057/869 1285/2061/143 964/2062/867
f 964/2062/867 1285/2061/143 1256/2063/599
f 1285/2061/143 1284/2060/599 1286/2064/143
f 1285/2061/143 1286/2064/143 1256/2063/599
f 1256/2063/599 1286/2064/143 1287/2065/1177
f 1256/2063/599 1287/2065/1177 1257/2066/599
f 1257/2066/599 1287/2065/1177 1258/2067/143
f 1286/2064/143 1284/2060/599 1288/2068/1174
f 1288/2068/1174 1284/2060/599 1283/2059/388
f 1286/2064/143 1288/2068/1174 1289/2069/1178
f 1286/2064/143 1289/2069/1178 1290/2070/1179
f 1289/2069/1178 1288/2068/1174 1291/2071/1180
f 1291/2071/1180 1288/2068/1174 1283/2059/388
f 1289/2069/1178 1291/2071/1180 1292/2072/1181
f 1292/2072/1181 1291/2071/1180 1293/2073/1182
f 1291/2071/1180 1283/2059/388 1294/2074/1183
f 1294/2074/1183 1283/2059/388 1282/2058/1174
f 1294/2074/1183 1282/2058/1174 1295/2075/1184
f 1294/2074/1183 1295/2075/1184 1296/2076/1185
f 1294/2074/1183 1296/2076/1185 1297/2077/1177
f 1297/2077/1177 1296/2076/1185 1295/2075/1184
f 1297/2077/1177 1295/2075/1184 1282/2058/1174
f 1294/2074/1183 1297/2077/1177 1291/2071/1180
f 1297/2077/1177 1282/2058/1174 1298/2078/599
f 1297/2077/1177 1298/2078/599 1291/2071/1180
f 1298/2078/599 1282/2058/1174 1275/2044/1171
f 1298/2078/599 1275/2044/1171 1299/2079/714
f 1299/2079/714 1275/2044/1171 1274/2043/1170
f 1298/2078/599 1299/2079/714 1300/2080/1186
f 1300/2080/1186 1299/2079/714 1274/2043/1170
f 1298/2078/599 1300/2080/1186 1291/2071/1180
f 1300/2080/1186 1274/2043/1170 1273/2042/1169
f 1300/2080/1186 1273/2042/1169 1291/2071/1180
f 1291/2071/1180 1273/2042/1169 1293/2073/1182
f 1293/2073/1182 1273/2042/1169 1301/2081/1187
f 1301/2081/1187 1273/2042/1169 1302/2082/1188
f 1301/2081/1187 1302/2082/1188 1303/2083/1189
f 1301/2081/1187 1303/2083/1189 1304/2084/1190
f 1305/2085/1191 1304/2084/1190 1293/2073/1182
f 1305/2085/1191 1293/2073/1182 1301/2081/1187
f 1305/2085/1191 1301/2081/1187 1304/2084/1190
f 1066/2086/971 1306/2087/1192 1053/2088/958
f 1053/2088/958 1306/2087/1192 1054/2089/959
f 1306/2087/1192 1066/2086/971 1070/2090/975
f 1306/2087/1192 1070/2090/975 1054/2089/959
f 1054/2089/959 1070/2090/975 1307/2091/1193
f 1054/2089/959 1307/2091/1193 1055/2092/960
f 1055/2092/960 1307/2091/1193 1160/2093/1065
f 1160/2093/1065 1307/2091/1193 1163/2094/1068
f 1307/2091/1193 1070/2090/975 1071/2095/976
f 1163/2094/1068 1307/2091/1193 1308/2096/1194
f 1308/2096/1194 1307/2091/1193 1071/2095/976
f 1057/2097/962 1071/2095/976 1047/2098/952
f 1071/2095/976 1057/2097/962 1094/2099/999
f 1308/2096/1194 1071/2095/976 1309/2100/1195
f 1309/2100/1195 1071/2095/976 1094/2099/999
f 1163/2094/1068 1308/2096/1194 1310/2101/1196
f 1163/2094/1068 1310/2101/1196 1165/2102/109
f 1165/2102/109 1310/2101/1196 1311/2103/1197
f 1310/2101/1196 1308/2096/1194 1312/2104/1198
f 1312/2104/1198 1308/2096/1194 1309/2100/1195
f 1311/2103/1197 1310/2101/1196 1313/2105/1199
f 1311/2103/1197 1313/2105/1199 1314/2106/1200
f 1313/2105/1199 1310/2101/1196 1312/2104/1198
f 1313/2105/1199 1312/2104/1198 1315/2107/1201
f 1313/2105/1199 1315/2107/1201 1316/2108/1202
f 1315/2107/1201 1312/2104/1198 1317/2109/1203
f 1315/2107/1201 1317/2109/1203 1318/2110/1204
f 1318/2110/1204 1317/2109/1203 1319/2111/1205
f 1319/2111/1205 1317/2109/1203 1320/2112/1206
f 1317/2109/1203 1312/2104/1198 1321/2113/1207
f 1321/2113/1207 1312/2104/1198 1309/2100/1195
f 1320/2112/1206 1317/2109/1203 1322/2114/1208
f 1322/2114/1208 1317/2109/1203 1321/2113/1207
f 1320/2112/1206 1322/2114/1208 1323/2115/1209
f 1323/2115/1209 1322/2114/1208 1324/2116/1210
f 1324/2116/1210 1322/2114/1208 1325/2117/1211
f 1325/2117/1211 1322/2114/1208 1321/2113/1207
f 1324/2116/1210 1325/2117/1211 1326/2118/1212
f 1326/2118/1212 1325/2117/1211 1327/2119/1213
f 1327/2119/1213 1325/2117/1211 1321/2113/1207
f 1326/2118/1212 1327/2119/1213 1328/2120/1214
f 1329/2121/1215 1321/2113/1207 1309/2100/1195
f 1321/2113/1207 1329/2121/1215 1327/2119/1213
f 1329/2121/1215 1309/2100/1195 1094/2099/999
f 1329/2121/1215 1094/2099/999 1096/2122/1001
f 1329/2121/1215 1096/2122/1001 1327/2119/1213
f 1327/2119/1213 1096/2122/1001 832/2123/764
f 1327/2119/1213 832/2123/764 1058/2124/963
f 1330/2125/639 740/2126/639 738/2127/674
f 740/2126/639 1330/2125/639 699/2128/644
f 1330/2125/639 738/2127/674 1331/2129/1216
f 1331/2129/1216 738/2127/674 1332/2130/1217
f 1331/2129/1216 1332/2130/1217 1333/2131/1218
f 1331/2129/1216 1333/2131/1218 1221/2132/1123
f 1331/2129/1216 1221/2132/1123 1330/2125/639
f 699/2128/644 1330/2125/639 1334/2133/1219
f 1334/2133/1219 1330/2125/639 1221/2132/1123
f 699/2128/644 1334/2133/1219 1335/2134/429
f 1334/2133/1219 1221/2132/1123 1336/2135/1220
f 1334/2133/1219 1336/2135/1220 1335/2134/429
f 1336/2135/1220 1221/2132/1123 1222/2136/1124
f 699/2128/644 1335/2134/429 1337/2137/1221
f 1337/2137/1221 1335/2134/429 1336/2135/1220
f 699/2128/644 1337/2137/1221 853/2138/785
f 853/2138/785 1337/2137/1221 897/2139/816
f 897/2139/816 1337/2137/1221 1336/2135/1220
f 1336/2135/1220 1222/2136/1124 1246/2140/1147
f 897/2139/816 1336/2135/1220 1338/2141/1222
f 1338/2141/1222 1336/2135/1220 1246/2140/1147
f 897/2139/816 1338/2141/1222 896/2142/815
f 1338/2141/1222 1246/2140/1147 1339/2143/1223
f 1339/2143/1223 1246/2140/1147 1243/2144/1145
f 896/2142/815 1338/2141/1222 1340/2145/1224
f 1340/2145/1224 1338/2141/1222 1339/2143/1223
f 896/2142/815 1340/2145/1224 895/2146/814
f 895/2146/814 1340/2145/1224 1341/2147/1225
f 1341/2147/1225 1340/2145/1224 1339/2143/1223
f 1339/2143/1223 1243/2144/1145 1342/2148/1226
f 1341/2147/1225 1339/2143/1223 1343/2149/1227
f 1343/2149/1227 1339/2143/1223 1342/2148/1226
f 1341/2147/1225 1343/2149/1227 1344/2150/1228
f 1344/2150/1228 1343/2149/1227 1342/2148/1226
f 904/2151/167 723/2152/167 724/2153/167
f 1058/2154/963 1328/2155/1214 1327/2156/1213
f 1328/2155/1214 1058/2154/963 1345/2157/1229
f 1328/2155/1214 1345/2157/1229 1326/2158/1212
f 1326/2158/1212 1345/2157/1229 1324/2159/1210
f 1345/2157/1229 1058/2154/963 1346/2160/1230
f 1346/2160/1230 1058/2154/963 1059/2161/964
f 1346/2160/1230 1059/2161/964 1347/2162/1231
f 1346/2160/1230 1347/2162/1231 1348/2163/1232
f 1345/2157/1229 1346/2160/1230 1349/2164/1233
f 1345/2157/1229 1349/2164/1233 1324/2159/1210
f 1346/2160/1230 1348/2163/1232 1350/2165/1234
f 1346/2160/1230 1350/2165/1234 1349/2164/1233
f 1350/2165/1234 1348/2163/1232 1351/2166/1235
f 1324/2159/1210 1349/2164/1233 1352/2167/1236
f 1349/2164/1233 1350/2165/1234 1353/2168/1237
f 1324/2159/1210 1352/2167/1236 1323/2169/1209
f 1349/2164/1233 1353/2168/1237 1354/2170/1238
f 1354/2170/1238 1353/2168/1237 1350/2165/1234
f 1354/2170/1238 1350/2165/1234 1351/2166/1235
f 1349/2164/1233 1354/2170/1238 1352/2167/1236
f 1323/2169/1209 1352/2167/1236 1355/2171/1239
f 1323/2169/1209 1355/2171/1239 1356/2172/1240
f 1352/2167/1236 1354/2170/1238 1357/2173/1241
f 1354/2170/1238 1351/2166/1235 1358/2174/1242
f 1354/2170/1238 1358/2174/1242 1357/2173/1241
f 1355/2171/1239 1352/2167/1236 1359/2175/1243
f 1359/2175/1243 1352/2167/1236 1357/2173/1241
f 1356/2172/1240 1355/2171/1239 1360/2176/1244
f 1360/2176/1244 1355/2171/1239 1359/2175/1243
f 1356/2172/1240 1360/2176/1244 1361/2177/1245
f 1356/2172/1240 1361/2177/1245 1362/2178/1246
f 1362/2178/1246 1361/2177/1245 1363/2179/1247
f 1361/2177/1245 1360/2176/1244 1364/2180/1248
f 1361/2177/1245 1364/2180/1248 1365/2181/1249
f 1360/2176/1244 1359/2175/1243 1366/2182/1250
f 1360/2176/1244 1366/2182/1250 1364/2180/1248
f 1365/2181/1249 1364/2180/1248 1367/2183/1251
f 1367/2183/1251 1364/2180/1248 1366/2182/1250
f 1365/2181/1249 1367/2183/1251 1368/2184/1252
f 1368/2184/1252 1367/2183/1251 1369/2185/1253
f 1369/2185/1253 1367/2183/1251 1366/2182/1250
f 1368/2184/1252 1369/2185/1253 1370/2186/1254
f 1370/2186/1254 1369/2185/1253 1371/2187/1255
f 1371/2187/1255 1369/2185/1253 1372/2188/1256
f 1373/2189/1257 1366/2182/1250 1359/2175/1243
f 1366/2182/1250 1373/2189/1257 1369/2185/1253
f 1369/2185/1253 1373/2189/1257 1372/2188/1256
f 1373/2189/1257 1359/2175/1243 1357/2173/1241
f 1373/2189/1257 1357/2173/1241 1358/2174/1242
f 1373/2189/1257 1358/2174/1242 1372/2188/1256
f 1372/2188/1256 1358/2174/1242 1374/2190/1258
f 1374/2190/1258 1358/2174/1242 1375/2191/1259
f 1375/2191/1259 1358/2174/1242 1351/2166/1235
f 1375/2191/1259 1351/2166/1235 1376/2192/1260
f 1375/2191/1259 1376/2192/1260 1377/2193/1261
f 1377/2193/1261 1376/2192/1260 1378/2194/1262
f 1377/2193/1261 1378/2194/1262 1379/2195/1263
f 1377/2193/1261 1379/2195/1263 1380/2196/1264
f 1377/2193/1261 1380/2196/1264 1375/2191/1259
f 1375/2191/1259 1380/2196/1264 1381/2197/1265
f 1381/2197/1265 1380/2196/1264 1382/2198/1266
f 1381/2197/1265 1382/2198/1266 1383/2199/1267
f 1059/2200/964 1056/2201/961 1384/2202/1268
f 1384/2202/1268 1056/2201/961 1046/2203/951
f 1059/2200/964 1384/2202/1268 1385/2204/1269
f 1059/2200/964 1385/2204/1269 1347/2205/1231
f 1347/2205/1231 1385/2204/1269 1348/2206/1232
f 1348/2206/1232 1385/2204/1269 1386/2207/1270
f 1348/2206/1232 1386/2207/1270 1387/2208/1271
f 1385/2204/1269 1384/2202/1268 1388/2209/1272
f 1385/2204/1269 1388/2209/1272 1386/2207/1270
f 1384/2202/1268 1046/2203/951 1389/2210/1273
f 1388/2209/1272 1384/2202/1268 1390/2211/1274
f 1390/2211/1274 1384/2202/1268 1389/2210/1273
f 1389/2210/1273 1046/2203/951 1391/2212/1275
f 1391/2212/1275 1046/2203/951 1055/2213/960
f 1391/2212/1275 1055/2213/960 1389/2210/1273
f 1389/2210/1273 1055/2213/960 1392/2214/1276
f 1389/2210/1273 1392/2214/1276 1390/2211/1274
f 1392/2214/1276 1055/2213/960 1160/2215/1065
f 1392/2214/1276 1160/2215/1065 1211/2216/1113
f 1392/2214/1276 1211/2216/1113 1213/2217/1115
f 1392/2214/1276 1213/2217/1115 1216/2218/1118
f 1392/2214/1276 1216/2218/1118 1390/2211/1274
f 1393/2219/1277 1388/2209/1272 1390/2211/1274
f 1393/2219/1277 1390/2211/1274 1216/2218/1118
f 1388/2209/1272 1393/2219/1277 1386/2207/1270
f 1393/2219/1277 1216/2218/1118 1394/2220/1278
f 1394/2220/1278 1216/2218/1118 1217/2221/1119
f 1386/2207/1270 1393/2219/1277 1395/2222/1279
f 1395/2222/1279 1393/2219/1277 1394/2220/1278
f 1386/2207/1270 1395/2222/1279 1387/2208/1271
f 1395/2222/1279 1394/2220/1278 1396/2223/1280
f 1387/2208/1271 1395/2222/1279 1397/2224/1281
f 1397/2224/1281 1395/2222/1279 1396/2223/1280
f 1397/2224/1281 1396/2223/1280 1398/2225/1282
f 1197/2226/1100 1206/2227/1108 1209/2228/1111
f 1197/2226/1100 1209/2228/1111 1199/2229/1102
f 1206/2227/1108 1197/2226/1100 1205/2230/1107
f 1205/2230/1107 1197/2226/1100 1399/2231/1283
f 1399/2231/1283 1197/2226/1100 1195/2232/1098
f 1195/2232/1098 1197/2226/1100 1194/2233/1097
f 1399/2231/1283 1195/2232/1098 1400/2234/1284
f 1399/2231/1283 1400/2234/1284 1205/2230/1107
f 1400/2234/1284 1195/2232/1098 1193/2235/1096
f 1205/2230/1107 1400/2234/1284 1401/2236/1285
f 1205/2230/1107 1401/2236/1285 1110/2237/1015
f 1110/2237/1015 1401/2236/1285 1111/2238/1016
f 1111/2238/1016 1401/2236/1285 1402/2239/1286
f 1402/2239/1286 1401/2236/1285 1144/2240/1049
f 1400/2234/1284 1193/2235/1096 1191/2241/1094
f 1191/2241/1094 1193/2235/1096 1189/2242/1092
f 1401/2236/1285 1400/2234/1284 1403/2243/1287
f 1403/2243/1287 1400/2234/1284 1191/2241/1094
f 1144/2240/1049 1401/2236/1285 1141/2244/1046
f 1144/2240/1049 1141/2244/1046 1139/2245/1044
f 1401/2236/1285 1403/2243/1287 1404/2246/1288
f 1401/2236/1285 1404/2246/1288 1141/2244/1046
f 1141/2244/1046 1404/2246/1288 1403/2243/1287
f 1403/2243/1287 1191/2241/1094 1405/2247/1289
f 1403/2243/1287 1405/2247/1289 1141/2244/1046
f 1405/2247/1289 1191/2241/1094 1190/2248/1093
f 1405/2247/1289 1190/2248/1093 1188/2249/1091
f 1141/2244/1046 1405/2247/1289 1406/2250/1290
f 1406/2250/1290 1405/2247/1289 1188/2249/1091
f 1141/2244/1046 1406/2250/1290 1142/2251/1047
f 1142/2251/1047 1406/2250/1290 1185/2252/1088
f 1185/2252/1088 1406/2250/1290 1188/2249/1091
f 1185/2252/1088 1188/2249/1091 1186/2253/1089
f 1040/2254/945 851/2255/783 1039/2256/944
f 851/2255/783 1040/2254/945 1407/2257/1291
f 851/2255/783 1407/2257/1291 1408/2258/1292
f 1408/2258/1292 1407/2257/1291 1409/2259/1293
f 851/2255/783 1408/2258/1292 1410/2260/1294
f 851/2255/783 1410/2260/1294 849/2261/781
f 849/2261/781 1410/2260/1294 947/2262/851
f 1410/2260/1294 1408/2258/1292 1411/2263/1295
f 1410/2260/1294 1411/2263/1295 947/2262/851
f 1411/2263/1295 1408/2258/1292 1412/2264/1296
f 947/2262/851 1411/2263/1295 1413/2265/1292
f 1115/2266/1020 1113/2267/1018 1414/2268/1297
f 1115/2266/1020 1414/2268/1297 1118/2269/1023
f 1414/2268/1297 1113/2267/1018 1415/2270/1298
f 1414/2268/1297 1415/2270/1298 1118/2269/1023
f 1118/2269/1023 1415/2270/1298 1416/2271/1299
f 1118/2269/1023 1416/2271/1299 1119/2272/1024
f 1119/2272/1024 1416/2271/1299 1417/2273/1300
f 1417/2273/1300 1416/2271/1299 1415/2270/1298
f 1119/2272/1024 1417/2273/1300 1215/2274/1117
f 1418/2275/1301 1137/2276/1042 1215/2274/1117
f 1418/2275/1301 1215/2274/1117 1417/2273/1300
f 1418/2275/1301 1417/2273/1300 1419/2277/1302
f 1420/2278/1303 1415/2270/1298 1113/2267/1018
f 1415/2270/1298 1420/2278/1303 1417/2273/1300
f 1420/2278/1303 1113/2267/1018 1111/2279/1016
f 1111/2279/1016 1113/2267/1018 1112/2280/1017
f 1420/2278/1303 1111/2279/1016 1402/2281/1286
f 1417/2273/1300 1420/2278/1303 1421/2282/1304
f 1417/2273/1300 1421/2282/1304 1419/2277/1302
f 1421/2282/1304 1420/2278/1303 1402/2281/1286
f 1419/2277/1302 1421/2282/1304 1422/2283/1305
f 1419/2277/1302 1422/2283/1305 1423/2284/1306
f 1423/2284/1306 1422/2283/1305 1138/2285/1043
f 1138/2285/1043 1422/2283/1305 1421/2282/1304
f 1138/2285/1043 1421/2282/1304 1136/2286/1041
f 1136/2286/1041 1421/2282/1304 1145/2287/1050
f 1145/2287/1050 1421/2282/1304 1402/2281/1286
f 1145/2287/1050 1402/2281/1286 1144/2288/1049
f 1145/2287/1050 1144/2288/1049 1143/2289/1048
f 1214/2290/1116 1212/2291/1114 1120/2292/1025
f 1214/2290/1116 1120/2292/1025 1119/2293/1024
f 1214/2290/1116 1119/2293/1024 1215/2294/1117
f 1368/2295/1252 1370/2296/1254 1424/2297/1307
f 1425/2298/1308 1370/2296/1254 1371/2299/1255
f 1370/2296/1254 1425/2298/1308 1426/2300/1309
f 1424/2297/1307 1370/2296/1254 1427/2301/1310
f 1370/2296/1254 1426/2300/1309 1428/2302/1311
f 1370/2296/1254 1428/2302/1311 1427/2301/1310
f 1427/2301/1310 1428/2302/1311 1424/2297/1307
f 1428/2302/1311 1426/2300/1309 1429/2303/1312
f 1430/2304/1313 1368/2295/1252 1424/2297/1307
f 1430/2304/1313 1424/2297/1307 1428/2302/1311
f 1368/2295/1252 1430/2304/1313 1431/2305/1314
f 1368/2295/1252 1431/2305/1314 1365/2306/1249
f 1365/2306/1249 1431/2305/1314 1432/2307/1315
f 1432/2307/1315 1431/2305/1314 1430/2304/1313
f 1428/2302/1311 1429/2303/1312 1433/2308/709
f 1428/2302/1311 1433/2308/709 1430/2304/1313
f 1430/2304/1313 1433/2308/709 1432/2307/1315
f 1433/2308/709 1429/2303/1312 1434/2309/1316
f 1433/2308/709 1434/2309/1316 1432/2307/1315
f 1168/2310/1071 584/2311/534 790/2312/721
f 584/2311/534 1168/2310/1071 1232/2313/1134
f 1232/2313/1134 1168/2310/1071 1435/2314/1317
f 1435/2314/1317 1168/2310/1071 1436/2315/1318
f 1435/2314/1317 1436/2315/1318 1437/2316/1319
f 1435/2314/1317 1437/2316/1319 1438/2317/1320
f 1435/2314/1317 1438/2317/1320 1439/2318/1321
f 1435/2314/1317 1439/2318/1321 1232/2313/1134
f 1232/2313/1134 1439/2318/1321 1440/2319/1322
f 1440/2319/1322 1439/2318/1321 1441/2320/1323
f 1440/2319/1322 1441/2320/1323 1442/2321/1324
f 1232/2313/1134 1440/2319/1322 1443/2322/1325
f 1443/2322/1325 1440/2319/1322 1442/2321/1324
f 1232/2313/1134 1443/2322/1325 1235/2323/1137
f 1235/2323/1137 1443/2322/1325 1444/2324/1326
f 1443/2322/1325 1442/2321/1324 1445/2325/1327
f 1443/2322/1325 1445/2325/1327 1444/2324/1326
f 1444/2324/1326 1445/2325/1327 1446/2326/1328
f 1446/2326/1328 1445/2325/1327 1447/2327/1329
f 1446/2326/1328 1447/2327/1329 1448/2328/1330
f 1448/2328/1330 1447/2327/1329 1445/2325/1327
f 671/2329/617 1449/2330/1331 1040/2331/945
f 1040/2331/945 1449/2330/1331 1407/2332/1291
f 1407/2332/1291 1449/2330/1331 1409/2333/1293
f 1409/2333/1293 1449/2330/1331 1450/2334/1332
f 1450/2334/1332 1449/2330/1331 1451/2335/1333
f 1451/2335/1333 1449/2330/1331 1452/2336/1334
f 1449/2330/1331 671/2329/617 670/2337/388
f 1449/2330/1331 670/2337/388 1452/2336/1334
f 1452/2336/1334 670/2337/388 1453/2338/1177
f 1452/2336/1334 1453/2338/1177 1454/2339/1335
f 1454/2339/1335 1453/2338/1177 1455/2340/1336
f 1454/2339/1335 1455/2340/1336 1456/2341/1337
f 1454/2339/1335 1456/2341/1337 1457/2342/1338
f 1455/2340/1336 1453/2338/1177 1458/2343/1339
f 1455/2340/1336 1458/2343/1339 1456/2341/1337
f 1458/2343/1339 1453/2338/1177 670/2337/388
f 1456/2341/1337 1458/2343/1339 1459/2344/1340
f 1459/2344/1340 1458/2343/1339 1460/2345/1341
f 1460/2345/1341 1458/2343/1339 670/2337/388
f 1460/2345/1341 670/2337/388 1461/2346/1342
f 1461/2346/1342 670/2337/388 688/2347/633
f 1461/2346/1342 688/2347/633 1460/2345/1341
f 1011/2348/916 1135/2349/1040 1009/2350/914
f 1135/2349/1040 1011/2348/916 1012/2351/917
f 1135/2349/1040 1012/2351/917 1137/2352/1042
f 1135/2349/1040 1137/2352/1042 1134/2353/1039
f 1462/2354/1343 1167/2355/1070 1166/2356/1069
f 1462/2354/1343 1166/2356/1069 1165/2357/109
f 1436/2358/1318 1168/2359/1071 1167/2355/1070
f 1436/2358/1318 1167/2355/1070 1462/2354/1343
f 1436/2358/1318 1462/2354/1343 1463/2360/783
f 1436/2358/1318 1463/2360/783 1437/2361/1319
f 1462/2354/1343 1165/2357/109 1464/2362/726
f 1464/2362/726 1165/2357/109 1311/2363/1197
f 1464/2362/726 1311/2363/1197 1465/2364/1344
f 1464/2362/726 1465/2364/1344 1462/2354/1343
f 1462/2354/1343 1465/2364/1344 1463/2360/783
f 1437/2361/1319 1463/2360/783 1466/2365/783
f 1437/2361/1319 1466/2365/783 1467/2366/1345
f 1467/2366/1345 1466/2365/783 1439/2367/1321
f 1437/2361/1319 1467/2366/1345 1438/2368/1320
f 1438/2368/1320 1467/2366/1345 1439/2367/1321
f 738/2369/674 1468/2370/1346 1332/2371/1217
f 1468/2370/1346 738/2369/674 1221/2372/1123
f 1468/2370/1346 1221/2372/1123 1333/2373/1218
f 1469/2374/1347 1333/2373/1218 1332/2371/1217
f 1333/2373/1218 1469/2374/1347 1470/2375/1348
f 1470/2375/1348 1469/2374/1347 1332/2371/1217
f 1333/2373/1218 1470/2375/1348 1468/2370/1346
f 1470/2375/1348 1332/2371/1217 1471/2376/1349
f 1471/2376/1349 1332/2371/1217 1468/2370/1346
f 1470/2375/1348 1471/2376/1349 1472/2377/1350
f 1472/2377/1350 1471/2376/1349 1468/2370/1346
f 1468/2370/1346 1470/2375/1348 1473/2378/1351
f 1473/2378/1351 1470/2375/1348 1472/2377/1350
f 1473/2378/1351 1472/2377/1350 1468/2370/1346
f 1351/2379/1235 1348/2380/1232 1474/2381/1352
f 1474/2381/1352 1348/2380/1232 1475/2382/1353
f 1351/2379/1235 1474/2381/1352 1476/2383/1354
f 1351/2379/1235 1476/2383/1354 1376/2384/1260
f 1376/2384/1260 1476/2383/1354 1378/2385/1262
f 1378/2385/1262 1476/2383/1354 1477/2386/1355
f 1475/2382/1353 1348/2380/1232 1478/2387/1356
f 1478/2387/1356 1348/2380/1232 1387/2388/1271
f 1474/2381/1352 1475/2382/1353 1479/2389/1357
f 1474/2381/1352 1479/2389/1357 1476/2383/1354
f 1479/2389/1357 1475/2382/1353 1478/2387/1356
f 1477/2386/1355 1476/2383/1354 1480/2390/1358
f 1480/2390/1358 1476/2383/1354 1479/2389/1357
f 1477/2386/1355 1480/2390/1358 1481/2391/1359
f 1480/2390/1358 1479/2389/1357 1478/2387/1356
f 1480/2390/1358 1478/2387/1356 1482/2392/1360
f 1397/2393/1281 1478/2387/1356 1387/2388/1271
f 1482/2392/1360 1478/2387/1356 1483/2394/1361
f 1483/2394/1361 1478/2387/1356 1397/2393/1281
f 1380/2395/1264 1379/2396/1263 1482/2392/1360
f 1380/2395/1264 1482/2392/1360 1483/2394/1361
f 1380/2395/1264 1483/2394/1361 1382/2397/1266
f 1483/2394/1361 1397/2393/1281 1484/2398/1362
f 1382/2397/1266 1483/2394/1361 1485/2399/1363
f 1483/2394/1361 1484/2398/1362 1486/2400/1364
f 1483/2394/1361 1486/2400/1364 1485/2399/1363
f 1486/2400/1364 1484/2398/1362 1487/2401/1365
f 1486/2400/1364 1487/2401/1365 1485/2399/1363
f 1487/2401/1365 1484/2398/1362 1397/2393/1281
f 1485/2399/1363 1487/2401/1365 1382/2397/1266
f 1487/2401/1365 1397/2393/1281 1488/2402/1366
f 1488/2402/1366 1397/2393/1281 1489/2403/1367
f 1488/2402/1366 1489/2403/1367 1480/2404/1358
f 1488/2402/1366 1480/2404/1358 1482/2405/1360
f 1487/2401/1365 1488/2402/1366 1490/2406/1368
f 1490/2406/1368 1488/2402/1366 1482/2405/1360
f 1487/2401/1365 1490/2406/1368 1382/2397/1266
f 1490/2406/1368 1482/2405/1360 1379/2407/1263
f 1382/2397/1266 1490/2406/1368 1383/2408/1267
f 1383/2408/1267 1490/2406/1368 1379/2407/1263
f 1012/2409/917 948/2410/852 947/2411/851
f 1491/2412/1369 1371/2413/1255 1372/2414/1256
f 1491/2412/1369 1372/2414/1256 1374/2415/1258
f 1371/2413/1255 1491/2412/1369 1492/2416/1370
f 1492/2416/1370 1491/2412/1369 1374/2415/1258
f 1371/2413/1255 1492/2416/1370 1493/2417/1371
f 1493/2417/1371 1492/2416/1370 1374/2415/1258
f 1371/2413/1255 1493/2417/1371 1494/2418/1372
f 1494/2418/1372 1493/2417/1371 1374/2415/1258
f 1494/2418/1372 1374/2415/1258 1375/2419/1259
f 1494/2418/1372 1375/2419/1259 1381/2420/1265
f 1494/2418/1372 1381/2420/1265 1383/2421/1267
f 1371/2413/1255 1494/2418/1372 1425/2422/1308
f 1494/2418/1372 1383/2421/1267 1495/2423/1373
f 1495/2423/1373 1383/2421/1267 1379/2424/1263
f 1495/2423/1373 1379/2424/1263 1378/2425/1262
f 1425/2422/1308 1494/2418/1372 1496/2426/1374
f 1496/2426/1374 1494/2418/1372 1497/2427/1375
f 1497/2427/1375 1494/2418/1372 1495/2423/1373
f 1496/2426/1374 1497/2427/1375 1425/2422/1308
f 1497/2427/1375 1495/2423/1373 1363/2428/1247
f 1497/2427/1375 1363/2428/1247 1498/2429/1376
f 1498/2429/1376 1363/2428/1247 1361/2430/1245
f 1498/2429/1376 1361/2430/1245 1365/2431/1249
f 1425/2422/1308 1497/2427/1375 1499/2432/1377
f 1425/2422/1308 1499/2432/1377 1426/2433/1309
f 1497/2427/1375 1498/2429/1376 1500/2434/1378
f 1497/2427/1375 1500/2434/1378 1499/2432/1377
f 1498/2429/1376 1365/2431/1249 1501/2435/1379
f 1501/2435/1379 1365/2431/1249 1432/2436/1315
f 1501/2435/1379 1432/2436/1315 1434/2437/1316
f 1426/2433/1309 1499/2432/1377 1502/2438/1380
f 1502/2438/1380 1499/2432/1377 1500/2434/1378
f 1502/2438/1380 1500/2434/1378 1426/2433/1309
f 1426/2433/1309 1500/2434/1378 1503/2439/1381
f 1426/2433/1309 1503/2439/1381 1429/2440/1312
f 1504/2441/1382 1500/2434/1378 1498/2429/1376
f 1504/2441/1382 1498/2429/1376 1501/2435/1379
f 1500/2434/1378 1504/2441/1382 1503/2439/1381
f 1504/2441/1382 1501/2435/1379 1434/2437/1316
f 1503/2439/1381 1504/2441/1382 1429/2440/1312
f 1429/2440/1312 1504/2441/1382 1434/2437/1316
f 874/2442/167 904/2443/167 724/2444/167
f 904/2443/167 874/2442/167 905/2445/167
f 905/2445/167 874/2442/167 1505/2446/1383
f 1505/2446/1383 874/2442/167 1506/2447/265
f 905/2445/167 1505/2446/1383 908/2448/822
f 905/2445/167 908/2448/822 906/2449/167
f 908/2448/822 1505/2446/1383 1507/2450/377
f 1505/2446/1383 1506/2447/265 1508/2451/1384
f 1505/2446/1383 1508/2451/1384 1507/2450/377
f 1508/2451/1384 1506/2447/265 1509/2452/1385
f 1508/2451/1384 1509/2452/1385 1510/2453/660
f 1508/2451/1384 1510/2453/660 1511/2454/1386
f 908/2448/822 1507/2450/377 909/2455/670
f 1507/2450/377 1508/2451/1384 1512/2456/1387
f 1508/2451/1384 1511/2454/1386 1513/2457/1388
f 1508/2451/1384 1513/2457/1388 1512/2456/1387
f 1513/2457/1388 1511/2454/1386 1514/2458/1389
f 1507/2450/377 1512/2456/1387 1515/2459/1390
f 1515/2459/1390 1512/2456/1387 1513/2457/1388
f 909/2455/670 1507/2450/377 1516/2460/346
f 1516/2460/346 1507/2450/377 1515/2459/1390
f 909/2455/670 1516/2460/346 912/2461/769
f 912/2461/769 1516/2460/346 913/2462/824
f 1516/2460/346 1515/2459/1390 1517/2463/167
f 1517/2463/167 1515/2459/1390 1513/2457/1388
f 1516/2460/346 1517/2463/167 913/2462/824
f 1517/2463/167 1513/2457/1388 1514/2458/1389
f 913/2462/824 1517/2463/167 1518/2464/1391
f 913/2462/824 1518/2464/1391 1519/2465/1392
f 1518/2464/1391 1517/2463/167 1520/2466/1393
f 1520/2466/1393 1517/2463/167 1514/2458/1389
f 1520/2466/1393 1514/2458/1389 1521/2467/1394
f 1259/2468/1157 688/2469/633 686/2470/631
f 688/2469/633 1259/2468/1157 1459/2471/1340
f 688/2469/633 1459/2471/1340 1460/2472/1341
f 947/2473/851 1215/2474/1117 1012/2475/917
f 1012/2475/917 1215/2474/1117 1137/2476/1042
f 1137/2477/1042 1423/2478/1306 1138/2479/1043
f 1423/2478/1306 1137/2477/1042 1419/2480/1302
f 1419/2480/1302 1137/2477/1042 1418/2481/1301
f 1522/2482/1395 1320/2483/1206 1323/2484/1209
f 1320/2483/1206 1522/2482/1395 1523/2485/1396
f 1320/2483/1206 1523/2485/1396 1319/2486/1205
f 1522/2482/1395 1323/2484/1209 1524/2487/1397
f 1522/2482/1395 1524/2487/1397 1477/2488/1355
f 1524/2487/1397 1323/2484/1209 1362/2489/1246
f 1362/2489/1246 1323/2484/1209 1356/2490/1240
f 1477/2488/1355 1524/2487/1397 1525/2491/1398
f 1525/2491/1398 1524/2487/1397 1362/2489/1246
f 1477/2488/1355 1525/2491/1398 1378/2492/1262
f 1378/2492/1262 1525/2491/1398 1495/2493/1373
f 1522/2482/1395 1477/2488/1355 1481/2494/1359
f 1522/2482/1395 1481/2494/1359 1523/2485/1396
f 1525/2491/1398 1362/2489/1246 1526/2495/1399
f 1525/2491/1398 1526/2495/1399 1495/2493/1373
f 1526/2495/1399 1362/2489/1246 1363/2496/1247
f 1526/2495/1399 1363/2496/1247 1495/2493/1373
f 1523/2485/1396 1481/2494/1359 1527/2497/1400
f 1527/2497/1400 1481/2494/1359 1528/2498/1401
f 1523/2485/1396 1527/2497/1400 1529/2499/1402
f 1529/2499/1402 1527/2497/1400 1528/2498/1401
f 1523/2485/1396 1529/2499/1402 1319/2486/1205
f 1528/2498/1401 1481/2494/1359 1480/2500/1358
f 1319/2486/1205 1529/2499/1402 1530/2501/1403
f 1319/2486/1205 1530/2501/1403 1531/2502/1404
f 1531/2502/1404 1530/2501/1403 1532/2503/1405
f 1533/2504/1406 1532/2503/1405 1534/2505/1407
f 1534/2505/1407 1532/2503/1405 1530/2501/1403
f 1534/2505/1407 1530/2501/1403 1535/2506/1408
f 1530/2501/1403 1529/2499/1402 1536/2507/1409
f 1536/2507/1409 1529/2499/1402 1528/2498/1401
f 1535/2506/1408 1530/2501/1403 1537/2508/1410
f 1537/2508/1410 1530/2501/1403 1536/2507/1409
f 1535/2506/1408 1537/2508/1410 1538/2509/1411
f 1538/2509/1411 1537/2508/1410 1539/2510/1412
f 1537/2508/1410 1536/2507/1409 1540/2511/1413
f 1540/2511/1413 1536/2507/1409 1541/2512/1414
f 1541/2512/1414 1536/2507/1409 1528/2498/1401
f 1540/2511/1413 1541/2512/1414 1542/2513/1415
f 1542/2513/1415 1541/2512/1414 1398/2514/1282
f 1541/2512/1414 1528/2498/1401 1543/2515/1416
f 1541/2512/1414 1543/2515/1416 1398/2514/1282
f 1543/2515/1416 1528/2498/1401 1480/2500/1358
f 1543/2515/1416 1480/2500/1358 1489/2516/1367
f 1543/2515/1416 1489/2516/1367 1398/2514/1282
f 1398/2514/1282 1489/2516/1367 1397/2517/1281
f 1318/2518/1204 1316/2519/1202 1315/2520/1201
f 1314/2521/1200 1313/2522/1199 1316/2519/1202
f 1539/2523/1412 1311/2524/1197 1314/2521/1200
f 1539/2523/1412 1314/2521/1200 1316/2519/1202
f 1539/2523/1412 1316/2519/1202 1538/2525/1411
f 1538/2525/1411 1316/2519/1202 1535/2526/1408
f 1535/2526/1408 1316/2519/1202 1534/2527/1407
f 1534/2527/1407 1316/2519/1202 1533/2528/1406
f 1533/2528/1406 1316/2519/1202 1318/2518/1204
f 1533/2528/1406 1318/2518/1204 1544/2529/1417
f 1544/2529/1417 1318/2518/1204 1545/2530/1418
f 1544/2529/1417 1545/2530/1418 1533/2528/1406
f 1545/2530/1418 1318/2518/1204 1546/2531/1419
f 1545/2530/1418 1546/2531/1419 1533/2528/1406
f 1546/2531/1419 1318/2518/1204 1319/2532/1205
f 1546/2531/1419 1319/2532/1205 1533/2528/1406
f 1533/2528/1406 1319/2532/1205 1531/2533/1404
f 1533/2528/1406 1531/2533/1404 1532/2534/1405
f 1217/2535/1119 947/2536/851 1413/2537/1292
f 1547/2538/1420 891/2539/810 894/2540/813
f 891/2539/810 1547/2538/1420 1548/2541/1421
f 891/2539/810 1548/2541/1421 888/2542/807
f 1548/2541/1421 1547/2538/1420 1549/2543/1422
f 1548/2541/1421 1549/2543/1422 888/2542/807
f 888/2542/807 1549/2543/1422 1550/2544/1423
f 888/2542/807 1550/2544/1423 1551/2545/1424
f 1551/2545/1424 1550/2544/1423 1552/2546/1425
f 1552/2546/1425 1550/2544/1423 1553/2547/1426
f 1553/2547/1426 1550/2544/1423 1554/2548/1427
f 1554/2548/1427 1550/2544/1423 1549/2543/1422
f 1554/2548/1427 1549/2543/1422 1342/2549/1226
f 1342/2549/1226 1549/2543/1422 1547/2538/1420
f 1342/2549/1226 1547/2538/1420 1555/2550/1428
f 1555/2550/1428 1547/2538/1420 894/2540/813
f 1342/2549/1226 1555/2550/1428 1556/2551/1429
f 1556/2551/1429 1555/2550/1428 1557/2552/1430
f 1556/2551/1429 1557/2552/1430 1342/2549/1226
f 1557/2552/1430 1555/2550/1428 894/2540/813
f 1342/2549/1226 1557/2552/1430 1344/2553/1228
f 1344/2553/1228 1557/2552/1430 894/2540/813
f 1344/2553/1228 894/2540/813 1341/2554/1225
f 1341/2554/1225 894/2540/813 895/2555/814
f 895/2555/814 894/2540/813 893/2556/812
f 1558/2557/1431 1559/2558/1432 1413/2559/1292
f 1559/2558/1432 1558/2557/1431 1560/2560/1433
f 1559/2558/1432 1560/2560/1433 1561/2561/1434
f 1559/2558/1432 1561/2561/1434 1562/2562/1435
f 1559/2563/1432 1217/2564/1119 1413/2565/1292
f 1412/2566/1296 1413/2567/1292 1411/2568/1295
f 1413/2567/1292 1412/2566/1296 1563/2569/1436
f 1394/2570/1278 1217/2571/1119 1564/2572/1437
f 1394/2570/1278 1564/2572/1437 1565/2573/1438
f 1565/2573/1438 1564/2572/1437 1540/2574/1413
f 1565/2573/1438 1540/2574/1413 1566/2575/1439
f 1565/2573/1438 1566/2575/1439 1567/2576/1440
f 1565/2573/1438 1567/2576/1440 1568/2577/1441
f 1569/2578/1442 1570/2579/1443 1566/2575/1439
f 1566/2575/1439 1570/2579/1443 1567/2576/1440
f 1568/2577/1441 1567/2576/1440 1571/2580/1444
f 1571/2580/1444 1567/2576/1440 1572/2581/1445
f 1571/2580/1444 1572/2581/1445 1573/2582/1446
f 1567/2576/1440 1570/2579/1443 1574/2583/1447
f 1567/2576/1440 1574/2583/1447 1572/2581/1445
f 1572/2581/1445 1574/2583/1447 1573/2582/1446
f 1574/2583/1447 1570/2579/1443 1575/2584/1448
f 1573/2582/1446 1574/2583/1447 1576/2585/1449
f 1576/2585/1449 1574/2583/1447 1577/2586/1450
f 1465/2587/1344 1311/2588/1197 1578/2589/1451
f 1578/2589/1451 1311/2588/1197 1539/2590/1412
f 1465/2587/1344 1578/2589/1451 1463/2591/783
f 1578/2589/1451 1539/2590/1412 1537/2592/1410
f 1463/2591/783 1578/2589/1451 1559/2593/1432
f 1463/2591/783 1559/2593/1432 1466/2594/783
f 1578/2589/1451 1537/2592/1410 1579/2595/1452
f 1579/2595/1452 1537/2592/1410 1540/2596/1413
f 1579/2595/1452 1540/2596/1413 1564/2597/1437
f 1579/2595/1452 1564/2597/1437 1578/2589/1451
f 1578/2589/1451 1564/2597/1437 1559/2593/1432
f 1559/2593/1432 1564/2597/1437 1217/2598/1119
f 1580/2599/1453 881/2600/802 884/2601/804
f 1580/2599/1453 884/2601/804 1581/2602/1454
f 881/2600/802 1580/2599/1453 882/2603/209
f 882/2603/209 1580/2599/1453 1582/2604/1455
f 882/2603/209 1582/2604/1455 1583/2605/1456
f 882/2603/209 1583/2605/1456 880/2606/801
f 880/2606/801 1583/2605/1456 1584/2607/806
f 880/2606/801 1584/2607/806 878/2608/641
f 1584/2607/806 1583/2605/1456 1585/2609/1457
f 1584/2607/806 1585/2609/1457 1586/2610/1458
f 878/2608/641 1584/2607/806 879/2611/214
f 879/2611/214 1584/2607/806 1586/2610/1458
f 879/2611/214 1586/2610/1458 1587/2612/1459
f 1587/2612/1459 1586/2610/1458 1588/2613/1460
f 1587/2612/1459 1588/2613/1460 1589/2614/1461
f 1587/2612/1459 1589/2614/1461 860/2615/790
f 1587/2612/1459 860/2615/790 879/2611/214
f 879/2611/214 860/2615/790 859/2616/789
f 1506/2617/265 874/2618/167 873/2619/167
f 1558/2620/1431 1590/2621/1462 1560/2622/1433
f 1590/2621/1462 1558/2620/1431 1591/2623/1463
f 1590/2621/1462 1591/2623/1463 1592/2624/1464
f 1591/2623/1463 1558/2620/1431 1593/2625/1465
f 1593/2625/1465 1558/2620/1431 1413/2626/1292
f 1593/2625/1465 1413/2626/1292 1563/2627/1436
f 1591/2623/1463 1593/2625/1465 1561/2628/1434
f 1591/2623/1463 1561/2628/1434 1560/2629/1433
f 1591/2623/1463 1560/2629/1433 1594/2630/1466
f 1591/2623/1463 1594/2630/1466 1592/2624/1464
f 1594/2630/1466 1560/2629/1433 1590/2631/1462
f 1594/2630/1466 1590/2631/1462 1595/2632/1467
f 1592/2624/1464 1594/2630/1466 1561/2633/1434
f 1592/2624/1464 1561/2633/1434 1596/2634/1468
f 1506/2635/265 873/2636/167 869/2637/167
f 1506/2635/265 869/2637/167 1597/2638/1469
f 1597/2638/1469 869/2637/167 1598/2639/1470
f 1598/2639/1470 869/2637/167 867/2640/792
f 1598/2639/1470 867/2640/792 868/2641/796
f 1597/2638/1469 1598/2639/1470 1599/2642/660
f 1597/2638/1469 1599/2642/660 1506/2635/265
f 1599/2642/660 1598/2639/1470 868/2641/796
f 1506/2635/265 1599/2642/660 1509/2643/1385
f 1599/2642/660 868/2641/796 1600/2644/1471
f 1509/2643/1385 1599/2642/660 1510/2645/660
f 1599/2642/660 1600/2644/1471 1601/2646/1472
f 1510/2645/660 1599/2642/660 1511/2647/1386
f 1599/2642/660 1601/2646/1472 1602/2648/1473
f 1511/2647/1386 1599/2642/660 1603/2649/1474
f 1603/2649/1474 1599/2642/660 1602/2648/1473
f 1511/2647/1386 1603/2649/1474 1514/2650/1389
f 1514/2650/1389 1603/2649/1474 1521/2651/1394
f 1521/2651/1394 1603/2649/1474 1602/2648/1473
f 1521/2651/1394 1602/2648/1473 1604/2652/1475
f 1521/2651/1394 1604/2652/1475 1605/2653/147
f 1521/2651/1394 1605/2653/147 1606/2654/1476
f 1606/2654/1476 1605/2653/147 1607/2655/1477
f 1605/2653/147 1604/2652/1475 1608/2656/1478
f 1608/2656/1478 1604/2652/1475 1609/2657/1479
f 1608/2656/1478 1609/2657/1479 1610/2658/1480
f 1605/2653/147 1608/2656/1478 1611/2659/1481
f 1605/2653/147 1611/2659/1481 1607/2655/1477
f 1611/2659/1481 1608/2656/1478 1610/2658/1480
f 1607/2655/1477 1611/2659/1481 1612/2660/1482
f 1612/2660/1482 1611/2659/1481 1610/2658/1480
f 1613/2661/1483 1614/2662/1484 1615/2663/1485
f 1615/2663/1485 1614/2662/1484 1616/2664/1486
f 1615/2663/1485 1616/2664/1486 1617/2665/1487
f 1613/2661/1483 1615/2663/1485 1618/2666/1488
f 1613/2661/1483 1618/2666/1488 1616/2667/1486
f 1616/2667/1486 1618/2666/1488 1617/2668/1487
f 1614/2662/1484 1613/2661/1483 1619/2669/1489
f 1614/2662/1484 1619/2669/1489 1620/2670/1490
f 1619/2669/1489 1613/2661/1483 1621/2671/1491
f 1620/2670/1490 1619/2669/1489 1622/2672/1492
f 1620/2670/1490 1622/2672/1492 1623/2673/1493
f 1623/2673/1493 1622/2672/1492 1624/2674/1494
f 1623/2673/1493 1624/2674/1494 1625/2675/1495
f 1624/2674/1494 1622/2672/1492 1593/2676/1465
f 1593/2676/1465 1622/2672/1492 1596/2677/1468
f 1596/2677/1468 1622/2672/1492 1619/2669/1489
f 1412/2678/1296 1592/2679/1464 1596/2677/1468
f 1412/2678/1296 1596/2677/1468 1563/2680/1436
f 1563/2680/1436 1596/2677/1468 1619/2669/1489
f 1592/2681/1464 1593/2682/1465 1563/2680/1436
f 1592/2681/1464 1563/2680/1436 1626/2683/1496
f 1626/2683/1496 1563/2680/1436 1619/2669/1489
f 1626/2683/1496 1619/2669/1489 1621/2671/1491
f 1626/2683/1496 1621/2671/1491 1627/2684/1497
f 1626/2683/1496 1627/2684/1497 1628/2685/1498
f 1627/2684/1497 1621/2671/1491 1629/2686/1499
f 1627/2684/1497 1629/2686/1499 1630/2687/1500
f 1631/2688/1501 1632/2689/138 1633/2690/1502
f 1634/2691/1503 1635/2692/1504 1631/2688/1501
f 1631/2688/1501 1635/2692/1504 1636/2693/1505
f 1631/2688/1501 1636/2693/1505 1632/2689/138
f 1636/2693/1505 1635/2692/1504 1637/2694/1506
f 1637/2694/1506 1635/2692/1504 1638/2695/1507
f 1637/2694/1506 1638/2695/1507 1639/2696/1508
f 1639/2696/1508 1638/2695/1507 1640/2697/1509
f 1639/2696/1508 1640/2697/1509 1637/2694/1506
f 1636/2693/1505 1637/2694/1506 1641/2698/1510
f 1641/2698/1510 1637/2694/1506 1642/2699/1511
f 1641/2698/1510 1642/2699/1511 1636/2693/1505
f 1642/2699/1511 1637/2694/1506 1640/2697/1509
f 1636/2693/1505 1642/2699/1511 1632/2689/138
f 1643/2700/1512 1644/2701/1513 1640/2697/1509
f 1640/2697/1509 1644/2701/1513 1642/2699/1511
f 1642/2699/1511 1644/2701/1513 1645/2702/1514
f 1645/2702/1514 1644/2701/1513 1646/2703/1515
f 1645/2702/1514 1646/2703/1515 1647/2704/1516
f 1645/2702/1514 1647/2704/1516 1642/2699/1511
f 1642/2699/1511 1647/2704/1516 1648/2705/1517
f 1648/2705/1517 1647/2704/1516 1649/2706/1518
f 1642/2699/1511 1648/2705/1517 1632/2689/138
f 1632/2689/138 1648/2705/1517 1620/2707/1490
f 1632/2689/138 1620/2707/1490 1623/2708/1493
f 1632/2689/138 1623/2708/1493 1650/2709/1519
f 1632/2689/138 1650/2709/1519 1651/2710/1520
f 1632/2689/138 1651/2710/1520 1633/2690/1502
f 1633/2690/1502 1651/2710/1520 1652/2711/1521
f 1651/2710/1520 1650/2709/1519 1653/2712/1522
f 1652/2711/1521 1651/2710/1520 1409/2713/1293
f 1409/2713/1293 1651/2710/1520 1653/2712/1522
f 1652/2711/1521 1409/2713/1293 1654/2714/1523
f 1654/2714/1523 1409/2713/1293 1450/2715/1332
f 1654/2714/1523 1450/2715/1332 1655/2716/1524
f 1409/2713/1293 1653/2712/1522 1656/2717/1525
f 1656/2717/1525 1653/2712/1522 1650/2709/1519
f 1656/2717/1525 1650/2709/1519 1623/2708/1493
f 1409/2713/1293 1656/2717/1525 1408/2718/1292
f 1656/2717/1525 1623/2708/1493 1625/2719/1495
f 1656/2717/1525 1625/2719/1495 1408/2718/1292
f 1618/2720/1488 1615/2721/1485 1657/2722/1526
f 1657/2722/1526 1615/2721/1485 1617/2723/1487
f 1618/2720/1488 1657/2722/1526 1621/2724/1491
f 1618/2720/1488 1621/2724/1491 1617/2725/1487
f 1621/2724/1491 1657/2722/1526 1658/2726/1527
f 1658/2726/1527 1657/2722/1526 1617/2723/1487
f 1621/2724/1491 1658/2726/1527 1659/2727/1528
f 1659/2727/1528 1658/2726/1527 1660/2728/1529
f 1659/2727/1528 1660/2728/1529 1661/2729/1530
f 1661/2729/1530 1660/2728/1529 1662/2730/1531
f 1662/2730/1531 1660/2728/1529 1658/2726/1527
f 1662/2730/1531 1658/2726/1527 1663/2731/1532
f 1658/2726/1527 1617/2723/1487 1664/2732/329
f 1664/2732/329 1617/2723/1487 1621/2733/1491
f 1664/2732/329 1621/2733/1491 1613/2734/1483
f 1664/2732/329 1613/2734/1483 1616/2735/1486
f 1664/2732/329 1616/2735/1486 1614/2736/1484
f 1664/2732/329 1614/2736/1484 1658/2726/1527
f 1663/2731/1532 1658/2726/1527 1665/2737/1533
f 1665/2737/1533 1658/2726/1527 1614/2736/1484
f 1663/2731/1532 1665/2737/1533 1666/2738/1534
f 1665/2737/1533 1614/2736/1484 1620/2739/1490
f 1665/2737/1533 1620/2739/1490 1649/2740/1518
f 1652/2741/1521 1631/2742/1501 1633/2743/1502
f 1631/2742/1501 1652/2741/1521 1667/2744/1535
f 1631/2742/1501 1667/2744/1535 1668/2745/1536
f 1667/2744/1535 1652/2741/1521 1669/2746/1537
f 1667/2744/1535 1669/2746/1537 1668/2745/1536
f 1631/2742/1501 1668/2745/1536 1634/2747/1503
f 1669/2746/1537 1652/2741/1521 1654/2748/1523
f 1634/2747/1503 1668/2745/1536 1670/2749/1538
f 1634/2747/1503 1670/2749/1538 1635/2750/1504
f 1635/2750/1504 1670/2749/1538 1638/2751/1507
f 1655/2752/1524 1671/2753/1539 1654/2748/1523
f 1654/2748/1523 1671/2753/1539 1669/2746/1537
f 1669/2746/1537 1671/2753/1539 1672/2754/1540
f 1672/2754/1540 1671/2753/1539 1673/2755/1541
f 1672/2754/1540 1673/2755/1541 1674/2756/1542
f 1672/2754/1540 1674/2756/1542 1675/2757/1543
f 1672/2754/1540 1675/2757/1543 1676/2758/1544
f 1672/2754/1540 1676/2758/1544 1677/2759/1545
f 1672/2754/1540 1677/2759/1545 1669/2746/1537
f 1677/2759/1545 1676/2758/1544 1678/2760/1546
f 1677/2759/1545 1678/2760/1546 1679/2761/1547
f 1669/2746/1537 1677/2759/1545 1680/2762/1548
f 1680/2762/1548 1677/2759/1545 1679/2761/1547
f 1669/2746/1537 1680/2762/1548 1668/2745/1536
f 1680/2762/1548 1679/2761/1547 1681/2763/1549
f 1668/2745/1536 1680/2762/1548 1682/2764/1550
f 1682/2764/1550 1680/2762/1548 1681/2763/1549
f 1668/2745/1536 1682/2764/1550 1670/2749/1538
f 1682/2764/1550 1681/2763/1549 1683/2765/1551
f 1670/2749/1538 1682/2764/1550 1684/2766/1552
f 1684/2766/1552 1682/2764/1550 1683/2765/1551
f 1670/2749/1538 1684/2766/1552 1638/2751/1507
f 1638/2751/1507 1684/2766/1552 1685/2767/1553
f 1685/2767/1553 1684/2766/1552 1683/2765/1551
f 1638/2751/1507 1685/2767/1553 1686/2768/1554
f 1685/2767/1553 1683/2765/1551 1687/2769/1555
f 1687/2769/1555 1683/2765/1551 1688/2770/1556
f 1687/2769/1555 1688/2770/1556 1685/2767/1553
f 1686/2768/1554 1685/2767/1553 1689/2771/1557
f 1689/2771/1557 1685/2767/1553 1688/2770/1556
f 1686/2768/1554 1689/2771/1557 1690/2772/1558
f 1689/2771/1557 1688/2770/1556 1691/2773/1559
f 1689/2771/1557 1691/2773/1559 1690/2772/1558
f 1691/2773/1559 1688/2770/1556 1674/2774/1542
f 1690/2772/1558 1691/2773/1559 1692/2775/1560
f 1691/2773/1559 1674/2774/1542 1673/2776/1541
f 1691/2773/1559 1673/2776/1541 1692/2775/1560
f 1692/2775/1560 1673/2776/1541 1671/2777/1539
f 1692/2775/1560 1671/2777/1539 1655/2778/1524
f 1581/2779/1454 884/2780/804 1693/2781/1561
f 1693/2781/1561 884/2780/804 886/2782/641
f 1581/2779/1454 1693/2781/1561 1553/2783/1426
f 1553/2783/1426 1693/2781/1561 1552/2784/1425
f 1693/2781/1561 886/2782/641 888/2785/807
f 1552/2784/1425 1693/2781/1561 1551/2786/1424
f 1693/2781/1561 888/2785/807 1694/2787/1562
f 1693/2781/1561 1694/2787/1562 1551/2786/1424
f 1694/2787/1562 888/2785/807 1695/2788/1563
f 1694/2787/1562 1695/2788/1563 1551/2786/1424
f 868/2789/796 862/2790/792 858/2791/788
f 860/2792/790 1589/2793/1461 858/2791/788
f 858/2791/788 1589/2793/1461 1696/2794/1564
f 858/2791/788 1696/2794/1564 868/2789/796
f 1696/2794/1564 1589/2793/1461 1588/2795/1460
f 1696/2794/1564 1588/2795/1460 1697/2796/1565
f 1696/2794/1564 1697/2796/1565 1698/2797/1566
f 1696/2794/1564 1698/2797/1566 1699/2798/1567
f 868/2789/796 1696/2794/1564 1700/2799/1568
f 1700/2799/1568 1696/2794/1564 1699/2798/1567
f 868/2789/796 1700/2799/1568 1601/2800/1472
f 1601/2800/1472 1700/2799/1568 1699/2798/1567
f 868/2789/796 1601/2800/1472 1600/2801/1471
f 1601/2800/1472 1699/2798/1567 1602/2802/1473
f 1287/2803/1177 1259/2804/1157 1258/2805/143
f 1259/2804/1157 1287/2803/1177 1701/2806/1569
f 1701/2806/1569 1287/2803/1177 1702/2807/1570
f 1259/2804/1157 1701/2806/1569 1703/2808/1571
f 1703/2808/1571 1701/2806/1569 1704/2809/1572
f 1703/2808/1571 1704/2809/1572 1259/2804/1157
f 1704/2809/1572 1701/2806/1569 1702/2807/1570
f 1259/2804/1157 1704/2809/1572 1459/2810/1340
f 1459/2810/1340 1704/2809/1572 1456/2811/1337
f 1456/2811/1337 1704/2809/1572 1702/2807/1570
f 1456/2811/1337 1702/2807/1570 1705/2812/1573
f 1593/2813/1465 1592/2814/1464 1412/2815/1296
f 1593/2813/1465 1412/2815/1296 1408/2816/1292
f 1593/2813/1465 1408/2816/1292 1625/2817/1495
f 1593/2813/1465 1625/2817/1495 1624/2818/1494
f 1706/2819/1574 1396/2820/1280 1394/2821/1278
f 1706/2819/1574 1394/2821/1278 1565/2822/1438
f 1706/2819/1574 1565/2822/1438 1707/2823/1575
f 1707/2823/1575 1565/2822/1438 1568/2824/1441
f 1707/2823/1575 1568/2824/1441 1708/2825/1576
f 1706/2819/1574 1707/2823/1575 1709/2826/1577
f 1706/2819/1574 1709/2826/1577 1710/2827/1578
f 1396/2820/1280 1706/2819/1574 1566/2828/1439
f 1566/2828/1439 1706/2819/1574 1710/2827/1578
f 1396/2820/1280 1566/2828/1439 1398/2829/1282
f 1566/2828/1439 1710/2827/1578 1628/2830/1498
f 1566/2828/1439 1628/2830/1498 1569/2831/1442
f 1398/2829/1282 1566/2828/1439 1542/2832/1415
f 1542/2832/1415 1566/2828/1439 1540/2833/1413
f 1592/2834/1464 1626/2835/1496 1595/2836/1467
f 1592/2834/1464 1595/2836/1467 1590/2837/1462
f 1709/2838/1577 1595/2839/1467 1626/2840/1496
f 1709/2838/1577 1626/2840/1496 1628/2841/1498
f 1709/2838/1577 1628/2841/1498 1710/2842/1578
f 1595/2839/1467 1709/2838/1577 1707/2843/1575
f 1595/2839/1467 1707/2843/1575 1708/2844/1576
f 1595/2839/1467 1708/2844/1576 1594/2845/1466
f 1594/2845/1466 1708/2844/1576 1711/2846/1579
f 1711/2846/1579 1708/2844/1576 1712/2847/1580
f 1711/2846/1579 1712/2847/1580 1559/2848/1432
f 1711/2846/1579 1559/2848/1432 1562/2849/1435
f 1679/2850/1547 1678/2851/1546 1713/2852/1581
f 1713/2852/1581 1678/2851/1546 1714/2853/1582
f 1713/2852/1581 1714/2853/1582 1715/2854/1583
f 1715/2854/1583 1714/2853/1582 1678/2851/1546
f 1713/2852/1581 1715/2854/1583 1716/2855/1584
f 1715/2854/1583 1678/2851/1546 1717/2856/1585
f 1717/2856/1585 1678/2851/1546 1676/2857/1544
f 1717/2856/1585 1676/2857/1544 1715/2854/1583
f 1715/2854/1583 1676/2857/1544 1675/2858/1543
f 1715/2854/1583 1675/2858/1543 1674/2859/1542
f 1715/2854/1583 1674/2859/1542 1718/2860/1586
f 1718/2860/1586 1674/2859/1542 1719/2861/1587
f 1720/2862/1588 1719/2861/1587 1721/2863/1589
f 1719/2861/1587 1720/2862/1588 1718/2860/1586
f 1718/2860/1586 1720/2862/1588 1722/2864/1590
f 1715/2854/1583 1718/2860/1586 1723/2865/1591
f 1718/2860/1586 1722/2864/1590 1724/2866/1592
f 1718/2860/1586 1724/2866/1592 1723/2865/1591
f 1723/2865/1591 1724/2866/1592 1715/2854/1583
f 1715/2854/1583 1724/2866/1592 1716/2855/1584
f 1724/2866/1592 1722/2864/1590 1725/2867/1593
f 1724/2866/1592 1725/2867/1593 1716/2855/1584
f 1716/2855/1584 1725/2867/1593 1726/2868/1594
f 1726/2868/1594 1725/2867/1593 1727/2869/1595
f 1716/2855/1584 1726/2868/1594 1728/2870/1596
f 1728/2870/1596 1726/2868/1594 1727/2869/1595
f 1708/2871/1576 1568/2872/1441 1712/2873/1580
f 1663/2874/1532 1666/2875/1534 1649/2876/1518
f 1649/2876/1518 1666/2875/1534 1665/2877/1533
f 1593/2878/1465 1596/2879/1468 1729/2880/1597
f 1729/2880/1597 1596/2879/1468 1561/2881/1434
f 1729/2880/1597 1561/2881/1434 1593/2878/1465
f 1559/2882/1432 1712/2883/1580 1568/2884/1441
f 1620/2885/1490 1648/2886/1517 1649/2887/1518
f 1716/2888/1584 1730/2889/1598 1713/2890/1581
f 1728/2891/1596 1731/2892/1599 1716/2888/1584
f 1716/2888/1584 1731/2892/1599 1732/2893/1600
f 1716/2888/1584 1732/2893/1600 1730/2889/1598
f 1732/2893/1600 1731/2892/1599 1733/2894/1601
f 1730/2889/1598 1732/2893/1600 1734/2895/1602
f 1734/2895/1602 1732/2893/1600 1733/2894/1601
f 1713/2890/1581 1730/2889/1598 1735/2896/1603
f 1713/2890/1581 1735/2896/1603 1679/2897/1547
f 1679/2897/1547 1735/2896/1603 1681/2898/1549
f 1735/2896/1603 1730/2889/1598 1736/2899/1604
f 1736/2899/1604 1730/2889/1598 1734/2895/1602
f 1681/2898/1549 1735/2896/1603 1737/2900/1605
f 1737/2900/1605 1735/2896/1603 1736/2899/1604
f 1681/2898/1549 1737/2900/1605 1683/2901/1551
f 1683/2901/1551 1737/2900/1605 1688/2902/1556
f 1719/2903/1587 1674/2904/1542 1688/2902/1556
f 1719/2903/1587 1688/2902/1556 1737/2900/1605
f 1719/2903/1587 1737/2900/1605 1721/2905/1589
f 1738/2906/1606 1736/2899/1604 1734/2895/1602
f 1721/2905/1589 1737/2900/1605 1739/2907/1607
f 1740/2908/1608 1737/2900/1605 1736/2899/1604
f 1740/2908/1608 1736/2899/1604 1738/2906/1606
f 1737/2900/1605 1740/2908/1608 1739/2907/1607
f 1721/2905/1589 1739/2907/1607 1741/2909/1609
f 1741/2909/1609 1739/2907/1607 1740/2908/1608
f 1741/2909/1609 1740/2908/1608 1721/2905/1589
f 1721/2905/1589 1740/2908/1608 1742/2910/1610
f 1742/2910/1610 1740/2908/1608 1738/2906/1606
f 1742/2910/1610 1738/2906/1606 1734/2895/1602
f 1742/2910/1610 1734/2895/1602 1743/2911/1611
f 1743/2911/1611 1734/2895/1602 1733/2894/1601
f 1742/2910/1610 1743/2911/1611 1744/2912/1612
f 1744/2912/1612 1743/2911/1611 1733/2894/1601
f 1742/2910/1610 1744/2912/1612 1745/2913/1613
f 1744/2912/1612 1733/2894/1601 1746/2914/1614
f 1630/2915/1500 1629/2916/1499 1621/2917/1491
f 1630/2915/1500 1621/2917/1491 1659/2918/1528
f 1630/2915/1500 1659/2918/1528 1627/2919/1497
f 1627/2919/1497 1659/2918/1528 1747/2920/1615
f 1561/2921/1434 1594/2922/1466 1562/2923/1435
f 1748/2924/1616 1559/2925/1432 1568/2926/1441
f 1649/2927/1518 1647/2928/1516 1663/2929/1532
f 1663/2929/1532 1647/2928/1516 1646/2930/1515
f 1663/2929/1532 1646/2930/1515 1644/2931/1513
f 1663/2929/1532 1644/2931/1513 1643/2932/1512
f 1663/2929/1532 1643/2932/1512 1662/2933/1531
f 1662/2933/1531 1643/2932/1512 1749/2934/1617
f 1749/2934/1617 1643/2932/1512 1750/2935/1618
f 1662/2933/1531 1749/2934/1617 1751/2936/1619
f 1662/2933/1531 1751/2936/1619 1661/2937/1530
f 1752/2938/1620 1594/2939/1466 1753/2940/1621
f 1753/2940/1621 1594/2939/1466 1711/2941/1579
f 1594/2939/1466 1752/2938/1620 1562/2942/1435
f 1753/2940/1621 1711/2941/1579 1562/2942/1435
f 1753/2940/1621 1562/2942/1435 1752/2938/1620
f 1731/2943/1599 1728/2944/1596 1746/2945/1614
f 1731/2943/1599 1746/2945/1614 1733/2946/1601
f 1746/2945/1614 1728/2944/1596 1754/2947/1622
f 1754/2947/1622 1728/2944/1596 1755/2948/1623
f 1577/2949/1450 1756/2950/1624 1576/2951/1449
f 1571/2952/1444 1573/2953/1446 1757/2954/1625
f 1571/2952/1444 1757/2954/1625 1758/2955/1626
f 1571/2952/1444 1758/2955/1626 1748/2956/1616
f 1571/2952/1444 1748/2956/1616 1568/2957/1441
f 1758/2955/1626 1757/2954/1625 1759/2958/1627
f 1758/2955/1626 1759/2958/1627 1748/2956/1616
f 1757/2954/1625 1573/2953/1446 1760/2959/1628
f 1748/2956/1616 1759/2958/1627 1761/2960/1629
f 1748/2956/1616 1761/2960/1629 1559/2961/1432
f 1559/2961/1432 1761/2960/1629 1466/2962/783
f 1466/2962/783 1761/2960/1629 1762/2963/1630
f 1763/2964/1631 1764/2965/1632 1762/2963/1630
f 1763/2964/1631 1762/2963/1630 1765/2966/1633
f 1765/2966/1633 1762/2963/1630 1761/2960/1629
f 1765/2966/1633 1761/2960/1629 1759/2958/1627
f 1765/2966/1633 1759/2958/1627 1766/2967/1634
f 1765/2966/1633 1766/2967/1634 1767/2968/1635
f 1766/2967/1634 1759/2958/1627 1768/2969/1636
f 1766/2967/1634 1768/2969/1636 1767/2968/1635
f 1769/2970/1637 1759/2958/1627 1757/2954/1625
f 1759/2958/1627 1769/2970/1637 1768/2969/1636
f 1769/2970/1637 1757/2954/1625 1760/2959/1628
f 1768/2969/1636 1769/2970/1637 1770/2971/1638
f 1770/2971/1638 1769/2970/1637 1760/2959/1628
f 1767/2968/1635 1768/2969/1636 1771/2972/1639
f 1771/2972/1639 1768/2969/1636 1770/2971/1638
f 1767/2968/1635 1771/2972/1639 1772/2973/1640
f 1767/2968/1635 1772/2973/1640 1773/2974/1641
f 1773/2974/1641 1772/2973/1640 1774/2975/1642
f 1771/2972/1639 1770/2971/1638 1775/2976/1643
f 1775/2976/1643 1770/2971/1638 1760/2959/1628
f 1771/2972/1639 1775/2976/1643 1776/2977/1644
f 1771/2972/1639 1776/2977/1644 1774/2978/1642
f 1774/2978/1642 1776/2977/1644 1575/2979/1448
f 1575/2979/1448 1776/2977/1644 1777/2980/1645
f 1777/2980/1645 1776/2977/1644 1778/2981/1646
f 1778/2981/1646 1776/2977/1644 1775/2976/1643
f 1775/2976/1643 1760/2959/1628 1779/2982/1647
f 1778/2981/1646 1775/2976/1643 1780/2983/1648
f 1780/2983/1648 1775/2976/1643 1779/2982/1647
f 1778/2981/1646 1780/2983/1648 1781/2984/1649
f 1778/2981/1646 1781/2984/1649 1782/2985/1650
f 1782/2985/1650 1781/2984/1649 1783/2986/1651
f 1781/2984/1649 1780/2983/1648 1784/2987/1652
f 1784/2987/1652 1780/2983/1648 1779/2982/1647
f 1783/2986/1651 1781/2984/1649 1785/2988/1653
f 1785/2988/1653 1781/2984/1649 1784/2987/1652
f 1783/2986/1651 1785/2988/1653 1786/2989/1654
f 1786/2989/1654 1785/2988/1653 1787/2990/1655
f 1787/2990/1655 1785/2988/1653 1788/2991/1656
f 1788/2991/1656 1785/2988/1653 1784/2987/1652
f 1789/2992/1657 1779/2982/1647 1760/2959/1628
f 1779/2982/1647 1789/2992/1657 1784/2987/1652
f 1789/2992/1657 1760/2959/1628 1573/2953/1446
f 1789/2992/1657 1573/2953/1446 1576/2993/1449
f 1789/2992/1657 1576/2993/1449 1756/2994/1624
f 1789/2992/1657 1756/2994/1624 1790/2995/1658
f 1784/2987/1652 1789/2992/1657 1791/2996/1659
f 1791/2996/1659 1789/2992/1657 1790/2995/1658
f 1784/2987/1652 1791/2996/1659 1788/2991/1656
f 1791/2996/1659 1790/2995/1658 1792/2997/1660
f 1791/2996/1659 1792/2997/1660 1788/2991/1656
f 1788/2991/1656 1792/2997/1660 1793/2998/1661
f 1747/2999/1615 1628/3000/1498 1627/3001/1497
f 1756/3002/1624 1794/3003/1662 1790/3004/1658
f 1790/3004/1658 1794/3003/1662 1792/3005/1660
f 1794/3003/1662 1756/3002/1624 1577/3006/1450
f 1792/3005/1660 1794/3003/1662 1795/3007/1663
f 1795/3007/1663 1794/3003/1662 1577/3006/1450
f 1628/3008/1498 1747/3009/1615 1569/3010/1442
f 1569/3010/1442 1747/3009/1615 1796/3011/1664
f 1796/3011/1664 1747/3009/1615 1797/3012/1665
f 1797/3012/1665 1747/3009/1615 1798/3013/1666
f 1798/3013/1666 1747/3009/1615 1659/3014/1528
f 1797/3012/1665 1798/3013/1666 1799/3015/1667
f 1799/3015/1667 1798/3013/1666 1800/3016/1668
f 1792/3017/1660 1746/3018/1614 1793/3019/1661
f 1746/3018/1614 1792/3017/1660 1801/3020/1669
f 1801/3020/1669 1792/3017/1660 1795/3021/1663
f 1801/3020/1669 1795/3021/1663 1802/3022/824
f 1754/3023/1622 1793/3024/1661 1746/3025/1614
f 1793/3024/1661 1754/3023/1622 1788/3026/1656
f 1788/3026/1656 1754/3023/1622 1755/3027/1623
f 1788/3026/1656 1755/3027/1623 1787/3028/1655
f 1787/3028/1655 1755/3027/1623 1803/3029/1670
f 1727/3030/1595 1725/3031/1593 1728/3032/1596
f 1728/3032/1596 1725/3031/1593 1755/3033/1623
f 1755/3033/1623 1725/3031/1593 1722/3034/1590
f 1755/3033/1623 1722/3034/1590 1804/3035/1671
f 1804/3035/1671 1722/3034/1590 1720/3036/1588
f 1755/3033/1623 1804/3035/1671 1803/3037/1670
f 1804/3035/1671 1720/3036/1588 1805/3038/1672
f 1804/3035/1671 1805/3038/1672 1803/3037/1670
f 1803/3037/1670 1805/3038/1672 1720/3036/1588
f 1803/3037/1670 1720/3036/1588 1721/3039/1589
f 1803/3037/1670 1721/3039/1589 1806/3040/1673
f 1806/3040/1673 1721/3039/1589 1742/3041/1610
f 1807/3042/1674 1659/3043/1528 1661/3044/1530
f 1807/3042/1674 1661/3044/1530 1751/3045/1619
f 1807/3042/1674 1751/3045/1619 1808/3046/1675
f 1807/3042/1674 1808/3046/1675 1809/3047/1676
f 1808/3046/1675 1751/3045/1619 1810/3048/1677
f 1809/3047/1676 1808/3046/1675 1811/3049/1678
f 1809/3047/1676 1811/3049/1678 1812/3050/1679
f 1812/3050/1679 1811/3049/1678 1813/3051/1680
f 1813/3051/1680 1811/3049/1678 1814/3052/1681
f 1810/3048/1677 1751/3045/1619 1749/3053/1617
f 1810/3048/1677 1749/3053/1617 1815/3054/1682
f 1815/3054/1682 1749/3053/1617 1816/3055/1683
f 1816/3055/1683 1749/3053/1617 1817/3056/1684
f 1817/3056/1684 1749/3053/1617 1818/3057/1685
f 1817/3056/1684 1818/3057/1685 1819/3058/1686
f 1818/3057/1685 1749/3053/1617 1820/3059/1687
f 1820/3059/1687 1749/3053/1617 1750/3060/1618
f 1821/3061/1688 1577/3062/1450 1574/3063/1447
f 1577/3062/1450 1821/3061/1688 1795/3064/1663
f 1745/3065/1613 1744/3066/1612 1746/3067/1614
f 1745/3065/1613 1746/3067/1614 1801/3068/1669
f 1745/3065/1613 1801/3068/1669 1806/3069/1673
f 1806/3069/1673 1801/3068/1669 1802/3070/824
f 1806/3069/1673 1802/3070/824 1782/3071/1650
f 1806/3069/1673 1782/3071/1650 1783/3072/1651
f 1569/3073/1442 1822/3074/1689 1570/3075/1443
f 1822/3074/1689 1569/3073/1442 1797/3076/1665
f 1570/3075/1443 1822/3074/1689 1575/3077/1448
f 1575/3077/1448 1822/3074/1689 1823/3078/1690
f 1575/3077/1448 1823/3078/1690 1774/3079/1642
f 1774/3079/1642 1823/3078/1690 1822/3074/1689
f 1774/3079/1642 1822/3074/1689 1773/3080/1641
f 1821/3081/1688 1574/3082/1447 1575/3083/1448
f 1806/3084/1673 1742/3085/1610 1745/3086/1613
f 1659/3087/1528 1807/3088/1674 1798/3089/1666
f 1286/3090/143 1705/3091/1573 1287/3092/1177
f 1287/3092/1177 1705/3091/1573 1702/3093/1570
f 1705/3091/1573 1286/3090/143 1824/3094/1691
f 1824/3094/1691 1286/3090/143 1290/3095/1179
f 1824/3094/1691 1290/3095/1179 1292/3096/1181
f 1824/3094/1691 1292/3096/1181 1705/3091/1573
f 1292/3096/1181 1290/3095/1179 1289/3097/1178
f 1705/3091/1573 1292/3096/1181 1825/3098/1692
f 1825/3098/1692 1292/3096/1181 1293/3099/1182
f 1705/3091/1573 1825/3098/1692 1457/3100/1338
f 1457/3100/1338 1825/3098/1692 1293/3099/1182
f 1705/3091/1573 1457/3100/1338 1456/3101/1337
f 1457/3100/1338 1293/3099/1182 1304/3102/1190
f 1457/3100/1338 1304/3102/1190 1454/3103/1335
f 1454/3103/1335 1304/3102/1190 1452/3104/1334
f 1826/3105/1693 1827/3106/1694 1828/3107/1695
f 1827/3106/1694 1826/3105/1693 1829/3108/1696
f 1826/3105/1693 1828/3107/1695 1830/3109/1697
f 1827/3106/1694 1829/3108/1696 1831/3110/1698
f 1827/3106/1694 1831/3110/1698 1832/3111/1699
f 1832/3111/1699 1831/3110/1698 1833/3112/1700
f 1832/3111/1699 1833/3112/1700 1827/3106/1694
f 1828/3107/1695 1827/3106/1694 1834/3113/1701
f 1830/3109/1697 1828/3107/1695 1835/3114/1702
f 1828/3107/1695 1834/3113/1701 1836/3115/1703
f 1836/3115/1703 1834/3113/1701 1837/3116/1704
f 1836/3115/1703 1837/3116/1704 1838/3117/1705
f 1836/3115/1703 1838/3117/1705 1839/3118/1323
f 1828/3107/1695 1836/3115/1703 1840/3119/1706
f 1828/3107/1695 1840/3119/1706 1835/3114/1702
f 1840/3119/1706 1836/3115/1703 1841/3120/746
f 1835/3114/1702 1840/3119/1706 1842/3121/1707
f 1842/3121/1707 1840/3119/1706 1843/3122/1708
f 1844/3123/1709 1845/3124/1595 1827/3125/1694
f 1844/3123/1709 1827/3125/1694 1846/3126/1710
f 1846/3126/1710 1827/3125/1694 1833/3127/1700
f 1827/3125/1694 1845/3124/1595 1834/3128/1701
f 1844/3123/1709 1846/3126/1710 1847/3129/1711
f 1847/3129/1711 1846/3126/1710 1833/3127/1700
f 1844/3123/1709 1847/3129/1711 1845/3124/1595
f 1847/3129/1711 1833/3127/1700 1655/3130/1524
f 1655/3130/1524 1833/3127/1700 1692/3131/1560
f 1847/3129/1711 1655/3130/1524 1450/3132/1332
f 1847/3129/1711 1450/3132/1332 1845/3124/1595
f 1848/3133/1712 1834/3128/1701 1845/3124/1595
f 1848/3133/1712 1845/3124/1595 1450/3132/1332
f 1848/3133/1712 1450/3132/1332 1849/3134/1713
f 1849/3134/1713 1450/3132/1332 1451/3135/1333
f 1849/3134/1713 1451/3135/1333 1850/3136/1714
f 1849/3134/1713 1850/3136/1714 1848/3133/1712
f 1850/3136/1714 1451/3135/1333 1452/3137/1334
f 1834/3128/1701 1848/3133/1712 1851/3138/1715
f 1834/3128/1701 1851/3138/1715 1837/3139/1704
f 1848/3133/1712 1850/3136/1714 1852/3140/1716
f 1848/3133/1712 1852/3140/1716 1851/3138/1715
f 1852/3140/1716 1850/3136/1714 1452/3137/1334
f 1837/3139/1704 1851/3138/1715 1853/3141/112
f 1837/3139/1704 1853/3141/112 1854/3142/1717
f 1853/3141/112 1851/3138/1715 1855/3143/480
f 1855/3143/480 1851/3138/1715 1852/3140/1716
f 1853/3141/112 1855/3143/480 1856/3144/1718
f 1856/3144/1718 1855/3143/480 1857/3145/1719
f 1857/3145/1719 1855/3143/480 1852/3140/1716
f 1852/3140/1716 1452/3137/1334 1858/3146/1720
f 1858/3146/1720 1452/3137/1334 1304/3147/1190
f 1857/3145/1719 1852/3140/1716 1859/3148/1721
f 1859/3148/1721 1852/3140/1716 1858/3146/1720
f 1857/3145/1719 1859/3148/1721 1860/3149/1339
f 1859/3148/1721 1858/3146/1720 1861/3150/1722
f 1859/3148/1721 1861/3150/1722 1860/3149/1339
f 1797/3151/1665 1569/3152/1442 1796/3153/1664
f 1643/3154/1512 1640/3155/1509 1750/3156/1618
f 1750/3156/1618 1640/3155/1509 1862/3157/1723
f 1750/3156/1618 1862/3157/1723 1863/3158/1724
f 1862/3157/1723 1640/3155/1509 1638/3159/1507
f 1863/3158/1724 1862/3157/1723 1819/3160/1686
f 1862/3157/1723 1638/3159/1507 1864/3161/1725
f 1864/3161/1725 1638/3159/1507 1686/3162/1554
f 1862/3157/1723 1864/3161/1725 1865/3163/1726
f 1865/3163/1726 1864/3161/1725 1866/3164/1727
f 1864/3161/1725 1686/3162/1554 1867/3165/1728
f 1864/3161/1725 1867/3165/1728 1866/3164/1727
f 1866/3164/1727 1867/3165/1728 1865/3163/1726
f 1865/3163/1726 1867/3165/1728 1862/3157/1723
f 1867/3165/1728 1686/3162/1554 1690/3166/1558
f 1868/3167/1729 1819/3160/1686 1862/3157/1723
f 1868/3167/1729 1862/3157/1723 1867/3165/1728
f 1819/3160/1686 1868/3167/1729 1869/3168/1730
f 1867/3165/1728 1690/3166/1558 1870/3169/1731
f 1867/3165/1728 1870/3169/1731 1868/3167/1729
f 1870/3169/1731 1690/3166/1558 1692/3170/1560
f 1869/3168/1730 1868/3167/1729 1871/3171/1732
f 1871/3171/1732 1868/3167/1729 1870/3169/1731
f 1870/3169/1731 1692/3170/1560 1833/3172/1700
f 1870/3169/1731 1833/3172/1700 1871/3171/1732
f 1871/3171/1732 1833/3172/1700 1869/3168/1730
f 1869/3168/1730 1833/3172/1700 1872/3173/997
f 1869/3168/1730 1872/3173/997 1873/3174/1733
f 1872/3173/997 1833/3172/1700 1831/3175/1698
f 1872/3173/997 1831/3175/1698 1873/3174/1733
f 1874/3176/1734 1795/3177/1663 1821/3178/1688
f 1795/3177/1663 1874/3176/1734 1782/3179/1650
f 1795/3177/1663 1782/3179/1650 1802/3180/824
f 1782/3179/1650 1874/3176/1734 1778/3181/1646
f 1830/3182/1697 1875/3183/286 1876/3184/1735
f 1875/3183/286 1830/3182/1697 1877/3185/1736
f 1875/3183/286 1877/3185/1736 1814/3186/1681
f 1878/3187/1737 1813/3188/1680 1814/3186/1681
f 1878/3187/1737 1814/3186/1681 1877/3185/1736
f 1878/3187/1737 1877/3185/1736 1879/3189/1738
f 1878/3187/1737 1879/3189/1738 1880/3190/1739
f 1879/3189/1738 1877/3185/1736 1881/3191/1740
f 1881/3191/1740 1877/3185/1736 1882/3192/1741
f 1882/3192/1741 1877/3185/1736 1830/3182/1697
f 1881/3191/1740 1882/3192/1741 1841/3193/746
f 1882/3192/1741 1830/3182/1697 1883/3194/1742
f 1883/3194/1742 1830/3182/1697 1843/3195/1708
f 1843/3195/1708 1830/3182/1697 1835/3196/1702
f 1883/3194/1742 1843/3195/1708 1841/3197/746
f 1841/3197/746 1843/3195/1708 1840/3198/1706
f 1875/3199/286 1764/3200/1632 1876/3201/1735
f 1764/3200/1632 1875/3199/286 1762/3202/1630
f 1830/3203/1697 1829/3204/1696 1826/3205/1693
f 1842/3206/1707 1829/3204/1696 1835/3207/1702
f 1835/3207/1702 1829/3204/1696 1884/3208/1743
f 1884/3208/1743 1829/3204/1696 1830/3203/1697
f 1835/3207/1702 1884/3208/1743 1843/3209/1708
f 1884/3208/1743 1830/3203/1697 1885/3210/1744
f 1885/3210/1744 1830/3203/1697 1886/3211/1745
f 1885/3210/1744 1886/3211/1745 1884/3208/1743
f 1886/3211/1745 1830/3203/1697 1876/3212/1735
f 1886/3211/1745 1876/3212/1735 1878/3213/1737
f 1886/3211/1745 1878/3213/1737 1880/3214/1739
f 1886/3211/1745 1880/3214/1739 1875/3215/286
f 1886/3211/1745 1875/3215/286 1814/3216/1681
f 1884/3208/1743 1886/3211/1745 1883/3217/1742
f 1884/3208/1743 1883/3217/1742 1814/3218/1681
f 1883/3217/1742 1886/3211/1745 1882/3219/1741
f 1882/3219/1741 1886/3211/1745 1814/3216/1681
f 1882/3219/1741 1814/3216/1681 1841/3220/746
f 1841/3220/746 1814/3216/1681 1883/3221/1742
f 1876/3222/1735 1887/3223/1746 1878/3224/1737
f 1887/3223/1746 1876/3222/1735 1764/3225/1632
f 1887/3223/1746 1764/3225/1632 1763/3226/1631
f 1878/3224/1737 1887/3223/1746 1813/3227/1680
f 1887/3223/1746 1763/3226/1631 1888/3228/1747
f 1887/3223/1746 1888/3228/1747 1813/3227/1680
f 1813/3227/1680 1888/3228/1747 1812/3229/1679
f 1551/3230/1424 1695/3231/1563 888/3232/807
f 1787/3233/1655 1803/3234/1670 1889/3235/1748
f 1787/3233/1655 1889/3235/1748 1786/3236/1654
f 1786/3236/1654 1889/3235/1748 1890/3237/1749
f 1890/3237/1749 1889/3235/1748 1803/3234/1670
f 1786/3236/1654 1890/3237/1749 1783/3238/1651
f 1783/3238/1651 1890/3237/1749 1803/3234/1670
f 1783/3238/1651 1803/3234/1670 1806/3239/1673
f 1874/3240/1734 1821/3241/1688 1778/3242/1646
f 1778/3242/1646 1821/3241/1688 1777/3243/1645
f 1777/3243/1645 1821/3241/1688 1575/3244/1448
f 1822/3245/1689 1797/3246/1665 1773/3247/1641
f 1773/3247/1641 1797/3246/1665 1891/3248/1750
f 1891/3248/1750 1797/3246/1665 1799/3249/1667
f 1891/3248/1750 1799/3249/1667 1892/3250/1751
f 1891/3248/1750 1892/3250/1751 1773/3247/1641
f 1773/3247/1641 1892/3250/1751 1893/3251/1752
f 1893/3251/1752 1892/3250/1751 1894/3252/1753
f 1773/3247/1641 1893/3251/1752 1767/3253/1635
f 1893/3251/1752 1894/3252/1753 1888/3254/1747
f 1767/3253/1635 1893/3251/1752 1895/3255/1754
f 1895/3255/1754 1893/3251/1752 1888/3254/1747
f 1895/3255/1754 1888/3254/1747 1896/3256/1755
f 1896/3256/1755 1888/3254/1747 1763/3257/1631
f 1767/3253/1635 1895/3255/1754 1763/3257/1631
f 1767/3253/1635 1763/3257/1631 1765/3258/1633
f 1895/3255/1754 1896/3256/1755 1897/3259/1756
f 1897/3259/1756 1896/3256/1755 1763/3257/1631
f 1763/3257/1631 1895/3255/1754 1898/3260/1757
f 1898/3260/1757 1895/3255/1754 1897/3259/1756
f 1898/3260/1757 1897/3259/1756 1763/3257/1631
f 1899/3261/1758 1809/3262/1676 1812/3263/1679
f 1899/3261/1758 1812/3263/1679 1800/3264/1668
f 1899/3261/1758 1800/3264/1668 1798/3265/1666
f 1899/3261/1758 1798/3265/1666 1807/3266/1674
f 1900/3267/1759 1810/3268/1677 1815/3269/1682
f 1900/3267/1759 1815/3269/1682 1808/3270/1675
f 1808/3270/1675 1815/3269/1682 1901/3271/1760
f 1808/3270/1675 1901/3271/1760 1902/3272/1761
f 1808/3270/1675 1902/3272/1761 1903/3273/1762
f 1808/3270/1675 1903/3273/1762 1811/3274/1678
f 1903/3273/1762 1902/3272/1761 1904/3275/1763
f 1903/3273/1762 1904/3275/1763 1811/3274/1678
f 1811/3274/1678 1904/3275/1763 1814/3276/1681
f 1807/3277/1674 1905/3278/1764 1899/3279/1758
f 1899/3279/1758 1905/3278/1764 1809/3280/1676
f 1809/3280/1676 1905/3278/1764 1807/3277/1674
f 1906/3281/1765 1820/3282/1687 1750/3283/1618
f 1906/3281/1765 1750/3283/1618 1863/3284/1724
f 1906/3281/1765 1863/3284/1724 1817/3285/1684
f 1906/3281/1765 1817/3285/1684 1901/3286/1760
f 1906/3281/1765 1901/3286/1760 1900/3287/1759
f 1906/3281/1765 1900/3287/1759 1820/3282/1687
f 1820/3282/1687 1900/3287/1759 1816/3288/1683
f 1820/3282/1687 1816/3288/1683 1817/3289/1684
f 1820/3282/1687 1817/3289/1684 1863/3290/1724
f 1820/3282/1687 1863/3290/1724 1818/3291/1685
f 1818/3291/1685 1863/3290/1724 1819/3292/1686
f 1816/3293/1683 1808/3294/1675 1810/3295/1677
f 1808/3294/1675 1816/3293/1683 1900/3296/1759
f 1816/3293/1683 1810/3295/1677 1901/3297/1760
f 1816/3293/1683 1901/3297/1760 1815/3298/1682
f 1901/3297/1760 1810/3295/1677 1900/3299/1759
f 1873/3300/1733 1831/3301/1698 1907/3302/1766
f 1907/3302/1766 1831/3301/1698 1908/3303/1767
f 1873/3300/1733 1907/3302/1766 1909/3304/1768
f 1909/3304/1768 1907/3302/1766 1908/3303/1767
f 1909/3304/1768 1908/3303/1767 1831/3301/1698
f 1873/3300/1733 1909/3304/1768 1869/3305/1730
f 1909/3304/1768 1831/3301/1698 1829/3306/1696
f 1869/3305/1730 1909/3304/1768 1819/3307/1686
f 1909/3304/1768 1829/3306/1696 1910/3308/1769
f 1909/3304/1768 1910/3308/1769 1819/3307/1686
f 1819/3307/1686 1910/3308/1769 1817/3309/1684
f 1910/3308/1769 1829/3306/1696 1842/3310/1707
f 1817/3309/1684 1910/3308/1769 1911/3311/1770
f 1910/3308/1769 1842/3310/1707 1884/3312/1743
f 1910/3308/1769 1884/3312/1743 1911/3311/1770
f 1884/3312/1743 1842/3310/1707 1843/3313/1708
f 1911/3311/1770 1884/3312/1743 1904/3314/1763
f 1904/3314/1763 1884/3312/1743 1814/3315/1681
f 1875/3316/286 1880/3317/1739 1879/3318/1738
f 1875/3316/286 1879/3318/1738 1881/3319/1740
f 1875/3316/286 1881/3319/1740 1912/3320/112
f 1911/3321/1770 1902/3322/1761 1901/3323/1760
f 1902/3322/1761 1911/3321/1770 1904/3324/1763
f 1911/3321/1770 1901/3323/1760 1817/3325/1684
f 1762/3326/1630 1439/3327/1321 1466/3328/783
f 1812/3329/1679 1894/3330/1753 1800/3331/1668
f 1800/3331/1668 1894/3330/1753 1799/3332/1667
f 1799/3332/1667 1894/3330/1753 1892/3333/1751
f 1772/3334/1640 1771/3335/1639 1774/3336/1642
f 1556/3337/1771 1342/3338/1771 1913/3339/1771
f 1812/3340/1679 1888/3341/1747 1894/3342/1753
f 916/3343/826 923/3344/833 915/3345/791
f 923/3344/833 916/3343/826 1914/3346/1772
f 923/3344/833 1914/3346/1772 1915/3347/1773
f 1915/3347/1773 1914/3346/1772 1916/3348/1774
f 1915/3347/1773 1916/3348/1774 1917/3349/1775
f 923/3344/833 1915/3347/1773 1918/3350/1776
f 923/3344/833 1918/3350/1776 924/3351/834
f 924/3351/834 1918/3350/1776 928/3352/837
f 1918/3350/1776 1915/3347/1773 1919/3353/388
f 1919/3353/388 1915/3347/1773 1917/3349/1775
f 928/3352/837 1918/3350/1776 1920/3354/1777
f 928/3352/837 1920/3354/1777 930/3355/838
f 930/3355/838 1920/3354/1777 1273/3356/1169
f 1273/3356/1169 1920/3354/1777 1302/3357/1188
f 1919/3353/388 1917/3349/1775 1921/3358/1186
f 1921/3358/1186 1917/3349/1775 1922/3359/1778
f 1918/3350/1776 1919/3353/388 1923/3360/1779
f 1918/3350/1776 1923/3360/1779 1920/3354/1777
f 1923/3360/1779 1919/3353/388 1921/3358/1186
f 1302/3357/1188 1920/3354/1777 1924/3361/1780
f 1924/3361/1780 1920/3354/1777 1923/3360/1779
f 1302/3357/1188 1924/3361/1780 1303/3362/1189
f 1303/3362/1189 1924/3361/1780 1925/3363/1781
f 1921/3358/1186 1922/3359/1778 1926/3364/715
f 1921/3358/1186 1926/3364/715 1923/3360/1779
f 1926/3364/715 1922/3359/1778 1927/3365/1782
f 1924/3361/1780 1923/3360/1779 1927/3365/1782
f 1923/3360/1779 1926/3364/715 1928/3366/1783
f 1923/3360/1779 1928/3366/1783 1927/3365/1782
f 1927/3365/1782 1928/3366/1783 1926/3364/715
f 1929/3367/1784 1925/3363/1781 1924/3361/1780
f 1927/3365/1782 1922/3359/1778 1930/3368/1785
f 1924/3361/1780 1927/3365/1782 1931/3369/1786
f 1924/3361/1780 1931/3369/1786 1929/3367/1784
f 1931/3369/1786 1927/3365/1782 1930/3368/1785
f 1925/3363/1781 1929/3367/1784 1932/3370/1787
f 1932/3370/1787 1929/3367/1784 1931/3369/1786
f 1932/3370/1787 1931/3369/1786 1930/3368/1785
f 1925/3363/1781 1932/3370/1787 1933/3371/1788
f 1933/3371/1788 1932/3370/1787 1934/3372/1789
f 1932/3370/1787 1930/3368/1785 1935/3373/1790
f 1935/3373/1790 1930/3368/1785 1936/3374/1791
f 911/3375/823 913/3376/824 914/3377/825
f 914/3377/825 913/3376/824 1937/3378/1792
f 914/3377/825 1937/3378/1792 916/3379/826
f 916/3379/826 1937/3378/1792 1914/3380/1772
f 1937/3378/1792 913/3376/824 1938/3381/1793
f 1938/3381/1793 913/3376/824 1519/3382/1392
f 1938/3381/1793 1519/3382/1392 1939/3383/1794
f 1939/3383/1794 1519/3382/1392 1518/3384/1391
f 1939/3383/1794 1518/3384/1391 1940/3385/1394
f 1940/3385/1394 1518/3384/1391 1520/3386/1393
f 1940/3385/1394 1520/3386/1393 1521/3387/1394
f 1940/3385/1394 1521/3387/1394 1606/3388/1476
f 1940/3385/1394 1606/3388/1476 1941/3389/1795
f 1941/3389/1795 1606/3388/1476 1942/3390/1796
f 1939/3383/1794 1940/3385/1394 1943/3391/1385
f 1943/3391/1385 1940/3385/1394 1941/3389/1795
f 1944/3392/259 1938/3381/1793 1939/3383/1794
f 1944/3392/259 1939/3383/1794 1943/3391/1385
f 1941/3389/1795 1942/3390/1796 1945/3393/1797
f 1945/3393/1797 1942/3390/1796 1946/3394/1482
f 1946/3394/1482 1942/3390/1796 1612/3395/1482
f 1946/3394/1482 1612/3395/1482 1947/3396/1482
f 1946/3394/1482 1947/3396/1482 1945/3393/1797
f 1941/3389/1795 1945/3393/1797 1948/3397/1798
f 1948/3397/1798 1945/3393/1797 1947/3396/1482
f 1941/3389/1795 1948/3397/1798 1943/3391/1385
f 1948/3397/1798 1947/3396/1482 1949/3398/1752
f 1948/3397/1798 1949/3398/1752 1943/3391/1385
f 1949/3398/1752 1947/3396/1482 1950/3399/1482
f 1943/3391/1385 1949/3398/1752 1951/3400/1799
f 1943/3391/1385 1951/3400/1799 1944/3392/259
f 1949/3398/1752 1950/3399/1482 1952/3401/1800
f 1949/3398/1752 1952/3401/1800 1951/3400/1799
f 1944/3392/259 1951/3400/1799 1953/3402/1801
f 1953/3402/1801 1951/3400/1799 1952/3401/1800
f 1944/3392/259 1953/3402/1801 1954/3403/1802
f 1954/3403/1802 1953/3402/1801 1952/3401/1800
f 1952/3401/1800 1950/3399/1482 1955/3404/1803
f 1955/3404/1803 1950/3399/1482 1956/3405/1804
f 1952/3401/1800 1955/3404/1803 1957/3406/1805
f 1955/3404/1803 1956/3405/1804 1958/3407/1806
f 1955/3404/1803 1958/3407/1806 1957/3406/1805
f 1958/3407/1806 1956/3405/1804 1959/3408/1807
f 1958/3407/1806 1959/3408/1807 1960/3409/1808
f 1958/3407/1806 1960/3409/1808 1957/3406/1805
f 1959/3408/1807 1956/3405/1804 1961/3410/1809
f 1959/3408/1807 1961/3410/1809 1960/3409/1808
f 1961/3410/1809 1956/3405/1804 1962/3411/1810
f 1961/3410/1809 1962/3411/1810 1963/3412/1811
f 1961/3410/1809 1963/3412/1811 1964/3413/1812
f 1961/3410/1809 1964/3413/1812 1960/3409/1808
f 1960/3409/1808 1964/3413/1812 1965/3414/1813
f 1960/3409/1808 1965/3414/1813 1966/3415/1814
f 1960/3409/1808 1966/3415/1814 1967/3416/1815
f 1960/3409/1808 1967/3416/1815 1957/3406/1805
f 1967/3416/1815 1966/3415/1814 1968/3417/1816
f 1968/3417/1816 1966/3415/1814 1969/3418/1817
f 1967/3416/1815 1968/3417/1816 1970/3419/1818
f 1967/3416/1815 1970/3419/1818 1957/3406/1805
f 1970/3419/1818 1968/3417/1816 1971/3420/1819
f 1970/3419/1818 1971/3420/1819 1934/3421/1789
f 1970/3419/1818 1934/3421/1789 1972/3422/1820
f 1972/3422/1820 1934/3421/1789 1932/3423/1787
f 1972/3422/1820 1932/3423/1787 1935/3424/1790
f 1970/3419/1818 1972/3422/1820 1973/3425/1821
f 1973/3425/1821 1972/3422/1820 1935/3424/1790
f 1970/3419/1818 1973/3425/1821 1957/3406/1805
f 1973/3425/1821 1935/3424/1790 1974/3426/1822
f 1974/3426/1822 1935/3424/1790 1936/3427/1791
f 1957/3406/1805 1973/3425/1821 1975/3428/1823
f 1975/3428/1823 1973/3425/1821 1974/3426/1822
f 1957/3406/1805 1975/3428/1823 1976/3429/1824
f 1957/3406/1805 1976/3429/1824 1977/3430/1825
f 1977/3430/1825 1976/3429/1824 1975/3428/1823
f 1957/3406/1805 1977/3430/1825 1952/3401/1800
f 1952/3401/1800 1977/3430/1825 1954/3403/1802
f 1954/3403/1802 1977/3430/1825 1978/3431/1826
f 1978/3431/1826 1977/3430/1825 1975/3428/1823
f 1975/3428/1823 1974/3426/1822 1979/3432/1827
f 1979/3432/1827 1974/3426/1822 1980/3433/1828
f 1979/3432/1827 1980/3433/1828 1975/3428/1823
f 1980/3433/1828 1974/3426/1822 1936/3427/1791
f 1975/3428/1823 1980/3433/1828 1981/3434/1829
f 1975/3428/1823 1981/3434/1829 1978/3431/1826
f 1981/3434/1829 1980/3433/1828 1982/3435/1830
f 1981/3434/1829 1982/3435/1830 1978/3431/1826
f 1982/3435/1830 1980/3433/1828 1936/3427/1791
f 1978/3431/1826 1982/3435/1830 1983/3436/1831
f 1983/3436/1831 1982/3435/1830 1936/3427/1791
f 1983/3436/1831 1936/3427/1791 1984/3437/1832
f 1984/3437/1832 1936/3427/1791 1922/3438/1778
f 1922/3438/1778 1936/3427/1791 1930/3439/1785
f 1983/3436/1831 1984/3437/1832 1985/3440/1833
f 1985/3440/1833 1984/3437/1832 1922/3438/1778
f 1978/3431/1826 1983/3436/1831 1986/3441/1834
f 1986/3441/1834 1983/3436/1831 1985/3440/1833
f 1978/3431/1826 1986/3441/1834 1987/3442/1835
f 1978/3431/1826 1987/3442/1835 1954/3403/1802
f 1987/3442/1835 1986/3441/1834 1988/3443/1836
f 1988/3443/1836 1986/3441/1834 1989/3444/1837
f 1989/3444/1837 1986/3441/1834 1985/3440/1833
f 1988/3443/1836 1989/3444/1837 1990/3445/1838
f 1990/3445/1838 1989/3444/1837 1985/3440/1833
f 1988/3443/1836 1990/3445/1838 1987/3442/1835
f 1954/3403/1802 1987/3442/1835 1991/3446/1839
f 1991/3446/1839 1987/3442/1835 1990/3445/1838
f 1954/3403/1802 1991/3446/1839 1944/3392/259
f 1944/3392/259 1991/3446/1839 1938/3381/1793
f 1916/3447/1774 1985/3440/1833 1922/3438/1778
f 1916/3447/1774 1922/3438/1778 1917/3448/1775
f 1985/3440/1833 1916/3447/1774 1992/3449/1840
f 1985/3440/1833 1992/3449/1840 1990/3445/1838
f 1992/3449/1840 1916/3447/1774 1914/3380/1772
f 1938/3381/1793 1991/3446/1839 1937/3378/1792
f 1992/3449/1840 1914/3380/1772 1937/3378/1792
f 1990/3445/1838 1992/3449/1840 1993/3450/1841
f 1990/3445/1838 1993/3450/1841 1991/3446/1839
f 1993/3450/1841 1992/3449/1840 1937/3378/1792
f 1937/3378/1792 1991/3446/1839 1994/3451/1842
f 1937/3378/1792 1994/3451/1842 1993/3450/1841
f 1993/3450/1841 1994/3451/1842 1991/3446/1839
f 1912/3452/112 1762/3453/1630 1875/3454/286
f 1585/3455/1457 1583/3456/1456 1995/3457/1843
f 1995/3457/1843 1583/3456/1456 1582/3458/1455
f 1585/3455/1457 1995/3457/1843 1586/3459/1458
f 1588/3460/1460 1586/3459/1458 1697/3461/1565
f 1697/3461/1565 1586/3459/1458 1995/3457/1843
f 1995/3457/1843 1582/3458/1455 1996/3462/1844
f 1996/3462/1844 1582/3458/1455 1580/3463/1453
f 1697/3461/1565 1995/3457/1843 1997/3464/1845
f 1996/3462/1844 1580/3463/1453 1998/3465/1846
f 1998/3465/1846 1580/3463/1453 1581/3466/1454
f 1998/3465/1846 1581/3466/1454 1553/3467/1426
f 1998/3465/1846 1553/3467/1426 1554/3468/1427
f 1998/3465/1846 1554/3468/1427 1342/3469/1226
f 1998/3465/1846 1342/3469/1226 1996/3462/1844
f 1996/3462/1844 1342/3469/1226 1999/3470/1847
f 1999/3470/1847 1342/3469/1226 1243/3471/1145
f 1999/3470/1847 1243/3471/1145 2000/3472/1848
f 1999/3470/1847 2000/3472/1848 1996/3462/1844
f 2000/3472/1848 1243/3471/1145 2001/3473/639
f 2000/3472/1848 2001/3473/639 1996/3462/1844
f 1996/3462/1844 2001/3473/639 2002/3474/1849
f 1996/3462/1844 2002/3474/1849 1995/3457/1843
f 1995/3457/1843 2002/3474/1849 1997/3464/1845
f 2002/3474/1849 2001/3473/639 2003/3475/1850
f 2002/3474/1849 2003/3475/1850 2004/3476/1851
f 2004/3476/1851 2003/3475/1850 2005/3477/1421
f 2004/3476/1851 2005/3477/1421 2002/3474/1849
f 2005/3477/1421 2003/3475/1850 2006/3478/1852
f 2002/3474/1849 2005/3477/1421 2007/3479/1853
f 2007/3479/1853 2005/3477/1421 2006/3478/1852
f 2002/3474/1849 2007/3479/1853 1997/3464/1845
f 1997/3464/1845 2007/3479/1853 2008/3480/1849
f 2008/3480/1849 2007/3479/1853 2009/3481/1854
f 2008/3480/1849 2009/3481/1854 1997/3464/1845
f 2009/3481/1854 2007/3479/1853 2006/3478/1852
f 1997/3464/1845 2009/3481/1854 1697/3461/1565
f 1697/3461/1565 2009/3481/1854 2010/3482/1855
f 2010/3482/1855 2009/3481/1854 2006/3478/1852
f 2010/3482/1855 2006/3478/1852 2011/3483/1856
f 2010/3482/1855 2011/3483/1856 2012/3484/1857
f 2010/3482/1855 2012/3484/1857 2013/3485/1858
f 1912/3486/112 1441/3487/1323 1762/3488/1630
f 1441/3487/1323 1912/3486/112 1442/3489/1324
f 1442/3489/1324 1912/3486/112 2014/3490/1859
f 1442/3489/1324 2014/3490/1859 1445/3491/1327
f 2014/3490/1859 1912/3486/112 2015/3492/1860
f 2015/3492/1860 1912/3486/112 2016/3493/1861
f 1445/3491/1327 2014/3490/1859 2017/3494/1862
f 2017/3494/1862 2014/3490/1859 2015/3492/1860
f 2015/3492/1860 2016/3493/1861 2018/3495/1863
f 1445/3491/1327 2017/3494/1862 2019/3496/1864
f 2019/3496/1864 2017/3494/1862 2015/3492/1860
f 1445/3491/1327 2019/3496/1864 1448/3497/1330
f 1448/3497/1330 2019/3496/1864 1446/3498/1328
f 1446/3498/1328 2019/3496/1864 2020/3499/1865
f 2020/3499/1865 2019/3496/1864 2015/3492/1860
f 1446/3498/1328 2020/3499/1865 1444/3500/1326
f 2015/3492/1860 2018/3495/1863 2021/3501/1865
f 2015/3492/1860 2021/3501/1865 2020/3499/1865
f 2021/3501/1865 2018/3495/1863 2022/3502/1866
f 2021/3501/1865 2022/3502/1866 2023/3503/1867
f 2021/3501/1865 2023/3503/1867 2020/3499/1865
f 2020/3499/1865 2023/3503/1867 2024/3504/1868
f 2024/3504/1868 2023/3503/1867 2025/3505/1869
f 1441/3506/1323 1439/3507/1321 1762/3508/1630
f 2026/3509/207 1243/3510/1145 1239/3511/1141
f 2026/3509/207 1239/3511/1141 2027/3512/815
f 2027/3512/815 1239/3511/1141 1240/3513/1142
f 1243/3510/1145 2026/3509/207 2028/3514/1870
f 1243/3510/1145 2028/3514/1870 2001/3515/639
f 2001/3515/639 2028/3514/1870 2029/3516/1871
f 2028/3514/1870 2026/3509/207 2030/3517/1872
f 2030/3517/1872 2026/3509/207 2027/3512/815
f 2027/3512/815 1240/3513/1142 2031/3518/1873
f 2027/3512/815 2031/3518/1873 2030/3517/1872
f 2031/3518/1873 1240/3513/1142 1241/3519/1143
f 2028/3514/1870 2030/3517/1872 2032/3520/1874
f 2028/3514/1870 2032/3520/1874 2029/3516/1871
f 2032/3520/1874 2030/3517/1872 2031/3518/1873
f 2033/3521/1875 2034/3522/1876 2029/3516/1871
f 2033/3521/1875 2029/3516/1871 2032/3520/1874
f 2033/3521/1875 2032/3520/1874 2035/3523/1877
f 2033/3521/1875 2035/3523/1877 2036/3524/1878
f 2035/3523/1877 2032/3520/1874 2037/3525/1879
f 2037/3525/1879 2032/3520/1874 2038/3526/1880
f 2038/3526/1880 2032/3520/1874 2031/3518/1873
f 2035/3523/1877 2037/3525/1879 2039/3527/1881
f 2035/3523/1877 2039/3527/1881 2036/3524/1878
f 2039/3527/1881 2037/3525/1879 2038/3526/1880
f 2038/3526/1880 2031/3518/1873 2040/3528/1882
f 2038/3526/1880 2040/3528/1882 2039/3527/1881
f 2040/3528/1882 2031/3518/1873 2041/3529/1883
f 2040/3528/1882 2041/3529/1883 2039/3527/1881
f 2041/3529/1883 2031/3518/1873 2042/3530/1884
f 2042/3530/1884 2031/3518/1873 1241/3519/1143
f 2042/3530/1884 1241/3519/1143 2041/3529/1883
f 2041/3529/1883 1241/3519/1143 1238/3531/1140
f 2041/3529/1883 1238/3531/1140 1236/3532/1138
f 2043/3533/1885 2036/3524/1878 2039/3527/1881
f 2036/3524/1878 2043/3533/1885 2044/3534/1886
f 2045/3535/1887 2039/3527/1881 2041/3529/1883
f 2039/3527/1881 2045/3535/1887 2043/3533/1885
f 2045/3535/1887 2041/3529/1883 1236/3532/1138
f 2043/3533/1885 2045/3535/1887 2046/3536/1888
f 2046/3536/1888 2045/3535/1887 1236/3532/1138
f 2043/3533/1885 2046/3536/1888 1235/3537/1137
f 1235/3537/1137 2046/3536/1888 1236/3532/1138
f 1304/3538/1190 2047/3539/1889 1858/3540/1720
f 1858/3540/1720 2047/3539/1889 1861/3541/1722
f 2047/3539/1889 1304/3538/1190 2048/3542/394
f 2047/3539/1889 2048/3542/394 1861/3541/1722
f 2048/3542/394 1304/3538/1190 1303/3543/1189
f 1861/3541/1722 2048/3542/394 2049/3544/1890
f 1861/3541/1722 2049/3544/1890 1860/3545/1339
f 2048/3542/394 1303/3543/1189 2050/3546/400
f 1860/3545/1339 2049/3544/1890 2050/3546/400
f 2050/3546/400 2049/3544/1890 2048/3542/394
f 2050/3546/400 1303/3543/1189 1925/3547/1781
f 1836/3548/1703 1881/3549/1740 1841/3550/746
f 1881/3549/1740 1836/3548/1703 1839/3551/1323
f 2051/3552/1891 1699/3553/1567 1698/3554/1566
f 2010/3555/1855 1698/3554/1566 1697/3556/1565
f 1698/3554/1566 2010/3555/1855 2052/3557/1892
f 1698/3554/1566 2052/3557/1892 2051/3552/1891
f 2052/3557/1892 2010/3555/1855 2053/3558/1893
f 2053/3558/1893 2010/3555/1855 2013/3559/1858
f 2053/3558/1893 2013/3559/1858 2052/3557/1892
f 2052/3557/1892 2013/3559/1858 2054/3560/1894
f 2052/3557/1892 2054/3560/1894 2051/3552/1891
f 2054/3560/1894 2013/3559/1858 2055/3561/1895
f 2055/3561/1895 2013/3559/1858 2012/3562/1857
f 2055/3561/1895 2012/3562/1857 2011/3563/1856
f 2055/3561/1895 2011/3563/1856 2056/3564/1896
f 2057/3565/1897 1699/3553/1567 2051/3552/1891
f 1699/3553/1567 2057/3565/1897 1602/3566/1473
f 1602/3566/1473 2057/3565/1897 1604/3567/1475
f 1604/3567/1475 2057/3565/1897 2058/3568/1837
f 2058/3568/1837 2057/3565/1897 2051/3552/1891
f 1604/3567/1475 2058/3568/1837 1609/3569/1479
f 2058/3568/1837 2051/3552/1891 2059/3570/1898
f 2059/3570/1898 2051/3552/1891 2054/3560/1894
f 1609/3569/1479 2058/3568/1837 2060/3571/1899
f 2060/3571/1899 2058/3568/1837 2059/3570/1898
f 1609/3569/1479 2060/3571/1899 2061/3572/1900
f 1609/3569/1479 2061/3572/1900 1610/3573/1480
f 1610/3573/1480 2061/3572/1900 2062/3574/1901
f 2062/3574/1901 2061/3572/1900 2063/3575/1902
f 2059/3570/1898 2054/3560/1894 2064/3576/1903
f 2060/3571/1899 2059/3570/1898 2065/3577/1904
f 2065/3577/1904 2059/3570/1898 2064/3576/1903
f 2064/3576/1903 2054/3560/1894 2055/3561/1895
f 2064/3576/1903 2055/3561/1895 2066/3578/1905
f 2065/3577/1904 2064/3576/1903 2067/3579/1822
f 2065/3577/1904 2067/3579/1822 2060/3571/1899
f 2067/3579/1822 2064/3576/1903 2066/3578/1905
f 2066/3578/1905 2055/3561/1895 2068/3580/1811
f 2066/3578/1905 2068/3580/1811 2067/3579/1822
f 2060/3571/1899 2067/3579/1822 2069/3581/1906
f 2069/3581/1906 2067/3579/1822 2068/3580/1811
f 2060/3571/1899 2069/3581/1906 2061/3572/1900
f 2069/3581/1906 2068/3580/1811 2070/3582/1907
f 2070/3582/1907 2068/3580/1811 2071/3583/1887
f 2070/3582/1907 2071/3583/1887 2069/3581/1906
f 2061/3572/1900 2069/3581/1906 2072/3584/1908
f 2061/3572/1900 2072/3584/1908 2063/3575/1902
f 2063/3575/1902 2072/3584/1908 2073/3585/1909
f 2072/3584/1908 2069/3581/1906 2074/3586/1910
f 2074/3586/1910 2069/3581/1906 2071/3583/1887
f 2073/3585/1909 2072/3584/1908 2075/3587/1911
f 2075/3587/1911 2072/3584/1908 2074/3586/1910
f 2073/3585/1909 2075/3587/1911 2076/3588/179
f 2076/3588/179 2075/3587/1911 2044/3589/1886
f 2044/3589/1886 2075/3587/1911 2036/3590/1878
f 2036/3590/1878 2075/3587/1911 2074/3586/1910
f 2036/3590/1878 2074/3586/1910 2071/3583/1887
f 2036/3590/1878 2071/3583/1887 2077/3591/1912
f 2036/3590/1878 2077/3591/1912 2033/3592/1875
f 2033/3592/1875 2077/3591/1912 2078/3593/1913
f 2033/3592/1875 2078/3593/1913 2034/3594/1876
f 2078/3593/1913 2077/3591/1912 2079/3595/1914
f 2079/3595/1914 2077/3591/1912 2071/3583/1887
f 2078/3593/1913 2079/3595/1914 2080/3596/1915
f 2080/3596/1915 2079/3595/1914 2071/3583/1887
f 2080/3596/1915 2071/3583/1887 2081/3597/1916
f 1839/3598/1323 1912/3599/112 1881/3600/1740
f 1838/3601/1705 1912/3602/112 1839/3603/1323
f 2082/3604/1917 1838/3605/1705 1837/3606/1704
f 1838/3605/1705 2082/3604/1917 2083/3607/1918
f 2082/3604/1917 1837/3606/1704 1854/3608/1717
f 2082/3604/1917 1854/3608/1717 2084/3609/1919
f 2084/3609/1919 1854/3608/1717 2085/3610/1920
f 2085/3610/1920 1854/3608/1717 1856/3611/1718
f 1856/3611/1718 1854/3608/1717 1853/3612/112
f 2084/3609/1919 2085/3610/1920 2086/3613/1921
f 2084/3609/1919 2086/3613/1921 2082/3604/1917
f 2085/3610/1920 1856/3611/1718 2087/3614/1830
f 2085/3610/1920 2087/3614/1830 2086/3613/1921
f 2088/3615/1922 2083/3607/1918 2082/3604/1917
f 2088/3615/1922 2082/3604/1917 2022/3616/1866
f 2083/3607/1918 2088/3615/1922 2089/3617/1923
f 2089/3617/1923 2088/3615/1922 2090/3618/1924
f 2089/3617/1923 2090/3618/1924 2083/3607/1918
f 2090/3618/1924 2088/3615/1922 2091/3619/1925
f 2090/3618/1924 2091/3619/1925 2083/3607/1918
f 2022/3616/1866 2082/3604/1917 2092/3620/1912
f 2092/3620/1912 2082/3604/1917 2086/3613/1921
f 2022/3616/1866 2092/3620/1912 2093/3621/1867
f 2093/3621/1867 2092/3620/1912 2094/3622/1926
f 2094/3622/1926 2092/3620/1912 2086/3613/1921
f 2093/3621/1867 2094/3622/1926 2095/3623/1927
f 2095/3623/1927 2094/3622/1926 2096/3624/1928
f 2095/3623/1927 2096/3624/1928 2097/3625/1929
f 2094/3622/1926 2086/3613/1921 2098/3626/1930
f 2094/3622/1926 2098/3626/1930 2099/3627/1931
f 2094/3622/1926 2099/3627/1931 2100/3628/1932
f 2098/3626/1930 2086/3613/1921 2101/3629/1933
f 2100/3628/1932 2099/3627/1931 2102/3630/1934
f 2100/3628/1932 2102/3630/1934 2103/3631/1935
f 2103/3631/1935 2102/3630/1934 1971/3632/1819
f 1971/3632/1819 2102/3630/1934 1934/3633/1789
f 1934/3633/1789 2102/3630/1934 1933/3634/1788
f 2104/3635/1936 2099/3627/1931 2098/3626/1930
f 2104/3635/1936 2098/3626/1930 2101/3629/1933
f 2102/3630/1934 2099/3627/1931 2105/3636/1937
f 2105/3636/1937 2099/3627/1931 2104/3635/1936
f 2102/3630/1934 2105/3636/1937 2106/3637/1938
f 2102/3630/1934 2106/3637/1938 1933/3634/1788
f 2106/3637/1938 2105/3636/1937 2107/3638/1939
f 2106/3637/1938 2107/3638/1939 1933/3634/1788
f 2107/3638/1939 2105/3636/1937 2108/3639/1940
f 2108/3639/1940 2105/3636/1937 2104/3635/1936
f 1933/3634/1788 2107/3638/1939 2109/3640/1941
f 2109/3640/1941 2107/3638/1939 2108/3639/1940
f 1933/3634/1788 2109/3640/1941 2050/3641/400
f 1933/3634/1788 2050/3641/400 1925/3642/1781
f 2050/3641/400 2109/3640/1941 2110/3643/1942
f 2110/3643/1942 2109/3640/1941 2108/3639/1940
f 2050/3641/400 2110/3643/1942 1860/3644/1339
f 1860/3644/1339 2110/3643/1942 1857/3645/1719
f 2110/3643/1942 2108/3639/1940 2111/3646/1943
f 2110/3643/1942 2111/3646/1943 1857/3645/1719
f 2111/3646/1943 2108/3639/1940 2104/3635/1936
f 2111/3646/1943 2104/3635/1936 2101/3629/1933
f 1857/3645/1719 2111/3646/1943 2112/3647/1944
f 1857/3645/1719 2112/3647/1944 1856/3611/1718
f 1856/3611/1718 2112/3647/1944 2111/3646/1943
f 1856/3611/1718 2111/3646/1943 2087/3614/1830
f 2087/3614/1830 2111/3646/1943 2101/3629/1933
f 2087/3614/1830 2101/3629/1933 2113/3648/1887
f 2087/3614/1830 2113/3648/1887 2114/3649/1945
f 2114/3649/1945 2113/3648/1887 2101/3629/1933
f 2087/3614/1830 2114/3649/1945 2086/3613/1921
f 2086/3613/1921 2114/3649/1945 2101/3629/1933
f 1838/3650/1705 2016/3651/1861 1912/3652/112
f 2034/3653/1876 2001/3654/639 2029/3655/1871
f 2001/3654/639 2034/3653/1876 2115/3656/1946
f 2115/3656/1946 2034/3653/1876 2078/3657/1913
f 2115/3656/1946 2078/3657/1913 2116/3658/1947
f 2115/3656/1946 2116/3658/1947 2001/3654/639
f 2001/3654/639 2116/3658/1947 2003/3659/1850
f 2016/3660/1861 1838/3661/1705 2083/3662/1918
f 2117/3663/1948 2118/3664/1949 2119/3665/1950
f 2117/3663/1948 2119/3665/1950 2120/3666/1951
f 2119/3665/1950 2118/3664/1949 2121/3667/1952
f 2119/3665/1950 2121/3667/1952 2122/3668/1953
f 2122/3668/1953 2121/3667/1952 2123/3669/1954
f 2121/3667/1952 2118/3664/1949 2124/3670/1955
f 2121/3667/1952 2124/3670/1955 2123/3669/1954
f 2123/3669/1954 2124/3670/1955 2125/3671/1956
f 2125/3671/1956 2124/3670/1955 2118/3664/1949
f 2123/3669/1954 2125/3671/1956 2126/3672/1957
f 2126/3672/1957 2125/3671/1956 2118/3664/1949
f 2126/3672/1957 2118/3664/1949 2117/3663/1948
f 2126/3672/1957 2117/3663/1948 2127/3673/1958
f 2126/3672/1957 2127/3673/1958 2128/3674/1887
f 2126/3672/1957 2128/3674/1887 2129/3675/1959
f 2129/3675/1959 2128/3674/1887 2130/3676/1960
f 2130/3676/1960 2128/3674/1887 2131/3677/1961
f 2132/3678/1962 2133/3679/1752 2134/3680/1963
f 2132/3678/1962 2134/3680/1963 2135/3681/1964
f 2135/3681/1964 2134/3680/1963 2136/3682/1965
f 2132/3678/1962 2135/3681/1964 2137/3683/1966
f 2137/3683/1966 2135/3681/1964 2138/3684/1967
f 2135/3681/1964 2136/3682/1965 2100/3685/1932
f 2135/3681/1964 2100/3685/1932 2103/3686/1935
f 2135/3681/1964 2103/3686/1935 1971/3687/1819
f 2135/3681/1964 1971/3687/1819 1968/3688/1816
f 2135/3681/1964 1968/3688/1816 2139/3689/1865
f 2132/3690/1962 2140/3691/1907 2133/3692/1752
f 2133/3692/1752 2140/3691/1907 2141/3693/1952
f 2141/3693/1952 2140/3691/1907 2142/3694/1968
f 2140/3691/1907 2132/3690/1962 2137/3695/1966
f 2142/3694/1968 2140/3691/1907 2143/3696/1969
f 2143/3696/1969 2140/3691/1907 2137/3695/1966
f 2143/3696/1969 2137/3695/1966 2138/3697/1967
f 2144/3698/1970 2145/3699/1971 2146/3700/1971
f 2146/3700/1971 2145/3699/1971 2147/3701/1887
f 2146/3700/1971 2147/3701/1887 2142/3702/1968
f 2144/3698/1970 2146/3700/1971 2148/3703/1971
f 2144/3698/1970 2148/3703/1971 2149/3704/1971
f 2150/3705/1972 2151/3706/1973 2152/3707/1974
f 2151/3706/1973 2150/3705/1972 2153/3708/1971
f 2153/3708/1971 2150/3705/1972 2130/3709/1960
f 2130/3709/1960 2150/3705/1972 2152/3707/1974
f 2151/3706/1973 2153/3708/1971 2154/3710/1975
f 2152/3707/1974 2151/3706/1973 2155/3711/1976
f 2152/3707/1974 2155/3711/1976 2130/3709/1960
f 2155/3711/1976 2151/3706/1973 2154/3710/1975
f 2130/3709/1960 2155/3711/1976 2156/3712/1977
f 2130/3709/1960 2156/3712/1977 2129/3713/1959
f 2129/3713/1959 2156/3712/1977 2126/3714/1957
f 2126/3714/1957 2156/3712/1977 2123/3715/1954
f 2123/3715/1954 2156/3712/1977 2157/3716/1978
f 2076/3717/179 2158/3718/1438 2156/3712/1977
f 2076/3717/179 2156/3712/1977 2073/3719/1909
f 2073/3719/1909 2156/3712/1977 2155/3711/1976
f 2073/3719/1909 2155/3711/1976 2063/3720/1902
f 2063/3720/1902 2155/3711/1976 2159/3721/1979
f 2159/3721/1979 2155/3711/1976 2160/3722/1980
f 2160/3722/1980 2155/3711/1976 2154/3710/1975
f 2063/3720/1902 2159/3721/1979 2161/3723/1981
f 2161/3723/1981 2159/3721/1979 2160/3722/1980
f 2063/3720/1902 2161/3723/1981 2162/3724/1982
f 2063/3720/1902 2162/3724/1982 2062/3725/1901
f 2062/3725/1901 2162/3724/1982 2163/3726/1887
f 2062/3725/1901 2163/3726/1887 2164/3727/1983
f 2062/3725/1901 2164/3727/1983 1610/3728/1480
f 1610/3728/1480 2164/3727/1983 1612/3729/1482
f 2165/3730/1984 2160/3722/1980 2154/3710/1975
f 2160/3722/1980 2165/3730/1984 2161/3723/1981
f 2165/3730/1984 2154/3710/1975 2166/3731/1985
f 2161/3723/1981 2165/3730/1984 2167/3732/1986
f 2161/3723/1981 2167/3732/1986 2166/3731/1985
f 2166/3731/1985 2167/3732/1986 2165/3730/1984
f 2168/3733/1970 2136/3734/1965 2144/3735/1970
f 2168/3733/1970 2144/3735/1970 2096/3736/1928
f 2168/3733/1970 2096/3736/1928 2136/3734/1965
f 2096/3736/1928 2144/3735/1970 2097/3737/1929
f 2144/3735/1970 2136/3734/1965 2145/3738/1971
f 2145/3738/1971 2136/3734/1965 2147/3739/1887
f 2147/3739/1887 2136/3734/1965 2134/3740/1963
f 2136/3734/1965 2096/3736/1928 2169/3741/1987
f 2136/3734/1965 2169/3741/1987 2100/3742/1932
f 2169/3741/1987 2096/3736/1928 2094/3743/1926
f 2169/3741/1987 2094/3743/1926 2100/3742/1932
f 1968/3744/1988 2170/3745/1988 1969/3746/1988
f 2134/3747/1963 2133/3748/1752 2141/3749/1952
f 2171/3750/1989 2128/3751/1887 2127/3752/1958
f 2128/3751/1887 2171/3750/1989 2131/3753/1961
f 2131/3753/1961 2171/3750/1989 2172/3754/1990
f 2171/3750/1989 2127/3752/1958 2173/3755/1991
f 2172/3754/1990 2171/3750/1989 2174/3756/1992
f 2174/3756/1992 2171/3750/1989 2173/3755/1991
f 2173/3755/1991 2127/3752/1958 2175/3757/1993
f 2175/3757/1993 2127/3752/1958 2117/3758/1948
f 2175/3757/1993 2117/3758/1948 2120/3759/1951
f 2175/3757/1993 2120/3759/1951 2173/3755/1991
f 2173/3755/1991 2120/3759/1951 2176/3760/1994
f 2173/3755/1991 2176/3760/1994 2177/3761/1904
f 2173/3755/1991 2177/3761/1904 2178/3762/1995
f 2173/3755/1991 2178/3762/1995 2174/3756/1992
f 2178/3762/1995 2177/3761/1904 2179/3763/1828
f 2178/3762/1995 2179/3763/1828 2180/3764/1995
f 2180/3764/1995 2179/3763/1828 2181/3765/1811
f 2174/3756/1992 2178/3762/1995 2182/3766/1996
f 2182/3766/1996 2178/3762/1995 2180/3764/1995
f 2174/3756/1992 2182/3766/1996 2183/3767/1997
f 2025/3768/1869 2184/3769/1998 2181/3765/1811
f 2181/3765/1811 2184/3769/1998 2180/3764/1995
f 2180/3764/1995 2184/3769/1998 2185/3770/1999
f 2180/3764/1995 2185/3770/1999 2186/3771/2000
f 2174/3756/1992 2183/3767/1997 2187/3772/2001
f 2187/3772/2001 2183/3767/1997 2182/3766/1996
f 2174/3756/1992 2187/3772/2001 2172/3754/1990
f 2172/3754/1990 2187/3772/2001 2188/3773/2002
f 2187/3772/2001 2182/3766/1996 2189/3774/1810
f 2187/3772/2001 2189/3774/1810 2188/3773/2002
f 2189/3774/1810 2182/3766/1996 2180/3764/1995
f 2188/3773/2002 2189/3774/1810 2190/3775/2003
f 2190/3775/2003 2189/3774/1810 1956/3776/1804
f 2191/3777/1933 2180/3764/1995 2186/3771/2000
f 1956/3776/1804 2189/3774/1810 2192/3778/2004
f 1956/3776/1804 2192/3778/2004 1962/3779/1810
f 2189/3774/1810 2180/3764/1995 2193/3780/1966
f 2193/3780/1966 2180/3764/1995 2191/3777/1933
f 2189/3774/1810 2193/3780/1966 2192/3778/2004
f 2191/3777/1933 2186/3771/2000 2194/3781/2005
f 2192/3778/2004 2193/3780/1966 2195/3782/1817
f 2195/3782/1817 2193/3780/1966 2191/3777/1933
f 2192/3778/2004 2195/3782/1817 1962/3779/1810
f 2195/3782/1817 2191/3777/1933 2194/3781/2005
f 1962/3779/1810 2195/3782/1817 1964/3783/1812
f 1962/3779/1810 1964/3783/1812 1963/3784/1811
f 1964/3783/1812 2195/3782/1817 1965/3785/1813
f 1965/3785/1813 2195/3782/1817 2194/3781/2005
f 2143/3786/1969 2194/3781/2005 2142/3787/1968
f 2194/3781/2005 2143/3786/1969 2196/3788/2006
f 2194/3781/2005 2196/3788/2006 1965/3785/1813
f 2196/3788/2006 2143/3786/1969 2138/3789/1967
f 2196/3788/2006 2138/3789/1967 2135/3790/1964
f 2196/3788/2006 2135/3790/1964 2139/3791/1865
f 1965/3785/1813 2196/3788/2006 1969/3792/1817
f 1969/3792/1817 2196/3788/2006 2139/3791/1865
f 1965/3785/1813 1969/3792/1817 1966/3793/1814
f 1969/3792/1817 2139/3791/1865 1968/3794/1816
f 2144/3795/1970 2149/3796/1971 2097/3797/1929
f 2134/3798/1963 2141/3799/1952 2147/3800/1887
f 2147/3800/1887 2141/3799/1952 2142/3801/1968
f 2148/3802/1971 2197/3803/2007 2149/3804/1971
f 2197/3803/2007 2148/3802/1971 2146/3805/1971
f 2198/3806/2008 2199/3807/1887 2200/3808/2009
f 2199/3807/1887 2198/3806/2008 2166/3809/1985
f 2199/3807/1887 2166/3809/1985 2154/3810/1975
f 2198/3806/2008 2200/3808/2009 2190/3811/2003
f 2198/3806/2008 2190/3811/2003 1956/3812/1804
f 2190/3811/2003 2200/3808/2009 2188/3813/2002
f 2200/3808/2009 2199/3807/1887 2201/3814/2010
f 2201/3814/2010 2199/3807/1887 2154/3810/1975
f 2200/3808/2009 2201/3814/2010 2188/3813/2002
f 2201/3814/2010 2154/3810/1975 2153/3815/1971
f 2188/3813/2002 2201/3814/2010 2172/3816/1990
f 2201/3814/2010 2153/3815/1971 2131/3817/1961
f 2201/3814/2010 2131/3817/1961 2172/3816/1990
f 2097/3818/1929 2149/3819/1971 2202/3820/2011
f 2202/3820/2011 2149/3819/1971 2203/3821/2012
f 2203/3821/2012 2149/3819/1971 2197/3822/2007
f 2202/3820/2011 2203/3821/2012 2025/3823/1869
f 2202/3820/2011 2025/3823/1869 2097/3818/1929
f 2097/3818/1929 2025/3823/1869 2095/3824/1927
f 2142/3825/1968 2204/3826/2013 2146/3827/1971
f 2146/3827/1971 2204/3826/2013 2197/3828/2007
f 2194/3829/2005 2186/3830/2000 2142/3825/1968
f 2142/3825/1968 2186/3830/2000 2205/3831/2014
f 2142/3825/1968 2205/3831/2014 2204/3826/2013
f 2205/3831/2014 2186/3830/2000 2185/3832/1999
f 2197/3828/2007 2204/3826/2013 2206/3833/2015
f 2206/3833/2015 2204/3826/2013 2205/3831/2014
f 2206/3833/2015 2205/3831/2014 2185/3832/1999
f 2197/3828/2007 2206/3833/2015 2203/3834/2012
f 2206/3833/2015 2185/3832/1999 2184/3835/1998
f 2206/3833/2015 2184/3835/1998 2203/3834/2012
f 2203/3834/2012 2184/3835/1998 2025/3836/1869
f 2131/3837/1961 2153/3838/1971 2130/3839/1960
f 2123/3840/1954 2157/3841/1978 2122/3842/1953
f 2122/3842/1953 2157/3841/1978 2158/3843/1438
f 2122/3842/1953 2158/3843/1438 2119/3844/1950
f 2158/3843/1438 2157/3841/1978 2156/3845/1977
f 2006/3846/1852 2003/3847/1850 2116/3848/1947
f 2006/3846/1852 2116/3848/1947 2207/3849/2016
f 2207/3849/2016 2116/3848/1947 2208/3850/2017
f 2208/3850/2017 2116/3848/1947 2078/3851/1913
f 2208/3850/2017 2078/3851/1913 2080/3852/1915
f 2208/3850/2017 2080/3852/1915 2081/3853/1916
f 2208/3850/2017 2081/3853/1916 2207/3849/2016
f 2006/3846/1852 2207/3849/2016 2209/3854/2018
f 2209/3854/2018 2207/3849/2016 2210/3855/2019
f 2210/3855/2019 2207/3849/2016 2081/3853/1916
f 2006/3846/1852 2209/3854/2018 2211/3856/2020
f 2006/3846/1852 2211/3856/2020 2011/3857/1856
f 2209/3854/2018 2210/3855/2019 2212/3858/2021
f 2209/3854/2018 2212/3858/2021 2211/3856/2020
f 2210/3855/2019 2081/3853/1916 2213/3859/2022
f 2210/3855/2019 2213/3859/2022 2212/3858/2021
f 2212/3858/2021 2213/3859/2022 2214/3860/2023
f 2212/3858/2021 2214/3860/2023 2211/3856/2020
f 2214/3860/2023 2213/3859/2022 2215/3861/2024
f 2214/3860/2023 2215/3861/2024 2211/3856/2020
f 2215/3861/2024 2213/3859/2022 2081/3853/1916
f 2215/3861/2024 2081/3853/1916 2068/3862/1811
f 2068/3862/1811 2081/3853/1916 2071/3863/1887
f 2215/3861/2024 2068/3862/1811 2055/3864/1895
f 2211/3856/2020 2215/3861/2024 2216/3865/2025
f 2216/3865/2025 2215/3861/2024 2055/3864/1895
f 2211/3856/2020 2216/3865/2025 2217/3866/2026
f 2211/3856/2020 2217/3866/2026 2011/3857/1856
f 2216/3865/2025 2055/3864/1895 2218/3867/2027
f 2216/3865/2025 2218/3867/2027 2217/3866/2026
f 2218/3867/2027 2055/3864/1895 2056/3868/1896
f 2011/3857/1856 2217/3866/2026 2219/3869/2028
f 2011/3857/1856 2219/3869/2028 2056/3868/1896
f 2219/3869/2028 2217/3866/2026 2218/3867/2027
f 2219/3869/2028 2218/3867/2027 2056/3868/1896
f 2166/3870/1985 2198/3871/2008 2220/3872/2029
f 2166/3870/1985 2220/3872/2029 2161/3873/1981
f 2161/3873/1981 2220/3872/2029 2162/3874/1982
f 2119/3875/1950 2176/3876/1994 2120/3877/1951
f 2176/3876/1994 2119/3875/1950 2158/3878/1438
f 2220/3879/2029 2198/3880/2008 2221/3881/1918
f 2221/3881/1918 2198/3880/2008 1956/3882/1804
f 2221/3881/1918 1956/3882/1804 2220/3879/2029
f 2220/3879/2029 1956/3882/1804 2163/3883/1887
f 2220/3879/2029 2163/3883/1887 2162/3884/1982
f 2163/3883/1887 1956/3882/1804 1950/3885/1482
f 2163/3883/1887 1950/3885/1482 1947/3886/1482
f 2163/3883/1887 1947/3886/1482 1612/3887/1482
f 2163/3883/1887 1612/3887/1482 2164/3888/1983
f 2179/3889/1828 2222/3890/2030 2181/3891/1811
f 2181/3891/1811 2222/3890/2030 2025/3892/1869
f 2025/3892/1869 2222/3890/2030 2024/3893/1868
f 2222/3890/2030 2179/3889/1828 2158/3894/1438
f 2158/3894/1438 2179/3889/1828 2176/3895/1994
f 2024/3893/1868 2222/3890/2030 2223/3896/2031
f 2223/3896/2031 2222/3890/2030 2158/3894/1438
f 2223/3896/2031 2158/3894/1438 2076/3897/179
f 2223/3896/2031 2076/3897/179 2044/3898/1886
f 2223/3896/2031 2044/3898/1886 2043/3899/1885
f 2223/3896/2031 2043/3899/1885 1235/3900/1137
f 2018/3901/1863 2016/3902/1861 2083/3903/1918
f 2018/3901/1863 2083/3903/1918 2091/3904/1925
f 2018/3901/1863 2091/3904/1925 2088/3905/1922
f 2018/3901/1863 2088/3905/1922 2022/3906/1866
f 2177/3907/1904 2176/3908/1994 2179/3909/1828
f 2093/3910/1867 2023/3911/1867 2022/3912/1866
f 2020/3913/1865 2024/3914/1868 1444/3915/1326
f 1444/3915/1326 2024/3914/1868 2223/3916/2031
f 1444/3915/1326 2223/3916/2031 1235/3917/1137
f 1606/3918/1476 1607/3919/1477 1942/3920/1796
f 1942/3920/1796 1607/3919/1477 1612/3921/1482
f 2095/3922/1927 2025/3923/1869 2093/3924/1867
f 2093/3924/1867 2025/3923/1869 2023/3925/1867
